method,architecture_id,energy_kev,mean_of_training_seed_context_means,sd_across_training_seed_context_means,mean_context_sd_within_training_seed,training_seed_count,context_draws_per_seed,mc_passes_per_cell
Attentive CNP + PE,m2,500.0,0.38392335069179534,0.02711720468353095,0.0035442022050881893,3,10,50
Attentive CNP + PE,m2,501.0,0.37590540703137715,0.026955606536857333,0.003914144239489198,3,10,50
Attentive CNP + PE,m2,502.0,0.3688772811790308,0.012571119599184681,0.003890261775869526,3,10,50
Attentive CNP + PE,m2,503.0,0.37211168567339575,0.008063638556483394,0.003750339512428934,3,10,50
Attentive CNP + PE,m2,504.0,0.38973753027121233,0.019627935910289353,0.004150760204666862,3,10,50
Attentive CNP + PE,m2,505.0,0.38155052622159324,0.01553859626190636,0.003926175139274624,3,10,50
Attentive CNP + PE,m2,506.0,0.37244385172923405,0.0011611217947944392,0.0038803383032105874,3,10,50
Attentive CNP + PE,m2,507.0,0.37121234613656995,0.0009001295630735538,0.0036126725391668287,3,10,50
Attentive CNP + PE,m2,508.0,0.35240031822522483,0.0033155714222748984,0.003875463959004123,3,10,50
Attentive CNP + PE,m2,509.0,0.3205140155454477,0.019203418575995078,0.0032591185745340476,3,10,50
Attentive CNP + PE,m2,510.0,0.2713412119646867,0.022362400929228997,0.002597380932241021,3,10,50
Attentive CNP + PE,m2,511.0,0.23762506074706713,0.01673744166396805,0.0021743763418474054,3,10,50
Attentive CNP + PE,m2,512.0,0.2663780868848165,0.01421338575152897,0.0025040431274331153,3,10,50
Attentive CNP + PE,m2,513.0,0.2964513303538164,0.013537437932570413,0.00347969158842505,3,10,50
Attentive CNP + PE,m2,514.0,0.34636216258009284,0.008941880157563956,0.0038641534168903785,3,10,50
Attentive CNP + PE,m2,515.0,0.3669763111472131,0.006072528501513889,0.003935661164224909,3,10,50
Attentive CNP + PE,m2,516.0,0.368859141767025,0.007093300232316152,0.003587217757050555,3,10,50
Attentive CNP + PE,m2,517.0,0.37507383058468496,0.014389296801140754,0.0035638188300126743,3,10,50
Attentive CNP + PE,m2,518.0,0.33583955126007403,0.026971773606251637,0.003039050188817835,3,10,50
Attentive CNP + PE,m2,519.0,0.31762908617655433,0.03164643632948142,0.002922294765876489,3,10,50
Attentive CNP + PE,m2,520.0,0.3210689598421256,0.02630532681497998,0.002675647006141547,3,10,50
Attentive CNP + PE,m2,521.0,0.3524385464191437,0.02806861458888,0.0029269864364198637,3,10,50
Attentive CNP + PE,m2,522.0,0.37111523220936454,0.015782639336588477,0.0035464039262581297,3,10,50
Attentive CNP + PE,m2,523.0,0.39557387659947074,0.011229868021111183,0.003366533553208684,3,10,50
Attentive CNP + PE,m2,524.0,0.4037703037261963,0.01629396133955509,0.0036073035167380582,3,10,50
Attentive CNP + PE,m2,525.0,0.38164665530125297,0.031960895585088266,0.0036169405404805695,3,10,50
Attentive CNP + PE,m2,526.0,0.37716831527153655,0.03631632356003273,0.0033501624364812173,3,10,50
Attentive CNP + PE,m2,527.0,0.35487235212326046,0.01842224428130131,0.003237911095766372,3,10,50
Attentive CNP + PE,m2,528.0,0.32849524966875715,0.008071301306268262,0.003056449733900486,3,10,50
Attentive CNP + PE,m2,529.0,0.32741062220931055,0.015013863479027296,0.002999980735756169,3,10,50
Attentive CNP + PE,m2,530.0,0.3424642692704995,0.026351572159459196,0.0032902214848554126,3,10,50
Attentive CNP + PE,m2,531.0,0.3446331287225088,0.02255900393757529,0.0036994104947446677,3,10,50
Attentive CNP + PE,m2,532.0,0.329843486815691,0.012946010337194551,0.0033540042680437377,3,10,50
Attentive CNP + PE,m2,533.0,0.3611975619395574,0.008119239041292473,0.0037388010326568234,3,10,50
Attentive CNP + PE,m2,534.0,0.3908503807584444,0.012258748238261246,0.003988495175082595,3,10,50
Attentive CNP + PE,m2,535.0,0.404543306072553,0.011992672930649498,0.003722551556154497,3,10,50
Attentive CNP + PE,m2,536.0,0.3920524661540985,0.015436242919979947,0.0040195145997289905,3,10,50
Attentive CNP + PE,m2,537.0,0.3632176303068797,0.01151947243422677,0.003882963267611877,3,10,50
Attentive CNP + PE,m2,538.0,0.32684831169247625,0.018559139233055157,0.0034729450532611037,3,10,50
Attentive CNP + PE,m2,539.0,0.3188695453008016,0.010221852634792871,0.003335072073334463,3,10,50
Attentive CNP + PE,m2,540.0,0.34686411776145293,0.015034983601669143,0.00291071910369557,3,10,50
Attentive CNP + PE,m2,541.0,0.37190117344260215,0.014749525234266089,0.003537276441644484,3,10,50
Attentive CNP + PE,m2,542.0,0.3787358647584915,0.010411622988502183,0.003704431134816831,3,10,50
Attentive CNP + PE,m2,543.0,0.37544340850909547,0.004336136053268614,0.0033877277217275424,3,10,50
Attentive CNP + PE,m2,544.0,0.35321197794874504,0.019273882083968713,0.0032269931565259854,3,10,50
Attentive CNP + PE,m2,545.0,0.32934257621566454,0.007407887119334047,0.0031871310320090384,3,10,50
Attentive CNP + PE,m2,546.0,0.31488422048091885,0.01941991320899169,0.0029757604972375823,3,10,50
Attentive CNP + PE,m2,547.0,0.2871449590524038,0.031540437479297204,0.002995043544205033,3,10,50
Attentive CNP + PE,m2,548.0,0.3077425258855025,0.019509356582071233,0.0033820387706083098,3,10,50
Attentive CNP + PE,m2,549.0,0.3431917170981566,0.02577112221012676,0.0034815372457526472,3,10,50
Attentive CNP + PE,m2,550.0,0.3478711955447992,0.0327916891342156,0.0038560631375368234,3,10,50
Attentive CNP + PE,m2,551.0,0.31598626374204947,0.03348490735223599,0.0037255323415173146,3,10,50
Attentive CNP + PE,m2,552.0,0.32076334138711293,0.022436454473329318,0.0038016657635512566,3,10,50
Attentive CNP + PE,m2,553.0,0.33882465422153474,0.023736595421501007,0.003973547448928236,3,10,50
Attentive CNP + PE,m2,554.0,0.35422983651359874,0.022843237094200854,0.004095128779528179,3,10,50
Attentive CNP + PE,m2,555.0,0.3374913069009781,0.009322783754586754,0.00348326461763449,3,10,50
Attentive CNP + PE,m2,556.0,0.31728541739781696,0.024730457778160696,0.003101346148377569,3,10,50
Attentive CNP + PE,m2,557.0,0.3164371310770511,0.006638023461736197,0.0033561103957868536,3,10,50
Attentive CNP + PE,m2,558.0,0.315979228725036,0.020292885664708653,0.0031900405454229606,3,10,50
Attentive CNP + PE,m2,559.0,0.34240424642960227,0.02748054246546797,0.0030385386015623615,3,10,50
Attentive CNP + PE,m2,560.0,0.36210029031833013,0.01738837881054203,0.0033813819983989067,3,10,50
Attentive CNP + PE,m2,561.0,0.37566643857955934,0.015897767733242127,0.0034554111368958786,3,10,50
Attentive CNP + PE,m2,562.0,0.34756288083394365,0.011869094969246945,0.0035162546346038923,3,10,50
Attentive CNP + PE,m2,563.0,0.32641749709844586,0.02409473315142603,0.003219324903395073,3,10,50
Attentive CNP + PE,m2,564.0,0.32665636656681696,0.03351616778353315,0.0032207542150051918,3,10,50
Attentive CNP + PE,m2,565.0,0.3249792022903761,0.022591374044588917,0.00311530452024932,3,10,50
Attentive CNP + PE,m2,566.0,0.29927329551180204,0.024241946682152897,0.0032099528477684248,3,10,50
Attentive CNP + PE,m2,567.0,0.2779804715613524,0.009510946471120796,0.0031224423540364196,3,10,50
Attentive CNP + PE,m2,568.0,0.2860017064710458,0.009328578381505005,0.003228963585758651,3,10,50
Attentive CNP + PE,m2,569.0,0.3007110216021538,0.007296286139133043,0.003318754536828792,3,10,50
Attentive CNP + PE,m2,570.0,0.32210366869966195,0.02823384426660629,0.00326038469686088,3,10,50
Attentive CNP + PE,m2,571.0,0.32358813139796255,0.013172649824356264,0.0034936964186477563,3,10,50
Attentive CNP + PE,m2,572.0,0.3589507862230142,0.026864932510372082,0.00391274565650783,3,10,50
Attentive CNP + PE,m2,573.0,0.3816044225692749,0.029438535290926608,0.004559727349371196,3,10,50
Attentive CNP + PE,m2,574.0,0.3837835472424825,0.021509434631990454,0.004181680523768789,3,10,50
Attentive CNP + PE,m2,575.0,0.3800908822913965,0.024863606965472584,0.003622635298666929,3,10,50
Attentive CNP + PE,m2,576.0,0.40276808257897695,0.023669525048943596,0.0032781953076893734,3,10,50
Attentive CNP + PE,m2,577.0,0.40436316041151676,0.020140464289155682,0.003622271494873056,3,10,50
Attentive CNP + PE,m2,578.0,0.3794681142369906,0.017595496523580712,0.003336893677706541,3,10,50
Attentive CNP + PE,m2,579.0,0.3611586025257905,0.011066455683312052,0.0032017200940126617,3,10,50
Attentive CNP + PE,m2,580.0,0.3449830618103345,0.017889335205866295,0.002959263868446135,3,10,50
Attentive CNP + PE,m2,581.0,0.29565642049908636,0.018653446956512026,0.0028593820821618044,3,10,50
Attentive CNP + PE,m2,582.0,0.24194690219064552,0.014046294017292614,0.0022902906696159113,3,10,50
Attentive CNP + PE,m2,583.0,0.2600551537623008,0.016581449439356067,0.002736043403382313,3,10,50
Attentive CNP + PE,m2,584.0,0.2807760259211063,0.025949740084282157,0.0025788264682996957,3,10,50
Attentive CNP + PE,m2,585.0,0.3316804089943568,0.03044424993788902,0.0029984507982568124,3,10,50
Attentive CNP + PE,m2,586.0,0.3549299306670825,0.029567183768096555,0.0033698051605781858,3,10,50
Attentive CNP + PE,m2,587.0,0.35281475414832436,0.030581986558996337,0.0033843733257951716,3,10,50
Attentive CNP + PE,m2,588.0,0.35355715295672424,0.03606882677071402,0.0030681029181764143,3,10,50
Attentive CNP + PE,m2,589.0,0.35653169510761895,0.04247974721465699,0.002995799332046696,3,10,50
Attentive CNP + PE,m2,590.0,0.36091376475493114,0.05245641665470841,0.003023633803177755,3,10,50
Attentive CNP + PE,m2,591.0,0.35682797733942667,0.029462400234265253,0.003170905813767179,3,10,50
Attentive CNP + PE,m2,592.0,0.3638984554409981,0.009018577278600025,0.003603547115914607,3,10,50
Attentive CNP + PE,m2,593.0,0.38339808823664984,0.01653249707335635,0.0037650759925608062,3,10,50
Attentive CNP + PE,m2,594.0,0.3922115005254745,0.02468801274301627,0.0038249251196649744,3,10,50
Attentive CNP + PE,m2,595.0,0.4075703588525454,0.03361218504380323,0.003990215067891383,3,10,50
Attentive CNP + PE,m2,596.0,0.37684741957982376,0.03494763215729548,0.00335297120500069,3,10,50
Attentive CNP + PE,m2,597.0,0.33772320071856177,0.021805657107627933,0.002958507903061947,3,10,50
Attentive CNP + PE,m2,598.0,0.32496718479196224,0.018135674977932562,0.0034857436899316425,3,10,50
Attentive CNP + PE,m2,599.0,0.3425409637689591,0.02353193649810322,0.003760678305998171,3,10,50
Attentive CNP + PE,m2,600.0,0.37227334745725,0.031072474764750405,0.0034877243564139706,3,10,50
Attentive CNP + PE,m2,601.0,0.3656439216633638,0.0319957381147151,0.0035033120561752348,3,10,50
Attentive CNP + PE,m2,602.0,0.36952113204201065,0.019761944367472636,0.0037343467631284905,3,10,50
Attentive CNP + PE,m2,603.0,0.39342874556779855,0.010269855449097328,0.003650816127568502,3,10,50
Attentive CNP + PE,m2,604.0,0.412548586944739,0.02806506219625547,0.003397931128757791,3,10,50
Attentive CNP + PE,m2,605.0,0.4020251792669296,0.029427395627025833,0.0038719543533751286,3,10,50
Attentive CNP + PE,m2,606.0,0.368251918643713,0.022337347831160717,0.003795921154707562,3,10,50
Attentive CNP + PE,m2,607.0,0.3414882252116998,0.015928921083097954,0.003745243758418058,3,10,50
Attentive CNP + PE,m2,608.0,0.3376032297213872,0.029027888640667434,0.003326807785238114,3,10,50
Attentive CNP + PE,m2,609.0,0.378090741554896,0.02807932976429018,0.0035946990268013444,3,10,50
Attentive CNP + PE,m2,610.0,0.4044968804717064,0.03264284871268628,0.0035967580273306974,3,10,50
Attentive CNP + PE,m2,611.0,0.40232571083307267,0.01000620758684759,0.004032373987440806,3,10,50
Attentive CNP + PE,m2,612.0,0.3877455004652342,0.015385680520447429,0.003976233285136109,3,10,50
Attentive CNP + PE,m2,613.0,0.37112077655394876,0.006859441302465976,0.003664545380175646,3,10,50
Attentive CNP + PE,m2,614.0,0.35682398923238123,0.0018677921622164764,0.004259525115359936,3,10,50
Attentive CNP + PE,m2,615.0,0.37674399542808534,0.03196126101735362,0.003927108522824724,3,10,50
Attentive CNP + PE,m2,616.0,0.347556982477506,0.029184860538894467,0.003330907281438691,3,10,50
Attentive CNP + PE,m2,617.0,0.3140646076599756,0.013800903431254079,0.0032298833872180244,3,10,50
Attentive CNP + PE,m2,618.0,0.3419941575626533,0.022037868763795456,0.00323165207571535,3,10,50
Attentive CNP + PE,m2,619.0,0.3920722699364026,0.03473377086323868,0.003373158112182863,3,10,50
Attentive CNP + PE,m2,620.0,0.42123396332065255,0.04629562522166676,0.0033381016059056134,3,10,50
Attentive CNP + PE,m2,621.0,0.4037123081088066,0.02997742867895524,0.0032416607259795507,3,10,50
Attentive CNP + PE,m2,622.0,0.3877178056240081,0.021905078807035305,0.0029220284226786856,3,10,50
Attentive CNP + PE,m2,623.0,0.38003555938601496,0.03104177914001276,0.003224242937875228,3,10,50
Attentive CNP + PE,m2,624.0,0.3710634837249915,0.038649605297854744,0.0035697659428924225,3,10,50
Attentive CNP + PE,m2,625.0,0.31487749009827776,0.05437669514020585,0.0037720651953486663,3,10,50
Attentive CNP + PE,m2,626.0,0.3011021390259266,0.05208050489330704,0.003588648779732175,3,10,50
Attentive CNP + PE,m2,627.0,0.33337247555454574,0.036696465940225305,0.0038180265006969062,3,10,50
Attentive CNP + PE,m2,628.0,0.3849308007558187,0.04401916727144406,0.003705377128019513,3,10,50
Attentive CNP + PE,m2,629.0,0.41125691932439806,0.027773860359615144,0.003718758294744115,3,10,50
Attentive CNP + PE,m2,630.0,0.41078020977973934,0.020578382908639566,0.0037665304061022717,3,10,50
Attentive CNP + PE,m2,631.0,0.3983369430104892,0.01312477926161787,0.004260644304679952,3,10,50
Attentive CNP + PE,m2,632.0,0.4022161012689273,0.021454399749024116,0.004502124861889931,3,10,50
Attentive CNP + PE,m2,633.0,0.41002049126227696,0.025988777077626205,0.004163844219817536,3,10,50
Attentive CNP + PE,m2,634.0,0.38150321536262827,0.024363627027081346,0.004114803555975928,3,10,50
Attentive CNP + PE,m2,635.0,0.3620984943509102,0.01330957672699409,0.004321432283916114,3,10,50
Attentive CNP + PE,m2,636.0,0.39664936333894724,0.008841258155374006,0.0038769882091568317,3,10,50
Attentive CNP + PE,m2,637.0,0.46236117156346634,0.03826671808645993,0.00425016625724286,3,10,50
Attentive CNP + PE,m2,638.0,0.5145266368190448,0.04654943195125787,0.004075063144827914,3,10,50
Attentive CNP + PE,m2,639.0,0.5022916650176049,0.023908194636793383,0.004382771519991818,3,10,50
Attentive CNP + PE,m2,640.0,0.4790300953388214,0.0112860707443035,0.0042195557183053916,3,10,50
Attentive CNP + PE,m2,641.0,0.45305402410030365,0.03959412355369536,0.003958141397706247,3,10,50
Attentive CNP + PE,m2,642.0,0.43485243517160416,0.04480509754750645,0.004182306361089153,3,10,50
Attentive CNP + PE,m2,643.0,0.43578711618979776,0.03522843171219381,0.0043095895511387206,3,10,50
Attentive CNP + PE,m2,644.0,0.39945050076643623,0.02040401353225382,0.004607982665779431,3,10,50
Attentive CNP + PE,m2,645.0,0.38418047650655107,0.018788398980439967,0.004025947576691002,3,10,50
Attentive CNP + PE,m2,646.0,0.3824067246119182,0.008143331470487578,0.003908332444195371,3,10,50
Attentive CNP + PE,m2,647.0,0.3560940231482188,0.026104533689788413,0.003850322298875483,3,10,50
Attentive CNP + PE,m2,648.0,0.37228029944499336,0.016900562643407325,0.0034903882324706734,3,10,50
Attentive CNP + PE,m2,649.0,0.423239792962869,0.01937341758497125,0.003958521152314445,3,10,50
Attentive CNP + PE,m2,650.0,0.410384801487128,0.01211409205433555,0.004000341396463935,3,10,50
Attentive CNP + PE,m2,651.0,0.3968766904671987,0.023699647658272635,0.004008233484385415,3,10,50
Attentive CNP + PE,m2,652.0,0.3966386978626251,0.02495987773852519,0.004131381387165092,3,10,50
Attentive CNP + PE,m2,653.0,0.4072526214321454,0.017975673472953375,0.003711511764821897,3,10,50
Attentive CNP + PE,m2,654.0,0.40181971774498626,0.021764928779653372,0.003707996754940082,3,10,50
Attentive CNP + PE,m2,655.0,0.37406172322233516,0.010616135747291377,0.0037120034707195057,3,10,50
Attentive CNP + PE,m2,656.0,0.36967733480532966,0.03299225162523885,0.0033719538801095044,3,10,50
Attentive CNP + PE,m2,657.0,0.3832656245728334,0.04345006316934966,0.0034996612974550006,3,10,50
Attentive CNP + PE,m2,658.0,0.4184383821487427,0.05640076929618717,0.003897014638074558,3,10,50
Attentive CNP + PE,m2,659.0,0.4278412799239158,0.052528664541088885,0.0037330627748760905,3,10,50
Attentive CNP + PE,m2,660.0,0.43851532129446663,0.05263961073646335,0.003953332500439496,3,10,50
Attentive CNP + PE,m2,661.0,0.44211461204290387,0.047684607011363865,0.0038130549319919955,3,10,50
Attentive CNP + PE,m2,662.0,0.40432257972160973,0.042987981059479735,0.0036761521997069175,3,10,50
Attentive CNP + PE,m2,663.0,0.3530933430194854,0.010572751458574147,0.003671651932209944,3,10,50
Attentive CNP + PE,m2,664.0,0.3066570593516032,0.012259260673907021,0.003874783048003151,3,10,50
Attentive CNP + PE,m2,665.0,0.303563754906257,0.02117042372777985,0.0037326471189487198,3,10,50
Attentive CNP + PE,m2,666.0,0.30124970808625223,0.02702305125225083,0.003510908526907277,3,10,50
Attentive CNP + PE,m2,667.0,0.2952001968721549,0.03263511521979113,0.003021317498604483,3,10,50
Attentive CNP + PE,m2,668.0,0.31344401586055753,0.016992091820155996,0.003346980073644384,3,10,50
Attentive CNP + PE,m2,669.0,0.32439348330100376,0.01154563080652522,0.003489071098254117,3,10,50
Attentive CNP + PE,m2,670.0,0.3495722571412722,0.009249451383216117,0.003729190145880003,3,10,50
Attentive CNP + PE,m2,671.0,0.3729668242931366,0.013795637463409383,0.003613936846669776,3,10,50
Attentive CNP + PE,m2,672.0,0.37483445514241853,0.015377790025802127,0.003766129684505634,3,10,50
Attentive CNP + PE,m2,673.0,0.35928315810362504,0.005410355070170507,0.003579243173423998,3,10,50
Attentive CNP + PE,m2,674.0,0.321373377819856,0.03308642339722647,0.003405106786273034,3,10,50
Attentive CNP + PE,m2,675.0,0.3175633237163226,0.03593168377323421,0.003385486835257642,3,10,50
Attentive CNP + PE,m2,676.0,0.3530300966699918,0.02050080893952125,0.0032568275392395045,3,10,50
Attentive CNP + PE,m2,677.0,0.41389693663517635,0.023736321930116964,0.0034151392013647905,3,10,50
Attentive CNP + PE,m2,678.0,0.44628776894013084,0.03601428350328807,0.0037926466267055267,3,10,50
Attentive CNP + PE,m2,679.0,0.4436687199870746,0.024524873836435007,0.0037177805967654027,3,10,50
Attentive CNP + PE,m2,680.0,0.41719199373324706,0.0330883527379147,0.004249991182688294,3,10,50
Attentive CNP + PE,m2,681.0,0.388151007493337,0.04231483552019211,0.003615697680176616,3,10,50
Attentive CNP + PE,m2,682.0,0.3734477172692617,0.02706961943810988,0.0034706587839439143,3,10,50
Attentive CNP + PE,m2,683.0,0.35464156695206955,0.011441753836567373,0.0034375700689099815,3,10,50
Attentive CNP + PE,m2,684.0,0.33681155271331464,0.009089351575731458,0.0033465598896730148,3,10,50
Attentive CNP + PE,m2,685.0,0.3416234233677387,0.007940006839427336,0.003528762857897667,3,10,50
Attentive CNP + PE,m2,686.0,0.3671729822854201,0.028118684322529716,0.0038808347372898274,3,10,50
Attentive CNP + PE,m2,687.0,0.3641513821681341,0.015265127939762183,0.0037103221763549812,3,10,50
Attentive CNP + PE,m2,688.0,0.33155019756158194,0.03487153069472993,0.0036690768780845637,3,10,50
Attentive CNP + PE,m2,689.0,0.3211716647942861,0.027411696216184903,0.0035514897674842547,3,10,50
Attentive CNP + PE,m2,690.0,0.36021673532327014,0.034659861489367304,0.004173498309284613,3,10,50
Attentive CNP + PE,m2,691.0,0.3752658281723658,0.02541092330978424,0.003890156752628578,3,10,50
Attentive CNP + PE,m2,692.0,0.3944012521505356,0.014402277548226651,0.003851667698848859,3,10,50
Attentive CNP + PE,m2,693.0,0.36499257415533065,0.023139381506446392,0.003312140512930927,3,10,50
Attentive CNP + PE,m2,694.0,0.2757242360164722,0.01563219622290093,0.0028252866648695346,3,10,50
Attentive CNP + PE,m2,695.0,0.26816756635407607,0.022187794908147363,0.0027838405937345104,3,10,50
Attentive CNP + PE,m2,696.0,0.3433240041087071,0.03166390542465105,0.003402938334530597,3,10,50
Attentive CNP + PE,m2,697.0,0.4323670434256395,0.009449735969575301,0.003995823201449453,3,10,50
Attentive CNP + PE,m2,698.0,0.48553305896123256,0.050532578294396426,0.0037658607027402226,3,10,50
Attentive CNP + PE,m2,699.0,0.4238471543292204,0.022360453091839285,0.003805768281226403,3,10,50
Attentive CNP + PE,m2,700.0,0.365144534577926,0.03313056962183101,0.0033265076099156855,3,10,50
Attentive CNP + PE,m2,701.0,0.29786171592275307,0.04750028478887069,0.0028331665182538927,3,10,50
Attentive CNP + PE,m2,702.0,0.2806055102447669,0.033892466716338776,0.0026007392080599646,3,10,50
Attentive CNP + PE,m2,703.0,0.3300704954862595,0.043536869577487834,0.003220354148040371,3,10,50
Attentive CNP + PE,m2,704.0,0.3504800531963507,0.04561682342033974,0.0035462173313579788,3,10,50
Attentive CNP + PE,m2,705.0,0.41604997676610944,0.05354734562188554,0.004463456888546731,3,10,50
Attentive CNP + PE,m2,706.0,0.4527342714071274,0.04527727885128255,0.0054328199988205395,3,10,50
Attentive CNP + PE,m2,707.0,0.44846468869845074,0.03735445182210043,0.005431508563844966,3,10,50
Attentive CNP + PE,m2,708.0,0.4077401588161786,0.02779770814121706,0.004509537017107698,3,10,50
Attentive CNP + PE,m2,709.0,0.339182662854592,0.017143499238291657,0.0038022592117089096,3,10,50
Attentive CNP + PE,m2,710.0,0.34166310294469193,0.0074791541241263585,0.0033828699508858108,3,10,50
Attentive CNP + PE,m2,711.0,0.3109104429781437,0.006423203589534497,0.002864805965320412,3,10,50
Attentive CNP + PE,m2,712.0,0.3075571811596553,0.013712702470924825,0.002719246145221041,3,10,50
Attentive CNP + PE,m2,713.0,0.34398858105142915,0.01389848653946738,0.003189971327052513,3,10,50
Attentive CNP + PE,m2,714.0,0.35445011220375705,0.012083642923663295,0.003465508340880197,3,10,50
Attentive CNP + PE,m2,715.0,0.3813511533041795,0.024607514993797746,0.004059074120642258,3,10,50
Attentive CNP + PE,m2,716.0,0.42061161073048914,0.0338818290528079,0.004324579642541625,3,10,50
Attentive CNP + PE,m2,717.0,0.4337662104566892,0.035845102571182993,0.004231793766727655,3,10,50
Attentive CNP + PE,m2,718.0,0.42197298252582544,0.047673701037768926,0.0043512845630296485,3,10,50
Attentive CNP + PE,m2,719.0,0.3666367831528186,0.03893603286242724,0.0039938923386571715,3,10,50
Attentive CNP + PE,m2,720.0,0.3600464287002882,0.05295416916755383,0.003551216008872652,3,10,50
Attentive CNP + PE,m2,721.0,0.35255012139678005,0.03936666413795915,0.0032546641994287973,3,10,50
Attentive CNP + PE,m2,722.0,0.3533431544899941,0.005723088628901891,0.003407802994713334,3,10,50
Attentive CNP + PE,m2,723.0,0.3656385939419269,0.01896469143048551,0.0033981873319947863,3,10,50
Attentive CNP + PE,m2,724.0,0.34642304365833604,0.01706549719064212,0.0036828874059079753,3,10,50
Attentive CNP + PE,m2,725.0,0.3243362191319466,0.009340210523970964,0.0037051702800535526,3,10,50
Attentive CNP + PE,m2,726.0,0.26007277122636635,0.03608147861964591,0.0029366395967627286,3,10,50
Attentive CNP + PE,m2,727.0,0.18241492742300033,0.010383764875053261,0.0021660213777293194,3,10,50
Attentive CNP + PE,m2,728.0,0.24900274338324865,0.017493343532579343,0.0029328695353519965,3,10,50
Attentive CNP + PE,m2,729.0,0.35795781553785005,0.03420360112972334,0.0041584128854847205,3,10,50
Attentive CNP + PE,m2,730.0,0.38840067494908964,0.03749981966354294,0.004293311987419771,3,10,50
Attentive CNP + PE,m2,731.0,0.4057216656406721,0.029557301988474692,0.0036107953016675594,3,10,50
Attentive CNP + PE,m2,732.0,0.43073518961668017,0.025328395771623623,0.003428175443932048,3,10,50
Attentive CNP + PE,m2,733.0,0.44487376141548163,0.007159807714800238,0.003379243012483112,3,10,50
Attentive CNP + PE,m2,734.0,0.43700384644667306,0.012562542869356676,0.0029962294973693644,3,10,50
Attentive CNP + PE,m2,735.0,0.422767828643322,0.018752251283449317,0.0033913587292759514,3,10,50
Attentive CNP + PE,m2,736.0,0.40918239623308184,0.025669595885923113,0.0030688263717441547,3,10,50
Attentive CNP + PE,m2,737.0,0.3911548168460528,0.014760935614894607,0.003322690864309761,3,10,50
Attentive CNP + PE,m2,738.0,0.3783295830388864,0.016428699037669622,0.003488580629992303,3,10,50
Attentive CNP + PE,m2,739.0,0.4073355067968369,0.02301059046331007,0.0037479161287735704,3,10,50
Attentive CNP + PE,m2,740.0,0.4146715319951375,0.04311504755252472,0.0040411087805555905,3,10,50
Attentive CNP + PE,m2,741.0,0.39057467754681907,0.04605702656976284,0.0037693646300759067,3,10,50
Attentive CNP + PE,m2,742.0,0.39490440126260123,0.0357469259773857,0.0036027471865203047,3,10,50
Attentive CNP + PE,m2,743.0,0.3945110617876053,0.01955959723078159,0.0036797107452573932,3,10,50
Attentive CNP + PE,m2,744.0,0.3941217864553134,0.015554267667474747,0.0036314864236338886,3,10,50
Attentive CNP + PE,m2,745.0,0.41425570700565967,0.04677407308181096,0.003820763425610517,3,10,50
Attentive CNP + PE,m2,746.0,0.40200732629497843,0.05758660135562016,0.0036442410795901985,3,10,50
Attentive CNP + PE,m2,747.0,0.3388875241577625,0.04462206878877421,0.003345848302155474,3,10,50
Attentive CNP + PE,m2,748.0,0.32706432746847475,0.005690780937530231,0.00363316897633187,3,10,50
Attentive CNP + PE,m2,749.0,0.38276283677419026,0.014746576069266134,0.00416526996735911,3,10,50
Attentive CNP + PE,m2,750.0,0.4025288086732228,0.027835332019716934,0.003900111070915254,3,10,50
Attentive CNP + PE,m2,751.0,0.4255073213775953,0.022460901440430222,0.0035857657869300956,3,10,50
Attentive CNP + PE,m2,752.0,0.4665564553538959,0.0004730937534946808,0.0040346143795657536,3,10,50
Attentive CNP + PE,m2,753.0,0.4672043992280961,0.020153858362321305,0.004069369180466976,3,10,50
Attentive CNP + PE,m2,754.0,0.4793082088232041,0.012946069086819207,0.0042529555726828734,3,10,50
Attentive CNP + PE,m2,755.0,0.5113054711818695,0.02163063608162111,0.004581794522776105,3,10,50
Attentive CNP + PE,m2,756.0,0.5294702014128366,0.04278682374106497,0.004488683128231151,3,10,50
Attentive CNP + PE,m2,757.0,0.4950565918286642,0.019552347659225016,0.004409376972379129,3,10,50
Attentive CNP + PE,m2,758.0,0.42633304411172873,0.006155178640830789,0.004298789428956218,3,10,50
Attentive CNP + PE,m2,759.0,0.38075991083184885,0.036329533707799906,0.004470568885459745,3,10,50
Attentive CNP + PE,m2,760.0,0.3700456062455972,0.050447073132886065,0.0036965076403080396,3,10,50
Attentive CNP + PE,m2,761.0,0.343137181242307,0.04484400694459929,0.0034266972867960832,3,10,50
Attentive CNP + PE,m2,762.0,0.3402809965908527,0.0005293898947247672,0.0033765441365253245,3,10,50
Attentive CNP + PE,m2,763.0,0.3419553227523963,0.02075342995696837,0.003614174005414233,3,10,50
Attentive CNP + PE,m2,764.0,0.33024207623799645,0.023258657225424136,0.003316410797017101,3,10,50
Attentive CNP + PE,m2,765.0,0.3113364129563173,0.042646039344913164,0.0032056291331004037,3,10,50
Attentive CNP + PE,m2,766.0,0.27642106750110784,0.034601145813515394,0.003347891762398039,3,10,50
Attentive CNP + PE,m2,767.0,0.3697409173548221,0.03033648597312024,0.0034610543450973447,3,10,50
Attentive CNP + PE,m2,768.0,0.4197540241678556,0.047487923161843165,0.004622901739611618,3,10,50
Attentive CNP + PE,m2,769.0,0.4078736281792323,0.040368111405925354,0.004914705329102762,3,10,50
Attentive CNP + PE,m2,770.0,0.414405316144228,0.02935802780156848,0.005046734565616402,3,10,50
Attentive CNP + PE,m2,771.0,0.4335748858849207,0.02074710392256865,0.004379351154860205,3,10,50
Attentive CNP + PE,m2,772.0,0.45074215094248454,0.02703279923790531,0.0037167101627855036,3,10,50
Attentive CNP + PE,m2,773.0,0.4087510915994644,0.027359602127101614,0.003719894662224249,3,10,50
Attentive CNP + PE,m2,774.0,0.3720463582177957,0.02243429762490377,0.0036406408396872834,3,10,50
Attentive CNP + PE,m2,775.0,0.3548641007741293,0.01826930364448207,0.003279942456088937,3,10,50
Attentive CNP + PE,m2,776.0,0.3195361701846123,0.038946749099511686,0.0033457139037436612,3,10,50
Attentive CNP + PE,m2,777.0,0.32003000742197035,0.025029793238957362,0.003383795751849285,3,10,50
Attentive CNP + PE,m2,778.0,0.37781045999129614,0.04343801691384876,0.0034317813949366997,3,10,50
Attentive CNP + PE,m2,779.0,0.42846375387907026,0.056787901208888575,0.003621692168407426,3,10,50
Attentive CNP + PE,m2,780.0,0.43679109205802275,0.03386495060715766,0.0034206434252151267,3,10,50
Attentive CNP + PE,m2,781.0,0.40748783711592357,0.007887328510879567,0.003739574698071615,3,10,50
Attentive CNP + PE,m2,782.0,0.3745041119257609,0.018217797683116252,0.003666816778015325,3,10,50
Attentive CNP + PE,m2,783.0,0.3609606492420037,0.04223150466433286,0.0037196224658447986,3,10,50
Attentive CNP + PE,m2,784.0,0.35025141872962323,0.04329990803344967,0.0034924196767167834,3,10,50
Attentive CNP + PE,m2,785.0,0.3296794315775236,0.025849495282827786,0.003182335677856011,3,10,50
Attentive CNP + PE,m2,786.0,0.28825036796927456,0.028184336367435548,0.00293686494329203,3,10,50
Attentive CNP + PE,m2,787.0,0.3242972933550676,0.018240826508383615,0.003495188518070751,3,10,50
Attentive CNP + PE,m2,788.0,0.34204416779677077,0.043727735704123694,0.0038811815084587114,3,10,50
Attentive CNP + PE,m2,789.0,0.36235453063249584,0.043351308745617524,0.003956705736459627,3,10,50
Attentive CNP + PE,m2,790.0,0.3768168828785419,0.021344169441353512,0.003628701350790379,3,10,50
Attentive CNP + PE,m2,791.0,0.3942398012479147,0.02277222729213465,0.0038106015741960378,3,10,50
Attentive CNP + PE,m2,792.0,0.4115966747204463,0.024368033814675477,0.004131975469885386,3,10,50
Attentive CNP + PE,m2,793.0,0.4193754760225614,0.02836261223461905,0.004682625317577373,3,10,50
Attentive CNP + PE,m2,794.0,0.4345037278334299,0.031116397111360775,0.0045401545489628554,3,10,50
Attentive CNP + PE,m2,795.0,0.43609992065032327,0.023411040221710498,0.004220631362334504,3,10,50
Attentive CNP + PE,m2,796.0,0.404245905905962,0.011444105071389083,0.00446265032950652,3,10,50
Attentive CNP + PE,m2,797.0,0.3760164238413175,0.029086427792512817,0.004242046911811622,3,10,50
Attentive CNP + PE,m2,798.0,0.36806002697348594,0.009809591040216276,0.004460624783521803,3,10,50
Attentive CNP + PE,m2,799.0,0.39040202118953066,0.009863847648502068,0.0045980369693528235,3,10,50
Attentive CNP + PE,m2,800.0,0.42236639479796095,0.004797377579655964,0.00450486128237626,3,10,50
Attentive CNP + PE,m2,801.0,0.4620801570018132,0.0042086424152080245,0.004628590668332774,3,10,50
Attentive CNP + PE,m2,802.0,0.46702594435215,0.02882002786567528,0.004667882280741627,3,10,50
Attentive CNP + PE,m2,803.0,0.44488903655608497,0.04415285418082125,0.004228173474775692,3,10,50
Attentive CNP + PE,m2,804.0,0.4109836777846018,0.020866002488160573,0.0035611726499613417,3,10,50
Attentive CNP + PE,m2,805.0,0.3897904832164447,0.033162854362803106,0.003389088963782372,3,10,50
Attentive CNP + PE,m2,806.0,0.36101811483502394,0.016105795949755978,0.003978681549358627,3,10,50
Attentive CNP + PE,m2,807.0,0.33532640814781195,0.027182938945676843,0.004378187305912568,3,10,50
Attentive CNP + PE,m2,808.0,0.3354489044845104,0.04613179925384802,0.005029184138075997,3,10,50
Attentive CNP + PE,m2,809.0,0.36908316227793697,0.05376606118674675,0.004820708602373429,3,10,50
Attentive CNP + PE,m2,810.0,0.4459989817539851,0.028719907102570323,0.00509666911896368,3,10,50
Attentive CNP + PE,m2,811.0,0.5077128516634306,0.024511625454898007,0.004795998305415835,3,10,50
Attentive CNP + PE,m2,812.0,0.4861397891839345,0.026580600781444936,0.004560114652994046,3,10,50
Attentive CNP + PE,m2,813.0,0.44509158321221665,0.014284409555571682,0.004079264155180698,3,10,50
Attentive CNP + PE,m2,814.0,0.40473219106594716,0.03012434982309831,0.0038637976036917515,3,10,50
Attentive CNP + PE,m2,815.0,0.3772001392046611,0.017679842202625036,0.004214415573275228,3,10,50
Attentive CNP + PE,m2,816.0,0.3760149514079094,0.004536503030054555,0.004282445507040804,3,10,50
Attentive CNP + PE,m2,817.0,0.4150019658207893,0.008192770411289227,0.004949841903275318,3,10,50
Attentive CNP + PE,m2,818.0,0.477581457277139,0.025541969984647053,0.005063701974491469,3,10,50
Attentive CNP + PE,m2,819.0,0.513099236090978,0.01742544504815471,0.0044615900119653155,3,10,50
Attentive CNP + PE,m2,820.0,0.5038285951813062,0.010873842230360706,0.004243604158336069,3,10,50
Attentive CNP + PE,m2,821.0,0.4733211627006531,0.010546949524302377,0.00390682063791798,3,10,50
Attentive CNP + PE,m2,822.0,0.42609896113475165,0.026104474197215777,0.003612477002064978,3,10,50
Attentive CNP + PE,m2,823.0,0.3860147412618001,0.046991408745301395,0.0034978297301906675,3,10,50
Attentive CNP + PE,m2,824.0,0.4002656812667847,0.03155547074970248,0.003300727461948555,3,10,50
Attentive CNP + PE,m2,825.0,0.40454068287213646,0.03061086988645684,0.0030567116853119536,3,10,50
Attentive CNP + PE,m2,826.0,0.4164802851080894,0.029013334772462925,0.003876392333154668,3,10,50
Attentive CNP + PE,m2,827.0,0.42489704130093253,0.014892971224167714,0.004090990448228859,3,10,50
Attentive CNP + PE,m2,828.0,0.43318962955474855,0.00759448503231327,0.0046454896314947125,3,10,50
Attentive CNP + PE,m2,829.0,0.47664855726559957,0.019340437404283883,0.0045738963776068425,3,10,50
Attentive CNP + PE,m2,830.0,0.49999010324478155,0.0461315893802735,0.004707699102205291,3,10,50
Attentive CNP + PE,m2,831.0,0.4535660691261292,0.04279714145939338,0.004406152480043924,3,10,50
Attentive CNP + PE,m2,832.0,0.4181968220671018,0.03639007484349793,0.004341809778856509,3,10,50
Attentive CNP + PE,m2,833.0,0.40125812039772674,0.03585418370361265,0.004271922615079629,3,10,50
Attentive CNP + PE,m2,834.0,0.38987258694569266,0.025292641277268216,0.0037083600500106995,3,10,50
Attentive CNP + PE,m2,835.0,0.38173018844922385,0.016946290469515617,0.0040698818324645175,3,10,50
Attentive CNP + PE,m2,836.0,0.36823474166790643,0.020812795211541217,0.004144001750710576,3,10,50
Attentive CNP + PE,m2,837.0,0.3686021030843258,0.03891058779417803,0.00480471343479248,3,10,50
Attentive CNP + PE,m2,838.0,0.3853703030844529,0.044579480226279215,0.004710348160869363,3,10,50
Attentive CNP + PE,m2,839.0,0.43535745908816653,0.04100040820271446,0.0045178824643106715,3,10,50
Attentive CNP + PE,m2,840.0,0.4582473810712497,0.026337681643230047,0.004296919026422708,3,10,50
Attentive CNP + PE,m2,841.0,0.4447675452828406,0.021272813588933674,0.004030711054400469,3,10,50
Attentive CNP + PE,m2,842.0,0.4054364624619484,0.04219501325369497,0.0034633659326930924,3,10,50
Attentive CNP + PE,m2,843.0,0.35857567300399146,0.052050294328989485,0.0030928059315429093,3,10,50
Attentive CNP + PE,m2,844.0,0.33507022748390836,0.060169453901689596,0.0026219128190823593,3,10,50
Attentive CNP + PE,m2,845.0,0.41497479993104935,0.04659550540937029,0.003117565682228871,3,10,50
Attentive CNP + PE,m2,846.0,0.5081138815085092,0.06704250824506643,0.0032825340839456826,3,10,50
Attentive CNP + PE,m2,847.0,0.5023417691985766,0.015678600204307565,0.0038446241055452427,3,10,50
Attentive CNP + PE,m2,848.0,0.4886212489406268,0.02185501293945896,0.004373379706833922,3,10,50
Attentive CNP + PE,m2,849.0,0.49839020391305294,0.04219942713948035,0.0040757528368895865,3,10,50
Attentive CNP + PE,m2,850.0,0.49061810380220416,0.015432117357478377,0.0046032469772428536,3,10,50
Attentive CNP + PE,m2,851.0,0.4416520477135976,0.034579283516265893,0.004037542100988595,3,10,50
Attentive CNP + PE,m2,852.0,0.39361564695835116,0.018693871570114304,0.0036041447772077184,3,10,50
Attentive CNP + PE,m2,853.0,0.37607786019643147,0.018523222641351648,0.0031543476972351794,3,10,50
Attentive CNP + PE,m2,854.0,0.3782166389028232,0.018511615731600164,0.003256538682794956,3,10,50
Attentive CNP + PE,m2,855.0,0.4085821772416433,0.01489732229843271,0.003721177470143482,3,10,50
Attentive CNP + PE,m2,856.0,0.44562464529275897,0.030320709362383843,0.003608116552906555,3,10,50
Attentive CNP + PE,m2,857.0,0.4503190392951171,0.040875757773834266,0.0038395536907976473,3,10,50
Attentive CNP + PE,m2,858.0,0.37345282740394276,0.02676202786524539,0.0033204624477201398,3,10,50
Attentive CNP + PE,m2,859.0,0.2552298414607843,0.016004451046488996,0.0027188209503083032,3,10,50
Attentive CNP + PE,m2,860.0,0.19762008693565924,0.013937173429284131,0.0022347952918640355,3,10,50
Attentive CNP + PE,m2,861.0,0.21184329131245616,0.018120561884128826,0.002460321385008933,3,10,50
Attentive CNP + PE,m2,862.0,0.35299626080195107,0.05814859878241327,0.003173844665463326,3,10,50
Attentive CNP + PE,m2,863.0,0.4878741941650709,0.10927733012509853,0.003392606131838292,3,10,50
Attentive CNP + PE,m2,864.0,0.4736183205246925,0.04556103956274376,0.003276521686593674,3,10,50
Attentive CNP + PE,m2,865.0,0.4701610768636068,0.02309141084461356,0.003788027779301085,3,10,50
Attentive CNP + PE,m2,866.0,0.5002456476291021,0.06360334781267546,0.004205673986754717,3,10,50
Attentive CNP + PE,m2,867.0,0.4613015498717626,0.051875174922090934,0.004505776453733261,3,10,50
Attentive CNP + PE,m2,868.0,0.4205727904637655,0.035715254490043966,0.003985195196963893,3,10,50
Attentive CNP + PE,m2,869.0,0.39165943521261215,0.0496311666180434,0.0036985392935330423,3,10,50
Attentive CNP + PE,m2,870.0,0.3689402816692988,0.03331192980182994,0.0035133928600845393,3,10,50
Attentive CNP + PE,m2,871.0,0.36710212798913316,0.018297763163078243,0.003676524218270789,3,10,50
Attentive CNP + PE,m2,872.0,0.36021835201978686,0.013289932048807103,0.003927002207053541,3,10,50
Attentive CNP + PE,m2,873.0,0.36690556657314294,0.023298300995192034,0.0035632197164809196,3,10,50
Attentive CNP + PE,m2,874.0,0.37583910940090814,0.0200654433111703,0.0035585256738746157,3,10,50
Attentive CNP + PE,m2,875.0,0.41301612208286925,0.010056811347979921,0.004210464725873471,3,10,50
Attentive CNP + PE,m2,876.0,0.42736105732123053,0.031228633823995024,0.004419669619087131,3,10,50
Attentive CNP + PE,m2,877.0,0.4302421203653018,0.04764964897580577,0.003734599122128998,3,10,50
Attentive CNP + PE,m2,878.0,0.4217208099762599,0.033236256983686645,0.0035064141313951073,3,10,50
Attentive CNP + PE,m2,879.0,0.3947034050921599,0.013247478102911813,0.003563428523554634,3,10,50
Attentive CNP + PE,m2,880.0,0.38952207105358444,0.008681685955928269,0.003548582027362459,3,10,50
Attentive CNP + PE,m2,881.0,0.4196041015783946,0.02328762336934354,0.003278476198357996,3,10,50
Attentive CNP + PE,m2,882.0,0.427124060044686,0.039209862173188455,0.002825653230618895,3,10,50
Attentive CNP + PE,m2,883.0,0.3960687853892644,0.03358021571403333,0.003079232481625933,3,10,50
Attentive CNP + PE,m2,884.0,0.4780100604097049,0.015870979057752078,0.003178279443197756,3,10,50
Attentive CNP + PE,m2,885.0,0.5466250989039739,0.04739729019788287,0.0038746313989598993,3,10,50
Attentive CNP + PE,m2,886.0,0.513183308462302,0.017643158055180245,0.00470216589951684,3,10,50
Attentive CNP + PE,m2,887.0,0.47455129206180574,0.03220505238425244,0.004606220758580658,3,10,50
Attentive CNP + PE,m2,888.0,0.4869757549762726,0.03466668015916442,0.00461678391404962,3,10,50
Attentive CNP + PE,m2,889.0,0.5162625283400217,0.00859095817081204,0.004517923068827417,3,10,50
Attentive CNP + PE,m2,890.0,0.5228444157044093,0.032638903136295624,0.004041118186810715,3,10,50
Attentive CNP + PE,m2,891.0,0.46277779169877364,0.026103246244761742,0.00386758874829053,3,10,50
Attentive CNP + PE,m2,892.0,0.382017307639122,0.02738479577997857,0.0033655122272331704,3,10,50
Attentive CNP + PE,m2,893.0,0.3243626378873984,0.045312286185916616,0.003055427798700288,3,10,50
Attentive CNP + PE,m2,894.0,0.3578843945364158,0.027818192538525074,0.0034966667841194055,3,10,50
Attentive CNP + PE,m2,895.0,0.4509219211141269,0.025701469129562764,0.00412115735882233,3,10,50
Attentive CNP + PE,m2,896.0,0.5026627322435379,0.017850607784538106,0.0038928212107365093,3,10,50
Attentive CNP + PE,m2,897.0,0.502956871787707,0.009589630062328242,0.003127691624791075,3,10,50
Attentive CNP + PE,m2,898.0,0.5207474463184675,0.017302515177913737,0.0033061620662201124,3,10,50
Attentive CNP + PE,m2,899.0,0.5187786662777265,0.02950704015806515,0.0036133333027409836,3,10,50
Attentive CNP + PE,m2,900.0,0.5167403214375178,0.03803319813392992,0.003448427612468743,3,10,50
Attentive CNP + PE,m2,901.0,0.5603511043588321,0.026087612946914834,0.00328627270988047,3,10,50
Attentive CNP + PE,m2,902.0,0.599556667625904,0.05193508096132332,0.0034235860315259613,3,10,50
Attentive CNP + PE,m2,903.0,0.6040546203653018,0.047778744140090985,0.003296966419018183,3,10,50
Attentive CNP + PE,m2,904.0,0.547187801082929,0.010529647352766427,0.0044182469464287685,3,10,50
Attentive CNP + PE,m2,905.0,0.5191483911474547,0.0049156188268602895,0.0055164850959428325,3,10,50
Attentive CNP + PE,m2,906.0,0.49748053854703905,0.0026852819004018653,0.005985291966639816,3,10,50
Attentive CNP + PE,m2,907.0,0.5071462374329566,0.020764247745813275,0.005907361269550482,3,10,50
Attentive CNP + PE,m2,908.0,0.5187104201515516,0.03187377902696645,0.006017401570198477,3,10,50
Attentive CNP + PE,m2,909.0,0.5235914731820424,0.019019013667158767,0.005722174155142086,3,10,50
Attentive CNP + PE,m2,910.0,0.4899509091973304,0.012708820143545947,0.006557875964593792,3,10,50
Attentive CNP + PE,m2,911.0,0.4849021176099777,0.012069265070547596,0.006052795334995801,3,10,50
Attentive CNP + PE,m2,912.0,0.4773740908900897,0.010914455508378319,0.006416313205575928,3,10,50
Attentive CNP + PE,m2,913.0,0.4838018853465716,0.004824226085331328,0.00527481764710717,3,10,50
Attentive CNP + PE,m2,914.0,0.5168981218934059,0.026548477323480917,0.005500384405570719,3,10,50
Attentive CNP + PE,m2,915.0,0.5378147655129433,0.02928923633172706,0.0048589002341031156,3,10,50
Attentive CNP + PE,m2,916.0,0.5708565271496773,0.008343811077845941,0.004438447781227806,3,10,50
Attentive CNP + PE,m2,917.0,0.5717083825469017,0.017326350923924917,0.004530773611638706,3,10,50
Attentive CNP + PE,m2,918.0,0.5661493705312411,0.03257033616331401,0.005042848976917033,3,10,50
Attentive CNP + PE,m2,919.0,0.5501984422802925,0.021786573215034542,0.005218995177041277,3,10,50
Attentive CNP + PE,m2,920.0,0.5953375738859177,0.02788556153717741,0.004862038265381196,3,10,50
Attentive CNP + PE,m2,921.0,0.6534012548128764,0.017302322505996226,0.004111802147000461,3,10,50
Attentive CNP + PE,m2,922.0,0.6727235612273216,0.03623055557573012,0.004006108803957443,3,10,50
Attentive CNP + PE,m2,923.0,0.623771912018458,0.046466962077781365,0.004383638154990971,3,10,50
Attentive CNP + PE,m2,924.0,0.5476779687801997,0.05791572743512323,0.004868228012010241,3,10,50
Attentive CNP + PE,m2,925.0,0.4381214485963186,0.05456644413645895,0.005261259845070002,3,10,50
Attentive CNP + PE,m2,926.0,0.40944457543889684,0.049453029749837125,0.004839747378375066,3,10,50
Attentive CNP + PE,m2,927.0,0.4333745567003886,0.03375555473891935,0.005549364941687569,3,10,50
Attentive CNP + PE,m2,928.0,0.4763705224394797,0.026709066895619835,0.005147293655138235,3,10,50
Attentive CNP + PE,m2,929.0,0.488214494864146,0.013763213980991257,0.005046543714482057,3,10,50
Attentive CNP + PE,m2,930.0,0.4504208130041758,0.024673720621122854,0.0046370397161988024,3,10,50
Attentive CNP + PE,m2,931.0,0.43424982919295624,0.020792404767240497,0.004341029207468869,3,10,50
Attentive CNP + PE,m2,932.0,0.4126045192480087,0.009658599593033397,0.004366687876785939,3,10,50
Attentive CNP + PE,m2,933.0,0.4172333709597588,0.026647518699556828,0.004058994033576127,3,10,50
Attentive CNP + PE,m2,934.0,0.45439796568950014,0.012361630233529895,0.00387303519695973,3,10,50
Attentive CNP + PE,m2,935.0,0.48114266169071196,0.024283699439735476,0.003799054796077873,3,10,50
Attentive CNP + PE,m2,936.0,0.4956511966983477,0.016441520254207066,0.003511179796584532,3,10,50
Attentive CNP + PE,m2,937.0,0.4970158452788989,0.008988896824439268,0.004028723345975531,3,10,50
Attentive CNP + PE,m2,938.0,0.47842518872022627,0.008899294333958314,0.004725466806877196,3,10,50
Attentive CNP + PE,m2,939.0,0.45068100627263386,0.005929296035391622,0.004586374210503698,3,10,50
Attentive CNP + PE,m2,940.0,0.46264141682783766,0.005907074280108862,0.004349518424993971,3,10,50
Attentive CNP + PE,m2,941.0,0.4816034972469012,0.020694749614376125,0.0048357055918509815,3,10,50
Attentive CNP + PE,m2,942.0,0.46617261302471164,0.03688479726287268,0.006548140325002544,3,10,50
Attentive CNP + PE,m2,943.0,0.3947746121088664,0.03320352429886395,0.006699145973997299,3,10,50
Attentive CNP + PE,m2,944.0,0.3561826970080535,0.024973995672324906,0.005787017695939926,3,10,50
Attentive CNP + PE,m2,945.0,0.35749788432319957,0.024480766460338692,0.005808192064116878,3,10,50
Attentive CNP + PE,m2,946.0,0.3662421546479066,0.009803450925633367,0.005447102625777594,3,10,50
Attentive CNP + PE,m2,947.0,0.38425297107299167,0.014334049676317257,0.005558971386200619,3,10,50
Attentive CNP + PE,m2,948.0,0.388073452403148,0.0151825475957739,0.005030366480783377,3,10,50
Attentive CNP + PE,m2,949.0,0.422786664446195,0.023909862573824166,0.004217511708474347,3,10,50
Attentive CNP + PE,m2,950.0,0.44836173071463903,0.02961422858975126,0.004510229423451711,3,10,50
Attentive CNP + PE,m2,951.0,0.4537359064022701,0.020678898431942844,0.004158693909942866,3,10,50
Attentive CNP + PE,m2,952.0,0.43772966333230334,0.026126454294396296,0.004633224224107283,3,10,50
Attentive CNP + PE,m2,953.0,0.42822930606206255,0.020356304399734883,0.004256785652765456,3,10,50
Attentive CNP + PE,m2,954.0,0.4452567784587542,0.0167121628787167,0.0048547048799745625,3,10,50
Attentive CNP + PE,m2,955.0,0.48261376820007956,0.017137402173686454,0.004324568727788049,3,10,50
Attentive CNP + PE,m2,956.0,0.49173307027419405,0.013422787133975572,0.004580377587612874,3,10,50
Attentive CNP + PE,m2,957.0,0.4692269396185875,0.011302155846450602,0.005377324659435718,3,10,50
Attentive CNP + PE,m2,958.0,0.4568136221965154,0.028566422850523705,0.005227825956521353,3,10,50
Attentive CNP + PE,m2,959.0,0.4764455850521723,0.03219842324094973,0.004956160079647831,3,10,50
Attentive CNP + PE,m2,960.0,0.5213727113604546,0.05800019181057782,0.004931508815356918,3,10,50
Attentive CNP + PE,m2,961.0,0.5548774500687917,0.06075557574155543,0.0044109854533266905,3,10,50
Attentive CNP + PE,m2,962.0,0.5040825498501459,0.03869645667656322,0.00491439123466843,3,10,50
Attentive CNP + PE,m2,963.0,0.4019610402981441,0.02497232087814946,0.005119623109283369,3,10,50
Attentive CNP + PE,m2,964.0,0.36731131593386324,0.033970682296863945,0.0048437218318990866,3,10,50
Attentive CNP + PE,m2,965.0,0.3768194930553437,0.04580218780481575,0.004689586777244334,3,10,50
Attentive CNP + PE,m2,966.0,0.437653339167436,0.057411936360100814,0.00460855192449574,3,10,50
Attentive CNP + PE,m2,967.0,0.5077503467996916,0.027541170052917015,0.004454798374575013,3,10,50
Attentive CNP + PE,m2,968.0,0.5085313798387846,0.025038056810650543,0.004451050048074781,3,10,50
Attentive CNP + PE,m2,969.0,0.48299557491143547,0.020823278855038242,0.003921751595441578,3,10,50
Attentive CNP + PE,m2,970.0,0.4714609487454096,0.01466251099355536,0.00434987781306398,3,10,50
Attentive CNP + PE,m2,971.0,0.4618155482014021,0.027525505173610014,0.004437177956688874,3,10,50
Attentive CNP + PE,m2,972.0,0.4499500615994136,0.051034151704232776,0.004254706947408011,3,10,50
Attentive CNP + PE,m2,973.0,0.4694376756747564,0.0423708758248408,0.004558853949496275,3,10,50
Attentive CNP + PE,m2,974.0,0.4955278089642525,0.034250614542545216,0.004559265231790393,3,10,50
Attentive CNP + PE,m2,975.0,0.5062561024626097,0.028042681587327638,0.004090139278435024,3,10,50
Attentive CNP + PE,m2,976.0,0.5089885852138201,0.016304813108625256,0.00455437296259974,3,10,50
Attentive CNP + PE,m2,977.0,0.48375364528099696,0.018272706256066956,0.004374619814173643,3,10,50
Attentive CNP + PE,m2,978.0,0.45957138590017954,0.022031000357183125,0.0044360133262550715,3,10,50
Attentive CNP + PE,m2,979.0,0.442865637421608,0.03694643030403136,0.004042315130808455,3,10,50
Attentive CNP + PE,m2,980.0,0.4766909084717432,0.03787243685548937,0.004079588098665856,3,10,50
Attentive CNP + PE,m2,981.0,0.5017412318785985,0.0231427116566075,0.004922721887597987,3,10,50
Attentive CNP + PE,m2,982.0,0.4694391475319863,0.019611064888139167,0.004759006649291963,3,10,50
Attentive CNP + PE,m2,983.0,0.43800998522837964,0.009819562311164615,0.004725302215425719,3,10,50
Attentive CNP + PE,m2,984.0,0.4287118911743164,0.015048793493360265,0.005047575682007322,3,10,50
Attentive CNP + PE,m2,985.0,0.46148740824063617,0.019021634314487536,0.004206322525156816,3,10,50
Attentive CNP + PE,m2,986.0,0.4886149236162503,0.016624140028759567,0.004486331977863286,3,10,50
Attentive CNP + PE,m2,987.0,0.4565044222474098,0.022330891015220837,0.004280559694952697,3,10,50
Attentive CNP + PE,m2,988.0,0.40990931010246273,0.026543579276566327,0.004432362969137516,3,10,50
Attentive CNP + PE,m2,989.0,0.4100853162606557,0.01900160879481501,0.0038142287504934207,3,10,50
Attentive CNP + PE,m2,990.0,0.42203255055348077,0.015674321042835917,0.0043222604322026925,3,10,50
Attentive CNP + PE,m2,991.0,0.450580976208051,0.016097878756377457,0.004499293255709834,3,10,50
Attentive CNP + PE,m2,992.0,0.46574933507045113,0.018153902814486197,0.004617347062026257,3,10,50
Attentive CNP + PE,m2,993.0,0.4611483006079991,0.011603515121068698,0.004770061072281364,3,10,50
Attentive CNP + PE,m2,994.0,0.45201810576518375,0.018602539984132978,0.004174870120638225,3,10,50
Attentive CNP + PE,m2,995.0,0.4663581859270732,0.023392714075854183,0.003973388277177972,3,10,50
Attentive CNP + PE,m2,996.0,0.4641978844801585,0.019841729961992398,0.004075121378013623,3,10,50
Attentive CNP + PE,m2,997.0,0.44150602064530053,0.008907038597810646,0.004309716404226762,3,10,50
Attentive CNP + PE,m2,998.0,0.43474644649028776,0.008293604903980102,0.004244408444913291,3,10,50
Attentive CNP + PE,m2,999.0,0.45291448936859774,0.010247289487964098,0.0037260499471137593,3,10,50
Attentive CNP + PE,m2,1000.0,0.4858417785167694,0.00928088237103825,0.0038932485571310633,3,10,50
Attentive CNP + PE,m2,1001.0,0.4984088576833406,0.0295416734208559,0.003962209697258434,3,10,50
Attentive CNP + PE,m2,1002.0,0.48766204690933224,0.021824577198915687,0.00360601100223221,3,10,50
Attentive CNP + PE,m2,1003.0,0.45404941515127817,0.011193588760330647,0.003911987359863096,3,10,50
Attentive CNP + PE,m2,1004.0,0.4251769269903501,0.019491719306114007,0.0038447935080357693,3,10,50
Attentive CNP + PE,m2,1005.0,0.42997147363424304,0.04652677901254983,0.00402895356902662,3,10,50
Attentive CNP + PE,m2,1006.0,0.39851399658123654,0.026606489867754966,0.0036407737074095324,3,10,50
Attentive CNP + PE,m2,1007.0,0.34531127017736424,0.05030725730214539,0.0035461956149935325,3,10,50
Attentive CNP + PE,m2,1008.0,0.3561313279072444,0.03146977482792353,0.0035757344378189015,3,10,50
Attentive CNP + PE,m2,1009.0,0.40621330456932386,0.008831627060581795,0.003664449890364305,3,10,50
Attentive CNP + PE,m2,1010.0,0.4800799919962883,0.01764743369475423,0.004111590819052539,3,10,50
Attentive CNP + PE,m2,1011.0,0.5092961167693139,0.020499409541010913,0.004029608396003631,3,10,50
Attentive CNP + PE,m2,1012.0,0.4942783856590589,0.017186503550837694,0.0040252721796855155,3,10,50
Attentive CNP + PE,m2,1013.0,0.4646907699505489,0.011887816090421109,0.0038363344191008225,3,10,50
Attentive CNP + PE,m2,1014.0,0.44769416258732475,0.01060632830046808,0.003758395713047808,3,10,50
Attentive CNP + PE,m2,1015.0,0.44282330658038455,0.00904337727558268,0.003345320856667845,3,10,50
Attentive CNP + PE,m2,1016.0,0.42525041317939766,0.008122871053381553,0.003711365806523033,3,10,50
Attentive CNP + PE,m2,1017.0,0.4392111210823059,0.009351142932278945,0.003905676156651002,3,10,50
Attentive CNP + PE,m2,1018.0,0.4951886824766795,0.037347259072555025,0.004736644770821517,3,10,50
Attentive CNP + PE,m2,1019.0,0.5576192195216814,0.03245063380547108,0.005090395174269946,3,10,50
Attentive CNP + PE,m2,1020.0,0.5959274088541666,0.017788095594483477,0.0047157676489087965,3,10,50
Attentive CNP + PE,m2,1021.0,0.5365678403576215,0.019467743562935003,0.004295135023084145,3,10,50
Attentive CNP + PE,m2,1022.0,0.4768279341856639,0.0049773936241997024,0.004434749334541267,3,10,50
Attentive CNP + PE,m2,1023.0,0.43924315005540854,0.027212218974659662,0.004530070933917458,3,10,50
Attentive CNP + PE,m2,1024.0,0.4201655617157618,0.01393200864250518,0.0038967927111214994,3,10,50
Attentive CNP + PE,m2,1025.0,0.3944237414201101,0.016613917971461313,0.0033771295082071586,3,10,50
Attentive CNP + PE,m2,1026.0,0.37837017758687336,0.015974102432414438,0.0031358222689592684,3,10,50
Attentive CNP + PE,m2,1027.0,0.3654392305016518,0.0344787659637726,0.003221035593291849,3,10,50
Attentive CNP + PE,m2,1028.0,0.39127296712001164,0.036239760875014355,0.0037755115017812715,3,10,50
Attentive CNP + PE,m2,1029.0,0.4212895851532618,0.040022107977708006,0.0039608997267552605,3,10,50
Attentive CNP + PE,m2,1030.0,0.4482536454995474,0.04298462517527786,0.003909742392403067,3,10,50
Attentive CNP + PE,m2,1031.0,0.42529362291097633,0.03236245637787087,0.004277755899060966,3,10,50
Attentive CNP + PE,m2,1032.0,0.3974181084434192,0.010076850015495332,0.004051287992973884,3,10,50
Attentive CNP + PE,m2,1033.0,0.3985334631204605,0.018777547547521735,0.0037426982533710473,3,10,50
Attentive CNP + PE,m2,1034.0,0.42340946104129157,0.0373530291767713,0.003548283216884475,3,10,50
Attentive CNP + PE,m2,1035.0,0.4359278479615847,0.022108784348414613,0.003261315898470457,3,10,50
Attentive CNP + PE,m2,1036.0,0.4435750485857328,0.007752126393206626,0.00356265978580466,3,10,50
Attentive CNP + PE,m2,1037.0,0.43672797485192616,0.015488396297559357,0.0036012828085167513,3,10,50
Attentive CNP + PE,m2,1038.0,0.41865162966648733,0.0407212837735784,0.003625045568585466,3,10,50
Attentive CNP + PE,m2,1039.0,0.3140553625226021,0.03658911477273516,0.0034402413137560608,3,10,50
Attentive CNP + PE,m2,1040.0,0.2688966069469849,0.021786154938574213,0.002945669119174788,3,10,50
Attentive CNP + PE,m2,1041.0,0.41395905555288,0.04034047732926117,0.0033860342177880684,3,10,50
Attentive CNP + PE,m2,1042.0,0.465016073723634,0.02812387757722963,0.0045788811358477705,3,10,50
Attentive CNP + PE,m2,1043.0,0.47423543908198673,0.019669137484226887,0.0043227538468611285,3,10,50
Attentive CNP + PE,m2,1044.0,0.49299865128596615,0.02459308028629817,0.0036875407998837114,3,10,50
Attentive CNP + PE,m2,1045.0,0.5264539237618447,0.03988669743653679,0.0032494408962662883,3,10,50
Attentive CNP + PE,m2,1046.0,0.49613497648636495,0.0057243742237778426,0.0029981406953433214,3,10,50
Attentive CNP + PE,m2,1047.0,0.46203789524237315,0.010381082930145969,0.003299875146609022,3,10,50
Attentive CNP + PE,m2,1048.0,0.44947940915822976,0.006498089896192488,0.0033288583932576717,3,10,50
Attentive CNP + PE,m2,1049.0,0.4557264865239461,0.02714765231043148,0.0034040042328826394,3,10,50
Attentive CNP + PE,m2,1050.0,0.40134785644213355,0.029326881250315306,0.0033952721913087266,3,10,50
Attentive CNP + PE,m2,1051.0,0.39285553566614784,0.014802961843687143,0.0040478544635534925,3,10,50
Attentive CNP + PE,m2,1052.0,0.40196206009387964,0.02173075885419486,0.004626821920305105,3,10,50
Attentive CNP + PE,m2,1053.0,0.37246904616554577,0.03392617137061099,0.004647091947175163,3,10,50
Attentive CNP + PE,m2,1054.0,0.36260525335371496,0.047381858927746705,0.004391601311579407,3,10,50
Attentive CNP + PE,m2,1055.0,0.4226708991328875,0.0316618823887401,0.004167817942033682,3,10,50
Attentive CNP + PE,m2,1056.0,0.5057400125662487,0.017238706964141717,0.004401415344694864,3,10,50
Attentive CNP + PE,m2,1057.0,0.5668959724903107,0.046060729758857555,0.0042495805546042585,3,10,50
Attentive CNP + PE,m2,1058.0,0.5866179129083952,0.04775319306485582,0.003666428619674566,3,10,50
Attentive CNP + PE,m2,1059.0,0.5253165588974952,0.030495753425220474,0.004199511039233092,3,10,50
Attentive CNP + PE,m2,1060.0,0.3835659059683481,0.027758418781450467,0.0040551562063911,3,10,50
Attentive CNP + PE,m2,1061.0,0.40657573312520984,0.014652994640839148,0.005008893426531879,3,10,50
Attentive CNP + PE,m2,1062.0,0.46872286812464403,0.02280046308509001,0.004643274047529654,3,10,50
Attentive CNP + PE,m2,1063.0,0.5222893660465877,0.021307012617549765,0.004386707596945352,3,10,50
Attentive CNP + PE,m2,1064.0,0.5322842604517937,0.019906829045776248,0.0036014495635891763,3,10,50
Attentive CNP + PE,m2,1065.0,0.46441921049356455,0.025645227724151707,0.0032330458705516012,3,10,50
Attentive CNP + PE,m2,1066.0,0.4030387352903684,0.024636230276970525,0.0032084843162597525,3,10,50
Attentive CNP + PE,m2,1067.0,0.3848742871483167,0.03492826761258335,0.003632708031942046,3,10,50
Attentive CNP + PE,m2,1068.0,0.3842150174280008,0.03716467562702024,0.0038696523487300964,3,10,50
Attentive CNP + PE,m2,1069.0,0.40609854450821875,0.02542539445890234,0.003663063747854804,3,10,50
Attentive CNP + PE,m2,1070.0,0.40569218240181604,0.015193169174355148,0.004066891793424077,3,10,50
Attentive CNP + PE,m2,1071.0,0.43172872780760124,0.017451974280209018,0.004160120810980945,3,10,50
Attentive CNP + PE,m2,1072.0,0.44331054639816286,0.017835408215657093,0.004286898679073459,3,10,50
Attentive CNP + PE,m2,1073.0,0.46744955007235206,0.0016114674226145745,0.003806403407901043,3,10,50
Attentive CNP + PE,m2,1074.0,0.4528892058332761,0.01370722412024406,0.003311281117224462,3,10,50
Attentive CNP + PE,m2,1075.0,0.42710912571350734,0.03257921070156636,0.0035635733348785177,3,10,50
Attentive CNP + PE,m2,1076.0,0.381084883193175,0.029772471113358914,0.0034409870720986707,3,10,50
Attentive CNP + PE,m2,1077.0,0.2850307381302118,0.013808712528465515,0.0027858418726150387,3,10,50
Attentive CNP + PE,m2,1078.0,0.1884687147239844,0.02966699051133306,0.0023889855598062133,3,10,50
Attentive CNP + PE,m2,1079.0,0.29239042146007227,0.0338343933912699,0.0028471080433990115,3,10,50
Attentive CNP + PE,m2,1080.0,0.5247556458314259,0.02638927004470156,0.003747599134244295,3,10,50
Attentive CNP + PE,m2,1081.0,0.5890852025349935,0.011436561843362095,0.004431435087285582,3,10,50
Attentive CNP + PE,m2,1082.0,0.6122385735710463,0.013755264279732941,0.004442442510042633,3,10,50
Attentive CNP + PE,m2,1083.0,0.6627924921711286,0.04622874803311886,0.004108513417200527,3,10,50
Attentive CNP + PE,m2,1084.0,0.5991274484395981,0.025229434760015497,0.0033723715924131596,3,10,50
Attentive CNP + PE,m2,1085.0,0.46265260364611943,0.015090922891983053,0.003420737041090195,3,10,50
Attentive CNP + PE,m2,1086.0,0.3936490368247032,0.029585928296065107,0.003341520494994522,3,10,50
Attentive CNP + PE,m2,1087.0,0.38968709381421407,0.025406068388827505,0.0033376872026626182,3,10,50
Attentive CNP + PE,m2,1088.0,0.4406294900973638,0.010173700491962196,0.0031576455891472207,3,10,50
Attentive CNP + PE,m2,1089.0,0.47308369658390675,0.018714270112662117,0.003257907031834782,3,10,50
Attentive CNP + PE,m2,1090.0,0.4893243345220884,0.006818420538307571,0.004200944583133642,3,10,50
Attentive CNP + PE,m2,1091.0,0.4948382903337479,0.01549389319426231,0.004615322443018912,3,10,50
Attentive CNP + PE,m2,1092.0,0.49904826899369564,0.026050068224607946,0.004438225584940735,3,10,50
Attentive CNP + PE,m2,1093.0,0.4907256605029106,0.007543208157734265,0.004180623534940646,3,10,50
Attentive CNP + PE,m2,1094.0,0.44068150458733246,0.01237782770683455,0.004074537364011011,3,10,50
Attentive CNP + PE,m2,1095.0,0.429595078488191,0.04843732860695383,0.003778531423027596,3,10,50
Attentive CNP + PE,m2,1096.0,0.4484412518143654,0.06520226990823734,0.004443980648803504,3,10,50
Attentive CNP + PE,m2,1097.0,0.4924335725108782,0.038814291296709845,0.004104549603628453,3,10,50
Attentive CNP + PE,m2,1098.0,0.5332819829583167,0.014329705545083971,0.004556079124981868,3,10,50
Attentive CNP + PE,m2,1099.0,0.5596503712336222,0.003995557167748738,0.004501278097377706,3,10,50
Attentive CNP + PE,m2,1100.0,0.543518506248792,0.021510538697340348,0.0052254106318384485,3,10,50
Attentive CNP + PE,m2,1101.0,0.5121825412313142,0.007345866574083989,0.004961229186809063,3,10,50
Attentive CNP + PE,m2,1102.0,0.4751095768411954,0.011281491144974612,0.004003739695839518,3,10,50
Attentive CNP + PE,m2,1103.0,0.4024025208552679,0.009545743620267987,0.0032867154112393086,3,10,50
Attentive CNP + PE,m2,1104.0,0.3475660522580147,0.0028845179383480066,0.0030687777163773346,3,10,50
Attentive CNP + PE,m2,1105.0,0.3548553109268348,0.025539470799394576,0.0033934995551914877,3,10,50
Attentive CNP + PE,m2,1106.0,0.40160646754503243,0.023514788290360716,0.0038188022835726663,3,10,50
Attentive CNP + PE,m2,1107.0,0.4424914148052534,0.0117876417241585,0.0038771655354667375,3,10,50
Attentive CNP + PE,m2,1108.0,0.44082620411117873,0.007142509910643103,0.003609823943472828,3,10,50
Attentive CNP + PE,m2,1109.0,0.3767167983849844,0.005516568703354918,0.0041515560186259895,3,10,50
Attentive CNP + PE,m2,1110.0,0.3525545134544372,0.02546397447730927,0.004425141934611693,3,10,50
Attentive CNP + PE,m2,1111.0,0.37152891055742904,0.010757496050496314,0.004272422431354073,3,10,50
Attentive CNP + PE,m2,1112.0,0.41130065558354056,0.0088079372225483,0.00394650683945403,3,10,50
Attentive CNP + PE,m2,1113.0,0.4736784462332726,0.015733465001343705,0.004004666331917546,3,10,50
Attentive CNP + PE,m2,1114.0,0.49474996737639104,0.029633685401726798,0.003595709481448202,3,10,50
Attentive CNP + PE,m2,1115.0,0.4436491982738177,0.04867219403339027,0.0037240951971593303,3,10,50
Attentive CNP + PE,m2,1116.0,0.3617815564572811,0.010826152996213673,0.0035562402593160066,3,10,50
Attentive CNP + PE,m2,1117.0,0.340257218276461,0.0177156401970586,0.003397012415286423,3,10,50
Attentive CNP + PE,m2,1118.0,0.46765718438227966,0.04485435155935661,0.004389299083012558,3,10,50
Attentive CNP + PE,m2,1119.0,0.5379033508698144,0.012428150348618742,0.00420614220773267,3,10,50
Attentive CNP + PE,m2,1120.0,0.5342464479207992,0.023362433944735795,0.005011486026239193,3,10,50
Attentive CNP + PE,m2,1121.0,0.5802374065319696,0.025335011253565194,0.00492649478471371,3,10,50
Attentive CNP + PE,m2,1122.0,0.6761513715585074,0.04233696004001931,0.0042271553572032945,3,10,50
Attentive CNP + PE,m2,1123.0,0.6548748724460601,0.036598896782147256,0.004155916776585677,3,10,50
Attentive CNP + PE,m2,1124.0,0.5335849356253942,0.02532588132354048,0.003897553753832611,3,10,50
Attentive CNP + PE,m2,1125.0,0.4379276830355327,0.041780300431263205,0.003501221172371042,3,10,50
Attentive CNP + PE,m2,1126.0,0.41766352703173953,0.017393103422126754,0.003833722948418836,3,10,50
Attentive CNP + PE,m2,1127.0,0.44353925901651386,0.02368445571275311,0.0038490636398094604,3,10,50
Attentive CNP + PE,m2,1128.0,0.4958616769711177,0.01410120676839426,0.0046053524637541055,3,10,50
Attentive CNP + PE,m2,1129.0,0.5370803447365761,0.0375305157514146,0.005319669793709846,3,10,50
Attentive CNP + PE,m2,1130.0,0.5221289226015409,0.05147010462394252,0.006100941480696488,3,10,50
Attentive CNP + PE,m2,1131.0,0.46523968873421345,0.04462677855675706,0.007067975339744512,3,10,50
Attentive CNP + PE,m2,1132.0,0.47231821658213935,0.011817249256184556,0.006714948530214322,3,10,50
Attentive CNP + PE,m2,1133.0,0.5073712426026662,0.028236076913772078,0.005495446271850317,3,10,50
Attentive CNP + PE,m2,1134.0,0.5194065307378769,0.03718665175011617,0.00506489872523128,3,10,50
Attentive CNP + PE,m2,1135.0,0.5004126290480296,0.035185179421352825,0.004828340143443017,3,10,50
Attentive CNP + PE,m2,1136.0,0.48525843858718876,0.013800063671766472,0.004460612469120504,3,10,50
Attentive CNP + PE,m2,1137.0,0.4757358393669128,0.05136908368100112,0.0052437045827383065,3,10,50
Attentive CNP + PE,m2,1138.0,0.46073330958684283,0.07608546579727679,0.005401283465396642,3,10,50
Attentive CNP + PE,m2,1139.0,0.4700051818490028,0.02896013354225214,0.0057633460346652845,3,10,50
Attentive CNP + PE,m2,1140.0,0.49776115367809926,0.010992032404762047,0.0051324981798430225,3,10,50
Attentive CNP + PE,m2,1141.0,0.5261896999677022,0.019589463891248653,0.0050408812609170775,3,10,50
Attentive CNP + PE,m2,1142.0,0.5199038918813069,0.0318723338268912,0.003960912353523351,3,10,50
Attentive CNP + PE,m2,1143.0,0.4028858662048975,0.034768851255855396,0.0035681593893913087,3,10,50
Attentive CNP + PE,m2,1144.0,0.34559091172615686,0.03140720748022761,0.0033807843697688422,3,10,50
Attentive CNP + PE,m2,1145.0,0.36526011473933845,0.03319279179107682,0.0036840884101413934,3,10,50
Attentive CNP + PE,m2,1146.0,0.41307087057828906,0.012905271015425794,0.0038319188576063216,3,10,50
Attentive CNP + PE,m2,1147.0,0.43515210143725075,0.009130381649237768,0.0037224992046595608,3,10,50
Attentive CNP + PE,m2,1148.0,0.4373146548271179,0.025967804293368035,0.004192532662839644,3,10,50
Attentive CNP + PE,m2,1149.0,0.447005645553271,0.031956085321861456,0.004279983912511554,3,10,50
Attentive CNP + PE,m2,1150.0,0.4655910781621933,0.023308038247457225,0.004315331844845074,3,10,50
Attentive CNP + PE,m2,1151.0,0.47754032568136856,0.02474428843184926,0.0043153662117362155,3,10,50
Attentive CNP + PE,m2,1152.0,0.46238814920187,0.006621802615362018,0.004037717938118061,3,10,50
Attentive CNP + PE,m2,1153.0,0.40412157942851384,0.01918310133042846,0.0038443934370606205,3,10,50
Attentive CNP + PE,m2,1154.0,0.3831020614604155,0.02754820815097339,0.004035899049643079,3,10,50
Attentive CNP + PE,m2,1155.0,0.3847493133147557,0.022175370501188618,0.004094379940289812,3,10,50
Attentive CNP + PE,m2,1156.0,0.34425001031160357,0.005703164497555206,0.00392172421401193,3,10,50
Attentive CNP + PE,m2,1157.0,0.31682986855010187,0.03566072365930317,0.00393435961798018,3,10,50
Attentive CNP + PE,m2,1158.0,0.3700907107591629,0.04453242484888375,0.00423657503919084,3,10,50
Attentive CNP + PE,m2,1159.0,0.4445362518628439,0.023356090085855544,0.004956939242226721,3,10,50
Attentive CNP + PE,m2,1160.0,0.476983084599177,0.03897096600355871,0.004777950049412025,3,10,50
Attentive CNP + PE,m2,1161.0,0.5028285902142525,0.04172235337727951,0.0049961602798665175,3,10,50
Attentive CNP + PE,m2,1162.0,0.454103811999162,0.008330577174022066,0.0051590319508374735,3,10,50
Attentive CNP + PE,m2,1163.0,0.40279661562045416,0.030646874297223892,0.004241463266354936,3,10,50
Attentive CNP + PE,m2,1164.0,0.3992497197687626,0.05641826973565804,0.004021136029476264,3,10,50
Attentive CNP + PE,m2,1165.0,0.42263418374458944,0.05902653319465538,0.0037550039114508382,3,10,50
Attentive CNP + PE,m2,1166.0,0.46861844116449364,0.05704304702808559,0.004100995497278181,3,10,50
Attentive CNP + PE,m2,1167.0,0.4862709374626477,0.02340956408842075,0.004794070670368896,3,10,50
Attentive CNP + PE,m2,1168.0,0.4934296681682269,0.014467227545146333,0.004774549764629867,3,10,50
Attentive CNP + PE,m2,1169.0,0.5203919098178545,0.019272573539140275,0.004432911752155124,3,10,50
Attentive CNP + PE,m2,1170.0,0.505820842285951,0.02374570094223229,0.004070381519800423,3,10,50
Attentive CNP + PE,m2,1171.0,0.5071957322160403,0.02494755533025027,0.004195541979118309,3,10,50
Attentive CNP + PE,m2,1172.0,0.4811857290466626,0.04251008080203741,0.004142101230606291,3,10,50
Attentive CNP + PE,m2,1173.0,0.47551720857620233,0.04024701413940082,0.003544234697788947,3,10,50
Attentive CNP + PE,m2,1174.0,0.506556209842364,0.044291292692627285,0.003586626597426408,3,10,50
Attentive CNP + PE,m2,1175.0,0.48983568547169365,0.037675269672658246,0.0042140968022372,3,10,50
Attentive CNP + PE,m2,1176.0,0.4760156326889991,0.029381853999538268,0.004275874114681118,3,10,50
Attentive CNP + PE,m2,1177.0,0.4693494065006574,0.005154206732734384,0.004993116185287787,3,10,50
Attentive CNP + PE,m2,1178.0,0.4492367458939553,0.013555912713520584,0.005490213740821937,3,10,50
Attentive CNP + PE,m2,1179.0,0.42951562897364304,0.015438062274540606,0.005365744899432356,3,10,50
Attentive CNP + PE,m2,1180.0,0.4164472310940424,0.0018604933693512277,0.005000911448921566,3,10,50
Attentive CNP + PE,m2,1181.0,0.404051117181778,0.022954580387865176,0.0037279913181163353,3,10,50
Attentive CNP + PE,m2,1182.0,0.39957083113988245,0.015626360987450103,0.0034201446626639744,3,10,50
Attentive CNP + PE,m2,1183.0,0.40066157493988674,0.025370750170065987,0.0037155177093160466,3,10,50
Attentive CNP + PE,m2,1184.0,0.43864794423182807,0.023513303192957923,0.0036357166270074522,3,10,50
Attentive CNP + PE,m2,1185.0,0.49453933940331135,0.02219953802677056,0.0039364472121283045,3,10,50
Attentive CNP + PE,m2,1186.0,0.5149224407474199,0.030562902615014674,0.003932887495856566,3,10,50
Attentive CNP + PE,m2,1187.0,0.45568146844704943,0.0280896690526541,0.004569602639231912,3,10,50
Attentive CNP + PE,m2,1188.0,0.4020374916593234,0.04253842299532071,0.004555020817421262,3,10,50
Attentive CNP + PE,m2,1189.0,0.40143772584199905,0.016362788336256373,0.004351325036450756,3,10,50
Attentive CNP + PE,m2,1190.0,0.4054037925402323,0.029856739811893407,0.003995165252965641,3,10,50
Attentive CNP + PE,m2,1191.0,0.4366778443257014,0.02262972707507992,0.003905094125782351,3,10,50
Attentive CNP + PE,m2,1192.0,0.43729671319325764,0.024077660364945696,0.0038506125113067675,3,10,50
Attentive CNP + PE,m2,1193.0,0.45536840323607125,0.03094134151112339,0.0036153265392008978,3,10,50
Attentive CNP + PE,m2,1194.0,0.4871748252511024,0.037762880745478025,0.0029356607184752386,3,10,50
Attentive CNP + PE,m2,1195.0,0.5396450153191884,0.01788910317064007,0.003307410722348792,3,10,50
Attentive CNP + PE,m2,1196.0,0.5412640993197759,0.0183673021930989,0.003971670077886416,3,10,50
Attentive CNP + PE,m2,1197.0,0.47116742771863934,0.03835018439111875,0.005182493995804228,3,10,50
Attentive CNP + PE,m2,1198.0,0.42891720777750014,0.021882280982100606,0.0056085824958672925,3,10,50
Attentive CNP + PE,m2,1199.0,0.43336542654037474,0.02306396125471152,0.00534963746203401,3,10,50
Attentive CNP + PE,m2,1200.0,0.4938762196103732,0.02725071939953349,0.005285254656635115,3,10,50
Attentive CNP + PE,m2,1201.0,0.5982199089924495,0.009679329467098092,0.004271554148445313,3,10,50
Attentive CNP + PE,m2,1202.0,0.6139480933149656,0.0044658820607240786,0.003872676799424359,3,10,50
Attentive CNP + PE,m2,1203.0,0.6174525212844213,0.029506324210096246,0.0032026699928014387,3,10,50
Attentive CNP + PE,m2,1204.0,0.6256359187165897,0.03586194690767602,0.003467899125455726,3,10,50
Attentive CNP + PE,m2,1205.0,0.6120667136510213,0.012282476913341386,0.004152895518947271,3,10,50
Attentive CNP + PE,m2,1206.0,0.5541288740634918,0.041261982350479225,0.004586059583261838,3,10,50
Attentive CNP + PE,m2,1207.0,0.46584238521258037,0.018987103659941697,0.0045053732323033545,3,10,50
Attentive CNP + PE,m2,1208.0,0.4490917153755824,0.010688699814632718,0.004291265453282304,3,10,50
Attentive CNP + PE,m2,1209.0,0.46911435987552014,0.00845917033735547,0.004006777696801475,3,10,50
Attentive CNP + PE,m2,1210.0,0.5041679164171219,0.00534712860960766,0.004010135241913528,3,10,50
Attentive CNP + PE,m2,1211.0,0.5448608086903891,0.017509850842974416,0.003914851791708293,3,10,50
Attentive CNP + PE,m2,1212.0,0.5802122026681901,0.013337018459623954,0.0036222844439039175,3,10,50
Attentive CNP + PE,m2,1213.0,0.6027188273072243,0.006761588911338071,0.0032594812073303975,3,10,50
Attentive CNP + PE,m2,1214.0,0.6054785431623458,0.012797780184352986,0.002721189942340014,3,10,50
Attentive CNP + PE,m2,1215.0,0.5625771268606187,0.016542205467366483,0.002906638950286715,3,10,50
Attentive CNP + PE,m2,1216.0,0.4609322110811869,0.012441723208297173,0.003522282279262483,3,10,50
Attentive CNP + PE,m2,1217.0,0.40959024206797284,0.018853860102746818,0.0038446959406345867,3,10,50
Attentive CNP + PE,m2,1218.0,0.42794939384857816,0.044567907818989186,0.0037693980614164576,3,10,50
Attentive CNP + PE,m2,1219.0,0.4914546595017115,0.04712807401612517,0.0040004789643779725,3,10,50
Attentive CNP + PE,m2,1220.0,0.5581708707809448,0.03137913674271038,0.00396569552483228,3,10,50
Attentive CNP + PE,m2,1221.0,0.5723978424668312,0.03355352625764033,0.00413958064033104,3,10,50
Attentive CNP + PE,m2,1222.0,0.5269810475508372,0.03387125933920813,0.004232905918614611,3,10,50
Attentive CNP + PE,m2,1223.0,0.5274380125800768,0.022655113618993566,0.004349046183186604,3,10,50
Attentive CNP + PE,m2,1224.0,0.5295160712003707,0.037662283985594736,0.00444110570052736,3,10,50
Attentive CNP + PE,m2,1225.0,0.5058460616469383,0.01038583971423661,0.004637631032429671,3,10,50
Attentive CNP + PE,m2,1226.0,0.42622323664029443,0.010205979421604594,0.004634945664842238,3,10,50
Attentive CNP + PE,m2,1227.0,0.39368331251541777,0.029598478955377008,0.004350500571132462,3,10,50
Attentive CNP + PE,m2,1228.0,0.4794716334740321,0.017130206567031892,0.004147629676170476,3,10,50
Attentive CNP + PE,m2,1229.0,0.5818285418947539,0.03199683688388442,0.0041377258318792305,3,10,50
Attentive CNP + PE,m2,1230.0,0.6004825130303701,0.01853643519862177,0.004339569159836331,3,10,50
Attentive CNP + PE,m2,1231.0,0.5634332343737284,0.03736343380844312,0.004268962181091838,3,10,50
Attentive CNP + PE,m2,1232.0,0.5148929320971171,0.026791448977347705,0.004017438456665145,3,10,50
Attentive CNP + PE,m2,1233.0,0.45874140929182367,0.06528418543917476,0.003632031830969252,3,10,50
Attentive CNP + PE,m2,1234.0,0.4557150352199872,0.04663142167797392,0.0038328409847955135,3,10,50
Attentive CNP + PE,m2,1235.0,0.46601812394460046,0.03807079535409851,0.004227894136903095,3,10,50
Attentive CNP + PE,m2,1236.0,0.4323335958520571,0.005089244856240536,0.004773923449224857,3,10,50
Attentive CNP + PE,m2,1237.0,0.4056067276398341,0.02186830873066926,0.004557736850618735,3,10,50
Attentive CNP + PE,m2,1238.0,0.4131286184390386,0.022166924988613695,0.004401863212955204,3,10,50
Attentive CNP + PE,m2,1239.0,0.4555364786783855,0.01913170526106244,0.00469684669581894,3,10,50
Attentive CNP + PE,m2,1240.0,0.4939703769485156,0.03265842391107696,0.004305871340489975,3,10,50
Attentive CNP + PE,m2,1241.0,0.5145519294142723,0.021191943182769228,0.0044956386533345424,3,10,50
Attentive CNP + PE,m2,1242.0,0.5243348033626875,0.013245884606793571,0.004281771543598501,3,10,50
Attentive CNP + PE,m2,1243.0,0.531134451131026,0.020031840074102757,0.004268776898445466,3,10,50
Attentive CNP + PE,m2,1244.0,0.5390661494930585,0.02319036499537264,0.004328858960448581,3,10,50
Attentive CNP + PE,m2,1245.0,0.5177651229699453,0.044044630466958855,0.003969072364328807,3,10,50
Attentive CNP + PE,m2,1246.0,0.5078904430468877,0.02965058130560534,0.004201371781926953,3,10,50
Attentive CNP + PE,m2,1247.0,0.5434379197955131,0.018105198928227505,0.003870116395869641,3,10,50
Attentive CNP + PE,m2,1248.0,0.5893044341206551,0.027730221247286014,0.00400388215517683,3,10,50
Attentive CNP + PE,m2,1249.0,0.5513826493223508,0.04112541826266263,0.004423754779172669,3,10,50
Attentive CNP + PE,m2,1250.0,0.44172651698191956,0.017928402861629725,0.004665314137003328,3,10,50
Attentive CNP + PE,m2,1251.0,0.3562785303791364,0.04656046901694712,0.004897823393236845,3,10,50
Attentive CNP + PE,m2,1252.0,0.4102505656182765,0.034111184257801457,0.0047959681826113916,3,10,50
Attentive CNP + PE,m2,1253.0,0.520350218673547,0.018223438203619467,0.004291159673028716,3,10,50
Attentive CNP + PE,m2,1254.0,0.524073215484619,0.014704841517251786,0.004055274913939136,3,10,50
Attentive CNP + PE,m2,1255.0,0.4555381723244985,0.036218770024355924,0.004798111394666415,3,10,50
Attentive CNP + PE,m2,1256.0,0.39831231475869816,0.026868329773236162,0.00485150382002214,3,10,50
Attentive CNP + PE,m2,1257.0,0.3818224782745044,0.019798250441912683,0.004176973865446487,3,10,50
Attentive CNP + PE,m2,1258.0,0.38221702017386755,0.03386766659361254,0.0040808658484714384,3,10,50
Attentive CNP + PE,m2,1259.0,0.3712256131072839,0.02371503828735219,0.004663615030042207,3,10,50
Attentive CNP + PE,m2,1260.0,0.3957749402622382,0.010040594392418414,0.004968459394736318,3,10,50
Attentive CNP + PE,m2,1261.0,0.446038217673699,0.047699378701221554,0.005597872368587353,3,10,50
Attentive CNP + PE,m2,1262.0,0.5433436831235886,0.05217163679891319,0.00530492701262196,3,10,50
Attentive CNP + PE,m2,1263.0,0.5748333520094554,0.03859414700462172,0.004562052528074341,3,10,50
Attentive CNP + PE,m2,1264.0,0.5282773467699686,0.03486345395161557,0.004859971631049678,3,10,50
Attentive CNP + PE,m2,1265.0,0.44059347265958787,0.04743818763550735,0.005095950307654745,3,10,50
Attentive CNP + PE,m2,1266.0,0.3919761193692684,0.019094698254569283,0.004647124137481106,3,10,50
Attentive CNP + PE,m2,1267.0,0.4076704380909601,0.019197910901972825,0.00523158001825444,3,10,50
Attentive CNP + PE,m2,1268.0,0.46250212713082633,0.026770344545020745,0.004999008766433693,3,10,50
Attentive CNP + PE,m2,1269.0,0.44875253373384477,0.06632456370144506,0.004389712823314675,3,10,50
Attentive CNP + PE,m2,1270.0,0.4592527121305466,0.02706869906406619,0.00498555478872525,3,10,50
Attentive CNP + PE,m2,1271.0,0.4884597033063571,0.04662965547163539,0.004542543132104765,3,10,50
Attentive CNP + PE,m2,1272.0,0.4120448099573453,0.04138231716661947,0.003974578813460054,3,10,50
Attentive CNP + PE,m2,1273.0,0.4515001924037933,0.032217708386567866,0.00427682164053474,3,10,50
Attentive CNP + PE,m2,1274.0,0.513632397711277,0.023036163048348435,0.005254065065436286,3,10,50
Attentive CNP + PE,m2,1275.0,0.47412595866123836,0.04841881834127468,0.005295647131314005,3,10,50
Attentive CNP + PE,m2,1276.0,0.43786603474617003,0.03977339056928679,0.005157009568752768,3,10,50
Attentive CNP + PE,m2,1277.0,0.42807222859064736,0.043108504858072806,0.004761813344986248,3,10,50
Attentive CNP + PE,m2,1278.0,0.46254423181215926,0.03638886851651185,0.004386456011975353,3,10,50
Attentive CNP + PE,m2,1279.0,0.4799389271934828,0.06349975727490467,0.0048103384992985755,3,10,50
Attentive CNP + PE,m2,1280.0,0.4808719762365023,0.03696546468104966,0.004940356813705932,3,10,50
Attentive CNP + PE,m2,1281.0,0.46815589549144104,0.03947733249297384,0.00456727049286936,3,10,50
Attentive CNP + PE,m2,1282.0,0.4539914815425872,0.023288566779450404,0.004793554480734465,3,10,50
Attentive CNP + PE,m2,1283.0,0.45877865376075116,0.02646216996485508,0.005044336711474333,3,10,50
Attentive CNP + PE,m2,1284.0,0.5105021688739458,0.06530728872282308,0.004584270282343334,3,10,50
Attentive CNP + PE,m2,1285.0,0.6202889529665311,0.008789552174439365,0.0050168021094074465,3,10,50
Attentive CNP + PE,m2,1286.0,0.6675829975803693,0.01503427997666756,0.004745482426079454,3,10,50
Attentive CNP + PE,m2,1287.0,0.6361200612982114,0.03992925007212741,0.005440660815490379,3,10,50
Attentive CNP + PE,m2,1288.0,0.49501233951250717,0.04099531964789422,0.0071526201221977295,3,10,50
Attentive CNP + PE,m2,1289.0,0.37615712519486744,0.06134457545720561,0.006274880948506395,3,10,50
Attentive CNP + PE,m2,1290.0,0.3519148928324382,0.021725766302569068,0.005893706379757735,3,10,50
Attentive CNP + PE,m2,1291.0,0.39724354591965677,0.008016173783446476,0.005669804913297059,3,10,50
Attentive CNP + PE,m2,1292.0,0.42044004799922313,0.023885086451110576,0.004815507873526932,3,10,50
Attentive CNP + PE,m2,1293.0,0.46622323107719427,0.03701403865153599,0.004959382890313616,3,10,50
Attentive CNP + PE,m2,1294.0,0.5189911864399911,0.05757932070540544,0.004940985837592739,3,10,50
Attentive CNP + PE,m2,1295.0,0.49086428250869113,0.04084255166205387,0.004758958944260248,3,10,50
Attentive CNP + PE,m2,1296.0,0.4641435353954633,0.01331566215380331,0.00406410963464337,3,10,50
Attentive CNP + PE,m2,1297.0,0.45684096477429076,0.0043740930423166735,0.004137126829950192,3,10,50
Attentive CNP + PE,m2,1298.0,0.46631279567877454,0.021732231509028824,0.005130249710943696,3,10,50
Attentive CNP + PE,m2,1299.0,0.39855440090099964,0.036768160012468305,0.004706637272129913,3,10,50
Attentive CNP + PE,m2,1300.0,0.3863129049142202,0.02966321903368453,0.004910755371543707,3,10,50
Attentive CNP + PE,m2,1301.0,0.4007271876335144,0.018074641349483982,0.004567887678710747,3,10,50
Attentive CNP + PE,m2,1302.0,0.3970069156686465,0.01601520309396441,0.004103895699826709,3,10,50
Attentive CNP + PE,m2,1303.0,0.4164115656812986,0.019035668890775518,0.004204866027840604,3,10,50
Attentive CNP + PE,m2,1304.0,0.4616831238071124,0.011823943154747423,0.0045716922821135665,3,10,50
Attentive CNP + PE,m2,1305.0,0.478452114323775,0.014747458002002724,0.00487407802305088,3,10,50
Attentive CNP + PE,m2,1306.0,0.45399555794398,0.02278905082307836,0.004329418516053034,3,10,50
Attentive CNP + PE,m2,1307.0,0.4271176609992981,0.035972879621399584,0.004228326307532331,3,10,50
Attentive CNP + PE,m2,1308.0,0.4598246604601542,0.054680381312085226,0.004888000902462226,3,10,50
Attentive CNP + PE,m2,1309.0,0.4144724269707998,0.03021976423154387,0.004903130163495383,3,10,50
Attentive CNP + PE,m2,1310.0,0.3323513057231903,0.03388629835636713,0.003801964820920004,3,10,50
Attentive CNP + PE,m2,1311.0,0.30850646886726213,0.03130920829559576,0.00373982493898316,3,10,50
Attentive CNP + PE,m2,1312.0,0.444507820914189,0.0294843962789558,0.0053579593163731,3,10,50
Attentive CNP + PE,m2,1313.0,0.4634432851672172,0.05546275598569884,0.005951097548569585,3,10,50
Attentive CNP + PE,m2,1314.0,0.45542530282338456,0.05613856141176175,0.005718850977080401,3,10,50
Attentive CNP + PE,m2,1315.0,0.46049107396602623,0.021615076656677393,0.005152721758164371,3,10,50
Attentive CNP + PE,m2,1316.0,0.4512036431034406,0.030828734909764594,0.005251575257779455,3,10,50
Attentive CNP + PE,m2,1317.0,0.5069910693764687,0.004527764214407711,0.005535000554290441,3,10,50
Attentive CNP + PE,m2,1318.0,0.6417627546787262,0.055263107768041136,0.004996449536178722,3,10,50
Attentive CNP + PE,m2,1319.0,0.6322241203983624,0.044654547059199065,0.0055286556398965875,3,10,50
Attentive CNP + PE,m2,1320.0,0.42556362542510034,0.03197866313367519,0.0050444103989985235,3,10,50
Attentive CNP + PE,m2,1321.0,0.36088072625796,0.013747694603851987,0.0038574766694698965,3,10,50
Attentive CNP + PE,m2,1322.0,0.42889093970259035,0.059433792175368996,0.0037896527014063485,3,10,50
Attentive CNP + PE,m2,1323.0,0.516813568820556,0.05788194689982856,0.0041437738742646215,3,10,50
Attentive CNP + PE,m2,1324.0,0.5203374392588934,0.032479752817821034,0.003979009016033245,3,10,50
Attentive CNP + PE,m2,1325.0,0.5490023680528006,0.021141211868802162,0.004247778512669128,3,10,50
Attentive CNP + PE,m2,1326.0,0.5919320941170055,0.023370357109139605,0.0045463379877488655,3,10,50
Attentive CNP + PE,m2,1327.0,0.6507620842258136,0.03190764966071914,0.004672335776956024,3,10,50
Attentive CNP + PE,m2,1328.0,0.5812878020803134,0.045511181593349,0.005514991034769428,3,10,50
Attentive CNP + PE,m2,1329.0,0.5117090708613395,0.08471711145015147,0.005522762940197102,3,10,50
Attentive CNP + PE,m2,1330.0,0.5427422355810801,0.06554643062655217,0.00509256637399361,3,10,50
Attentive CNP + PE,m2,1331.0,0.5630311066508292,0.011410951172282174,0.004742903333246228,3,10,50
Attentive CNP + PE,m2,1332.0,0.5748375061949095,0.054212442311099694,0.00481323036189582,3,10,50
Attentive CNP + PE,m2,1333.0,0.5970785551071168,0.04756208497949936,0.0050299953050912454,3,10,50
Attentive CNP + PE,m2,1334.0,0.5544911567370097,0.036808028570252414,0.0046188754639153486,3,10,50
Attentive CNP + PE,m2,1335.0,0.4998698513309161,0.03883309555695249,0.004257636620248994,3,10,50
Attentive CNP + PE,m2,1336.0,0.4558164501786232,0.04433008593277075,0.0036232350361960542,3,10,50
Attentive CNP + PE,m2,1337.0,0.49002680586775144,0.11351185788666768,0.003940319274428907,3,10,50
Attentive CNP + PE,m2,1338.0,0.5902590071757635,0.04904114070882561,0.004911453184579701,3,10,50
Attentive CNP + PE,m2,1339.0,0.5801236782670022,0.02043549840558732,0.005575064157494089,3,10,50
Attentive CNP + PE,m2,1340.0,0.5361992948452632,0.019480528171944875,0.004941654906099001,3,10,50
Attentive CNP + PE,m2,1341.0,0.5089664095838865,0.03646183618564011,0.004955244065063418,3,10,50
Attentive CNP + PE,m2,1342.0,0.4699810810685158,0.04922800191974846,0.004282987064528935,3,10,50
Attentive CNP + PE,m2,1343.0,0.4096361540357272,0.02973549826416376,0.004105731188391558,3,10,50
Attentive CNP + PE,m2,1344.0,0.4478838479419549,0.015315539508116224,0.005424917613542453,3,10,50
Attentive CNP + PE,m2,1345.0,0.5289260637958844,0.03350475197897947,0.005476875316824388,3,10,50
Attentive CNP + PE,m2,1346.0,0.5747281316320101,0.041516402015884454,0.004801593926303488,3,10,50
Attentive CNP + PE,m2,1347.0,0.5627913434902828,0.009770603700464106,0.005054071615982932,3,10,50
Attentive CNP + PE,m2,1348.0,0.5564699254631996,0.028308031631396387,0.005449849874161691,3,10,50
Attentive CNP + PE,m2,1349.0,0.551219689210256,0.01263631134455723,0.005590569528118823,3,10,50
Attentive CNP + PE,m2,1350.0,0.5294377278884251,0.05744613909885486,0.004793932729517076,3,10,50
Attentive CNP + PE,m2,1351.0,0.49471362603704133,0.044402674134987115,0.004793654692279055,3,10,50
Attentive CNP + PE,m2,1352.0,0.45726627860466645,0.03142686655093629,0.004803013194532129,3,10,50
Attentive CNP + PE,m2,1353.0,0.40850274054209396,0.02759081192858408,0.005120072592011446,3,10,50
Attentive CNP + PE,m2,1354.0,0.3897890409429868,0.013681618045058207,0.005459529610086482,3,10,50
Attentive CNP + PE,m2,1355.0,0.3929255016247432,0.016792164688666348,0.005542635056387717,3,10,50
Attentive CNP + PE,m2,1356.0,0.3946842757264773,0.026978605415042666,0.004739668476648328,3,10,50
Attentive CNP + PE,m2,1357.0,0.4156338402628898,0.020530597380028798,0.00440096104153817,3,10,50
Attentive CNP + PE,m2,1358.0,0.5468776633342106,0.017147295558356982,0.00525879812355111,3,10,50
Attentive CNP + PE,m2,1359.0,0.5909297906160353,0.0031907334446919546,0.004705790655002367,3,10,50
Attentive CNP + PE,m2,1360.0,0.5608834865887959,0.029107893941421166,0.0047695185720890935,3,10,50
Attentive CNP + PE,m2,1361.0,0.5080494620800018,0.017996556004092404,0.004848173317953899,3,10,50
Attentive CNP + PE,m2,1362.0,0.4241990427474181,0.04028797077874298,0.00462396105956317,3,10,50
Attentive CNP + PE,m2,1363.0,0.3842010119756063,0.04056793540856636,0.004680953870185388,3,10,50
Attentive CNP + PE,m2,1364.0,0.3769367512563864,0.03835964784799663,0.0053489300893275185,3,10,50
Attentive CNP + PE,m2,1365.0,0.3237924056698879,0.03502210059592902,0.005493082645434774,3,10,50
Attentive CNP + PE,m2,1366.0,0.2744117227693399,0.009881802582086027,0.005893395462290368,3,10,50
Attentive CNP + PE,m2,1367.0,0.2909486681322257,0.012169724948134937,0.006577889377339428,3,10,50
Attentive CNP + PE,m2,1368.0,0.4050894796053568,0.03886537515857832,0.006364857991676652,3,10,50
Attentive CNP + PE,m2,1369.0,0.5047964089512824,0.04522369176699271,0.005851059737105366,3,10,50
Attentive CNP + PE,m2,1370.0,0.569244570116202,0.012025490614765053,0.005143344500683528,3,10,50
Attentive CNP + PE,m2,1371.0,0.5436618584791819,0.006181053889365246,0.00431175376257303,3,10,50
Attentive CNP + PE,m2,1372.0,0.4822013640006384,0.014492982978470579,0.003870931201800607,3,10,50
Attentive CNP + PE,m2,1373.0,0.420790290594101,0.03076390167347268,0.00427968900693738,3,10,50
Attentive CNP + PE,m2,1374.0,0.38815387831131615,0.018011600062233683,0.00433459974429323,3,10,50
Attentive CNP + PE,m2,1375.0,0.314700443426768,0.014950419070122649,0.0035797393829945846,3,10,50
Attentive CNP + PE,m2,1376.0,0.33114145439863213,0.021468586135809077,0.0033978974367935705,3,10,50
Attentive CNP + PE,m2,1377.0,0.4712243943611781,0.021423595208636074,0.004120627220336104,3,10,50
Attentive CNP + PE,m2,1378.0,0.5248797588944435,0.01656203227647477,0.004542697452960769,3,10,50
Attentive CNP + PE,m2,1379.0,0.4944652117292086,0.012124932311398839,0.004356613587890713,3,10,50
Attentive CNP + PE,m2,1380.0,0.48191248585780455,0.0159297063539416,0.0045327464974351086,3,10,50
Attentive CNP + PE,m2,1381.0,0.4659538422226906,0.008869623218021339,0.0039946977503325055,3,10,50
Attentive CNP + PE,m2,1382.0,0.44318342157204943,0.017249876496176212,0.004239607571231019,3,10,50
Attentive CNP + PE,m2,1383.0,0.4520823420484861,0.01618047267628685,0.004312045468456185,3,10,50
Attentive CNP + PE,m2,1384.0,0.43876396284500757,0.01947175089685976,0.004354887582719351,3,10,50
Attentive CNP + PE,m2,1385.0,0.41308470599850017,0.024064630295298248,0.004010100725516662,3,10,50
Attentive CNP + PE,m2,1386.0,0.3989242836236953,0.05859185443936299,0.0039044263175653324,3,10,50
Attentive CNP + PE,m2,1387.0,0.40111849126219745,0.06278038974146667,0.004434599407812346,3,10,50
Attentive CNP + PE,m2,1388.0,0.3762150890827179,0.049910102876665564,0.004491957189185923,3,10,50
Attentive CNP + PE,m2,1389.0,0.34820948071281116,0.024525476585828668,0.004002264303498051,3,10,50
Attentive CNP + PE,m2,1390.0,0.41476645191510514,0.05433213658683186,0.0042588434138221285,3,10,50
Attentive CNP + PE,m2,1391.0,0.43371130152543386,0.077312776709752,0.005149558000120305,3,10,50
Attentive CNP + PE,m2,1392.0,0.4655556469360987,0.056145481849592054,0.006193961369840237,3,10,50
Attentive CNP + PE,m2,1393.0,0.5204798347751299,0.01714072996355221,0.0062747648797066916,3,10,50
Attentive CNP + PE,m2,1394.0,0.5377333658337593,0.022779162927636362,0.005555328982451088,3,10,50
Attentive CNP + PE,m2,1395.0,0.5406116622885069,0.016100342857775184,0.004616190901375205,3,10,50
Attentive CNP + PE,m2,1396.0,0.5248862364292144,0.024319301306080492,0.0037253762442937904,3,10,50
Attentive CNP + PE,m2,1397.0,0.5467862309614817,0.04707201425797104,0.004180145627372054,3,10,50
Attentive CNP + PE,m2,1398.0,0.5500979471007984,0.041419092900294,0.004455234873579108,3,10,50
Attentive CNP + PE,m2,1399.0,0.529127795914809,0.01619529308027722,0.0042652918980446925,3,10,50
Attentive CNP + PE,m2,1400.0,0.510240753630797,0.05415159803318358,0.003914445535387782,3,10,50
Attentive CNP + PE,m2,1401.0,0.48645918683211004,0.05270586554659706,0.0036745816710142608,3,10,50
Attentive CNP + PE,m2,1402.0,0.4778832564552625,0.032033348871093055,0.003523459302874105,3,10,50
Attentive CNP + PE,m2,1403.0,0.5398067710002262,0.023370498974394263,0.003909650291632919,3,10,50
Attentive CNP + PE,m2,1404.0,0.6016407297849655,0.02041896769867522,0.003744452789164686,3,10,50
Attentive CNP + PE,m2,1405.0,0.6517489530642827,0.007097469788623366,0.0038136383689775523,3,10,50
Attentive CNP + PE,m2,1406.0,0.6285996630589167,0.02651292534655013,0.004521889541649292,3,10,50
Attentive CNP + PE,m2,1407.0,0.5407031133174897,0.022354796338617578,0.005256294230415799,3,10,50
Attentive CNP + PE,m2,1408.0,0.5445460631251334,0.026894868068258526,0.004783682070188689,3,10,50
Attentive CNP + PE,m2,1409.0,0.632996870815754,0.0025025157935290687,0.004241947626420581,3,10,50
Attentive CNP + PE,m2,1410.0,0.6639212379654248,0.009832039778929418,0.0037390739050805325,3,10,50
Attentive CNP + PE,m2,1411.0,0.6795912530819574,0.005220157834054512,0.0036688349242263215,3,10,50
Attentive CNP + PE,m2,1412.0,0.6481564418474833,0.028699205543062895,0.004670903899754945,3,10,50
Attentive CNP + PE,m2,1413.0,0.5583339074850082,0.03167616352042027,0.004480323404446175,3,10,50
Attentive CNP + PE,m2,1414.0,0.43137914630770685,0.011644260361140751,0.003632463604304248,3,10,50
Attentive CNP + PE,m2,1415.0,0.36154324800272786,0.07712918484770022,0.002728580081823879,3,10,50
Attentive CNP + PE,m2,1416.0,0.397681172678868,0.052100834803156346,0.003127677138582996,3,10,50
Attentive CNP + PE,m2,1417.0,0.4368878873984019,0.029260313741945126,0.0038835521521243775,3,10,50
Attentive CNP + PE,m2,1418.0,0.41243174277742706,0.03194521166455747,0.0044382789150011195,3,10,50
Attentive CNP + PE,m2,1419.0,0.40663067000110936,0.020434278228927467,0.004493645531659867,3,10,50
Attentive CNP + PE,m2,1420.0,0.41192203816771505,0.029078364276036203,0.004536730529323565,3,10,50
Attentive CNP + PE,m2,1421.0,0.43261174609263736,0.057355040761563836,0.004319285411522424,3,10,50
Attentive CNP + PE,m2,1422.0,0.5295837031503519,0.0335372684435266,0.004551199020989931,3,10,50
Attentive CNP + PE,m2,1423.0,0.6300123463670412,0.058024017842941124,0.004493309866839527,3,10,50
Attentive CNP + PE,m2,1424.0,0.734180165330569,0.034753891113672844,0.003447186343541769,3,10,50
Attentive CNP + PE,m2,1425.0,0.7688714438875518,0.04377093145477406,0.002855037011301792,3,10,50
Attentive CNP + PE,m2,1426.0,0.6404015487631162,0.003119882742012545,0.003643050176138639,3,10,50
Attentive CNP + PE,m2,1427.0,0.45050804942846295,0.029840487522483135,0.004063732602816023,3,10,50
Attentive CNP + PE,m2,1428.0,0.3977975600262482,0.03082420751904596,0.004139229581578017,3,10,50
Attentive CNP + PE,m2,1429.0,0.411865828404824,0.043124704006039384,0.004323364678829639,3,10,50
Attentive CNP + PE,m2,1430.0,0.4606315603852272,0.07405422685688039,0.004334456668277437,3,10,50
Attentive CNP + PE,m2,1431.0,0.5212301294406255,0.03889754626358781,0.006241005771990732,3,10,50
Attentive CNP + PE,m2,1432.0,0.5107364023526509,0.017950663676033547,0.006100306077124633,3,10,50
Attentive CNP + PE,m2,1433.0,0.5239307817816733,0.03380427652051942,0.005980256902370695,3,10,50
Attentive CNP + PE,m2,1434.0,0.5379890447258949,0.009448181333558316,0.004482267539743277,3,10,50
Attentive CNP + PE,m2,1435.0,0.5423634522755941,0.025139424485479747,0.004057567692584154,3,10,50
Attentive CNP + PE,m2,1436.0,0.4723400404651959,0.034063861550186536,0.004567490248372382,3,10,50
Attentive CNP + PE,m2,1437.0,0.4079466095666091,0.03593136734457459,0.004254067577189591,3,10,50
Attentive CNP + PE,m2,1438.0,0.3822823959191641,0.028650366263900877,0.00420350581858306,3,10,50
Attentive CNP + PE,m2,1439.0,0.42383253927032155,0.027275388418441928,0.004490414732579246,3,10,50
Attentive CNP + PE,m2,1440.0,0.5816674118439357,0.058882247806082824,0.0047717529847748,3,10,50
Attentive CNP + PE,m2,1441.0,0.649901630739371,0.05390490944610851,0.004270874916362516,3,10,50
Attentive CNP + PE,m2,1442.0,0.6845898873209952,0.015762558204577046,0.004222713102539706,3,10,50
Attentive CNP + PE,m2,1443.0,0.7083159831762315,0.006521251019510682,0.004063023293822005,3,10,50
Attentive CNP + PE,m2,1444.0,0.7443573201894761,0.03146171571428066,0.0038418352590608765,3,10,50
Attentive CNP + PE,m2,1445.0,0.7668075918753944,0.013809646589846205,0.0032843354126237644,3,10,50
Attentive CNP + PE,m2,1446.0,0.7254959073066711,0.036282710333438654,0.0041653694364212485,3,10,50
Attentive CNP + PE,m2,1447.0,0.6451691239873569,0.0205803893761188,0.004175295641949821,3,10,50
Attentive CNP + PE,m2,1448.0,0.6598354200522105,0.01667528842567334,0.0038746310714430263,3,10,50
Attentive CNP + PE,m2,1449.0,0.7223163641691208,0.006356979416033535,0.004158579299403197,3,10,50
Attentive CNP + PE,m2,1450.0,0.7296762697100639,0.0342721369225853,0.004227032606255839,3,10,50
Attentive CNP + PE,m2,1451.0,0.6280204751690227,0.035934562746789626,0.004321485471914653,3,10,50
Attentive CNP + PE,m2,1452.0,0.5231769282817841,0.023509019546797932,0.003988020328578814,3,10,50
Attentive CNP + PE,m2,1453.0,0.48496240586042405,0.009999570346813287,0.003724683895737819,3,10,50
Attentive CNP + PE,m2,1454.0,0.5242801649570465,0.02971306614211913,0.003567134827390534,3,10,50
Attentive CNP + PE,m2,1455.0,0.5147610429326693,0.03430057063308835,0.003798714548490622,3,10,50
Attentive CNP + PE,m2,1456.0,0.38744532805681225,0.06022004969725826,0.003477630091335601,3,10,50
Attentive CNP + PE,m2,1457.0,0.3156396508316199,0.05977831457413132,0.003166579705412805,3,10,50
Attentive CNP + PE,m2,1458.0,0.2777536089817683,0.05571559630187751,0.002964233364174109,3,10,50
Attentive CNP + PE,m2,1459.0,0.302801630705595,0.058035275736018486,0.0035726026227162013,3,10,50
Attentive CNP + PE,m2,1460.0,0.36971124580502507,0.035889495873272705,0.004206790003588821,3,10,50
Attentive CNP + PE,m2,1461.0,0.4431620896359285,0.02578208627585642,0.004581818780713701,3,10,50
Attentive CNP + PE,m2,1462.0,0.4528024887641271,0.0400135989996516,0.004297899887476944,3,10,50
Attentive CNP + PE,m2,1463.0,0.4669399399161338,0.031483626563708914,0.004409631041177372,3,10,50
Attentive CNP + PE,m2,1464.0,0.5040745184421539,0.04627344996919601,0.004407713702560242,3,10,50
Attentive CNP + PE,m2,1465.0,0.5302724449634552,0.053078325080372094,0.004814926412069241,3,10,50
Attentive CNP + PE,m2,1466.0,0.49355895191431043,0.04151401686774818,0.005028727846557012,3,10,50
Attentive CNP + PE,m2,1467.0,0.49680797596772514,0.0257489854535475,0.005272673072691154,3,10,50
Attentive CNP + PE,m2,1468.0,0.616152905881405,0.017567644014818234,0.006726632368433495,3,10,50
Attentive CNP + PE,m2,1469.0,0.6346239321033159,0.026849629913143734,0.006467836070281604,3,10,50
Attentive CNP + PE,m2,1470.0,0.5289525412519772,0.049521811961631766,0.007015504867090509,3,10,50
Attentive CNP + PE,m2,1471.0,0.5221382046143214,0.014656507429223201,0.006366141004663473,3,10,50
Attentive CNP + PE,m2,1472.0,0.49959923752148944,0.010466551983462915,0.005594756242513235,3,10,50
Attentive CNP + PE,m2,1473.0,0.4764230986038844,0.006783721315330283,0.005259184262405128,3,10,50
Attentive CNP + PE,m2,1474.0,0.5482836002111435,0.010924938028927628,0.00519748608107998,3,10,50
Attentive CNP + PE,m2,1475.0,0.68750282283624,0.027324414009855025,0.004725240714770091,3,10,50
Attentive CNP + PE,m2,1476.0,0.7132185436288516,0.04371839232014146,0.005031846250082749,3,10,50
Attentive CNP + PE,m2,1477.0,0.6373436595201493,0.05103814979927371,0.005956846895661154,3,10,50
Attentive CNP + PE,m2,1478.0,0.6087071016828218,0.08106500891757985,0.005492963437226697,3,10,50
Attentive CNP + PE,m2,1479.0,0.6404165080587069,0.05967807263069912,0.005078317285653704,3,10,50
Attentive CNP + PE,m2,1480.0,0.6175048249562581,0.03176265817593834,0.004703418182923462,3,10,50
Attentive CNP + PE,m2,1481.0,0.5797566773494084,0.03615682152722109,0.004076499472421463,3,10,50
Attentive CNP + PE,m2,1482.0,0.5417186997334164,0.02817402948900265,0.0039218905063593485,3,10,50
Attentive CNP + PE,m2,1483.0,0.4673447947104772,0.00788395628248018,0.00400703795022132,3,10,50
Attentive CNP + PE,m2,1484.0,0.42947338932752605,0.08122208145179967,0.0041265405986114475,3,10,50
Attentive CNP + PE,m2,1485.0,0.4453311655124028,0.07384881555639562,0.004267011486137693,3,10,50
Attentive CNP + PE,m2,1486.0,0.5509991934498152,0.04235177625930471,0.004092644678135562,3,10,50
Attentive CNP + PE,m2,1487.0,0.7184571832815806,0.06785760111062197,0.0038951502243859877,3,10,50
Attentive CNP + PE,m2,1488.0,0.8166607079903284,0.03250272609713953,0.003134595582351386,3,10,50
Attentive CNP + PE,m2,1489.0,0.8325556884209314,0.03561991434345733,0.0028000325854295894,3,10,50
Attentive CNP + PE,m2,1490.0,0.7331469371716182,0.024297981485714135,0.004271316216257828,3,10,50
Attentive CNP + PE,m2,1491.0,0.584195579012235,0.03461365398654041,0.005172867026118812,3,10,50
Attentive CNP + PE,m2,1492.0,0.5217007415294647,0.05329682291245546,0.004830280347621626,3,10,50
Attentive CNP + PE,m2,1493.0,0.4857787787516911,0.041983011543104375,0.003993424365844836,3,10,50
Attentive CNP + PE,m2,1494.0,0.44219946472843485,0.07465851581877406,0.004386119159164527,3,10,50
Attentive CNP + PE,m2,1495.0,0.37731194187204037,0.047478470474001194,0.00455531901666614,3,10,50
Attentive CNP + PE,m2,1496.0,0.35346797042091693,0.012372850910284039,0.004848067398651671,3,10,50
Attentive CNP + PE,m2,1497.0,0.359909984300534,0.038424919241021496,0.0050295067763992994,3,10,50
Attentive CNP + PE,m2,1498.0,0.3959635837376118,0.02718031846175605,0.005710695126105471,3,10,50
Attentive CNP + PE,m2,1499.0,0.5169295092821121,0.013094419721043535,0.006142991140172994,3,10,50
Attentive CNP + PE,m2,1500.0,0.6146261738538742,0.015312482658948435,0.005106380111868578,3,10,50
Attentive CNP + PE,m2,1501.0,0.6258118132948874,0.032570332437545334,0.004198722561848515,3,10,50
Attentive CNP + PE,m2,1502.0,0.5819006657997767,0.037389737796891725,0.0037128428615608674,3,10,50
Attentive CNP + PE,m2,1503.0,0.5404870657126108,0.06472506868071354,0.0036510135249879666,3,10,50
Attentive CNP + PE,m2,1504.0,0.44559148514270785,0.07862556651815629,0.0041208617310996495,3,10,50
Attentive CNP + PE,m2,1505.0,0.3798503177960713,0.035933965769892204,0.0047875517955305045,3,10,50
Attentive CNP + PE,m2,1506.0,0.4048281188209851,0.04117825541486236,0.004657320244410697,3,10,50
Attentive CNP + PE,m2,1507.0,0.4330280759334564,0.03776007943462621,0.00510217821239074,3,10,50
Attentive CNP + PE,m2,1508.0,0.4500935827891032,0.07385306569546982,0.005414148445904355,3,10,50
Attentive CNP + PE,m2,1509.0,0.36998548048734675,0.011023522078714836,0.006221704184910254,3,10,50
Attentive CNP + PE,m2,1510.0,0.37369485331575075,0.013875961063994304,0.005576641825201769,3,10,50
Attentive CNP + PE,m2,1511.0,0.4034904374281565,0.022519916196374404,0.005689489540519658,3,10,50
Attentive CNP + PE,m2,1512.0,0.3940314580996831,0.006506505977864745,0.00465240086884579,3,10,50
Attentive CNP + PE,m2,1513.0,0.36616733306646343,0.03238814952059047,0.00465215839460712,3,10,50
Attentive CNP + PE,m2,1514.0,0.3532657763063907,0.018127195115907695,0.004892944653379804,3,10,50
Attentive CNP + PE,m2,1515.0,0.3552081967890263,0.006335955036045908,0.005394595481340784,3,10,50
Attentive CNP + PE,m2,1516.0,0.3385520614186923,0.04748789800969852,0.005604970381458741,3,10,50
Attentive CNP + PE,m2,1517.0,0.33728991973400113,0.028809899260574517,0.0052268834287666046,3,10,50
Attentive CNP + PE,m2,1518.0,0.3336478952070077,0.009292075118999998,0.005305004517332283,3,10,50
Attentive CNP + PE,m2,1519.0,0.42499933931231504,0.06484358970860571,0.005301749084726792,3,10,50
Attentive CNP + PE,m2,1520.0,0.5003897513548533,0.1028429430465706,0.004639531443569337,3,10,50
Attentive CNP + PE,m2,1521.0,0.498440996170044,0.048120978428092986,0.0037274433745628824,3,10,50
Attentive CNP + PE,m2,1522.0,0.47933354598283767,0.02268004726551406,0.003939993712856763,3,10,50
Attentive CNP + PE,m2,1523.0,0.4808013254006704,0.02919633583967219,0.004380658737231288,3,10,50
Attentive CNP + PE,m2,1524.0,0.46388954746723177,0.03055548505647874,0.004602783511249971,3,10,50
Attentive CNP + PE,m2,1525.0,0.4478451715012392,0.006656881839597906,0.004485810559738163,3,10,50
Attentive CNP + PE,m2,1526.0,0.49253802659114204,0.032094764856647306,0.004151113021025572,3,10,50
Attentive CNP + PE,m2,1527.0,0.565455746948719,0.03955452698032598,0.004425504264151618,3,10,50
Attentive CNP + PE,m2,1528.0,0.68699613682429,0.0399749528761125,0.00475935964833939,3,10,50
Attentive CNP + PE,m2,1529.0,0.6582137838800748,0.019911332809674366,0.005093018100099101,3,10,50
Attentive CNP + PE,m2,1530.0,0.5888267258604367,0.01309270681642646,0.005343758314899617,3,10,50
Attentive CNP + PE,m2,1531.0,0.5449878425399463,0.01439589295227764,0.004441235481489559,3,10,50
Attentive CNP + PE,m2,1532.0,0.5976155942877134,0.011676365577195548,0.004392671814671435,3,10,50
Attentive CNP + PE,m2,1533.0,0.6333928235967954,0.010469658234040459,0.005290139074701051,3,10,50
Attentive CNP + PE,m2,1534.0,0.5591849051515262,0.029707536391751457,0.005580364954831007,3,10,50
Attentive CNP + PE,m2,1535.0,0.48273818516731265,0.0198040972554702,0.005951945255951122,3,10,50
Attentive CNP + PE,m2,1536.0,0.417061469733715,0.014283671803931976,0.0061475513987263265,3,10,50
Attentive CNP + PE,m2,1537.0,0.38710443055629734,0.002936370762904606,0.005573614968174308,3,10,50
Attentive CNP + PE,m2,1538.0,0.4085969877143701,0.012588403534007647,0.005712975037402622,3,10,50
Attentive CNP + PE,m2,1539.0,0.46096806373198823,0.018995524013925198,0.0046472736450047965,3,10,50
Attentive CNP + PE,m2,1540.0,0.4865559862454732,0.0075277831445871675,0.004421319983226487,3,10,50
Attentive CNP + PE,m2,1541.0,0.4952249121665955,0.013832166407760724,0.0035376751801063627,3,10,50
Attentive CNP + PE,m2,1542.0,0.5305666199127833,0.02854535114702147,0.00413285256688206,3,10,50
Attentive CNP + PE,m2,1543.0,0.507775523086389,0.03729804765164428,0.004692693322669559,3,10,50
Attentive CNP + PE,m2,1544.0,0.4174751474261284,0.021313105133988722,0.005383483900598902,3,10,50
Attentive CNP + PE,m2,1545.0,0.39101182530323664,0.01973638210921041,0.005204463112281083,3,10,50
Attentive CNP + PE,m2,1546.0,0.4418486820658048,0.0193446206601224,0.006370381636838822,3,10,50
Attentive CNP + PE,m2,1547.0,0.5296571974953016,0.0938315610757824,0.008224979421354571,3,10,50
Attentive CNP + PE,m2,1548.0,0.5432630414863427,0.09149122910784262,0.008309195929959401,3,10,50
Attentive CNP + PE,m2,1549.0,0.46850634817282355,0.029112376264523832,0.0068399444864238115,3,10,50
Attentive CNP + PE,m2,1550.0,0.4454624395569166,0.03779567077260194,0.0056354687160017035,3,10,50
Attentive CNP + PE,m2,1551.0,0.4421292556325595,0.026414894557517762,0.0051162585614644195,3,10,50
Attentive CNP + PE,m2,1552.0,0.5090374539295832,0.03378712982202765,0.005421538362749556,3,10,50
Attentive CNP + PE,m2,1553.0,0.5603821776509286,0.028545054370639627,0.005803116219782076,3,10,50
Attentive CNP + PE,m2,1554.0,0.47951058894395837,0.011893636146005332,0.007620683848432989,3,10,50
Attentive CNP + PE,m2,1555.0,0.38030430810650184,0.025648643640088526,0.007248584670493589,3,10,50
Attentive CNP + PE,m2,1556.0,0.3934012606839339,0.021352592149420046,0.006609154786372486,3,10,50
Attentive CNP + PE,m2,1557.0,0.4512259612381459,0.04561068615183521,0.006159054029553461,3,10,50
Attentive CNP + PE,m2,1558.0,0.44175650467475264,0.040927916292953156,0.004728588628776864,3,10,50
Attentive CNP + PE,m2,1559.0,0.40693471834063527,0.023210757635883858,0.003755264032148259,3,10,50
Attentive CNP + PE,m2,1560.0,0.3886785408556461,0.03295144961428174,0.003179478076359004,3,10,50
Attentive CNP + PE,m2,1561.0,0.43444540476799015,0.04674083377814244,0.003002573691807011,3,10,50
Attentive CNP + PE,m2,1562.0,0.46223934237162273,0.03662360111604339,0.0038849777001190504,3,10,50
Attentive CNP + PE,m2,1563.0,0.35288382700085635,0.017860388406499332,0.004336696096946875,3,10,50
Attentive CNP + PE,m2,1564.0,0.3046335211594899,0.041303078445418605,0.004437431981903311,3,10,50
Attentive CNP + PE,m2,1565.0,0.33095936744411786,0.01639559510159136,0.00461308660335287,3,10,50
Attentive CNP + PE,m2,1566.0,0.4673891078035037,0.03900925462341721,0.005916753731054599,3,10,50
Attentive CNP + PE,m2,1567.0,0.6077018506924312,0.03115654536597393,0.007033492272156286,3,10,50
Attentive CNP + PE,m2,1568.0,0.6094737835725149,0.03190952077668208,0.007871120227412957,3,10,50
Attentive CNP + PE,m2,1569.0,0.5657233548561732,0.04251351212274441,0.008220675567680911,3,10,50
Attentive CNP + PE,m2,1570.0,0.5557384792963664,0.057087633423915,0.006543580087396386,3,10,50
Attentive CNP + PE,m2,1571.0,0.6111074886322022,0.02399642070061736,0.006195973590598479,3,10,50
Attentive CNP + PE,m2,1572.0,0.5710147148370743,0.04793631239107707,0.006121527843247564,3,10,50
Attentive CNP + PE,m2,1573.0,0.4033220447500547,0.017399269883711706,0.006345577890419403,3,10,50
Attentive CNP + PE,m2,1574.0,0.3292643713355064,0.024514495597987834,0.005488825671954803,3,10,50
Attentive CNP + PE,m2,1575.0,0.3469341950019201,0.01939024717494294,0.005254919656784312,3,10,50
Attentive CNP + PE,m2,1576.0,0.39905776898066203,0.001971543894499867,0.005456243800264781,3,10,50
Attentive CNP + PE,m2,1577.0,0.44440907438596083,0.041720786209288985,0.005000101898918005,3,10,50
Attentive CNP + PE,m2,1578.0,0.42131320888797447,0.04633833446945787,0.004555664026885258,3,10,50
Attentive CNP + PE,m2,1579.0,0.3796281172831853,0.019680233391854332,0.003887595553998311,3,10,50
Attentive CNP + PE,m2,1580.0,0.4800285936395327,0.028310638116970297,0.0040827706417527025,3,10,50
Attentive CNP + PE,m2,1581.0,0.613848685959975,0.05159972774563525,0.004418069077573877,3,10,50
Attentive CNP + PE,m2,1582.0,0.6099060426950454,0.02620337319603593,0.004851894869810792,3,10,50
Attentive CNP + PE,m2,1583.0,0.5414158315062522,0.01790111311649951,0.005227599583492251,3,10,50
Attentive CNP + PE,m2,1584.0,0.48990099493662526,0.02364030977992519,0.0047372610711714615,3,10,50
Attentive CNP + PE,m2,1585.0,0.5077179319262505,0.04016228513640287,0.005293491540497498,3,10,50
Attentive CNP + PE,m2,1586.0,0.631697972714901,0.04050332473193675,0.006666469019770051,3,10,50
Attentive CNP + PE,m2,1587.0,0.6718310810724893,0.0573047901224836,0.007275639043454571,3,10,50
Attentive CNP + PE,m2,1588.0,0.61711449466149,0.03200046120200006,0.007861183407429933,3,10,50
Attentive CNP + PE,m2,1589.0,0.5499872589707375,0.03150034479598326,0.005832325852757327,3,10,50
Attentive CNP + PE,m2,1590.0,0.5946508108973504,0.026377200645609663,0.005214100542432632,3,10,50
Attentive CNP + PE,m2,1591.0,0.7448153564929963,0.03090077266645906,0.0041730888312695585,3,10,50
Attentive CNP + PE,m2,1592.0,0.7927801310221354,0.0201558333227938,0.004313386683312738,3,10,50
Attentive CNP + PE,m2,1593.0,0.73503216278553,0.010839858137966561,0.005265193918165093,3,10,50
Attentive CNP + PE,m2,1594.0,0.597506358186404,0.026978710462174493,0.006070244779262805,3,10,50
Attentive CNP + PE,m2,1595.0,0.5360327811837197,0.03338238290788081,0.006152230060735261,3,10,50
Attentive CNP + PE,m2,1596.0,0.5517306010921796,0.055116697572092185,0.005954967131483711,3,10,50
Attentive CNP + PE,m2,1597.0,0.5821933518250783,0.056670852081119494,0.0047154267293361305,3,10,50
Attentive CNP + PE,m2,1598.0,0.5889573808511099,0.04066504023921269,0.00414936977001179,3,10,50
Attentive CNP + PE,m2,1599.0,0.5754252185821532,0.017336330453540907,0.0044469553106385095,3,10,50
Attentive CNP + PE,m2,1600.0,0.5670131707390149,0.025308891453611787,0.0049960892731907265,3,10,50
Attentive CNP + PE,m2,1601.0,0.5618263017137846,0.01608653403651354,0.0054967079873160345,3,10,50
Attentive CNP + PE,m2,1602.0,0.5298860030174256,0.03135925420716496,0.005421074267823422,3,10,50
Attentive CNP + PE,m2,1603.0,0.48513432524601613,0.04966660659951814,0.0050062478140776535,3,10,50
Attentive CNP + PE,m2,1604.0,0.4450704546173414,0.028398369945146523,0.004277502331002489,3,10,50
Attentive CNP + PE,m2,1605.0,0.4901455753246943,0.0137999299263148,0.004342769170126821,3,10,50
Attentive CNP + PE,m2,1606.0,0.6277491095662117,0.027192452614032577,0.005677399218187543,3,10,50
Attentive CNP + PE,m2,1607.0,0.659254404346148,0.021864621939537005,0.005578954558143945,3,10,50
Attentive CNP + PE,m2,1608.0,0.5996003616253535,0.00608094026159534,0.005314429374552218,3,10,50
Attentive CNP + PE,m2,1609.0,0.5478478732506434,0.02866718711887316,0.004842408071488527,3,10,50
Attentive CNP + PE,m2,1610.0,0.5786512456734975,0.05354577726579262,0.0050654359514837695,3,10,50
Attentive CNP + PE,m2,1611.0,0.5878732926646869,0.027124956374885094,0.005250638937269891,3,10,50
Attentive CNP + PE,m2,1612.0,0.48844100179274874,0.05018601979581977,0.0050822797529774255,3,10,50
Attentive CNP + PE,m2,1613.0,0.40893630297978717,0.03335475803841071,0.004942793949954421,3,10,50
Attentive CNP + PE,m2,1614.0,0.39591616169611615,0.000422524820467168,0.00466155879206035,3,10,50
Attentive CNP + PE,m2,1615.0,0.41158753101030987,0.013557536120730991,0.004571495277983125,3,10,50
Attentive CNP + PE,m2,1616.0,0.4130734672546387,0.013534355089535962,0.00483820403309494,3,10,50
Attentive CNP + PE,m2,1617.0,0.41179533777634303,0.03776992898539226,0.004632180448238542,3,10,50
Attentive CNP + PE,m2,1618.0,0.3723893840809664,0.038571895442024905,0.0035772659207658933,3,10,50
Attentive CNP + PE,m2,1619.0,0.28258002614478267,0.02052111130714414,0.0028141633761531227,3,10,50
Attentive CNP + PE,m2,1620.0,0.25850856557488444,0.03263348330978097,0.0026141363329390196,3,10,50
Attentive CNP + PE,m2,1621.0,0.2817929299275081,0.025307362845961724,0.00294290379504833,3,10,50
Attentive CNP + PE,m2,1622.0,0.2656687491436799,0.022320302183483135,0.003107503168784883,3,10,50
Attentive CNP + PE,m2,1623.0,0.26910413104792436,0.027434304729026377,0.003071607367500158,3,10,50
Attentive CNP + PE,m2,1624.0,0.3896613543232282,0.037418192360772165,0.004361243913040442,3,10,50
Attentive CNP + PE,m2,1625.0,0.4779969800710678,0.03250858329527797,0.00545777111752041,3,10,50
Attentive CNP + PE,m2,1626.0,0.4747609387437503,0.012704034245555872,0.005733663859533674,3,10,50
Attentive CNP + PE,m2,1627.0,0.4476665933529535,0.007409949596029857,0.0049527483414794436,3,10,50
Attentive CNP + PE,m2,1628.0,0.4262927380005519,0.018151915922054354,0.0045898818946923554,3,10,50
Attentive CNP + PE,m2,1629.0,0.4261621870795886,0.01746867880664927,0.004466108914002252,3,10,50
Attentive CNP + PE,m2,1630.0,0.5262720517516136,0.043989145847217005,0.004950612336702349,3,10,50
Attentive CNP + PE,m2,1631.0,0.6409650675853094,0.0415725958595226,0.005813187240427107,3,10,50
Attentive CNP + PE,m2,1632.0,0.507838422248761,0.04312451012053584,0.005525385343599972,3,10,50
Attentive CNP + PE,m2,1633.0,0.3845093887249629,0.04579771471928986,0.004181151447070329,3,10,50
Attentive CNP + PE,m2,1634.0,0.39790651549895606,0.03163353619190114,0.004105768624855905,3,10,50
Attentive CNP + PE,m2,1635.0,0.45182019378741584,0.023681659498052836,0.003972503898426311,3,10,50
Attentive CNP + PE,m2,1636.0,0.45499015786250424,0.028405954487251275,0.0035319652988538633,3,10,50
Attentive CNP + PE,m2,1637.0,0.4258983981112639,0.026414475709557187,0.00323290797500173,3,10,50
Attentive CNP + PE,m2,1638.0,0.43247914648056024,0.031417018925268235,0.0035183935647898693,3,10,50
Attentive CNP + PE,m2,1639.0,0.5125550418496131,0.007717119655737035,0.004032720615912264,3,10,50
Attentive CNP + PE,m2,1640.0,0.5234903652469317,0.01959673940010787,0.005181882253192473,3,10,50
Attentive CNP + PE,m2,1641.0,0.43386682360370954,0.06658931304993837,0.004487904171938373,3,10,50
Attentive CNP + PE,m2,1642.0,0.4459994943539301,0.04387227351791546,0.004852735220063069,3,10,50
Attentive CNP + PE,m2,1643.0,0.5154408103028932,0.012046912586466183,0.004476903027770088,3,10,50
Attentive CNP + PE,m2,1644.0,0.5603229790131251,0.028208168494663306,0.004200709027521259,3,10,50
Attentive CNP + PE,m2,1645.0,0.6059794637759527,0.024106548907198384,0.004375494773851396,3,10,50
Attentive CNP + PE,m2,1646.0,0.6006627770066261,0.012540151846932208,0.004771441601576224,3,10,50
Attentive CNP + PE,m2,1647.0,0.5097378304799398,0.029749862208701575,0.004718548317447721,3,10,50
Attentive CNP + PE,m2,1648.0,0.46657335861523946,0.005032481846101451,0.0046861257513218105,3,10,50
Attentive CNP + PE,m2,1649.0,0.567223685324192,0.03765726843345486,0.004989310515619914,3,10,50
Attentive CNP + PE,m2,1650.0,0.6900535442233084,0.011828794845597844,0.00498896746164378,3,10,50
Attentive CNP + PE,m2,1651.0,0.5737972965836525,0.03074011297165132,0.004983878367104529,3,10,50
Attentive CNP + PE,m2,1652.0,0.45590884812672927,0.035067873799459325,0.005106090712990472,3,10,50
Attentive CNP + PE,m2,1653.0,0.4590687830646833,0.031881931968267274,0.004938503065280569,3,10,50
Attentive CNP + PE,m2,1654.0,0.45326068254311885,0.023616547008475278,0.005024092552763572,3,10,50
Attentive CNP + PE,m2,1655.0,0.4602701110045116,0.03839027705913427,0.005037317829651361,3,10,50
Attentive CNP + PE,m2,1656.0,0.44660431748628615,0.06458846011157167,0.005433207091178072,3,10,50
Attentive CNP + PE,m2,1657.0,0.521309050877889,0.08097617408163033,0.005489272601181624,3,10,50
Attentive CNP + PE,m2,1658.0,0.6526402563452719,0.02173011118243821,0.005058227227412142,3,10,50
Attentive CNP + PE,m2,1659.0,0.720195602575938,0.015936419271322295,0.004115542373826008,3,10,50
Attentive CNP + PE,m2,1660.0,0.6857228367726007,0.012428854562504834,0.004598134300867729,3,10,50
Attentive CNP + PE,m2,1661.0,0.5675632137854895,0.015435061216688846,0.005505066030284234,3,10,50
Attentive CNP + PE,m2,1662.0,0.5392330492138864,0.03450138697159141,0.0053421205714521275,3,10,50
Attentive CNP + PE,m2,1663.0,0.5357492707173029,0.031056906289198834,0.005569496834711676,3,10,50
Attentive CNP + PE,m2,1664.0,0.5515307709177335,0.04005549029214042,0.006318951048640387,3,10,50
Attentive CNP + PE,m2,1665.0,0.5482861322561899,0.05702248637121384,0.006477226490716181,3,10,50
Attentive CNP + PE,m2,1666.0,0.5033625887433688,0.02372312401073302,0.006235571815059585,3,10,50
Attentive CNP + PE,m2,1667.0,0.4763271561662356,0.03644082759761821,0.0058306857799874275,3,10,50
Attentive CNP + PE,m2,1668.0,0.467530866364638,0.03421722851139473,0.005193408072184193,3,10,50
Attentive CNP + PE,m2,1669.0,0.45830796311299005,0.033774467480051064,0.004628488912640567,3,10,50
Attentive CNP + PE,m2,1670.0,0.5061907260417938,0.029803995067209356,0.005244266055953447,3,10,50
Attentive CNP + PE,m2,1671.0,0.5323530649940174,0.031237886623196834,0.005216852068371882,3,10,50
Attentive CNP + PE,m2,1672.0,0.5377367484172185,0.017474410693306398,0.005510802592828441,3,10,50
Attentive CNP + PE,m2,1673.0,0.5315190340677897,0.022672954613466682,0.006309806828606836,3,10,50
Attentive CNP + PE,m2,1674.0,0.5062019660671552,0.04078410816144262,0.005672522377314725,3,10,50
Attentive CNP + PE,m2,1675.0,0.4743471094965935,0.04354632813309527,0.005255949763263633,3,10,50
Attentive CNP + PE,m2,1676.0,0.4586295261085033,0.02196990784812559,0.005359615187461288,3,10,50
Attentive CNP + PE,m2,1677.0,0.48173441425959274,0.005610926678039323,0.005858856561582023,3,10,50
Attentive CNP + PE,m2,1678.0,0.4702120033701261,0.03198265377117136,0.006605670390477968,3,10,50
Attentive CNP + PE,m2,1679.0,0.43183355712890625,0.04516200619626509,0.006696640676652032,3,10,50
Attentive CNP + PE,m2,1680.0,0.40384629561503727,0.01918437199642959,0.006239059658879435,3,10,50
Attentive CNP + PE,m2,1681.0,0.4266363442937533,0.011048489495625658,0.0055799953514327,3,10,50
Attentive CNP + PE,m2,1682.0,0.47702892607450487,0.03308022155014665,0.004791898937655314,3,10,50
Attentive CNP + PE,m2,1683.0,0.49744602217276895,0.0376190417584048,0.004068360432255022,3,10,50
Attentive CNP + PE,m2,1684.0,0.5287640909353891,0.031068120121487415,0.004603647804010533,3,10,50
Attentive CNP + PE,m2,1685.0,0.5577594629128775,0.04924663187123635,0.006211088664426482,3,10,50
Attentive CNP + PE,m2,1686.0,0.5318116001884143,0.015892845496133328,0.005938959802832346,3,10,50
Attentive CNP + PE,m2,1687.0,0.480582501510779,0.01574266868400142,0.005446326513590785,3,10,50
Attentive CNP + PE,m2,1688.0,0.45650138366222387,0.024921224060574756,0.0056550518510970005,3,10,50
Attentive CNP + PE,m2,1689.0,0.44348232033848767,0.09297365736942154,0.0055450159857705775,3,10,50
Attentive CNP + PE,m2,1690.0,0.40823827977975213,0.09618442531875104,0.004527570416263217,3,10,50
Attentive CNP + PE,m2,1691.0,0.4249335403641065,0.05549041533884765,0.0048414026200056534,3,10,50
Attentive CNP + PE,m2,1692.0,0.437121235648791,0.01077908998657707,0.004822429255770115,3,10,50
Attentive CNP + PE,m2,1693.0,0.41265326483050985,0.019040351380091677,0.0050639247620502875,3,10,50
Attentive CNP + PE,m2,1694.0,0.36343470769127206,0.03369984906175001,0.0046431278324065425,3,10,50
Attentive CNP + PE,m2,1695.0,0.396102259427309,0.02457433476082659,0.005203634709990295,3,10,50
Attentive CNP + PE,m2,1696.0,0.506202008187771,0.033402596554218955,0.00578493712561873,3,10,50
Attentive CNP + PE,m2,1697.0,0.559086053888003,0.00958731830331839,0.005623314352605535,3,10,50
Attentive CNP + PE,m2,1698.0,0.6026974976062774,0.03859294073809617,0.005561273132727604,3,10,50
Attentive CNP + PE,m2,1699.0,0.5840585736831031,0.04814117185092908,0.0055409089654699884,3,10,50
Attentive CNP + PE,m2,1700.0,0.4718906662066778,0.03298301330330776,0.005233856853878611,3,10,50
Attentive CNP + PE,m2,1701.0,0.38163762289285663,0.034726257859331734,0.004259163819966758,3,10,50
Attentive CNP + PE,m2,1702.0,0.3517727771798769,0.011386155913146146,0.004370488329136652,3,10,50
Attentive CNP + PE,m2,1703.0,0.4873268595337869,0.06279740252851776,0.005817472805171482,3,10,50
Attentive CNP + PE,m2,1704.0,0.5474345802863438,0.07752955357085307,0.005717659060471505,3,10,50
Attentive CNP + PE,m2,1705.0,0.5067817855079969,0.014776483789047182,0.005465601701000042,3,10,50
Attentive CNP + PE,m2,1706.0,0.4680774124264717,0.019137240954302238,0.0051362516136107044,3,10,50
Attentive CNP + PE,m2,1707.0,0.456668654859066,0.02013023833469455,0.005226407157966631,3,10,50
Attentive CNP + PE,m2,1708.0,0.4745191011627516,0.026933245051037075,0.005304656205168263,3,10,50
Attentive CNP + PE,m2,1709.0,0.5640677159031232,0.01668618296812185,0.006084584380490206,3,10,50
Attentive CNP + PE,m2,1710.0,0.48638886354366945,0.013810126182528798,0.006197706777731474,3,10,50
Attentive CNP + PE,m2,1711.0,0.44327248575290046,0.016429059341559065,0.005427790472812443,3,10,50
Attentive CNP + PE,m2,1712.0,0.4283329152464866,0.006778603019424318,0.005012795920078262,3,10,50
Attentive CNP + PE,m2,1713.0,0.42334798445304234,0.010499174590804442,0.004548728370806861,3,10,50
Attentive CNP + PE,m2,1714.0,0.3996634956002236,0.006136772873165027,0.0034145986823178333,3,10,50
Attentive CNP + PE,m2,1715.0,0.37532780444622044,0.02071501362760356,0.00341159896520484,3,10,50
Attentive CNP + PE,m2,1716.0,0.42504090050856275,0.022315903448261475,0.003797382771759007,3,10,50
Attentive CNP + PE,m2,1717.0,0.5681185910304387,0.02835739988547615,0.0044838845108517355,3,10,50
Attentive CNP + PE,m2,1718.0,0.6490795533259709,0.05243608284544487,0.004427856034761188,3,10,50
Attentive CNP + PE,m2,1719.0,0.5960166356960933,0.04850122796851669,0.005333436616380818,3,10,50
Attentive CNP + PE,m2,1720.0,0.4672263935605685,0.021734716724576025,0.005403735572213218,3,10,50
Attentive CNP + PE,m2,1721.0,0.45774552718798317,0.007472804200836714,0.005256149636896736,3,10,50
Attentive CNP + PE,m2,1722.0,0.43135984810193384,0.04124821300128818,0.004295819114674121,3,10,50
Attentive CNP + PE,m2,1723.0,0.4248995111187299,0.014801754449311935,0.005128636395246202,3,10,50
Attentive CNP + PE,m2,1724.0,0.45535445111989975,0.02066964361192391,0.005776688038418851,3,10,50
Attentive CNP + PE,m2,1725.0,0.4546380980213483,0.023714697793925953,0.005991383286728862,3,10,50
Attentive CNP + PE,m2,1726.0,0.4185492394665877,0.06001342816308972,0.005552505404846958,3,10,50
Attentive CNP + PE,m2,1727.0,0.4566374983290831,0.07423032441108661,0.005521818202608442,3,10,50
Attentive CNP + PE,m2,1728.0,0.5388467184106509,0.032232928394107956,0.005398278348641632,3,10,50
Attentive CNP + PE,m2,1729.0,0.5167511040965715,0.03366964108475564,0.005084341193581791,3,10,50
Attentive CNP + PE,m2,1730.0,0.5216104888319969,0.01781083803273698,0.005500841021133517,3,10,50
Attentive CNP + PE,m2,1731.0,0.5050405507485073,0.01782111404145266,0.00575611101019861,3,10,50
Attentive CNP + PE,m2,1732.0,0.43594083909193676,0.025841196207786618,0.005541119429441726,3,10,50
Attentive CNP + PE,m2,1733.0,0.30548326885700233,0.02227330464028871,0.004093388605055843,3,10,50
Attentive CNP + PE,m2,1734.0,0.2422230776082724,0.05110405303436136,0.0030999835862243943,3,10,50
Attentive CNP + PE,m2,1735.0,0.2546855135460695,0.08417537496380133,0.003218998829627963,3,10,50
Attentive CNP + PE,m2,1736.0,0.34442771826684476,0.04958423896831592,0.004314828080957935,3,10,50
Attentive CNP + PE,m2,1737.0,0.48974543104569124,0.04492775438257065,0.005174810228962817,3,10,50
Attentive CNP + PE,m2,1738.0,0.6043151015639304,0.041757494215663556,0.004871472392470613,3,10,50
Attentive CNP + PE,m2,1739.0,0.647088189204534,0.028584295102143362,0.004728813188578718,3,10,50
Attentive CNP + PE,m2,1740.0,0.5670256001154582,0.052889524744975755,0.004670358289119034,3,10,50
Attentive CNP + PE,m2,1741.0,0.42229624800135696,0.08142099535253422,0.0047582881163315445,3,10,50
Attentive CNP + PE,m2,1742.0,0.4587734807829062,0.0697196278923146,0.005527858853934856,3,10,50
Attentive CNP + PE,m2,1743.0,0.5477465170621871,0.011285638127347859,0.006472050211079199,3,10,50
Attentive CNP + PE,m2,1744.0,0.5399643743236859,0.02149153927933267,0.0051174645122954296,3,10,50
Attentive CNP + PE,m2,1745.0,0.5054502864480018,0.01478796266841901,0.0045175506283054384,3,10,50
Attentive CNP + PE,m2,1746.0,0.48013976862033214,0.029896306455616535,0.004274822965732138,3,10,50
Attentive CNP + PE,m2,1747.0,0.49512865827480956,0.0678944238727097,0.004570255101560063,3,10,50
Attentive CNP + PE,m2,1748.0,0.5729367622733116,0.03592838824100885,0.004922151959160592,3,10,50
Attentive CNP + PE,m2,1749.0,0.5997157561381657,0.029975527088658405,0.004557741217731812,3,10,50
Attentive CNP + PE,m2,1750.0,0.5575807095368704,0.04909897027136156,0.004861921874583981,3,10,50
Attentive CNP + PE,m2,1751.0,0.5144260491132736,0.046968891163388204,0.0052970869001777235,3,10,50
Attentive CNP + PE,m2,1752.0,0.4602807477513949,0.035554960461521574,0.005332887174899816,3,10,50
Attentive CNP + PE,m2,1753.0,0.4243116312424342,0.07645705372479865,0.005376231784343717,3,10,50
Attentive CNP + PE,m2,1754.0,0.43409534843762715,0.04210995118441903,0.005507731092405152,3,10,50
Attentive CNP + PE,m2,1755.0,0.43751331620415046,0.028612536938932294,0.006375132622437542,3,10,50
Attentive CNP + PE,m2,1756.0,0.44818412691354753,0.05790471175904379,0.00700871657529394,3,10,50
Attentive CNP + PE,m2,1757.0,0.5022808574438095,0.024108408418304153,0.008491379677373742,3,10,50
Attentive CNP + PE,m2,1758.0,0.5608888759215673,0.03988873162636246,0.007395152630121825,3,10,50
Attentive CNP + PE,m2,1759.0,0.5082327920198441,0.03365932442811563,0.006079264048256878,3,10,50
Attentive CNP + PE,m2,1760.0,0.42164955401420584,0.06309645363296162,0.004706555215497226,3,10,50
Attentive CNP + PE,m2,1761.0,0.3320435861547788,0.02332720742573779,0.004344954135683335,3,10,50
Attentive CNP + PE,m2,1762.0,0.3383369716803233,0.016128191523262874,0.00527100776474669,3,10,50
Attentive CNP + PE,m2,1763.0,0.38001022819677993,0.018910805065300487,0.005877309416866453,3,10,50
Attentive CNP + PE,m2,1764.0,0.46012884640693663,0.027239177284485435,0.006799495792950266,3,10,50
Attentive CNP + PE,m2,1765.0,0.4893412686785062,0.05003057438054053,0.006456939592108596,3,10,50
Attentive CNP + PE,m2,1766.0,0.5229605902433395,0.07721243629534286,0.007992614649235475,3,10,50
Attentive CNP + PE,m2,1767.0,0.5953983954191209,0.030430481304926912,0.007930202737305048,3,10,50
Attentive CNP + PE,m2,1768.0,0.5509146321614583,0.020621137326618355,0.006339555995681742,3,10,50
Attentive CNP + PE,m2,1769.0,0.46096837137142826,0.039487619018454184,0.004933300028664328,3,10,50
Attentive CNP + PE,m2,1770.0,0.45968975679079693,0.025699029952194558,0.0046895496701507165,3,10,50
Attentive CNP + PE,m2,1771.0,0.4579739952683448,0.011068447655648414,0.004937917972280725,3,10,50
Attentive CNP + PE,m2,1772.0,0.45416822183132183,0.007133918814536561,0.005312609041945741,3,10,50
Attentive CNP + PE,m2,1773.0,0.4579286377827327,0.020624783114692357,0.004898764842192334,3,10,50
Attentive CNP + PE,m2,1774.0,0.46297334969043735,0.013181814945943369,0.005409002271695478,3,10,50
Attentive CNP + PE,m2,1775.0,0.4898651708563169,0.023919563238697487,0.0053517861355794035,3,10,50
Attentive CNP + PE,m2,1776.0,0.5202760606805482,0.03526998103191271,0.0067146178206119135,3,10,50
Attentive CNP + PE,m2,1777.0,0.4903381075461706,0.0019728110484082332,0.006689118062993033,3,10,50
Attentive CNP + PE,m2,1778.0,0.4180556768278281,0.032294506439069594,0.005884047616754838,3,10,50
Attentive CNP + PE,m2,1779.0,0.36871935163935027,0.029763739828341514,0.004725605233729131,3,10,50
Attentive CNP + PE,m2,1780.0,0.3554681889812152,0.020461454780432955,0.00512490117161729,3,10,50
Attentive CNP + PE,m2,1781.0,0.35584566023945813,0.02357663209293685,0.005011858344690762,3,10,50
Attentive CNP + PE,m2,1782.0,0.3618548168639342,0.03517528773300356,0.0051163975670792325,3,10,50
Attentive CNP + PE,m2,1783.0,0.40446907844146085,0.03072299840296053,0.0045999557783199035,3,10,50
Attentive CNP + PE,m2,1784.0,0.45167149964968356,0.015412082716461434,0.004649173935351385,3,10,50
Attentive CNP + PE,m2,1785.0,0.4874136644204458,0.020932222338519154,0.005123633300521947,3,10,50
Attentive CNP + PE,m2,1786.0,0.5719534727136294,0.058931962916941964,0.005993654609569319,3,10,50
Attentive CNP + PE,m2,1787.0,0.6895964251756667,0.027178579903795932,0.006153751193664632,3,10,50
Attentive CNP + PE,m2,1788.0,0.626915924012661,0.09232235265287675,0.006625471048121184,3,10,50
Attentive CNP + PE,m2,1789.0,0.49880434827009834,0.036956293765741464,0.0063694288994245105,3,10,50
Attentive CNP + PE,m2,1790.0,0.48100441102186836,0.005986023575058324,0.006212369178166262,3,10,50
Attentive CNP + PE,m2,1791.0,0.5536574396689732,0.035189065603073715,0.006221835692264955,3,10,50
Attentive CNP + PE,m2,1792.0,0.5763990141352018,0.027618465180878998,0.005453737771317481,3,10,50
Attentive CNP + PE,m2,1793.0,0.5932856241464615,0.02453808376908336,0.005299057729403151,3,10,50
Attentive CNP + PE,m2,1794.0,0.6713529955347378,0.01548809659839473,0.004321716576726103,3,10,50
Attentive CNP + PE,m2,1795.0,0.7636757014195125,0.009188612582909381,0.004174928922809999,3,10,50
Attentive CNP + PE,m2,1796.0,0.7568304165601729,0.01708096352040447,0.004149107910310579,3,10,50
Attentive CNP + PE,m2,1797.0,0.5956767409642537,0.0349323764065574,0.005097402579653839,3,10,50
Attentive CNP + PE,m2,1798.0,0.44519840202728905,0.017204795066637874,0.005206337826523585,3,10,50
Attentive CNP + PE,m2,1799.0,0.40532247522473347,0.0455334198646086,0.004407412362268486,3,10,50
Attentive CNP + PE,m2,1800.0,0.3923807363609472,0.039898349057960636,0.0047962914448458965,3,10,50
Attentive CNP + PE,m2,1801.0,0.39247161735097563,0.029187955978218796,0.004941396482344005,3,10,50
Attentive CNP + PE,m2,1802.0,0.41297995599110915,0.04118007787875388,0.005098918750994463,3,10,50
Attentive CNP + PE,m2,1803.0,0.4422152863740922,0.01806815263259499,0.005816942797061066,3,10,50
Attentive CNP + PE,m2,1804.0,0.4861396668155988,0.05380977446399077,0.006184508803712571,3,10,50
Attentive CNP + PE,m2,1805.0,0.5765663845737775,0.0451483700877299,0.007036410581790079,3,10,50
Attentive CNP + PE,m2,1806.0,0.5842944977084797,0.007584793338915711,0.007345725380203589,3,10,50
Attentive CNP + PE,m2,1807.0,0.44214542428652454,0.023522567947690524,0.006128218766911923,3,10,50
Attentive CNP + PE,m2,1808.0,0.4198818320433298,0.021418721946616794,0.00584350133835463,3,10,50
Attentive CNP + PE,m2,1809.0,0.4601697579622268,0.03179190511889368,0.006508735225310296,3,10,50
Attentive CNP + PE,m2,1810.0,0.5294317132035892,0.03303480280173371,0.0062033564486042,3,10,50
Attentive CNP + PE,m2,1811.0,0.5494241155187289,0.029650086465452852,0.005463881394007054,3,10,50
Attentive CNP + PE,m2,1812.0,0.5304866500298182,0.025075625955682832,0.005548537610349261,3,10,50
Attentive CNP + PE,m2,1813.0,0.5581532254815101,0.03840317566661157,0.005760984169357431,3,10,50
Attentive CNP + PE,m2,1814.0,0.6184468966722488,0.026182862374324274,0.0050939095458451805,3,10,50
Attentive CNP + PE,m2,1815.0,0.6029801776607832,0.032363921173826825,0.0051859931656451,3,10,50
Attentive CNP + PE,m2,1816.0,0.49557596959670386,0.019952802199861803,0.004918913420343978,3,10,50
Attentive CNP + PE,m2,1817.0,0.43083549166719126,0.02396151708384814,0.004780271508528013,3,10,50
Attentive CNP + PE,m2,1818.0,0.4901467511057853,0.019396345911216122,0.00456203993995881,3,10,50
Attentive CNP + PE,m2,1819.0,0.4898038175304731,0.024682423217538666,0.003975569390267009,3,10,50
Attentive CNP + PE,m2,1820.0,0.4555022303958734,0.05414919340342443,0.004147691310870845,3,10,50
Attentive CNP + PE,m2,1821.0,0.48233931934833524,0.024720856052328082,0.004621829955985674,3,10,50
Attentive CNP + PE,m2,1822.0,0.4753244776129722,0.014133550178232424,0.004910917381956858,3,10,50
Attentive CNP + PE,m2,1823.0,0.4753927670915921,0.025623115959478394,0.004913950170252457,3,10,50
Attentive CNP + PE,m2,1824.0,0.46983708055814105,0.025141048231874977,0.004693557944736412,3,10,50
Attentive CNP + PE,m2,1825.0,0.4897767443458239,0.006446753375205487,0.004908644796077971,3,10,50
Attentive CNP + PE,m2,1826.0,0.5406689365108808,0.039266200038227186,0.0044540594533845675,3,10,50
Attentive CNP + PE,m2,1827.0,0.5630472564498583,0.037240882929517674,0.0038582796761912216,3,10,50
Attentive CNP + PE,m2,1828.0,0.5799631461898486,0.03704559874930587,0.0036042872585917603,3,10,50
Attentive CNP + PE,m2,1829.0,0.5728923509120941,0.03703162720060126,0.0040361100610735575,3,10,50
Attentive CNP + PE,m2,1830.0,0.5453741338054339,0.031984303759401866,0.003966942423057364,3,10,50
Attentive CNP + PE,m2,1831.0,0.48960345796744026,0.012597127644157881,0.0045580060002855674,3,10,50
Attentive CNP + PE,m2,1832.0,0.43645798321564994,0.020037999466966546,0.004465995776814945,3,10,50
Attentive CNP + PE,m2,1833.0,0.48454850039879477,0.011672650844680174,0.004236432639236475,3,10,50
Attentive CNP + PE,m2,1834.0,0.5557966378728548,0.0393885423883939,0.005111898280349974,3,10,50
Attentive CNP + PE,m2,1835.0,0.5392761724591256,0.03091486018581425,0.005008647196642972,3,10,50
Attentive CNP + PE,m2,1836.0,0.4626272564530373,0.04206992884644343,0.005125183786542254,3,10,50
Attentive CNP + PE,m2,1837.0,0.47032965030272794,0.04479401734634713,0.004563068416312222,3,10,50
Attentive CNP + PE,m2,1838.0,0.5075343108773231,0.06053059786067968,0.0038084952759431766,3,10,50
Attentive CNP + PE,m2,1839.0,0.5078112246990204,0.0434318085397122,0.0033681572998610996,3,10,50
Attentive CNP + PE,m2,1840.0,0.4478701288104057,0.01859796087015112,0.003553892020555222,3,10,50
Attentive CNP + PE,m2,1841.0,0.4182189637025197,0.017826875057485845,0.0037769172238344586,3,10,50
Attentive CNP + PE,m2,1842.0,0.4271668619513511,0.014870161630504425,0.004578467752452372,3,10,50
Attentive CNP + PE,m2,1843.0,0.4693998229900996,0.02005600516216644,0.005468537861453004,3,10,50
Attentive CNP + PE,m2,1844.0,0.6181449305613834,0.00729073669822817,0.00643474362006941,3,10,50
Attentive CNP + PE,m2,1845.0,0.6916537851889929,0.03617387657702412,0.005741004886210702,3,10,50
Attentive CNP + PE,m2,1846.0,0.5825695943037669,0.02736968754822491,0.006026563613732082,3,10,50
Attentive CNP + PE,m2,1847.0,0.49978694611787805,0.03685985166137744,0.005215876300033111,3,10,50
Attentive CNP + PE,m2,1848.0,0.48968926604588825,0.03752944968484036,0.005006261941590853,3,10,50
Attentive CNP + PE,m2,1849.0,0.4620311944484711,0.03943089938248454,0.004717711902434572,3,10,50
Attentive CNP + PE,m2,1850.0,0.4171749294797579,0.02450440919094514,0.004231250444093919,3,10,50
Attentive CNP + PE,m2,1851.0,0.3766911445955436,0.0058301372073664955,0.004073704659841672,3,10,50
Attentive CNP + PE,m2,1852.0,0.4026798747678597,0.06642895847539672,0.004112869203491835,3,10,50
Attentive CNP + PE,m2,1853.0,0.5083574908971786,0.059240214909110626,0.004296512132870783,3,10,50
Attentive CNP + PE,m2,1854.0,0.6464461018443108,0.010654076680312246,0.0046254828678970565,3,10,50
Attentive CNP + PE,m2,1855.0,0.6496967473030091,0.01305025702521574,0.0055032259970717165,3,10,50
Attentive CNP + PE,m2,1856.0,0.5206019691427549,0.046255260708089545,0.0053447794057427354,3,10,50
Attentive CNP + PE,m2,1857.0,0.3993051283160845,0.005716670824384371,0.004521587654044511,3,10,50
Attentive CNP + PE,m2,1858.0,0.3059445653259754,0.08981006439054515,0.004029887757602669,3,10,50
Attentive CNP + PE,m2,1859.0,0.2977554998844862,0.09520175200236247,0.00392150378651275,3,10,50
Attentive CNP + PE,m2,1860.0,0.42789521179596585,0.01699243669433276,0.004200572718736705,3,10,50
Attentive CNP + PE,m2,1861.0,0.462229536195596,0.03216435769910484,0.004054327204529169,3,10,50
Attentive CNP + PE,m2,1862.0,0.4398943654298782,0.017058664568172656,0.004808493879889347,3,10,50
Attentive CNP + PE,m2,1863.0,0.454026539127032,0.012972300273332588,0.0047440441026874655,3,10,50
Attentive CNP + PE,m2,1864.0,0.5832634235024452,0.01941419513464266,0.0052693964148685804,3,10,50
Attentive CNP + PE,m2,1865.0,0.5093479260404905,0.05753929013185115,0.0056295921770741775,3,10,50
Attentive CNP + PE,m2,1866.0,0.3723894463280837,0.03610391627784413,0.005217198520960199,3,10,50
Attentive CNP + PE,m2,1867.0,0.32708899016181636,0.02759890201212387,0.0045743568820136235,3,10,50
Attentive CNP + PE,m2,1868.0,0.36109604202707607,0.019838866263877753,0.004680286485341125,3,10,50
Attentive CNP + PE,m2,1869.0,0.41584912906090415,0.021489959627114655,0.005242852610425379,3,10,50
Attentive CNP + PE,m2,1870.0,0.4821198623577754,0.013999906841114879,0.004941513970477572,3,10,50
Attentive CNP + PE,m2,1871.0,0.5114574566483499,0.03997385718286567,0.004695053734889613,3,10,50
Attentive CNP + PE,m2,1872.0,0.569323294599851,0.01145127891292155,0.0042241161312805324,3,10,50
Attentive CNP + PE,m2,1873.0,0.6679741658171018,0.036281129289564513,0.004720645568080273,3,10,50
Attentive CNP + PE,m2,1874.0,0.5330448748866717,0.02706409861584683,0.005935368219924434,3,10,50
Attentive CNP + PE,m2,1875.0,0.2693361750692129,0.02852279463002825,0.005363567349222841,3,10,50
Attentive CNP + PE,m2,1876.0,0.23008017766227326,0.005140319961343409,0.005354649969584104,3,10,50
Attentive CNP + PE,m2,1877.0,0.29229371291895706,0.005537615721876784,0.005366907044246585,3,10,50
Attentive CNP + PE,m2,1878.0,0.3984103301068147,0.023438362092681197,0.0054432544980373004,3,10,50
Attentive CNP + PE,m2,1879.0,0.45389516794681545,0.012402726951781972,0.005626942471847612,3,10,50
Attentive CNP + PE,m2,1880.0,0.5168947896560033,0.021378928935710258,0.006143291960358117,3,10,50
Attentive CNP + PE,m2,1881.0,0.577059969842434,0.03495305796404419,0.006321785520605729,3,10,50
Attentive CNP + PE,m2,1882.0,0.6172992934187254,0.046198938357504105,0.006095540890993759,3,10,50
Attentive CNP + PE,m2,1883.0,0.5908550830880801,0.028940779088737795,0.006610798919248122,3,10,50
Attentive CNP + PE,m2,1884.0,0.400489993929863,0.03994428908620963,0.007228138669497337,3,10,50
Attentive CNP + PE,m2,1885.0,0.2659456030329068,0.046278617121655395,0.007118103710698519,3,10,50
Attentive CNP + PE,m2,1886.0,0.30767679285258054,0.06281105822478569,0.007534271545160454,3,10,50
Attentive CNP + PE,m2,1887.0,0.4002455155650774,0.044624259960952165,0.007831274028817914,3,10,50
Attentive CNP + PE,m2,1888.0,0.46451860437790554,0.0305583298753284,0.0065420690026177465,3,10,50
Attentive CNP + PE,m2,1889.0,0.4556063272953033,0.036038033614694015,0.006703796270363889,3,10,50
Attentive CNP + PE,m2,1890.0,0.49935715033610667,0.042143447026387594,0.006269947019330816,3,10,50
Attentive CNP + PE,m2,1891.0,0.5095313004056613,0.04022818494690529,0.005941253462626024,3,10,50
Attentive CNP + PE,m2,1892.0,0.5209103376269341,0.0399756280006798,0.005887267880140382,3,10,50
Attentive CNP + PE,m2,1893.0,0.5097170768181484,0.03593316973210137,0.006569934814479141,3,10,50
Attentive CNP + PE,m2,1894.0,0.41770600133140884,0.04544483221672426,0.006998166487104375,3,10,50
Attentive CNP + PE,m2,1895.0,0.4357701891163985,0.03982383874273772,0.006630313200573348,3,10,50
Attentive CNP + PE,m2,1896.0,0.5144136611024539,0.07656320021219416,0.006421167858751915,3,10,50
Attentive CNP + PE,m2,1897.0,0.5058042004704475,0.056459185824317804,0.005447463533594529,3,10,50
Attentive CNP + PE,m2,1898.0,0.5028894319732984,0.03320053641203684,0.005152250445688081,3,10,50
Attentive CNP + PE,m2,1899.0,0.5886034341057141,0.01399794344252699,0.005325893481062515,3,10,50
Attentive CNP + PE,m2,1900.0,0.5983648726940155,0.00968464941676799,0.005617039282347274,3,10,50
Attentive CNP + PE,m2,1901.0,0.5469568638404211,0.008510964144391455,0.005246863806952692,3,10,50
Attentive CNP + PE,m2,1902.0,0.5179246029059091,0.030607733138298177,0.004955314715896699,3,10,50
Attentive CNP + PE,m2,1903.0,0.49355150343974435,0.06141825377391134,0.004650096402756907,3,10,50
Attentive CNP + PE,m2,1904.0,0.41313568379481636,0.03484850974531802,0.004766100993761417,3,10,50
Attentive CNP + PE,m2,1905.0,0.3839438478449981,0.036615779078470204,0.005346629654701957,3,10,50
Attentive CNP + PE,m2,1906.0,0.43097341374556225,0.040600562225126625,0.005518875888532043,3,10,50
Attentive CNP + PE,m2,1907.0,0.4858820241292318,0.016699209470559473,0.005489897568187803,3,10,50
Attentive CNP + PE,m2,1908.0,0.5012007670203845,0.01092622331270362,0.005524416231481665,3,10,50
Attentive CNP + PE,m2,1909.0,0.49621127937237414,0.024311179280677383,0.005501076803984727,3,10,50
Attentive CNP + PE,m2,1910.0,0.5369569688638052,0.043073724564123776,0.005172612868481836,3,10,50
Attentive CNP + PE,m2,1911.0,0.550869829972585,0.011089498029089912,0.006249384660435772,3,10,50
Attentive CNP + PE,m2,1912.0,0.4891500975688299,0.014109034314244222,0.007676093064685946,3,10,50
Attentive CNP + PE,m2,1913.0,0.35838201213876414,0.03840754759322904,0.007125975157111895,3,10,50
Attentive CNP + PE,m2,1914.0,0.2745302088757356,0.032762739123799796,0.006651744254519239,3,10,50
Attentive CNP + PE,m2,1915.0,0.2910505687991778,0.01291812873127976,0.006169998193529074,3,10,50
Attentive CNP + PE,m2,1916.0,0.36378800622622176,0.007917979716158602,0.00612868145081226,3,10,50
Attentive CNP + PE,m2,1917.0,0.3984284552335739,0.014714982693832297,0.005388999206048618,3,10,50
Attentive CNP + PE,m2,1918.0,0.40852991035580627,0.00775391892850595,0.005225264219525477,3,10,50
Attentive CNP + PE,m2,1919.0,0.4639982197284698,0.02526585515770277,0.005537750310311296,3,10,50
Attentive CNP + PE,m2,1920.0,0.5066874967416127,0.04737600403532767,0.005756537599431756,3,10,50
Attentive CNP + PE,m2,1921.0,0.5306052040060362,0.03081560852154073,0.005417077836670985,3,10,50
Attentive CNP + PE,m2,1922.0,0.5269723678628604,0.03613983413605479,0.006115937367807464,3,10,50
Attentive CNP + PE,m2,1923.0,0.4275516629417737,0.01763014275034998,0.006813874552705987,3,10,50
Attentive CNP + PE,m2,1924.0,0.3076391450961431,0.06002365327998431,0.005535495736120311,3,10,50
Attentive CNP + PE,m2,1925.0,0.3137399686624606,0.05512919823288641,0.005835199844862564,3,10,50
Attentive CNP + PE,m2,1926.0,0.3970952689349651,0.018963607253722557,0.005861723247420806,3,10,50
Attentive CNP + PE,m2,1927.0,0.4536947305599848,0.008305785593923646,0.005387109302378341,3,10,50
Attentive CNP + PE,m2,1928.0,0.4592267214854558,0.01937243111798767,0.00540990514963004,3,10,50
Attentive CNP + PE,m2,1929.0,0.4577846351861954,0.037875561204747464,0.0053498836610978125,3,10,50
Attentive CNP + PE,m2,1930.0,0.4408828100562096,0.04372379386452264,0.004893650436730818,3,10,50
Attentive CNP + PE,m2,1931.0,0.4067504584987958,0.020259814535471415,0.0052507965009365625,3,10,50
Attentive CNP + PE,m2,1932.0,0.41810689908266063,0.02161869114488447,0.005618127288814552,3,10,50
Attentive CNP + PE,m2,1933.0,0.4309195437431335,0.017644806648489754,0.006310610067735689,3,10,50
Attentive CNP + PE,m2,1934.0,0.4294349372982979,0.03840249669584728,0.0064301608932132185,3,10,50
Attentive CNP + PE,m2,1935.0,0.4470244594911735,0.06308657650801401,0.0054662988650597015,3,10,50
Attentive CNP + PE,m2,1936.0,0.4634866887231668,0.05440347963433908,0.0053610002664749344,3,10,50
Attentive CNP + PE,m2,1937.0,0.5062680361270905,0.029750253012936385,0.005605174938775967,3,10,50
Attentive CNP + PE,m2,1938.0,0.4715902367631595,0.0199917527056076,0.006428343955259264,3,10,50
Attentive CNP + PE,m2,1939.0,0.45918848848342897,0.02657484905733387,0.005612634334985119,3,10,50
Attentive CNP + PE,m2,1940.0,0.48703274345397946,0.01511481539638524,0.005331660499443804,3,10,50
Attentive CNP + PE,m2,1941.0,0.5492066772182782,0.0501726810008403,0.0056360943831918545,3,10,50
Attentive CNP + PE,m2,1942.0,0.6924008557200433,0.05199300718367337,0.004847486935859424,3,10,50
Attentive CNP + PE,m2,1943.0,0.7719143447081248,0.03166093919100962,0.004662032198730479,3,10,50
Attentive CNP + PE,m2,1944.0,0.7058848427335421,0.023470491226392397,0.005882238584082912,3,10,50
Attentive CNP + PE,m2,1945.0,0.6385731540520986,0.049685209178791684,0.005874858939322647,3,10,50
Attentive CNP + PE,m2,1946.0,0.62357185759147,0.017688828898709243,0.0056074527670804805,3,10,50
Attentive CNP + PE,m2,1947.0,0.6269537529349327,0.029923734233649458,0.004858441157041372,3,10,50
Attentive CNP + PE,m2,1948.0,0.5779077621301015,0.06090783477084695,0.005112229056835143,3,10,50
Attentive CNP + PE,m2,1949.0,0.43460257973273597,0.08282830684260015,0.005157458879835409,3,10,50
Attentive CNP + PE,m2,1950.0,0.3870357143779595,0.037919854026283555,0.004622702189291596,3,10,50
Attentive CNP + PE,m2,1951.0,0.514556546707948,0.06685443830487932,0.0060688151831951006,3,10,50
Attentive CNP + PE,m2,1952.0,0.5351323775251706,0.04534553142842342,0.006305948391590394,3,10,50
Attentive CNP + PE,m2,1953.0,0.40639484332998593,0.019308573650333644,0.0059391946838941575,3,10,50
Attentive CNP + PE,m2,1954.0,0.3848060945868492,0.03915648737369393,0.005807627782023578,3,10,50
Attentive CNP + PE,m2,1955.0,0.3822665937244893,0.07036200183210349,0.006452232095687828,3,10,50
Attentive CNP + PE,m2,1956.0,0.3516986190179983,0.019702502958319674,0.00600592254157064,3,10,50
Attentive CNP + PE,m2,1957.0,0.39014827632904053,0.006481243335474611,0.00554734632454832,3,10,50
Attentive CNP + PE,m2,1958.0,0.4247766194343567,0.07335031507257427,0.00591377808949596,3,10,50
Attentive CNP + PE,m2,1959.0,0.4419872462451458,0.025318807882429017,0.005162992308651487,3,10,50
Attentive CNP + PE,m2,1960.0,0.44677934981385864,0.004425633905972136,0.004749397906598152,3,10,50
Attentive CNP + PE,m2,1961.0,0.5395667382081349,0.0597976758502809,0.004822117064252855,3,10,50
Attentive CNP + PE,m2,1962.0,0.6461233369708062,0.054041526578598204,0.004941427671884897,3,10,50
Attentive CNP + PE,m2,1963.0,0.6038539520303409,0.016463021689751958,0.00528641210905273,3,10,50
Attentive CNP + PE,m2,1964.0,0.5754226408600808,0.01930226283107246,0.005742008418973858,3,10,50
Attentive CNP + PE,m2,1965.0,0.5352559220592181,0.028470828171854288,0.0061673121032433135,3,10,50
Attentive CNP + PE,m2,1966.0,0.5298844050367673,0.02194125012976479,0.005488326451303369,3,10,50
Attentive CNP + PE,m2,1967.0,0.48129404270648957,0.029613936444390945,0.0050570192802611635,3,10,50
Attentive CNP + PE,m2,1968.0,0.3228117103303472,0.08312129780412308,0.0040407992660592374,3,10,50
Attentive CNP + PE,m2,1969.0,0.24768075010894486,0.1261951495575616,0.0055967642474696,3,10,50
Attentive CNP + PE,m2,1970.0,0.36480109195411203,0.09531027626718196,0.005931886074525297,3,10,50
Attentive CNP + PE,m2,1971.0,0.6031325829227766,0.08741751682945711,0.004702796792502767,3,10,50
Attentive CNP + PE,m2,1972.0,0.6265909367799759,0.056247529722209755,0.004983295115439882,3,10,50
Attentive CNP + PE,m2,1973.0,0.5552632349530856,0.02827189349301341,0.005480158763528315,3,10,50
Attentive CNP + PE,m2,1974.0,0.5916075052618982,0.004480498783495417,0.004964306941515318,3,10,50
Attentive CNP + PE,m2,1975.0,0.5615951040387154,0.026072350910975563,0.004644569538245135,3,10,50
Attentive CNP + PE,m2,1976.0,0.47560563109318416,0.03849011377215947,0.004661981184525044,3,10,50
Attentive CNP + PE,m2,1977.0,0.24760061478118103,0.0319538646755633,0.0035971168638888646,3,10,50
Attentive CNP + PE,m2,1978.0,0.2682790423681338,0.01601347988076025,0.003923882010793565,3,10,50
Attentive CNP + PE,m2,1979.0,0.34886514444152517,0.03943858266275894,0.005001515895593679,3,10,50
Attentive CNP + PE,m2,1980.0,0.35379704731702805,0.05007389648518542,0.0053702440961225575,3,10,50
Attentive CNP + PE,m2,1981.0,0.2882464085916678,0.09041316855878918,0.003482206468909465,3,10,50
Attentive CNP + PE,m2,1982.0,0.3048354654560486,0.07117666073541921,0.003577190555743093,3,10,50
Attentive CNP + PE,m2,1983.0,0.4491140372157097,0.018141267549117112,0.0039040867853274157,3,10,50
Attentive CNP + PE,m2,1984.0,0.5071397668917973,0.012105076334740303,0.003578163628162692,3,10,50
Attentive CNP + PE,m2,1985.0,0.5472877705693245,0.027160940567587305,0.003923315607566672,3,10,50
Attentive CNP + PE,m2,1986.0,0.5416319173574448,0.04156242843595886,0.0036889411511182636,3,10,50
Attentive CNP + PE,m2,1987.0,0.4412165464063485,0.03801199720249116,0.003838324841385538,3,10,50
Attentive CNP + PE,m2,1988.0,0.31382740009824434,0.01832429764062962,0.0036401651461976914,3,10,50
Attentive CNP + PE,m2,1989.0,0.3140925465921561,0.015385584160310207,0.0043124605983581666,3,10,50
Attentive CNP + PE,m2,1990.0,0.2990577541490396,0.006895887162164674,0.005144285533297666,3,10,50
Attentive CNP + PE,m2,1991.0,0.27079740009705217,0.01894352631311616,0.00507013688774036,3,10,50
Attentive CNP + PE,m2,1992.0,0.2971809693177541,0.009447264300326936,0.005058536478284935,3,10,50
Attentive CNP + PE,m2,1993.0,0.38693166740735374,0.009507167310834213,0.005284503121559252,3,10,50
Attentive CNP + PE,m2,1994.0,0.4841879351735115,0.00414763176273977,0.005029967562202884,3,10,50
Attentive CNP + PE,m2,1995.0,0.5341473481853803,0.059150824095082294,0.004689794483111378,3,10,50
Attentive CNP + PE,m2,1996.0,0.5255244008898735,0.053298851657882396,0.0041440640544820485,3,10,50
Attentive CNP + PE,m2,1997.0,0.4628434433142344,0.04367698182954978,0.0036796595893742357,3,10,50
Attentive CNP + PE,m2,1998.0,0.40056145841876667,0.04926220865852442,0.004358701190933218,3,10,50
Attentive CNP + PE,m2,1999.0,0.38448459532856943,0.01877128663852341,0.004513751312646337,3,10,50
Attentive CNP + PE,m2,2000.0,0.3512046031256517,0.027266219459250715,0.003936788846569177,3,10,50
Attentive CNP + PE,m2,2001.0,0.3856820846696694,0.009124163707272662,0.004289431397747244,3,10,50
Attentive CNP + PE,m2,2002.0,0.48147090776761375,0.029286821841460472,0.004507182063622392,3,10,50
Attentive CNP + PE,m2,2003.0,0.5028950270016989,0.03293300465654317,0.004956216728989461,3,10,50
Attentive CNP + PE,m2,2004.0,0.5471970183054606,0.03407183549172865,0.005068152880559796,3,10,50
Attentive CNP + PE,m2,2005.0,0.5891046789487203,0.039742571065788795,0.0050802923236415295,3,10,50
Attentive CNP + PE,m2,2006.0,0.5928247006336848,0.029732250653263983,0.004384136036252079,3,10,50
Attentive CNP + PE,m2,2007.0,0.519105401357015,0.0323627399682041,0.004568440267302836,3,10,50
Attentive CNP + PE,m2,2008.0,0.4496102691690127,0.01934365181813145,0.003958817005952982,3,10,50
Attentive CNP + PE,m2,2009.0,0.47182396596670156,0.012552052908770874,0.0047837419750212514,3,10,50
Attentive CNP + PE,m2,2010.0,0.5493652829726537,0.02406231044083175,0.004561293644166599,3,10,50
Attentive CNP + PE,m2,2011.0,0.5670520558357239,0.05688950037774997,0.0045899602975746304,3,10,50
Attentive CNP + PE,m2,2012.0,0.4944618137081463,0.046789328457846315,0.004970882943207539,3,10,50
Attentive CNP + PE,m2,2013.0,0.4654498432874679,0.02589848107749143,0.004887010457942384,3,10,50
Attentive CNP + PE,m2,2014.0,0.43720603010058406,0.046181034160157806,0.0043183825354855656,3,10,50
Attentive CNP + PE,m2,2015.0,0.34081518293420476,0.01753142238030821,0.003673476137815424,3,10,50
Attentive CNP + PE,m2,2016.0,0.2571990786741177,0.051024439511631055,0.0030746013370359497,3,10,50
Attentive CNP + PE,m2,2017.0,0.3513124981125196,0.041842169295118956,0.004152467238911794,3,10,50
Attentive CNP + PE,m2,2018.0,0.46648575041691465,0.02173187771421204,0.00519542437118313,3,10,50
Attentive CNP + PE,m2,2019.0,0.48923814916610714,0.012289963075866264,0.00550220424166329,3,10,50
Attentive CNP + PE,m2,2020.0,0.4445217949151992,0.039571840495769325,0.004548597082189898,3,10,50
Attentive CNP + PE,m2,2021.0,0.35004347238938016,0.025136548520171484,0.003296334963830283,3,10,50
Attentive CNP + PE,m2,2022.0,0.31440432369212307,0.04379632195504537,0.0032162557678512074,3,10,50
Attentive CNP + PE,m2,2023.0,0.3501980187892914,0.03449801057570628,0.0038325211433619315,3,10,50
Attentive CNP + PE,m2,2024.0,0.34064400280515345,0.0440036578870686,0.0036210651610089246,3,10,50
Attentive CNP + PE,m2,2025.0,0.3209917616248131,0.05229922334572493,0.0031732908367688374,3,10,50
Attentive CNP + PE,m2,2026.0,0.21478583993017675,0.04232743855400183,0.0021760149444359053,3,10,50
Attentive CNP + PE,m2,2027.0,0.16832491858800255,0.025402513085009428,0.0014883121931885568,3,10,50
Attentive CNP + PE,m2,2028.0,0.2638124211281538,0.0154698404370869,0.0024565149499590957,3,10,50
Attentive CNP + PE,m2,2029.0,0.4851729456186294,0.029412467209252814,0.004095384543204069,3,10,50
Attentive CNP + PE,m2,2030.0,0.6301244463125865,0.034380503911629244,0.004564586046783868,3,10,50
Attentive CNP + PE,m2,2031.0,0.5317153177658717,0.05880445749393182,0.005081342468113714,3,10,50
Attentive CNP + PE,m2,2032.0,0.40801594791809714,0.041300162184441824,0.006032292967432708,3,10,50
Attentive CNP + PE,m2,2033.0,0.3981787611643473,0.028818377720724105,0.004895571849534419,3,10,50
Attentive CNP + PE,m2,2034.0,0.40405687419573466,0.021593776572240094,0.004682097801956379,3,10,50
Attentive CNP + PE,m2,2035.0,0.3760734150012334,0.017239821797890652,0.00409424250348536,3,10,50
Attentive CNP + PE,m2,2036.0,0.36621487478415177,0.04056459015438517,0.0034719208006055726,3,10,50
Attentive CNP + PE,m2,2037.0,0.36841196538011234,0.025988619366018387,0.00390928063529743,3,10,50
Attentive CNP + PE,m2,2038.0,0.33519776409864427,0.027151360007555334,0.0035010136385228183,3,10,50
Attentive CNP + PE,m2,2039.0,0.32482110750675197,0.02387317916244821,0.0034926733693361064,3,10,50
Attentive CNP + PE,m2,2040.0,0.4524003560741742,0.026642706269457722,0.0038797408578948463,3,10,50
Attentive CNP + PE,m2,2041.0,0.48259049371878304,0.014954480587249474,0.00527979913100797,3,10,50
Attentive CNP + PE,m2,2042.0,0.4389242927829424,0.021326397953618556,0.00548364993939407,3,10,50
Attentive CNP + PE,m2,2043.0,0.4313410912950834,0.007472307249050937,0.0057019391271262545,3,10,50
Attentive CNP + PE,m2,2044.0,0.4320869764089585,0.016423856799383164,0.005548819557858312,3,10,50
Attentive CNP + PE,m2,2045.0,0.4369697377681732,0.028501402464661922,0.005313588638451143,3,10,50
Attentive CNP + PE,m2,2046.0,0.42091923754413924,0.027439909596149205,0.004624538935305965,3,10,50
Attentive CNP + PE,m2,2047.0,0.38707540736595786,0.05106950382275571,0.0037394694069767882,3,10,50
Attentive CNP + PE,m2,2048.0,0.49668218791484836,0.06636512467040226,0.004860667995995969,3,10,50
Attentive CNP + PE,m2,2049.0,0.7006164247989655,0.08939653349340299,0.004584929232825501,3,10,50
Attentive CNP + PE,m2,2050.0,0.7635569857756296,0.051035621097002805,0.004004129642321123,3,10,50
Attentive CNP + PE,m2,2051.0,0.659474287768205,0.04195562358092706,0.004848821522377828,3,10,50
Attentive CNP + PE,m2,2052.0,0.5265170556306839,0.013498547182551108,0.0060274921518542815,3,10,50
Attentive CNP + PE,m2,2053.0,0.5099794876376788,0.03390105377611461,0.0054845525530078385,3,10,50
Attentive CNP + PE,m2,2054.0,0.4560919175346692,0.037498257635059026,0.004150991615253323,3,10,50
Attentive CNP + PE,m2,2055.0,0.4427873910069466,0.03289888178643207,0.004395035307088469,3,10,50
Attentive CNP + PE,m2,2056.0,0.4380970565478008,0.017461125368147635,0.004773753373151313,3,10,50
Attentive CNP + PE,m2,2057.0,0.4223059215545654,0.022911032857707327,0.005679144285014087,3,10,50
Attentive CNP + PE,m2,2058.0,0.37725064336260167,0.022409514150022028,0.004999296156854057,3,10,50
Attentive CNP + PE,m2,2059.0,0.3215511596898238,0.05801716614497138,0.004662277295794972,3,10,50
Attentive CNP + PE,m2,2060.0,0.33674364803234735,0.05104702317771251,0.004009427715776225,3,10,50
Attentive CNP + PE,m2,2061.0,0.4192369833687941,0.007655426969176751,0.004277267725319555,3,10,50
Attentive CNP + PE,m2,2062.0,0.46304112821817395,0.021649817007841722,0.0047781279149484044,3,10,50
Attentive CNP + PE,m2,2063.0,0.4343515064318975,0.03270404016823814,0.004937581476858667,3,10,50
Attentive CNP + PE,m2,2064.0,0.4397602919340134,0.01795243253790848,0.0048305444457391435,3,10,50
Attentive CNP + PE,m2,2065.0,0.4647990901271502,0.040805319906505176,0.004625202205757473,3,10,50
Attentive CNP + PE,m2,2066.0,0.47115689704815544,0.013298651233625548,0.0040350256454312105,3,10,50
Attentive CNP + PE,m2,2067.0,0.5093688508272171,0.01663095153856451,0.005144076551832947,3,10,50
Attentive CNP + PE,m2,2068.0,0.58561177444458,0.0542507067699988,0.00527195802665302,3,10,50
Attentive CNP + PE,m2,2069.0,0.6192233514984449,0.009188317906214973,0.005825199243045694,3,10,50
Attentive CNP + PE,m2,2070.0,0.6528738602598508,0.0028289464999062277,0.005899401860756224,3,10,50
Attentive CNP + PE,m2,2071.0,0.568245389064153,0.0357877659096049,0.005670397746071371,3,10,50
Attentive CNP + PE,m2,2072.0,0.4271298953294755,0.048671232427613446,0.004742255257533609,3,10,50
Attentive CNP + PE,m2,2073.0,0.3639988431831201,0.056991177958979095,0.0035547387298234816,3,10,50
Attentive CNP + PE,m2,2074.0,0.389515470991532,0.034310973287718816,0.00394451395311263,3,10,50
Attentive CNP + PE,m2,2075.0,0.4695246204733849,0.06524534568997191,0.004559381701608502,3,10,50
Attentive CNP + PE,m2,2076.0,0.4514135346213976,0.03917070935209382,0.004548262531485155,3,10,50
Attentive CNP + PE,m2,2077.0,0.42288183597723644,0.015530049491834287,0.004880312235814494,3,10,50
Attentive CNP + PE,m2,2078.0,0.40523893131812416,0.018737708794146716,0.0044179967072067,3,10,50
Attentive CNP + PE,m2,2079.0,0.4453377637465796,0.022329361996143698,0.004845812951568439,3,10,50
Attentive CNP + PE,m2,2080.0,0.4792921366095542,0.0183409049562242,0.005164637834262693,3,10,50
Attentive CNP + PE,m2,2081.0,0.39294699501991276,0.020938640735867403,0.0047693881090083564,3,10,50
Attentive CNP + PE,m2,2082.0,0.3767813728650411,0.02084208192166783,0.00436685371710056,3,10,50
Attentive CNP + PE,m2,2083.0,0.3834852767388026,0.02092793462806296,0.004283935886180167,3,10,50
Attentive CNP + PE,m2,2084.0,0.39115515897671377,0.025472848167807514,0.004625632057974567,3,10,50
Attentive CNP + PE,m2,2085.0,0.39139434554179503,0.0043834123192398496,0.0043869565711752954,3,10,50
Attentive CNP + PE,m2,2086.0,0.38228579779465993,0.016270056625714253,0.004307866431335503,3,10,50
Attentive CNP + PE,m2,2087.0,0.3795007643699646,0.018863543821719092,0.004057222541058264,3,10,50
Attentive CNP + PE,m2,2088.0,0.41436036046346025,0.04474439300360982,0.004636603194435902,3,10,50
Attentive CNP + PE,m2,2089.0,0.5243159447511037,0.035370292113262196,0.005622130940054285,3,10,50
Attentive CNP + PE,m2,2090.0,0.5383136896689733,0.013702521182489696,0.00644593268930656,3,10,50
Attentive CNP + PE,m2,2091.0,0.44270589975516006,0.05038029160931245,0.005719187374419121,3,10,50
Attentive CNP + PE,m2,2092.0,0.3810293217897415,0.07127346255978499,0.004408208274003919,3,10,50
Attentive CNP + PE,m2,2093.0,0.3976777726213137,0.023372540046565023,0.004281398864933906,3,10,50
Attentive CNP + PE,m2,2094.0,0.3768858916958173,0.02218433860594415,0.004675995727492477,3,10,50
Attentive CNP + PE,m2,2095.0,0.41318602802356086,0.049714798569262156,0.0049768086363265115,3,10,50
Attentive CNP + PE,m2,2096.0,0.43068935416142146,0.011340770843957442,0.005274316318292311,3,10,50
Attentive CNP + PE,m2,2097.0,0.4201714314222335,0.018888061887204762,0.005523878549008027,3,10,50
Attentive CNP + PE,m2,2098.0,0.41247223798433935,0.008230321836216636,0.0055886795875198765,3,10,50
Attentive CNP + PE,m2,2099.0,0.4275662045478821,0.03249577854968416,0.005168903423929565,3,10,50
Attentive CNP + PE,m2,2100.0,0.39459303183356925,0.04339612870410166,0.004386526519711903,3,10,50
Attentive CNP + PE,m2,2101.0,0.26684350407123564,0.017108743721881408,0.0033666344470956143,3,10,50
Attentive CNP + PE,m2,2102.0,0.19043934930612647,0.02065643249534247,0.0025935697792613473,3,10,50
Attentive CNP + PE,m2,2103.0,0.1735290378431479,0.0013456371540172965,0.0023507601885681723,3,10,50
Attentive CNP + PE,m2,2104.0,0.1694937512402733,0.01731289517117704,0.0021418160502814005,3,10,50
Attentive CNP + PE,m2,2105.0,0.2130908984641234,0.025614594132733856,0.0026127080119136893,3,10,50
Attentive CNP + PE,m2,2106.0,0.29110235653817657,0.021282825289433357,0.003042761124156381,3,10,50
Attentive CNP + PE,m2,2107.0,0.3823556262354056,0.018753640263032795,0.003949631298560687,3,10,50
Attentive CNP + PE,m2,2108.0,0.3647758577466011,0.049997236263799164,0.0044876833185825615,3,10,50
Attentive CNP + PE,m2,2109.0,0.3005178789248069,0.029214035006233586,0.004097959483221339,3,10,50
Attentive CNP + PE,m2,2110.0,0.29449588776628177,0.03275961481551148,0.0039264714219590414,3,10,50
Attentive CNP + PE,m2,2111.0,0.3182906532386938,0.018800060867251046,0.004422365408614144,3,10,50
Attentive CNP + PE,m2,2112.0,0.3629510162870089,0.034389915581248764,0.004849868023083361,3,10,50
Attentive CNP + PE,m2,2113.0,0.4146313398480415,0.04405447609346524,0.004659280874442503,3,10,50
Attentive CNP + PE,m2,2114.0,0.42873664153615637,0.029840067586981794,0.0045974671867034375,3,10,50
Attentive CNP + PE,m2,2115.0,0.47743789800008135,0.014390281727034248,0.00488307992183415,3,10,50
Attentive CNP + PE,m2,2116.0,0.47576964350541434,0.019645700537488205,0.005286387539440861,3,10,50
Attentive CNP + PE,m2,2117.0,0.44808984291553494,0.02314131106949677,0.004796913512321892,3,10,50
Attentive CNP + PE,m2,2118.0,0.40727896050612133,0.016921727171474412,0.004310817897187193,3,10,50
Attentive CNP + PE,m2,2119.0,0.37258439302444457,0.033664450375652404,0.00418845851364203,3,10,50
Attentive CNP + PE,m2,2120.0,0.38957974101106324,0.04985889301200505,0.004939874688134172,3,10,50
Attentive CNP + PE,m2,2121.0,0.4032215591073036,0.02184380614541747,0.006282573170376271,3,10,50
Attentive CNP + PE,m2,2122.0,0.406486078898112,0.014483735126619851,0.006084350731133799,3,10,50
Attentive CNP + PE,m2,2123.0,0.431288097302119,0.018622035679362086,0.005817583386389327,3,10,50
Attentive CNP + PE,m2,2124.0,0.4155703154404959,0.02023479140709916,0.0046177278557909505,3,10,50
Attentive CNP + PE,m2,2125.0,0.4585566560824712,0.025482924996753885,0.00435146592749426,3,10,50
Attentive CNP + PE,m2,2126.0,0.5566433888276419,0.010209433514466707,0.004433651303529368,3,10,50
Attentive CNP + PE,m2,2127.0,0.5851300391952197,0.023637526571514623,0.004042543351908844,3,10,50
Attentive CNP + PE,m2,2128.0,0.4572249391277632,0.048737021957052845,0.004037972957448281,3,10,50
Attentive CNP + PE,m2,2129.0,0.3517075664202372,0.014605111506156968,0.004420334054930015,3,10,50
Attentive CNP + PE,m2,2130.0,0.33162314254045483,0.04053165593970161,0.0041834738598453105,3,10,50
Attentive CNP + PE,m2,2131.0,0.3927021859586239,0.032602910855220636,0.004252580254605647,3,10,50
Attentive CNP + PE,m2,2132.0,0.4562210664351782,0.019928841277554205,0.004033360266463154,3,10,50
Attentive CNP + PE,m2,2133.0,0.4149383057554563,0.05649957012266341,0.004006721988748507,3,10,50
Attentive CNP + PE,m2,2134.0,0.48750456496079764,0.022027392142639938,0.004186254258656412,3,10,50
Attentive CNP + PE,m2,2135.0,0.5712153146862984,0.0669619116928188,0.004794981036565347,3,10,50
Attentive CNP + PE,m2,2136.0,0.5257614536285401,0.04017712726381492,0.0056247654195828375,3,10,50
Attentive CNP + PE,m2,2137.0,0.46479649229844416,0.02619853701942296,0.005244125579891171,3,10,50
Attentive CNP + PE,m2,2138.0,0.4002554900844892,0.009791484935812448,0.004436087057361787,3,10,50
Attentive CNP + PE,m2,2139.0,0.37579914687077204,0.009480853165715017,0.0036474396220447553,3,10,50
Attentive CNP + PE,m2,2140.0,0.3901801753640175,0.015514148210029489,0.004169149042707324,3,10,50
Attentive CNP + PE,m2,2141.0,0.3726715015967687,0.020476412912971385,0.004202784229618233,3,10,50
Attentive CNP + PE,m2,2142.0,0.3354751775463422,0.009468816009325434,0.003895602429774109,3,10,50
Attentive CNP + PE,m2,2143.0,0.29553703978657725,0.026668212260041988,0.003370732950545414,3,10,50
Attentive CNP + PE,m2,2144.0,0.339370203346014,0.04133792270003748,0.0038530210655598183,3,10,50
Attentive CNP + PE,m2,2145.0,0.4113774875998497,0.031239852312632526,0.0036973387327529656,3,10,50
Attentive CNP + PE,m2,2146.0,0.4514124679962794,0.03736049576716851,0.004125596293871186,3,10,50
Attentive CNP + PE,m2,2147.0,0.4365623556574185,0.03615581918023657,0.004456371808483388,3,10,50
Attentive CNP + PE,m2,2148.0,0.40483672783772157,0.030016300616319925,0.004750304179890938,3,10,50
Attentive CNP + PE,m2,2149.0,0.38849202706416447,0.011458954912185368,0.004858931607773227,3,10,50
Attentive CNP + PE,m2,2150.0,0.4131453181306521,0.017844102310558663,0.004582059055345873,3,10,50
Attentive CNP + PE,m2,2151.0,0.44228500582774477,0.01848327868640973,0.004580821710966527,3,10,50
Attentive CNP + PE,m2,2152.0,0.5059806528488795,0.0204093785992574,0.004135138107769028,3,10,50
Attentive CNP + PE,m2,2153.0,0.5653254293600719,0.028158101779504875,0.004674598568138388,3,10,50
Attentive CNP + PE,m2,2154.0,0.5103261364301045,0.019089632379560767,0.006338437945319335,3,10,50
Attentive CNP + PE,m2,2155.0,0.42532236886024477,0.006531540926705943,0.006613415769616485,3,10,50
Attentive CNP + PE,m2,2156.0,0.38628538548946384,0.022409268499923002,0.006112827530595013,3,10,50
Attentive CNP + PE,m2,2157.0,0.4069459557334582,0.01947043863757101,0.005787653489373896,3,10,50
Attentive CNP + PE,m2,2158.0,0.4537204267382622,0.029277038771456772,0.006229052904847433,3,10,50
Attentive CNP + PE,m2,2159.0,0.4295217028061549,0.02657765158012287,0.006201370823028823,3,10,50
Attentive CNP + PE,m2,2160.0,0.38486523618300755,0.009815939442884343,0.0066310482038912716,3,10,50
Attentive CNP + PE,m2,2161.0,0.37985870013634376,0.03375864718781628,0.006352641765425199,3,10,50
Attentive CNP + PE,m2,2162.0,0.3874219783047835,0.0367742748406546,0.006366069395693193,3,10,50
Attentive CNP + PE,m2,2163.0,0.4065224076310794,0.03132626263718997,0.0059192472008144275,3,10,50
Attentive CNP + PE,m2,2164.0,0.3928583221137523,0.013150996291896908,0.005511963440194262,3,10,50
Attentive CNP + PE,m2,2165.0,0.34673248594005907,0.013567866710722697,0.005069098041142164,3,10,50
Attentive CNP + PE,m2,2166.0,0.3370473703791698,0.041356291881476645,0.0046917258673805935,3,10,50
Attentive CNP + PE,m2,2167.0,0.3875651649137337,0.05275294444515218,0.006101831803975422,3,10,50
Attentive CNP + PE,m2,2168.0,0.35108222722013793,0.01930362159843929,0.006756627190884293,3,10,50
Attentive CNP + PE,m2,2169.0,0.31381224168340366,0.005321900869049908,0.006229023100120411,3,10,50
Attentive CNP + PE,m2,2170.0,0.3300654417574405,0.024144207660041377,0.005966107119469204,3,10,50
Attentive CNP + PE,m2,2171.0,0.43129441324869794,0.030005110890931556,0.006030376657593738,3,10,50
Attentive CNP + PE,m2,2172.0,0.5419720890124639,0.01507163260723868,0.006886130170008542,3,10,50
Attentive CNP + PE,m2,2173.0,0.4946239392360052,0.021091772103484462,0.007136570922413755,3,10,50
Attentive CNP + PE,m2,2174.0,0.4011323138475418,0.0472699781387883,0.006714744400693626,3,10,50
Attentive CNP + PE,m2,2175.0,0.33143010873595874,0.03054489457439676,0.0059390587933348836,3,10,50
Attentive CNP + PE,m2,2176.0,0.3249338946342468,0.034575231092209516,0.005418113474210857,3,10,50
Attentive CNP + PE,m2,2177.0,0.35592117443680765,0.0031246820935713388,0.005881049489716721,3,10,50
Attentive CNP + PE,m2,2178.0,0.3387451705733935,0.00957722417343947,0.006292319181983765,3,10,50
Attentive CNP + PE,m2,2179.0,0.2746551371912162,0.006479843682222142,0.006124633384791483,3,10,50
Attentive CNP + PE,m2,2180.0,0.2631032884766658,0.02148841806795795,0.005894706247534998,3,10,50
Attentive CNP + PE,m2,2181.0,0.3230022624830405,0.02292924395686264,0.005648004943743149,3,10,50
Attentive CNP + PE,m2,2182.0,0.3857696001728375,0.04735316839764349,0.005917365462518177,3,10,50
Attentive CNP + PE,m2,2183.0,0.4046029349565506,0.01047466123332425,0.004502095270361667,3,10,50
Attentive CNP + PE,m2,2184.0,0.3813729663093885,0.024875593719357825,0.004186724206617772,3,10,50
Attentive CNP + PE,m2,2185.0,0.38020305381218594,0.028899559875852573,0.004065668515425955,3,10,50
Attentive CNP + PE,m2,2186.0,0.40625005251169205,0.040956660487552844,0.00486421679097781,3,10,50
Attentive CNP + PE,m2,2187.0,0.3824400120675564,0.020338511379971357,0.0058131877062868225,3,10,50
Attentive CNP + PE,m2,2188.0,0.33909101046125095,0.011052081555145083,0.005568158544231931,3,10,50
Attentive CNP + PE,m2,2189.0,0.34652216839790345,0.022158544047034455,0.005860822093196134,3,10,50
Attentive CNP + PE,m2,2190.0,0.3902247669696808,0.020312109038979176,0.005413234042877088,3,10,50
Attentive CNP + PE,m2,2191.0,0.45340175191561377,0.0077622085993762574,0.006178283814457788,3,10,50
Attentive CNP + PE,m2,2192.0,0.5229485167264937,0.01892803540740835,0.008598923735820994,3,10,50
Attentive CNP + PE,m2,2193.0,0.5029030729234218,0.007846279999006433,0.008764421100045409,3,10,50
Attentive CNP + PE,m2,2194.0,0.44412839605410886,0.008645610841558406,0.008567343204419273,3,10,50
Attentive CNP + PE,m2,2195.0,0.44026156693696966,0.01472453546480099,0.007613426846262987,3,10,50
Attentive CNP + PE,m2,2196.0,0.4717305373152097,0.04549261354274299,0.007980623672649546,3,10,50
Attentive CNP + PE,m2,2197.0,0.41393900954723356,0.021107952676405497,0.008002601704936232,3,10,50
Attentive CNP + PE,m2,2198.0,0.33842797730366386,0.028018716019476947,0.006394091890659435,3,10,50
Attentive CNP + PE,m2,2199.0,0.333944360991319,0.020405823812242915,0.005940280857538172,3,10,50
Attentive CNP + PE,m2,2200.0,0.3688408145109812,0.008266645554231136,0.006306912581307271,3,10,50
Attentive CNP + PE,m2,2201.0,0.4159890060822169,0.013653772739426577,0.005759467093734909,3,10,50
Attentive CNP + PE,m2,2202.0,0.46450216192007066,0.046158363876695564,0.005587671978681652,3,10,50
Attentive CNP + PE,m2,2203.0,0.443555375635624,0.045647820719865825,0.005066047522158504,3,10,50
Attentive CNP + PE,m2,2204.0,0.3554816020826499,0.04249211843129658,0.0038511610452785414,3,10,50
Attentive CNP + PE,m2,2205.0,0.36882267361879345,0.04241331042905835,0.004035622876055949,3,10,50
Attentive CNP + PE,m2,2206.0,0.5007167966167132,0.10118862502470852,0.006576565512062677,3,10,50
Attentive CNP + PE,m2,2207.0,0.4576466244459152,0.025380814984985737,0.007321775133204589,3,10,50
Attentive CNP + PE,m2,2208.0,0.4201351687808832,0.049802193703146015,0.006688434494277404,3,10,50
Attentive CNP + PE,m2,2209.0,0.4349365804394087,0.05143089200163815,0.006216596620855765,3,10,50
Attentive CNP + PE,m2,2210.0,0.47512757537762323,0.031157227700556792,0.005540020091883071,3,10,50
Attentive CNP + PE,m2,2211.0,0.5778835261662801,0.023786061478948274,0.0066245879818579365,3,10,50
Attentive CNP + PE,m2,2212.0,0.5867827822764714,0.007780730990838171,0.0074175409044643014,3,10,50
Attentive CNP + PE,m2,2213.0,0.5129264270861943,0.021240348343279595,0.007181320024476391,3,10,50
Attentive CNP + PE,m2,2214.0,0.4716511238217354,0.022709958224448847,0.006503879427234336,3,10,50
Attentive CNP + PE,m2,2215.0,0.4671250628829002,0.016408003859100764,0.0055613848708470715,3,10,50
Attentive CNP + PE,m2,2216.0,0.5181352205872537,0.027885251972418507,0.005518866097467885,3,10,50
Attentive CNP + PE,m2,2217.0,0.5732099488774937,0.03285451524702913,0.0058143355495779425,3,10,50
Attentive CNP + PE,m2,2218.0,0.5800045309066771,0.03271775498273121,0.005936481248325549,3,10,50
Attentive CNP + PE,m2,2219.0,0.5687257239421207,0.013721151670145893,0.006690781006770244,3,10,50
Attentive CNP + PE,m2,2220.0,0.562565769871076,0.02331557442587175,0.0060131329583059355,3,10,50
Attentive CNP + PE,m2,2221.0,0.5573920594453811,0.04895102019485139,0.0057241002728711,3,10,50
Attentive CNP + PE,m2,2222.0,0.49832978699604674,0.04527191070006918,0.005411930292349422,3,10,50
Attentive CNP + PE,m2,2223.0,0.494201033949852,0.018639103741548656,0.00531098185295515,3,10,50
Attentive CNP + PE,m2,2224.0,0.48008490737279247,0.017066435113346042,0.004703032020489161,3,10,50
Attentive CNP + PE,m2,2225.0,0.4732510651747386,0.016417273056403194,0.0058431737302480765,3,10,50
Attentive CNP + PE,m2,2226.0,0.46448769742250445,0.02206839225956477,0.006693150370264481,3,10,50
Attentive CNP + PE,m2,2227.0,0.4612533732453982,0.007260098467035371,0.006076163075583045,3,10,50
Attentive CNP + PE,m2,2228.0,0.45737487594286597,0.03451265381649103,0.005924992614522302,3,10,50
Attentive CNP + PE,m2,2229.0,0.45847138996918996,0.021309992652656613,0.004950292258599135,3,10,50
Attentive CNP + PE,m2,2230.0,0.5062194260358811,0.026460453999389746,0.005320340954524802,3,10,50
Attentive CNP + PE,m2,2231.0,0.5593752655386924,0.04834479552462635,0.005910075864207473,3,10,50
Attentive CNP + PE,m2,2232.0,0.5511072195569674,0.023797323113555396,0.006171365906144411,3,10,50
Attentive CNP + PE,m2,2233.0,0.5061398165424665,0.014666502792292112,0.006305080895574802,3,10,50
Attentive CNP + PE,m2,2234.0,0.483855429927508,0.006450478078084962,0.005591984093897516,3,10,50
Attentive CNP + PE,m2,2235.0,0.4753753479123115,0.00791891486961026,0.006101111125154196,3,10,50
Attentive CNP + PE,m2,2236.0,0.45826136565208436,0.01159068307686748,0.0064621902118828616,3,10,50
Attentive CNP + PE,m2,2237.0,0.4239670238296191,0.035458895999635115,0.00655543485871947,3,10,50
Attentive CNP + PE,m2,2238.0,0.4059657152891159,0.016087022345235746,0.005426374092754434,3,10,50
Attentive CNP + PE,m2,2239.0,0.4284045842091242,0.015660802837586956,0.005634907523014964,3,10,50
Attentive CNP + PE,m2,2240.0,0.4657917892932892,0.023578223475736303,0.00542887045153324,3,10,50
Attentive CNP + PE,m2,2241.0,0.5017754510839779,0.01250485909465156,0.005132456483343086,3,10,50
Attentive CNP + PE,m2,2242.0,0.5004609559377035,0.016030582078241675,0.005635701863130323,3,10,50
Attentive CNP + PE,m2,2243.0,0.4744238256812096,0.020149127816265964,0.005920224086267348,3,10,50
Attentive CNP + PE,m2,2244.0,0.42346225563685097,0.04407998313150455,0.0051047005260637405,3,10,50
Attentive CNP + PE,m2,2245.0,0.40473493859171866,0.03838918909524709,0.004834653310678874,3,10,50
Attentive CNP + PE,m2,2246.0,0.41807784961660704,0.028186943808305533,0.005268799420787014,3,10,50
Attentive CNP + PE,m2,2247.0,0.4333132352431615,0.02949557547374414,0.005716130365360966,3,10,50
Attentive CNP + PE,m2,2248.0,0.4544943999449412,0.03826402899222194,0.005257336924485258,3,10,50
Attentive CNP + PE,m2,2249.0,0.4953522005677223,0.014131291940135468,0.005654722237016781,3,10,50
Attentive CNP + PE,m2,2250.0,0.4601158109903336,0.012148472831849751,0.005757530407417856,3,10,50
Attentive CNP + PE,m2,2251.0,0.39937376268704733,0.015420282444609962,0.005045849963372972,3,10,50
Attentive CNP + PE,m2,2252.0,0.40655796490112933,0.022312101770884246,0.005089546915011585,3,10,50
Attentive CNP + PE,m2,2253.0,0.41781678169965747,0.03268798595325575,0.004787942901830168,3,10,50
Attentive CNP + PE,m2,2254.0,0.41080966134866076,0.01067708211224895,0.0047115474645290515,3,10,50
Attentive CNP + PE,m2,2255.0,0.44909667744239173,0.028837149718275067,0.005323514649391241,3,10,50
Attentive CNP + PE,m2,2256.0,0.4865264030098915,0.04428654025928142,0.006208136229713155,3,10,50
Attentive CNP + PE,m2,2257.0,0.5341091224153837,0.0189339096568846,0.006050537714948313,3,10,50
Attentive CNP + PE,m2,2258.0,0.5588749663631121,0.041170946988522694,0.006197896820098181,3,10,50
Attentive CNP + PE,m2,2259.0,0.5841166884501775,0.04024689693736808,0.005947537729362794,3,10,50
Attentive CNP + PE,m2,2260.0,0.5484623228907586,0.04752280455239297,0.0057227729368206975,3,10,50
Attentive CNP + PE,m2,2261.0,0.4427424025038878,0.02622255798745219,0.005566379279334201,3,10,50
Attentive CNP + PE,m2,2262.0,0.40164261259635287,0.028709032959699576,0.005317842115160537,3,10,50
Attentive CNP + PE,m2,2263.0,0.39578390956918397,0.027449176044581927,0.005105353076252281,3,10,50
Attentive CNP + PE,m2,2264.0,0.391328803340594,0.025240253004095752,0.004897865359322774,3,10,50
Attentive CNP + PE,m2,2265.0,0.4112746655344963,0.041973471513365564,0.0049127899367406745,3,10,50
Attentive CNP + PE,m2,2266.0,0.45909756394227347,0.01474086141722335,0.005393794268068755,3,10,50
Attentive CNP + PE,m2,2267.0,0.49731068863471345,0.050247284432726004,0.005464600373063451,3,10,50
Attentive CNP + PE,m2,2268.0,0.45401037925481796,0.030850075948045178,0.005711499172436342,3,10,50
Attentive CNP + PE,m2,2269.0,0.4192828927338123,0.04033695892165794,0.005936280685757889,3,10,50
Attentive CNP + PE,m2,2270.0,0.42279362337787935,0.03764668929613129,0.0063006779828093315,3,10,50
Attentive CNP + PE,m2,2271.0,0.4177703541517257,0.02341916644522582,0.0056794959243920105,3,10,50
Attentive CNP + PE,m2,2272.0,0.42366090407967566,0.036147285740799805,0.005451502342631091,3,10,50
Attentive CNP + PE,m2,2273.0,0.43968070511023205,0.02688461007273008,0.005422001885417732,3,10,50
Attentive CNP + PE,m2,2274.0,0.42504506994287167,0.011448518807440362,0.004619745647611357,3,10,50
Attentive CNP + PE,m2,2275.0,0.4746627631187439,0.05310011086544505,0.004452424729710212,3,10,50
Attentive CNP + PE,m2,2276.0,0.45520747196674344,0.02699636533797977,0.005261470651480552,3,10,50
Attentive CNP + PE,m2,2277.0,0.4144450325767199,0.01264117614755094,0.005690315796562685,3,10,50
Attentive CNP + PE,m2,2278.0,0.4354382896820705,0.008432291307061118,0.005900248466227661,3,10,50
Attentive CNP + PE,m2,2279.0,0.4588356776634852,0.0281517666913532,0.005701738610916954,3,10,50
Attentive CNP + PE,m2,2280.0,0.4749089774886767,0.011656549515821799,0.005400432414603931,3,10,50
Attentive CNP + PE,m2,2281.0,0.4374871958990892,0.029838093823683857,0.00540978308809011,3,10,50
Attentive CNP + PE,m2,2282.0,0.4658081783056259,0.052194462941537685,0.0063130224544974125,3,10,50
Attentive CNP + PE,m2,2283.0,0.5320062807599704,0.045096944099858684,0.005517709936051739,3,10,50
Attentive CNP + PE,m2,2284.0,0.5391912426352501,0.08582446658886712,0.0047859841379376605,3,10,50
Attentive CNP + PE,m2,2285.0,0.519650266468525,0.07069573251204855,0.004678688797087323,3,10,50
Attentive CNP + PE,m2,2286.0,0.4750276628931364,0.022471131125264276,0.0051738256995940415,3,10,50
Attentive CNP + PE,m2,2287.0,0.47346966560681664,0.045228176032697805,0.0054924935458252775,3,10,50
Attentive CNP + PE,m2,2288.0,0.4546508308450381,0.031072937857544655,0.00506488239114292,3,10,50
Attentive CNP + PE,m2,2289.0,0.36570097259680434,0.038425322698552096,0.0046699083198362,3,10,50
Attentive CNP + PE,m2,2290.0,0.35869936650991435,0.01950505067748948,0.004988073777078189,3,10,50
Attentive CNP + PE,m2,2291.0,0.39713160206874215,0.006970452180530265,0.006390828746655922,3,10,50
Attentive CNP + PE,m2,2292.0,0.44594305481513336,0.01648433389173689,0.006804212955305439,3,10,50
Attentive CNP + PE,m2,2293.0,0.4703626962900162,0.024680970987315996,0.006155961500608484,3,10,50
Attentive CNP + PE,m2,2294.0,0.44462095578511557,0.03760669913507987,0.005057587919709612,3,10,50
Attentive CNP + PE,m2,2295.0,0.4061881802280744,0.02706371492310637,0.004444097275584831,3,10,50
Attentive CNP + PE,m2,2296.0,0.47368010485172274,0.02633528740029734,0.004852676521423188,3,10,50
Attentive CNP + PE,m2,2297.0,0.5393039007981618,0.015140260332913514,0.004965369170805283,3,10,50
Attentive CNP + PE,m2,2298.0,0.5653408576846123,0.01392352841843631,0.0049735894121918115,3,10,50
Attentive CNP + PE,m2,2299.0,0.5226059054931005,0.016395622847414235,0.005269288035759189,3,10,50
Attentive CNP + PE,m2,2300.0,0.4648358398079872,0.03958450726508558,0.005339195791265159,3,10,50
Attentive CNP + PE,m2,2301.0,0.44710891224940613,0.04517042121762039,0.0066594426264776135,3,10,50
Attentive CNP + PE,m2,2302.0,0.4530309566557407,0.06498751934960238,0.00696214981365629,3,10,50
Attentive CNP + PE,m2,2303.0,0.4412263897061348,0.06266682617247475,0.006715226172535133,3,10,50
Attentive CNP + PE,m2,2304.0,0.41455964333812395,0.0522490727092602,0.005566150228597428,3,10,50
Attentive CNP + PE,m2,2305.0,0.4356078605850538,0.014673996027675938,0.005686251788506798,3,10,50
Attentive CNP + PE,m2,2306.0,0.45891063749790195,0.018621448895605748,0.005852514928386059,3,10,50
Attentive CNP + PE,m2,2307.0,0.48301333121458684,0.02856383420467108,0.005502105337212514,3,10,50
Attentive CNP + PE,m2,2308.0,0.4925384143392244,0.039330516781886544,0.005340948509284984,3,10,50
Attentive CNP + PE,m2,2309.0,0.48541061725219087,0.051768876904720394,0.005187677516569093,3,10,50
Attentive CNP + PE,m2,2310.0,0.44275737886627514,0.03673005800023447,0.006531072058386214,3,10,50
Attentive CNP + PE,m2,2311.0,0.4453993702530861,0.0199967188803347,0.007572916147303608,3,10,50
Attentive CNP + PE,m2,2312.0,0.4486885617574057,0.025823325518768144,0.006983559021122676,3,10,50
Attentive CNP + PE,m2,2313.0,0.4378306176066398,0.03481008605786288,0.006405267591663173,3,10,50
Attentive CNP + PE,m2,2314.0,0.47595327657461156,0.030642276568651202,0.005431965139588123,3,10,50
Attentive CNP + PE,m2,2315.0,0.4898055442770322,0.046049812315140104,0.005608480362728027,3,10,50
Attentive CNP + PE,m2,2316.0,0.4766562866568565,0.02638941277276586,0.005602796421017568,3,10,50
Attentive CNP + PE,m2,2317.0,0.48246719117959347,0.00894800239070228,0.006126984943585195,3,10,50
Attentive CNP + PE,m2,2318.0,0.4879029985467593,0.003755364363993226,0.006108451930042595,3,10,50
Attentive CNP + PE,m2,2319.0,0.4818610792954763,0.022948131399011147,0.006202133456267311,3,10,50
Attentive CNP + PE,m2,2320.0,0.5372307790319125,0.02988513394197318,0.00635059457897139,3,10,50
Attentive CNP + PE,m2,2321.0,0.5659941839973132,0.008999388348841354,0.0067002625293644995,3,10,50
Attentive CNP + PE,m2,2322.0,0.5668942462205887,0.012288784223386582,0.006751671815780458,3,10,50
Attentive CNP + PE,m2,2323.0,0.5691111802458763,0.020403133706087467,0.005907841275372469,3,10,50
Attentive CNP + PE,m2,2324.0,0.5245263805389404,0.023483986219760822,0.006404644012960668,3,10,50
Attentive CNP + PE,m2,2325.0,0.4414415779908498,0.014042779364945818,0.0058796558102383574,3,10,50
Attentive CNP + PE,m2,2326.0,0.42146181761225066,0.04005488878019821,0.005373068897356309,3,10,50
Attentive CNP + PE,m2,2327.0,0.4264958175619444,0.02777083799827724,0.005974167649026437,3,10,50
Attentive CNP + PE,m2,2328.0,0.4146402920583883,0.031181539148792046,0.005798001880512039,3,10,50
Attentive CNP + PE,m2,2329.0,0.40157817778984706,0.04140506913550287,0.006082323079817942,3,10,50
Attentive CNP + PE,m2,2330.0,0.4186700348556042,0.018455995293831143,0.006616032291297642,3,10,50
Attentive CNP + PE,m2,2331.0,0.4468310606280963,0.024900732828542424,0.006550480768299313,3,10,50
Attentive CNP + PE,m2,2332.0,0.47383324460188553,0.011445683412089389,0.0065214708153746295,3,10,50
Attentive CNP + PE,m2,2333.0,0.5147586623430251,0.019874598209325592,0.006323170148157156,3,10,50
Attentive CNP + PE,m2,2334.0,0.491236277282238,0.03460248901126744,0.006350563283933061,3,10,50
Attentive CNP + PE,m2,2335.0,0.4109373401999474,0.017640981031581623,0.006282066863775169,3,10,50
Attentive CNP + PE,m2,2336.0,0.39100078369180363,0.027471678734691467,0.005798997300979658,3,10,50
Attentive CNP + PE,m2,2337.0,0.40619472695390374,0.052595796900645225,0.005749995879565477,3,10,50
Attentive CNP + PE,m2,2338.0,0.39635720118880274,0.0640680610003689,0.005445811370734546,3,10,50
Attentive CNP + PE,m2,2339.0,0.37495735174417494,0.05034621040594868,0.005418019544007178,3,10,50
Attentive CNP + PE,m2,2340.0,0.3900058692495028,0.02384472844083772,0.005657545463052219,3,10,50
Attentive CNP + PE,m2,2341.0,0.424935769756635,0.03573934442061028,0.005323593513472534,3,10,50
Attentive CNP + PE,m2,2342.0,0.4859956264495849,0.01359555090852838,0.006591546520166163,3,10,50
Attentive CNP + PE,m2,2343.0,0.5415285958449046,0.026638009312047344,0.006298807513586167,3,10,50
Attentive CNP + PE,m2,2344.0,0.50106094455719,0.012904743818224665,0.00592000799744232,3,10,50
Attentive CNP + PE,m2,2345.0,0.46379353890816377,0.030390379996748394,0.005716280561826717,3,10,50
Attentive CNP + PE,m2,2346.0,0.442256589392821,0.0014556507529951345,0.005403497931775483,3,10,50
Attentive CNP + PE,m2,2347.0,0.41255740161736804,0.03749414146034182,0.005674783717293671,3,10,50
Attentive CNP + PE,m2,2348.0,0.4071109444300334,0.03385006287538812,0.006130713052506665,3,10,50
Attentive CNP + PE,m2,2349.0,0.4348382235964139,0.025076471188558238,0.006875466706695289,3,10,50
Attentive CNP + PE,m2,2350.0,0.473512660185496,0.02234086863458605,0.007637117146744352,3,10,50
Attentive CNP + PE,m2,2351.0,0.4797463305592537,0.01796076363014347,0.006002919948403944,3,10,50
Attentive CNP + PE,m2,2352.0,0.4822270029385885,0.03213596909508757,0.005459105523893615,3,10,50
Attentive CNP + PE,m2,2353.0,0.4914822175701459,0.00867249257819189,0.005906594600225991,3,10,50
Attentive CNP + PE,m2,2354.0,0.4605139943361283,0.011542845793840914,0.005561524902726632,3,10,50
Attentive CNP + PE,m2,2355.0,0.4778953004876773,0.009225002156664698,0.005472952059666219,3,10,50
Attentive CNP + PE,m2,2356.0,0.5037829246719678,0.01970384727556295,0.005902576517250392,3,10,50
Attentive CNP + PE,m2,2357.0,0.50816779144605,0.02541544085589395,0.005516473759482045,3,10,50
Attentive CNP + PE,m2,2358.0,0.4696495213707288,0.016807039405953888,0.0049405959540439505,3,10,50
Attentive CNP + PE,m2,2359.0,0.44233600179354354,0.022234062767597224,0.005311812759151775,3,10,50
Attentive CNP + PE,m2,2360.0,0.4311313125093778,0.015941807506360244,0.005419915333644109,3,10,50
Attentive CNP + PE,m2,2361.0,0.43975009783109026,0.021081967545874988,0.004953651706653507,3,10,50
Attentive CNP + PE,m2,2362.0,0.4637558763424556,0.01183036475777506,0.004930559943965274,3,10,50
Attentive CNP + PE,m2,2363.0,0.503138670861721,0.005993876356023215,0.00507767908857631,3,10,50
Attentive CNP + PE,m2,2364.0,0.5085530712207159,0.01636672823732543,0.00525326114481462,3,10,50
Attentive CNP + PE,m2,2365.0,0.4963249448537826,0.05023836012869548,0.0049867426321181,3,10,50
Attentive CNP + PE,m2,2366.0,0.44004153583447136,0.02346260539722759,0.004637041817149965,3,10,50
Attentive CNP + PE,m2,2367.0,0.4233175539871057,0.02600626697781571,0.005122549059273258,3,10,50
Attentive CNP + PE,m2,2368.0,0.4422032458186149,0.028521914930594104,0.006297775170932724,3,10,50
Attentive CNP + PE,m2,2369.0,0.4714395469824472,0.03241716810256289,0.006142294527503568,3,10,50
Attentive CNP + PE,m2,2370.0,0.49408802765607834,0.017674839803834,0.005600628787811725,3,10,50
Attentive CNP + PE,m2,2371.0,0.4865839728116989,0.01826251673605047,0.005737419711678352,3,10,50
Attentive CNP + PE,m2,2372.0,0.46528615327676137,0.020958486048817126,0.005302826553342303,3,10,50
Attentive CNP + PE,m2,2373.0,0.4864734158317248,0.011288928233288566,0.005269395721263341,3,10,50
Attentive CNP + PE,m2,2374.0,0.49270703570048013,0.026106895319048005,0.004845648422181708,3,10,50
Attentive CNP + PE,m2,2375.0,0.4647599133253097,0.035275446174583086,0.004588328641993231,3,10,50
Attentive CNP + PE,m2,2376.0,0.4735659250418345,0.031163456707797573,0.004873830286402005,3,10,50
Attentive CNP + PE,m2,2377.0,0.47787025119860965,0.038961624969958746,0.005319907598464624,3,10,50
Attentive CNP + PE,m2,2378.0,0.4573843755324682,0.026496323665879933,0.005236404414774984,3,10,50
Attentive CNP + PE,m2,2379.0,0.40528715876738236,0.024186980028633422,0.005875232769440513,3,10,50
Attentive CNP + PE,m2,2380.0,0.3515289219021797,0.034285534738426174,0.0064296778413567,3,10,50
Attentive CNP + PE,m2,2381.0,0.29447049828370414,0.031223325291206337,0.007518627312249018,3,10,50
Attentive CNP + PE,m2,2382.0,0.2837734221716722,0.010575945075567411,0.008379609972357975,3,10,50
Attentive CNP + PE,m2,2383.0,0.33812672210733097,0.01623113912011874,0.008044405320261828,3,10,50
Attentive CNP + PE,m2,2384.0,0.3752497276067734,0.024868967196791967,0.006154872277454104,3,10,50
Attentive CNP + PE,m2,2385.0,0.3444774088462193,0.055740648960084634,0.005356737732518087,3,10,50
Attentive CNP + PE,m2,2386.0,0.3080832934876283,0.05754537936251926,0.004753491759143034,3,10,50
Attentive CNP + PE,m2,2387.0,0.3152109454174836,0.04169177578882508,0.006292541799729543,3,10,50
Attentive CNP + PE,m2,2388.0,0.3223758823772272,0.02731549752777743,0.00644942522051075,3,10,50
Attentive CNP + PE,m2,2389.0,0.3460893932680289,0.03508282611085108,0.006964591866256614,3,10,50
Attentive CNP + PE,m2,2390.0,0.3493924028575421,0.04317211307761312,0.00697181352734412,3,10,50
Attentive CNP + PE,m2,2391.0,0.34279762809475267,0.05563777733070069,0.006273126129947885,3,10,50
Attentive CNP + PE,m2,2392.0,0.3560259529848893,0.051400647584498936,0.005851466483862185,3,10,50
Attentive CNP + PE,m2,2393.0,0.3456588452657064,0.0400792686912048,0.0049639972028092645,3,10,50
Attentive CNP + PE,m2,2394.0,0.32499545803666113,0.040648978437560976,0.004067389558117048,3,10,50
Attentive CNP + PE,m2,2395.0,0.3247237789233526,0.042711518595189464,0.003939154388820276,3,10,50
Attentive CNP + PE,m2,2396.0,0.360608593026797,0.0417182631000291,0.004292680463121981,3,10,50
Attentive CNP + PE,m2,2397.0,0.4006631826957066,0.04289300740411582,0.004859342432943289,3,10,50
Attentive CNP + PE,m2,2398.0,0.4048451281686624,0.03461915793072924,0.005892443869346682,3,10,50
Attentive CNP + PE,m2,2399.0,0.3844037021398545,0.03500722724440691,0.006548446862529523,3,10,50
Attentive CNP + PE,m2,2400.0,0.33212260841826596,0.05283867193953791,0.006900393374877664,3,10,50
Attentive CNP + PE,m2,2401.0,0.30573726431528725,0.03405825065439867,0.006193945889082339,3,10,50
Attentive CNP + PE,m2,2402.0,0.31803072548906003,0.02327276377946905,0.006992044618187772,3,10,50
Attentive CNP + PE,m2,2403.0,0.33713329408566156,0.014678967282064173,0.006310053668164298,3,10,50
Attentive CNP + PE,m2,2404.0,0.32802565399805705,0.041988433725249026,0.005085546741644826,3,10,50
Attentive CNP + PE,m2,2405.0,0.33017961874604224,0.04958034036815909,0.00564605136896595,3,10,50
Attentive CNP + PE,m2,2406.0,0.37112482861677804,0.03670314284684362,0.006409470062716794,3,10,50
Attentive CNP + PE,m2,2407.0,0.33370262323816613,0.00536805523277107,0.00662786482847618,3,10,50
Attentive CNP + PE,m2,2408.0,0.32552434703707694,0.009979184113623085,0.006454531650679246,3,10,50
Attentive CNP + PE,m2,2409.0,0.3559807615975539,0.011642147434581949,0.006702027261689394,3,10,50
Attentive CNP + PE,m2,2410.0,0.37820519306262335,0.021920874712555258,0.006531734615627717,3,10,50
Attentive CNP + PE,m2,2411.0,0.4006322366595268,0.023427928521500177,0.005889491751800133,3,10,50
Attentive CNP + PE,m2,2412.0,0.3896013992130756,0.01778466055712762,0.006585326184222429,3,10,50
Attentive CNP + PE,m2,2413.0,0.34599894445141155,0.03556008024982887,0.006004620345303892,3,10,50
Attentive CNP + PE,m2,2414.0,0.3164846090177695,0.01526674418410272,0.005902421831290056,3,10,50
Attentive CNP + PE,m2,2415.0,0.30229406435290973,0.023246080445699306,0.005611862590481291,3,10,50
Attentive CNP + PE,m2,2416.0,0.30811584121485547,0.01992772301715921,0.005440224558117855,3,10,50
Attentive CNP + PE,m2,2417.0,0.312286129206419,0.008174178616662432,0.006213112161230935,3,10,50
Attentive CNP + PE,m2,2418.0,0.3456078451077143,0.017992449332594695,0.006734502596423279,3,10,50
Attentive CNP + PE,m2,2419.0,0.36759082645177843,0.03136612963123885,0.00689153951286121,3,10,50
Attentive CNP + PE,m2,2420.0,0.3750913814008236,0.04081112859210279,0.006751613248127761,3,10,50
Attentive CNP + PE,m2,2421.0,0.3636361638804277,0.02717404528256385,0.006565915008350162,3,10,50
Attentive CNP + PE,m2,2422.0,0.3789560795426368,0.05775603857070463,0.006738180480320784,3,10,50
Attentive CNP + PE,m2,2423.0,0.38687853644291564,0.04491314722679639,0.006144749908361506,3,10,50
Attentive CNP + PE,m2,2424.0,0.35017559405167903,0.035497694127541966,0.0060809718016910696,3,10,50
Attentive CNP + PE,m2,2425.0,0.2695052452484767,0.05707445810975348,0.005131585150222805,3,10,50
Attentive CNP + PE,m2,2426.0,0.23368561332424484,0.04879776238833597,0.005407002068344592,3,10,50
Attentive CNP + PE,m2,2427.0,0.26520890995860097,0.022951124876537828,0.006223393435858625,3,10,50
Attentive CNP + PE,m2,2428.0,0.3125212978521983,0.021108310056946578,0.0070734896413943435,3,10,50
Attentive CNP + PE,m2,2429.0,0.33268527935942016,0.03404304628677142,0.006126876405429163,3,10,50
Attentive CNP + PE,m2,2430.0,0.3318072277208169,0.019202721036192538,0.0057372055383797,3,10,50
Attentive CNP + PE,m2,2431.0,0.28773910441994666,0.012149146496144396,0.00476856046492039,3,10,50
Attentive CNP + PE,m2,2432.0,0.271169314434131,0.003929595670274074,0.004725611833641949,3,10,50
Attentive CNP + PE,m2,2433.0,0.26860536935925483,0.02162551111018869,0.004488799951651552,3,10,50
Attentive CNP + PE,m2,2434.0,0.2704201905975739,0.027809825065930695,0.005054861022144602,3,10,50
Attentive CNP + PE,m2,2435.0,0.25263156145314375,0.0498225191978119,0.004862029631685187,3,10,50
Attentive CNP + PE,m2,2436.0,0.26478231882055603,0.04901906201497663,0.00497278397030134,3,10,50
Attentive CNP + PE,m2,2437.0,0.3023700768450896,0.021800156789026696,0.006915298142470137,3,10,50
Attentive CNP + PE,m2,2438.0,0.3498268936773141,0.016449279220565653,0.00831743586175197,3,10,50
Attentive CNP + PE,m2,2439.0,0.3332256422738234,0.01879525982244733,0.007986788828149885,3,10,50
Attentive CNP + PE,m2,2440.0,0.2748791074256102,0.02924622958449979,0.005671114388318144,3,10,50
Attentive CNP + PE,m2,2441.0,0.200484677841266,0.04591654177276516,0.005259705583649077,3,10,50
Attentive CNP + PE,m2,2442.0,0.16071413473784923,0.024225329543800626,0.004293381323128555,3,10,50
Attentive CNP + PE,m2,2443.0,0.15679388232529165,0.02540311563937249,0.0038543668244615838,3,10,50
Attentive CNP + PE,m2,2444.0,0.15886007920155923,0.01852810492348135,0.003796651882800175,3,10,50
Attentive CNP + PE,m2,2445.0,0.20492926468203465,0.022269856186079434,0.0055424779541006245,3,10,50
Attentive CNP + PE,m2,2446.0,0.22589855810751516,0.026303283922694605,0.006889698897914483,3,10,50
Attentive CNP + PE,m2,2447.0,0.26595296272635455,0.007445138228766124,0.007238010249445017,3,10,50
Attentive CNP + PE,m2,2448.0,0.3019414151410262,0.013158464502075123,0.006983653980346501,3,10,50
Attentive CNP + PE,m2,2449.0,0.34237797583142915,0.02269021781389359,0.006706094815960735,3,10,50
Attentive CNP + PE,m2,2450.0,0.35524825628598533,0.023353141661421235,0.0063933188398421804,3,10,50
Attentive CNP + PE,m2,2451.0,0.3492324478030205,0.03703629363389547,0.005775661473602666,3,10,50
Attentive CNP + PE,m2,2452.0,0.32422289825479195,0.03468507680331003,0.0053388543120179545,3,10,50
Attentive CNP + PE,m2,2453.0,0.2912154546479384,0.03458441186404231,0.005161658000131754,3,10,50
Attentive CNP + PE,m2,2454.0,0.24208670911689598,0.027550868781826988,0.004971041571109189,3,10,50
Attentive CNP + PE,m2,2455.0,0.21485551919043067,0.032274159972599,0.004235886552440447,3,10,50
Attentive CNP + PE,m2,2456.0,0.23896330849329628,0.01680440975290838,0.004868400560433194,3,10,50
Attentive CNP + PE,m2,2457.0,0.321539588034153,0.02339064625335394,0.006444135155009694,3,10,50
Attentive CNP + PE,m2,2458.0,0.36167407384514805,0.03696759171552359,0.006855796745872264,3,10,50
Attentive CNP + PE,m2,2459.0,0.34385421966512997,0.026789053591402566,0.005726478075241522,3,10,50
Attentive CNP + PE,m2,2460.0,0.2916784751315912,0.015250905495899393,0.00496173432650615,3,10,50
Attentive CNP + PE,m2,2461.0,0.25229677788913246,0.047603971989960116,0.004988317630051635,3,10,50
Attentive CNP + PE,m2,2462.0,0.2439576787352562,0.03894846774227239,0.004433364556764427,3,10,50
Attentive CNP + PE,m2,2463.0,0.21663278280198575,0.007160906873177729,0.004029569728413397,3,10,50
Attentive CNP + PE,m2,2464.0,0.13684058950220546,0.01647437860262413,0.002693892822650332,3,10,50
Attentive CNP + PE,m2,2465.0,0.13540262442206344,0.023596281760171887,0.0030496924650088475,3,10,50
Attentive CNP + PE,m2,2466.0,0.20227115656932196,0.015059418691549184,0.005293760631829489,3,10,50
Attentive CNP + PE,m2,2467.0,0.22825002788503965,0.014955321858968433,0.006058204946568171,3,10,50
Attentive CNP + PE,m2,2468.0,0.26070738140741984,0.032287682259803684,0.0057200468550408015,3,10,50
Attentive CNP + PE,m2,2469.0,0.2671379459102949,0.0328120261393803,0.0048898779465219215,3,10,50
Attentive CNP + PE,m2,2470.0,0.3393890511194864,0.01969227591097735,0.006060391253585279,3,10,50
Attentive CNP + PE,m2,2471.0,0.3774385382930438,0.03810420572354683,0.007847054335503525,3,10,50
Attentive CNP + PE,m2,2472.0,0.27934058044105764,0.007883861394144489,0.006036953842051752,3,10,50
Attentive CNP + PE,m2,2473.0,0.1935830410718918,0.06573073864434087,0.004462087071217511,3,10,50
Attentive CNP + PE,m2,2474.0,0.17798310483992097,0.04518106484811458,0.004214485346396753,3,10,50
Attentive CNP + PE,m2,2475.0,0.20379090791195628,0.013040851188543492,0.004699835692120797,3,10,50
Attentive CNP + PE,m2,2476.0,0.21485445554057758,0.022981531278758672,0.006100362111937184,3,10,50
Attentive CNP + PE,m2,2477.0,0.23535769274334115,0.031498449244029746,0.005614937554621867,3,10,50
Attentive CNP + PE,m2,2478.0,0.22704383807877696,0.05357632527215267,0.005556258009455025,3,10,50
Attentive CNP + PE,m2,2479.0,0.27761089429756003,0.01815428242319605,0.005820118484640014,3,10,50
Attentive CNP + PE,m2,2480.0,0.30546094608306884,0.008353196972897946,0.007239687328685354,3,10,50
Attentive CNP + PE,m2,2481.0,0.2540894499818484,0.03575599405622241,0.006381215434780843,3,10,50
Attentive CNP + PE,m2,2482.0,0.15696480110536018,0.012483981439354952,0.004443793499163373,3,10,50
Attentive CNP + PE,m2,2483.0,0.06920945757251078,0.02050731127862899,0.0024168033963985727,3,10,50
Attentive CNP + PE,m2,2484.0,0.1284989356075724,0.021686202336225126,0.004566333017485542,3,10,50
Attentive CNP + PE,m2,2485.0,0.15926443651566902,0.025925562560253534,0.006166244306682352,3,10,50
Attentive CNP + PE,m2,2486.0,0.18252795919651787,0.010188565957714571,0.005850397318923735,3,10,50
Attentive CNP + PE,m2,2487.0,0.2352171899527311,0.0218320148626247,0.005969855903979508,3,10,50
Attentive CNP + PE,m2,2488.0,0.27721752963463464,0.013952562008612675,0.005604520121395333,3,10,50
Attentive CNP + PE,m2,2489.0,0.30148407936096194,0.002795389448569508,0.005781777700631179,3,10,50
Attentive CNP + PE,m2,2490.0,0.3269207335412503,0.023422558590913474,0.006439424675675653,3,10,50
Attentive CNP + PE,m2,2491.0,0.29499112604061767,0.032014445740545655,0.007465319073449823,3,10,50
Attentive CNP + PE,m2,2492.0,0.20459005718057355,0.02088155506738033,0.005456995690080548,3,10,50
Attentive CNP + PE,m2,2493.0,0.1996930455019077,0.031439745119925686,0.005028028535898272,3,10,50
Attentive CNP + PE,m2,2494.0,0.25387161362171173,0.04430761165679887,0.005697541826815345,3,10,50
Attentive CNP + PE,m2,2495.0,0.28869976085424426,0.08229883217118283,0.005523346769714994,3,10,50
Attentive CNP + PE,m2,2496.0,0.30255988554656504,0.07263307329240129,0.005077128695220407,3,10,50
Attentive CNP + PE,m2,2497.0,0.3338231111566226,0.0517694330388605,0.004828555730646965,3,10,50
Attentive CNP + PE,m2,2498.0,0.36658393685022994,0.029479705288882663,0.0056218430938501105,3,10,50
Attentive CNP + PE,m2,2499.0,0.297205586930116,0.025534104559405864,0.006117204459107856,3,10,50
Attentive CNP + PE,m2,2500.0,0.19221612308795255,0.052171445725780946,0.005150654747500122,3,10,50
Attentive CNP + PE,m2,2501.0,0.21570305130506554,0.028391642596854203,0.005354991291028965,3,10,50
Attentive CNP + PE,m2,2502.0,0.2983054163008928,0.019649248010155915,0.006284095879229155,3,10,50
Attentive CNP + PE,m2,2503.0,0.26342065211633836,0.05213458633758844,0.004487369144120237,3,10,50
Attentive CNP + PE,m2,2504.0,0.24723666504522165,0.061615160705274515,0.005310983287822965,3,10,50
Attentive CNP + PE,m2,2505.0,0.3172564567327499,0.0612787803041285,0.006211484478446365,3,10,50
Attentive CNP + PE,m2,2506.0,0.34624892257650686,0.02471170392672644,0.00619228749982379,3,10,50
Attentive CNP + PE,m2,2507.0,0.3818431969980398,0.02023503385023573,0.005365277362399005,3,10,50
Attentive CNP + PE,m2,2508.0,0.42847954559326173,0.028844522886465777,0.006099910452121191,3,10,50
Attentive CNP + PE,m2,2509.0,0.44416739705701674,0.0827868774912599,0.009220432168811113,3,10,50
Attentive CNP + PE,m2,2510.0,0.43500459343443315,0.06345475233893323,0.010795296282218899,3,10,50
Attentive CNP + PE,m2,2511.0,0.5604002126455306,0.0371371864079378,0.010797895190144109,3,10,50
Attentive CNP + PE,m2,2512.0,0.6093065298597018,0.00935330605995351,0.009112861204738776,3,10,50
Attentive CNP + PE,m2,2513.0,0.5922893438736597,0.038779921956069545,0.006422284546469213,3,10,50
Attentive CNP + PE,m2,2514.0,0.5316546431779862,0.059298098699027676,0.0054714254266183815,3,10,50
Attentive CNP + PE,m2,2515.0,0.3380366165973246,0.09200090320360216,0.003769539674464231,3,10,50
Attentive CNP + PE,m2,2516.0,0.1316575707089311,0.059450119600562366,0.0017254531171640019,3,10,50
Attentive CNP + PE,m2,2517.0,0.07687311848724494,0.02406012030045487,0.001269741295029234,3,10,50
Attentive CNP + PE,m2,2518.0,0.16193930616850657,0.021242546512731008,0.0024854991705881738,3,10,50
Attentive CNP + PE,m2,2519.0,0.422107405414184,0.056788664884628005,0.006968300837723791,3,10,50
Attentive CNP + PE,m2,2520.0,0.4161543429295222,0.04440605017395677,0.007089416108433117,3,10,50
Attentive CNP + PE,m2,2521.0,0.11722819349914788,0.021011250921693002,0.0025771800020089907,3,10,50
Attentive CNP + PE,m2,2522.0,0.013459404343414463,0.008806738484576198,0.0003016471754361659,3,10,50
Attentive CNP + PE,m2,2523.0,0.02328028283494799,0.011994731751290925,0.0004976064509055305,3,10,50
Attentive CNP + PE,m2,2524.0,0.2723356364419063,0.10391242919518234,0.005866130510944434,3,10,50
Attentive CNP + PE,m2,2525.0,0.39117373257378735,0.04814491655193008,0.008177582031541585,3,10,50
Attentive CNP + PE,m2,2526.0,0.36855832500259084,0.033219123524716156,0.006569637117206612,3,10,50
Attentive CNP + PE,m2,2527.0,0.31548288676142694,0.03186388531667215,0.004873240110889445,3,10,50
Attentive CNP + PE,m2,2528.0,0.1660048987977207,0.021239042344465133,0.002143524235489533,3,10,50
Attentive CNP + PE,m2,2529.0,0.10048742187108532,0.03420213322855487,0.001517984934631539,3,10,50
Attentive CNP + PE,m2,2530.0,0.17308353700178367,0.04243461581332229,0.0029207352641495037,3,10,50
Attentive CNP + PE,m2,2531.0,0.1981925091588249,0.042248687640020946,0.0035675518621084367,3,10,50
Attentive CNP + PE,m2,2532.0,0.21620478930200138,0.03506702851885557,0.003585934062062132,3,10,50
Attentive CNP + PE,m2,2533.0,0.27902653262764215,0.035520246581574114,0.0041917312596312685,3,10,50
Attentive CNP + PE,m2,2534.0,0.21859045634480812,0.05316785010200992,0.0032622423114583195,3,10,50
Attentive CNP + PE,m2,2535.0,0.11802390305542698,0.04535480549820988,0.0019184845246409566,3,10,50
Attentive CNP + PE,m2,2536.0,0.06300458175224291,0.02967563509040893,0.001314412547901464,3,10,50
Attentive CNP + PE,m2,2537.0,0.03341908348528765,0.02516815722343377,0.0007941450099825638,3,10,50
Attentive CNP + PE,m2,2538.0,0.08791535283531993,0.024257022436300825,0.0023395785236393148,3,10,50
Attentive CNP + PE,m2,2539.0,0.24258075014750166,0.053713127772712435,0.007998896457163106,3,10,50
Attentive CNP + PE,m2,2540.0,0.2293571021317815,0.08772549814538155,0.0065864510394917876,3,10,50
Attentive CNP + PE,m2,2541.0,0.0296275393651437,0.018936805353824585,0.0006787055667687841,3,10,50
Attentive CNP + PE,m2,2542.0,0.004041963027298777,0.0029523628053667343,0.00010439714624734496,3,10,50
Attentive CNP + PE,m2,2543.0,0.017396091999197172,0.014777848033776705,0.0004922822987622218,3,10,50
Attentive CNP + PE,m2,2544.0,0.15642344815850567,0.07438309722185393,0.006458864279184029,3,10,50
Attentive CNP + PE,m2,2545.0,0.18800265935994684,0.052693375261580515,0.0062746384377738605,3,10,50
Attentive CNP + PE,m2,2546.0,0.09850656670496878,0.0419898979309773,0.002616828928629617,3,10,50
Attentive CNP + PE,m2,2547.0,0.036577431873447495,0.01955865910103921,0.0009254003711420047,3,10,50
Attentive CNP + PE,m2,2548.0,0.05804413461044775,0.029432502859024278,0.0022114731762840375,3,10,50
Attentive CNP + PE,m2,2549.0,0.16668749773195787,0.07966126124170257,0.011293924323628973,3,10,50
Attentive CNP + PE,m2,2550.0,0.07716259179194458,0.036371620361975866,0.002698496317734341,3,10,50
Attentive CNP + PE,m2,2551.0,0.033159806854991376,0.017600220246367246,0.0006722960867222022,3,10,50
Attentive CNP + PE,m2,2552.0,0.027550820932529557,0.007431988933195963,0.00040388309402107045,3,10,50
Attentive CNP + PE,m2,2553.0,0.03167236237128478,0.00576129871237182,0.0005353502905964435,3,10,50
Attentive CNP + PE,m2,2554.0,0.03465797569908075,0.019921884063618032,0.0006771156457285058,3,10,50
Attentive CNP + PE,m2,2555.0,0.03108418187683128,0.016009472563867026,0.0005948459608152464,3,10,50
Attentive CNP + PE,m2,2556.0,0.01243478565764599,0.006486388821491084,0.00022247062970991442,3,10,50
Attentive CNP + PE,m2,2557.0,0.006968883231083037,0.0019281417060313282,0.00014967480850613932,3,10,50
Attentive CNP + PE,m2,2558.0,0.01764981041063887,0.0037874985567327942,0.0004472988501886606,3,10,50
Attentive CNP + PE,m2,2559.0,0.04199461228575152,0.03192051139206726,0.0015653622589946916,3,10,50
Attentive CNP + PE,m2,2560.0,0.005268173140081396,0.00446595328100268,0.00016726991062050183,3,10,50
Attentive CNP + PE,m2,2561.0,0.001921199441824394,0.0019073918251008134,5.728527670232898e-05,3,10,50
Attentive CNP + PE,m2,2562.0,0.09801304542796181,0.08840498484826337,0.003638234852250573,3,10,50
Attentive CNP + PE,m2,2563.0,0.6342678735479712,0.1014455150136978,0.014117954688927762,3,10,50
Attentive CNP + PE,m2,2564.0,0.492466777642568,0.08660007785013184,0.010798757746943229,3,10,50
Attentive CNP + PE,m2,2565.0,0.43437752548853553,0.07530990485461928,0.008751616151257555,3,10,50
Attentive CNP + PE,m2,2566.0,0.42428810742497447,0.053835903799226995,0.007209889238231927,3,10,50
Attentive CNP + PE,m2,2567.0,0.35715663730477293,0.11143343350601827,0.006939864401204652,3,10,50
Attentive CNP + PE,m2,2568.0,0.01710013224811822,0.008319040105358666,0.00036570845686242833,3,10,50
Attentive CNP + PE,m2,2569.0,0.0011295886185873202,0.0005974664395460284,3.105719450230824e-05,3,10,50
Attentive CNP + PE,m2,2570.0,0.00043567816790199737,0.00032141607407203257,9.583365291319269e-06,3,10,50
Attentive CNP + PE,m2,2571.0,0.0005803162790023953,0.000324271378504464,1.443291968584344e-05,3,10,50
Attentive CNP + PE,m2,2572.0,0.0007062291891976913,0.0003533387638032408,1.4258855217781236e-05,3,10,50
Attentive CNP + PE,m2,2573.0,0.0010842794558580616,0.0005751561167541457,2.5039304075941115e-05,3,10,50
Attentive CNP + PE,m2,2574.0,0.010040444442280963,0.015127538600807273,0.000196136703310548,3,10,50
Attentive CNP + PE,m2,2575.0,0.0428198117901023,0.03659382870120261,0.0007631937592777548,3,10,50
Attentive CNP + PE,m2,2576.0,0.05509337133399095,0.02580330110998168,0.0010395608368716635,3,10,50
Attentive CNP + PE,m2,2577.0,0.03294106440606993,0.020807877329493792,0.0008288876671400386,3,10,50
Attentive CNP + PE,m2,2578.0,0.11604132549992452,0.02777346247651304,0.003067077665255512,3,10,50
Attentive CNP + PE,m2,2579.0,0.541132809261481,0.12194170124476107,0.009755665292294434,3,10,50
Attentive CNP + PE,m2,2580.0,0.5500658176836247,0.12582905370333153,0.008570810683219993,3,10,50
Attentive CNP + PE,m2,2581.0,0.22099405910672307,0.1429276640143963,0.005462794923192178,3,10,50
Attentive CNP + PE,m2,2582.0,0.01588322694594778,0.003030191272407075,0.0003428856716330881,3,10,50
Attentive CNP + PE,m2,2583.0,0.0487505856116962,0.017396642604795936,0.0010768189335359512,3,10,50
Attentive CNP + PE,m2,2584.0,0.1706130161099136,0.06615563587383927,0.0032471466126933607,3,10,50
Attentive CNP + PE,m2,2585.0,0.10083527354950395,0.03753720439845225,0.0016706036813960614,3,10,50
Attentive CNP + PE,m2,2586.0,0.006415071262320604,0.001007884523873134,9.653107758895623e-05,3,10,50
Attentive CNP + PE,m2,2587.0,0.0013076889088233085,0.0011563499477251638,3.696739126331104e-05,3,10,50
Attentive CNP + PE,m2,2588.0,0.019429924626942617,0.007473395559896564,0.00044270597344899746,3,10,50
Attentive CNP + PE,m2,2589.0,0.5567978395620982,0.047092567386787354,0.012240057260708018,3,10,50
Attentive CNP + PE,m2,2590.0,0.5982561602195103,0.05655590625932679,0.010941013498058127,3,10,50
Attentive CNP + PE,m2,2591.0,0.3872426293059252,0.12361596950900178,0.007485599126808708,3,10,50
Attentive CNP + PE,m2,2592.0,0.1293114960383779,0.06615283694960528,0.0022296623200757496,3,10,50
Attentive CNP + PE,m2,2593.0,0.13033404108633598,0.08716261359002314,0.002241706852047406,3,10,50
Attentive CNP + PE,m2,2594.0,0.3813669361174106,0.10386540247927975,0.007858900752343556,3,10,50
Attentive CNP + PE,m2,2595.0,0.4620496057868004,0.11501825644933172,0.008972769049149272,3,10,50
Attentive CNP + PE,m2,2596.0,0.28539925421774387,0.06618896738479248,0.005898933192184743,3,10,50
Attentive CNP + PE,m2,2597.0,0.06943859747913665,0.024309689235965416,0.0019940634511151053,3,10,50
Attentive CNP + PE,m2,2598.0,0.0824065776222075,0.010049506163390228,0.0022742616852715453,3,10,50
Attentive CNP + PE,m2,2599.0,0.13255407406855374,0.015256740337346482,0.0035021976072447778,3,10,50
Attentive CNP + PE,m2,2600.0,0.11792755591566674,0.02526689043190259,0.003099443253865067,3,10,50
Attentive CNP + PE,m2,2601.0,0.12272143177781254,0.019996912205340764,0.0032770668973967332,3,10,50
Attentive CNP + PE,m2,2602.0,0.18071919455192983,0.04661659612728733,0.005454862082015267,3,10,50
Attentive CNP + PE,m2,2603.0,0.19783482522455356,0.047658134827726455,0.005911277028111158,3,10,50
Attentive CNP + PE,m2,2604.0,0.19439187825222812,0.04123044855512727,0.005128875407651612,3,10,50
Attentive CNP + PE,m2,2605.0,0.17918199391787248,0.0415616159074015,0.00446488202346625,3,10,50
Attentive CNP + PE,m2,2606.0,0.137197991582565,0.04851852235978767,0.002767486759856048,3,10,50
Attentive CNP + PE,m2,2607.0,0.10080300319140466,0.009685945818098144,0.0018095027399561816,3,10,50
Attentive CNP + PE,m2,2608.0,0.16930602570561074,0.003572112820969955,0.003090638211520811,3,10,50
Attentive CNP + PE,m2,2609.0,0.2742572995275259,0.017221999456674176,0.005049887628097612,3,10,50
Attentive CNP + PE,m2,2610.0,0.28659682348867255,0.01936502424393766,0.005076017953417592,3,10,50
Attentive CNP + PE,m2,2611.0,0.2477387449890375,0.03136172436793348,0.00466711277530407,3,10,50
Attentive CNP + PE,m2,2612.0,0.20913339925309024,0.02459348804203313,0.003399006314221215,3,10,50
Attentive CNP + PE,m2,2613.0,0.21310122163097067,0.015656203566771033,0.00391918444573961,3,10,50
Attentive CNP + PE,m2,2614.0,0.21904423443476362,0.006751886682414435,0.004557488164286407,3,10,50
Attentive CNP + PE,m2,2615.0,0.19349347331871591,0.015114003024649325,0.00398321005102567,3,10,50
Attentive CNP + PE,m2,2616.0,0.16159102355440458,0.02448399932593824,0.0034312498476700287,3,10,50
Attentive CNP + PE,m2,2617.0,0.1569379851271709,0.055161951496010525,0.003785964906238738,3,10,50
Attentive CNP + PE,m2,2618.0,0.19752303811411062,0.03116161033759722,0.004197827434409476,3,10,50
Attentive CNP + PE,m2,2619.0,0.2457115187048912,0.022610927088443082,0.005295873771327612,3,10,50
Attentive CNP + PE,m2,2620.0,0.19033453693675498,0.04259345367592829,0.0037948712336245438,3,10,50
Attentive CNP + PE,m2,2621.0,0.13046999232657255,0.05049238486496335,0.0023659893066470656,3,10,50
Attentive CNP + PE,m2,2622.0,0.18781552960475287,0.027904373071541602,0.004019235876002415,3,10,50
Attentive CNP + PE,m2,2623.0,0.2283575274993976,0.024227382230180873,0.005648593532182355,3,10,50
Attentive CNP + PE,m2,2624.0,0.20490546881655855,0.014899452333286326,0.004368306844654903,3,10,50
Attentive CNP + PE,m2,2625.0,0.12823734999634326,0.014046997383493786,0.0020319046194947937,3,10,50
Attentive CNP + PE,m2,2626.0,0.08359921329837137,0.035344074031709624,0.0011401861377312366,3,10,50
Attentive CNP + PE,m2,2627.0,0.16137503624754024,0.07682652215221912,0.0021393456641092042,3,10,50
Attentive CNP + PE,m2,2628.0,0.30384645126760007,0.048194239104842516,0.00586593766160488,3,10,50
Attentive CNP + PE,m2,2629.0,0.2894923548599085,0.03146918560889071,0.006357351081906997,3,10,50
Attentive CNP + PE,m2,2630.0,0.22056957761353502,0.04390331718222019,0.004889362049319464,3,10,50
Attentive CNP + PE,m2,2631.0,0.23506207437689108,0.03176848641499535,0.004347384754154787,3,10,50
Attentive CNP + PE,m2,2632.0,0.27943547699352106,0.018246279853310805,0.005656878714958068,3,10,50
Attentive CNP + PE,m2,2633.0,0.35385348955790197,0.027036115804008963,0.007936509317632463,3,10,50
Attentive CNP + PE,m2,2634.0,0.3704437971313794,0.029872023843912347,0.007908795449890678,3,10,50
Attentive CNP + PE,m2,2635.0,0.31851912011702854,0.028616313745204347,0.005833593680438928,3,10,50
Attentive CNP + PE,m2,2636.0,0.21366881784548364,0.053915919180603275,0.00422511012040969,3,10,50
Attentive CNP + PE,m2,2637.0,0.17428550246357918,0.05417018623212829,0.0036850190696059736,3,10,50
Attentive CNP + PE,m2,2638.0,0.1521214157907913,0.05712423068474756,0.0032349827803675965,3,10,50
Attentive CNP + PE,m2,2639.0,0.13138010517135265,0.05093191685682846,0.0034199448187387216,3,10,50
Attentive CNP + PE,m2,2640.0,0.19379345729698738,0.04286994818760124,0.006105627317701509,3,10,50
Attentive CNP + PE,m2,2641.0,0.24111865317697326,0.07452603916161547,0.007057434102043487,3,10,50
Attentive CNP + PE,m2,2642.0,0.25141419894248246,0.05465449486269465,0.007601355918310551,3,10,50
Attentive CNP + PE,m2,2643.0,0.2967808475134273,0.07489188735611482,0.007403690518506135,3,10,50
Attentive CNP + PE,m2,2644.0,0.30045458385348317,0.0544852438767465,0.005550561506441283,3,10,50
Attentive CNP + PE,m2,2645.0,0.30309817528724664,0.03626689815928372,0.004919135898421489,3,10,50
Attentive CNP + PE,m2,2646.0,0.232438606676956,0.03348349967580664,0.00315732481883459,3,10,50
Attentive CNP + PE,m2,2647.0,0.1385923149952044,0.0247361552129956,0.0019294014988416493,3,10,50
Attentive CNP + PE,m2,2648.0,0.15911534514836967,0.01744310308962234,0.002437555960379107,3,10,50
Attentive CNP + PE,m2,2649.0,0.14441255572143322,0.016988195760309324,0.002874015845007965,3,10,50
Attentive CNP + PE,m2,2650.0,0.11386886530458773,0.025566686271175917,0.002302719233282488,3,10,50
Attentive CNP + PE,m2,2651.0,0.1301732809599489,0.05543383421744247,0.00227140165024621,3,10,50
Attentive CNP + PE,m2,2652.0,0.21463475634530185,0.050591362414619416,0.0027042625826726604,3,10,50
Attentive CNP + PE,m2,2653.0,0.3316112503670156,0.07397444870714066,0.004177761156303642,3,10,50
Attentive CNP + PE,m2,2654.0,0.3351290639241536,0.0707841244576633,0.0039616340645863305,3,10,50
Attentive CNP + PE,m2,2655.0,0.32591456472376984,0.05798360196066036,0.003908464259030904,3,10,50
Attentive CNP + PE,m2,2656.0,0.27361043625573317,0.0780928483233232,0.003828658652190498,3,10,50
Attentive CNP + PE,m2,2657.0,0.2868982113574942,0.12145967010274941,0.0042332599295142595,3,10,50
Attentive CNP + PE,m2,2658.0,0.35318359634280205,0.057275136064645765,0.0053066126770170705,3,10,50
Attentive CNP + PE,m2,2659.0,0.31082220733724536,0.16189900916492994,0.004809303249841453,3,10,50
Attentive CNP + PE,m2,2660.0,0.18931632244437538,0.12523087246869344,0.0030731157772998434,3,10,50
Attentive CNP + PE,m2,2661.0,0.24294826367466404,0.039324552508360366,0.00418768775070306,3,10,50
Attentive CNP + PE,m2,2662.0,0.33126197840645916,0.033837375244385466,0.005296859785957282,3,10,50
Attentive CNP + PE,m2,2663.0,0.2941512414788206,0.011602616660137255,0.0037878800379114435,3,10,50
Attentive CNP + PE,m2,2664.0,0.18347829173256955,0.03562458580022523,0.0020909563556804935,3,10,50
Attentive CNP + PE,m2,2665.0,0.15347296907457833,0.059380035971399216,0.0014755803152353888,3,10,50
Attentive CNP + PE,m2,2666.0,0.28771023973574245,0.08498445454957301,0.003137449214084526,3,10,50
Attentive CNP + PE,m2,2667.0,0.4590017699301243,0.02395940205560517,0.005700173121081338,3,10,50
Attentive CNP + PE,m2,2668.0,0.47200219486157097,0.03968863221311366,0.006991361026281641,3,10,50
Attentive CNP + PE,m2,2669.0,0.4656089883546035,0.05213874259863533,0.006379560788348614,3,10,50
Attentive CNP + PE,m2,2670.0,0.4300217410822709,0.08840483490819434,0.005357075392065563,3,10,50
Attentive CNP + PE,m2,2671.0,0.3866843081017335,0.060713077238397195,0.004917739540362647,3,10,50
Attentive CNP + PE,m2,2672.0,0.4283583297332127,0.024716700652437997,0.005010442205395126,3,10,50
Attentive CNP + PE,m2,2673.0,0.45679317097862565,0.02191708462892233,0.005077472675067379,3,10,50
Attentive CNP + PE,m2,2674.0,0.43650061157345776,0.08665764845822595,0.0042025636169807715,3,10,50
Attentive CNP + PE,m2,2675.0,0.4187166683028141,0.12634447053117479,0.004062319438286202,3,10,50
Attentive CNP + PE,m2,2676.0,0.4245495971267422,0.17183053347594202,0.004414287165939522,3,10,50
Attentive CNP + PE,m2,2677.0,0.357761429677407,0.12522848599325653,0.00443149234030845,3,10,50
Attentive CNP + PE,m2,2678.0,0.2555218466445804,0.0474818413875337,0.003608772447598465,3,10,50
Attentive CNP + PE,m2,2679.0,0.2621430461506049,0.04800342805056032,0.004575373632112161,3,10,50
Attentive CNP + PE,m2,2680.0,0.34832597869634624,0.08602914006520469,0.0058000613018667916,3,10,50
Attentive CNP + PE,m2,2681.0,0.3486269783973694,0.02731365701555812,0.006495229287212997,3,10,50
Attentive CNP + PE,m2,2682.0,0.3445151070952415,0.015351727308245817,0.006116418195892954,3,10,50
Attentive CNP + PE,m2,2683.0,0.33106729765733084,0.013481885103016192,0.004659808102031472,3,10,50
Attentive CNP + PE,m2,2684.0,0.31713664667805036,0.030025667526295576,0.004130286487367528,3,10,50
Attentive CNP + PE,m2,2685.0,0.28277036318679655,0.01818966347451971,0.002898147702604048,3,10,50
Attentive CNP + PE,m2,2686.0,0.30929790531595547,0.027479269268474608,0.0031411974227378643,3,10,50
Attentive CNP + PE,m2,2687.0,0.3344576802154382,0.05116061441138616,0.00370194155514059,3,10,50
Attentive CNP + PE,m2,2688.0,0.32826664345463114,0.051383905918582,0.003628100520655666,3,10,50
Attentive CNP + PE,m2,2689.0,0.3345548315743605,0.0710399530066415,0.0041808916941105745,3,10,50
Attentive CNP + PE,m2,2690.0,0.3505560332636038,0.08173149431437622,0.004216440734343022,3,10,50
Attentive CNP + PE,m2,2691.0,0.3805799529353777,0.05991769124038241,0.004359383724730219,3,10,50
Attentive CNP + PE,m2,2692.0,0.39959351000189786,0.020735833958849408,0.004250705603831623,3,10,50
Attentive CNP + PE,m2,2693.0,0.3472266100347042,0.024815670838543857,0.0038487765533101403,3,10,50
Attentive CNP + PE,m2,2694.0,0.29426619454224906,0.06718580494491704,0.003773708693489779,3,10,50
Attentive CNP + PE,m2,2695.0,0.31496971595784024,0.0834301857736869,0.0041489530952345125,3,10,50
Attentive CNP + PE,m2,2696.0,0.3298720285097758,0.056604758528424386,0.005387092609471123,3,10,50
Attentive CNP + PE,m2,2697.0,0.23399039327166973,0.14230432976363377,0.00394700429214927,3,10,50
Attentive CNP + PE,m2,2698.0,0.12035576702060645,0.11226678599944974,0.0022077910327743372,3,10,50
Attentive CNP + PE,m2,2699.0,0.16541261940377203,0.0743261365294392,0.003297351582728881,3,10,50
Attentive CNP + PE,m2,2700.0,0.3919358807777365,0.12250404895848627,0.007379577438060242,3,10,50
Attentive CNP + PE,m2,2701.0,0.34838180301586785,0.03967623145561663,0.006906635315091245,3,10,50
Attentive CNP + PE,m2,2702.0,0.2792811062087615,0.02818778056233821,0.004529736150692982,3,10,50
Attentive CNP + PE,m2,2703.0,0.2318387524907788,0.04977956911290839,0.002999587659916217,3,10,50
Attentive CNP + PE,m2,2704.0,0.19746076766153176,0.09320286991663077,0.0021668089038969695,3,10,50
Attentive CNP + PE,m2,2705.0,0.2594500579026838,0.12407281577897514,0.0030855650406202712,3,10,50
Attentive CNP + PE,m2,2706.0,0.2599182136148835,0.0639760084472517,0.0034297548898204306,3,10,50
Attentive CNP + PE,m2,2707.0,0.19646671704994514,0.06807399251333128,0.0023903127838472067,3,10,50
Attentive CNP + PE,m2,2708.0,0.1458186588533669,0.09248315434798675,0.002186979676919681,3,10,50
Attentive CNP + PE,m2,2709.0,0.16904452191665764,0.0926725642081784,0.002950686829790931,3,10,50
Attentive CNP + PE,m2,2710.0,0.2184245334416628,0.06840394511180672,0.00377092240258564,3,10,50
Attentive CNP + PE,m2,2711.0,0.249092389747578,0.03120650191209146,0.004655972712119137,3,10,50
Attentive CNP + PE,m2,2712.0,0.26004377998039124,0.060127691684368545,0.004757288095964991,3,10,50
Attentive CNP + PE,m2,2713.0,0.23529296792688548,0.05540471385576064,0.003737783241615089,3,10,50
Attentive CNP + PE,m2,2714.0,0.25347817885006463,0.051425068407113236,0.0043835153157622195,3,10,50
Attentive CNP + PE,m2,2715.0,0.2842009866886462,0.0682472529357458,0.005707289231792541,3,10,50
Attentive CNP + PE,m2,2716.0,0.28066655562088516,0.0845656703798518,0.006842756964352718,3,10,50
Attentive CNP + PE,m2,2717.0,0.23871550170173092,0.11786969652988187,0.006902185870468927,3,10,50
Attentive CNP + PE,m2,2718.0,0.40274623581767094,0.17066184124812886,0.010192500285332334,3,10,50
Attentive CNP + PE,m2,2719.0,0.45857483594802523,0.18027114882533465,0.014228411396244027,3,10,50
Attentive CNP + PE,m2,2720.0,0.33280569050903436,0.10948365650218662,0.01008149308387086,3,10,50
Attentive CNP + PE,m2,2721.0,0.348577042316397,0.10569809627834155,0.007496962473281431,3,10,50
Attentive CNP + PE,m2,2722.0,0.344553568482399,0.060634666197839804,0.0063934707747596645,3,10,50
Attentive CNP + PE,m2,2723.0,0.3227030423084895,0.030709422332929,0.005465548833850979,3,10,50
Attentive CNP + PE,m2,2724.0,0.330508789708217,0.06664345720561778,0.005515877416816702,3,10,50
Attentive CNP + PE,m2,2725.0,0.2188363555893302,0.06508720158890195,0.004241897714749977,3,10,50
Attentive CNP + PE,m2,2726.0,0.11190106011052071,0.013064386450635183,0.002349628089851298,3,10,50
Attentive CNP + PE,m2,2727.0,0.04812018000522463,0.02071963846981178,0.001069805130382946,3,10,50
Attentive CNP + PE,m2,2728.0,0.02941251200729039,0.017405582881024555,0.0006256846581270367,3,10,50
Attentive CNP + PE,m2,2729.0,0.07460779107752023,0.04267449488200096,0.0015935375975729392,3,10,50
Attentive CNP + PE,m2,2730.0,0.19608039100910535,0.10022638235105336,0.003985025230342318,3,10,50
Attentive CNP + PE,m2,2731.0,0.24279655911199127,0.09441765358037575,0.00464330724572973,3,10,50
Attentive CNP + PE,m2,2732.0,0.23865730503744753,0.09751629631307453,0.003920334705548912,3,10,50
Attentive CNP + PE,m2,2733.0,0.15089547686104196,0.087334805700637,0.0025289270144406256,3,10,50
Attentive CNP + PE,m2,2734.0,0.07595297659661931,0.03606325968729667,0.0016248161744032395,3,10,50
Attentive CNP + PE,m2,2735.0,0.06875081176479579,0.028337002926572766,0.0018351268922038812,3,10,50
Attentive CNP + PE,m2,2736.0,0.16782636613488042,0.1072545208929838,0.003952815011964791,3,10,50
Attentive CNP + PE,m2,2737.0,0.2430302764949884,0.21179052677818405,0.00543279683179418,3,10,50
Attentive CNP + PE,m2,2738.0,0.21835433401174184,0.21257397291292962,0.005111020526066723,3,10,50
Attentive CNP + PE,m2,2739.0,0.34447017385057793,0.15634614497078245,0.008586042825626103,3,10,50
Attentive CNP + PE,m2,2740.0,0.3758717283457518,0.15415005521120526,0.008772404318928638,3,10,50
Attentive CNP + PE,m2,2741.0,0.3559011952976386,0.13256420623207302,0.007020134075334791,3,10,50
Attentive CNP + PE,m2,2742.0,0.29574946711212396,0.09325968393810491,0.004974354007770324,3,10,50
Attentive CNP + PE,m2,2743.0,0.1819444346452753,0.05102141081181311,0.0026849295779970417,3,10,50
Attentive CNP + PE,m2,2744.0,0.14403956253857664,0.038206954460023444,0.002761057666320906,3,10,50
Attentive CNP + PE,m2,2745.0,0.19094267473990723,0.02020518159137713,0.00460310596681959,3,10,50
Attentive CNP + PE,m2,2746.0,0.2907422263051072,0.06779947074322622,0.007775389391052699,3,10,50
Attentive CNP + PE,m2,2747.0,0.24209414956718686,0.04405425572286477,0.00739179192500906,3,10,50
Attentive CNP + PE,m2,2748.0,0.20235933469111722,0.05797256319466945,0.005436678422760292,3,10,50
Attentive CNP + PE,m2,2749.0,0.25282433948339894,0.09457522152197062,0.006112810794127825,3,10,50
Attentive CNP + PE,m2,2750.0,0.32318314739068343,0.08264835886320968,0.00687914389566678,3,10,50
Attentive CNP + PE,m2,2751.0,0.33935010737429055,0.10371661748963128,0.006635521453070965,3,10,50
Attentive CNP + PE,m2,2752.0,0.304162772986417,0.11184971646425554,0.005308476264765862,3,10,50
Attentive CNP + PE,m2,2753.0,0.20638654910121113,0.09081609355466377,0.0036469491880917753,3,10,50
Attentive CNP + PE,m2,2754.0,0.13133300554193555,0.019068431408676173,0.002847568861887278,3,10,50
Attentive CNP + PE,m2,2755.0,0.11849821266873428,0.0239501539965602,0.003083033906499591,3,10,50
Attentive CNP + PE,m2,2756.0,0.1317544682631269,0.005908652411871183,0.0036151592995942445,3,10,50
Attentive CNP + PE,m2,2757.0,0.13802377621084452,0.028487789794771408,0.005230108162342084,3,10,50
Attentive CNP + PE,m2,2758.0,0.15115239852433296,0.031224941540078342,0.005701146351918617,3,10,50
Attentive CNP + PE,m2,2759.0,0.17112834119920928,0.06965972949713015,0.006198751181493975,3,10,50
Attentive CNP + PE,m2,2760.0,0.23011460034611322,0.08046900544159918,0.00642453381997092,3,10,50
Attentive CNP + PE,m2,2761.0,0.2650426373307904,0.07847923678778643,0.005723909605272653,3,10,50
Attentive CNP + PE,m2,2762.0,0.26729115098714834,0.0187368775460622,0.004601903459941535,3,10,50
Attentive CNP + PE,m2,2763.0,0.23224926004807156,0.020285843744257508,0.004108949221078309,3,10,50
Attentive CNP + PE,m2,2764.0,0.1960477329393228,0.029081007714071468,0.003913907140289198,3,10,50
Attentive CNP + PE,m2,2765.0,0.1832012312092508,0.017314544142417256,0.004131480714985303,3,10,50
Attentive CNP + PE,m2,2766.0,0.16288708668574692,0.015581848723095808,0.004208972378561543,3,10,50
Attentive CNP + PE,m2,2767.0,0.11952575702476316,0.026139064147832982,0.003678086792591913,3,10,50
Attentive CNP + PE,m2,2768.0,0.12344502970902249,0.059284652284933924,0.0034534948553676613,3,10,50
Attentive CNP + PE,m2,2769.0,0.16779392411063113,0.055019112449113255,0.004162445338337967,3,10,50
Attentive CNP + PE,m2,2770.0,0.24624403648575147,0.04178793004063446,0.0047677038270159565,3,10,50
Attentive CNP + PE,m2,2771.0,0.2803483950793743,0.035249290598533614,0.004649680850010934,3,10,50
Attentive CNP + PE,m2,2772.0,0.2642532659173012,0.051020570045400004,0.0038049547577654343,3,10,50
Attentive CNP + PE,m2,2773.0,0.24324262376129627,0.04216348057490519,0.004072284370049708,3,10,50
Attentive CNP + PE,m2,2774.0,0.21402193113913137,0.056831469911842625,0.004000450589878943,3,10,50
Attentive CNP + PE,m2,2775.0,0.20626986045762896,0.052549020169236814,0.004031241796735786,3,10,50
Attentive CNP + PE,m2,2776.0,0.17319828310546778,0.04261503793102691,0.003931899241705242,3,10,50
Attentive CNP + PE,m2,2777.0,0.18212466687212392,0.018297857606190824,0.005454701532970223,3,10,50
Attentive CNP + PE,m2,2778.0,0.2605493700600539,0.11201830602143636,0.009317075223999188,3,10,50
Attentive CNP + PE,m2,2779.0,0.27432186582187806,0.08498970308787006,0.00896213315012231,3,10,50
Attentive CNP + PE,m2,2780.0,0.2822995637493829,0.042606688827976205,0.006974947065237658,3,10,50
Attentive CNP + PE,m2,2781.0,0.255508069306612,0.058470543104366494,0.0058197964592018895,3,10,50
Attentive CNP + PE,m2,2782.0,0.24652428767954312,0.08238551620717127,0.004930410358165009,3,10,50
Attentive CNP + PE,m2,2783.0,0.3136736815497279,0.08488497623406908,0.007047902717037962,3,10,50
Attentive CNP + PE,m2,2784.0,0.33343468634039164,0.060523156456279995,0.00955288734614863,3,10,50
Attentive CNP + PE,m2,2785.0,0.23421222571780284,0.03428502805564288,0.008241944988406353,3,10,50
Attentive CNP + PE,m2,2786.0,0.13777423216837145,0.044813431431709544,0.005342206814449663,3,10,50
Attentive CNP + PE,m2,2787.0,0.10948257809489344,0.02805751964786794,0.004676138781847714,3,10,50
Attentive CNP + PE,m2,2788.0,0.14484545574950367,0.027981833521401364,0.005795542328701615,3,10,50
Attentive CNP + PE,m2,2789.0,0.1871289953775704,0.02917877307165765,0.006100564231620041,3,10,50
Attentive CNP + PE,m2,2790.0,0.23419534500439962,0.055312807218196036,0.0063925105890586245,3,10,50
Attentive CNP + PE,m2,2791.0,0.23705074590227257,0.05935934499681994,0.005090166441026248,3,10,50
Attentive CNP + PE,m2,2792.0,0.2497231121609608,0.01723485212465016,0.005992630956516319,3,10,50
Attentive CNP + PE,m2,2793.0,0.23921088737497723,0.04303185089883673,0.006592376898710226,3,10,50
Attentive CNP + PE,m2,2794.0,0.19667256039939818,0.04614410756262441,0.006271010062663914,3,10,50
Attentive CNP + PE,m2,2795.0,0.1318680068948306,0.040247577314638114,0.0055641082289602005,3,10,50
Attentive CNP + PE,m2,2796.0,0.13217489275689875,0.0459083546300119,0.00574801544024848,3,10,50
Attentive CNP + PE,m2,2797.0,0.18187122330896766,0.10841653251160555,0.0077102816286454615,3,10,50
Attentive CNP + PE,m2,2798.0,0.20833606793345102,0.15539642023402145,0.007331322329360324,3,10,50
Attentive CNP + PE,m2,2799.0,0.22153038670203148,0.11267026425286607,0.006570614479757556,3,10,50
Attentive CNP + PE,m2,2800.0,0.2418038001016248,0.05025203416564999,0.006419122634100373,3,10,50
Attentive CNP + PE,m2,2801.0,0.259747680152456,0.027819416163317,0.00581750596057759,3,10,50
Attentive CNP + PE,m2,2802.0,0.2618919798408945,0.02522495979591188,0.005811588513137838,3,10,50
Attentive CNP + PE,m2,2803.0,0.2473708075309793,0.0525606357177001,0.007092541955158179,3,10,50
Attentive CNP + PE,m2,2804.0,0.17623390969168398,0.016984595378451144,0.006556668200834652,3,10,50
Attentive CNP + PE,m2,2805.0,0.11926758105137075,0.03845060495058833,0.004497479389164626,3,10,50
Attentive CNP + PE,m2,2806.0,0.12328894260479138,0.02546071799597189,0.004679870367696942,3,10,50
Attentive CNP + PE,m2,2807.0,0.15677244287977618,0.01391181884287156,0.004425550655867592,3,10,50
Attentive CNP + PE,m2,2808.0,0.22360850487649442,0.06852748916714325,0.0051587607020310774,3,10,50
Attentive CNP + PE,m2,2809.0,0.24389581592256823,0.07247867325644135,0.0039822952968665525,3,10,50
Attentive CNP + PE,m2,2810.0,0.23493511826793356,0.04570967959242628,0.0034793920104969826,3,10,50
Attentive CNP + PE,m2,2811.0,0.256697519807145,0.022872125317134066,0.0038853191749846187,3,10,50
Attentive CNP + PE,m2,2812.0,0.2518340909803907,0.054553727132049354,0.004282860094427965,3,10,50
Attentive CNP + PE,m2,2813.0,0.20736885358641546,0.05904240298265556,0.004761719400806274,3,10,50
Attentive CNP + PE,m2,2814.0,0.19087438944727184,0.06456659842075582,0.005000325267768739,3,10,50
Attentive CNP + PE,m2,2815.0,0.22028523961547763,0.12816678241283094,0.005208615038374596,3,10,50
Attentive CNP + PE,m2,2816.0,0.28082279542740435,0.14433846092005645,0.006543351809599672,3,10,50
Attentive CNP + PE,m2,2817.0,0.4054331437995036,0.014227632434864633,0.012489224519470729,3,10,50
Attentive CNP + PE,m2,2818.0,0.4290343165795008,0.06485720979057805,0.012662175340956013,3,10,50
Attentive CNP + PE,m2,2819.0,0.3743618392994006,0.07697985847727153,0.008335933067562936,3,10,50
Attentive CNP + PE,m2,2820.0,0.34576724872738124,0.08570037285577005,0.00709315736370253,3,10,50
Attentive CNP + PE,m2,2821.0,0.3307508630150308,0.12169298339950696,0.006259089393314634,3,10,50
Attentive CNP + PE,m2,2822.0,0.4417491180381427,0.03596967469199444,0.009770218767369311,3,10,50
Attentive CNP + PE,m2,2823.0,0.44406884477535885,0.03711489827566582,0.010876091862137232,3,10,50
Attentive CNP + PE,m2,2824.0,0.4198517809510231,0.024017151622888682,0.00934845611015836,3,10,50
Attentive CNP + PE,m2,2825.0,0.42372655361890793,0.036649523329737956,0.007763368441528864,3,10,50
Attentive CNP + PE,m2,2826.0,0.4284728334248065,0.0364357793807207,0.007265170972373264,3,10,50
Attentive CNP + PE,m2,2827.0,0.39766601138313606,0.025790673516325073,0.0053297656873231665,3,10,50
Attentive CNP + PE,m2,2828.0,0.25069330271085105,0.0627813236374377,0.002868471111224954,3,10,50
Attentive CNP + PE,m2,2829.0,0.17545904854560893,0.03843560623479669,0.0020537172144323482,3,10,50
Attentive CNP + PE,m2,2830.0,0.19361299882425617,0.07403243245179467,0.0025740410153430827,3,10,50
Attentive CNP + PE,m2,2831.0,0.295275423662737,0.10358763532235264,0.004371074381737283,3,10,50
Attentive CNP + PE,m2,2832.0,0.40128233663613594,0.08892867371280132,0.006847905162011051,3,10,50
Attentive CNP + PE,m2,2833.0,0.3759250405542553,0.11724978128095741,0.00682348100392986,3,10,50
Attentive CNP + PE,m2,2834.0,0.26239337377808986,0.14604346658943743,0.00485520133418257,3,10,50
Attentive CNP + PE,m2,2835.0,0.22139289210985105,0.14262282711535776,0.004190022817866614,3,10,50
Attentive CNP + PE,m2,2836.0,0.39838079634308815,0.07929211737181821,0.009013507731300984,3,10,50
Attentive CNP + PE,m2,2837.0,0.45869952432314554,0.07208182349946675,0.008668314488561282,3,10,50
Attentive CNP + PE,m2,2838.0,0.4250586364070574,0.06129443369151662,0.006979377556716032,3,10,50
Attentive CNP + PE,m2,2839.0,0.3674865245918433,0.046941273189375236,0.005406981386399147,3,10,50
Attentive CNP + PE,m2,2840.0,0.3448226353426774,0.07093804049606876,0.003815254010037785,3,10,50
Attentive CNP + PE,m2,2841.0,0.30964927478507165,0.14046365118614634,0.0032128906001949015,3,10,50
Attentive CNP + PE,m2,2842.0,0.412344028202196,0.16614325124328524,0.004807132271925166,3,10,50
Attentive CNP + PE,m2,2843.0,0.4680027330021064,0.14498708040238215,0.006363906037521849,3,10,50
Attentive CNP + PE,m2,2844.0,0.4492111478025715,0.12149818297220998,0.006218012650801379,3,10,50
Attentive CNP + PE,m2,2845.0,0.40796093463401,0.10880633280602243,0.005985664885747573,3,10,50
Attentive CNP + PE,m2,2846.0,0.36561912175423156,0.03370420168150223,0.005216776920745781,3,10,50
Attentive CNP + PE,m2,2847.0,0.2857587003335357,0.048261755674090086,0.0033743243089315762,3,10,50
Attentive CNP + PE,m2,2848.0,0.19617280714400112,0.03651377982477995,0.0023272195988983863,3,10,50
Attentive CNP + PE,m2,2849.0,0.13050517183138677,0.028601827980356365,0.0013484367859838643,3,10,50
Attentive CNP + PE,m2,2850.0,0.1222459727798899,0.053796209493491544,0.0016036115991649401,3,10,50
Attentive CNP + PE,m2,2851.0,0.24802763068924347,0.09689715450606805,0.004206362197435567,3,10,50
Attentive CNP + PE,m2,2852.0,0.3024072993559142,0.10806510912204677,0.0061639551075025395,3,10,50
Attentive CNP + PE,m2,2853.0,0.2288877934149156,0.1435168437116415,0.004174453558394767,3,10,50
Attentive CNP + PE,m2,2854.0,0.13043332153973944,0.12538427680800038,0.0018526536910070497,3,10,50
Attentive CNP + PE,m2,2855.0,0.13684199824531487,0.0972910569298309,0.002353159393554422,3,10,50
Attentive CNP + PE,m2,2856.0,0.3314818083815432,0.051943356185448916,0.00658342899297702,3,10,50
Attentive CNP + PE,m2,2857.0,0.3547209057444707,0.04691779498163047,0.007154049117970252,3,10,50
Attentive CNP + PE,m2,2858.0,0.3148758240876099,0.04439748931482354,0.0057479820383452935,3,10,50
Attentive CNP + PE,m2,2859.0,0.24492218488629444,0.10104153464846068,0.0037805386397638647,3,10,50
Attentive CNP + PE,m2,2860.0,0.23212638973956926,0.16084074711248778,0.003606862859842196,3,10,50
Attentive CNP + PE,m2,2861.0,0.33384117217035963,0.15200310829454278,0.007354506046927167,3,10,50
Attentive CNP + PE,m2,2862.0,0.293381408602659,0.15561695420558447,0.006797356845537616,3,10,50
Attentive CNP + PE,m2,2863.0,0.2232755917329341,0.11350893792103157,0.0034962198778377526,3,10,50
Attentive CNP + PE,m2,2864.0,0.18934354188789923,0.081107799663697,0.0022422380491485525,3,10,50
Attentive CNP + PE,m2,2865.0,0.1883202234418131,0.035258167109307105,0.002297466944896556,3,10,50
Attentive CNP + PE,m2,2866.0,0.22389675628518066,0.029550453618731865,0.002730533149601483,3,10,50
Attentive CNP + PE,m2,2867.0,0.20813676586188376,0.07495663736804166,0.0028209658242331075,3,10,50
Attentive CNP + PE,m2,2868.0,0.14123720549815336,0.072752724832852,0.001895015259040911,3,10,50
Attentive CNP + PE,m2,2869.0,0.07177207610104232,0.04182731440324881,0.001003241106832711,3,10,50
Attentive CNP + PE,m2,2870.0,0.056682586396040284,0.013633080005445643,0.0007456212959341624,3,10,50
Attentive CNP + PE,m2,2871.0,0.10397071473399654,0.029991824078122727,0.0013887886247356894,3,10,50
Attentive CNP + PE,m2,2872.0,0.10146727638707671,0.03556823737747975,0.0015080337242708642,3,10,50
Attentive CNP + PE,m2,2873.0,0.09058825131511063,0.05152579259327552,0.0013583794271504086,3,10,50
Attentive CNP + PE,m2,2874.0,0.19744753394765815,0.12137929948287804,0.0032293857091975696,3,10,50
Attentive CNP + PE,m2,2875.0,0.36362683542817825,0.10697162880424732,0.006783920202317865,3,10,50
Attentive CNP + PE,m2,2876.0,0.4029952052036922,0.039337889966881166,0.007058190109852994,3,10,50
Attentive CNP + PE,m2,2877.0,0.38215152553717296,0.06827864461609782,0.004838875530677135,3,10,50
Attentive CNP + PE,m2,2878.0,0.34722072896361356,0.026986872889597904,0.003948012324654865,3,10,50
Attentive CNP + PE,m2,2879.0,0.31741894176602364,0.015192059699129581,0.0040617845557796755,3,10,50
Attentive CNP + PE,m2,2880.0,0.26440455136199786,0.028662498874932447,0.0030862822502663472,3,10,50
Attentive CNP + PE,m2,2881.0,0.09091689327450392,0.031109075527170432,0.0011411414148557904,3,10,50
Attentive CNP + PE,m2,2882.0,0.05351224608366223,0.023468370223118006,0.0006029219925157375,3,10,50
Attentive CNP + PE,m2,2883.0,0.08386954722676941,0.06614595642683499,0.0014961087725643277,3,10,50
Attentive CNP + PE,m2,2884.0,0.11911700891544263,0.09834839364591588,0.0023355124867178207,3,10,50
Attentive CNP + PE,m2,2885.0,0.08590291375907448,0.05479587957544826,0.0011327326687449325,3,10,50
Attentive CNP + PE,m2,2886.0,0.10814432614279212,0.017485904140424013,0.0011426912522144953,3,10,50
Attentive CNP + PE,m2,2887.0,0.12052115415832183,0.047089094930814035,0.0012736257734742317,3,10,50
Attentive CNP + PE,m2,2888.0,0.13401865700632334,0.050030512790793215,0.0015163772067195852,3,10,50
Attentive CNP + PE,m2,2889.0,0.11949314825050532,0.0527041394343457,0.0017117783487753532,3,10,50
Attentive CNP + PE,m2,2890.0,0.11712796469187985,0.012360784310072656,0.0019130478300891538,3,10,50
Attentive CNP + PE,m2,2891.0,0.2516630038743218,0.1450981639564857,0.0038930385316145524,3,10,50
Attentive CNP + PE,m2,2892.0,0.3670706358502309,0.1231807364100745,0.005640453729186341,3,10,50
Attentive CNP + PE,m2,2893.0,0.4439052759110928,0.07331003031153689,0.006409853144009651,3,10,50
Attentive CNP + PE,m2,2894.0,0.3286372982325653,0.160000477790353,0.005401881801644624,3,10,50
Attentive CNP + PE,m2,2895.0,0.2553254792317748,0.07104938823230987,0.00419769272404903,3,10,50
Attentive CNP + PE,m2,2896.0,0.2650730606466532,0.08140256612233987,0.0036283779194073613,3,10,50
Attentive CNP + PE,m2,2897.0,0.27492862108846505,0.05715093631541168,0.004073868398183803,3,10,50
Attentive CNP + PE,m2,2898.0,0.2131643468849361,0.04188141695764009,0.002676381776956291,3,10,50
Attentive CNP + PE,m2,2899.0,0.13068340906314552,0.07883473128843911,0.0011917007463078816,3,10,50
Attentive CNP + PE,m2,2900.0,0.16554411207065764,0.1195078849109932,0.0021883480855294517,3,10,50
Attentive CNP + PE,m2,2901.0,0.3255877583573262,0.1005303849829017,0.004935012835056686,3,10,50
Attentive CNP + PE,m2,2902.0,0.40982714067896203,0.02506457954980581,0.006388467411946867,3,10,50
Attentive CNP + PE,m2,2903.0,0.41466959970196093,0.013654433759896466,0.005901251576394174,3,10,50
Attentive CNP + PE,m2,2904.0,0.37624111837148666,0.016960501902145927,0.005342562046796731,3,10,50
Attentive CNP + PE,m2,2905.0,0.32183506042261917,0.033328568881600386,0.004583852366331856,3,10,50
Attentive CNP + PE,m2,2906.0,0.3355017544825872,0.07524685788125696,0.0054898721947751776,3,10,50
Attentive CNP + PE,m2,2907.0,0.4117975568970044,0.06379249248453848,0.007119201292105183,3,10,50
Attentive CNP + PE,m2,2908.0,0.3899769244243701,0.02529946898496459,0.005993504367067554,3,10,50
Attentive CNP + PE,m2,2909.0,0.27971335430443284,0.056100931849784354,0.003964359662841841,3,10,50
Attentive CNP + PE,m2,2910.0,0.21576190490523975,0.06718641596820198,0.0034418348168391076,3,10,50
Attentive CNP + PE,m2,2911.0,0.24783664762601262,0.09953985136286159,0.004164657603682295,3,10,50
Attentive CNP + PE,m2,2912.0,0.2608166084637245,0.09115595232386794,0.004659054269755796,3,10,50
Attentive CNP + PE,m2,2913.0,0.22659403833995265,0.04855376223311584,0.004886718290430037,3,10,50
Attentive CNP + PE,m2,2914.0,0.22369576693326235,0.024812206102737693,0.005498744940247273,3,10,50
Attentive CNP + PE,m2,2915.0,0.2152937662154436,0.028588843546312463,0.005334311897915576,3,10,50
Attentive CNP + PE,m2,2916.0,0.25341869654754795,0.029894620043453494,0.00519722166343243,3,10,50
Attentive CNP + PE,m2,2917.0,0.2909549959848325,0.030432828818486753,0.005210757696976206,3,10,50
Attentive CNP + PE,m2,2918.0,0.28879089568058647,0.02905582797152192,0.00460410202390048,3,10,50
Attentive CNP + PE,m2,2919.0,0.24610749873022233,0.05307249802882074,0.0029828876598836274,3,10,50
Attentive CNP + PE,m2,2920.0,0.2518821566949288,0.08588481230100162,0.0033169926092087303,3,10,50
Attentive CNP + PE,m2,2921.0,0.29892568110426265,0.0686866821762664,0.004379948968506944,3,10,50
Attentive CNP + PE,m2,2922.0,0.3135372191468874,0.04405882110001527,0.004584652989058084,3,10,50
Attentive CNP + PE,m2,2923.0,0.31989600095152854,0.046956628480664314,0.0058806713156074365,3,10,50
Attentive CNP + PE,m2,2924.0,0.2936025363951921,0.049488248680670775,0.005056811476816953,3,10,50
Attentive CNP + PE,m2,2925.0,0.2774930899292231,0.05646480690932929,0.004449642572903919,3,10,50
Attentive CNP + PE,m2,2926.0,0.2971362101187309,0.06754005268702429,0.0060047561053131054,3,10,50
Attentive CNP + PE,m2,2927.0,0.3129496275385221,0.05587330884130246,0.005623112694387512,3,10,50
Attentive CNP + PE,m2,2928.0,0.29407728814085327,0.05298926682200279,0.004632470961503322,3,10,50
Attentive CNP + PE,m2,2929.0,0.26947146892050905,0.06805362400188196,0.0037855972702908972,3,10,50
Attentive CNP + PE,m2,2930.0,0.26848372466365494,0.07178415226663645,0.003931906746451443,3,10,50
Attentive CNP + PE,m2,2931.0,0.27229847023387754,0.04855994792608946,0.004201594830127352,3,10,50
Attentive CNP + PE,m2,2932.0,0.27232199376573163,0.06480501260151741,0.004212167879594351,3,10,50
Attentive CNP + PE,m2,2933.0,0.22741687234987815,0.09482351808462107,0.0034018029760228383,3,10,50
Attentive CNP + PE,m2,2934.0,0.21881192802141106,0.05606248312583762,0.003756285933878755,3,10,50
Attentive CNP + PE,m2,2935.0,0.2693300804644823,0.0346721873562298,0.006274276694353307,3,10,50
Attentive CNP + PE,m2,2936.0,0.27261627684533596,0.020025510891864287,0.006280865620348742,3,10,50
Attentive CNP + PE,m2,2937.0,0.25989744015038013,0.02289874635007628,0.0053671186678173775,3,10,50
Attentive CNP + PE,m2,2938.0,0.24009294109543164,0.06695498090768182,0.004065677441917755,3,10,50
Attentive CNP + PE,m2,2939.0,0.24629252728198966,0.10704267498691143,0.0038147411152218043,3,10,50
Attentive CNP + PE,m2,2940.0,0.2848826124643286,0.09654423951482694,0.004142398577574869,3,10,50
Attentive CNP + PE,m2,2941.0,0.3027428292731444,0.05580754654682905,0.005129475040632774,3,10,50
Attentive CNP + PE,m2,2942.0,0.31464661709467573,0.03093052802827113,0.005343776653989156,3,10,50
Attentive CNP + PE,m2,2943.0,0.3169209830959638,0.022645422644137797,0.005577650457664808,3,10,50
Attentive CNP + PE,m2,2944.0,0.3191899981200695,0.002453963342638961,0.00605194048463525,3,10,50
Attentive CNP + PE,m2,2945.0,0.39566996444265046,0.02370713104631915,0.008068668441762036,3,10,50
Attentive CNP + PE,m2,2946.0,0.42813774482409156,0.04272883738006823,0.0091118565296465,3,10,50
Attentive CNP + PE,m2,2947.0,0.4317609532773494,0.06575478222472106,0.008025764185378712,3,10,50
Attentive CNP + PE,m2,2948.0,0.38798246930042907,0.039283449468071385,0.005661255654350159,3,10,50
Attentive CNP + PE,m2,2949.0,0.32405792176723475,0.052672186377610467,0.005150428936549461,3,10,50
Attentive CNP + PE,m2,2950.0,0.2709385895828406,0.061832442503715716,0.0043208995973346605,3,10,50
Attentive CNP + PE,m2,2951.0,0.23355199456711606,0.053733381476989674,0.004406581980791247,3,10,50
Attentive CNP + PE,m2,2952.0,0.21858551390965777,0.03290277057188722,0.004797749968269011,3,10,50
Attentive CNP + PE,m2,2953.0,0.2710929848154386,0.04238571824351219,0.006433131239155253,3,10,50
Attentive CNP + PE,m2,2954.0,0.28366352839271225,0.03935298812913267,0.007241332014709567,3,10,50
Attentive CNP + PE,m2,2955.0,0.3167069879521926,0.07511473946287599,0.006912460709052659,3,10,50
Attentive CNP + PE,m2,2956.0,0.33264435033003487,0.06681547032929933,0.005872491052518074,3,10,50
Attentive CNP + PE,m2,2957.0,0.33792749005556105,0.03934106735651288,0.004932514882889456,3,10,50
Attentive CNP + PE,m2,2958.0,0.344102784126997,0.023921060952378396,0.004986989071210589,3,10,50
Attentive CNP + PE,m2,2959.0,0.3041110484302044,0.03732203407855209,0.004335101604371564,3,10,50
Attentive CNP + PE,m2,2960.0,0.2627763940393925,0.04246136655047845,0.00455651849828992,3,10,50
Attentive CNP + PE,m2,2961.0,0.2629374324480693,0.016287308822862893,0.004689020577488323,3,10,50
Attentive CNP + PE,m2,2962.0,0.26443720574676993,0.02887479542066403,0.004469505411062508,3,10,50
Attentive CNP + PE,m2,2963.0,0.2640129786729813,0.040133315634220776,0.0041689077287445815,3,10,50
Attentive CNP + PE,m2,2964.0,0.27953774771094325,0.06123536800731387,0.003944019160079372,3,10,50
Attentive CNP + PE,m2,2965.0,0.3215168125728766,0.06277580751777267,0.0038385455353106613,3,10,50
Attentive CNP + PE,m2,2966.0,0.33927318118015926,0.060202589280354164,0.003996687457860498,3,10,50
Attentive CNP + PE,m2,2967.0,0.3799321650266647,0.040209855570510475,0.004181695970964855,3,10,50
Attentive CNP + PE,m2,2968.0,0.3722559568981329,0.027679106563422064,0.00443013391955606,3,10,50
Attentive CNP + PE,m2,2969.0,0.3308833052615325,0.0262478498875229,0.004611256548406818,3,10,50
Attentive CNP + PE,m2,2970.0,0.3190289152264595,0.024753731406267188,0.004495677566255734,3,10,50
Attentive CNP + PE,m2,2971.0,0.3326238895157973,0.016962590526186313,0.0048680161462964725,3,10,50
Attentive CNP + PE,m2,2972.0,0.2521922721515099,0.050238298733331584,0.003685287364156877,3,10,50
Attentive CNP + PE,m2,2973.0,0.25033838023245336,0.046398259273776776,0.004005824303908396,3,10,50
Attentive CNP + PE,m2,2974.0,0.3044058269361655,0.04763809396663172,0.004748488975473941,3,10,50
Attentive CNP + PE,m2,2975.0,0.33073411414027215,0.05066280143290705,0.005565511327498808,3,10,50
Attentive CNP + PE,m2,2976.0,0.3221415476898352,0.07870716689887015,0.004200891548249192,3,10,50
Attentive CNP + PE,m2,2977.0,0.32587812244892117,0.07132743978463946,0.003827755436044555,3,10,50
Attentive CNP + PE,m2,2978.0,0.37824806351463,0.05329474783181182,0.004274736533451275,3,10,50
Attentive CNP + PE,m2,2979.0,0.3924491299788157,0.04254609833127778,0.0049567354683034475,3,10,50
Attentive CNP + PE,m2,2980.0,0.41991806292533873,0.04413205159389482,0.005421472432222758,3,10,50
Attentive CNP + PE,m2,2981.0,0.43741048453251513,0.036458189094710526,0.005260576321785188,3,10,50
Attentive CNP + PE,m2,2982.0,0.4138129110137621,0.02882102582451514,0.005212784715282183,3,10,50
Attentive CNP + PE,m2,2983.0,0.3463293207883835,0.016274769198203594,0.0045418934838415215,3,10,50
Attentive CNP + PE,m2,2984.0,0.3220227979222934,0.024159193397900826,0.0038465009352137793,3,10,50
Attentive CNP + PE,m2,2985.0,0.3235144789616267,0.027767084394142005,0.004018741672616794,3,10,50
Attentive CNP + PE,m2,2986.0,0.3535926560958227,0.019365156621160385,0.0037894621164479177,3,10,50
Attentive CNP + PE,m2,2987.0,0.39135538047552104,0.017671059115185486,0.003922133777420318,3,10,50
Attentive CNP + PE,m2,2988.0,0.42455537847677877,0.039865025407981314,0.004750653900003401,3,10,50
Attentive CNP + PE,m2,2989.0,0.40600038084387774,0.059882307035356575,0.004999210297894571,3,10,50
Attentive CNP + PE,m2,2990.0,0.3644688142339388,0.054576005465460785,0.004269375634610825,3,10,50
Attentive CNP + PE,m2,2991.0,0.290694445669651,0.0754329573807873,0.0036329280352374108,3,10,50
Attentive CNP + PE,m2,2992.0,0.2893978429486354,0.061969060086612474,0.004015518839859205,3,10,50
Attentive CNP + PE,m2,2993.0,0.34088589384158446,0.05860871599023844,0.005147452947162432,3,10,50
Attentive CNP + PE,m2,2994.0,0.3725699174503485,0.05560531615425563,0.004830290922351165,3,10,50
Attentive CNP + PE,m2,2995.0,0.36684961542487143,0.03934305788056687,0.004375181402589165,3,10,50
Attentive CNP + PE,m2,2996.0,0.3487309305171172,0.04541041369439444,0.0037135059693452085,3,10,50
Attentive CNP + PE,m2,2997.0,0.3324910474568606,0.05566972206290485,0.003502200286354102,3,10,50
Attentive CNP + PE,m2,2998.0,0.37412581171592074,0.04767674595188037,0.0036294517982181453,3,10,50
Attentive CNP + PE,m2,2999.0,0.3999784265259902,0.023702899952407663,0.003879852804419046,3,10,50
Attentive CNP + PE,m2,3000.0,0.37889524577061334,0.020558969643461385,0.0043475994241253466,3,10,50
Density-guided CNP (ours),cell17,500.0,0.4164059855540594,0.021974058156620117,0.0015049434564483358,3,10,50
Density-guided CNP (ours),cell17,501.0,0.4104270789027214,0.012970058105112257,0.0016243433920881238,3,10,50
Density-guided CNP (ours),cell17,502.0,0.40574503787358607,0.021697589056809286,0.0015899796977314237,3,10,50
Density-guided CNP (ours),cell17,503.0,0.40637213762601215,0.015960539797894555,0.0015530801784446966,3,10,50
Density-guided CNP (ours),cell17,504.0,0.40789752711852395,0.016419477877595092,0.0016694629718053404,3,10,50
Density-guided CNP (ours),cell17,505.0,0.4037556174993515,0.019286535774562307,0.0017080877112357323,3,10,50
Density-guided CNP (ours),cell17,506.0,0.40166858029365543,0.020880669456931036,0.0019027633215823216,3,10,50
Density-guided CNP (ours),cell17,507.0,0.3946808687249819,0.01909739157978724,0.0017699922733967384,3,10,50
Density-guided CNP (ours),cell17,508.0,0.2840044992864132,0.011259830297876673,0.001760328744163245,3,10,50
Density-guided CNP (ours),cell17,509.0,0.38846678541103996,0.01731114710844758,0.0024532440717430536,3,10,50
Density-guided CNP (ours),cell17,510.0,0.2789936608572801,0.024498376144957115,0.00203557120531252,3,10,50
Density-guided CNP (ours),cell17,511.0,0.24095721814036372,0.02824005941038713,0.0018952182068145932,3,10,50
Density-guided CNP (ours),cell17,512.0,0.292766643345356,0.02235367418970935,0.002095821474476308,3,10,50
Density-guided CNP (ours),cell17,513.0,0.31284300806125004,0.03602030118582413,0.0015456501024691547,3,10,50
Density-guided CNP (ours),cell17,514.0,0.39497954628864923,0.018426090628929213,0.0018719476235533397,3,10,50
Density-guided CNP (ours),cell17,515.0,0.4024944559137027,0.018326100595308075,0.0017032445708360891,3,10,50
Density-guided CNP (ours),cell17,516.0,0.40552203949292503,0.01534064945920389,0.0014443575334470227,3,10,50
Density-guided CNP (ours),cell17,517.0,0.4089068468213082,0.01893074597906409,0.0015865958470166691,3,10,50
Density-guided CNP (ours),cell17,518.0,0.4115472899675369,0.011131243557031172,0.0014899677489733224,3,10,50
Density-guided CNP (ours),cell17,519.0,0.41178003120422363,0.021787733744997474,0.0014845403702860088,3,10,50
Density-guided CNP (ours),cell17,520.0,0.4087052605350812,0.019336577744442453,0.0014416095006951288,3,10,50
Density-guided CNP (ours),cell17,521.0,0.41262267142534254,0.017198836531298015,0.001607012308537802,3,10,50
Density-guided CNP (ours),cell17,522.0,0.41063718058665594,0.018323200807870577,0.0015427687565452762,3,10,50
Density-guided CNP (ours),cell17,523.0,0.41218036584059403,0.017276057778331,0.0015177822710713662,3,10,50
Density-guided CNP (ours),cell17,524.0,0.41452091399828594,0.021923025325906155,0.0013618791027915945,3,10,50
Density-guided CNP (ours),cell17,525.0,0.4108111077944438,0.021605333193206077,0.0014292648289356185,3,10,50
Density-guided CNP (ours),cell17,526.0,0.41079687505960455,0.02036427671701959,0.001330620306820317,3,10,50
Density-guided CNP (ours),cell17,527.0,0.4100049472848574,0.017865919171238052,0.0015228313696244253,3,10,50
Density-guided CNP (ours),cell17,528.0,0.4141690725286802,0.024050648066459745,0.0013323622361656334,3,10,50
Density-guided CNP (ours),cell17,529.0,0.41263106576601666,0.020174185686204424,0.001417369023479496,3,10,50
Density-guided CNP (ours),cell17,530.0,0.41103300774097445,0.016482187656098272,0.001354139818225661,3,10,50
Density-guided CNP (ours),cell17,531.0,0.41122004433472953,0.016286538152004856,0.0014460065260188334,3,10,50
Density-guided CNP (ours),cell17,532.0,0.4097122476696968,0.012516765974248958,0.0014002608256254358,3,10,50
Density-guided CNP (ours),cell17,533.0,0.413771723886331,0.01708142590167004,0.0013380991621089599,3,10,50
Density-guided CNP (ours),cell17,534.0,0.4080548306703568,0.01896273413410596,0.001395561283652311,3,10,50
Density-guided CNP (ours),cell17,535.0,0.4113256172736485,0.015172381920823656,0.0013247097455868512,3,10,50
Density-guided CNP (ours),cell17,536.0,0.41223355718453725,0.01599270680055549,0.0011109948354912236,3,10,50
Density-guided CNP (ours),cell17,537.0,0.4120970064401626,0.013103476526244225,0.0012745604489624225,3,10,50
Density-guided CNP (ours),cell17,538.0,0.41208096267779676,0.018004816632717028,0.0012787259666384209,3,10,50
Density-guided CNP (ours),cell17,539.0,0.41285425815979643,0.014746981592423847,0.0013075932857756392,3,10,50
Density-guided CNP (ours),cell17,540.0,0.41250223765770594,0.021495347586088162,0.001233578018824864,3,10,50
Density-guided CNP (ours),cell17,541.0,0.4117339759469032,0.013579892537659162,0.0014048585137868067,3,10,50
Density-guided CNP (ours),cell17,542.0,0.4101613986492157,0.01994111651762902,0.0014675126012950056,3,10,50
Density-guided CNP (ours),cell17,543.0,0.41190028584003446,0.01673929527301322,0.0012231075720510797,3,10,50
Density-guided CNP (ours),cell17,544.0,0.41165337836742405,0.016762429459376546,0.001237286671729125,3,10,50
Density-guided CNP (ours),cell17,545.0,0.41192298754056295,0.014928127662881343,0.0013573792414542294,3,10,50
Density-guided CNP (ours),cell17,546.0,0.4139794957240423,0.019935867192273405,0.0013511442730788604,3,10,50
Density-guided CNP (ours),cell17,547.0,0.41089019978046415,0.017969648800613133,0.0011917491941429634,3,10,50
Density-guided CNP (ours),cell17,548.0,0.41217233818769455,0.015944977100395528,0.0012353130621636293,3,10,50
Density-guided CNP (ours),cell17,549.0,0.4120568434794744,0.021434338927833377,0.0013370651811934883,3,10,50
Density-guided CNP (ours),cell17,550.0,0.4119212456146876,0.017790603483328112,0.0013678842665328017,3,10,50
Density-guided CNP (ours),cell17,551.0,0.41297873109579086,0.016946341798896408,0.0012990873128676545,3,10,50
Density-guided CNP (ours),cell17,552.0,0.41133299833536147,0.020026200418042126,0.0013958998215680182,3,10,50
Density-guided CNP (ours),cell17,553.0,0.41349650929371523,0.016856069793753887,0.0013713701890157145,3,10,50
Density-guided CNP (ours),cell17,554.0,0.4157091730237008,0.018106058420118604,0.0012338443045566063,3,10,50
Density-guided CNP (ours),cell17,555.0,0.4115372789303462,0.018932615560967512,0.0013260820306518208,3,10,50
Density-guided CNP (ours),cell17,556.0,0.41250630583365755,0.01438620190143856,0.0014001110373872215,3,10,50
Density-guided CNP (ours),cell17,557.0,0.41228993481397636,0.018353977470930094,0.0012435731401080382,3,10,50
Density-guided CNP (ours),cell17,558.0,0.4086462598840395,0.017273267150959212,0.001327341997150953,3,10,50
Density-guided CNP (ours),cell17,559.0,0.4139953442414601,0.013735528816371353,0.0011264002440109853,3,10,50
Density-guided CNP (ours),cell17,560.0,0.40999547803401953,0.016217134623307594,0.0013975437578288077,3,10,50
Density-guided CNP (ours),cell17,561.0,0.4137764330108961,0.015113042064899263,0.0011764854639559218,3,10,50
Density-guided CNP (ours),cell17,562.0,0.4124636777242025,0.014587488442629129,0.0015574362879257886,3,10,50
Density-guided CNP (ours),cell17,563.0,0.41359816944599154,0.013254782187649588,0.0012017879114476434,3,10,50
Density-guided CNP (ours),cell17,564.0,0.4137926235596338,0.01497808430564187,0.0012536801438439596,3,10,50
Density-guided CNP (ours),cell17,565.0,0.41184427551428476,0.016344257133885653,0.0012842309564414782,3,10,50
Density-guided CNP (ours),cell17,566.0,0.41610635368029286,0.012781532291789108,0.001268628903416514,3,10,50
Density-guided CNP (ours),cell17,567.0,0.4127419013778369,0.01781736077548567,0.0012242395084029792,3,10,50
Density-guided CNP (ours),cell17,568.0,0.41458665039141973,0.017310923886352816,0.001329004956799146,3,10,50
Density-guided CNP (ours),cell17,569.0,0.41291183028618494,0.02275752654194547,0.0012496411562212355,3,10,50
Density-guided CNP (ours),cell17,570.0,0.41556378424167634,0.013998203308589752,0.0012424979625974939,3,10,50
Density-guided CNP (ours),cell17,571.0,0.41417459851503374,0.019025389099626266,0.001169234247895076,3,10,50
Density-guided CNP (ours),cell17,572.0,0.4151615920066833,0.022207379438532383,0.0012324709524971008,3,10,50
Density-guided CNP (ours),cell17,573.0,0.41731137218077974,0.0165336101074045,0.00135572627966392,3,10,50
Density-guided CNP (ours),cell17,574.0,0.41774685353040697,0.014729333846591688,0.0011085378544602384,3,10,50
Density-guided CNP (ours),cell17,575.0,0.41320713100830714,0.02036764084189913,0.0011994374571732587,3,10,50
Density-guided CNP (ours),cell17,576.0,0.41328958368301394,0.019340261798674537,0.0010561309316427252,3,10,50
Density-guided CNP (ours),cell17,577.0,0.4135616008838017,0.012515934121009282,0.0011818255654867892,3,10,50
Density-guided CNP (ours),cell17,578.0,0.41464714847008394,0.016159297819199878,0.0012347981225866967,3,10,50
Density-guided CNP (ours),cell17,579.0,0.41053929587205257,0.019243109797655318,0.0011642712727366843,3,10,50
Density-guided CNP (ours),cell17,580.0,0.404613300760587,0.018085201760265374,0.0013861816179473769,3,10,50
Density-guided CNP (ours),cell17,581.0,0.3557334781090418,0.02085686214391742,0.0030915096911912354,3,10,50
Density-guided CNP (ours),cell17,582.0,0.2822702629566192,0.02390472887001598,0.0025808754461962677,3,10,50
Density-guided CNP (ours),cell17,583.0,0.21141999866565073,0.01839378202404158,0.0022786749405667665,3,10,50
Density-guided CNP (ours),cell17,584.0,0.2908580525716145,0.02042452891211189,0.003172316328773414,3,10,50
Density-guided CNP (ours),cell17,585.0,0.41212335183223087,0.020515804579606074,0.002848544690385373,3,10,50
Density-guided CNP (ours),cell17,586.0,0.4162196358640989,0.011345419886393522,0.0013459981860911208,3,10,50
Density-guided CNP (ours),cell17,587.0,0.4171165263851484,0.01021397322475092,0.0010475624883367564,3,10,50
Density-guided CNP (ours),cell17,588.0,0.4153305317759514,0.019346364545455012,0.0011602166987870347,3,10,50
Density-guided CNP (ours),cell17,589.0,0.4176513458887736,0.020705494274928182,0.0009746417705446085,3,10,50
Density-guided CNP (ours),cell17,590.0,0.41606138046582536,0.01756603467966779,0.0009548402190827448,3,10,50
Density-guided CNP (ours),cell17,591.0,0.4141240485310555,0.022880783916351826,0.0011390916260328324,3,10,50
Density-guided CNP (ours),cell17,592.0,0.41637300115823744,0.01355339287688358,0.0010783870331686604,3,10,50
Density-guided CNP (ours),cell17,593.0,0.42033347046375286,0.022838461519265517,0.0011100515215142384,3,10,50
Density-guided CNP (ours),cell17,594.0,0.41512083150943124,0.020357887548841238,0.0010007944355217783,3,10,50
Density-guided CNP (ours),cell17,595.0,0.4170288606484731,0.021962114331843603,0.0011994164463655203,3,10,50
Density-guided CNP (ours),cell17,596.0,0.41685689967870704,0.016816793241137606,0.0011099249852996652,3,10,50
Density-guided CNP (ours),cell17,597.0,0.4155062137444814,0.017985519711997675,0.0009798062433735639,3,10,50
Density-guided CNP (ours),cell17,598.0,0.41602037046353013,0.015083741582579328,0.0010421954873835171,3,10,50
Density-guided CNP (ours),cell17,599.0,0.41876823774973554,0.01965973241026971,0.0010793027805663968,3,10,50
Density-guided CNP (ours),cell17,600.0,0.41718225381771723,0.018345086690700098,0.0010331333695837955,3,10,50
Density-guided CNP (ours),cell17,601.0,0.4177333030899366,0.01787085150289043,0.0010648202554389818,3,10,50
Density-guided CNP (ours),cell17,602.0,0.41557635025183354,0.02054214224347392,0.0012001382651252572,3,10,50
Density-guided CNP (ours),cell17,603.0,0.41910756093263624,0.015497623881666795,0.0012710905437106474,3,10,50
Density-guided CNP (ours),cell17,604.0,0.4145077681144078,0.017887003821548644,0.001097460543158329,3,10,50
Density-guided CNP (ours),cell17,605.0,0.4153991496364276,0.019796244239630154,0.0010460490144768334,3,10,50
Density-guided CNP (ours),cell17,606.0,0.4150179165204366,0.016440267032525022,0.000952003779247668,3,10,50
Density-guided CNP (ours),cell17,607.0,0.41731357840696975,0.014664343812147578,0.0012274399009580398,3,10,50
Density-guided CNP (ours),cell17,608.0,0.41588690114021304,0.0171025669240174,0.0009039531279549052,3,10,50
Density-guided CNP (ours),cell17,609.0,0.4194178535938263,0.018858578594756186,0.0010444344084965234,3,10,50
Density-guided CNP (ours),cell17,610.0,0.41637445125977196,0.017786898286096486,0.0009853698769747923,3,10,50
Density-guided CNP (ours),cell17,611.0,0.4187334030270577,0.020074072912630803,0.0010651751392157423,3,10,50
Density-guided CNP (ours),cell17,612.0,0.4170602383812269,0.015418357413670033,0.0011908278670843548,3,10,50
Density-guided CNP (ours),cell17,613.0,0.41910042601823805,0.018817490387050547,0.0010285480260163351,3,10,50
Density-guided CNP (ours),cell17,614.0,0.4172244286735853,0.019756637856178316,0.0009144479965072965,3,10,50
Density-guided CNP (ours),cell17,615.0,0.4213752296566963,0.015729016868982124,0.0009719853590301851,3,10,50
Density-guided CNP (ours),cell17,616.0,0.42108474987745287,0.014430006013557447,0.0009658558284752801,3,10,50
Density-guided CNP (ours),cell17,617.0,0.4163880455493927,0.022162446573216425,0.0011319108150525017,3,10,50
Density-guided CNP (ours),cell17,618.0,0.41513896538813916,0.017729074371033344,0.001155069328546123,3,10,50
Density-guided CNP (ours),cell17,619.0,0.4218300126791,0.019513714516574746,0.0009593289048486269,3,10,50
Density-guided CNP (ours),cell17,620.0,0.41869264787435534,0.015374364356965932,0.0010315952647125324,3,10,50
Density-guided CNP (ours),cell17,621.0,0.4231726853052775,0.012532502237998053,0.00094916819667681,3,10,50
Density-guided CNP (ours),cell17,622.0,0.42167870565255483,0.01861813604477068,0.0009295703686359909,3,10,50
Density-guided CNP (ours),cell17,623.0,0.42279628479480746,0.017253630975380164,0.0010636147175336571,3,10,50
Density-guided CNP (ours),cell17,624.0,0.4226658502022425,0.015603822486065776,0.0009192545559180773,3,10,50
Density-guided CNP (ours),cell17,625.0,0.42117254738012955,0.017594016793343475,0.0011250835076031535,3,10,50
Density-guided CNP (ours),cell17,626.0,0.4204659676353137,0.016007609377066107,0.0011292881008815377,3,10,50
Density-guided CNP (ours),cell17,627.0,0.4235753068526586,0.01932211392037742,0.0010707379188452891,3,10,50
Density-guided CNP (ours),cell17,628.0,0.42056573466459907,0.018085796996110255,0.0009904461380812336,3,10,50
Density-guided CNP (ours),cell17,629.0,0.42267928570508956,0.015310825113228512,0.0010752326471325734,3,10,50
Density-guided CNP (ours),cell17,630.0,0.421014904042085,0.022037189067940367,0.0008906758429555365,3,10,50
Density-guided CNP (ours),cell17,631.0,0.4219668875137965,0.017737833598697135,0.0010466443943028007,3,10,50
Density-guided CNP (ours),cell17,632.0,0.419334649225076,0.017213734596969583,0.0011802587704006276,3,10,50
Density-guided CNP (ours),cell17,633.0,0.4206342323819796,0.019407557408688013,0.0009996317566506108,3,10,50
Density-guided CNP (ours),cell17,634.0,0.42122878315051393,0.019860287359267325,0.0012283754173153098,3,10,50
Density-guided CNP (ours),cell17,635.0,0.4206159946123758,0.017478874971157906,0.0011200183270213724,3,10,50
Density-guided CNP (ours),cell17,636.0,0.42316550852855045,0.01501852752811617,0.0010834664864978495,3,10,50
Density-guided CNP (ours),cell17,637.0,0.4219629654486974,0.01840745181389459,0.001066224613241539,3,10,50
Density-guided CNP (ours),cell17,638.0,0.4227692809303602,0.017876545130334726,0.0009755988172014453,3,10,50
Density-guided CNP (ours),cell17,639.0,0.4214803666671118,0.015304259710893216,0.0010345826311262895,3,10,50
Density-guided CNP (ours),cell17,640.0,0.426500994682312,0.015118812737390963,0.001086565403373175,3,10,50
Density-guided CNP (ours),cell17,641.0,0.4236596680680911,0.017871112462413494,0.0009622044240872457,3,10,50
Density-guided CNP (ours),cell17,642.0,0.4238782351613044,0.020920139370582,0.0009036048839107261,3,10,50
Density-guided CNP (ours),cell17,643.0,0.41878366029262537,0.017604820508064143,0.0010183090992581763,3,10,50
Density-guided CNP (ours),cell17,644.0,0.4239326351682345,0.018526988453295926,0.0011468091326579963,3,10,50
Density-guided CNP (ours),cell17,645.0,0.42051617481311165,0.017112947380090403,0.0010474481999848031,3,10,50
Density-guided CNP (ours),cell17,646.0,0.42165476353963216,0.020240677694544372,0.0011209243918213552,3,10,50
Density-guided CNP (ours),cell17,647.0,0.4220229574243228,0.02424099242627504,0.0011110703918775333,3,10,50
Density-guided CNP (ours),cell17,648.0,0.42539897835254664,0.018793279697505823,0.0008966314792068318,3,10,50
Density-guided CNP (ours),cell17,649.0,0.42466420980294556,0.017416093598898896,0.0010219639710219138,3,10,50
Density-guided CNP (ours),cell17,650.0,0.42561267709732054,0.01757490892672683,0.0009974891453906343,3,10,50
Density-guided CNP (ours),cell17,651.0,0.4234189489086469,0.016209612592526138,0.0010561417186859764,3,10,50
Density-guided CNP (ours),cell17,652.0,0.42657392263412475,0.01839676590569059,0.0010732302900241834,3,10,50
Density-guided CNP (ours),cell17,653.0,0.42368091881275177,0.018931420561134712,0.0010928553497497983,3,10,50
Density-guided CNP (ours),cell17,654.0,0.42730413033564885,0.02128535358112179,0.0010627829128111966,3,10,50
Density-guided CNP (ours),cell17,655.0,0.4204673778017362,0.015702357416999293,0.0011713898979609824,3,10,50
Density-guided CNP (ours),cell17,656.0,0.41838751717408496,0.016709993108590886,0.0009544133795988795,3,10,50
Density-guided CNP (ours),cell17,657.0,0.42757590478658675,0.018961502250784253,0.0009611729698490052,3,10,50
Density-guided CNP (ours),cell17,658.0,0.4284333285888036,0.01650652104292283,0.0010890968646486972,3,10,50
Density-guided CNP (ours),cell17,659.0,0.42796894085407255,0.015320096616385332,0.0010470671494269533,3,10,50
Density-guided CNP (ours),cell17,660.0,0.42698254988590884,0.018633436104547905,0.0009707535680878006,3,10,50
Density-guided CNP (ours),cell17,661.0,0.4243102973103523,0.015060776029035747,0.001029230125254392,3,10,50
Density-guided CNP (ours),cell17,662.0,0.4265643970966339,0.017575127279363827,0.0009226271580991078,3,10,50
Density-guided CNP (ours),cell17,663.0,0.4258388427495956,0.01999566982443176,0.0009021109748596857,3,10,50
Density-guided CNP (ours),cell17,664.0,0.4270648401379585,0.019302236364804118,0.0010248517664628407,3,10,50
Density-guided CNP (ours),cell17,665.0,0.42854008233547214,0.020055380078478523,0.0011461009544399196,3,10,50
Density-guided CNP (ours),cell17,666.0,0.4275439148545266,0.014364868883501542,0.000982407955450598,3,10,50
Density-guided CNP (ours),cell17,667.0,0.4269316440820694,0.017198402025725295,0.0009278856843407227,3,10,50
Density-guided CNP (ours),cell17,668.0,0.4278338448206584,0.014582779607101293,0.0010617951682966639,3,10,50
Density-guided CNP (ours),cell17,669.0,0.4265242736140887,0.02209010305740288,0.0010847921132858026,3,10,50
Density-guided CNP (ours),cell17,670.0,0.42378885664542515,0.0187413151614597,0.0010318940956308062,3,10,50
Density-guided CNP (ours),cell17,671.0,0.4259762759407361,0.015693311459532806,0.0011096628587874723,3,10,50
Density-guided CNP (ours),cell17,672.0,0.43205291527509687,0.016800596431618155,0.0009607966224975053,3,10,50
Density-guided CNP (ours),cell17,673.0,0.4310203355550766,0.015799924457235322,0.0011202986627701164,3,10,50
Density-guided CNP (ours),cell17,674.0,0.42783960026502604,0.01880470951890754,0.0010718733865061586,3,10,50
Density-guided CNP (ours),cell17,675.0,0.43027716569105784,0.019706154758038184,0.0011492728546261273,3,10,50
Density-guided CNP (ours),cell17,676.0,0.42739522586266204,0.02219778430880956,0.0008824435395805488,3,10,50
Density-guided CNP (ours),cell17,677.0,0.43018215574820834,0.018242045735402425,0.0009431692260609819,3,10,50
Density-guided CNP (ours),cell17,678.0,0.4278687109351158,0.014691690754099195,0.0011096886425595676,3,10,50
Density-guided CNP (ours),cell17,679.0,0.42596351659297943,0.020155788413657446,0.00103427672425446,3,10,50
Density-guided CNP (ours),cell17,680.0,0.42675466028849285,0.015091649929071251,0.0010996228632244632,3,10,50
Density-guided CNP (ours),cell17,681.0,0.42859643421570465,0.018026502373911357,0.0011407303633546508,3,10,50
Density-guided CNP (ours),cell17,682.0,0.43161799965302156,0.018102290538673696,0.0010557777950025004,3,10,50
Density-guided CNP (ours),cell17,683.0,0.43014386238654456,0.01678300475007987,0.0010002926865765012,3,10,50
Density-guided CNP (ours),cell17,684.0,0.4275464353362719,0.022199064982414456,0.0011246756119349859,3,10,50
Density-guided CNP (ours),cell17,685.0,0.435748791774114,0.02152122269191224,0.0009769443864506896,3,10,50
Density-guided CNP (ours),cell17,686.0,0.42896545255184176,0.021791222941947276,0.0010491032355117132,3,10,50
Density-guided CNP (ours),cell17,687.0,0.4296004484494527,0.020353837614860117,0.0011085218445865068,3,10,50
Density-guided CNP (ours),cell17,688.0,0.4341818322738012,0.02028069277343831,0.0010288925996787496,3,10,50
Density-guided CNP (ours),cell17,689.0,0.434956632177035,0.020490182698381574,0.0009964269798516865,3,10,50
Density-guided CNP (ours),cell17,690.0,0.43225038951635364,0.018824153485397833,0.001000528965065843,3,10,50
Density-guided CNP (ours),cell17,691.0,0.4290484548211098,0.019744213307517768,0.0011415186152791878,3,10,50
Density-guided CNP (ours),cell17,692.0,0.42995851141214375,0.02122824851191025,0.001085860325019971,3,10,50
Density-guided CNP (ours),cell17,693.0,0.42873952883481975,0.02034130027927059,0.0010749709727320672,3,10,50
Density-guided CNP (ours),cell17,694.0,0.4334645489652951,0.01811319828489534,0.0009748681271435261,3,10,50
Density-guided CNP (ours),cell17,695.0,0.43450387312968575,0.02095511356555283,0.0009489582693354826,3,10,50
Density-guided CNP (ours),cell17,696.0,0.43753805492321646,0.014774434724727824,0.0010231089511703753,3,10,50
Density-guided CNP (ours),cell17,697.0,0.4353083506822586,0.015001749365324385,0.0011365488757888855,3,10,50
Density-guided CNP (ours),cell17,698.0,0.4357572172482808,0.014799580469507181,0.0011298213916290424,3,10,50
Density-guided CNP (ours),cell17,699.0,0.4290451491077741,0.021175865892713853,0.0012327321129209597,3,10,50
Density-guided CNP (ours),cell17,700.0,0.4273629430731138,0.01854532916782732,0.001087388201217878,3,10,50
Density-guided CNP (ours),cell17,701.0,0.4364981568257014,0.01506048938571967,0.0010251327047789156,3,10,50
Density-guided CNP (ours),cell17,702.0,0.4383238899707795,0.016887791984228465,0.0008567259082994364,3,10,50
Density-guided CNP (ours),cell17,703.0,0.43860300058126445,0.01617354580207239,0.0009135149561543998,3,10,50
Density-guided CNP (ours),cell17,704.0,0.43681528133153913,0.016170996619656975,0.001007521482602013,3,10,50
Density-guided CNP (ours),cell17,705.0,0.4391914198994637,0.013921993061276833,0.0009501663938091713,3,10,50
Density-guided CNP (ours),cell17,706.0,0.4373485335906346,0.021395522372441963,0.001049901783810969,3,10,50
Density-guided CNP (ours),cell17,707.0,0.4300769880811373,0.014929274551185008,0.0011497846525563979,3,10,50
Density-guided CNP (ours),cell17,708.0,0.43399911747376124,0.017912679183437388,0.0010384500837274436,3,10,50
Density-guided CNP (ours),cell17,709.0,0.43346804668505984,0.01562531477860753,0.0010051441842366911,3,10,50
Density-guided CNP (ours),cell17,710.0,0.4318499340216319,0.019895314308913344,0.001056171195606737,3,10,50
Density-guided CNP (ours),cell17,711.0,0.43604189654191344,0.020572862319167592,0.0009906396912979735,3,10,50
Density-guided CNP (ours),cell17,712.0,0.4384714082479477,0.021644087841939202,0.0010472963161925768,3,10,50
Density-guided CNP (ours),cell17,713.0,0.442260491947333,0.014173551389343104,0.0009522399155307724,3,10,50
Density-guided CNP (ours),cell17,714.0,0.4377796854774157,0.014754940599606572,0.0010113383346558081,3,10,50
Density-guided CNP (ours),cell17,715.0,0.4392376868128776,0.02036666691085714,0.0011259570660402188,3,10,50
Density-guided CNP (ours),cell17,716.0,0.4372926737467448,0.01980269510073951,0.0011066107818078006,3,10,50
Density-guided CNP (ours),cell17,717.0,0.44083368645111726,0.010975104133206771,0.000905001967683697,3,10,50
Density-guided CNP (ours),cell17,718.0,0.4491572516560554,0.019492614132311778,0.000842644191392683,3,10,50
Density-guided CNP (ours),cell17,719.0,0.4441177037159602,0.01673755147318439,0.000993482154044008,3,10,50
Density-guided CNP (ours),cell17,720.0,0.4507816965182622,0.013873531784497366,0.0008188913447612977,3,10,50
Density-guided CNP (ours),cell17,721.0,0.43730651660760245,0.020346399361232913,0.0011140361608265707,3,10,50
Density-guided CNP (ours),cell17,722.0,0.4382125342686971,0.019236265050943155,0.0011188629477846689,3,10,50
Density-guided CNP (ours),cell17,723.0,0.4405123080611229,0.018787584614011785,0.0011487959038580387,3,10,50
Density-guided CNP (ours),cell17,724.0,0.4312690656979879,0.017064795165172324,0.00114854707193561,3,10,50
Density-guided CNP (ours),cell17,725.0,0.3639752112627029,0.0030250008757794163,0.0015459482559360045,3,10,50
Density-guided CNP (ours),cell17,726.0,0.21900358415643373,0.012070450575323204,0.0018655624644318785,3,10,50
Density-guided CNP (ours),cell17,727.0,0.1469350383679072,0.01193081975957161,0.0013584393650360415,3,10,50
Density-guided CNP (ours),cell17,728.0,0.2254353501001994,0.014003439524229982,0.002358402834046615,3,10,50
Density-guided CNP (ours),cell17,729.0,0.48540268812576937,0.027227274638979216,0.0017118169035313195,3,10,50
Density-guided CNP (ours),cell17,730.0,0.4322438101967176,0.01598354063793815,0.0012343343625150199,3,10,50
Density-guided CNP (ours),cell17,731.0,0.45233374913533525,0.02103125818608982,0.0009382990600819299,3,10,50
Density-guided CNP (ours),cell17,732.0,0.45458896982669833,0.01744071263344896,0.0008059687539516018,3,10,50
Density-guided CNP (ours),cell17,733.0,0.4566904845833779,0.012654078066739531,0.000901011624377673,3,10,50
Density-guided CNP (ours),cell17,734.0,0.45232168356577557,0.02024866016385842,0.0009518308290744562,3,10,50
Density-guided CNP (ours),cell17,735.0,0.4549225081205368,0.017977927022262568,0.0009761542358820752,3,10,50
Density-guided CNP (ours),cell17,736.0,0.45423720844586685,0.018372705589138765,0.000927431111415118,3,10,50
Density-guided CNP (ours),cell17,737.0,0.45330173067251844,0.013461223765188327,0.0010188105790588137,3,10,50
Density-guided CNP (ours),cell17,738.0,0.4477217689951261,0.0150091717814274,0.0010910624429608417,3,10,50
Density-guided CNP (ours),cell17,739.0,0.4438838828404745,0.021105673776274262,0.0011776328106659977,3,10,50
Density-guided CNP (ours),cell17,740.0,0.4519628191987673,0.016087164899173258,0.0010485860976288312,3,10,50
Density-guided CNP (ours),cell17,741.0,0.45666556564966837,0.01968786333728817,0.0009198034536546476,3,10,50
Density-guided CNP (ours),cell17,742.0,0.4548415974378586,0.017101387817712647,0.0009958230881289202,3,10,50
Density-guided CNP (ours),cell17,743.0,0.45335483316580455,0.013581138051793418,0.0009550592883423263,3,10,50
Density-guided CNP (ours),cell17,744.0,0.4508615948359172,0.016314398826299245,0.0009785421757978092,3,10,50
Density-guided CNP (ours),cell17,745.0,0.4476419931054116,0.017865459831854478,0.0011459139963073378,3,10,50
Density-guided CNP (ours),cell17,746.0,0.44819971060752867,0.015097051990735069,0.001140027772634998,3,10,50
Density-guided CNP (ours),cell17,747.0,0.44570087297757466,0.018721430762375677,0.0010172621757562701,3,10,50
Density-guided CNP (ours),cell17,748.0,0.44976751816272736,0.016987603065137417,0.0010783914094649155,3,10,50
Density-guided CNP (ours),cell17,749.0,0.4570488850076993,0.017239560873032668,0.0010143060362507506,3,10,50
Density-guided CNP (ours),cell17,750.0,0.45803724489609393,0.01973913330053342,0.0009756368608630113,3,10,50
Density-guided CNP (ours),cell17,751.0,0.4594991302887599,0.01525942642716582,0.0009803340763436992,3,10,50
Density-guided CNP (ours),cell17,752.0,0.4587995489835739,0.01936671108964958,0.0008301574596585576,3,10,50
Density-guided CNP (ours),cell17,753.0,0.460576260626316,0.017438935408891715,0.0009561642287305962,3,10,50
Density-guided CNP (ours),cell17,754.0,0.45595098396142325,0.019812419177535706,0.0010353433096864488,3,10,50
Density-guided CNP (ours),cell17,755.0,0.45128080366055173,0.010348439174711337,0.001083029031723035,3,10,50
Density-guided CNP (ours),cell17,756.0,0.4556400331457457,0.015228428592303243,0.0010996825611631915,3,10,50
Density-guided CNP (ours),cell17,757.0,0.4587661457856496,0.01627357557071287,0.0010044092432749143,3,10,50
Density-guided CNP (ours),cell17,758.0,0.46144854011138275,0.015198365832861266,0.0009631125175582801,3,10,50
Density-guided CNP (ours),cell17,759.0,0.4639010848601659,0.016963462996152888,0.0009333359993160033,3,10,50
Density-guided CNP (ours),cell17,760.0,0.45920171215136846,0.02083869973371585,0.0009441355036303159,3,10,50
Density-guided CNP (ours),cell17,761.0,0.4461445502042771,0.019826021123992017,0.0011141777782437265,3,10,50
Density-guided CNP (ours),cell17,762.0,0.4211365331808725,0.013711629368532933,0.0015450595901581761,3,10,50
Density-guided CNP (ours),cell17,763.0,0.39688730162382124,0.012838212382562773,0.0019349435611490343,3,10,50
Density-guided CNP (ours),cell17,764.0,0.4079514356652896,0.012661109972221153,0.0016552974231200783,3,10,50
Density-guided CNP (ours),cell17,765.0,0.4401468238035838,0.015499205866813878,0.0012909310486296857,3,10,50
Density-guided CNP (ours),cell17,766.0,0.46159034514427183,0.01730845931205561,0.0010237331432006902,3,10,50
Density-guided CNP (ours),cell17,767.0,0.4673617212971051,0.015412651721996221,0.0011000419782003148,3,10,50
Density-guided CNP (ours),cell17,768.0,0.4597028231024742,0.02110992865284595,0.0010359504138518722,3,10,50
Density-guided CNP (ours),cell17,769.0,0.45296165923277537,0.021080060063842204,0.0011473750017048398,3,10,50
Density-guided CNP (ours),cell17,770.0,0.46100325196981423,0.01608143715080233,0.001125773863501637,3,10,50
Density-guided CNP (ours),cell17,771.0,0.45993720517555864,0.018812304671820813,0.001109956933576721,3,10,50
Density-guided CNP (ours),cell17,772.0,0.4631615248918533,0.014057803699811295,0.0012296209461856956,3,10,50
Density-guided CNP (ours),cell17,773.0,0.4724096299608549,0.011479850783204045,0.000915460604749909,3,10,50
Density-guided CNP (ours),cell17,774.0,0.47218970410029093,0.017213940817708443,0.0009547287284453234,3,10,50
Density-guided CNP (ours),cell17,775.0,0.473556076725324,0.01837324177056773,0.0009905695957408184,3,10,50
Density-guided CNP (ours),cell17,776.0,0.46986167933543516,0.018398569029276134,0.0009039643485634759,3,10,50
Density-guided CNP (ours),cell17,777.0,0.47153672478596365,0.014450954649213511,0.000875399858617515,3,10,50
Density-guided CNP (ours),cell17,778.0,0.4741926858027776,0.018897325525816033,0.0010005699565028981,3,10,50
Density-guided CNP (ours),cell17,779.0,0.4685337982575099,0.01740639328300535,0.0010696610476068605,3,10,50
Density-guided CNP (ours),cell17,780.0,0.4614664268493652,0.019401551851605178,0.0012984183109738098,3,10,50
Density-guided CNP (ours),cell17,781.0,0.45900165905555085,0.019830784655990218,0.0012464450799602618,3,10,50
Density-guided CNP (ours),cell17,782.0,0.45715681469440467,0.014830705993577416,0.0011521207370908243,3,10,50
Density-guided CNP (ours),cell17,783.0,0.44823541204134626,0.01860471558615799,0.0015416813875493414,3,10,50
Density-guided CNP (ours),cell17,784.0,0.40353878506024676,0.016793307176722085,0.001911921546370458,3,10,50
Density-guided CNP (ours),cell17,785.0,0.32503840839862824,0.009429441852517458,0.0024330649299145724,3,10,50
Density-guided CNP (ours),cell17,786.0,0.3812625223596891,0.01259798641060701,0.001876209550085907,3,10,50
Density-guided CNP (ours),cell17,787.0,0.43329888087511065,0.017802475805463396,0.0014497036193053998,3,10,50
Density-guided CNP (ours),cell17,788.0,0.46305375528335563,0.017127098097144362,0.0012443301557607028,3,10,50
Density-guided CNP (ours),cell17,789.0,0.466062474668026,0.016367720187776134,0.0011358397246432612,3,10,50
Density-guided CNP (ours),cell17,790.0,0.46749513924121855,0.014994489186664878,0.0011088606212140424,3,10,50
Density-guided CNP (ours),cell17,791.0,0.4744912398258845,0.015602279707602388,0.0011120430784243888,3,10,50
Density-guided CNP (ours),cell17,792.0,0.48070273254315055,0.011825655114328494,0.0009897484146497652,3,10,50
Density-guided CNP (ours),cell17,793.0,0.4810575112899145,0.013686924899293107,0.0009801401117099618,3,10,50
Density-guided CNP (ours),cell17,794.0,0.4804017546772957,0.014505266535401478,0.000922866588070397,3,10,50
Density-guided CNP (ours),cell17,795.0,0.47448501449823377,0.018621701964115396,0.0010988192913230005,3,10,50
Density-guided CNP (ours),cell17,796.0,0.4746280459165573,0.014724949451993655,0.0011058150865178222,3,10,50
Density-guided CNP (ours),cell17,797.0,0.4746333223978678,0.01753732676152022,0.0011943271427710329,3,10,50
Density-guided CNP (ours),cell17,798.0,0.4716818715731303,0.014829205320053747,0.0011629575303625274,3,10,50
Density-guided CNP (ours),cell17,799.0,0.4726027214328447,0.01639242651914496,0.001231969642594178,3,10,50
Density-guided CNP (ours),cell17,800.0,0.47410120850801474,0.014339729767909154,0.000991078160182243,3,10,50
Density-guided CNP (ours),cell17,801.0,0.4743003717462222,0.01637543279584449,0.0012078148313604503,3,10,50
Density-guided CNP (ours),cell17,802.0,0.47816119641065596,0.01764758143827897,0.001159638502366789,3,10,50
Density-guided CNP (ours),cell17,803.0,0.48530029189586643,0.015928323816985206,0.0011351433421870093,3,10,50
Density-guided CNP (ours),cell17,804.0,0.4807174055775007,0.018890247713555557,0.0011058847178895051,3,10,50
Density-guided CNP (ours),cell17,805.0,0.4843062141537666,0.020566035667543846,0.001133992718886997,3,10,50
Density-guided CNP (ours),cell17,806.0,0.4827954950531324,0.015235879976470502,0.001053331812577406,3,10,50
Density-guided CNP (ours),cell17,807.0,0.48074140073855715,0.015521786360510628,0.001058212824623762,3,10,50
Density-guided CNP (ours),cell17,808.0,0.4855828908483188,0.01206629848873106,0.0010536868200827724,3,10,50
Density-guided CNP (ours),cell17,809.0,0.49227439864476513,0.02030132228029216,0.000863938188170421,3,10,50
Density-guided CNP (ours),cell17,810.0,0.49260486547152205,0.011477224059932473,0.000985069082197953,3,10,50
Density-guided CNP (ours),cell17,811.0,0.4937887346148491,0.01396756271944003,0.0009033170244589784,3,10,50
Density-guided CNP (ours),cell17,812.0,0.4859379726847013,0.019959415185872235,0.0011641322897695617,3,10,50
Density-guided CNP (ours),cell17,813.0,0.4809653283556303,0.01890609403576994,0.0011397988398233034,3,10,50
Density-guided CNP (ours),cell17,814.0,0.48243077860275907,0.015158440962297097,0.001213355674543334,3,10,50
Density-guided CNP (ours),cell17,815.0,0.4864080439805984,0.014955110511659602,0.0011606311763016196,3,10,50
Density-guided CNP (ours),cell17,816.0,0.49078923014799763,0.011362470693180282,0.0010324156280161366,3,10,50
Density-guided CNP (ours),cell17,817.0,0.48238393996159235,0.01347796312752991,0.0011254446495426204,3,10,50
Density-guided CNP (ours),cell17,818.0,0.4886081405878067,0.014338356804878029,0.0010954674145869801,3,10,50
Density-guided CNP (ours),cell17,819.0,0.4889818498690923,0.013582141777329011,0.0011786956798195381,3,10,50
Density-guided CNP (ours),cell17,820.0,0.48998148224751165,0.012864822478582135,0.0011511377712733449,3,10,50
Density-guided CNP (ours),cell17,821.0,0.48934473051627475,0.01570420227743956,0.0010347708510361725,3,10,50
Density-guided CNP (ours),cell17,822.0,0.4907897770404815,0.014946027201443106,0.0010116183358891285,3,10,50
Density-guided CNP (ours),cell17,823.0,0.4883544656038284,0.013359998385572938,0.0011478632094765872,3,10,50
Density-guided CNP (ours),cell17,824.0,0.4788754279812177,0.016896378787099854,0.001266836559695318,3,10,50
Density-guided CNP (ours),cell17,825.0,0.4800548624595007,0.01421742602128463,0.0011537374088141175,3,10,50
Density-guided CNP (ours),cell17,826.0,0.4853501744866371,0.016314283161810227,0.0013452659649378093,3,10,50
Density-guided CNP (ours),cell17,827.0,0.4816277139186859,0.018207219727582484,0.001203780573021608,3,10,50
Density-guided CNP (ours),cell17,828.0,0.48119915990034734,0.019201810660010067,0.0013720301059580939,3,10,50
Density-guided CNP (ours),cell17,829.0,0.4939598375757535,0.017256875680034464,0.0010762199414269733,3,10,50
Density-guided CNP (ours),cell17,830.0,0.49296195399761206,0.013255832276948544,0.0011420446870593552,3,10,50
Density-guided CNP (ours),cell17,831.0,0.4909366734226544,0.01725152668227621,0.0012141060574173003,3,10,50
Density-guided CNP (ours),cell17,832.0,0.4858798525929451,0.017062439643470904,0.0014010883855501168,3,10,50
Density-guided CNP (ours),cell17,833.0,0.4886891202926636,0.014830348478195116,0.0011516379387498455,3,10,50
Density-guided CNP (ours),cell17,834.0,0.4973407891988755,0.015504735679325985,0.0010715779590601772,3,10,50
Density-guided CNP (ours),cell17,835.0,0.49700975026686994,0.01657818483343765,0.001095366106188179,3,10,50
Density-guided CNP (ours),cell17,836.0,0.4968025225996971,0.018872440699006614,0.0011648754115723945,3,10,50
Density-guided CNP (ours),cell17,837.0,0.4958886427283287,0.015631894913584354,0.0011637441522368232,3,10,50
Density-guided CNP (ours),cell17,838.0,0.4859886018037796,0.01440302072247351,0.0012554167403531317,3,10,50
Density-guided CNP (ours),cell17,839.0,0.48456287906567264,0.018161518560059237,0.0014050691599796189,3,10,50
Density-guided CNP (ours),cell17,840.0,0.4861310508052508,0.01760065388637244,0.001300719226428553,3,10,50
Density-guided CNP (ours),cell17,841.0,0.4939520014325778,0.01947305658640209,0.0012816350322134862,3,10,50
Density-guided CNP (ours),cell17,842.0,0.4938423730929693,0.013354296407784664,0.0013509307741887897,3,10,50
Density-guided CNP (ours),cell17,843.0,0.4989881920019785,0.011380711384959302,0.0011672799875362008,3,10,50
Density-guided CNP (ours),cell17,844.0,0.5057188946207365,0.015526365453228436,0.0011868301160012737,3,10,50
Density-guided CNP (ours),cell17,845.0,0.5127011887033781,0.012431248088119561,0.000916584731755469,3,10,50
Density-guided CNP (ours),cell17,846.0,0.5123224353591601,0.012102406158137444,0.0007905319548635082,3,10,50
Density-guided CNP (ours),cell17,847.0,0.5079845677018165,0.01100676044457638,0.0011287523236188923,3,10,50
Density-guided CNP (ours),cell17,848.0,0.5014224353631338,0.011366073112678414,0.001309575185019754,3,10,50
Density-guided CNP (ours),cell17,849.0,0.49820872869094207,0.01613289762727181,0.0012015310428847817,3,10,50
Density-guided CNP (ours),cell17,850.0,0.5029217369556427,0.015261195022593986,0.0011431084753616887,3,10,50
Density-guided CNP (ours),cell17,851.0,0.5089640763600667,0.015387162273013837,0.0011535363209934973,3,10,50
Density-guided CNP (ours),cell17,852.0,0.5076054490605989,0.008324536013508374,0.0011703514060519046,3,10,50
Density-guided CNP (ours),cell17,853.0,0.5081996229688327,0.015397422610724363,0.0011644172722692027,3,10,50
Density-guided CNP (ours),cell17,854.0,0.5035972292423249,0.0185562673542092,0.0013299518708411561,3,10,50
Density-guided CNP (ours),cell17,855.0,0.5012993689576785,0.01725663299883827,0.0012276717870785844,3,10,50
Density-guided CNP (ours),cell17,856.0,0.5049239617188771,0.014411743492228303,0.0011810991042065955,3,10,50
Density-guided CNP (ours),cell17,857.0,0.5008734415570895,0.018025493599860554,0.0013809233313391586,3,10,50
Density-guided CNP (ours),cell17,858.0,0.4239033572276434,0.019288689235646948,0.0024456393965220104,3,10,50
Density-guided CNP (ours),cell17,859.0,0.2729892654021581,0.013740628110213022,0.003624341754458868,3,10,50
Density-guided CNP (ours),cell17,860.0,0.16715830134848755,0.023729654263501737,0.002053220743874885,3,10,50
Density-guided CNP (ours),cell17,861.0,0.18596247813602287,0.02026743219983658,0.002259226935265614,3,10,50
Density-guided CNP (ours),cell17,862.0,0.41742410000165303,0.029108541591600038,0.0030643357933370255,3,10,50
Density-guided CNP (ours),cell17,863.0,0.4428324916760127,0.020986140675913832,0.002196406272047591,3,10,50
Density-guided CNP (ours),cell17,864.0,0.5044030346473057,0.012588893849544576,0.0013807645213009777,3,10,50
Density-guided CNP (ours),cell17,865.0,0.5085419484178225,0.012770757030638331,0.0012920840846915116,3,10,50
Density-guided CNP (ours),cell17,866.0,0.5099560297528903,0.015334123089665077,0.0011822446995967703,3,10,50
Density-guided CNP (ours),cell17,867.0,0.5104814172188441,0.01657256805694335,0.0012594255851371857,3,10,50
Density-guided CNP (ours),cell17,868.0,0.5024938769539197,0.01878804008154468,0.0014238312878774287,3,10,50
Density-guided CNP (ours),cell17,869.0,0.49854271411895756,0.021426350466710244,0.0014773475405313967,3,10,50
Density-guided CNP (ours),cell17,870.0,0.5036469652851422,0.016146010628696153,0.0013610231837349182,3,10,50
Density-guided CNP (ours),cell17,871.0,0.5068115485111873,0.017704240857624755,0.001267569493363285,3,10,50
Density-guided CNP (ours),cell17,872.0,0.5097518375317255,0.014285447962458696,0.0011896187217393713,3,10,50
Density-guided CNP (ours),cell17,873.0,0.5150335222283999,0.014448118663603755,0.0011687784553186121,3,10,50
Density-guided CNP (ours),cell17,874.0,0.5124069166580836,0.012948953523600178,0.0012216683666563513,3,10,50
Density-guided CNP (ours),cell17,875.0,0.506521038989226,0.016818148011673865,0.0014020337174168636,3,10,50
Density-guided CNP (ours),cell17,876.0,0.5135009714166322,0.010413143335156708,0.0011402119373346883,3,10,50
Density-guided CNP (ours),cell17,877.0,0.5247825028498968,0.014259950875933718,0.0011222839537900536,3,10,50
Density-guided CNP (ours),cell17,878.0,0.5147068094809849,0.015487059557879978,0.0014011820121207078,3,10,50
Density-guided CNP (ours),cell17,879.0,0.5006762907703717,0.015182098179680187,0.0015736060860263674,3,10,50
Density-guided CNP (ours),cell17,880.0,0.5020244053800901,0.01572031792867996,0.0014516051622741777,3,10,50
Density-guided CNP (ours),cell17,881.0,0.4997193816900254,0.013596729498486972,0.0016410866680730974,3,10,50
Density-guided CNP (ours),cell17,882.0,0.5084053855339686,0.015250926899212916,0.0015566569062746543,3,10,50
Density-guided CNP (ours),cell17,883.0,0.510251062989235,0.016677306355865524,0.0012146607104208818,3,10,50
Density-guided CNP (ours),cell17,884.0,0.5078050091266632,0.015064433079164823,0.0014483623137781293,3,10,50
Density-guided CNP (ours),cell17,885.0,0.5130674890081087,0.01751231353276155,0.001172569183507061,3,10,50
Density-guided CNP (ours),cell17,886.0,0.5183791644175847,0.014730134432773614,0.0010947452245419949,3,10,50
Density-guided CNP (ours),cell17,887.0,0.5268785333633422,0.012291346204679733,0.0010738816588877636,3,10,50
Density-guided CNP (ours),cell17,888.0,0.5259440438548724,0.016378971333693502,0.0011364534016069599,3,10,50
Density-guided CNP (ours),cell17,889.0,0.5236444723804792,0.014187435797957166,0.0011359295449300305,3,10,50
Density-guided CNP (ours),cell17,890.0,0.5239193405707677,0.01545278269796162,0.001155341047769321,3,10,50
Density-guided CNP (ours),cell17,891.0,0.5217570827007294,0.020291943697671306,0.001249402361609108,3,10,50
Density-guided CNP (ours),cell17,892.0,0.5118800222277642,0.01542074642390424,0.0012555128879164447,3,10,50
Density-guided CNP (ours),cell17,893.0,0.480953730682532,0.01953861519969039,0.0018748375974519133,3,10,50
Density-guided CNP (ours),cell17,894.0,0.4732553935050963,0.01976202605096918,0.0021144851445180613,3,10,50
Density-guided CNP (ours),cell17,895.0,0.5009418228665986,0.017783439431266063,0.001568975773244756,3,10,50
Density-guided CNP (ours),cell17,896.0,0.522388392607371,0.013528434228282576,0.0012651136765893375,3,10,50
Density-guided CNP (ours),cell17,897.0,0.5199114812612534,0.014300138858271357,0.001324244337718119,3,10,50
Density-guided CNP (ours),cell17,898.0,0.5160082482894262,0.014140339826972268,0.001313392049368791,3,10,50
Density-guided CNP (ours),cell17,899.0,0.5282268123229344,0.014299383069173431,0.001043016129901076,3,10,50
Density-guided CNP (ours),cell17,900.0,0.5325497858921686,0.012289243471452669,0.0011717672448846765,3,10,50
Density-guided CNP (ours),cell17,901.0,0.5227625503341357,0.011540800719414166,0.0011886606927028604,3,10,50
Density-guided CNP (ours),cell17,902.0,0.5103562093973161,0.01798370592168967,0.0013915728902075396,3,10,50
Density-guided CNP (ours),cell17,903.0,0.502843086163203,0.016434986040255135,0.0016747873187323,3,10,50
Density-guided CNP (ours),cell17,904.0,0.5059461540579796,0.02006985189917709,0.0014316524107288533,3,10,50
Density-guided CNP (ours),cell17,905.0,0.5111831642389297,0.012155930960056138,0.0015718990486164386,3,10,50
Density-guided CNP (ours),cell17,906.0,0.5162809624274572,0.014603463958061101,0.0013042553290819204,3,10,50
Density-guided CNP (ours),cell17,907.0,0.5196467967828114,0.01703223155662632,0.0014313327015326597,3,10,50
Density-guided CNP (ours),cell17,908.0,0.521095851222674,0.012466478628836899,0.0012571228751370245,3,10,50
Density-guided CNP (ours),cell17,909.0,0.5164780833721161,0.01614377161711115,0.0012536563006289613,3,10,50
Density-guided CNP (ours),cell17,910.0,0.5065306592583657,0.022665294857019503,0.0016700319057514276,3,10,50
Density-guided CNP (ours),cell17,911.0,0.501454070587953,0.02476183478029482,0.0016878030850495877,3,10,50
Density-guided CNP (ours),cell17,912.0,0.5145165197253228,0.017433357200981495,0.0012567142517603837,3,10,50
Density-guided CNP (ours),cell17,913.0,0.5298535525202751,0.010979790091822497,0.0012416886966235728,3,10,50
Density-guided CNP (ours),cell17,914.0,0.5338151232600211,0.01417402487777512,0.0010472719476227331,3,10,50
Density-guided CNP (ours),cell17,915.0,0.5339515099128088,0.012512031182558612,0.0010778327717096993,3,10,50
Density-guided CNP (ours),cell17,916.0,0.5348425246477126,0.013757554384048689,0.000979015289452933,3,10,50
Density-guided CNP (ours),cell17,917.0,0.5371480236252147,0.010834398097927526,0.0010404929262665197,3,10,50
Density-guided CNP (ours),cell17,918.0,0.532850797911485,0.016628105516872604,0.0009756824501952837,3,10,50
Density-guided CNP (ours),cell17,919.0,0.5377380630373955,0.014040675747693864,0.00113627870843508,3,10,50
Density-guided CNP (ours),cell17,920.0,0.5391168827017149,0.015000180972891122,0.001059586749065547,3,10,50
Density-guided CNP (ours),cell17,921.0,0.5457412380377452,0.010594379202018606,0.0009587646849245826,3,10,50
Density-guided CNP (ours),cell17,922.0,0.5431269918680192,0.005924698971796767,0.0011282703506023904,3,10,50
Density-guided CNP (ours),cell17,923.0,0.5382558959722518,0.0120932500764647,0.00097906171684162,3,10,50
Density-guided CNP (ours),cell17,924.0,0.534573968589306,0.013276644735189594,0.0012275115536778479,3,10,50
Density-guided CNP (ours),cell17,925.0,0.529700653274854,0.01731519740160089,0.001318642070715817,3,10,50
Density-guided CNP (ours),cell17,926.0,0.5323802537918091,0.010450255058314352,0.0011645648982735047,3,10,50
Density-guided CNP (ours),cell17,927.0,0.5315982531110445,0.013287960747868345,0.0012967955394187836,3,10,50
Density-guided CNP (ours),cell17,928.0,0.5213932150403658,0.018047067470631024,0.0014034599242326374,3,10,50
Density-guided CNP (ours),cell17,929.0,0.5174069453676541,0.014224936170502644,0.001643757811127254,3,10,50
Density-guided CNP (ours),cell17,930.0,0.5220131339828175,0.016563320472868934,0.0014109967320819923,3,10,50
Density-guided CNP (ours),cell17,931.0,0.5296429119706153,0.014678503638840268,0.0012039428218679916,3,10,50
Density-guided CNP (ours),cell17,932.0,0.5368189029097558,0.01244610828145303,0.0011104426331273356,3,10,50
Density-guided CNP (ours),cell17,933.0,0.5291018846432368,0.015692099708273163,0.00119460129734991,3,10,50
Density-guided CNP (ours),cell17,934.0,0.5213622235655785,0.014078072028606243,0.0013928222524340979,3,10,50
Density-guided CNP (ours),cell17,935.0,0.514056268731753,0.01519127949462566,0.0015414186129127398,3,10,50
Density-guided CNP (ours),cell17,936.0,0.5173214325904846,0.01626247760360358,0.0015262043297345664,3,10,50
Density-guided CNP (ours),cell17,937.0,0.5255629672209422,0.013864535196239003,0.0013568681238468813,3,10,50
Density-guided CNP (ours),cell17,938.0,0.5285271697640419,0.012889902911870338,0.001390301323290346,3,10,50
Density-guided CNP (ours),cell17,939.0,0.5334098397692045,0.013359985638553012,0.001185529859108164,3,10,50
Density-guided CNP (ours),cell17,940.0,0.5330690996646881,0.01869596485643306,0.001150478945882147,3,10,50
Density-guided CNP (ours),cell17,941.0,0.5308068742156029,0.01578371052412643,0.0015031876927713173,3,10,50
Density-guided CNP (ours),cell17,942.0,0.5295233000715575,0.018940686573867042,0.001369565309245632,3,10,50
Density-guided CNP (ours),cell17,943.0,0.527954174399376,0.01774560208876983,0.0012222442692382534,3,10,50
Density-guided CNP (ours),cell17,944.0,0.5193543788989384,0.01946365827346812,0.0013750147063039321,3,10,50
Density-guided CNP (ours),cell17,945.0,0.5110506597757339,0.020562476378743803,0.0014770857770812686,3,10,50
Density-guided CNP (ours),cell17,946.0,0.5096733499368032,0.02105278387664606,0.001580322151566006,3,10,50
Density-guided CNP (ours),cell17,947.0,0.5228285045623778,0.019249851142645137,0.001450711736644832,3,10,50
Density-guided CNP (ours),cell17,948.0,0.5289987326264382,0.01134311025998708,0.001246609141513463,3,10,50
Density-guided CNP (ours),cell17,949.0,0.5280794440110524,0.013592847559371292,0.001253298081197436,3,10,50
Density-guided CNP (ours),cell17,950.0,0.5070095737973849,0.015728763249183247,0.001741732688819539,3,10,50
Density-guided CNP (ours),cell17,951.0,0.48644801427920664,0.016885880513585087,0.0019095519775532612,3,10,50
Density-guided CNP (ours),cell17,952.0,0.48233700370788574,0.019238363101183098,0.0023807364445929333,3,10,50
Density-guided CNP (ours),cell17,953.0,0.5080505869984627,0.020111593429183144,0.0016641918086273983,3,10,50
Density-guided CNP (ours),cell17,954.0,0.5119797312219938,0.01829256454947513,0.0015658423114704681,3,10,50
Density-guided CNP (ours),cell17,955.0,0.5088068189620971,0.01841394738035119,0.0017753054096888061,3,10,50
Density-guided CNP (ours),cell17,956.0,0.516422743697961,0.020206458567883,0.001476349606256723,3,10,50
Density-guided CNP (ours),cell17,957.0,0.5137797790765762,0.01713321328416659,0.0015495883141373075,3,10,50
Density-guided CNP (ours),cell17,958.0,0.5031995074947676,0.01867763939094275,0.0017749421328461213,3,10,50
Density-guided CNP (ours),cell17,959.0,0.5026236673990886,0.018660933593489186,0.0017717509692513876,3,10,50
Density-guided CNP (ours),cell17,960.0,0.5170720060865085,0.01763194561289659,0.0014866401579650263,3,10,50
Density-guided CNP (ours),cell17,961.0,0.5179277242223422,0.020399824846721527,0.0014370932066240006,3,10,50
Density-guided CNP (ours),cell17,962.0,0.5183981514771779,0.017388872635988394,0.0014366564493354678,3,10,50
Density-guided CNP (ours),cell17,963.0,0.5202682115634282,0.017618819742859258,0.0015811684377716438,3,10,50
Density-guided CNP (ours),cell17,964.0,0.5170657787322998,0.017515211618933255,0.0015097896104812238,3,10,50
Density-guided CNP (ours),cell17,965.0,0.5254032687544823,0.017049602944695347,0.0013217010182745602,3,10,50
Density-guided CNP (ours),cell17,966.0,0.529665383398533,0.015674251812210126,0.0012033246644457436,3,10,50
Density-guided CNP (ours),cell17,967.0,0.5322715461055437,0.01902546619716088,0.0011603669233988937,3,10,50
Density-guided CNP (ours),cell17,968.0,0.5245390571951867,0.019454531325470127,0.001371940971973287,3,10,50
Density-guided CNP (ours),cell17,969.0,0.5153956636587779,0.017856565390066834,0.0015231303666090785,3,10,50
Density-guided CNP (ours),cell17,970.0,0.5118868525226911,0.016061594644285433,0.00159874564158192,3,10,50
Density-guided CNP (ours),cell17,971.0,0.5169303532044093,0.01681665619612568,0.0014104433852588155,3,10,50
Density-guided CNP (ours),cell17,972.0,0.5210325522224108,0.02284347099647545,0.0015947096391981882,3,10,50
Density-guided CNP (ours),cell17,973.0,0.5013510133226713,0.019571072012082982,0.0019816265671641718,3,10,50
Density-guided CNP (ours),cell17,974.0,0.49714888254801437,0.023128301797739132,0.0018771892425715122,3,10,50
Density-guided CNP (ours),cell17,975.0,0.5003440382480622,0.021492393909258518,0.0017888895855704301,3,10,50
Density-guided CNP (ours),cell17,976.0,0.5112304022510846,0.016647435815093814,0.0017769946596392153,3,10,50
Density-guided CNP (ours),cell17,977.0,0.5052386817534765,0.021560821128001548,0.0016298998657018858,3,10,50
Density-guided CNP (ours),cell17,978.0,0.4927536164323489,0.020334629731786534,0.0017816790591590724,3,10,50
Density-guided CNP (ours),cell17,979.0,0.48640808900197346,0.02097070223325981,0.0021510129407747757,3,10,50
Density-guided CNP (ours),cell17,980.0,0.5101142341097196,0.018426929841859032,0.0014372254997773203,3,10,50
Density-guided CNP (ours),cell17,981.0,0.5249947038094203,0.018580114795350246,0.0013162973304339063,3,10,50
Density-guided CNP (ours),cell17,982.0,0.5184557822744053,0.019833610877205126,0.0015668192502012038,3,10,50
Density-guided CNP (ours),cell17,983.0,0.5200892919898034,0.016743080884330415,0.0014269776308276042,3,10,50
Density-guided CNP (ours),cell17,984.0,0.5322299753030141,0.016478838692951366,0.00108245847175464,3,10,50
Density-guided CNP (ours),cell17,985.0,0.5334375507036845,0.016436431932831688,0.000983382528919154,3,10,50
Density-guided CNP (ours),cell17,986.0,0.527486385901769,0.019091182881215436,0.0010624162601590202,3,10,50
Density-guided CNP (ours),cell17,987.0,0.5214265124003093,0.019365044271116294,0.001218195068717163,3,10,50
Density-guided CNP (ours),cell17,988.0,0.5192619327108066,0.02290266553197922,0.0013886845501383473,3,10,50
Density-guided CNP (ours),cell17,989.0,0.5148421110113462,0.016644995470600592,0.0014969604980330595,3,10,50
Density-guided CNP (ours),cell17,990.0,0.5166502112150193,0.016563127519281223,0.001303491888259358,3,10,50
Density-guided CNP (ours),cell17,991.0,0.5147768411238989,0.019069083188223694,0.0013167952387309666,3,10,50
Density-guided CNP (ours),cell17,992.0,0.5061129589676857,0.01792587750687263,0.0016264586088686414,3,10,50
Density-guided CNP (ours),cell17,993.0,0.4999415179491044,0.017695820287525876,0.0018732950417244144,3,10,50
Density-guided CNP (ours),cell17,994.0,0.5095233746568363,0.021703274371664125,0.0014769301940520032,3,10,50
Density-guided CNP (ours),cell17,995.0,0.5244378281831742,0.019094684974494673,0.0012577530333111734,3,10,50
Density-guided CNP (ours),cell17,996.0,0.5251138379573822,0.015283643443435812,0.0012523393115843572,3,10,50
Density-guided CNP (ours),cell17,997.0,0.515404059946537,0.018376379749483196,0.0015257466697387821,3,10,50
Density-guided CNP (ours),cell17,998.0,0.5044972543716432,0.023455652720649436,0.0016649541049675585,3,10,50
Density-guided CNP (ours),cell17,999.0,0.5066282323400179,0.020555564303815183,0.0015529955056176041,3,10,50
Density-guided CNP (ours),cell17,1000.0,0.5172053155899049,0.017713527568186865,0.0014538404212996944,3,10,50
Density-guided CNP (ours),cell17,1001.0,0.5256332707007726,0.021243169372710466,0.0011835468684546502,3,10,50
Density-guided CNP (ours),cell17,1002.0,0.5259062607884408,0.019520341258384866,0.0012439333908544363,3,10,50
Density-guided CNP (ours),cell17,1003.0,0.515578162630399,0.02018400834492568,0.0013165772873900102,3,10,50
Density-guided CNP (ours),cell17,1004.0,0.5090959067145984,0.019570125756159188,0.001694472498210778,3,10,50
Density-guided CNP (ours),cell17,1005.0,0.518841663678487,0.024497283106415125,0.0013088962872670167,3,10,50
Density-guided CNP (ours),cell17,1006.0,0.5209362945954005,0.017021923612384058,0.001088605779320322,3,10,50
Density-guided CNP (ours),cell17,1007.0,0.5163399988810222,0.01833887649560715,0.0013093170009978658,3,10,50
Density-guided CNP (ours),cell17,1008.0,0.501838815331459,0.020164578694519132,0.001747257814620453,3,10,50
Density-guided CNP (ours),cell17,1009.0,0.4981405092477799,0.01841613865785361,0.0016337004161131026,3,10,50
Density-guided CNP (ours),cell17,1010.0,0.5059753137429555,0.021207579993517633,0.0014935903773058248,3,10,50
Density-guided CNP (ours),cell17,1011.0,0.5080846670269966,0.01979945827619073,0.0013658043206869865,3,10,50
Density-guided CNP (ours),cell17,1012.0,0.5131398844718933,0.016982055646591068,0.0014873033291458847,3,10,50
Density-guided CNP (ours),cell17,1013.0,0.5222805688381195,0.019306359507874557,0.0011488753992859731,3,10,50
Density-guided CNP (ours),cell17,1014.0,0.5232422672112783,0.022624555606392097,0.0011871126127266452,3,10,50
Density-guided CNP (ours),cell17,1015.0,0.5232956613699594,0.01639105103189708,0.0011221853348809486,3,10,50
Density-guided CNP (ours),cell17,1016.0,0.5224559599757194,0.016770655753672804,0.00127596506786391,3,10,50
Density-guided CNP (ours),cell17,1017.0,0.524634255150954,0.021983503254844345,0.0010965290231566345,3,10,50
Density-guided CNP (ours),cell17,1018.0,0.5216971422433855,0.01863674570063985,0.0012047829096238196,3,10,50
Density-guided CNP (ours),cell17,1019.0,0.5089514841238657,0.018193099023283983,0.0013672531515534177,3,10,50
Density-guided CNP (ours),cell17,1020.0,0.5039282107750575,0.019088212577020484,0.0016547182807971504,3,10,50
Density-guided CNP (ours),cell17,1021.0,0.5011990715662639,0.02185034047382661,0.0013509097131698875,3,10,50
Density-guided CNP (ours),cell17,1022.0,0.5114883180658022,0.016714556076923733,0.0013149291228278122,3,10,50
Density-guided CNP (ours),cell17,1023.0,0.5181991634964943,0.01903426457620369,0.001375900406274103,3,10,50
Density-guided CNP (ours),cell17,1024.0,0.5096290756861368,0.018435837686837403,0.0013859916709135888,3,10,50
Density-guided CNP (ours),cell17,1025.0,0.5013947203358015,0.020135941173445124,0.0016181649126709794,3,10,50
Density-guided CNP (ours),cell17,1026.0,0.4982586084405581,0.01864912530452324,0.0016958916196991042,3,10,50
Density-guided CNP (ours),cell17,1027.0,0.5071599166790645,0.020450028140336297,0.0015111593229565994,3,10,50
Density-guided CNP (ours),cell17,1028.0,0.5117014575600624,0.017953926450402002,0.0014429313254631787,3,10,50
Density-guided CNP (ours),cell17,1029.0,0.5107043270866076,0.017056743569407014,0.0011340951560182676,3,10,50
Density-guided CNP (ours),cell17,1030.0,0.5198340286413828,0.02036912542010188,0.0012605735532587048,3,10,50
Density-guided CNP (ours),cell17,1031.0,0.5218375581701596,0.01941180457730125,0.001164012357080076,3,10,50
Density-guided CNP (ours),cell17,1032.0,0.5251297519008319,0.01870439723967076,0.0010416828243285123,3,10,50
Density-guided CNP (ours),cell17,1033.0,0.52446577556928,0.018292385557300988,0.0009108459415813476,3,10,50
Density-guided CNP (ours),cell17,1034.0,0.5173888912995656,0.020025579784545163,0.0013410875901151377,3,10,50
Density-guided CNP (ours),cell17,1035.0,0.5136357955535252,0.014690473820429198,0.0012396489387799898,3,10,50
Density-guided CNP (ours),cell17,1036.0,0.5138373141487439,0.020205016495363746,0.0014134702347487276,3,10,50
Density-guided CNP (ours),cell17,1037.0,0.5147020763158798,0.021786742973575145,0.0011835192766008666,3,10,50
Density-guided CNP (ours),cell17,1038.0,0.5192210524876912,0.01639095637183415,0.0011324490036242931,3,10,50
Density-guided CNP (ours),cell17,1039.0,0.5240502399206162,0.02064276333405337,0.001097396176672307,3,10,50
Density-guided CNP (ours),cell17,1040.0,0.5192976695696513,0.017669119071533675,0.0010753655596359112,3,10,50
Density-guided CNP (ours),cell17,1041.0,0.5153472392360369,0.013343382475792276,0.0011516032307622773,3,10,50
Density-guided CNP (ours),cell17,1042.0,0.5166592788696289,0.019519817302760988,0.0012269646789737465,3,10,50
Density-guided CNP (ours),cell17,1043.0,0.5153924473126729,0.019592982356743255,0.0012279485625129806,3,10,50
Density-guided CNP (ours),cell17,1044.0,0.5202965599497159,0.019010477484037388,0.0011495330529586467,3,10,50
Density-guided CNP (ours),cell17,1045.0,0.5260505431493123,0.018654097291224466,0.0008525128719221596,3,10,50
Density-guided CNP (ours),cell17,1046.0,0.5226163510084152,0.014761677512376073,0.0008655021292957886,3,10,50
Density-guided CNP (ours),cell17,1047.0,0.520317621588707,0.01964356788981064,0.0010852553128386769,3,10,50
Density-guided CNP (ours),cell17,1048.0,0.5111336117784182,0.016119513461858512,0.0013098050123408356,3,10,50
Density-guided CNP (ours),cell17,1049.0,0.5042284456888835,0.01676582298471332,0.0012871056098099412,3,10,50
Density-guided CNP (ours),cell17,1050.0,0.5076421187520027,0.01769899335173013,0.0013632986501933148,3,10,50
Density-guided CNP (ours),cell17,1051.0,0.5139449654420217,0.01832368997695603,0.0011553137993699223,3,10,50
Density-guided CNP (ours),cell17,1052.0,0.5236932806173961,0.018952796352981822,0.0008937323593433316,3,10,50
Density-guided CNP (ours),cell17,1053.0,0.5234298342665036,0.020260483058243618,0.0009760543542214357,3,10,50
Density-guided CNP (ours),cell17,1054.0,0.5174890103936195,0.018174585864635003,0.0010883640403048578,3,10,50
Density-guided CNP (ours),cell17,1055.0,0.5204375408490499,0.016828106578819287,0.0010160576671742842,3,10,50
Density-guided CNP (ours),cell17,1056.0,0.5244061832229296,0.013741104665855153,0.0008511970048201083,3,10,50
Density-guided CNP (ours),cell17,1057.0,0.5255798809130986,0.01770046449383004,0.0009473203229329874,3,10,50
Density-guided CNP (ours),cell17,1058.0,0.5250172232190768,0.01796615578278864,0.0008715635343995142,3,10,50
Density-guided CNP (ours),cell17,1059.0,0.5285986503561338,0.02121539375711369,0.0007489349379146571,3,10,50
Density-guided CNP (ours),cell17,1060.0,0.5250081235965093,0.019760999749770067,0.0008548698745402487,3,10,50
Density-guided CNP (ours),cell17,1061.0,0.5290450980861982,0.016535557575636215,0.0007682139251017158,3,10,50
Density-guided CNP (ours),cell17,1062.0,0.5211631972193718,0.021163368400700676,0.0007606205579828193,3,10,50
Density-guided CNP (ours),cell17,1063.0,0.5210931001504262,0.015006318985423978,0.0008906863861651938,3,10,50
Density-guided CNP (ours),cell17,1064.0,0.5152886790831884,0.01674188970759592,0.00108125505028089,3,10,50
Density-guided CNP (ours),cell17,1065.0,0.5113892730673154,0.017814453184836803,0.0010535131075843907,3,10,50
Density-guided CNP (ours),cell17,1066.0,0.5174226449131967,0.017852467272264323,0.0008488788392836171,3,10,50
Density-guided CNP (ours),cell17,1067.0,0.5210331797003747,0.015495143163640986,0.000921817847590681,3,10,50
Density-guided CNP (ours),cell17,1068.0,0.5218029719392459,0.01933004232743344,0.0008914356995339557,3,10,50
Density-guided CNP (ours),cell17,1069.0,0.5233849693338076,0.01841368641195104,0.0009194538468958038,3,10,50
Density-guided CNP (ours),cell17,1070.0,0.5244236781597137,0.01836206122231634,0.0009526528060772047,3,10,50
Density-guided CNP (ours),cell17,1071.0,0.5207856312195459,0.017192136623168857,0.0008276326804478492,3,10,50
Density-guided CNP (ours),cell17,1072.0,0.5198019155661265,0.018831939770167814,0.0008489951181897211,3,10,50
Density-guided CNP (ours),cell17,1073.0,0.5164703140457471,0.015845348633734217,0.001099177533906776,3,10,50
Density-guided CNP (ours),cell17,1074.0,0.5164635877211889,0.01577750985930592,0.000986137049382184,3,10,50
Density-guided CNP (ours),cell17,1075.0,0.5180207946499188,0.011199905366864788,0.0010742055901274946,3,10,50
Density-guided CNP (ours),cell17,1076.0,0.5109189561009407,0.011943066899904648,0.001132668253661179,3,10,50
Density-guided CNP (ours),cell17,1077.0,0.49003342493375146,0.013087354465563224,0.0015136757601929521,3,10,50
Density-guided CNP (ours),cell17,1078.0,0.2709755944212278,0.018394007366589527,0.004231684868481374,3,10,50
Density-guided CNP (ours),cell17,1079.0,0.1914595928390821,0.019798639972447542,0.004712540753084249,3,10,50
Density-guided CNP (ours),cell17,1080.0,0.48697396828730904,0.01165921446719748,0.0016178954958655835,3,10,50
Density-guided CNP (ours),cell17,1081.0,0.5088128878672917,0.01732651948426315,0.001256782748641031,3,10,50
Density-guided CNP (ours),cell17,1082.0,0.5159269391099612,0.013213470689915288,0.0010925478654341078,3,10,50
Density-guided CNP (ours),cell17,1083.0,0.5230199960867564,0.01626886424607607,0.0008464540434444731,3,10,50
Density-guided CNP (ours),cell17,1084.0,0.5297900977929433,0.01967338575052813,0.000631851153465174,3,10,50
Density-guided CNP (ours),cell17,1085.0,0.5318353508512179,0.018525506611795153,0.0004848444814300799,3,10,50
Density-guided CNP (ours),cell17,1086.0,0.5338562313318252,0.01841093328877576,0.0006775689352790723,3,10,50
Density-guided CNP (ours),cell17,1087.0,0.5353793465892475,0.01853537774945895,0.0005553681940454717,3,10,50
Density-guided CNP (ours),cell17,1088.0,0.5288862090706824,0.014852989851476447,0.0006380389437125395,3,10,50
Density-guided CNP (ours),cell17,1089.0,0.5221476607720058,0.017793384723851672,0.0008273878385491824,3,10,50
Density-guided CNP (ours),cell17,1090.0,0.5162588232358297,0.01567694791356769,0.001032639487142351,3,10,50
Density-guided CNP (ours),cell17,1091.0,0.5194707795580229,0.012948032647118355,0.0008538759668171456,3,10,50
Density-guided CNP (ours),cell17,1092.0,0.5197358548839887,0.017286429574069777,0.0008344920244717878,3,10,50
Density-guided CNP (ours),cell17,1093.0,0.5117643746932348,0.019050928335541402,0.0010278223548170205,3,10,50
Density-guided CNP (ours),cell17,1094.0,0.5070528623064359,0.015559446783436702,0.0010678137464475224,3,10,50
Density-guided CNP (ours),cell17,1095.0,0.51355367598931,0.017328545873003184,0.0010578054385740462,3,10,50
Density-guided CNP (ours),cell17,1096.0,0.5158370802402495,0.018674551581894808,0.0009217469436966433,3,10,50
Density-guided CNP (ours),cell17,1097.0,0.520736887852351,0.01604410734545577,0.000903167635985299,3,10,50
Density-guided CNP (ours),cell17,1098.0,0.5202021705706913,0.015007446446827447,0.0007375336605735958,3,10,50
Density-guided CNP (ours),cell17,1099.0,0.5149118847846985,0.012699327336933297,0.0010058214700925602,3,10,50
Density-guided CNP (ours),cell17,1100.0,0.5128759792645773,0.015245401886418678,0.0009152022927566301,3,10,50
Density-guided CNP (ours),cell17,1101.0,0.5155223980347315,0.014418648648167932,0.0009578615514434437,3,10,50
Density-guided CNP (ours),cell17,1102.0,0.5153126843571663,0.015964559605797415,0.0009334460500695614,3,10,50
Density-guided CNP (ours),cell17,1103.0,0.5185428171157836,0.016341282672627355,0.0008359866108883597,3,10,50
Density-guided CNP (ours),cell17,1104.0,0.5218323596318564,0.01298183738595977,0.000679441819490785,3,10,50
Density-guided CNP (ours),cell17,1105.0,0.5237557045618693,0.013401188388407646,0.0006909810060835088,3,10,50
Density-guided CNP (ours),cell17,1106.0,0.5239097406466802,0.014387142497873116,0.0007871738467047214,3,10,50
Density-guided CNP (ours),cell17,1107.0,0.52172351338466,0.016470525052573952,0.0007004812596426538,3,10,50
Density-guided CNP (ours),cell17,1108.0,0.5216482762296994,0.01757886850093763,0.0006756134437050466,3,10,50
Density-guided CNP (ours),cell17,1109.0,0.5195619837443034,0.01809975938942702,0.0008013074370894811,3,10,50
Density-guided CNP (ours),cell17,1110.0,0.5244509380658468,0.014619390536637815,0.0006336762669497584,3,10,50
Density-guided CNP (ours),cell17,1111.0,0.5277509310245514,0.014322848008746102,0.0005952299558900242,3,10,50
Density-guided CNP (ours),cell17,1112.0,0.5288152681787809,0.016710390638566015,0.0005743271543414316,3,10,50
Density-guided CNP (ours),cell17,1113.0,0.5270859452684721,0.014931651343661987,0.0007122766552616895,3,10,50
Density-guided CNP (ours),cell17,1114.0,0.5222245853741964,0.012974617116045601,0.000727572902720164,3,10,50
Density-guided CNP (ours),cell17,1115.0,0.5198754252592723,0.014089137601440394,0.0008131904129359799,3,10,50
Density-guided CNP (ours),cell17,1116.0,0.5180802801648775,0.010368693325128527,0.000865013709601496,3,10,50
Density-guided CNP (ours),cell17,1117.0,0.5200750940442086,0.012472088720125143,0.0006765924647487067,3,10,50
Density-guided CNP (ours),cell17,1118.0,0.5237864892482756,0.013944299853849358,0.0006931631528862703,3,10,50
Density-guided CNP (ours),cell17,1119.0,0.5238269342184066,0.0131886267059813,0.0006310428994524195,3,10,50
Density-guided CNP (ours),cell17,1120.0,0.5244474732677141,0.010871930140420882,0.0006281552723712002,3,10,50
Density-guided CNP (ours),cell17,1121.0,0.5230050408045451,0.013698370934378442,0.0005962265235925047,3,10,50
Density-guided CNP (ours),cell17,1122.0,0.5205781873663267,0.013008933990726165,0.0007927685105751153,3,10,50
Density-guided CNP (ours),cell17,1123.0,0.52800818947951,0.012408282721194869,0.0006192028555033285,3,10,50
Density-guided CNP (ours),cell17,1124.0,0.5305016012191772,0.014291618874829212,0.0004829418058011177,3,10,50
Density-guided CNP (ours),cell17,1125.0,0.531522997577985,0.015503087237491001,0.0005182748757825285,3,10,50
Density-guided CNP (ours),cell17,1126.0,0.5246039469440779,0.013037795690530507,0.0005084170103490603,3,10,50
Density-guided CNP (ours),cell17,1127.0,0.5263204982876778,0.015556446507166954,0.0006815221980494103,3,10,50
Density-guided CNP (ours),cell17,1128.0,0.5286833416819573,0.015057908660057495,0.0006000380597038177,3,10,50
Density-guided CNP (ours),cell17,1129.0,0.5287070181369782,0.00938348834554691,0.0004356071951217161,3,10,50
Density-guided CNP (ours),cell17,1130.0,0.5296478946407636,0.012675891612710448,0.000503237655111693,3,10,50
Density-guided CNP (ours),cell17,1131.0,0.5263089378674825,0.014524966940044267,0.0005959319932768511,3,10,50
Density-guided CNP (ours),cell17,1132.0,0.5224727944135666,0.01000453249801435,0.0007563107060884139,3,10,50
Density-guided CNP (ours),cell17,1133.0,0.5264072764515877,0.012382694644464615,0.0006352399633279454,3,10,50
Density-guided CNP (ours),cell17,1134.0,0.532954147676627,0.014948217114560812,0.0005553471315591602,3,10,50
Density-guided CNP (ours),cell17,1135.0,0.5285144084890684,0.017340290803953547,0.0005830097394790494,3,10,50
Density-guided CNP (ours),cell17,1136.0,0.5197573488354682,0.01001962471309159,0.0008526854132265338,3,10,50
Density-guided CNP (ours),cell17,1137.0,0.5194612933794657,0.010850352218634493,0.0007742735031376324,3,10,50
Density-guided CNP (ours),cell17,1138.0,0.5242229622006417,0.014035234684749114,0.000630638950722439,3,10,50
Density-guided CNP (ours),cell17,1139.0,0.5275908732016882,0.0125134456600269,0.0007307749333943557,3,10,50
Density-guided CNP (ours),cell17,1140.0,0.5308588883479436,0.015412086240436301,0.000513515665445114,3,10,50
Density-guided CNP (ours),cell17,1141.0,0.5283043277462323,0.011216989273274539,0.0004356096529562756,3,10,50
Density-guided CNP (ours),cell17,1142.0,0.5317175379991531,0.011715747860610418,0.00048316737876439713,3,10,50
Density-guided CNP (ours),cell17,1143.0,0.5326670042276382,0.01348648044975158,0.0004596778302396291,3,10,50
Density-guided CNP (ours),cell17,1144.0,0.5337680475711822,0.014719552611265181,0.0004445369959239057,3,10,50
Density-guided CNP (ours),cell17,1145.0,0.533139947672685,0.012663110920060835,0.00039037434631868567,3,10,50
Density-guided CNP (ours),cell17,1146.0,0.5336663488348327,0.01627790949376666,0.00041787877451492957,3,10,50
Density-guided CNP (ours),cell17,1147.0,0.5343601799805958,0.012864672597611886,0.0004595785591512387,3,10,50
Density-guided CNP (ours),cell17,1148.0,0.5353037986159325,0.011871011899631108,0.00030400839545754505,3,10,50
Density-guided CNP (ours),cell17,1149.0,0.5340257163445155,0.010661817761701144,0.00036297372334093136,3,10,50
Density-guided CNP (ours),cell17,1150.0,0.5321936695575714,0.01401404202857449,0.0005505552268701427,3,10,50
Density-guided CNP (ours),cell17,1151.0,0.5296258381207785,0.010690840731508831,0.0006186181226850437,3,10,50
Density-guided CNP (ours),cell17,1152.0,0.5289794473052024,0.013437074407284425,0.0004940104582223244,3,10,50
Density-guided CNP (ours),cell17,1153.0,0.5285223514437676,0.01086048810467457,0.0005630184567815466,3,10,50
Density-guided CNP (ours),cell17,1154.0,0.529139928539594,0.01456678371701028,0.0005073044180996909,3,10,50
Density-guided CNP (ours),cell17,1155.0,0.5306433735092481,0.014932162500359447,0.0005136623279589613,3,10,50
Density-guided CNP (ours),cell17,1156.0,0.5288843660553296,0.010303251161882396,0.0004870618608115148,3,10,50
Density-guided CNP (ours),cell17,1157.0,0.5320756496191025,0.016574876196839044,0.00047732505044766624,3,10,50
Density-guided CNP (ours),cell17,1158.0,0.5301103873650234,0.009702690316238738,0.0005518655386303483,3,10,50
Density-guided CNP (ours),cell17,1159.0,0.5295904806653658,0.012068746367576622,0.0005288898086055028,3,10,50
Density-guided CNP (ours),cell17,1160.0,0.5310874371329942,0.015163961601987937,0.0005324820557884764,3,10,50
Density-guided CNP (ours),cell17,1161.0,0.531020111600558,0.014672213466813189,0.0004723644751213154,3,10,50
Density-guided CNP (ours),cell17,1162.0,0.5295513835946719,0.01281373650822318,0.0007291544894601027,3,10,50
Density-guided CNP (ours),cell17,1163.0,0.5264112300872803,0.011256858237706422,0.0005375639981901353,3,10,50
Density-guided CNP (ours),cell17,1164.0,0.5303616867860158,0.011324435553214366,0.00043105379693404136,3,10,50
Density-guided CNP (ours),cell17,1165.0,0.53397336435318,0.012900958699446016,0.00042088574895987764,3,10,50
Density-guided CNP (ours),cell17,1166.0,0.5294652977585792,0.01153041473543978,0.0006130067209445957,3,10,50
Density-guided CNP (ours),cell17,1167.0,0.5263983103632927,0.010328324200621177,0.0006516184698543677,3,10,50
Density-guided CNP (ours),cell17,1168.0,0.5322489959597588,0.012722036677738347,0.0005098922937045591,3,10,50
Density-guided CNP (ours),cell17,1169.0,0.534482085108757,0.007575377714422949,0.0004400894087567216,3,10,50
Density-guided CNP (ours),cell17,1170.0,0.5354109998941422,0.013309110608670231,0.00044355960116660527,3,10,50
Density-guided CNP (ours),cell17,1171.0,0.5330614113012949,0.0154646334040281,0.0003313535274098429,3,10,50
Density-guided CNP (ours),cell17,1172.0,0.5364817794164022,0.013883604633589426,0.0003750004057897077,3,10,50
Density-guided CNP (ours),cell17,1173.0,0.5343132658998171,0.008279425555183309,0.00042384279904049996,3,10,50
Density-guided CNP (ours),cell17,1174.0,0.5330839355190595,0.011768497519167854,0.0003668262217273905,3,10,50
Density-guided CNP (ours),cell17,1175.0,0.5385013452967008,0.010399518131615567,0.00033245380221458396,3,10,50
Density-guided CNP (ours),cell17,1176.0,0.537809384862582,0.013583762342798907,0.00029621532516310993,3,10,50
Density-guided CNP (ours),cell17,1177.0,0.5318239216208457,0.010544878120471642,0.0004498763983556983,3,10,50
Density-guided CNP (ours),cell17,1178.0,0.5303758338491121,0.008996645531681524,0.0006144910409886208,3,10,50
Density-guided CNP (ours),cell17,1179.0,0.5318047273953755,0.012604006574125439,0.00064691549132565,3,10,50
Density-guided CNP (ours),cell17,1180.0,0.5335859630107881,0.012102890523917626,0.00033850350713417,3,10,50
Density-guided CNP (ours),cell17,1181.0,0.5353521302143732,0.01472641912311778,0.00040232127495940006,3,10,50
Density-guided CNP (ours),cell17,1182.0,0.5334380540649096,0.01547048507087006,0.00034028126039095923,3,10,50
Density-guided CNP (ours),cell17,1183.0,0.5362215378085772,0.011707087007312633,0.0003823400126881721,3,10,50
Density-guided CNP (ours),cell17,1184.0,0.5346630916794141,0.011776582628838845,0.0004304986810779272,3,10,50
Density-guided CNP (ours),cell17,1185.0,0.5358093973000844,0.01408164823072995,0.0003444917689360397,3,10,50
Density-guided CNP (ours),cell17,1186.0,0.5333029544552167,0.014343598587639525,0.0004275530688139393,3,10,50
Density-guided CNP (ours),cell17,1187.0,0.5332438528140387,0.013012905417241092,0.0004428673036227591,3,10,50
Density-guided CNP (ours),cell17,1188.0,0.5302160043716431,0.011616782876406578,0.000656814321398993,3,10,50
Density-guided CNP (ours),cell17,1189.0,0.5341955947677294,0.009551383001936888,0.0003672891059835707,3,10,50
Density-guided CNP (ours),cell17,1190.0,0.5366910489400228,0.010041010020915756,0.000378201286221431,3,10,50
Density-guided CNP (ours),cell17,1191.0,0.5380654925704002,0.01302979668642121,0.0002597450221826848,3,10,50
Density-guided CNP (ours),cell17,1192.0,0.5402552573482194,0.011890301880828512,0.00032545916122619407,3,10,50
Density-guided CNP (ours),cell17,1193.0,0.5386533018946648,0.013491263876516401,0.00026239676337455874,3,10,50
Density-guided CNP (ours),cell17,1194.0,0.5409862130085626,0.010232017633117698,0.00031028052889902003,3,10,50
Density-guided CNP (ours),cell17,1195.0,0.537311727543672,0.012959434561676194,0.00038151495203899794,3,10,50
Density-guided CNP (ours),cell17,1196.0,0.5335098364154497,0.011257547839824878,0.00040922259817547166,3,10,50
Density-guided CNP (ours),cell17,1197.0,0.5360713211894036,0.0102612714704767,0.000386547875595854,3,10,50
Density-guided CNP (ours),cell17,1198.0,0.5332814430991808,0.007563278830528283,0.0005229135692568879,3,10,50
Density-guided CNP (ours),cell17,1199.0,0.5299569699962934,0.008629130915106127,0.0007039144556470423,3,10,50
Density-guided CNP (ours),cell17,1200.0,0.5277356148759523,0.01224082187716402,0.0006293584575529629,3,10,50
Density-guided CNP (ours),cell17,1201.0,0.5363101200262705,0.0083780323224184,0.00030426970852966985,3,10,50
Density-guided CNP (ours),cell17,1202.0,0.5382461768984795,0.013778932777373472,0.00044517316151501386,3,10,50
Density-guided CNP (ours),cell17,1203.0,0.5401357422073682,0.017855362539250522,0.0003236935587665535,3,10,50
Density-guided CNP (ours),cell17,1204.0,0.5410601227283478,0.011911897974689743,0.0003092149957920305,3,10,50
Density-guided CNP (ours),cell17,1205.0,0.5352302265763282,0.013914469246555157,0.00032582706135721406,3,10,50
Density-guided CNP (ours),cell17,1206.0,0.5349948915044466,0.010831475749590215,0.00045462798639099323,3,10,50
Density-guided CNP (ours),cell17,1207.0,0.538011325677236,0.011355896690660039,0.000490428256719009,3,10,50
Density-guided CNP (ours),cell17,1208.0,0.5358275795578956,0.00845856303224914,0.000529628473469081,3,10,50
Density-guided CNP (ours),cell17,1209.0,0.5369542870322864,0.010477841516267607,0.00045341624735850027,3,10,50
Density-guided CNP (ours),cell17,1210.0,0.536059719045957,0.009630442602530095,0.0005360247918108584,3,10,50
Density-guided CNP (ours),cell17,1211.0,0.53805653043588,0.010735073402039918,0.0003671124053338398,3,10,50
Density-guided CNP (ours),cell17,1212.0,0.5414809972047807,0.010147839199614393,0.0004595958662073424,3,10,50
Density-guided CNP (ours),cell17,1213.0,0.5369529552062353,0.012408016038976507,0.0005564137706744345,3,10,50
Density-guided CNP (ours),cell17,1214.0,0.537521318256855,0.009957372713089578,0.0004134399573124589,3,10,50
Density-guided CNP (ours),cell17,1215.0,0.5393200992941856,0.009769304914185881,0.0003187589154814602,3,10,50
Density-guided CNP (ours),cell17,1216.0,0.5383522042433421,0.014229540979649132,0.0004374737144611217,3,10,50
Density-guided CNP (ours),cell17,1217.0,0.5405575676163037,0.014326139778177564,0.0003487479503665124,3,10,50
Density-guided CNP (ours),cell17,1218.0,0.5394425016442935,0.012439238038043381,0.0002568054701769049,3,10,50
Density-guided CNP (ours),cell17,1219.0,0.5413350818951924,0.010913690093683488,0.0003317776104047015,3,10,50
Density-guided CNP (ours),cell17,1220.0,0.5410585543115934,0.013681021525745272,0.00033835993777205786,3,10,50
Density-guided CNP (ours),cell17,1221.0,0.5396800279021262,0.015470796942662736,0.000362509237203144,3,10,50
Density-guided CNP (ours),cell17,1222.0,0.5431983333627383,0.008034974218497384,0.0002934166372485753,3,10,50
Density-guided CNP (ours),cell17,1223.0,0.5407319209376971,0.013002024549753641,0.00036828255700476923,3,10,50
Density-guided CNP (ours),cell17,1224.0,0.539010223309199,0.00807451986839756,0.00040603805511644684,3,10,50
Density-guided CNP (ours),cell17,1225.0,0.5358291150331497,0.008354833619471863,0.0004570014553315764,3,10,50
Density-guided CNP (ours),cell17,1226.0,0.5371679378549258,0.009641145273192323,0.0006533727187703894,3,10,50
Density-guided CNP (ours),cell17,1227.0,0.5375436320503554,0.013066752004235021,0.00040878897302421046,3,10,50
Density-guided CNP (ours),cell17,1228.0,0.5388139460881551,0.010033469706989703,0.0004421246761376527,3,10,50
Density-guided CNP (ours),cell17,1229.0,0.5399261251091958,0.011463983932909061,0.0003969971768257641,3,10,50
Density-guided CNP (ours),cell17,1230.0,0.5416513706843058,0.011399094501691692,0.000374779092391115,3,10,50
Density-guided CNP (ours),cell17,1231.0,0.5400259861151379,0.012861101497593768,0.00035330223995151195,3,10,50
Density-guided CNP (ours),cell17,1232.0,0.5421760936578114,0.010328802014030613,0.0003259474998654666,3,10,50
Density-guided CNP (ours),cell17,1233.0,0.5393360951344173,0.0101698043088048,0.00033445419481297096,3,10,50
Density-guided CNP (ours),cell17,1234.0,0.5400869162082672,0.012712725834621491,0.0003972807711138552,3,10,50
Density-guided CNP (ours),cell17,1235.0,0.5412979233463605,0.01223682429272268,0.00028894096053338,3,10,50
Density-guided CNP (ours),cell17,1236.0,0.5416675559083621,0.012756971567578856,0.0003584829963927762,3,10,50
Density-guided CNP (ours),cell17,1237.0,0.5443109225829442,0.012694633316875967,0.0002297458877205215,3,10,50
Density-guided CNP (ours),cell17,1238.0,0.5403141825397809,0.013917132535746682,0.00031014544810855217,3,10,50
Density-guided CNP (ours),cell17,1239.0,0.5417251201470693,0.013652801960544695,0.0004087394789924693,3,10,50
Density-guided CNP (ours),cell17,1240.0,0.5385935795108477,0.010962304766072642,0.00038118464888148355,3,10,50
Density-guided CNP (ours),cell17,1241.0,0.5399217385252316,0.009752221147800463,0.0005351527878425093,3,10,50
Density-guided CNP (ours),cell17,1242.0,0.5415701181491217,0.012186247989431414,0.0004773127919362814,3,10,50
Density-guided CNP (ours),cell17,1243.0,0.5424814964135488,0.010729293577847335,0.0004160971405264083,3,10,50
Density-guided CNP (ours),cell17,1244.0,0.5393144489725432,0.009849594473130129,0.0005779522807095094,3,10,50
Density-guided CNP (ours),cell17,1245.0,0.541081350505352,0.010563591647308959,0.0004493428321248331,3,10,50
Density-guided CNP (ours),cell17,1246.0,0.5353273352980614,0.011079403177702033,0.0006866126883045626,3,10,50
Density-guided CNP (ours),cell17,1247.0,0.5352495738267898,0.011174549090321008,0.000614154139391768,3,10,50
Density-guided CNP (ours),cell17,1248.0,0.5394559061924616,0.009518048715531828,0.0006973172312823798,3,10,50
Density-guided CNP (ours),cell17,1249.0,0.5383189514875412,0.00952831106047129,0.00046626492643505956,3,10,50
Density-guided CNP (ours),cell17,1250.0,0.5418448660175006,0.010637803628169252,0.0003318026054551287,3,10,50
Density-guided CNP (ours),cell17,1251.0,0.5420829274853071,0.010160155812119003,0.000490886822955403,3,10,50
Density-guided CNP (ours),cell17,1252.0,0.542293504456679,0.011068235341732454,0.00036141244030085006,3,10,50
Density-guided CNP (ours),cell17,1253.0,0.54022625263532,0.012258889289183308,0.000414975494462309,3,10,50
Density-guided CNP (ours),cell17,1254.0,0.5410385499000551,0.013512020973526103,0.000525715557457048,3,10,50
Density-guided CNP (ours),cell17,1255.0,0.5426122262477875,0.011006726124120438,0.00040593787159068834,3,10,50
Density-guided CNP (ours),cell17,1256.0,0.5438881254593531,0.009167541733896802,0.0006286312111341428,3,10,50
Density-guided CNP (ours),cell17,1257.0,0.545168818394343,0.011251996245689533,0.0004721641706131282,3,10,50
Density-guided CNP (ours),cell17,1258.0,0.5438771080970765,0.010041936989216167,0.0003387965959697468,3,10,50
Density-guided CNP (ours),cell17,1259.0,0.5415196886658667,0.009572973451557623,0.0004322200290424929,3,10,50
Density-guided CNP (ours),cell17,1260.0,0.5411486847201984,0.011048619182486924,0.0004701472123267374,3,10,50
Density-guided CNP (ours),cell17,1261.0,0.5400266467134158,0.010748804981042531,0.000604629973857883,3,10,50
Density-guided CNP (ours),cell17,1262.0,0.541089159766833,0.015305482046460836,0.0004964360986141322,3,10,50
Density-guided CNP (ours),cell17,1263.0,0.5450849677920341,0.010299023170511427,0.0003545685762256354,3,10,50
Density-guided CNP (ours),cell17,1264.0,0.5430934560100238,0.012705320694106514,0.00044404814973818713,3,10,50
Density-guided CNP (ours),cell17,1265.0,0.5439378156661988,0.011511618830031434,0.00047750690875386783,3,10,50
Density-guided CNP (ours),cell17,1266.0,0.540252145032088,0.009076620931355809,0.0005107776095156907,3,10,50
Density-guided CNP (ours),cell17,1267.0,0.5353008480668068,0.007531048186021353,0.0007747237104641681,3,10,50
Density-guided CNP (ours),cell17,1268.0,0.5331561213334401,0.01131982424643505,0.001001542434803808,3,10,50
Density-guided CNP (ours),cell17,1269.0,0.5329588474631309,0.006442060666996982,0.0009006188830592527,3,10,50
Density-guided CNP (ours),cell17,1270.0,0.5381811219652494,0.007734771963027893,0.0006337061167342965,3,10,50
Density-guided CNP (ours),cell17,1271.0,0.5390425492127736,0.012654098268059957,0.0005562051526102808,3,10,50
Density-guided CNP (ours),cell17,1272.0,0.5377610422174136,0.010181070086414076,0.0006495035755519505,3,10,50
Density-guided CNP (ours),cell17,1273.0,0.5367568772832553,0.011354222666683912,0.0007751244279252701,3,10,50
Density-guided CNP (ours),cell17,1274.0,0.5429274067282677,0.008347392153707667,0.0006324775580521372,3,10,50
Density-guided CNP (ours),cell17,1275.0,0.5432317247390747,0.010565425891088602,0.00042643829846883066,3,10,50
Density-guided CNP (ours),cell17,1276.0,0.5448569988210996,0.008184554471083636,0.00037012575102112724,3,10,50
Density-guided CNP (ours),cell17,1277.0,0.5456519838372866,0.013456148268604378,0.0004920085482643079,3,10,50
Density-guided CNP (ours),cell17,1278.0,0.5445993424256641,0.014362606861553233,0.00047068273869407427,3,10,50
Density-guided CNP (ours),cell17,1279.0,0.545886568069458,0.009965331907523326,0.00047240252597795853,3,10,50
Density-guided CNP (ours),cell17,1280.0,0.5428766294320425,0.014725030721390017,0.0004861573941484177,3,10,50
Density-guided CNP (ours),cell17,1281.0,0.5434956411719322,0.009758394103220611,0.000637122764090287,3,10,50
Density-guided CNP (ours),cell17,1282.0,0.5404609354933103,0.010882542075240025,0.0005750658430885495,3,10,50
Density-guided CNP (ours),cell17,1283.0,0.5409944032828014,0.0095095922224107,0.000621920173448465,3,10,50
Density-guided CNP (ours),cell17,1284.0,0.543643799940745,0.011294529974467121,0.0005754431924965807,3,10,50
Density-guided CNP (ours),cell17,1285.0,0.5467939876715343,0.012169597732362812,0.0007392806897944318,3,10,50
Density-guided CNP (ours),cell17,1286.0,0.5422658544778824,0.010334820913531963,0.0007152824160437929,3,10,50
Density-guided CNP (ours),cell17,1287.0,0.5411288238167763,0.012006776354742076,0.0006517512381197683,3,10,50
Density-guided CNP (ours),cell17,1288.0,0.5463358235359191,0.009671329714556632,0.0005573751911573963,3,10,50
Density-guided CNP (ours),cell17,1289.0,0.5459057546257973,0.010689902319351529,0.00047572124917491,3,10,50
Density-guided CNP (ours),cell17,1290.0,0.545135460515817,0.01238856442833092,0.0005500137809286425,3,10,50
Density-guided CNP (ours),cell17,1291.0,0.5443645256360372,0.007381663498565633,0.0005994315998984332,3,10,50
Density-guided CNP (ours),cell17,1292.0,0.543041425049305,0.009961281270489605,0.0005769567854874299,3,10,50
Density-guided CNP (ours),cell17,1293.0,0.5419049353202183,0.013806859319365877,0.0005624639958798686,3,10,50
Density-guided CNP (ours),cell17,1294.0,0.5443941594759623,0.012051956564265496,0.00042157944373887057,3,10,50
Density-guided CNP (ours),cell17,1295.0,0.5455635842084884,0.012649616069806212,0.0005147389395465279,3,10,50
Density-guided CNP (ours),cell17,1296.0,0.5443049842715263,0.01198739703148549,0.000671395856096945,3,10,50
Density-guided CNP (ours),cell17,1297.0,0.5404458462993303,0.012436245877407843,0.0006541594538003755,3,10,50
Density-guided CNP (ours),cell17,1298.0,0.5394314575393995,0.012338614817344115,0.0007636202557634239,3,10,50
Density-guided CNP (ours),cell17,1299.0,0.5456314832568169,0.011483661923961112,0.0007330263563082264,3,10,50
Density-guided CNP (ours),cell17,1300.0,0.5451079701781273,0.011608777727904649,0.0005823371242002694,3,10,50
Density-guided CNP (ours),cell17,1301.0,0.5490439449151356,0.01469542416688029,0.0005337907689842046,3,10,50
Density-guided CNP (ours),cell17,1302.0,0.5430817843675614,0.014134235000256064,0.0005744098560073413,3,10,50
Density-guided CNP (ours),cell17,1303.0,0.5444999670982361,0.013075704323499856,0.0004387505231543965,3,10,50
Density-guided CNP (ours),cell17,1304.0,0.5437434420982995,0.013509956743095826,0.0006428821411096064,3,10,50
Density-guided CNP (ours),cell17,1305.0,0.5424529315233231,0.009963613582762567,0.0008111977392366998,3,10,50
Density-guided CNP (ours),cell17,1306.0,0.54058318344752,0.010653445299002045,0.0006851711845674424,3,10,50
Density-guided CNP (ours),cell17,1307.0,0.5438666481177012,0.012731723030111625,0.0006469572444545238,3,10,50
Density-guided CNP (ours),cell17,1308.0,0.5486801662047704,0.01000056913414569,0.0005454439416509348,3,10,50
Density-guided CNP (ours),cell17,1309.0,0.5469030440251033,0.009702723705876432,0.0004648760976548479,3,10,50
Density-guided CNP (ours),cell17,1310.0,0.5448386199474337,0.012834409372007555,0.0005492551253666384,3,10,50
Density-guided CNP (ours),cell17,1311.0,0.5476829285820325,0.0129054747017711,0.00037294686996519366,3,10,50
Density-guided CNP (ours),cell17,1312.0,0.5492728152672449,0.01386941628107884,0.0004555779707825167,3,10,50
Density-guided CNP (ours),cell17,1313.0,0.5498400150338809,0.014883553546669091,0.0003066748421457934,3,10,50
Density-guided CNP (ours),cell17,1314.0,0.550162003060182,0.011219127725841504,0.00040598698683749675,3,10,50
Density-guided CNP (ours),cell17,1315.0,0.5440365642507871,0.014201479799937777,0.0005179584634437789,3,10,50
Density-guided CNP (ours),cell17,1316.0,0.5482511588335036,0.011374293843542856,0.0005570004581268873,3,10,50
Density-guided CNP (ours),cell17,1317.0,0.5439902029037477,0.009457410233096125,0.0006174475074745065,3,10,50
Density-guided CNP (ours),cell17,1318.0,0.5476072163780529,0.010782866006697419,0.0005176187964659331,3,10,50
Density-guided CNP (ours),cell17,1319.0,0.5458208326101303,0.012121014634213736,0.0006625814953277395,3,10,50
Density-guided CNP (ours),cell17,1320.0,0.5464857642849287,0.012541446542756565,0.0006933369434938833,3,10,50
Density-guided CNP (ours),cell17,1321.0,0.5460903531908989,0.012883617842894554,0.0005977669007428487,3,10,50
Density-guided CNP (ours),cell17,1322.0,0.5498359948595365,0.011605298669074513,0.0005187326933434108,3,10,50
Density-guided CNP (ours),cell17,1323.0,0.5464115559260051,0.01040774102056176,0.0005256585797234447,3,10,50
Density-guided CNP (ours),cell17,1324.0,0.5494295597473781,0.01090209134298202,0.0005650843386914968,3,10,50
Density-guided CNP (ours),cell17,1325.0,0.5493984674612681,0.013545427041567871,0.000562428255965838,3,10,50
Density-guided CNP (ours),cell17,1326.0,0.5443249376416207,0.011389292211222334,0.0006710990974031955,3,10,50
Density-guided CNP (ours),cell17,1327.0,0.5442403763333956,0.01242544597729345,0.0006352277438419754,3,10,50
Density-guided CNP (ours),cell17,1328.0,0.5527467846870423,0.014727939085551927,0.0005244113812411844,3,10,50
Density-guided CNP (ours),cell17,1329.0,0.5505112016399702,0.0143200795309193,0.00046763467825585906,3,10,50
Density-guided CNP (ours),cell17,1330.0,0.5459443812171618,0.012287745281866654,0.0007001404215105085,3,10,50
Density-guided CNP (ours),cell17,1331.0,0.541839731613795,0.014509028224042366,0.0008139157082420035,3,10,50
Density-guided CNP (ours),cell17,1332.0,0.5439224275549254,0.013681232897066674,0.0006302464277949709,3,10,50
Density-guided CNP (ours),cell17,1333.0,0.5510269665320715,0.013085622568532703,0.00047562014205599105,3,10,50
Density-guided CNP (ours),cell17,1334.0,0.5492745720346769,0.012120346487210854,0.0005302336735147599,3,10,50
Density-guided CNP (ours),cell17,1335.0,0.5509882462620735,0.01230485276761888,0.00035354009689550736,3,10,50
Density-guided CNP (ours),cell17,1336.0,0.550475380818049,0.014832203889648586,0.0003499950748351165,3,10,50
Density-guided CNP (ours),cell17,1337.0,0.5505930091738701,0.0142723583533494,0.0005371572375142542,3,10,50
Density-guided CNP (ours),cell17,1338.0,0.5517111270626386,0.01384538086065198,0.0004968522778905026,3,10,50
Density-guided CNP (ours),cell17,1339.0,0.5495666838089625,0.012819205626482562,0.000736714826993676,3,10,50
Density-guided CNP (ours),cell17,1340.0,0.5479019400477408,0.015559067888461668,0.0005335541511471745,3,10,50
Density-guided CNP (ours),cell17,1341.0,0.5466481289466222,0.01548822767632201,0.0006811143115171245,3,10,50
Density-guided CNP (ours),cell17,1342.0,0.5503101593852042,0.009943579165514756,0.00045741967270039005,3,10,50
Density-guided CNP (ours),cell17,1343.0,0.5490938495198886,0.014761567707354338,0.00039635672332668045,3,10,50
Density-guided CNP (ours),cell17,1344.0,0.5533700540661811,0.013994662562524357,0.00044790330372833175,3,10,50
Density-guided CNP (ours),cell17,1345.0,0.5514282677769661,0.015265051023750082,0.0005052833442193754,3,10,50
Density-guided CNP (ours),cell17,1346.0,0.5486887420813243,0.014133851169033545,0.0004974515920518568,3,10,50
Density-guided CNP (ours),cell17,1347.0,0.5520954585472743,0.01666056116711092,0.0004805021098766896,3,10,50
Density-guided CNP (ours),cell17,1348.0,0.5541477532784144,0.013018751154642334,0.0005340767317739882,3,10,50
Density-guided CNP (ours),cell17,1349.0,0.5479040607611338,0.013982931626349237,0.0006878635740911487,3,10,50
Density-guided CNP (ours),cell17,1350.0,0.548761938492457,0.012784539852564078,0.0006004594383462039,3,10,50
Density-guided CNP (ours),cell17,1351.0,0.5493530809481938,0.011983053110019676,0.0005039025037621004,3,10,50
Density-guided CNP (ours),cell17,1352.0,0.5518136537273725,0.012846083381146156,0.0006328274523425544,3,10,50
Density-guided CNP (ours),cell17,1353.0,0.5518437692324321,0.014487800929800981,0.0006443571477377619,3,10,50
Density-guided CNP (ours),cell17,1354.0,0.5536782313585281,0.011617815722883142,0.0004379264566384651,3,10,50
Density-guided CNP (ours),cell17,1355.0,0.5555168679555257,0.012998984320278423,0.0004910458563894158,3,10,50
Density-guided CNP (ours),cell17,1356.0,0.5547623006701469,0.011742265541184982,0.00036979734291021633,3,10,50
Density-guided CNP (ours),cell17,1357.0,0.5546100145975748,0.015081809425701058,0.0005231352190965139,3,10,50
Density-guided CNP (ours),cell17,1358.0,0.5548776320417722,0.018418077325968223,0.0004350157449828428,3,10,50
Density-guided CNP (ours),cell17,1359.0,0.5520271503527959,0.015209632624025393,0.0004487201473636563,3,10,50
Density-guided CNP (ours),cell17,1360.0,0.5470643169085184,0.013306769400885349,0.0006589277576632468,3,10,50
Density-guided CNP (ours),cell17,1361.0,0.5438235308925311,0.010973826356114344,0.0007735188729482722,3,10,50
Density-guided CNP (ours),cell17,1362.0,0.5490190915862719,0.01149317051151577,0.0005967818070884643,3,10,50
Density-guided CNP (ours),cell17,1363.0,0.5529539592266083,0.014489689184624888,0.0005250060374208944,3,10,50
Density-guided CNP (ours),cell17,1364.0,0.556847890774409,0.016938023637038176,0.00041940162678682667,3,10,50
Density-guided CNP (ours),cell17,1365.0,0.5540640379190445,0.017440466348339706,0.0004046315267852798,3,10,50
Density-guided CNP (ours),cell17,1366.0,0.5538703232208888,0.014070411035128872,0.0005417370647010949,3,10,50
Density-guided CNP (ours),cell17,1367.0,0.5517132278084754,0.011252058559417837,0.000495467060607609,3,10,50
Density-guided CNP (ours),cell17,1368.0,0.5495918062329291,0.012146716768707417,0.0008739001180071859,3,10,50
Density-guided CNP (ours),cell17,1369.0,0.5460905755360921,0.01402840394018068,0.0007957396364531469,3,10,50
Density-guided CNP (ours),cell17,1370.0,0.5488590479691824,0.01326010122736428,0.0008334124815013748,3,10,50
Density-guided CNP (ours),cell17,1371.0,0.5460099311470986,0.013948351731237804,0.0007220002125085822,3,10,50
Density-guided CNP (ours),cell17,1372.0,0.548170255959034,0.015269944791664368,0.000612243543415102,3,10,50
Density-guided CNP (ours),cell17,1373.0,0.5554116488297781,0.016472586091260313,0.00040373944241195534,3,10,50
Density-guided CNP (ours),cell17,1374.0,0.5578351379036904,0.016277353151400522,0.0003121613478306745,3,10,50
Density-guided CNP (ours),cell17,1375.0,0.5606716371774674,0.01377949590010671,0.0003304698328196211,3,10,50
Density-guided CNP (ours),cell17,1376.0,0.5592699875036876,0.014492939963524585,0.00033724523264283107,3,10,50
Density-guided CNP (ours),cell17,1377.0,0.5550473183194796,0.012989130599821092,0.0003711242243063562,3,10,50
Density-guided CNP (ours),cell17,1378.0,0.5537127336661021,0.0123463403837193,0.00047858547033831947,3,10,50
Density-guided CNP (ours),cell17,1379.0,0.5568598312735559,0.017433175542670418,0.0006196141246184217,3,10,50
Density-guided CNP (ours),cell17,1380.0,0.558544323225816,0.014111315145093941,0.00030954305510602647,3,10,50
Density-guided CNP (ours),cell17,1381.0,0.5574407098690669,0.016080470756556775,0.00041462007764399837,3,10,50
Density-guided CNP (ours),cell17,1382.0,0.5545941413442295,0.017058389586311506,0.00040838090073394475,3,10,50
Density-guided CNP (ours),cell17,1383.0,0.5555654190182686,0.01789197624157813,0.0004981787118423752,3,10,50
Density-guided CNP (ours),cell17,1384.0,0.5564270722866058,0.014055795988136352,0.00038611445891871115,3,10,50
Density-guided CNP (ours),cell17,1385.0,0.549820555071036,0.017801997702180685,0.0005420843225385093,3,10,50
Density-guided CNP (ours),cell17,1386.0,0.5568984362483026,0.018180122150088362,0.00042886184234281334,3,10,50
Density-guided CNP (ours),cell17,1387.0,0.554853092610836,0.012915217065814865,0.000528749446650933,3,10,50
Density-guided CNP (ours),cell17,1388.0,0.555143435994784,0.012871244241141338,0.0005944579869973803,3,10,50
Density-guided CNP (ours),cell17,1389.0,0.5548460345069568,0.01722241984704491,0.0005717777925080168,3,10,50
Density-guided CNP (ours),cell17,1390.0,0.5587250406344734,0.014209219428291687,0.00030669719330305025,3,10,50
Density-guided CNP (ours),cell17,1391.0,0.5611670392751694,0.012337912756046739,0.00039560718842293776,3,10,50
Density-guided CNP (ours),cell17,1392.0,0.557234766761462,0.01840241471558432,0.0005240916093366468,3,10,50
Density-guided CNP (ours),cell17,1393.0,0.5508681809306145,0.015154323970128955,0.0007245344851963782,3,10,50
Density-guided CNP (ours),cell17,1394.0,0.551673441251119,0.01627336408706538,0.0005957470850889572,3,10,50
Density-guided CNP (ours),cell17,1395.0,0.551071539203326,0.010662195999594592,0.0007874927921130659,3,10,50
Density-guided CNP (ours),cell17,1396.0,0.5487575606107712,0.013449471240767579,0.0007519402025787269,3,10,50
Density-guided CNP (ours),cell17,1397.0,0.5502857245405514,0.012278106199523452,0.0007374207148237651,3,10,50
Density-guided CNP (ours),cell17,1398.0,0.5534885060985884,0.01709473380155866,0.000941715049304437,3,10,50
Density-guided CNP (ours),cell17,1399.0,0.5447407133380572,0.01173109685301269,0.0009426880621412722,3,10,50
Density-guided CNP (ours),cell17,1400.0,0.5496352279186248,0.016730187262837433,0.0007856584943059666,3,10,50
Density-guided CNP (ours),cell17,1401.0,0.5583493040800096,0.01882748509498094,0.00042652115225757245,3,10,50
Density-guided CNP (ours),cell17,1402.0,0.5603759182890257,0.014752117074584565,0.0003543089433954574,3,10,50
Density-guided CNP (ours),cell17,1403.0,0.5628477629423142,0.0156016084507362,0.00034639630553873375,3,10,50
Density-guided CNP (ours),cell17,1404.0,0.5635449130535126,0.014364492925739023,0.000345610090498925,3,10,50
Density-guided CNP (ours),cell17,1405.0,0.560276036898295,0.016341508928287896,0.00044241832748712767,3,10,50
Density-guided CNP (ours),cell17,1406.0,0.5569562264680863,0.018139837848599332,0.0005293509929634772,3,10,50
Density-guided CNP (ours),cell17,1407.0,0.5548146608273188,0.0133608424129649,0.0007074682417234707,3,10,50
Density-guided CNP (ours),cell17,1408.0,0.5555933920542399,0.01706154179287696,0.0005445916821057301,3,10,50
Density-guided CNP (ours),cell17,1409.0,0.5558823853333791,0.016104175910762658,0.0004976185872703091,3,10,50
Density-guided CNP (ours),cell17,1410.0,0.5611887220938999,0.013649549672911246,0.0003523021443731154,3,10,50
Density-guided CNP (ours),cell17,1411.0,0.563216371357441,0.01886161030580812,0.00033492356444046544,3,10,50
Density-guided CNP (ours),cell17,1412.0,0.56955575633049,0.014790774050032138,0.00037921814811762083,3,10,50
Density-guided CNP (ours),cell17,1413.0,0.5643718089262644,0.014953405507357234,0.0003801412560142208,3,10,50
Density-guided CNP (ours),cell17,1414.0,0.5621386709809303,0.015740806492214557,0.00038881231533386746,3,10,50
Density-guided CNP (ours),cell17,1415.0,0.5637683603366216,0.021585294891688478,0.0003219222867050754,3,10,50
Density-guided CNP (ours),cell17,1416.0,0.570408807039261,0.021921320458857474,0.00023607715775160392,3,10,50
Density-guided CNP (ours),cell17,1417.0,0.561501183450222,0.0181169157283341,0.0004958494856930027,3,10,50
Density-guided CNP (ours),cell17,1418.0,0.5575609289209048,0.01575633466883384,0.0006219958895009165,3,10,50
Density-guided CNP (ours),cell17,1419.0,0.5529135282437007,0.015708711739450806,0.0006911862150452094,3,10,50
Density-guided CNP (ours),cell17,1420.0,0.5500701998670896,0.015333925127712771,0.0007424163651499445,3,10,50
Density-guided CNP (ours),cell17,1421.0,0.5589816114505132,0.01625608107268865,0.0004523894662125544,3,10,50
Density-guided CNP (ours),cell17,1422.0,0.5577470507224401,0.015043689080955764,0.0006022323956918319,3,10,50
Density-guided CNP (ours),cell17,1423.0,0.5545789391597111,0.01922954967808254,0.0006693220512790674,3,10,50
Density-guided CNP (ours),cell17,1424.0,0.5591404743591945,0.0199758839209804,0.00047967790803047776,3,10,50
Density-guided CNP (ours),cell17,1425.0,0.5672293555736543,0.018265643314595677,0.0004610136543515641,3,10,50
Density-guided CNP (ours),cell17,1426.0,0.5684655811389288,0.017835528478792887,0.000297089212416888,3,10,50
Density-guided CNP (ours),cell17,1427.0,0.5606464413007101,0.016340521147654993,0.00043670831495028786,3,10,50
Density-guided CNP (ours),cell17,1428.0,0.567608299811681,0.017120210034503633,0.0003895120246961406,3,10,50
Density-guided CNP (ours),cell17,1429.0,0.5667905400792758,0.01910037508109764,0.0004004257377029261,3,10,50
Density-guided CNP (ours),cell17,1430.0,0.5616790060997009,0.016504153001048894,0.0004908938434938769,3,10,50
Density-guided CNP (ours),cell17,1431.0,0.5593176229794821,0.01700222038278018,0.0007517453564343008,3,10,50
Density-guided CNP (ours),cell17,1432.0,0.5600604616006216,0.016247371937475996,0.0007972881484908581,3,10,50
Density-guided CNP (ours),cell17,1433.0,0.5570344388882319,0.016719061467048976,0.000669607927824706,3,10,50
Density-guided CNP (ours),cell17,1434.0,0.559960797727108,0.019232243763395693,0.0005897937705482233,3,10,50
Density-guided CNP (ours),cell17,1435.0,0.5549842134316761,0.018534979048951017,0.0007500720608293668,3,10,50
Density-guided CNP (ours),cell17,1436.0,0.5634578371246656,0.01533929005878684,0.00041389197811884845,3,10,50
Density-guided CNP (ours),cell17,1437.0,0.5598626088698704,0.017285793216492696,0.0004543613930607486,3,10,50
Density-guided CNP (ours),cell17,1438.0,0.5593836827278137,0.01971215742737302,0.0005729758592167325,3,10,50
Density-guided CNP (ours),cell17,1439.0,0.5586376126209895,0.013198866292309439,0.0005820879803571194,3,10,50
Density-guided CNP (ours),cell17,1440.0,0.5662471471230188,0.01388078392552231,0.00040462177220144425,3,10,50
Density-guided CNP (ours),cell17,1441.0,0.5788302971720695,0.010196486166832214,0.0002545675716626354,3,10,50
Density-guided CNP (ours),cell17,1442.0,0.583191409945488,0.00923507833458993,0.0002481025461787997,3,10,50
Density-guided CNP (ours),cell17,1443.0,0.577250550587972,0.01497407737346907,0.00017843676955384157,3,10,50
Density-guided CNP (ours),cell17,1444.0,0.5689177078406016,0.01166550142315701,0.0003294381665217548,3,10,50
Density-guided CNP (ours),cell17,1445.0,0.5670362630089124,0.019251380299583853,0.0002655020189344534,3,10,50
Density-guided CNP (ours),cell17,1446.0,0.568671026468277,0.018664356439121534,0.00044847807137065937,3,10,50
Density-guided CNP (ours),cell17,1447.0,0.5606483702262243,0.01376163093241519,0.0005832694566128121,3,10,50
Density-guided CNP (ours),cell17,1448.0,0.5595329230825107,0.017300163692827664,0.0006892072563757464,3,10,50
Density-guided CNP (ours),cell17,1449.0,0.555919870754083,0.017920986975475558,0.0006834862631121093,3,10,50
Density-guided CNP (ours),cell17,1450.0,0.5593352062900862,0.015789974988630835,0.0007278675507789477,3,10,50
Density-guided CNP (ours),cell17,1451.0,0.5550839778184891,0.016447895482554487,0.0007420587951682119,3,10,50
Density-guided CNP (ours),cell17,1452.0,0.5569617330233255,0.01889295840794525,0.0006723428802490922,3,10,50
Density-guided CNP (ours),cell17,1453.0,0.5684229358037313,0.01531117816157977,0.00048050849321110015,3,10,50
Density-guided CNP (ours),cell17,1454.0,0.5685867795149485,0.014910948809281673,0.0001335042839148454,3,10,50
Density-guided CNP (ours),cell17,1455.0,0.5697731681664785,0.01683108982505181,0.0004134873236875607,3,10,50
Density-guided CNP (ours),cell17,1456.0,0.5641969564755758,0.020545969900888795,0.0004997947193079983,3,10,50
Density-guided CNP (ours),cell17,1457.0,0.5683207556804022,0.0185230502793788,0.0004991223404113071,3,10,50
Density-guided CNP (ours),cell17,1458.0,0.5662990641196569,0.018306419025730745,0.00046084022056776226,3,10,50
Density-guided CNP (ours),cell17,1459.0,0.5581014616092046,0.016500457010304895,0.0007053409596340689,3,10,50
Density-guided CNP (ours),cell17,1460.0,0.5612368932167688,0.018353810613521766,0.0008040357473306247,3,10,50
Density-guided CNP (ours),cell17,1461.0,0.5580514921148617,0.015333627850360671,0.0007232046554291235,3,10,50
Density-guided CNP (ours),cell17,1462.0,0.5643315915465356,0.01674779371273859,0.0005599125406995287,3,10,50
Density-guided CNP (ours),cell17,1463.0,0.5657694938580196,0.017668162731933838,0.000562823023163163,3,10,50
Density-guided CNP (ours),cell17,1464.0,0.56948131275177,0.015349116228896925,0.0004424149491716503,3,10,50
Density-guided CNP (ours),cell17,1465.0,0.5734764564236005,0.012753150349594167,0.0004401266830499839,3,10,50
Density-guided CNP (ours),cell17,1466.0,0.5666865684787432,0.018780255127187166,0.0005009607953087963,3,10,50
Density-guided CNP (ours),cell17,1467.0,0.5669081655343374,0.018387432847248468,0.0005067975543864589,3,10,50
Density-guided CNP (ours),cell17,1468.0,0.5681840548912684,0.017601292878895152,0.00048339994270842453,3,10,50
Density-guided CNP (ours),cell17,1469.0,0.5620456340909005,0.020304237228112167,0.0005362870480378637,3,10,50
Density-guided CNP (ours),cell17,1470.0,0.5636344324350356,0.017028300355501878,0.0007357446536295524,3,10,50
Density-guided CNP (ours),cell17,1471.0,0.5688124753634134,0.014817625236922082,0.0004702677872661335,3,10,50
Density-guided CNP (ours),cell17,1472.0,0.57378258450826,0.016051725381532864,0.00040036066534567596,3,10,50
Density-guided CNP (ours),cell17,1473.0,0.5783621314764024,0.0158540065828639,0.0003415270736823301,3,10,50
Density-guided CNP (ours),cell17,1474.0,0.5745472013552984,0.011557904210736209,0.0003062600005910872,3,10,50
Density-guided CNP (ours),cell17,1475.0,0.564778423110644,0.01741165922481497,0.0004958999939477985,3,10,50
Density-guided CNP (ours),cell17,1476.0,0.5584713438749314,0.017524395399429956,0.0007541576646724971,3,10,50
Density-guided CNP (ours),cell17,1477.0,0.5572639501690865,0.01903839287072482,0.0008381054242418269,3,10,50
Density-guided CNP (ours),cell17,1478.0,0.56199045586586,0.014906640631680564,0.0007597134730388758,3,10,50
Density-guided CNP (ours),cell17,1479.0,0.5615823682943981,0.015031819888139723,0.0007094164401220217,3,10,50
Density-guided CNP (ours),cell17,1480.0,0.5592456646760305,0.01984345173330323,0.0007714706781802827,3,10,50
Density-guided CNP (ours),cell17,1481.0,0.5591147716442745,0.018719245526091704,0.0008737028143784392,3,10,50
Density-guided CNP (ours),cell17,1482.0,0.5670906394720078,0.015491452208495383,0.0008474472523076837,3,10,50
Density-guided CNP (ours),cell17,1483.0,0.5688864203294118,0.012291823734087739,0.0005934160649728041,3,10,50
Density-guided CNP (ours),cell17,1484.0,0.567539103448391,0.018133567213603773,0.00042343134452752835,3,10,50
Density-guided CNP (ours),cell17,1485.0,0.5694077279567717,0.01772850881504409,0.0003638596848718763,3,10,50
Density-guided CNP (ours),cell17,1486.0,0.5749207875728607,0.014350885506556643,0.00029659134178054735,3,10,50
Density-guided CNP (ours),cell17,1487.0,0.5800957705974579,0.011091916047685543,0.0003455804777636096,3,10,50
Density-guided CNP (ours),cell17,1488.0,0.5887291352351506,0.015457891845417389,0.00020070719556651218,3,10,50
Density-guided CNP (ours),cell17,1489.0,0.5825155687729519,0.012285019387941605,0.00021665536152598708,3,10,50
Density-guided CNP (ours),cell17,1490.0,0.58344329003493,0.012214269009164745,0.000365118529696176,3,10,50
Density-guided CNP (ours),cell17,1491.0,0.5827632902860641,0.01670158203241917,0.00033416326652707125,3,10,50
Density-guided CNP (ours),cell17,1492.0,0.5815791340271633,0.01315732048280606,0.00022860292675381662,3,10,50
Density-guided CNP (ours),cell17,1493.0,0.5775204878648122,0.015934794345127443,0.00026600317696726745,3,10,50
Density-guided CNP (ours),cell17,1494.0,0.5723645612796148,0.02085114969255449,0.0004915961808349498,3,10,50
Density-guided CNP (ours),cell17,1495.0,0.5773560877243678,0.013554652143179483,0.0005074219202468752,3,10,50
Density-guided CNP (ours),cell17,1496.0,0.5737987158298492,0.015357850406584737,0.0003089287021123478,3,10,50
Density-guided CNP (ours),cell17,1497.0,0.5602348493734997,0.018903100639185044,0.0009011455964386732,3,10,50
Density-guided CNP (ours),cell17,1498.0,0.5544758710066477,0.022079245585235253,0.001041533128178066,3,10,50
Density-guided CNP (ours),cell17,1499.0,0.564444436788559,0.01225089470315423,0.0009984149785144188,3,10,50
Density-guided CNP (ours),cell17,1500.0,0.5714626279274623,0.01376739354726553,0.0005779272309582999,3,10,50
Density-guided CNP (ours),cell17,1501.0,0.5658312177062034,0.018914732204392794,0.0006021332308563375,3,10,50
Density-guided CNP (ours),cell17,1502.0,0.5545485960443814,0.01835702754521353,0.0010300855397323663,3,10,50
Density-guided CNP (ours),cell17,1503.0,0.554362271865209,0.020420369030268396,0.0011058404104832738,3,10,50
Density-guided CNP (ours),cell17,1504.0,0.5617892005840937,0.017633470875673504,0.0009198845260979504,3,10,50
Density-guided CNP (ours),cell17,1505.0,0.571464282989502,0.015003198752577522,0.0006303954255300982,3,10,50
Density-guided CNP (ours),cell17,1506.0,0.5720464290777841,0.01733565786490264,0.0005348725739542339,3,10,50
Density-guided CNP (ours),cell17,1507.0,0.5723207447926204,0.015958411242914444,0.0005443337390688204,3,10,50
Density-guided CNP (ours),cell17,1508.0,0.5741104231278102,0.018305113555358556,0.0005271352259434533,3,10,50
Density-guided CNP (ours),cell17,1509.0,0.5701875390609106,0.018417724296734585,0.0006471765593893765,3,10,50
Density-guided CNP (ours),cell17,1510.0,0.5641319674452147,0.017320630103126008,0.001006045140085683,3,10,50
Density-guided CNP (ours),cell17,1511.0,0.5463574695388477,0.01967344920152239,0.0013030927507789664,3,10,50
Density-guided CNP (ours),cell17,1512.0,0.5209327495495478,0.025244524534231434,0.002080897758941714,3,10,50
Density-guided CNP (ours),cell17,1513.0,0.5140121180613835,0.0215734582110207,0.0023104452644944853,3,10,50
Density-guided CNP (ours),cell17,1514.0,0.5452502809762955,0.02427021163803227,0.001484139764706702,3,10,50
Density-guided CNP (ours),cell17,1515.0,0.5766901334921518,0.01750560784188206,0.000718651137839228,3,10,50
Density-guided CNP (ours),cell17,1516.0,0.5824333808024725,0.017444620807132966,0.000411637455206516,3,10,50
Density-guided CNP (ours),cell17,1517.0,0.5772478320995967,0.013685500359327592,0.00044160194351588116,3,10,50
Density-guided CNP (ours),cell17,1518.0,0.5741410517295201,0.01556324090973468,0.0006365360417607413,3,10,50
Density-guided CNP (ours),cell17,1519.0,0.5741388940413793,0.014434476749425232,0.0006285251999192343,3,10,50
Density-guided CNP (ours),cell17,1520.0,0.5663150916695595,0.015022638929366653,0.000776279569664539,3,10,50
Density-guided CNP (ours),cell17,1521.0,0.5658854937354724,0.019377710498476294,0.0008486860538342595,3,10,50
Density-guided CNP (ours),cell17,1522.0,0.5611807333230971,0.015499931989008515,0.0009432186837838792,3,10,50
Density-guided CNP (ours),cell17,1523.0,0.5626243815620741,0.01922059103144225,0.0008665138107975696,3,10,50
Density-guided CNP (ours),cell17,1524.0,0.5641786543528239,0.019815590700348544,0.0006759467267362937,3,10,50
Density-guided CNP (ours),cell17,1525.0,0.570517764687538,0.02064751876052537,0.0009318112164558765,3,10,50
Density-guided CNP (ours),cell17,1526.0,0.5675731964906057,0.016276634699103936,0.0006578167796076127,3,10,50
Density-guided CNP (ours),cell17,1527.0,0.5612344226638477,0.014782371659484338,0.0011815759957906607,3,10,50
Density-guided CNP (ours),cell17,1528.0,0.5603870576818784,0.018699976852900646,0.0009234576378816945,3,10,50
Density-guided CNP (ours),cell17,1529.0,0.5686707666317622,0.01587271910360651,0.0008931115283449502,3,10,50
Density-guided CNP (ours),cell17,1530.0,0.5663476074536641,0.014515397559850958,0.0008943047789356442,3,10,50
Density-guided CNP (ours),cell17,1531.0,0.5711293378273646,0.017772097790115966,0.0007882776714699162,3,10,50
Density-guided CNP (ours),cell17,1532.0,0.5788834637800852,0.01493750391221593,0.000558574062344482,3,10,50
Density-guided CNP (ours),cell17,1533.0,0.5817861785093943,0.016695676696488346,0.00042837670003277915,3,10,50
Density-guided CNP (ours),cell17,1534.0,0.5814071821769079,0.012088543088096256,0.0004819582616980322,3,10,50
Density-guided CNP (ours),cell17,1535.0,0.5823692068656285,0.016427366598909764,0.0004611332479759959,3,10,50
Density-guided CNP (ours),cell17,1536.0,0.577012645483017,0.016776331487763432,0.0005221300294318726,3,10,50
Density-guided CNP (ours),cell17,1537.0,0.5683401613235474,0.01513452047930232,0.0006896728602961192,3,10,50
Density-guided CNP (ours),cell17,1538.0,0.5709405533870062,0.01834660189596856,0.0007148525705604969,3,10,50
Density-guided CNP (ours),cell17,1539.0,0.5792713533242544,0.016275922499536445,0.00042751605282151015,3,10,50
Density-guided CNP (ours),cell17,1540.0,0.5864817571640014,0.018119049302720663,0.00041632272010010623,3,10,50
Density-guided CNP (ours),cell17,1541.0,0.5787603000005087,0.012993289180295556,0.0004581998090559046,3,10,50
Density-guided CNP (ours),cell17,1542.0,0.5699709791342419,0.017234315337363353,0.0008204103928286804,3,10,50
Density-guided CNP (ours),cell17,1543.0,0.5610708400408427,0.016126493540462312,0.0009308774258405139,3,10,50
Density-guided CNP (ours),cell17,1544.0,0.5628900590340296,0.018815919517799533,0.0010395407061140089,3,10,50
Density-guided CNP (ours),cell17,1545.0,0.563104209959507,0.017395980337678956,0.0010528968648963707,3,10,50
Density-guided CNP (ours),cell17,1546.0,0.5588250936667124,0.021526802324094974,0.001284777865019832,3,10,50
Density-guided CNP (ours),cell17,1547.0,0.5639698608318965,0.018543103303132726,0.0008058541221066868,3,10,50
Density-guided CNP (ours),cell17,1548.0,0.5718601899941761,0.014663561205912404,0.0006439110411750653,3,10,50
Density-guided CNP (ours),cell17,1549.0,0.5713227049708367,0.019561197186331016,0.0007195621772440069,3,10,50
Density-guided CNP (ours),cell17,1550.0,0.5734068293174107,0.01724160613543348,0.0006238264587886874,3,10,50
Density-guided CNP (ours),cell17,1551.0,0.575754602432251,0.01590938045713854,0.0007187935057226218,3,10,50
Density-guided CNP (ours),cell17,1552.0,0.5764636792739233,0.016216391927511634,0.0006832111818024144,3,10,50
Density-guided CNP (ours),cell17,1553.0,0.5813846799135208,0.015407725235205482,0.0004651083654899054,3,10,50
Density-guided CNP (ours),cell17,1554.0,0.5808872453769048,0.01718447041719361,0.00045865267826177583,3,10,50
Density-guided CNP (ours),cell17,1555.0,0.5829314640363057,0.01627526996229879,0.0003993949882580917,3,10,50
Density-guided CNP (ours),cell17,1556.0,0.573184956630071,0.018622046370646787,0.0007790877835299356,3,10,50
Density-guided CNP (ours),cell17,1557.0,0.5692905988693239,0.017018910285041544,0.0007260804068364335,3,10,50
Density-guided CNP (ours),cell17,1558.0,0.5747172916730244,0.019217795316170343,0.0006630615137237504,3,10,50
Density-guided CNP (ours),cell17,1559.0,0.5770504013498625,0.01828668357491448,0.0005810802353642212,3,10,50
Density-guided CNP (ours),cell17,1560.0,0.5715101399819057,0.017861843731603266,0.000647487360400168,3,10,50
Density-guided CNP (ours),cell17,1561.0,0.57308553814888,0.01725732639369703,0.0006764167623039309,3,10,50
Density-guided CNP (ours),cell17,1562.0,0.5689583674669266,0.018097814032489196,0.0006578669515133591,3,10,50
Density-guided CNP (ours),cell17,1563.0,0.5709527052243552,0.01610072882425746,0.0007695885866394491,3,10,50
Density-guided CNP (ours),cell17,1564.0,0.572499288280805,0.01788097609508076,0.0005488603637692647,3,10,50
Density-guided CNP (ours),cell17,1565.0,0.5740960346857706,0.02039586179122976,0.0005979921921995872,3,10,50
Density-guided CNP (ours),cell17,1566.0,0.5672954362034798,0.018894942194950026,0.0008756785798293274,3,10,50
Density-guided CNP (ours),cell17,1567.0,0.5713306244810422,0.017707301566120274,0.0006829581814360488,3,10,50
Density-guided CNP (ours),cell17,1568.0,0.5635471071799596,0.019243027842782586,0.0010953941873312785,3,10,50
Density-guided CNP (ours),cell17,1569.0,0.575454760591189,0.015683583815084313,0.0006498785090525245,3,10,50
Density-guided CNP (ours),cell17,1570.0,0.5791097966829936,0.01335485048164949,0.0003722719841182922,3,10,50
Density-guided CNP (ours),cell17,1571.0,0.5803300015131633,0.013340838188627694,0.00045338974807406304,3,10,50
Density-guided CNP (ours),cell17,1572.0,0.5795253798166912,0.017167645366510484,0.0005842700336694649,3,10,50
Density-guided CNP (ours),cell17,1573.0,0.5763236702680588,0.018051687149356024,0.0007026093328627215,3,10,50
Density-guided CNP (ours),cell17,1574.0,0.565801470975081,0.018834555213511,0.0011055354330402388,3,10,50
Density-guided CNP (ours),cell17,1575.0,0.5481157580812773,0.022897590966707924,0.0012663600259750904,3,10,50
Density-guided CNP (ours),cell17,1576.0,0.5498509857257207,0.019620381002538087,0.001357630702730788,3,10,50
Density-guided CNP (ours),cell17,1577.0,0.5608362266421317,0.01732824556881989,0.001077157714458291,3,10,50
Density-guided CNP (ours),cell17,1578.0,0.5647285630702973,0.014932372863701368,0.0008802071729924138,3,10,50
Density-guided CNP (ours),cell17,1579.0,0.5656984743277232,0.021129486706822354,0.0008869676473818086,3,10,50
Density-guided CNP (ours),cell17,1580.0,0.5629659013152123,0.01815795457585466,0.0008393054493405634,3,10,50
Density-guided CNP (ours),cell17,1581.0,0.566790478805701,0.01921144524309693,0.000844992307000845,3,10,50
Density-guided CNP (ours),cell17,1582.0,0.5608818262815476,0.016903712736039155,0.0009696893514983054,3,10,50
Density-guided CNP (ours),cell17,1583.0,0.5549566741983097,0.022033049303464287,0.0012485260243270113,3,10,50
Density-guided CNP (ours),cell17,1584.0,0.5499263169964155,0.019111906214573253,0.001412482076740889,3,10,50
Density-guided CNP (ours),cell17,1585.0,0.5608679249684015,0.020838327491832623,0.0011371062018279531,3,10,50
Density-guided CNP (ours),cell17,1586.0,0.5687703929344813,0.018943711524723905,0.0009332656747659233,3,10,50
Density-guided CNP (ours),cell17,1587.0,0.5623547168970108,0.021386017042262995,0.0008345363365281742,3,10,50
Density-guided CNP (ours),cell17,1588.0,0.5569902369777361,0.01984887508264701,0.0012058358390568769,3,10,50
Density-guided CNP (ours),cell17,1589.0,0.5467603597640992,0.023188239517088528,0.0015150539824742972,3,10,50
Density-guided CNP (ours),cell17,1590.0,0.5204671035210292,0.023832324951620024,0.002523515039346171,3,10,50
Density-guided CNP (ours),cell17,1591.0,0.8716158839464189,0.016198777089590985,0.001255183490509582,3,10,50
Density-guided CNP (ours),cell17,1592.0,0.8212117969592413,0.0013022121967688185,0.0019234709658067046,3,10,50
Density-guided CNP (ours),cell17,1593.0,0.8089911132256189,0.01716683022821751,0.0019175133223877667,3,10,50
Density-guided CNP (ours),cell17,1594.0,0.8169377576112747,0.01695554932738776,0.0008381669797189987,3,10,50
Density-guided CNP (ours),cell17,1595.0,0.5314362272222838,0.020959053807082628,0.002238299245845985,3,10,50
Density-guided CNP (ours),cell17,1596.0,0.5528237025737762,0.023874523736468683,0.0014407756095142464,3,10,50
Density-guided CNP (ours),cell17,1597.0,0.5640403304894764,0.020756878723747336,0.0009210618540267048,3,10,50
Density-guided CNP (ours),cell17,1598.0,0.5617351309458415,0.017933481458888064,0.0009337895387925133,3,10,50
Density-guided CNP (ours),cell17,1599.0,0.5633866973320644,0.019938786550137658,0.0009565187837227481,3,10,50
Density-guided CNP (ours),cell17,1600.0,0.5633890095949172,0.016215395244046988,0.0008363083136433562,3,10,50
Density-guided CNP (ours),cell17,1601.0,0.5651224722464879,0.019584918104590683,0.0008993308383633819,3,10,50
Density-guided CNP (ours),cell17,1602.0,0.5705654627879461,0.020525073373209975,0.0007731102862272138,3,10,50
Density-guided CNP (ours),cell17,1603.0,0.5708804935216903,0.02289130833076374,0.0007605976705241151,3,10,50
Density-guided CNP (ours),cell17,1604.0,0.5716491891940435,0.015562154206523626,0.0006699634056263698,3,10,50
Density-guided CNP (ours),cell17,1605.0,0.5672030036052068,0.019649842053124558,0.0009091010807658227,3,10,50
Density-guided CNP (ours),cell17,1606.0,0.5656285685300827,0.019544974348806626,0.0006804426235970619,3,10,50
Density-guided CNP (ours),cell17,1607.0,0.559873078862826,0.019872738278796584,0.001193324355407998,3,10,50
Density-guided CNP (ours),cell17,1608.0,0.5566077019373576,0.02167721472109281,0.0010603723251644377,3,10,50
Density-guided CNP (ours),cell17,1609.0,0.5591877889037132,0.024010579301937594,0.0010722776650633286,3,10,50
Density-guided CNP (ours),cell17,1610.0,0.5558938862284025,0.020617868859527717,0.0011591958966152428,3,10,50
Density-guided CNP (ours),cell17,1611.0,0.5578319801489512,0.019922628216882208,0.0010074762355204772,3,10,50
Density-guided CNP (ours),cell17,1612.0,0.5643828917741776,0.02102924986601174,0.0007832166494837889,3,10,50
Density-guided CNP (ours),cell17,1613.0,0.5702057699163755,0.016691370676917654,0.0007182811271985685,3,10,50
Density-guided CNP (ours),cell17,1614.0,0.568280399898688,0.018436458388031842,0.0008450917905999406,3,10,50
Density-guided CNP (ours),cell17,1615.0,0.564842852195104,0.020949295581462034,0.0009671348690464765,3,10,50
Density-guided CNP (ours),cell17,1616.0,0.5612807972033819,0.021380365116465228,0.0010754386548723401,3,10,50
Density-guided CNP (ours),cell17,1617.0,0.5459551692008972,0.023742931269847202,0.0013388771089476684,3,10,50
Density-guided CNP (ours),cell17,1618.0,0.5206149770418803,0.018788461055348496,0.0025041673882881467,3,10,50
Density-guided CNP (ours),cell17,1619.0,0.14119195142636698,0.03861480433197295,0.0016879600045800836,3,10,50
Density-guided CNP (ours),cell17,1620.0,0.22020673795541126,0.03601330198852715,0.0041082090312745245,3,10,50
Density-guided CNP (ours),cell17,1621.0,0.2713793444434802,0.04426465684966879,0.005072989010833774,3,10,50
Density-guided CNP (ours),cell17,1622.0,0.5918494035800298,0.01900431615036608,0.0017989284434508366,3,10,50
Density-guided CNP (ours),cell17,1623.0,0.5462269941965738,0.019147061853756208,0.001300412216288336,3,10,50
Density-guided CNP (ours),cell17,1624.0,0.5605457948644956,0.023132150183524793,0.001099582499022797,3,10,50
Density-guided CNP (ours),cell17,1625.0,0.5616847672263781,0.018948399133400795,0.0010159799421412567,3,10,50
Density-guided CNP (ours),cell17,1626.0,0.5640730531215667,0.02115900378261286,0.0008658543718878938,3,10,50
Density-guided CNP (ours),cell17,1627.0,0.5644896690050761,0.023363929594386275,0.0007213130878479494,3,10,50
Density-guided CNP (ours),cell17,1628.0,0.5634265992641448,0.020400654177577967,0.0009211105379607773,3,10,50
Density-guided CNP (ours),cell17,1629.0,0.5629778842131298,0.01507674418414662,0.000782044014758347,3,10,50
Density-guided CNP (ours),cell17,1630.0,0.5623784748514493,0.017967628438906015,0.0008105177501667375,3,10,50
Density-guided CNP (ours),cell17,1631.0,0.5602417089740435,0.020064549706167965,0.0009123388876617154,3,10,50
Density-guided CNP (ours),cell17,1632.0,0.5598684463302295,0.01866864827710741,0.0011692432144885189,3,10,50
Density-guided CNP (ours),cell17,1633.0,0.5541508964498837,0.020229571509982718,0.0012073025081046254,3,10,50
Density-guided CNP (ours),cell17,1634.0,0.558171871483326,0.026077154988390933,0.0011724239077190678,3,10,50
Density-guided CNP (ours),cell17,1635.0,0.5548258884549141,0.020566599664671392,0.0011362119059200964,3,10,50
Density-guided CNP (ours),cell17,1636.0,0.5490924478769302,0.018168017724746896,0.001074139696150796,3,10,50
Density-guided CNP (ours),cell17,1637.0,0.5463316551645597,0.019947386697612195,0.001469770574669049,3,10,50
Density-guided CNP (ours),cell17,1638.0,0.5495297455787659,0.02021704055160488,0.0012680326842238532,3,10,50
Density-guided CNP (ours),cell17,1639.0,0.5540280652244887,0.020437052857274436,0.00117832264509771,3,10,50
Density-guided CNP (ours),cell17,1640.0,0.5567750645875931,0.019261293166734927,0.0010438402356905123,3,10,50
Density-guided CNP (ours),cell17,1641.0,0.5562890046834946,0.02225582537175993,0.0010441151428659575,3,10,50
Density-guided CNP (ours),cell17,1642.0,0.559120023548603,0.02102367562029592,0.0010955679426860627,3,10,50
Density-guided CNP (ours),cell17,1643.0,0.5578717154661815,0.018691204061013135,0.0009634633188345497,3,10,50
Density-guided CNP (ours),cell17,1644.0,0.5596004532972972,0.02100845718290273,0.0008830262320218967,3,10,50
Density-guided CNP (ours),cell17,1645.0,0.559028879125913,0.019727716354175775,0.00091132205531006,3,10,50
Density-guided CNP (ours),cell17,1646.0,0.5519508556723595,0.023387316330147234,0.0011708019187347317,3,10,50
Density-guided CNP (ours),cell17,1647.0,0.5496185209552448,0.01781309398060517,0.0010737054535040452,3,10,50
Density-guided CNP (ours),cell17,1648.0,0.555786972184976,0.01869000253632668,0.0012027368870704408,3,10,50
Density-guided CNP (ours),cell17,1649.0,0.5548994269569715,0.023022096898177476,0.000995734451666881,3,10,50
Density-guided CNP (ours),cell17,1650.0,0.5508244015773137,0.020203591156371704,0.0010935766365353582,3,10,50
Density-guided CNP (ours),cell17,1651.0,0.5536615467270215,0.023159370526211105,0.000977873763237321,3,10,50
Density-guided CNP (ours),cell17,1652.0,0.5487818062305451,0.019122321275483325,0.0013916322780032579,3,10,50
Density-guided CNP (ours),cell17,1653.0,0.5482872832218806,0.019740796047307038,0.0014840982410779717,3,10,50
Density-guided CNP (ours),cell17,1654.0,0.5420258890589079,0.02038965502240134,0.0014676303271339817,3,10,50
Density-guided CNP (ours),cell17,1655.0,0.5456358988483747,0.018816800499554864,0.0014048998129627217,3,10,50
Density-guided CNP (ours),cell17,1656.0,0.5520092654426892,0.022384296108767222,0.0011025821375941507,3,10,50
Density-guided CNP (ours),cell17,1657.0,0.5525809374252955,0.017921880685887903,0.0014041320673065878,3,10,50
Density-guided CNP (ours),cell17,1658.0,0.5502492699424426,0.02041357832271231,0.001099739813759655,3,10,50
Density-guided CNP (ours),cell17,1659.0,0.5546471432447433,0.021243869676862436,0.001135956260148397,3,10,50
Density-guided CNP (ours),cell17,1660.0,0.5532699018319448,0.02345449613656754,0.0008735009157188426,3,10,50
Density-guided CNP (ours),cell17,1661.0,0.5529522102276484,0.02460818372797364,0.001106860900397095,3,10,50
Density-guided CNP (ours),cell17,1662.0,0.5553684403896332,0.021812615552140806,0.0009129784442367707,3,10,50
Density-guided CNP (ours),cell17,1663.0,0.5573361568848292,0.021788821651518506,0.0009092999296585418,3,10,50
Density-guided CNP (ours),cell17,1664.0,0.555627558986346,0.023263836117869512,0.0010626545744330201,3,10,50
Density-guided CNP (ours),cell17,1665.0,0.547504947801431,0.017547154610128516,0.0010793880179796403,3,10,50
Density-guided CNP (ours),cell17,1666.0,0.5496889354785283,0.020806800723856624,0.0012610177482976937,3,10,50
Density-guided CNP (ours),cell17,1667.0,0.5495077435771625,0.021582618826079675,0.0011320757301438186,3,10,50
Density-guided CNP (ours),cell17,1668.0,0.5482858412861824,0.02353977195516501,0.001385198206023866,3,10,50
Density-guided CNP (ours),cell17,1669.0,0.5404432122508686,0.01982659331777636,0.0017510397184770036,3,10,50
Density-guided CNP (ours),cell17,1670.0,0.5383945728341738,0.02459425165912283,0.0018638460279371209,3,10,50
Density-guided CNP (ours),cell17,1671.0,0.5452631388703982,0.018642576317747,0.0015104626013971046,3,10,50
Density-guided CNP (ours),cell17,1672.0,0.5493961344162623,0.015982822312558542,0.0012249807024566283,3,10,50
Density-guided CNP (ours),cell17,1673.0,0.5481148797074954,0.01949991481034738,0.0013910547100697845,3,10,50
Density-guided CNP (ours),cell17,1674.0,0.5479132741689683,0.02180502924533764,0.0012825230640707355,3,10,50
Density-guided CNP (ours),cell17,1675.0,0.55386702166001,0.01930983046460407,0.0008653759526294488,3,10,50
Density-guided CNP (ours),cell17,1676.0,0.5538660020629566,0.021836563928962622,0.0009879746474628186,3,10,50
Density-guided CNP (ours),cell17,1677.0,0.5484246494968731,0.022240650528782692,0.0010366175231719566,3,10,50
Density-guided CNP (ours),cell17,1678.0,0.5507214468518893,0.016449228544072166,0.001137532327208163,3,10,50
Density-guided CNP (ours),cell17,1679.0,0.5498470185399057,0.021556635274884946,0.0013966174557173226,3,10,50
Density-guided CNP (ours),cell17,1680.0,0.5468760165174803,0.018542060641895387,0.001213048362659709,3,10,50
Density-guided CNP (ours),cell17,1681.0,0.5456384288469951,0.020403151819346307,0.0013215809219877571,3,10,50
Density-guided CNP (ours),cell17,1682.0,0.5480228564341862,0.020088180484860614,0.0013118018314810115,3,10,50
Density-guided CNP (ours),cell17,1683.0,0.5490170645117759,0.018354418165748287,0.0010865826023306316,3,10,50
Density-guided CNP (ours),cell17,1684.0,0.553017858783404,0.018978832982949893,0.0010576452980716447,3,10,50
Density-guided CNP (ours),cell17,1685.0,0.5513720826705297,0.01972780701005904,0.0009298286239381413,3,10,50
Density-guided CNP (ours),cell17,1686.0,0.5518312614758809,0.019352003119925267,0.0010330014030320276,3,10,50
Density-guided CNP (ours),cell17,1687.0,0.550965750614802,0.02008238281502861,0.0011187519571769818,3,10,50
Density-guided CNP (ours),cell17,1688.0,0.5549458465774855,0.021360379521335293,0.0008432642096834878,3,10,50
Density-guided CNP (ours),cell17,1689.0,0.5494906692306201,0.016728390992798967,0.0009318600313453959,3,10,50
Density-guided CNP (ours),cell17,1690.0,0.5525893339316049,0.016537872352342088,0.0010059476701793637,3,10,50
Density-guided CNP (ours),cell17,1691.0,0.5516957896351814,0.019496045502556125,0.0009844585362274415,3,10,50
Density-guided CNP (ours),cell17,1692.0,0.5475660438140233,0.01912485749916861,0.0010424233535215788,3,10,50
Density-guided CNP (ours),cell17,1693.0,0.5487466526627541,0.016967864226425454,0.0012006135814710884,3,10,50
Density-guided CNP (ours),cell17,1694.0,0.5515693632364272,0.01785647384068669,0.0010723135726313047,3,10,50
Density-guided CNP (ours),cell17,1695.0,0.5521985838413238,0.019666081152327635,0.0010307080758445032,3,10,50
Density-guided CNP (ours),cell17,1696.0,0.5530323685208957,0.018585670630228153,0.001057198690727421,3,10,50
Density-guided CNP (ours),cell17,1697.0,0.5517260030110677,0.017017810044418998,0.0008150131901050857,3,10,50
Density-guided CNP (ours),cell17,1698.0,0.5553033939599992,0.018772012640773057,0.0008338759047750374,3,10,50
Density-guided CNP (ours),cell17,1699.0,0.5551940201322237,0.01737099530742548,0.0007009309275809948,3,10,50
Density-guided CNP (ours),cell17,1700.0,0.5475006696979204,0.017452327430352393,0.0013143462789394244,3,10,50
Density-guided CNP (ours),cell17,1701.0,0.5484509419202804,0.019067943002240628,0.0011990560119928472,3,10,50
Density-guided CNP (ours),cell17,1702.0,0.5514956202109654,0.014895334632583525,0.0010617627854317031,3,10,50
Density-guided CNP (ours),cell17,1703.0,0.5545097164909045,0.015989897002373653,0.0010204493755383997,3,10,50
Density-guided CNP (ours),cell17,1704.0,0.555577272216479,0.018392528318374776,0.0008228036372064247,3,10,50
Density-guided CNP (ours),cell17,1705.0,0.5502886399825414,0.019528639843090757,0.000952927395323321,3,10,50
Density-guided CNP (ours),cell17,1706.0,0.550240765452385,0.023002982780619137,0.0009619541483468457,3,10,50
Density-guided CNP (ours),cell17,1707.0,0.556106387813886,0.01652509767638858,0.0009430877194633947,3,10,50
Density-guided CNP (ours),cell17,1708.0,0.5508848963777225,0.020083309187597233,0.0009981176894751146,3,10,50
Density-guided CNP (ours),cell17,1709.0,0.5481029981970788,0.017418560260469416,0.001069776086585681,3,10,50
Density-guided CNP (ours),cell17,1710.0,0.5535938792228698,0.02084964233600005,0.0008466530976412355,3,10,50
Density-guided CNP (ours),cell17,1711.0,0.5526933904488881,0.017868680105959517,0.0008895892351814009,3,10,50
Density-guided CNP (ours),cell17,1712.0,0.5519283117254575,0.015009790360538561,0.0009073728174539575,3,10,50
Density-guided CNP (ours),cell17,1713.0,0.5553736575643221,0.018755423702640765,0.0009055626704414938,3,10,50
Density-guided CNP (ours),cell17,1714.0,0.5526439808805783,0.016258820763067363,0.0010584504054357397,3,10,50
Density-guided CNP (ours),cell17,1715.0,0.5473244689305624,0.01631619286057441,0.001148870709065751,3,10,50
Density-guided CNP (ours),cell17,1716.0,0.547211860815684,0.016876914133337785,0.0009881999085963977,3,10,50
Density-guided CNP (ours),cell17,1717.0,0.550576135913531,0.014834114438383767,0.0010322451332616018,3,10,50
Density-guided CNP (ours),cell17,1718.0,0.5482254877289137,0.016961779640565625,0.0009497014047178549,3,10,50
Density-guided CNP (ours),cell17,1719.0,0.5481761156519255,0.0175448592644872,0.00112896833590028,3,10,50
Density-guided CNP (ours),cell17,1720.0,0.549982381105423,0.01529216182788653,0.0009952342013541564,3,10,50
Density-guided CNP (ours),cell17,1721.0,0.5478372894128164,0.012419289803559847,0.0010191050156392388,3,10,50
Density-guided CNP (ours),cell17,1722.0,0.5519870615005493,0.020808736830861336,0.0009643426323051748,3,10,50
Density-guided CNP (ours),cell17,1723.0,0.5539968834718069,0.01612475706052796,0.0007520830685800569,3,10,50
Density-guided CNP (ours),cell17,1724.0,0.5548162813782692,0.017505964785645516,0.0007818732271127083,3,10,50
Density-guided CNP (ours),cell17,1725.0,0.5477141678531965,0.020072099653109056,0.0008053821222863393,3,10,50
Density-guided CNP (ours),cell17,1726.0,0.5518863756457965,0.013701704726455073,0.0009611553231524444,3,10,50
Density-guided CNP (ours),cell17,1727.0,0.5493634507457416,0.01916719397356013,0.0010243838249160092,3,10,50
Density-guided CNP (ours),cell17,1728.0,0.5503298943638802,0.012746474403278448,0.0011421606764467466,3,10,50
Density-guided CNP (ours),cell17,1729.0,0.5476292907396951,0.0158048114750712,0.0011049997278492374,3,10,50
Density-guided CNP (ours),cell17,1730.0,0.5485584785143535,0.015493850630959764,0.0009948632912671113,3,10,50
Density-guided CNP (ours),cell17,1731.0,0.5495713881850243,0.016590569781641452,0.0009216379079727319,3,10,50
Density-guided CNP (ours),cell17,1732.0,0.5495305139621098,0.016540758833337697,0.000907552309770549,3,10,50
Density-guided CNP (ours),cell17,1733.0,0.551445348660151,0.018149661494000005,0.0007318117582032245,3,10,50
Density-guided CNP (ours),cell17,1734.0,0.554893646021684,0.01576127911997674,0.0005140584446745954,3,10,50
Density-guided CNP (ours),cell17,1735.0,0.5547661961515744,0.01655708157396542,0.0005228835637981303,3,10,50
Density-guided CNP (ours),cell17,1736.0,0.5511085808078448,0.018242091953117517,0.0006434381216442211,3,10,50
Density-guided CNP (ours),cell17,1737.0,0.5527710311611493,0.015330352416851042,0.0007440803358908015,3,10,50
Density-guided CNP (ours),cell17,1738.0,0.5565648439129194,0.01600510921592869,0.0006430795602382701,3,10,50
Density-guided CNP (ours),cell17,1739.0,0.5527469039162001,0.01765760236848457,0.0008499127274993274,3,10,50
Density-guided CNP (ours),cell17,1740.0,0.5510441803733507,0.018186886738210006,0.0007352783929127077,3,10,50
Density-guided CNP (ours),cell17,1741.0,0.5500189792315165,0.013573005299236982,0.0008030719788644304,3,10,50
Density-guided CNP (ours),cell17,1742.0,0.5457544964154561,0.012292088545848895,0.0009703216757399258,3,10,50
Density-guided CNP (ours),cell17,1743.0,0.5478334464828173,0.014512948205458467,0.0010143405156718297,3,10,50
Density-guided CNP (ours),cell17,1744.0,0.5485673124790192,0.013679658853641447,0.0009687535518009361,3,10,50
Density-guided CNP (ours),cell17,1745.0,0.5414973227977753,0.01747378388978274,0.0014209151592336525,3,10,50
Density-guided CNP (ours),cell17,1746.0,0.5388924410939216,0.014891345716502337,0.0012352365612265464,3,10,50
Density-guided CNP (ours),cell17,1747.0,0.5456120207111042,0.015040649544842199,0.0011428639392484518,3,10,50
Density-guided CNP (ours),cell17,1748.0,0.5515705022414525,0.016615099140167438,0.0006566304010362854,3,10,50
Density-guided CNP (ours),cell17,1749.0,0.555468695362409,0.013357209591576399,0.0007310604316803068,3,10,50
Density-guided CNP (ours),cell17,1750.0,0.5535725423892339,0.016860862865078718,0.0004777375968395656,3,10,50
Density-guided CNP (ours),cell17,1751.0,0.5513142841657003,0.014938146003588173,0.0007301455450765469,3,10,50
Density-guided CNP (ours),cell17,1752.0,0.552503942211469,0.01518963133362897,0.0006104419233026174,3,10,50
Density-guided CNP (ours),cell17,1753.0,0.5535339699983597,0.016355993908951733,0.0006038185658385932,3,10,50
Density-guided CNP (ours),cell17,1754.0,0.554080655058225,0.01657852583078903,0.0005112836259775587,3,10,50
Density-guided CNP (ours),cell17,1755.0,0.5520542791088423,0.0167096760885817,0.0004737887374447488,3,10,50
Density-guided CNP (ours),cell17,1756.0,0.5527515873511634,0.01938389503395955,0.0007450079824589927,3,10,50
Density-guided CNP (ours),cell17,1757.0,0.5544632539153099,0.01643543100863144,0.0008567203170941276,3,10,50
Density-guided CNP (ours),cell17,1758.0,0.5544152193665505,0.016042416083694437,0.0009744252273582776,3,10,50
Density-guided CNP (ours),cell17,1759.0,0.553450119316578,0.01642633221738059,0.0006772678431486976,3,10,50
Density-guided CNP (ours),cell17,1760.0,0.5521601484417915,0.01590374103535926,0.0005237053853265236,3,10,50
Density-guided CNP (ours),cell17,1761.0,0.5510275350213051,0.01746036305858767,0.0003920348154634611,3,10,50
Density-guided CNP (ours),cell17,1762.0,0.5530379182895024,0.014452568605160036,0.0006709389750850717,3,10,50
Density-guided CNP (ours),cell17,1763.0,0.5520270128250123,0.013981720601296453,0.000619013539883378,3,10,50
Density-guided CNP (ours),cell17,1764.0,0.5534593776464463,0.012633569570996662,0.0006714010646653251,3,10,50
Density-guided CNP (ours),cell17,1765.0,0.5551513799826304,0.017502250202239725,0.0003780749302441909,3,10,50
Density-guided CNP (ours),cell17,1766.0,0.5509597772757212,0.015744436511943693,0.000531725269682695,3,10,50
Density-guided CNP (ours),cell17,1767.0,0.5512205348412197,0.013902131239148416,0.0007226567626930466,3,10,50
Density-guided CNP (ours),cell17,1768.0,0.5522745797634124,0.015285555940800732,0.0007012554173827188,3,10,50
Density-guided CNP (ours),cell17,1769.0,0.554084402024746,0.013269204264020952,0.0006019691679528598,3,10,50
Density-guided CNP (ours),cell17,1770.0,0.5532186143994332,0.01529083125124905,0.0006167110752040781,3,10,50
Density-guided CNP (ours),cell17,1771.0,0.5520795035560925,0.010815741672316583,0.0005035397580368117,3,10,50
Density-guided CNP (ours),cell17,1772.0,0.5531119841337203,0.017359300642288383,0.0005675125158860119,3,10,50
Density-guided CNP (ours),cell17,1773.0,0.5510055128335952,0.013312076598085289,0.0005883556769834225,3,10,50
Density-guided CNP (ours),cell17,1774.0,0.5522981615662574,0.013857811419717694,0.0008567159634944203,3,10,50
Density-guided CNP (ours),cell17,1775.0,0.5502642435232799,0.012778959918003208,0.0007960377845433095,3,10,50
Density-guided CNP (ours),cell17,1776.0,0.5541701391736666,0.012988559379477228,0.0006239219569556293,3,10,50
Density-guided CNP (ours),cell17,1777.0,0.5510714154640833,0.014332437578657885,0.0006752155669047423,3,10,50
Density-guided CNP (ours),cell17,1778.0,0.5539311076402664,0.01661999026332634,0.0006829452453151211,3,10,50
Density-guided CNP (ours),cell17,1779.0,0.5512338249484698,0.015437567929404962,0.0006376123136631619,3,10,50
Density-guided CNP (ours),cell17,1780.0,0.5504313371181488,0.014862051112371131,0.0007231742322550795,3,10,50
Density-guided CNP (ours),cell17,1781.0,0.5515119762818018,0.012416634379244092,0.00042562931673358794,3,10,50
Density-guided CNP (ours),cell17,1782.0,0.5531844911774,0.015743129503197967,0.0005031343199481448,3,10,50
Density-guided CNP (ours),cell17,1783.0,0.5518926032384237,0.01837388995822759,0.00029912851427028875,3,10,50
Density-guided CNP (ours),cell17,1784.0,0.5497255952556928,0.01414403067690232,0.00038841322459850423,3,10,50
Density-guided CNP (ours),cell17,1785.0,0.5516015907327334,0.01686449574264734,0.0004690121060092656,3,10,50
Density-guided CNP (ours),cell17,1786.0,0.5553049829602242,0.013549314872969622,0.000662565776939112,3,10,50
Density-guided CNP (ours),cell17,1787.0,0.5525145328243574,0.015572161161769394,0.0004956254299404487,3,10,50
Density-guided CNP (ours),cell17,1788.0,0.5522276327212652,0.016534622045402583,0.0006406974697318809,3,10,50
Density-guided CNP (ours),cell17,1789.0,0.5511292533278466,0.017015718203259467,0.0006449982667907345,3,10,50
Density-guided CNP (ours),cell17,1790.0,0.5521075983047484,0.016139101597123527,0.0006322963865349535,3,10,50
Density-guided CNP (ours),cell17,1791.0,0.5556906675100327,0.01464827235665631,0.0005582828976413023,3,10,50
Density-guided CNP (ours),cell17,1792.0,0.551107263882955,0.014453041120295818,0.0005916728689725719,3,10,50
Density-guided CNP (ours),cell17,1793.0,0.552301481048266,0.015100866849044466,0.0007775942005547716,3,10,50
Density-guided CNP (ours),cell17,1794.0,0.5536004119714101,0.015404658396505521,0.0005292430737071535,3,10,50
Density-guided CNP (ours),cell17,1795.0,0.548566539724668,0.014634803992671109,0.000761825124913296,3,10,50
Density-guided CNP (ours),cell17,1796.0,0.5516480863690375,0.014552234700053292,0.0005395667446754541,3,10,50
Density-guided CNP (ours),cell17,1797.0,0.5516995880206425,0.015660115043960032,0.0005367405335120337,3,10,50
Density-guided CNP (ours),cell17,1798.0,0.5501615121563276,0.015452570099204956,0.0004415834802007036,3,10,50
Density-guided CNP (ours),cell17,1799.0,0.5512371703187625,0.015092522024741815,0.0004053640162630808,3,10,50
Density-guided CNP (ours),cell17,1800.0,0.5526589252352716,0.016017380490399153,0.000470097365450895,3,10,50
Density-guided CNP (ours),cell17,1801.0,0.5553239657481512,0.012782486792681678,0.0005487950023274424,3,10,50
Density-guided CNP (ours),cell17,1802.0,0.551766503671805,0.013315404401198513,0.0003083132444575496,3,10,50
Density-guided CNP (ours),cell17,1803.0,0.5516212442119915,0.013273756888045348,0.0003861687535644007,3,10,50
Density-guided CNP (ours),cell17,1804.0,0.5531315405964851,0.01574487436115206,0.0004209462333453686,3,10,50
Density-guided CNP (ours),cell17,1805.0,0.5549799222151438,0.013408961368490313,0.0005656380036509701,3,10,50
Density-guided CNP (ours),cell17,1806.0,0.5534499708414078,0.01257734256996886,0.0005404222415528199,3,10,50
Density-guided CNP (ours),cell17,1807.0,0.5520139629642169,0.014540412433624422,0.0007120190757230919,3,10,50
Density-guided CNP (ours),cell17,1808.0,0.5521994086901346,0.01491542514457962,0.0004889961406063828,3,10,50
Density-guided CNP (ours),cell17,1809.0,0.5523698924779893,0.0151868092744563,0.00048233171150903345,3,10,50
Density-guided CNP (ours),cell17,1810.0,0.5457645249764124,0.0147434156068353,0.00032102881839265134,3,10,50
Density-guided CNP (ours),cell17,1811.0,0.546339994152387,0.014713241320305727,0.00035040154043851547,3,10,50
Density-guided CNP (ours),cell17,1812.0,0.552217921435833,0.011264347414556604,0.00048971106604399,3,10,50
Density-guided CNP (ours),cell17,1813.0,0.5493562909563382,0.015030796950520354,0.0007309013937693004,3,10,50
Density-guided CNP (ours),cell17,1814.0,0.5535724409023922,0.010889676884807015,0.0005520776685094484,3,10,50
Density-guided CNP (ours),cell17,1815.0,0.5512753832737605,0.011553044610308958,0.000522994830525246,3,10,50
Density-guided CNP (ours),cell17,1816.0,0.549558612426122,0.013380128817555447,0.0006605100703208194,3,10,50
Density-guided CNP (ours),cell17,1817.0,0.5488512945175171,0.014065025287430557,0.0006059792267503724,3,10,50
Density-guided CNP (ours),cell17,1818.0,0.5512171730399132,0.01727092558031639,0.0005261090561463665,3,10,50
Density-guided CNP (ours),cell17,1819.0,0.5516103129386902,0.01445596433481129,0.0003880617592648087,3,10,50
Density-guided CNP (ours),cell17,1820.0,0.5458818485736847,0.015750504027685925,0.0004176716241355201,3,10,50
Density-guided CNP (ours),cell17,1821.0,0.5471724036534628,0.011652330566445485,0.0002895960989116732,3,10,50
Density-guided CNP (ours),cell17,1822.0,0.5491057180364926,0.01498809868093432,0.00045368225518386466,3,10,50
Density-guided CNP (ours),cell17,1823.0,0.5506432966788609,0.01028390458058122,0.0005382228595533672,3,10,50
Density-guided CNP (ours),cell17,1824.0,0.5512617148558299,0.011038468122445265,0.0005417250843050537,3,10,50
Density-guided CNP (ours),cell17,1825.0,0.5526890478134154,0.01315314699359853,0.0005255709394755596,3,10,50
Density-guided CNP (ours),cell17,1826.0,0.5520871537129084,0.015323055945025862,0.0004631460236043986,3,10,50
Density-guided CNP (ours),cell17,1827.0,0.5493055765827497,0.01462396872603877,0.0005987120782334367,3,10,50
Density-guided CNP (ours),cell17,1828.0,0.5515112742582957,0.01123510990174179,0.00031594421687133065,3,10,50
Density-guided CNP (ours),cell17,1829.0,0.5487858603795369,0.018725148252063662,0.00038527065729441774,3,10,50
Density-guided CNP (ours),cell17,1830.0,0.5489777076045672,0.01574373551102155,0.0003820058012732347,3,10,50
Density-guided CNP (ours),cell17,1831.0,0.5455299102663993,0.013044082718393227,0.00027831312557108145,3,10,50
Density-guided CNP (ours),cell17,1832.0,0.5462651223142942,0.01619329098582477,0.0003235477842204653,3,10,50
Density-guided CNP (ours),cell17,1833.0,0.5469393242597579,0.012578358050176229,0.0002591545234093388,3,10,50
Density-guided CNP (ours),cell17,1834.0,0.5476240687966346,0.013074801123613415,0.00046202025979566534,3,10,50
Density-guided CNP (ours),cell17,1835.0,0.5489475622574488,0.011289720184185462,0.000465251313788307,3,10,50
Density-guided CNP (ours),cell17,1836.0,0.5481039976676306,0.013515156945469538,0.0005601274822748631,3,10,50
Density-guided CNP (ours),cell17,1837.0,0.5475008507569631,0.009954421714145888,0.00044385186926908194,3,10,50
Density-guided CNP (ours),cell17,1838.0,0.5480472649335861,0.016407196477439146,0.0003619809726877893,3,10,50
Density-guided CNP (ours),cell17,1839.0,0.5481686487793923,0.015088718768508315,0.0003560668286775922,3,10,50
Density-guided CNP (ours),cell17,1840.0,0.5477733189066251,0.015133511876211796,0.0003549859058688683,3,10,50
Density-guided CNP (ours),cell17,1841.0,0.5475775983730952,0.009942340291619863,0.000313374031777981,3,10,50
Density-guided CNP (ours),cell17,1842.0,0.5472761882344882,0.015997467081865058,0.00036715293188904725,3,10,50
Density-guided CNP (ours),cell17,1843.0,0.5451473893920581,0.013317952662413035,0.00035832598700773406,3,10,50
Density-guided CNP (ours),cell17,1844.0,0.5469183613061905,0.011453188628293283,0.00025329935581683874,3,10,50
Density-guided CNP (ours),cell17,1845.0,0.547399447719256,0.014052304973801269,0.00042904146279394706,3,10,50
Density-guided CNP (ours),cell17,1846.0,0.5456706878145535,0.011248762142496777,0.0003749670392543917,3,10,50
Density-guided CNP (ours),cell17,1847.0,0.5441516249974568,0.014145280555019448,0.0003199300935370424,3,10,50
Density-guided CNP (ours),cell17,1848.0,0.543714793284734,0.010890283269675635,0.0002692548712382476,3,10,50
Density-guided CNP (ours),cell17,1849.0,0.5458522173563639,0.012514270926610881,0.00037063424293186766,3,10,50
Density-guided CNP (ours),cell17,1850.0,0.5452966277599335,0.01025821230162902,0.000337815825549839,3,10,50
Density-guided CNP (ours),cell17,1851.0,0.5465643082658449,0.014250010005438319,0.0005295623206486747,3,10,50
Density-guided CNP (ours),cell17,1852.0,0.5443841999570528,0.010623461363874138,0.00035224162163384503,3,10,50
Density-guided CNP (ours),cell17,1853.0,0.5471240459283192,0.011699285939934152,0.00041188508044537244,3,10,50
Density-guided CNP (ours),cell17,1854.0,0.5470921855370204,0.01635117632260551,0.00042301018193616414,3,10,50
Density-guided CNP (ours),cell17,1855.0,0.5471256102323532,0.016186353693885394,0.0004125371352308822,3,10,50
Density-guided CNP (ours),cell17,1856.0,0.5455602465669315,0.013334943464877281,0.0005040385137120506,3,10,50
Density-guided CNP (ours),cell17,1857.0,0.5399822645386061,0.011396979254362428,0.00029735615635475036,3,10,50
Density-guided CNP (ours),cell17,1858.0,0.5390518982807796,0.01511081456256845,0.00036975807830553223,3,10,50
Density-guided CNP (ours),cell17,1859.0,0.5403531703948975,0.013941849824698909,0.0002545613380960637,3,10,50
Density-guided CNP (ours),cell17,1860.0,0.539342218975226,0.012542423760310886,0.0003353746366775612,3,10,50
Density-guided CNP (ours),cell17,1861.0,0.5430323987404505,0.009266883650987054,0.0005123794645324652,3,10,50
Density-guided CNP (ours),cell17,1862.0,0.5420171391169231,0.01358969785131399,0.00033109464709426786,3,10,50
Density-guided CNP (ours),cell17,1863.0,0.5381115948557854,0.015064277478175373,0.00019020236726613484,3,10,50
Density-guided CNP (ours),cell17,1864.0,0.5396455609997113,0.014014922392044736,0.00022074453024877058,3,10,50
Density-guided CNP (ours),cell17,1865.0,0.5405733965635301,0.011314376406146541,0.00037040237863393907,3,10,50
Density-guided CNP (ours),cell17,1866.0,0.5436352026661236,0.012868938437540124,0.000421116962123375,3,10,50
Density-guided CNP (ours),cell17,1867.0,0.5417560647328695,0.012202640702444669,0.00038855814182136753,3,10,50
Density-guided CNP (ours),cell17,1868.0,0.5395897366801897,0.010896428643346641,0.0002705279893141101,3,10,50
Density-guided CNP (ours),cell17,1869.0,0.5384888386527696,0.014406085104473892,0.00031930832662062906,3,10,50
Density-guided CNP (ours),cell17,1870.0,0.5371846999327342,0.011090916172993617,0.00024955622972143497,3,10,50
Density-guided CNP (ours),cell17,1871.0,0.5338689709703127,0.010529110644652107,0.00022137484449937777,3,10,50
Density-guided CNP (ours),cell17,1872.0,0.5352881599466006,0.01342099892456294,0.0003158311814628382,3,10,50
Density-guided CNP (ours),cell17,1873.0,0.5386430716315905,0.013232940486111877,0.0003233128218978016,3,10,50
Density-guided CNP (ours),cell17,1874.0,0.5372961309949557,0.011265835126354543,0.0003415146628414492,3,10,50
Density-guided CNP (ours),cell17,1875.0,0.5321976978977522,0.01113940821644354,0.0003345462481482136,3,10,50
Density-guided CNP (ours),cell17,1876.0,0.5378273870944977,0.013073642093925841,0.0002890906297473565,3,10,50
Density-guided CNP (ours),cell17,1877.0,0.5366386891206106,0.012199438287019478,0.00035790006456837725,3,10,50
Density-guided CNP (ours),cell17,1878.0,0.5375241889556248,0.007472985063677823,0.0002706459641773828,3,10,50
Density-guided CNP (ours),cell17,1879.0,0.5397836667497952,0.011083575066636521,0.00038463556746477014,3,10,50
Density-guided CNP (ours),cell17,1880.0,0.5419354911446571,0.011177069549044879,0.0005133963519789842,3,10,50
Density-guided CNP (ours),cell17,1881.0,0.5401255497336388,0.010016071818426685,0.0003498659318281947,3,10,50
Density-guided CNP (ours),cell17,1882.0,0.5432631896336874,0.011124593559114361,0.00042658365083906793,3,10,50
Density-guided CNP (ours),cell17,1883.0,0.5410874909758568,0.012134567774198845,0.0005080969655049237,3,10,50
Density-guided CNP (ours),cell17,1884.0,0.5383260645071666,0.009780404653994454,0.0003194472050796625,3,10,50
Density-guided CNP (ours),cell17,1885.0,0.5357935218016306,0.013964647022745328,0.00040200685295644235,3,10,50
Density-guided CNP (ours),cell17,1886.0,0.5364647321105004,0.01259162886864058,0.0003449065644827371,3,10,50
Density-guided CNP (ours),cell17,1887.0,0.5410852758288384,0.01167902445428371,0.0006341957174658756,3,10,50
Density-guided CNP (ours),cell17,1888.0,0.5414598591725032,0.010491993576215997,0.00044813272099791167,3,10,50
Density-guided CNP (ours),cell17,1889.0,0.5382275869647662,0.011013300388522692,0.0004655333152890475,3,10,50
Density-guided CNP (ours),cell17,1890.0,0.5383916922211647,0.007373388118004039,0.00029782658870678905,3,10,50
Density-guided CNP (ours),cell17,1891.0,0.5349727163712185,0.014178581545472158,0.00039940587158692744,3,10,50
Density-guided CNP (ours),cell17,1892.0,0.5359861740867297,0.01030576457450423,0.0004009513823136645,3,10,50
Density-guided CNP (ours),cell17,1893.0,0.5351067469914753,0.014782681311539881,0.00028573453831311137,3,10,50
Density-guided CNP (ours),cell17,1894.0,0.5365939744710922,0.009088456600142984,0.00035607123902606225,3,10,50
Density-guided CNP (ours),cell17,1895.0,0.5329985526800155,0.012610145044282046,0.00028555444035628115,3,10,50
Density-guided CNP (ours),cell17,1896.0,0.5342614077727,0.011925956847227335,0.0003554437024294376,3,10,50
Density-guided CNP (ours),cell17,1897.0,0.5369693615436554,0.011163648145126121,0.0003840992344661573,3,10,50
Density-guided CNP (ours),cell17,1898.0,0.5334632572134336,0.009797421978351196,0.0004399225768528816,3,10,50
Density-guided CNP (ours),cell17,1899.0,0.5316892659862836,0.010094435080850698,0.0004310983841112616,3,10,50
Density-guided CNP (ours),cell17,1900.0,0.5320348658561705,0.009382503112849562,0.000233718755967088,3,10,50
Density-guided CNP (ours),cell17,1901.0,0.531492153942585,0.012883198157053742,0.000485794135716143,3,10,50
Density-guided CNP (ours),cell17,1902.0,0.5323325239419937,0.011924413174721713,0.00040947694963245116,3,10,50
Density-guided CNP (ours),cell17,1903.0,0.5304682284593581,0.009613903031486045,0.00036781349436967826,3,10,50
Density-guided CNP (ours),cell17,1904.0,0.5349718004862468,0.01096410240439233,0.00038491705781405717,3,10,50
Density-guided CNP (ours),cell17,1905.0,0.5339814397096634,0.008821569492003257,0.0004269374671904405,3,10,50
Density-guided CNP (ours),cell17,1906.0,0.5328428696990013,0.00936084449264662,0.00028754852504712675,3,10,50
Density-guided CNP (ours),cell17,1907.0,0.5285168725649516,0.01314495071055549,0.00031601909613566346,3,10,50
Density-guided CNP (ours),cell17,1908.0,0.5301460761626561,0.009976512945545215,0.0002974560817903879,3,10,50
Density-guided CNP (ours),cell17,1909.0,0.5312977671027183,0.0059842057789925894,0.0005460714771443165,3,10,50
Density-guided CNP (ours),cell17,1910.0,0.5351554704507191,0.012441840733021289,0.0006112141607503598,3,10,50
Density-guided CNP (ours),cell17,1911.0,0.5336694285472234,0.009742076191887739,0.00044754219746008647,3,10,50
Density-guided CNP (ours),cell17,1912.0,0.5285706076224645,0.009015869755049494,0.00030130112817560036,3,10,50
Density-guided CNP (ours),cell17,1913.0,0.5231862657467524,0.01202473810474425,0.00030627616009722554,3,10,50
Density-guided CNP (ours),cell17,1914.0,0.5254770914713541,0.007803843477615045,0.00032040704499665206,3,10,50
Density-guided CNP (ours),cell17,1915.0,0.5250077582001685,0.010242341259655549,0.00034649501300136897,3,10,50
Density-guided CNP (ours),cell17,1916.0,0.5220516439477602,0.009491354214368395,0.0003262430443477587,3,10,50
Density-guided CNP (ours),cell17,1917.0,0.5263779906630517,0.01043707142772769,0.00032338827655853993,3,10,50
Density-guided CNP (ours),cell17,1918.0,0.5279813000957171,0.009664684760235426,0.0003367809496056427,3,10,50
Density-guided CNP (ours),cell17,1919.0,0.5283826035062472,0.011216843904453312,0.00038558644321152867,3,10,50
Density-guided CNP (ours),cell17,1920.0,0.5261815989216169,0.009422237232191004,0.00033211924468835364,3,10,50
Density-guided CNP (ours),cell17,1921.0,0.5224299719333649,0.011441288966395062,0.00035599771090419796,3,10,50
Density-guided CNP (ours),cell17,1922.0,0.5181835908691088,0.01117378454499405,0.0002802994220070093,3,10,50
Density-guided CNP (ours),cell17,1923.0,0.5191276000738144,0.011015934904089,0.00026164183805297533,3,10,50
Density-guided CNP (ours),cell17,1924.0,0.5193899802565575,0.0057276498962811635,0.00027087696036461024,3,10,50
Density-guided CNP (ours),cell17,1925.0,0.5182878979245822,0.010692314484810684,0.00035609206766655863,3,10,50
Density-guided CNP (ours),cell17,1926.0,0.5254878731568654,0.00845003151781207,0.0003307963903381238,3,10,50
Density-guided CNP (ours),cell17,1927.0,0.5273328992525737,0.009261267047025915,0.0004986625530396927,3,10,50
Density-guided CNP (ours),cell17,1928.0,0.5252561179598173,0.010301636117401172,0.0003522361718748636,3,10,50
Density-guided CNP (ours),cell17,1929.0,0.525991451005141,0.013612670048773583,0.0004344256769288155,3,10,50
Density-guided CNP (ours),cell17,1930.0,0.5238468341628711,0.007785063471030578,0.00026086321230598124,3,10,50
Density-guided CNP (ours),cell17,1931.0,0.5204369738101958,0.010819358342919078,0.000249039361777421,3,10,50
Density-guided CNP (ours),cell17,1932.0,0.5160394635995228,0.009517989249319864,0.00023126618032133248,3,10,50
Density-guided CNP (ours),cell17,1933.0,0.5150475978056589,0.01090200764846274,0.0003770364684087461,3,10,50
Density-guided CNP (ours),cell17,1934.0,0.5164373371799785,0.006676582698760144,0.0003570731031336557,3,10,50
Density-guided CNP (ours),cell17,1935.0,0.5199749959707259,0.012904848110942927,0.00026475378946195816,3,10,50
Density-guided CNP (ours),cell17,1936.0,0.522686972161134,0.009908644936255555,0.000415025041727651,3,10,50
Density-guided CNP (ours),cell17,1937.0,0.5213780548969905,0.008757203371554,0.00040148267428267314,3,10,50
Density-guided CNP (ours),cell17,1938.0,0.5218446075916291,0.011167500313577161,0.00034896381357620406,3,10,50
Density-guided CNP (ours),cell17,1939.0,0.5126454043189685,0.008831014943924926,0.00025896847345361257,3,10,50
Density-guided CNP (ours),cell17,1940.0,0.5161801737348238,0.013346780639742827,0.00020193293868156145,3,10,50
Density-guided CNP (ours),cell17,1941.0,0.5213150813976923,0.009449969240466432,0.0003336771243071937,3,10,50
Density-guided CNP (ours),cell17,1942.0,0.5202546379168829,0.008336017159843261,0.0003191945464435041,3,10,50
Density-guided CNP (ours),cell17,1943.0,0.5208245786229769,0.0068240313542204944,0.0004455083690807044,3,10,50
Density-guided CNP (ours),cell17,1944.0,0.5189723801016807,0.009643037080482019,0.00034355357664531475,3,10,50
Density-guided CNP (ours),cell17,1945.0,0.5199738508661588,0.005622849277854302,0.00020692017750738412,3,10,50
Density-guided CNP (ours),cell17,1946.0,0.5188812495470048,0.0069144958174498115,0.0003303687972600673,3,10,50
Density-guided CNP (ours),cell17,1947.0,0.5192827560702961,0.009233427070653869,0.0003284241787622764,3,10,50
Density-guided CNP (ours),cell17,1948.0,0.5142949105501176,0.010212593662440105,0.0003417575891177709,3,10,50
Density-guided CNP (ours),cell17,1949.0,0.5154723780949911,0.009299666207851715,0.00028586705763376157,3,10,50
Density-guided CNP (ours),cell17,1950.0,0.5149782969355583,0.010977398464257741,0.0003247131846533803,3,10,50
Density-guided CNP (ours),cell17,1951.0,0.5133844104210535,0.014858506401433763,0.00029615293806701533,3,10,50
Density-guided CNP (ours),cell17,1952.0,0.5115752571821214,0.010856321269339034,0.0003560695794902062,3,10,50
Density-guided CNP (ours),cell17,1953.0,0.5107600026925404,0.006965701619179566,0.0002970161093993714,3,10,50
Density-guided CNP (ours),cell17,1954.0,0.5092480954527855,0.012171188712750552,0.00022488544254107637,3,10,50
Density-guided CNP (ours),cell17,1955.0,0.5065397727489471,0.010665965949577208,0.00027180663387568277,3,10,50
Density-guided CNP (ours),cell17,1956.0,0.5081696596542994,0.012939102172903345,0.0002577481417029445,3,10,50
Density-guided CNP (ours),cell17,1957.0,0.5062327153285345,0.005744424056288797,0.000242013954068746,3,10,50
Density-guided CNP (ours),cell17,1958.0,0.5107236327330271,0.012042971374973028,0.0003400313952822689,3,10,50
Density-guided CNP (ours),cell17,1959.0,0.5142801699638366,0.006797888205217017,0.000340858572800872,3,10,50
Density-guided CNP (ours),cell17,1960.0,0.5140528155962627,0.011044761412616426,0.00046078739184945397,3,10,50
Density-guided CNP (ours),cell17,1961.0,0.511361075838407,0.008804437939782524,0.0003282055333469881,3,10,50
Density-guided CNP (ours),cell17,1962.0,0.5076345439751943,0.009802751438968313,0.00023661901844341146,3,10,50
Density-guided CNP (ours),cell17,1963.0,0.5059335016210875,0.008989439916151257,0.00018957808438537361,3,10,50
Density-guided CNP (ours),cell17,1964.0,0.5029712542096774,0.007946267368881297,0.0003029855496607513,3,10,50
Density-guided CNP (ours),cell17,1965.0,0.5026356786290804,0.008184116497003168,0.0002173250581862168,3,10,50
Density-guided CNP (ours),cell17,1966.0,0.5073549580176672,0.009304829106307626,0.00019958035238336935,3,10,50
Density-guided CNP (ours),cell17,1967.0,0.5087814713319143,0.007577634972033141,0.0003191346258717902,3,10,50
Density-guided CNP (ours),cell17,1968.0,0.511486530482769,0.010149654921464728,0.00034944340968300454,3,10,50
Density-guided CNP (ours),cell17,1969.0,0.50629712810119,0.011710233513688212,0.00037957683941180267,3,10,50
Density-guided CNP (ours),cell17,1970.0,0.507295282582442,0.009857867005150445,0.00027471762826544716,3,10,50
Density-guided CNP (ours),cell17,1971.0,0.5056412363052368,0.010440638418206857,0.000387387097588782,3,10,50
Density-guided CNP (ours),cell17,1972.0,0.5046767814954122,0.009681541110552385,0.00029644062977351223,3,10,50
Density-guided CNP (ours),cell17,1973.0,0.5080840188860893,0.005192511298913793,0.00034139719426866025,3,10,50
Density-guided CNP (ours),cell17,1974.0,0.5117853274742762,0.006406389450661126,0.0004405606229539224,3,10,50
Density-guided CNP (ours),cell17,1975.0,0.5101240865389506,0.011840778312124893,0.00048541219768010753,3,10,50
Density-guided CNP (ours),cell17,1976.0,0.5065313122471173,0.005374163881798445,0.00022750668295130528,3,10,50
Density-guided CNP (ours),cell17,1977.0,0.5017636583248775,0.008344190503365117,0.0003445497203661998,3,10,50
Density-guided CNP (ours),cell17,1978.0,0.5074062624176344,0.01032260889346023,0.00032494041809326304,3,10,50
Density-guided CNP (ours),cell17,1979.0,0.5065472940206527,0.008415303430309738,0.0002532511611655634,3,10,50
Density-guided CNP (ours),cell17,1980.0,0.5018665086428324,0.00849467122231595,0.0002635771293336719,3,10,50
Density-guided CNP (ours),cell17,1981.0,0.5017694918910663,0.006105373926206242,0.0002538696858253702,3,10,50
Density-guided CNP (ours),cell17,1982.0,0.5022108878890673,0.007288727205480575,0.0003475966854167004,3,10,50
Density-guided CNP (ours),cell17,1983.0,0.503259364147981,0.010800276431651133,0.000357660254213392,3,10,50
Density-guided CNP (ours),cell17,1984.0,0.5003707453012467,0.007780430255039281,0.00032359375975337187,3,10,50
Density-guided CNP (ours),cell17,1985.0,0.4976095937490464,0.009030977362766559,0.00025326495703700456,3,10,50
Density-guided CNP (ours),cell17,1986.0,0.49871026279528935,0.010365209429146312,0.0002910009899745746,3,10,50
Density-guided CNP (ours),cell17,1987.0,0.5009044209718704,0.004698385897702259,0.00033670971468978834,3,10,50
Density-guided CNP (ours),cell17,1988.0,0.5020699903964997,0.010244994309731588,0.00034324384104023314,3,10,50
Density-guided CNP (ours),cell17,1989.0,0.5031596689820289,0.008708722916018615,0.0003205835935757472,3,10,50
Density-guided CNP (ours),cell17,1990.0,0.5025247852802277,0.008055596800236531,0.00037616112725050713,3,10,50
Density-guided CNP (ours),cell17,1991.0,0.5038659846584003,0.008207214612855427,0.0005123058246205699,3,10,50
Density-guided CNP (ours),cell17,1992.0,0.5015474230845768,0.011097187608319382,0.00038227097682386364,3,10,50
Density-guided CNP (ours),cell17,1993.0,0.4949835726817449,0.0068073859272260295,0.0002050558037335441,3,10,50
Density-guided CNP (ours),cell17,1994.0,0.4949857631723087,0.007998346063871018,0.0001980869115031698,3,10,50
Density-guided CNP (ours),cell17,1995.0,0.4936285223762195,0.01073133956052468,0.0002930870437189734,3,10,50
Density-guided CNP (ours),cell17,1996.0,0.4982833979725838,0.009411166372429287,0.00032996355302312665,3,10,50
Density-guided CNP (ours),cell17,1997.0,0.496896516998609,0.006300242286357159,0.00039727994034273575,3,10,50
Density-guided CNP (ours),cell17,1998.0,0.49761575826009113,0.007357665369854885,0.00024647917528421403,3,10,50
Density-guided CNP (ours),cell17,1999.0,0.49531912529468536,0.007439028585640314,0.0003864968821659474,3,10,50
Density-guided CNP (ours),cell17,2000.0,0.49752565509080887,0.009834154195822566,0.00048678316954075293,3,10,50
Density-guided CNP (ours),cell17,2001.0,0.4985181082487106,0.0074978759397445836,0.0005701299966550019,3,10,50
Density-guided CNP (ours),cell17,2002.0,0.4999836288293203,0.007723438992375467,0.000443044212586405,3,10,50
Density-guided CNP (ours),cell17,2003.0,0.4975097046097119,0.011811523906409176,0.0002722204543941453,3,10,50
Density-guided CNP (ours),cell17,2004.0,0.49208164858818054,0.006999595244483001,0.0002236081775197617,3,10,50
Density-guided CNP (ours),cell17,2005.0,0.49330466169118886,0.011355227565451268,0.00035401623406053183,3,10,50
Density-guided CNP (ours),cell17,2006.0,0.4969262858430545,0.012277526256877827,0.0004287097626353075,3,10,50
Density-guided CNP (ours),cell17,2007.0,0.4969644261002541,0.006686531275933274,0.00042121654174705355,3,10,50
Density-guided CNP (ours),cell17,2008.0,0.4940407803058624,0.00918428530082565,0.000405187792176279,3,10,50
Density-guided CNP (ours),cell17,2009.0,0.49670236386855443,0.007363416845545104,0.00040235251559069137,3,10,50
Density-guided CNP (ours),cell17,2010.0,0.49789675853649773,0.01126642211589059,0.00037967565443228457,3,10,50
Density-guided CNP (ours),cell17,2011.0,0.49165900250275935,0.010798391618691087,0.00025487010742278847,3,10,50
Density-guided CNP (ours),cell17,2012.0,0.48862680747111636,0.008596154147916837,0.0002286721178233611,3,10,50
Density-guided CNP (ours),cell17,2013.0,0.4898208457827568,0.008209123299857688,0.00023554436139624794,3,10,50
Density-guided CNP (ours),cell17,2014.0,0.49248974366982784,0.00985965236439731,0.00026885701209326823,3,10,50
Density-guided CNP (ours),cell17,2015.0,0.4917860856254896,0.010691687915563158,0.00021107460490947484,3,10,50
Density-guided CNP (ours),cell17,2016.0,0.49055940814812976,0.008822428841437163,0.00021916577464746882,3,10,50
Density-guided CNP (ours),cell17,2017.0,0.49497296883662534,0.010649133354000202,0.0003104786490274655,3,10,50
Density-guided CNP (ours),cell17,2018.0,0.490990131119887,0.009138507050125469,0.00046696179643416336,3,10,50
Density-guided CNP (ours),cell17,2019.0,0.4930655422210693,0.011462862324165782,0.0004992369926067969,3,10,50
Density-guided CNP (ours),cell17,2020.0,0.49401919939120614,0.011175471613608722,0.0005178666523155171,3,10,50
Density-guided CNP (ours),cell17,2021.0,0.4940759511391322,0.01208214387403862,0.0005078455181631549,3,10,50
Density-guided CNP (ours),cell17,2022.0,0.4902943173646926,0.012949954293625192,0.000460792830130603,3,10,50
Density-guided CNP (ours),cell17,2023.0,0.4936039679050446,0.009334408833626583,0.0003871103553583488,3,10,50
Density-guided CNP (ours),cell17,2024.0,0.49095874043305715,0.009464353453705025,0.0003202973075111103,3,10,50
Density-guided CNP (ours),cell17,2025.0,0.4906155885855357,0.01015435629383369,0.00023145202014934082,3,10,50
Density-guided CNP (ours),cell17,2026.0,0.4866685250202815,0.008344361063459297,0.00030624382545928045,3,10,50
Density-guided CNP (ours),cell17,2027.0,0.4887397478818894,0.008675845519767878,0.00032762078897103747,3,10,50
Density-guided CNP (ours),cell17,2028.0,0.48933762518564866,0.009316139962541688,0.0003999637042051735,3,10,50
Density-guided CNP (ours),cell17,2029.0,0.4902196587920189,0.006171452759609986,0.00029046423005662326,3,10,50
Density-guided CNP (ours),cell17,2030.0,0.4879192645549774,0.0073015058056417155,0.0003760660845361394,3,10,50
Density-guided CNP (ours),cell17,2031.0,0.4897866170406342,0.0068879093469728465,0.00040413680586787285,3,10,50
Density-guided CNP (ours),cell17,2032.0,0.4894154371023178,0.0090720001454342,0.0005962878424372195,3,10,50
Density-guided CNP (ours),cell17,2033.0,0.48898890088001884,0.011491232250672516,0.0003064113424076365,3,10,50
Density-guided CNP (ours),cell17,2034.0,0.4875125736991565,0.007842384291718272,0.0003200968170858562,3,10,50
Density-guided CNP (ours),cell17,2035.0,0.4860840818683306,0.008868602288555927,0.0004337916351182531,3,10,50
Density-guided CNP (ours),cell17,2036.0,0.48800661108891163,0.008162395210490175,0.00037944015948206166,3,10,50
Density-guided CNP (ours),cell17,2037.0,0.48874843978881843,0.011573296783974238,0.0004412648332627279,3,10,50
Density-guided CNP (ours),cell17,2038.0,0.48946265445152926,0.006595867594803148,0.00042981617373471153,3,10,50
Density-guided CNP (ours),cell17,2039.0,0.4909725220402082,0.009495896784445247,0.00041413697109557516,3,10,50
Density-guided CNP (ours),cell17,2040.0,0.48885597586631774,0.01084265249973217,0.00034241429417611585,3,10,50
Density-guided CNP (ours),cell17,2041.0,0.48841636248429615,0.00982243898720492,0.0004153899478163952,3,10,50
Density-guided CNP (ours),cell17,2042.0,0.48689165385564165,0.012908142125873656,0.000503893687573853,3,10,50
Density-guided CNP (ours),cell17,2043.0,0.48844762257734936,0.011891900079698179,0.0005253885261524609,3,10,50
Density-guided CNP (ours),cell17,2044.0,0.4892205889225007,0.011445582051421791,0.0004887833198983257,3,10,50
Density-guided CNP (ours),cell17,2045.0,0.48717189695437746,0.009405937819271586,0.00043204339517100417,3,10,50
Density-guided CNP (ours),cell17,2046.0,0.48686164555946987,0.0110658466371982,0.0003266826812246126,3,10,50
Density-guided CNP (ours),cell17,2047.0,0.48629906823237734,0.010295727061591781,0.00025689396836314657,3,10,50
Density-guided CNP (ours),cell17,2048.0,0.484211455365022,0.007497051406178437,0.0004288373262026094,3,10,50
Density-guided CNP (ours),cell17,2049.0,0.4833980928063393,0.008088253543586308,0.000346942803396135,3,10,50
Density-guided CNP (ours),cell17,2050.0,0.4806587593555451,0.01125343062724104,0.0002760676353071136,3,10,50
Density-guided CNP (ours),cell17,2051.0,0.4872369527022043,0.01017754681422432,0.0004331284251272055,3,10,50
Density-guided CNP (ours),cell17,2052.0,0.48706578862667077,0.011454464019144649,0.00043878625436884574,3,10,50
Density-guided CNP (ours),cell17,2053.0,0.48780021615823116,0.010963016803946518,0.00040840653847011246,3,10,50
Density-guided CNP (ours),cell17,2054.0,0.48531269743045163,0.010537117380880172,0.00037896635617325664,3,10,50
Density-guided CNP (ours),cell17,2055.0,0.48637183503309894,0.012562810282464372,0.0005098091636766188,3,10,50
Density-guided CNP (ours),cell17,2056.0,0.4827212020754814,0.012183451168400514,0.0004237412666406247,3,10,50
Density-guided CNP (ours),cell17,2057.0,0.48494221101204554,0.010748961728407022,0.00045177799142899895,3,10,50
Density-guided CNP (ours),cell17,2058.0,0.4870043481985727,0.00870130824813095,0.00032148656165376755,3,10,50
Density-guided CNP (ours),cell17,2059.0,0.48343334372838337,0.011007849048577082,0.00029821840977416517,3,10,50
Density-guided CNP (ours),cell17,2060.0,0.4849857322176297,0.011015495214507105,0.0003594418967029581,3,10,50
Density-guided CNP (ours),cell17,2061.0,0.4833497215310733,0.010865472092626172,0.0003018752691428917,3,10,50
Density-guided CNP (ours),cell17,2062.0,0.48596194219589234,0.008472772338875997,0.00028859962842981026,3,10,50
Density-guided CNP (ours),cell17,2063.0,0.48635456504424407,0.012290618113403127,0.0003735248469299521,3,10,50
Density-guided CNP (ours),cell17,2064.0,0.48565140753984454,0.013540054694983955,0.00033347398672159954,3,10,50
Density-guided CNP (ours),cell17,2065.0,0.4866724904378255,0.012333036091513143,0.0003432052284885742,3,10,50
Density-guided CNP (ours),cell17,2066.0,0.48282963019609454,0.012971689188457763,0.00038445585231020805,3,10,50
Density-guided CNP (ours),cell17,2067.0,0.4863554481665293,0.008145004801104494,0.0005404648981493487,3,10,50
Density-guided CNP (ours),cell17,2068.0,0.48252461075782765,0.011675175307578648,0.0004351665446086128,3,10,50
Density-guided CNP (ours),cell17,2069.0,0.48565434465805685,0.014209730323234646,0.0002995764461176402,3,10,50
Density-guided CNP (ours),cell17,2070.0,0.4845268552104633,0.01206895035315531,0.00041183058153414047,3,10,50
Density-guided CNP (ours),cell17,2071.0,0.4847076044082641,0.013774493108735169,0.0003758098497573135,3,10,50
Density-guided CNP (ours),cell17,2072.0,0.48281279410918554,0.012342883238051801,0.0003906708957701108,3,10,50
Density-guided CNP (ours),cell17,2073.0,0.48577902925014493,0.015968436230165133,0.00043545831875644713,3,10,50
Density-guided CNP (ours),cell17,2074.0,0.48738227015733715,0.016026025171094072,0.00035100263105572894,3,10,50
Density-guided CNP (ours),cell17,2075.0,0.48520890116691584,0.01419088658585992,0.0003965011039043487,3,10,50
Density-guided CNP (ours),cell17,2076.0,0.4866368301113447,0.014075011742476542,0.000417360406158091,3,10,50
Density-guided CNP (ours),cell17,2077.0,0.48598210207621256,0.009453649035858202,0.0005252870518287969,3,10,50
Density-guided CNP (ours),cell17,2078.0,0.4841767112016678,0.013984059620967961,0.00044550739755570227,3,10,50
Density-guided CNP (ours),cell17,2079.0,0.4847657391627629,0.010236076874445419,0.0004295015718845797,3,10,50
Density-guided CNP (ours),cell17,2080.0,0.48712464396158855,0.011285576220926205,0.00035142025797988975,3,10,50
Density-guided CNP (ours),cell17,2081.0,0.4844406968752543,0.012197294825873584,0.00025953544809426945,3,10,50
Density-guided CNP (ours),cell17,2082.0,0.48586098438501363,0.00939762041947098,0.0005095577217519883,3,10,50
Density-guided CNP (ours),cell17,2083.0,0.4844871212442716,0.011057717378568635,0.0005426749809976832,3,10,50
Density-guided CNP (ours),cell17,2084.0,0.4848411804238955,0.012848504574076535,0.0003940409100165669,3,10,50
Density-guided CNP (ours),cell17,2085.0,0.48451940302054086,0.017890863063039386,0.0005446498829187025,3,10,50
Density-guided CNP (ours),cell17,2086.0,0.4849982487360636,0.014000981622958096,0.000594250585710857,3,10,50
Density-guided CNP (ours),cell17,2087.0,0.48575977142651877,0.01246052772271968,0.000549071889175346,3,10,50
Density-guided CNP (ours),cell17,2088.0,0.4864842093189558,0.014372955613239041,0.0004354453545257141,3,10,50
Density-guided CNP (ours),cell17,2089.0,0.48573267430067063,0.010599215752875526,0.00046537259769363084,3,10,50
Density-guided CNP (ours),cell17,2090.0,0.4837445294658343,0.013052187132324587,0.0004232101884464562,3,10,50
Density-guided CNP (ours),cell17,2091.0,0.4873557541767757,0.012573868095296389,0.0005992639287703635,3,10,50
Density-guided CNP (ours),cell17,2092.0,0.48592645810047785,0.014097477696251377,0.0004116574663944824,3,10,50
Density-guided CNP (ours),cell17,2093.0,0.4844823544025421,0.014469602051778383,0.0003126886040884295,3,10,50
Density-guided CNP (ours),cell17,2094.0,0.48896728501717246,0.013016669500836407,0.00035320404863633457,3,10,50
Density-guided CNP (ours),cell17,2095.0,0.4865299879709879,0.016566497328576135,0.0003714227198477411,3,10,50
Density-guided CNP (ours),cell17,2096.0,0.4843736135363579,0.0110133033266383,0.0004930142778173892,3,10,50
Density-guided CNP (ours),cell17,2097.0,0.4881001398960749,0.012466955127660101,0.0005462574965286207,3,10,50
Density-guided CNP (ours),cell17,2098.0,0.4867200293342273,0.013448965210949829,0.0006412861484271481,3,10,50
Density-guided CNP (ours),cell17,2099.0,0.48157994470993676,0.015553926915865834,0.0007757540242386415,3,10,50
Density-guided CNP (ours),cell17,2100.0,0.48034014471371966,0.01293467796826138,0.0007169004952480175,3,10,50
Density-guided CNP (ours),cell17,2101.0,0.4165902076164882,0.012682078940257392,0.001252430431297489,3,10,50
Density-guided CNP (ours),cell17,2102.0,0.14959275175631045,0.00865145867469282,0.0014342558446116384,3,10,50
Density-guided CNP (ours),cell17,2103.0,0.14439552698036034,0.008584220508861203,0.0011894853758674633,3,10,50
Density-guided CNP (ours),cell17,2104.0,0.1602795329093933,0.009202324601502731,0.0012083867937680908,3,10,50
Density-guided CNP (ours),cell17,2105.0,0.20600760746995608,0.014541847922276722,0.00111634877191199,3,10,50
Density-guided CNP (ours),cell17,2106.0,0.4698879815737407,0.01812680407909339,0.00095050394808533,3,10,50
Density-guided CNP (ours),cell17,2107.0,0.4795833268761635,0.01721624756786897,0.0006629765363485913,3,10,50
Density-guided CNP (ours),cell17,2108.0,0.48098905048767726,0.0168234460928587,0.0007382688249034465,3,10,50
Density-guided CNP (ours),cell17,2109.0,0.4821148495078087,0.015910933715175532,0.0007980355916945309,3,10,50
Density-guided CNP (ours),cell17,2110.0,0.48376303100585943,0.015312676852533319,0.0006348319460401227,3,10,50
Density-guided CNP (ours),cell17,2111.0,0.48765808675686523,0.018336565002961734,0.0005708850288519341,3,10,50
Density-guided CNP (ours),cell17,2112.0,0.4897432782451312,0.014892489997218534,0.0005802429863228535,3,10,50
Density-guided CNP (ours),cell17,2113.0,0.48900525297721226,0.013160824013596209,0.0006007388940351806,3,10,50
Density-guided CNP (ours),cell17,2114.0,0.48709758635361994,0.01616032765430439,0.0005228347105110471,3,10,50
Density-guided CNP (ours),cell17,2115.0,0.48808699667453775,0.011925307456449347,0.000650396463145739,3,10,50
Density-guided CNP (ours),cell17,2116.0,0.4891506447792053,0.011900077899540168,0.000539167810713284,3,10,50
Density-guided CNP (ours),cell17,2117.0,0.4899691084424654,0.014881896849070524,0.00048746001464511503,3,10,50
Density-guided CNP (ours),cell17,2118.0,0.4882105730772019,0.016381370254474337,0.0005677640941008799,3,10,50
Density-guided CNP (ours),cell17,2119.0,0.4871752442916235,0.013430617624822267,0.0006030218222950947,3,10,50
Density-guided CNP (ours),cell17,2120.0,0.4927442046801249,0.013383961284589616,0.0005716626048797654,3,10,50
Density-guided CNP (ours),cell17,2121.0,0.48932153612375257,0.014978670571149382,0.0006648351663204171,3,10,50
Density-guided CNP (ours),cell17,2122.0,0.4901019639174143,0.015313871070483305,0.00068983080419186,3,10,50
Density-guided CNP (ours),cell17,2123.0,0.4878860675493876,0.017981837302207586,0.0007405932744595892,3,10,50
Density-guided CNP (ours),cell17,2124.0,0.48983330019315074,0.014943411788024209,0.0006100009873938909,3,10,50
Density-guided CNP (ours),cell17,2125.0,0.4894154890775681,0.015392181972477607,0.000619843001558711,3,10,50
Density-guided CNP (ours),cell17,2126.0,0.49034222139914824,0.013988842390140086,0.0007050862400159432,3,10,50
Density-guided CNP (ours),cell17,2127.0,0.4905640314420065,0.011375087404585834,0.0005388988509310886,3,10,50
Density-guided CNP (ours),cell17,2128.0,0.4897165804306667,0.01580900125404252,0.0005229661763036684,3,10,50
Density-guided CNP (ours),cell17,2129.0,0.49388239610195156,0.017331959585140805,0.00043925883255775054,3,10,50
Density-guided CNP (ours),cell17,2130.0,0.4917418591777483,0.016865026284291807,0.0006050545651288475,3,10,50
Density-guided CNP (ours),cell17,2131.0,0.49250739498933155,0.017629934699891592,0.0006453694381374185,3,10,50
Density-guided CNP (ours),cell17,2132.0,0.49136934238672253,0.01332893047029367,0.0006247921118817506,3,10,50
Density-guided CNP (ours),cell17,2133.0,0.4919694122870763,0.019386020453059868,0.0006779327926824696,3,10,50
Density-guided CNP (ours),cell17,2134.0,0.492650523463885,0.014961687954946876,0.0004890320772046477,3,10,50
Density-guided CNP (ours),cell17,2135.0,0.4929407546917597,0.01338773765855611,0.0005119408648141484,3,10,50
Density-guided CNP (ours),cell17,2136.0,0.4949705847700437,0.01692445914917306,0.0006284746484933895,3,10,50
Density-guided CNP (ours),cell17,2137.0,0.493881484190623,0.016087872748142884,0.0006304698559391298,3,10,50
Density-guided CNP (ours),cell17,2138.0,0.4923131319085757,0.013806920386312703,0.000677835866490362,3,10,50
Density-guided CNP (ours),cell17,2139.0,0.49083121252059936,0.014681151993042485,0.0006740296511729974,3,10,50
Density-guided CNP (ours),cell17,2140.0,0.490823959628741,0.014242603098630796,0.0007401451166656842,3,10,50
Density-guided CNP (ours),cell17,2141.0,0.4958518178065618,0.014913182103743393,0.0005926332785316769,3,10,50
Density-guided CNP (ours),cell17,2142.0,0.4949886626203855,0.01917821410153262,0.0008109284375347133,3,10,50
Density-guided CNP (ours),cell17,2143.0,0.4940434225400289,0.017865455454747887,0.0006742804822544739,3,10,50
Density-guided CNP (ours),cell17,2144.0,0.4962161657015483,0.018105876690728242,0.0005509253529574447,3,10,50
Density-guided CNP (ours),cell17,2145.0,0.4936015648245811,0.015056325384120675,0.0006421168814910367,3,10,50
Density-guided CNP (ours),cell17,2146.0,0.497530588110288,0.01703268387464991,0.0006365125297919123,3,10,50
Density-guided CNP (ours),cell17,2147.0,0.4932179335157076,0.015508104861158981,0.0005816880825644631,3,10,50
Density-guided CNP (ours),cell17,2148.0,0.4975327338774999,0.018473547164969528,0.0005635196077253342,3,10,50
Density-guided CNP (ours),cell17,2149.0,0.4948247617483139,0.015260660898746654,0.0004596902859741396,3,10,50
Density-guided CNP (ours),cell17,2150.0,0.4965612518986066,0.01783899624576765,0.00045128740126359427,3,10,50
Density-guided CNP (ours),cell17,2151.0,0.49684438021977745,0.016478568429572793,0.0005092811264428956,3,10,50
Density-guided CNP (ours),cell17,2152.0,0.49663159400224677,0.015999727552210997,0.0007722884288451746,3,10,50
Density-guided CNP (ours),cell17,2153.0,0.4950611129601797,0.015238445438101753,0.000649922718378146,3,10,50
Density-guided CNP (ours),cell17,2154.0,0.49455240859587984,0.015607623971502334,0.0007193763665333189,3,10,50
Density-guided CNP (ours),cell17,2155.0,0.49765663313865655,0.01460864657365473,0.0005628624851507476,3,10,50
Density-guided CNP (ours),cell17,2156.0,0.4991384078462919,0.015363542923963884,0.0007252300074120723,3,10,50
Density-guided CNP (ours),cell17,2157.0,0.5004619776805243,0.020013922987738766,0.0006955750872803204,3,10,50
Density-guided CNP (ours),cell17,2158.0,0.4963243018190066,0.015024272958788075,0.0007598451469763989,3,10,50
Density-guided CNP (ours),cell17,2159.0,0.4978214178085327,0.013668166018447503,0.0006675255473242674,3,10,50
Density-guided CNP (ours),cell17,2160.0,0.49530877721309663,0.01932157598947297,0.000738563072621666,3,10,50
Density-guided CNP (ours),cell17,2161.0,0.4988514111240705,0.015681427551389664,0.0006845211946568371,3,10,50
Density-guided CNP (ours),cell17,2162.0,0.4994007321794827,0.016518396046372584,0.0005271751802689781,3,10,50
Density-guided CNP (ours),cell17,2163.0,0.4992090212305387,0.013531997811804149,0.00047383114057457306,3,10,50
Density-guided CNP (ours),cell17,2164.0,0.5043177564144135,0.01806812859560768,0.0006046904342562228,3,10,50
Density-guided CNP (ours),cell17,2165.0,0.5018838990330695,0.018840555469659535,0.0007253069308561071,3,10,50
Density-guided CNP (ours),cell17,2166.0,0.5027311516404152,0.019050557766589666,0.0005805986459335959,3,10,50
Density-guided CNP (ours),cell17,2167.0,0.5011564532518387,0.017828331259156133,0.0007429327146661864,3,10,50
Density-guided CNP (ours),cell17,2168.0,0.5014193791349729,0.01832776053574973,0.0007382514383113201,3,10,50
Density-guided CNP (ours),cell17,2169.0,0.5022239516576131,0.017956007324836144,0.0006967263523339889,3,10,50
Density-guided CNP (ours),cell17,2170.0,0.5024249273339908,0.015074514470783264,0.0005703060630455446,3,10,50
Density-guided CNP (ours),cell17,2171.0,0.5061333217620848,0.01850314131127686,0.0006662792906087131,3,10,50
Density-guided CNP (ours),cell17,2172.0,0.5048329407374064,0.01844727185173698,0.0006145928807162892,3,10,50
Density-guided CNP (ours),cell17,2173.0,0.5035909134745599,0.019809367814634434,0.0009137718130595153,3,10,50
Density-guided CNP (ours),cell17,2174.0,0.5026622167627018,0.017374284086251777,0.0009300227150164167,3,10,50
Density-guided CNP (ours),cell17,2175.0,0.5060482091108958,0.01841966515698171,0.0008077709380631547,3,10,50
Density-guided CNP (ours),cell17,2176.0,0.5083455437024434,0.01544842060629877,0.0004999587262959959,3,10,50
Density-guided CNP (ours),cell17,2177.0,0.5045051174759866,0.0167181359298787,0.0005896603740860882,3,10,50
Density-guided CNP (ours),cell17,2178.0,0.5082301758527755,0.022671693113509084,0.0006574839986310862,3,10,50
Density-guided CNP (ours),cell17,2179.0,0.5059541383186976,0.015933685115671142,0.0009150855209612203,3,10,50
Density-guided CNP (ours),cell17,2180.0,0.5030200435916582,0.02169881109786697,0.0006680336073645316,3,10,50
Density-guided CNP (ours),cell17,2181.0,0.5056205881436666,0.018954737883496622,0.0006650820238760049,3,10,50
Density-guided CNP (ours),cell17,2182.0,0.5071409878532092,0.017518456973940586,0.0007175791751284616,3,10,50
Density-guided CNP (ours),cell17,2183.0,0.5043257049123446,0.017411962561789514,0.0007675588928124458,3,10,50
Density-guided CNP (ours),cell17,2184.0,0.5088187796076139,0.021226408154860456,0.0006718074204026168,3,10,50
Density-guided CNP (ours),cell17,2185.0,0.5056522970000903,0.016637661157251408,0.0007925654100462446,3,10,50
Density-guided CNP (ours),cell17,2186.0,0.5073021734356881,0.01974291396355816,0.0008661237689820416,3,10,50
Density-guided CNP (ours),cell17,2187.0,0.5109780254960059,0.015411350985356741,0.0008031737458791995,3,10,50
Density-guided CNP (ours),cell17,2188.0,0.5092682369351386,0.017522272144589762,0.0007093275579352166,3,10,50
Density-guided CNP (ours),cell17,2189.0,0.5081028175354003,0.020471178472836873,0.000736264961742903,3,10,50
Density-guided CNP (ours),cell17,2190.0,0.5054521077076594,0.018121203724668092,0.0007399316666453114,3,10,50
Density-guided CNP (ours),cell17,2191.0,0.5088913362026214,0.015265877762868515,0.000793072691007798,3,10,50
Density-guided CNP (ours),cell17,2192.0,0.5091724944909414,0.018907457642628668,0.0011539269906883224,3,10,50
Density-guided CNP (ours),cell17,2193.0,0.5087067410151164,0.019434793633585308,0.0011748537326633514,3,10,50
Density-guided CNP (ours),cell17,2194.0,0.5114746953050294,0.019617370818433826,0.0008789057071670077,3,10,50
Density-guided CNP (ours),cell17,2195.0,0.5117027039130528,0.019086497794273904,0.0008983749362313432,3,10,50
Density-guided CNP (ours),cell17,2196.0,0.5123364790479342,0.017190707442895522,0.0009810184606478228,3,10,50
Density-guided CNP (ours),cell17,2197.0,0.5132570781906446,0.020182943310263976,0.0009251256943490138,3,10,50
Density-guided CNP (ours),cell17,2198.0,0.5091774830619494,0.020531192249665597,0.0007334745656109483,3,10,50
Density-guided CNP (ours),cell17,2199.0,0.5098255456089974,0.016653144617154683,0.0008025792723333982,3,10,50
Density-guided CNP (ours),cell17,2200.0,0.5151279605627059,0.02032606861261809,0.0005693447907316795,3,10,50
Density-guided CNP (ours),cell17,2201.0,0.5145138054291408,0.016797183358494228,0.0008992527576233675,3,10,50
Density-guided CNP (ours),cell17,2202.0,0.5146671813130378,0.01604242004311917,0.000834132814564445,3,10,50
Density-guided CNP (ours),cell17,2203.0,0.5130605019728343,0.01696968578777743,0.0007501634354129911,3,10,50
Density-guided CNP (ours),cell17,2204.0,0.5150715092619259,0.017666350990570633,0.0006894061165827857,3,10,50
Density-guided CNP (ours),cell17,2205.0,0.5129029058615368,0.01881074225241092,0.0008675519349253887,3,10,50
Density-guided CNP (ours),cell17,2206.0,0.5128037001291911,0.016660198735969148,0.000882654666167533,3,10,50
Density-guided CNP (ours),cell17,2207.0,0.5139185541470845,0.018187640676157024,0.0008991412234547344,3,10,50
Density-guided CNP (ours),cell17,2208.0,0.5146724761923155,0.01311679446354469,0.0007116370130638459,3,10,50
Density-guided CNP (ours),cell17,2209.0,0.5155871962110201,0.01861425294304485,0.0008427365698051525,3,10,50
Density-guided CNP (ours),cell17,2210.0,0.5159133553703626,0.018511273751261395,0.0007838809127674769,3,10,50
Density-guided CNP (ours),cell17,2211.0,0.5120670210719108,0.018395842601557234,0.0009953542719756136,3,10,50
Density-guided CNP (ours),cell17,2212.0,0.5125637437502544,0.018392213148900192,0.0010394009630549075,3,10,50
Density-guided CNP (ours),cell17,2213.0,0.5123309375842412,0.013370574945807078,0.0009400993976555286,3,10,50
Density-guided CNP (ours),cell17,2214.0,0.5141485907236735,0.017123350489498063,0.0008387340494677258,3,10,50
Density-guided CNP (ours),cell17,2215.0,0.5175126359462737,0.01791537256824456,0.0007964652459389151,3,10,50
Density-guided CNP (ours),cell17,2216.0,0.5158634486595789,0.016360408399010533,0.0009506311895697214,3,10,50
Density-guided CNP (ours),cell17,2217.0,0.5178218183120092,0.021813164195522775,0.0009788149102793167,3,10,50
Density-guided CNP (ours),cell17,2218.0,0.5205063482920328,0.01658608535547811,0.000805812953738732,3,10,50
Density-guided CNP (ours),cell17,2219.0,0.5213781202038129,0.015450457077617519,0.0007067865835684349,3,10,50
Density-guided CNP (ours),cell17,2220.0,0.516046891629696,0.016456821449923484,0.0007869609041367904,3,10,50
Density-guided CNP (ours),cell17,2221.0,0.5218040437698365,0.015228271228969513,0.000685685491604112,3,10,50
Density-guided CNP (ours),cell17,2222.0,0.51863566639026,0.01869050437714623,0.0008028662983162777,3,10,50
Density-guided CNP (ours),cell17,2223.0,0.5188038124044737,0.01622002070243799,0.0007905277801921722,3,10,50
Density-guided CNP (ours),cell17,2224.0,0.5212655866940815,0.01677799565081763,0.0007442618057472138,3,10,50
Density-guided CNP (ours),cell17,2225.0,0.519600982884566,0.01580331123388481,0.0007174358633047608,3,10,50
Density-guided CNP (ours),cell17,2226.0,0.5218801015814146,0.01909024598240307,0.0007952479264920426,3,10,50
Density-guided CNP (ours),cell17,2227.0,0.5219973955949148,0.01832724121835448,0.0009789626893808758,3,10,50
Density-guided CNP (ours),cell17,2228.0,0.5229915606776874,0.017881045901394763,0.0009814085345936014,3,10,50
Density-guided CNP (ours),cell17,2229.0,0.5205982773303987,0.016942457465928092,0.0008746256552301457,3,10,50
Density-guided CNP (ours),cell17,2230.0,0.5222148348689081,0.018178308790404156,0.000879908581902848,3,10,50
Density-guided CNP (ours),cell17,2231.0,0.5197621843417486,0.017661141061990723,0.0007977963783792733,3,10,50
Density-guided CNP (ours),cell17,2232.0,0.5201427832047144,0.01990630278862286,0.0008885818404117417,3,10,50
Density-guided CNP (ours),cell17,2233.0,0.5225629381537437,0.01782725486590242,0.0006928038837321002,3,10,50
Density-guided CNP (ours),cell17,2234.0,0.5218721765677135,0.02174815081187828,0.0008411851322698069,3,10,50
Density-guided CNP (ours),cell17,2235.0,0.5223162058790525,0.01876597446740602,0.0007857077232848985,3,10,50
Density-guided CNP (ours),cell17,2236.0,0.5229455978274345,0.01620020660119741,0.0008380166209546167,3,10,50
Density-guided CNP (ours),cell17,2237.0,0.5220886701544126,0.014904571424658444,0.0009262851053936025,3,10,50
Density-guided CNP (ours),cell17,2238.0,0.5220145571827888,0.018052168819403934,0.0009522789391536758,3,10,50
Density-guided CNP (ours),cell17,2239.0,0.5209439385533332,0.019213741017860258,0.0008523633385759612,3,10,50
Density-guided CNP (ours),cell17,2240.0,0.5240311403473218,0.016128662423293492,0.0009658971525672418,3,10,50
Density-guided CNP (ours),cell17,2241.0,0.5231040968298912,0.015931099094195777,0.0009133382667767756,3,10,50
Density-guided CNP (ours),cell17,2242.0,0.5244659928282102,0.019365270464158247,0.0008950514103604089,3,10,50
Density-guided CNP (ours),cell17,2243.0,0.5247634072303772,0.019311273883583287,0.0008288516980979207,3,10,50
Density-guided CNP (ours),cell17,2244.0,0.5236355479359627,0.019892613770291053,0.0007719501060271331,3,10,50
Density-guided CNP (ours),cell17,2245.0,0.5238255829413732,0.02127057858097404,0.000947431256495168,3,10,50
Density-guided CNP (ours),cell17,2246.0,0.5247527758479118,0.019505530318414524,0.0009058257310990125,3,10,50
Density-guided CNP (ours),cell17,2247.0,0.5237824778755505,0.014125756447762016,0.0009744411986822607,3,10,50
Density-guided CNP (ours),cell17,2248.0,0.5231981812119484,0.01776255190139905,0.0007496512046311455,3,10,50
Density-guided CNP (ours),cell17,2249.0,0.5258331092198689,0.016402639494983003,0.0009622799933049937,3,10,50
Density-guided CNP (ours),cell17,2250.0,0.5248618800640107,0.01923683501201365,0.0009049747227511109,3,10,50
Density-guided CNP (ours),cell17,2251.0,0.528200855354468,0.018510425293257186,0.0007414837854258968,3,10,50
Density-guided CNP (ours),cell17,2252.0,0.5244772448539733,0.01854205809026584,0.0008893841596755509,3,10,50
Density-guided CNP (ours),cell17,2253.0,0.5217768344680468,0.017676857400531723,0.0007516944744277977,3,10,50
Density-guided CNP (ours),cell17,2254.0,0.5253395788272223,0.01649942968697304,0.0007820868986383275,3,10,50
Density-guided CNP (ours),cell17,2255.0,0.5261606531739235,0.01719634899621912,0.0008943757021463321,3,10,50
Density-guided CNP (ours),cell17,2256.0,0.5266671778361003,0.017533312263304582,0.0008134548140612181,3,10,50
Density-guided CNP (ours),cell17,2257.0,0.5266035452286403,0.013806466773452705,0.0009855220614332883,3,10,50
Density-guided CNP (ours),cell17,2258.0,0.5270398666659991,0.015009901596753757,0.0010902787000216603,3,10,50
Density-guided CNP (ours),cell17,2259.0,0.5255326929887135,0.01918248790115541,0.0008626662415627666,3,10,50
Density-guided CNP (ours),cell17,2260.0,0.5242343945900599,0.018109224002376956,0.0008238048538087205,3,10,50
Density-guided CNP (ours),cell17,2261.0,0.5247767599225044,0.015656840423817858,0.0008584689185520334,3,10,50
Density-guided CNP (ours),cell17,2262.0,0.5232666403651238,0.014395141947466028,0.0009222972844774765,3,10,50
Density-guided CNP (ours),cell17,2263.0,0.5262929884195328,0.02040168386468886,0.0007423775875727133,3,10,50
Density-guided CNP (ours),cell17,2264.0,0.5251282119552295,0.014960489774419383,0.0008624735634687833,3,10,50
Density-guided CNP (ours),cell17,2265.0,0.5275384588837624,0.015933349803218918,0.0010650933441381228,3,10,50
Density-guided CNP (ours),cell17,2266.0,0.5267086324890454,0.01390183703214364,0.0008336633042156299,3,10,50
Density-guided CNP (ours),cell17,2267.0,0.5265397326151531,0.016788379310149676,0.0009751117117668866,3,10,50
Density-guided CNP (ours),cell17,2268.0,0.524692576011022,0.012706727064686002,0.001024104768950411,3,10,50
Density-guided CNP (ours),cell17,2269.0,0.5261252896189689,0.017095767661942998,0.0009083926029608006,3,10,50
Density-guided CNP (ours),cell17,2270.0,0.5286546256144842,0.019168017655060914,0.0010426455288024869,3,10,50
Density-guided CNP (ours),cell17,2271.0,0.5254981003602346,0.015627585460526793,0.0010491237622360962,3,10,50
Density-guided CNP (ours),cell17,2272.0,0.5285595556298892,0.014267342722197618,0.0008518776811859071,3,10,50
Density-guided CNP (ours),cell17,2273.0,0.5274327084223429,0.014950164967612586,0.0009027985940911837,3,10,50
Density-guided CNP (ours),cell17,2274.0,0.5260524725715321,0.01812287874072946,0.000864836495373795,3,10,50
Density-guided CNP (ours),cell17,2275.0,0.5239483848611514,0.012191265648999625,0.0008660606523195622,3,10,50
Density-guided CNP (ours),cell17,2276.0,0.527661709288756,0.013182449059434883,0.001047888755245636,3,10,50
Density-guided CNP (ours),cell17,2277.0,0.5279109350244204,0.015253817409197828,0.0008217770737559087,3,10,50
Density-guided CNP (ours),cell17,2278.0,0.5243895190755526,0.018513823777076072,0.0010039344404952166,3,10,50
Density-guided CNP (ours),cell17,2279.0,0.5276655764977137,0.010752203973538965,0.0008478077185992506,3,10,50
Density-guided CNP (ours),cell17,2280.0,0.524291511575381,0.018506780331729204,0.0008695835128769863,3,10,50
Density-guided CNP (ours),cell17,2281.0,0.5234269123077393,0.015653228469826905,0.0008794332124881511,3,10,50
Density-guided CNP (ours),cell17,2282.0,0.5252880385915438,0.015875110318300707,0.0009446279846299786,3,10,50
Density-guided CNP (ours),cell17,2283.0,0.5210865677197775,0.015564407647852468,0.0008425067074586071,3,10,50
Density-guided CNP (ours),cell17,2284.0,0.5231781602899234,0.011724195064381453,0.000792776845834932,3,10,50
Density-guided CNP (ours),cell17,2285.0,0.5236968012452127,0.01693891086521079,0.0009243073263353833,3,10,50
Density-guided CNP (ours),cell17,2286.0,0.5241024228930473,0.014225486779374692,0.001052723657646721,3,10,50
Density-guided CNP (ours),cell17,2287.0,0.5220183358391126,0.014880151602720658,0.0009102570614712284,3,10,50
Density-guided CNP (ours),cell17,2288.0,0.5248677494327226,0.017789957130928635,0.0009243286836332585,3,10,50
Density-guided CNP (ours),cell17,2289.0,0.526522572596868,0.01178233778221244,0.0009674205324513367,3,10,50
Density-guided CNP (ours),cell17,2290.0,0.5271720584233601,0.017183789197739874,0.0008555424735422869,3,10,50
Density-guided CNP (ours),cell17,2291.0,0.5283215733965237,0.01931811393074451,0.0010622234403219251,3,10,50
Density-guided CNP (ours),cell17,2292.0,0.5275094304680824,0.015864074274900768,0.000956033446595355,3,10,50
Density-guided CNP (ours),cell17,2293.0,0.5259739709496497,0.013354952978408354,0.001059837695749107,3,10,50
Density-guided CNP (ours),cell17,2294.0,0.5248216948509216,0.012833547857004446,0.001073303756623044,3,10,50
Density-guided CNP (ours),cell17,2295.0,0.5194751679499944,0.014377035900966659,0.001066832001861427,3,10,50
Density-guided CNP (ours),cell17,2296.0,0.5219381828904153,0.015129472997371168,0.0010179066781136742,3,10,50
Density-guided CNP (ours),cell17,2297.0,0.5253069585363069,0.015538497979384083,0.0008682135906087257,3,10,50
Density-guided CNP (ours),cell17,2298.0,0.5217248196999232,0.012817787462486536,0.0010268386646047232,3,10,50
Density-guided CNP (ours),cell17,2299.0,0.5211671159664789,0.016709081049294652,0.0010792872462180548,3,10,50
Density-guided CNP (ours),cell17,2300.0,0.5180025213162104,0.013753408939903301,0.0009583004874409891,3,10,50
Density-guided CNP (ours),cell17,2301.0,0.5167301841974259,0.013169805185010253,0.0009883917085258239,3,10,50
Density-guided CNP (ours),cell17,2302.0,0.5195168059468268,0.014726916721410726,0.0008111248997216559,3,10,50
Density-guided CNP (ours),cell17,2303.0,0.5180218080878258,0.015930123164304286,0.0009342312993906024,3,10,50
Density-guided CNP (ours),cell17,2304.0,0.520599218984445,0.017142675284439052,0.0008666512613029481,3,10,50
Density-guided CNP (ours),cell17,2305.0,0.5221651947299639,0.013598963261937581,0.0010354062077251628,3,10,50
Density-guided CNP (ours),cell17,2306.0,0.5190340974728266,0.01659802460484418,0.0011728650344813372,3,10,50
Density-guided CNP (ours),cell17,2307.0,0.5148166482647261,0.012748734797173379,0.0008658269028659927,3,10,50
Density-guided CNP (ours),cell17,2308.0,0.514603556295236,0.018313832630239422,0.0008239874250490693,3,10,50
Density-guided CNP (ours),cell17,2309.0,0.514149207452933,0.015284347119082276,0.0009555368982136861,3,10,50
Density-guided CNP (ours),cell17,2310.0,0.5153393930196762,0.015638401411548278,0.001183600645145723,3,10,50
Density-guided CNP (ours),cell17,2311.0,0.5206920025547346,0.015340881565989593,0.001175900801085765,3,10,50
Density-guided CNP (ours),cell17,2312.0,0.5150060331026713,0.016422452712138838,0.001056268968169594,3,10,50
Density-guided CNP (ours),cell17,2313.0,0.5148311565319698,0.014487414798553002,0.0010058538908051513,3,10,50
Density-guided CNP (ours),cell17,2314.0,0.5103600270350773,0.012675674608645687,0.0009252803819994089,3,10,50
Density-guided CNP (ours),cell17,2315.0,0.5133435623645783,0.014583322989702885,0.0009343222692804878,3,10,50
Density-guided CNP (ours),cell17,2316.0,0.5122571460405986,0.01440889717687094,0.0010840336461849468,3,10,50
Density-guided CNP (ours),cell17,2317.0,0.5175518601934116,0.018413749160293622,0.001295790724671881,3,10,50
Density-guided CNP (ours),cell17,2318.0,0.5212190785408021,0.013970490144917466,0.001128541108681421,3,10,50
Density-guided CNP (ours),cell17,2319.0,0.5167831092278162,0.01687077626066268,0.0015024810522214708,3,10,50
Density-guided CNP (ours),cell17,2320.0,0.5212579525113106,0.01591042703430382,0.0011611560513263475,3,10,50
Density-guided CNP (ours),cell17,2321.0,0.517822835067908,0.011358775373145068,0.0009899047973029277,3,10,50
Density-guided CNP (ours),cell17,2322.0,0.5142705198725065,0.01485708631473546,0.0012050891065483334,3,10,50
Density-guided CNP (ours),cell17,2323.0,0.5142681230306626,0.013214571370604245,0.0010250032732403655,3,10,50
Density-guided CNP (ours),cell17,2324.0,0.5148252115448315,0.013171602694369339,0.0011434385854575948,3,10,50
Density-guided CNP (ours),cell17,2325.0,0.5098937862912813,0.014135922144940126,0.001100085037100941,3,10,50
Density-guided CNP (ours),cell17,2326.0,0.510851318816344,0.015153722770331635,0.0012194532841637163,3,10,50
Density-guided CNP (ours),cell17,2327.0,0.5098772937258085,0.01518095351469796,0.0010297893891558546,3,10,50
Density-guided CNP (ours),cell17,2328.0,0.5073766409357389,0.011430386292954823,0.001127201935473151,3,10,50
Density-guided CNP (ours),cell17,2329.0,0.5047089020808537,0.01682026464873376,0.0011075497051077539,3,10,50
Density-guided CNP (ours),cell17,2330.0,0.505442134797573,0.013336587900469092,0.0012276606246023206,3,10,50
Density-guided CNP (ours),cell17,2331.0,0.5082167910734813,0.017609696618573947,0.001261957943839915,3,10,50
Density-guided CNP (ours),cell17,2332.0,0.5112001731197039,0.013741689102974545,0.001164568557375763,3,10,50
Density-guided CNP (ours),cell17,2333.0,0.512155811270078,0.016066913506445804,0.0012676553061302758,3,10,50
Density-guided CNP (ours),cell17,2334.0,0.5093182559212048,0.01387865208142598,0.0012501633997797454,3,10,50
Density-guided CNP (ours),cell17,2335.0,0.5077485391696294,0.014917453415479197,0.0012083306158494076,3,10,50
Density-guided CNP (ours),cell17,2336.0,0.5052921725312868,0.01454911549107351,0.0011383804181482782,3,10,50
Density-guided CNP (ours),cell17,2337.0,0.501793380777041,0.015831980925270193,0.0012657247741482804,3,10,50
Density-guided CNP (ours),cell17,2338.0,0.5010436174869537,0.014872784462196286,0.00109763205751619,3,10,50
Density-guided CNP (ours),cell17,2339.0,0.5030886014103889,0.011500787286204463,0.0013184876523704896,3,10,50
Density-guided CNP (ours),cell17,2340.0,0.506528122027715,0.008584253355349868,0.001258623857703694,3,10,50
Density-guided CNP (ours),cell17,2341.0,0.5048848164280255,0.01453454476617131,0.0013616039244410422,3,10,50
Density-guided CNP (ours),cell17,2342.0,0.498337847173214,0.01423824020182057,0.001516003567883929,3,10,50
Density-guided CNP (ours),cell17,2343.0,0.5014866736928622,0.012468898510164913,0.0013642784868960157,3,10,50
Density-guided CNP (ours),cell17,2344.0,0.503119278728962,0.01667930162064968,0.0013621150000785922,3,10,50
Density-guided CNP (ours),cell17,2345.0,0.5054971807201704,0.016731712276307684,0.0012104363665679909,3,10,50
Density-guided CNP (ours),cell17,2346.0,0.503208333949248,0.013453687475669312,0.0014980787405209828,3,10,50
Density-guided CNP (ours),cell17,2347.0,0.5036269007523855,0.015054063724203532,0.0013051319593216642,3,10,50
Density-guided CNP (ours),cell17,2348.0,0.502117811580499,0.012516747281462999,0.0013722280167059902,3,10,50
Density-guided CNP (ours),cell17,2349.0,0.5003122183084489,0.01186388893715834,0.0016134814540402045,3,10,50
Density-guided CNP (ours),cell17,2350.0,0.4949106170535087,0.01052936330986258,0.0013544583052593317,3,10,50
Density-guided CNP (ours),cell17,2351.0,0.4898134266535441,0.01694677492134596,0.0013905837278724359,3,10,50
Density-guided CNP (ours),cell17,2352.0,0.4882156249483427,0.014394261654392398,0.0012541104445127947,3,10,50
Density-guided CNP (ours),cell17,2353.0,0.4878581035534541,0.0162566191164006,0.0014591810225859248,3,10,50
Density-guided CNP (ours),cell17,2354.0,0.4900720982352893,0.012339178256826053,0.0014903995146367081,3,10,50
Density-guided CNP (ours),cell17,2355.0,0.49636273181438445,0.010023238847116183,0.0015596744324256715,3,10,50
Density-guided CNP (ours),cell17,2356.0,0.49580659963687257,0.014795051113207851,0.0016131884140734194,3,10,50
Density-guided CNP (ours),cell17,2357.0,0.4980641792615255,0.01620564670220986,0.0016831377097167265,3,10,50
Density-guided CNP (ours),cell17,2358.0,0.49584167174498245,0.013053310821497055,0.0016997565131492392,3,10,50
Density-guided CNP (ours),cell17,2359.0,0.49316053318977354,0.011543036027031101,0.001536952221761836,3,10,50
Density-guided CNP (ours),cell17,2360.0,0.49054544140895207,0.012538049189873219,0.0017425022727877934,3,10,50
Density-guided CNP (ours),cell17,2361.0,0.48782020264863973,0.01532521456999256,0.0016445416026263893,3,10,50
Density-guided CNP (ours),cell17,2362.0,0.493590860148271,0.015568944100245456,0.0017528713455484313,3,10,50
Density-guided CNP (ours),cell17,2363.0,0.49203195434808733,0.012194593275240872,0.0021054919343009948,3,10,50
Density-guided CNP (ours),cell17,2364.0,0.4921858301758766,0.011258988524413234,0.0015411698316700679,3,10,50
Density-guided CNP (ours),cell17,2365.0,0.49352712611357363,0.009264760975269971,0.0018328900735518905,3,10,50
Density-guided CNP (ours),cell17,2366.0,0.4899989224076271,0.009639588219159142,0.0021373231126689354,3,10,50
Density-guided CNP (ours),cell17,2367.0,0.48658025469382604,0.01244974837200496,0.001918405345932256,3,10,50
Density-guided CNP (ours),cell17,2368.0,0.48840299022197725,0.010719935881004396,0.0017467818505752925,3,10,50
Density-guided CNP (ours),cell17,2369.0,0.48572276349862414,0.01781263242864677,0.0018993445735905493,3,10,50
Density-guided CNP (ours),cell17,2370.0,0.4840489145517349,0.015387905542891206,0.0019639431472017028,3,10,50
Density-guided CNP (ours),cell17,2371.0,0.4808051044742267,0.010622331476359284,0.0017720047597009558,3,10,50
Density-guided CNP (ours),cell17,2372.0,0.4768665604392688,0.012782851303201285,0.001861809767834771,3,10,50
Density-guided CNP (ours),cell17,2373.0,0.4766302990118663,0.013011368636977917,0.001957375109296269,3,10,50
Density-guided CNP (ours),cell17,2374.0,0.4817801656524341,0.012435014783695606,0.002136747744371647,3,10,50
Density-guided CNP (ours),cell17,2375.0,0.4769847592115402,0.011042938749971882,0.0021712534907007658,3,10,50
Density-guided CNP (ours),cell17,2376.0,0.468401151339213,0.011579945521113032,0.0018825540692695944,3,10,50
Density-guided CNP (ours),cell17,2377.0,0.4667400427659352,0.014876994810880268,0.00175439125233002,3,10,50
Density-guided CNP (ours),cell17,2378.0,0.46482317415873214,0.014778796632742909,0.0017117445045682813,3,10,50
Density-guided CNP (ours),cell17,2379.0,0.46846864386399584,0.01244865164052566,0.0018265603021004955,3,10,50
Density-guided CNP (ours),cell17,2380.0,0.4634652111530304,0.01641181944503574,0.001765107756466171,3,10,50
Density-guided CNP (ours),cell17,2381.0,0.4483850552241007,0.014615781643419375,0.0017151084847336125,3,10,50
Density-guided CNP (ours),cell17,2382.0,0.4474556073149046,0.012584418563100734,0.0015611294957538161,3,10,50
Density-guided CNP (ours),cell17,2383.0,0.45314283881584805,0.013802519394795343,0.0017606809192460577,3,10,50
Density-guided CNP (ours),cell17,2384.0,0.4551433684031168,0.014201604768166232,0.0017782004508535467,3,10,50
Density-guided CNP (ours),cell17,2385.0,0.45373946166038515,0.008548764805720258,0.0019023237323101457,3,10,50
Density-guided CNP (ours),cell17,2386.0,0.4600551381905873,0.014910845721173141,0.0019807632254725833,3,10,50
Density-guided CNP (ours),cell17,2387.0,0.4617721956372261,0.011652043736228399,0.0020763637476155466,3,10,50
Density-guided CNP (ours),cell17,2388.0,0.45849557807048164,0.011209132499496857,0.0018294116190130938,3,10,50
Density-guided CNP (ours),cell17,2389.0,0.45412795017162955,0.015752818802627463,0.0018807540691005203,3,10,50
Density-guided CNP (ours),cell17,2390.0,0.44234368735551827,0.009586384971761912,0.0019367656591367704,3,10,50
Density-guided CNP (ours),cell17,2391.0,0.43468213331699374,0.014909568745593254,0.0020197349747247397,3,10,50
Density-guided CNP (ours),cell17,2392.0,0.4388132787545523,0.009469464948831465,0.0019875853167692728,3,10,50
Density-guided CNP (ours),cell17,2393.0,0.44041624281803776,0.013914356907381045,0.0020758410363711506,3,10,50
Density-guided CNP (ours),cell17,2394.0,0.44143006477753316,0.011113599239205412,0.0020076751441366306,3,10,50
Density-guided CNP (ours),cell17,2395.0,0.43617086905241015,0.014268646943474517,0.00195905018102337,3,10,50
Density-guided CNP (ours),cell17,2396.0,0.42790100298325223,0.013975716819332443,0.0016214323276432007,3,10,50
Density-guided CNP (ours),cell17,2397.0,0.4144870857397715,0.011702814711795856,0.0019805619096399446,3,10,50
Density-guided CNP (ours),cell17,2398.0,0.4304778312842052,0.00994448508873876,0.0015974314275006526,3,10,50
Density-guided CNP (ours),cell17,2399.0,0.428722564081351,0.01200365327431885,0.0017796122622248188,3,10,50
Density-guided CNP (ours),cell17,2400.0,0.41938308336337404,0.012178707043261539,0.0019269691597041435,3,10,50
Density-guided CNP (ours),cell17,2401.0,0.4273467357158662,0.0146988742365393,0.0019067165285214915,3,10,50
Density-guided CNP (ours),cell17,2402.0,0.440302745004495,0.012728453403229412,0.002121709743410671,3,10,50
Density-guided CNP (ours),cell17,2403.0,0.434537311454614,0.009035920998283388,0.002381224843806147,3,10,50
Density-guided CNP (ours),cell17,2404.0,0.4374581640958786,0.010289870746539415,0.0021489860519984093,3,10,50
Density-guided CNP (ours),cell17,2405.0,0.4330796749989192,0.010432814383633304,0.0024343133643531874,3,10,50
Density-guided CNP (ours),cell17,2406.0,0.4262491835951805,0.011861520319812429,0.0022723607894635308,3,10,50
Density-guided CNP (ours),cell17,2407.0,0.4254919863740603,0.01394145190285862,0.0023057125705845173,3,10,50
Density-guided CNP (ours),cell17,2408.0,0.43219466380278265,0.011352530923216067,0.0025078697248277024,3,10,50
Density-guided CNP (ours),cell17,2409.0,0.43184806821743654,0.014087093054908016,0.0021410747181017406,3,10,50
Density-guided CNP (ours),cell17,2410.0,0.41395031197865806,0.013511005305413782,0.0020892690641977052,3,10,50
Density-guided CNP (ours),cell17,2411.0,0.4080192781090736,0.010340897609695265,0.0021329473622209694,3,10,50
Density-guided CNP (ours),cell17,2412.0,0.4067900100549062,0.01092276293332189,0.002083731407730141,3,10,50
Density-guided CNP (ours),cell17,2413.0,0.41762322123845425,0.012940455957159229,0.002231172201274964,3,10,50
Density-guided CNP (ours),cell17,2414.0,0.4309633041024208,0.012167892480803959,0.002596420437795469,3,10,50
Density-guided CNP (ours),cell17,2415.0,0.42693001268307357,0.009888389595074537,0.002433090392242812,3,10,50
Density-guided CNP (ours),cell17,2416.0,0.4126593768199284,0.011656514150552128,0.0022551270599071587,3,10,50
Density-guided CNP (ours),cell17,2417.0,0.40737928257385897,0.013427763810458281,0.0022359461181604696,3,10,50
Density-guided CNP (ours),cell17,2418.0,0.40435334763924285,0.012369668034190803,0.0025760825691774265,3,10,50
Density-guided CNP (ours),cell17,2419.0,0.40479920800526936,0.010821845324814242,0.0021307887694309523,3,10,50
Density-guided CNP (ours),cell17,2420.0,0.40206235136588414,0.013500075675137719,0.0027272060838578176,3,10,50
Density-guided CNP (ours),cell17,2421.0,0.3964867490927378,0.011003209157832629,0.002270290452388068,3,10,50
Density-guided CNP (ours),cell17,2422.0,0.38979091300567,0.009500935773249645,0.0026453846765488766,3,10,50
Density-guided CNP (ours),cell17,2423.0,0.37743487876653675,0.011268656632910677,0.0020603303439614387,3,10,50
Density-guided CNP (ours),cell17,2424.0,0.3779650478959084,0.01081264086556437,0.002264746864506857,3,10,50
Density-guided CNP (ours),cell17,2425.0,0.39198396164178845,0.010982451737457122,0.0020939622967370303,3,10,50
Density-guided CNP (ours),cell17,2426.0,0.4058989257216454,0.010225598130954356,0.002792287434736507,3,10,50
Density-guided CNP (ours),cell17,2427.0,0.4002799041072527,0.01268095733570438,0.0027002265465911023,3,10,50
Density-guided CNP (ours),cell17,2428.0,0.38388273789485305,0.014492730875686765,0.0023718706060604747,3,10,50
Density-guided CNP (ours),cell17,2429.0,0.38322331480185184,0.014695863674860556,0.002350216956199602,3,10,50
Density-guided CNP (ours),cell17,2430.0,0.3933086096843084,0.008112141016359637,0.002627117241101894,3,10,50
Density-guided CNP (ours),cell17,2431.0,0.39610785927375164,0.01157943301567639,0.0029364662065648616,3,10,50
Density-guided CNP (ours),cell17,2432.0,0.39768253950277965,0.011794114209923611,0.002623086843201684,3,10,50
Density-guided CNP (ours),cell17,2433.0,0.38245072376728056,0.011863439093772825,0.0028325479155803432,3,10,50
Density-guided CNP (ours),cell17,2434.0,0.3707447190483411,0.009217915943854396,0.0025034604785543935,3,10,50
Density-guided CNP (ours),cell17,2435.0,0.3728618684411049,0.01145116540782998,0.0023960505931768304,3,10,50
Density-guided CNP (ours),cell17,2436.0,0.38920214551687243,0.009479916465742862,0.0026544151112362045,3,10,50
Density-guided CNP (ours),cell17,2437.0,0.38640043618281683,0.011059441920608258,0.002774681377613068,3,10,50
Density-guided CNP (ours),cell17,2438.0,0.36953071149190264,0.004938651279460612,0.0024574448171109952,3,10,50
Density-guided CNP (ours),cell17,2439.0,0.3532699464360873,0.011297654107437083,0.002174386430636131,3,10,50
Density-guided CNP (ours),cell17,2440.0,0.33356102883815764,0.010103771514325144,0.0017856437678074374,3,10,50
Density-guided CNP (ours),cell17,2441.0,0.33053653622666995,0.005746606750579807,0.0018465249106589532,3,10,50
Density-guided CNP (ours),cell17,2442.0,0.3329914109508197,0.009307876902578225,0.0016312004964367736,3,10,50
Density-guided CNP (ours),cell17,2443.0,0.3413125388622283,0.008413223926979244,0.002004553261257928,3,10,50
Density-guided CNP (ours),cell17,2444.0,0.35479737893740343,0.005984844057147337,0.002071993517115423,3,10,50
Density-guided CNP (ours),cell17,2445.0,0.35047343715031937,0.014021452157344289,0.0022147569620676044,3,10,50
Density-guided CNP (ours),cell17,2446.0,0.35600843062003457,0.016946914423135662,0.0024066358286537154,3,10,50
Density-guided CNP (ours),cell17,2447.0,0.36673582110802333,0.010050604299940487,0.0026585894070967676,3,10,50
Density-guided CNP (ours),cell17,2448.0,0.37257064388195676,0.007598183460565246,0.0032187319103958597,3,10,50
Density-guided CNP (ours),cell17,2449.0,0.37063946487506233,0.008439945997260136,0.0030137336174359277,3,10,50
Density-guided CNP (ours),cell17,2450.0,0.3400650296509266,0.013287244000173708,0.0025595670821779368,3,10,50
Density-guided CNP (ours),cell17,2451.0,0.32988168888290725,0.012290574158786228,0.0022938179233545236,3,10,50
Density-guided CNP (ours),cell17,2452.0,0.3338418337106705,0.011023168563793206,0.002532337886699929,3,10,50
Density-guided CNP (ours),cell17,2453.0,0.3404519592920939,0.012267505975555683,0.0024358010102508913,3,10,50
Density-guided CNP (ours),cell17,2454.0,0.3458789914647738,0.012376324175233894,0.0025116115586910613,3,10,50
Density-guided CNP (ours),cell17,2455.0,0.34423238871494927,0.008638191052304362,0.0025927188160896303,3,10,50
Density-guided CNP (ours),cell17,2456.0,0.3407294231057167,0.012699530302739485,0.00244714379467648,3,10,50
Density-guided CNP (ours),cell17,2457.0,0.33706727979580564,0.007995159471245409,0.002447992734915507,3,10,50
Density-guided CNP (ours),cell17,2458.0,0.33654112780094153,0.006995369435087578,0.002511474353280909,3,10,50
Density-guided CNP (ours),cell17,2459.0,0.32554450261592865,0.011326288929650947,0.0024625718247252497,3,10,50
Density-guided CNP (ours),cell17,2460.0,0.3340253264109294,0.009578340898235825,0.002092193959910466,3,10,50
Density-guided CNP (ours),cell17,2461.0,0.33081935287515324,0.009077256113907188,0.0022062921660232562,3,10,50
Density-guided CNP (ours),cell17,2462.0,0.33162967002391813,0.011376389681235699,0.0023825068399601942,3,10,50
Density-guided CNP (ours),cell17,2463.0,0.3450627742012342,0.008578156421412379,0.0025719914535633033,3,10,50
Density-guided CNP (ours),cell17,2464.0,0.3550485840042432,0.007176870676441934,0.003117221456617585,3,10,50
Density-guided CNP (ours),cell17,2465.0,0.35437518105904253,0.009664115492967175,0.0031712058196091686,3,10,50
Density-guided CNP (ours),cell17,2466.0,0.3344390272200107,0.01234803324584737,0.0028081070088155084,3,10,50
Density-guided CNP (ours),cell17,2467.0,0.31515769564112034,0.011620806774627077,0.0022892423691041933,3,10,50
Density-guided CNP (ours),cell17,2468.0,0.324196957975626,0.014647003218359857,0.002722356519134398,3,10,50
Density-guided CNP (ours),cell17,2469.0,0.35186841968695326,0.011232844447462633,0.003345782053563692,3,10,50
Density-guided CNP (ours),cell17,2470.0,0.3455613127549489,0.013988566456683973,0.0028191427793354765,3,10,50
Density-guided CNP (ours),cell17,2471.0,0.31952214326461154,0.011137586424445785,0.0028009569347467954,3,10,50
Density-guided CNP (ours),cell17,2472.0,0.30490729289253554,0.012992073784950734,0.001965326790512699,3,10,50
Density-guided CNP (ours),cell17,2473.0,0.3119511642158031,0.00803435195127897,0.002477604003222728,3,10,50
Density-guided CNP (ours),cell17,2474.0,0.31730683060487114,0.007970562912310313,0.0025413125194090856,3,10,50
Density-guided CNP (ours),cell17,2475.0,0.32537848410010334,0.009237630970455017,0.002905740750507056,3,10,50
Density-guided CNP (ours),cell17,2476.0,0.3218663743933042,0.009001280244016162,0.00308503141696225,3,10,50
Density-guided CNP (ours),cell17,2477.0,0.31923828095197676,0.007397293451274385,0.002936945127222014,3,10,50
Density-guided CNP (ours),cell17,2478.0,0.3127969297667344,0.006572508864162495,0.0025402410018502924,3,10,50
Density-guided CNP (ours),cell17,2479.0,0.2997872691849867,0.009592991842903268,0.0023126319413486816,3,10,50
Density-guided CNP (ours),cell17,2480.0,0.2865181726515293,0.012476579334850654,0.001952093818588745,3,10,50
Density-guided CNP (ours),cell17,2481.0,0.2831036764681339,0.01036615189860752,0.002140929542754577,3,10,50
Density-guided CNP (ours),cell17,2482.0,0.27902374481161435,0.008132060014197456,0.0019467448467985215,3,10,50
Density-guided CNP (ours),cell17,2483.0,0.2757467473944028,0.007512562976781871,0.001857685238399443,3,10,50
Density-guided CNP (ours),cell17,2484.0,0.2797518638869126,0.007871680373945351,0.0021452658378413748,3,10,50
Density-guided CNP (ours),cell17,2485.0,0.28374955780307454,0.011848264642200845,0.002519694243058707,3,10,50
Density-guided CNP (ours),cell17,2486.0,0.28796669796109203,0.007420409331405799,0.001968409293447955,3,10,50
Density-guided CNP (ours),cell17,2487.0,0.2843439842561881,0.0050338849081708395,0.002001357592479519,3,10,50
Density-guided CNP (ours),cell17,2488.0,0.28077771771947546,0.012017107536592346,0.002173015849009493,3,10,50
Density-guided CNP (ours),cell17,2489.0,0.2822913953463236,0.00822128238756227,0.0022276495049255753,3,10,50
Density-guided CNP (ours),cell17,2490.0,0.28492665432890263,0.005345436126361025,0.002236728309462534,3,10,50
Density-guided CNP (ours),cell17,2491.0,0.29653398051857943,0.010799214048432095,0.002783105176857695,3,10,50
Density-guided CNP (ours),cell17,2492.0,0.30771070460478467,0.010827947899279268,0.0029278630538026105,3,10,50
Density-guided CNP (ours),cell17,2493.0,0.29969221966465315,0.0058251073015704825,0.00293770741626145,3,10,50
Density-guided CNP (ours),cell17,2494.0,0.2922328824003537,0.009108868559202213,0.0024871444637030973,3,10,50
Density-guided CNP (ours),cell17,2495.0,0.279718878775835,0.0037510392008608955,0.0022046193142934295,3,10,50
Density-guided CNP (ours),cell17,2496.0,0.2692314814130465,0.007627678772754951,0.001985895275906421,3,10,50
Density-guided CNP (ours),cell17,2497.0,0.26473722762862845,0.008426057898036889,0.0021587748832912904,3,10,50
Density-guided CNP (ours),cell17,2498.0,0.27373256936669343,0.005591605065402265,0.002763769962160928,3,10,50
Density-guided CNP (ours),cell17,2499.0,0.27341252548495926,0.009017364056217343,0.002689996710399073,3,10,50
Density-guided CNP (ours),cell17,2500.0,0.2754736543297767,0.007039615100296127,0.002368222675784647,3,10,50
Density-guided CNP (ours),cell17,2501.0,0.2730086630880833,0.0075199529671829924,0.002111709112612189,3,10,50
Density-guided CNP (ours),cell17,2502.0,0.26678812700510024,0.004153013203150438,0.0018602628401961226,3,10,50
Density-guided CNP (ours),cell17,2503.0,0.2522629684011141,0.005960120195591447,0.0019178913664337296,3,10,50
Density-guided CNP (ours),cell17,2504.0,0.24481488032142326,0.007639325944688113,0.001533482920544697,3,10,50
Density-guided CNP (ours),cell17,2505.0,0.24972363890210791,0.010229762421272572,0.0014862190620579861,3,10,50
Density-guided CNP (ours),cell17,2506.0,0.2506334431668123,0.013778402009951582,0.0017234092136479532,3,10,50
Density-guided CNP (ours),cell17,2507.0,0.24795065877834957,0.007736773261570311,0.0017554507020871607,3,10,50
Density-guided CNP (ours),cell17,2508.0,0.23961704943577447,0.00962064123981707,0.0018083442125684567,3,10,50
Density-guided CNP (ours),cell17,2509.0,0.23753315355380378,0.01113108417730632,0.0016319874237911995,3,10,50
Density-guided CNP (ours),cell17,2510.0,0.2413478578031063,0.005037517040645777,0.0017964911829529077,3,10,50
Density-guided CNP (ours),cell17,2511.0,0.2412949411869049,0.008064841864798849,0.001686880766657961,3,10,50
Density-guided CNP (ours),cell17,2512.0,0.23594436129927635,0.011638579411539625,0.0019268570130538227,3,10,50
Density-guided CNP (ours),cell17,2513.0,0.242675703416268,0.010928158997578027,0.0017957264374840866,3,10,50
Density-guided CNP (ours),cell17,2514.0,0.24501879488428435,0.009336667058885601,0.0018564132573220852,3,10,50
Density-guided CNP (ours),cell17,2515.0,0.2435287600159645,0.011731238599337019,0.002079047382513115,3,10,50
Density-guided CNP (ours),cell17,2516.0,0.23672461920976637,0.008649059390006727,0.001820751347636762,3,10,50
Density-guided CNP (ours),cell17,2517.0,0.24090103344122568,0.013732247877914324,0.0014788163338871794,3,10,50
Density-guided CNP (ours),cell17,2518.0,0.23306201787789663,0.007115133324892546,0.0017220908713014849,3,10,50
Density-guided CNP (ours),cell17,2519.0,0.23483801708618798,0.01727279664028925,0.0015058291301830874,3,10,50
Density-guided CNP (ours),cell17,2520.0,0.2332528908153375,0.007850326469450898,0.001447273604570651,3,10,50
Density-guided CNP (ours),cell17,2521.0,0.23108220376571018,0.01194118676775763,0.0016323426976544806,3,10,50
Density-guided CNP (ours),cell17,2522.0,0.22561982500553135,0.008103807920722555,0.0016862298678586099,3,10,50
Density-guided CNP (ours),cell17,2523.0,0.22941470276316003,0.010978252911898597,0.0015965112172771894,3,10,50
Density-guided CNP (ours),cell17,2524.0,0.22806178256869314,0.012140751653146792,0.001708796139249836,3,10,50
Density-guided CNP (ours),cell17,2525.0,0.224389196674029,0.007410411230627656,0.0019393614198986667,3,10,50
Density-guided CNP (ours),cell17,2526.0,0.22267147403955456,0.008708796159120824,0.001698340403644993,3,10,50
Density-guided CNP (ours),cell17,2527.0,0.23405323870976766,0.007946407411378704,0.001858358381945471,3,10,50
Density-guided CNP (ours),cell17,2528.0,0.23633709657192234,0.011652144781912547,0.0022621519155131263,3,10,50
Density-guided CNP (ours),cell17,2529.0,0.22465898049871125,0.012751235625585838,0.00198079836031461,3,10,50
Density-guided CNP (ours),cell17,2530.0,0.21627810568610828,0.005280357102563774,0.0016864433224717205,3,10,50
Density-guided CNP (ours),cell17,2531.0,0.21236017569899557,0.011249114897452544,0.0017130403435915867,3,10,50
Density-guided CNP (ours),cell17,2532.0,0.2114727433671554,0.013801301703606656,0.0012698803834021372,3,10,50
Density-guided CNP (ours),cell17,2533.0,0.2092276399632295,0.009105527006432202,0.0013057803210357454,3,10,50
Density-guided CNP (ours),cell17,2534.0,0.2118377555211385,0.014970732888191817,0.0015452944205592985,3,10,50
Density-guided CNP (ours),cell17,2535.0,0.21509151871999108,0.009037451080244528,0.0016541593082289125,3,10,50
Density-guided CNP (ours),cell17,2536.0,0.22054198132952055,0.00892996378713737,0.0018383391930752158,3,10,50
Density-guided CNP (ours),cell17,2537.0,0.21414680381615955,0.010972503144935197,0.0020441918317459094,3,10,50
Density-guided CNP (ours),cell17,2538.0,0.21548405187328656,0.01111594417185301,0.001587491561545588,3,10,50
Density-guided CNP (ours),cell17,2539.0,0.21464538577198986,0.01698410114581593,0.0013609297826372435,3,10,50
Density-guided CNP (ours),cell17,2540.0,0.20987587534387905,0.009245532758745602,0.0016313322925803687,3,10,50
Density-guided CNP (ours),cell17,2541.0,0.21272688175241153,0.011633202763181721,0.0016686788975361106,3,10,50
Density-guided CNP (ours),cell17,2542.0,0.20412615899244946,0.007930455874535438,0.0011692018199035146,3,10,50
Density-guided CNP (ours),cell17,2543.0,0.20227335970600446,0.009148901592630154,0.0015124230164481826,3,10,50
Density-guided CNP (ours),cell17,2544.0,0.2054194249610106,0.014103702916096509,0.001450835858706297,3,10,50
Density-guided CNP (ours),cell17,2545.0,0.2037359737455845,0.01050718878709543,0.0015732343701047192,3,10,50
Density-guided CNP (ours),cell17,2546.0,0.21260264255603153,0.008290029041647023,0.001673168068641702,3,10,50
Density-guided CNP (ours),cell17,2547.0,0.2120895165652037,0.009083880497682892,0.0018989964389503882,3,10,50
Density-guided CNP (ours),cell17,2548.0,0.20432662216325603,0.003946094384269173,0.0017257693990289532,3,10,50
Density-guided CNP (ours),cell17,2549.0,0.19905235829949378,0.010613878189862497,0.0017207842182242594,3,10,50
Density-guided CNP (ours),cell17,2550.0,0.20149885338544846,0.008818849267356436,0.0015939178239656054,3,10,50
Density-guided CNP (ours),cell17,2551.0,0.2109006092349688,0.009277300625832994,0.001808411839883748,3,10,50
Density-guided CNP (ours),cell17,2552.0,0.20824928168455759,0.009864352123225744,0.0017469833075608914,3,10,50
Density-guided CNP (ours),cell17,2553.0,0.18965306902428467,0.00676264679662643,0.0015732384623673003,3,10,50
Density-guided CNP (ours),cell17,2554.0,0.19475051836669444,0.009330009923060347,0.001430829127240912,3,10,50
Density-guided CNP (ours),cell17,2555.0,0.20022612115244068,0.012613868041190218,0.0017581062147641886,3,10,50
Density-guided CNP (ours),cell17,2556.0,0.20108888030052186,0.011215630557395741,0.001813683222522462,3,10,50
Density-guided CNP (ours),cell17,2557.0,0.19686192563672864,0.010013409718503495,0.0016041512025475556,3,10,50
Density-guided CNP (ours),cell17,2558.0,0.19345584087570508,0.010335180894424227,0.0018114831822937203,3,10,50
Density-guided CNP (ours),cell17,2559.0,0.19309794173638029,0.01172244418937525,0.0019993009620521518,3,10,50
Density-guided CNP (ours),cell17,2560.0,0.19003932566940784,0.012115845361258265,0.0015712849873104554,3,10,50
Density-guided CNP (ours),cell17,2561.0,0.1958372959693273,0.009020695062733834,0.0018535105840565523,3,10,50
Density-guided CNP (ours),cell17,2562.0,0.1965030292222897,0.01409189083975022,0.0015116365517468605,3,10,50
Density-guided CNP (ours),cell17,2563.0,0.19623503339290616,0.017223146672743536,0.0014525785160783595,3,10,50
Density-guided CNP (ours),cell17,2564.0,0.19825561383863288,0.006168652853318155,0.0019184106396759222,3,10,50
Density-guided CNP (ours),cell17,2565.0,0.19094884503881135,0.004524705022186003,0.0015259852926211013,3,10,50
Density-guided CNP (ours),cell17,2566.0,0.20063920123875137,0.006174760380932967,0.0020111425071868243,3,10,50
Density-guided CNP (ours),cell17,2567.0,0.20072206533451875,0.007373885889887707,0.0017629706723268368,3,10,50
Density-guided CNP (ours),cell17,2568.0,0.19864461771647135,0.008932840020690978,0.0017505255872755719,3,10,50
Density-guided CNP (ours),cell17,2569.0,0.1940481081356605,0.008462044631749157,0.0016632859494854566,3,10,50
Density-guided CNP (ours),cell17,2570.0,0.1897666513671478,0.006201249553790917,0.001930586505285706,3,10,50
Density-guided CNP (ours),cell17,2571.0,0.1932249725013971,0.010193561413314397,0.0018334458982169931,3,10,50
Density-guided CNP (ours),cell17,2572.0,0.1845397754808267,0.005787339501483587,0.0016928310943204704,3,10,50
Density-guided CNP (ours),cell17,2573.0,0.19113338082035383,0.005865309163181968,0.001804750387954492,3,10,50
Density-guided CNP (ours),cell17,2574.0,0.18558626407881576,0.003415065754098961,0.0019677933738871172,3,10,50
Density-guided CNP (ours),cell17,2575.0,0.19004732493062812,0.00763654813542635,0.00206915999536162,3,10,50
Density-guided CNP (ours),cell17,2576.0,0.18960559995472429,0.006327027544889771,0.0017033861363554327,3,10,50
Density-guided CNP (ours),cell17,2577.0,0.18755261384447416,0.009203669135330116,0.001825122637330091,3,10,50
Density-guided CNP (ours),cell17,2578.0,0.1906497400403023,0.01028817607819134,0.0020044767450804334,3,10,50
Density-guided CNP (ours),cell17,2579.0,0.19099279257655144,0.006518065240750218,0.0021366094004035122,3,10,50
Density-guided CNP (ours),cell17,2580.0,0.1877908401141564,0.010967900637777327,0.001974164668738794,3,10,50
Density-guided CNP (ours),cell17,2581.0,0.18716634790102646,0.010215716059934918,0.001903381939972201,3,10,50
Density-guided CNP (ours),cell17,2582.0,0.185490736246109,0.006135250441805552,0.0018311926040103848,3,10,50
Density-guided CNP (ours),cell17,2583.0,0.18913523872196672,0.005269126629100332,0.0016660725068392537,3,10,50
Density-guided CNP (ours),cell17,2584.0,0.18327639585236707,0.007374597245881271,0.0020514394432803885,3,10,50
Density-guided CNP (ours),cell17,2585.0,0.186237223615249,0.00756592479935574,0.002029892881439113,3,10,50
Density-guided CNP (ours),cell17,2586.0,0.18910120247801143,0.01178508478558049,0.00201269774582032,3,10,50
Density-guided CNP (ours),cell17,2587.0,0.18932955770691237,0.008530336524763316,0.002002309110511341,3,10,50
Density-guided CNP (ours),cell17,2588.0,0.18797219935059548,0.0050483119072989415,0.0020944480745170705,3,10,50
Density-guided CNP (ours),cell17,2589.0,0.18843666382133958,0.011652845305883305,0.001982184841297342,3,10,50
Density-guided CNP (ours),cell17,2590.0,0.1852045302689075,0.0048626638419478636,0.0021714787082101655,3,10,50
Density-guided CNP (ours),cell17,2591.0,0.17744474773605665,0.008094368066036113,0.0023375163252241393,3,10,50
Density-guided CNP (ours),cell17,2592.0,0.18536969204246997,0.011030383191075275,0.002216997929781283,3,10,50
Density-guided CNP (ours),cell17,2593.0,0.18896307548383873,0.009751119767633215,0.0027429850474653254,3,10,50
Density-guided CNP (ours),cell17,2594.0,0.18614463128646216,0.00613289578138564,0.002606792252744619,3,10,50
Density-guided CNP (ours),cell17,2595.0,0.1897692127029101,0.00765944214385649,0.002352848161677922,3,10,50
Density-guided CNP (ours),cell17,2596.0,0.19538137728969254,0.010252442966728078,0.0025754476184301693,3,10,50
Density-guided CNP (ours),cell17,2597.0,0.1833863971332709,0.005545252472460347,0.0022513800330122534,3,10,50
Density-guided CNP (ours),cell17,2598.0,0.18854938830435275,0.008245675002089095,0.002134690269840439,3,10,50
Density-guided CNP (ours),cell17,2599.0,0.18463723545273147,0.005751374856441911,0.0026064497102089314,3,10,50
Density-guided CNP (ours),cell17,2600.0,0.18910569284359613,0.006250583273300701,0.0025910942249742315,3,10,50
Density-guided CNP (ours),cell17,2601.0,0.18209538738926254,0.006961863131754187,0.0021775104537532924,3,10,50
Density-guided CNP (ours),cell17,2602.0,0.17992395543555417,0.007037126555911883,0.0024150926606244703,3,10,50
Density-guided CNP (ours),cell17,2603.0,0.18743978936970232,0.005629652555642023,0.002631834299574361,3,10,50
Density-guided CNP (ours),cell17,2604.0,0.18996387002865475,0.00561194502997521,0.0022654693131068816,3,10,50
Density-guided CNP (ours),cell17,2605.0,0.18885705057779947,0.005436479030334562,0.0024658194388048993,3,10,50
Density-guided CNP (ours),cell17,2606.0,0.18845642756422362,0.008091758255007747,0.002593994944790026,3,10,50
Density-guided CNP (ours),cell17,2607.0,0.1969229896118243,0.007219853256024876,0.003134567207971452,3,10,50
Density-guided CNP (ours),cell17,2608.0,0.20036109865208465,0.009239409779473292,0.003675342999185153,3,10,50
Density-guided CNP (ours),cell17,2609.0,0.21906145956118903,0.010075281198241802,0.004221198495300934,3,10,50
Density-guided CNP (ours),cell17,2610.0,0.23704146846135457,0.006356102191150201,0.005175129218504206,3,10,50
Density-guided CNP (ours),cell17,2611.0,0.2056397814999024,0.009712230623241717,0.006286412632477257,3,10,50
Density-guided CNP (ours),cell17,2612.0,0.24484497713049258,0.0029958326124091806,0.006845427719169955,3,10,50
Density-guided CNP (ours),cell17,2613.0,0.2264182633558909,0.014332383345264807,0.007263272256974742,3,10,50
Density-guided CNP (ours),cell17,2614.0,0.1816072285026312,0.022859602728941567,0.006401961798594226,3,10,50
Density-guided CNP (ours),cell17,2615.0,0.19757636963824432,0.019767585080194428,0.007011755901075549,3,10,50
Density-guided CNP (ours),cell17,2616.0,0.2511396454572678,0.018450945557235705,0.008125552265224252,3,10,50
Density-guided CNP (ours),cell17,2617.0,0.24979531923929854,0.01368281602772441,0.006558129597559925,3,10,50
Density-guided CNP (ours),cell17,2618.0,0.22989466473460196,0.006194786534464294,0.005574087593081568,3,10,50
Density-guided CNP (ours),cell17,2619.0,0.19546107295155524,0.009046017165252142,0.0033198923872293745,3,10,50
Density-guided CNP (ours),cell17,2620.0,0.18512636549274128,0.009312346504411708,0.0029601037330318925,3,10,50
Density-guided CNP (ours),cell17,2621.0,0.17803716429074604,0.009837760267266099,0.003256263939250723,3,10,50
Density-guided CNP (ours),cell17,2622.0,0.18641137231886384,0.0091347915021488,0.0029289733874088273,3,10,50
Density-guided CNP (ours),cell17,2623.0,0.17899496935804685,0.017118773917687534,0.004527717237150986,3,10,50
Density-guided CNP (ours),cell17,2624.0,0.17049347603321074,0.02919071255254144,0.008259659448313425,3,10,50
Density-guided CNP (ours),cell17,2625.0,0.16985617956519125,0.0294384485292112,0.008133665896486775,3,10,50
Density-guided CNP (ours),cell17,2626.0,0.17692674461007118,0.010350217506961362,0.004784961133827848,3,10,50
Density-guided CNP (ours),cell17,2627.0,0.181497998987635,0.010917369060678151,0.0029782330434078006,3,10,50
Density-guided CNP (ours),cell17,2628.0,0.191408962820967,0.007701566087708629,0.003349650900499976,3,10,50
Density-guided CNP (ours),cell17,2629.0,0.18343734847009183,0.005190878694909189,0.003137220751383712,3,10,50
Density-guided CNP (ours),cell17,2630.0,0.18432292450964452,0.0024497033313243296,0.003103860862746095,3,10,50
Density-guided CNP (ours),cell17,2631.0,0.17786510208249093,0.0084292154988202,0.0038529482341068326,3,10,50
Density-guided CNP (ours),cell17,2632.0,0.16629886048535505,0.026801050555392565,0.007884387979936857,3,10,50
Density-guided CNP (ours),cell17,2633.0,0.17470223461588222,0.01746997561801682,0.005701118890745931,3,10,50
Density-guided CNP (ours),cell17,2634.0,0.18327579059700172,0.002936679539395493,0.003124967774978818,3,10,50
Density-guided CNP (ours),cell17,2635.0,0.18534745301306246,0.0031526125322207613,0.0031601469514410175,3,10,50
Density-guided CNP (ours),cell17,2636.0,0.19031777357061705,0.005102913163322779,0.0034116783455386446,3,10,50
Density-guided CNP (ours),cell17,2637.0,0.18467737922072414,0.0030113844232350626,0.0031718642850614635,3,10,50
Density-guided CNP (ours),cell17,2638.0,0.18612643892069655,0.00851361552943748,0.0032808018910968607,3,10,50
Density-guided CNP (ours),cell17,2639.0,0.18143360245227813,0.015164665271609302,0.0049923371435157205,3,10,50
Density-guided CNP (ours),cell17,2640.0,0.16793294013291596,0.02946394509416208,0.008823030553403112,3,10,50
Density-guided CNP (ours),cell17,2641.0,0.17054268405338127,0.024916433545403332,0.0073924752504974205,3,10,50
Density-guided CNP (ours),cell17,2642.0,0.1823088623434305,0.0063578443169748115,0.003808780770247307,3,10,50
Density-guided CNP (ours),cell17,2643.0,0.1833739473124345,0.008604162336661223,0.003352010251074475,3,10,50
Density-guided CNP (ours),cell17,2644.0,0.1829287346651157,0.0061872316619471296,0.0036674314861507933,3,10,50
Density-guided CNP (ours),cell17,2645.0,0.1845359462251266,0.010065553646727753,0.003655957594562458,3,10,50
Density-guided CNP (ours),cell17,2646.0,0.18698530668516952,0.006910456957548692,0.00426845836448378,3,10,50
Density-guided CNP (ours),cell17,2647.0,0.17303834062318005,0.023023655957246963,0.006869891416973091,3,10,50
Density-guided CNP (ours),cell17,2648.0,0.1657793604185184,0.027928527138516256,0.009604295513914757,3,10,50
Density-guided CNP (ours),cell17,2649.0,0.15545163352094823,0.028490287425679973,0.02493494815643797,3,10,50
Density-guided CNP (ours),cell17,2650.0,0.1543068897699025,0.028595799605885215,0.02752131113274972,3,10,50
Density-guided CNP (ours),cell17,2651.0,0.1517204085100384,0.03096488376965436,0.02585825722499008,3,10,50
Density-guided CNP (ours),cell17,2652.0,0.15779659989948414,0.029057694595095995,0.026853214834644482,3,10,50
Density-guided CNP (ours),cell17,2653.0,0.1620681069475492,0.029874726739403466,0.02765228424444867,3,10,50
Density-guided CNP (ours),cell17,2654.0,0.15461454282845566,0.03220705892279794,0.025128121675988213,3,10,50
Density-guided CNP (ours),cell17,2655.0,0.16984504981090623,0.0281923432328784,0.008939865649385393,3,10,50
Density-guided CNP (ours),cell17,2656.0,0.182537607083718,0.012629875485307904,0.0060140803655807365,3,10,50
Density-guided CNP (ours),cell17,2657.0,0.19180761422216888,0.0021960427796196965,0.0041846162694465635,3,10,50
Density-guided CNP (ours),cell17,2658.0,0.19001265993714334,0.0007536032441061961,0.004352925737416541,3,10,50
Density-guided CNP (ours),cell17,2659.0,0.18913180418809253,0.004867291656500337,0.004046922819978766,3,10,50
Density-guided CNP (ours),cell17,2660.0,0.18520171566307544,0.00475339293960301,0.004819127095384907,3,10,50
Density-guided CNP (ours),cell17,2661.0,0.18644136427342892,0.01018058409711794,0.005839736997672385,3,10,50
Density-guided CNP (ours),cell17,2662.0,0.17131385134657226,0.030738981606924298,0.009446232065007106,3,10,50
Density-guided CNP (ours),cell17,2663.0,0.15693115678514002,0.03533146901822231,0.02430657146435949,3,10,50
Density-guided CNP (ours),cell17,2664.0,0.16149700401595812,0.027028435088191236,0.02908879464589943,3,10,50
Density-guided CNP (ours),cell17,2665.0,0.15542411351340224,0.02637814569046619,0.028249701057632387,3,10,50
Density-guided CNP (ours),cell17,2666.0,0.1643603486832144,0.024617224961289843,0.02951656992805846,3,10,50
Density-guided CNP (ours),cell17,2667.0,0.16231896466850596,0.02722342917319775,0.02739809004171061,3,10,50
Density-guided CNP (ours),cell17,2668.0,0.15852855610164504,0.02919079711098309,0.02860804322316331,3,10,50
Density-guided CNP (ours),cell17,2669.0,0.1575633240088761,0.026670704401493495,0.02707864266158504,3,10,50
Density-guided CNP (ours),cell17,2670.0,0.1716025085945924,0.026086154558207553,0.011252870008065444,3,10,50
Density-guided CNP (ours),cell17,2671.0,0.17550473911563555,0.023322188987742742,0.008041567454377388,3,10,50
Density-guided CNP (ours),cell17,2672.0,0.1889830202460289,0.0030926846621390364,0.0055525738024065074,3,10,50
Density-guided CNP (ours),cell17,2673.0,0.18669127481182413,0.011114321704140862,0.004788062867921264,3,10,50
Density-guided CNP (ours),cell17,2674.0,0.19468152906497319,0.008892169037271214,0.005087885042217654,3,10,50
Density-guided CNP (ours),cell17,2675.0,0.19386409471432367,0.006566623322677108,0.005187614614654139,3,10,50
Density-guided CNP (ours),cell17,2676.0,0.1864678529103597,0.010933269224301477,0.006242306097555457,3,10,50
Density-guided CNP (ours),cell17,2677.0,0.17214275152981282,0.029981069743417535,0.010120040530020177,3,10,50
Density-guided CNP (ours),cell17,2678.0,0.16588789528147993,0.03060664416677186,0.026977114185581658,3,10,50
Density-guided CNP (ours),cell17,2679.0,0.16558272093625176,0.02550315506111883,0.030089533953567244,3,10,50
Density-guided CNP (ours),cell17,2680.0,0.1661817016826244,0.02898686174061574,0.030773120395094115,3,10,50
Density-guided CNP (ours),cell17,2681.0,0.16616510825406294,0.026784683866360924,0.02934426993402925,3,10,50
Density-guided CNP (ours),cell17,2682.0,0.1653818266148907,0.024320808434555787,0.03106706539390965,3,10,50
Density-guided CNP (ours),cell17,2683.0,0.16128603476716916,0.028062679962596662,0.030552842895266396,3,10,50
Density-guided CNP (ours),cell17,2684.0,0.1626690448459631,0.023778650286893688,0.030272268702260005,3,10,50
Density-guided CNP (ours),cell17,2685.0,0.16626819266830473,0.023939241849215212,0.030429204962795855,3,10,50
Density-guided CNP (ours),cell17,2686.0,0.16358776924403354,0.02822735985755638,0.030662986198281648,3,10,50
Density-guided CNP (ours),cell17,2687.0,0.16066592430123516,0.019848751561609014,0.030606265187582426,3,10,50
Density-guided CNP (ours),cell17,2688.0,0.16602065218536882,0.02518334082384979,0.03060306151987911,3,10,50
Density-guided CNP (ours),cell17,2689.0,0.1654678155001602,0.023083771457849716,0.03199569160306424,3,10,50
Density-guided CNP (ours),cell17,2690.0,0.16639146699989213,0.025920006440736106,0.029806215732747485,3,10,50
Density-guided CNP (ours),cell17,2691.0,0.17588204384346803,0.02772475458723234,0.013677832004341603,3,10,50
Density-guided CNP (ours),cell17,2692.0,0.18289803148309391,0.021392477986513527,0.009878145607636966,3,10,50
Density-guided CNP (ours),cell17,2693.0,0.19336456058422724,0.005848933879610745,0.0061378585232971655,3,10,50
Density-guided CNP (ours),cell17,2694.0,0.2016438639660676,0.00738290169686528,0.006383699758727921,3,10,50
Density-guided CNP (ours),cell17,2695.0,0.1972873928795258,0.00378829862510985,0.0062314064449398784,3,10,50
Density-guided CNP (ours),cell17,2696.0,0.2016951619734367,0.00843745698215088,0.006693986999751335,3,10,50
Density-guided CNP (ours),cell17,2697.0,0.18720616904894513,0.017878107305361397,0.008485178949270578,3,10,50
Density-guided CNP (ours),cell17,2698.0,0.18179568002621335,0.02660077515625614,0.012533640345395993,3,10,50
Density-guided CNP (ours),cell17,2699.0,0.16437102856867328,0.025857040752587566,0.03112095829637676,3,10,50
Density-guided CNP (ours),cell17,2700.0,0.16341227143935128,0.034098509781175,0.03126598380695075,3,10,50
Density-guided CNP (ours),cell17,2701.0,0.1587654862407726,0.043790448671639746,0.030184871048854218,3,10,50
Density-guided CNP (ours),cell17,2702.0,0.18277508922169608,0.030881275588671098,0.014257379776620617,3,10,50
Density-guided CNP (ours),cell17,2703.0,0.1848223501741886,0.021913501256482785,0.01006898952801269,3,10,50
Density-guided CNP (ours),cell17,2704.0,0.2016232553074757,0.009432891645856761,0.006980606295146417,3,10,50
Density-guided CNP (ours),cell17,2705.0,0.20222634894649186,0.009507607010769803,0.006653264788190602,3,10,50
Density-guided CNP (ours),cell17,2706.0,0.20218976633747418,0.005051365925721384,0.006645352502017049,3,10,50
Density-guided CNP (ours),cell17,2707.0,0.20245631743470827,0.008008589072112826,0.007401894231128448,3,10,50
Density-guided CNP (ours),cell17,2708.0,0.18793162479499972,0.02497947674422887,0.011035621020377423,3,10,50
Density-guided CNP (ours),cell17,2709.0,0.1795696712334951,0.028518962499684778,0.015067740722055497,3,10,50
Density-guided CNP (ours),cell17,2710.0,0.15672490928179225,0.06146404502340008,0.039086395668481634,3,10,50
Density-guided CNP (ours),cell17,2711.0,0.14352037660511754,0.06125690201927876,0.03952474406325953,3,10,50
Density-guided CNP (ours),cell17,2712.0,0.1447797974209971,0.05977177060517066,0.039888556741940966,3,10,50
Density-guided CNP (ours),cell17,2713.0,0.14155571992229185,0.06083526809944196,0.04035646957818074,3,10,50
Density-guided CNP (ours),cell17,2714.0,0.1446641054065173,0.060575248042876444,0.04103083625146959,3,10,50
Density-guided CNP (ours),cell17,2715.0,0.15171940751566218,0.06845264873588225,0.03836386719065476,3,10,50
Density-guided CNP (ours),cell17,2716.0,0.1766571753422419,0.03563954681212993,0.015269711912408156,3,10,50
Density-guided CNP (ours),cell17,2717.0,0.18621710825463134,0.026153265627696265,0.012055814423549504,3,10,50
Density-guided CNP (ours),cell17,2718.0,0.2016832482467095,0.008286560078831585,0.008492385565604525,3,10,50
Density-guided CNP (ours),cell17,2719.0,0.2089474358012279,0.00393917551922575,0.008575978746281939,3,10,50
Density-guided CNP (ours),cell17,2720.0,0.20790549224615096,0.009507480981751396,0.008083618361124175,3,10,50
Density-guided CNP (ours),cell17,2721.0,0.20659712129831317,0.009572177238279318,0.008936017626104324,3,10,50
Density-guided CNP (ours),cell17,2722.0,0.19050387733678023,0.029492746608518947,0.013321394412992371,3,10,50
Density-guided CNP (ours),cell17,2723.0,0.16169454120126647,0.0541827740711976,0.025698723395697943,3,10,50
Density-guided CNP (ours),cell17,2724.0,0.1589183182867758,0.06304664791293015,0.027421607178151217,3,10,50
Density-guided CNP (ours),cell17,2725.0,0.1911485989764333,0.03162201534233534,0.013300958693797665,3,10,50
Density-guided CNP (ours),cell17,2726.0,0.20916926031808059,0.013769663837861506,0.009424128871590528,3,10,50
Density-guided CNP (ours),cell17,2727.0,0.2134915631761153,0.008948538138987732,0.009519500170568086,3,10,50
Density-guided CNP (ours),cell17,2728.0,0.2129120448579391,0.01008117828158239,0.008576907345564549,3,10,50
Density-guided CNP (ours),cell17,2729.0,0.21041406462589898,0.011146891251997122,0.009101960499683702,3,10,50
Density-guided CNP (ours),cell17,2730.0,0.18927618750929834,0.03166296595227301,0.012811127663652748,3,10,50
Density-guided CNP (ours),cell17,2731.0,0.16671649708474676,0.045681643336379536,0.022364401690369278,3,10,50
Density-guided CNP (ours),cell17,2732.0,0.13626486758517786,0.08237813289688148,0.031703054290612896,3,10,50
Density-guided CNP (ours),cell17,2733.0,0.12421735881811431,0.07593723345721498,0.036555251791803904,3,10,50
Density-guided CNP (ours),cell17,2734.0,0.12064532508480381,0.07117203180060568,0.035274234069913556,3,10,50
Density-guided CNP (ours),cell17,2735.0,0.1223133837818265,0.06871994167410576,0.03724769519950527,3,10,50
Density-guided CNP (ours),cell17,2736.0,0.12164857670996813,0.0740249142570662,0.037643722646416494,3,10,50
Density-guided CNP (ours),cell17,2737.0,0.11345398425253735,0.06710635186119245,0.038619410858188284,3,10,50
Density-guided CNP (ours),cell17,2738.0,0.1136585173648006,0.07094764218192877,0.03795387629913668,3,10,50
Density-guided CNP (ours),cell17,2739.0,0.11322846694504064,0.06652103821057155,0.04117669733647059,3,10,50
Density-guided CNP (ours),cell17,2740.0,0.11162986605280335,0.07018869410367573,0.041804220168105415,3,10,50
Density-guided CNP (ours),cell17,2741.0,0.10646685303154724,0.06870010200797091,0.039124448313639815,3,10,50
Density-guided CNP (ours),cell17,2742.0,0.10303496626841539,0.0670835675701576,0.042818846769437,3,10,50
Density-guided CNP (ours),cell17,2743.0,0.10241126081929663,0.06498629384198401,0.04116725419976744,3,10,50
Density-guided CNP (ours),cell17,2744.0,0.09832417589256391,0.0706866208304652,0.04336432116568557,3,10,50
Density-guided CNP (ours),cell17,2745.0,0.09341010423108552,0.07009818308207483,0.041868934105793267,3,10,50
Density-guided CNP (ours),cell17,2746.0,0.0991149663732261,0.07545810378194284,0.044599439773518795,3,10,50
Density-guided CNP (ours),cell17,2747.0,0.09341815932321151,0.0747730057424394,0.04444363595385123,3,10,50
Density-guided CNP (ours),cell17,2748.0,0.10002173866506685,0.07959615042941097,0.04396309347704627,3,10,50
Density-guided CNP (ours),cell17,2749.0,0.09145138853499397,0.07452710845359431,0.04224715067801301,3,10,50
Density-guided CNP (ours),cell17,2750.0,0.09022342619631186,0.07504909699099381,0.04080573242797044,3,10,50
Density-guided CNP (ours),cell17,2751.0,0.08794956690357987,0.07427323269006245,0.04144826050990702,3,10,50
Density-guided CNP (ours),cell17,2752.0,0.089407888143002,0.08298225170001117,0.04291605656814074,3,10,50
Density-guided CNP (ours),cell17,2753.0,0.09378856731523166,0.08053692903645987,0.0429476564739496,3,10,50
Density-guided CNP (ours),cell17,2754.0,0.08678641772029612,0.0780851128554592,0.04299810215194343,3,10,50
Density-guided CNP (ours),cell17,2755.0,0.08803053809186501,0.07859969048371135,0.04290290883977962,3,10,50
Density-guided CNP (ours),cell17,2756.0,0.09055486927135037,0.07745849246391415,0.0417033189742349,3,10,50
Density-guided CNP (ours),cell17,2757.0,0.09005835783856553,0.08424454707358689,0.04241965985855659,3,10,50
Density-guided CNP (ours),cell17,2758.0,0.08878056755209612,0.07854608453112846,0.04443531131614251,3,10,50
Density-guided CNP (ours),cell17,2759.0,0.09113059963329685,0.07807145048533355,0.0426295888728394,3,10,50
Density-guided CNP (ours),cell17,2760.0,0.08852762078060188,0.07949814106676045,0.042379420861611616,3,10,50
Density-guided CNP (ours),cell17,2761.0,0.08668063242158495,0.0807306159287963,0.04394453254608025,3,10,50
Density-guided CNP (ours),cell17,2762.0,0.09349531525410808,0.08076912894142729,0.04319276355096032,3,10,50
Density-guided CNP (ours),cell17,2763.0,0.0883320702549475,0.07942345123685174,0.04488224398287028,3,10,50
Density-guided CNP (ours),cell17,2764.0,0.08889252189815672,0.08104189616145348,0.04328829579253631,3,10,50
Density-guided CNP (ours),cell17,2765.0,0.08518514301639031,0.07279967715793864,0.04265115513058032,3,10,50
Density-guided CNP (ours),cell17,2766.0,0.08867023350981192,0.07920854684728164,0.045653999121041344,3,10,50
Density-guided CNP (ours),cell17,2767.0,0.09048841598565681,0.07842059819336378,0.04461166603537731,3,10,50
Density-guided CNP (ours),cell17,2768.0,0.08767365030208991,0.07243766362922069,0.04456253446426525,3,10,50
Density-guided CNP (ours),cell17,2769.0,0.08963706996634331,0.07461796772381582,0.04649550185553314,3,10,50
Density-guided CNP (ours),cell17,2770.0,0.08721483366746179,0.07383183772324449,0.045005549232489984,3,10,50
Density-guided CNP (ours),cell17,2771.0,0.0902501929260446,0.07136308229373081,0.04534130222009477,3,10,50
Density-guided CNP (ours),cell17,2772.0,0.09012172979909276,0.07344565990755043,0.04580052390393587,3,10,50
Density-guided CNP (ours),cell17,2773.0,0.1006745542045931,0.06965497047853202,0.044217132267819655,3,10,50
Density-guided CNP (ours),cell17,2774.0,0.1413893532375781,0.0917474701025828,0.030316841388874135,3,10,50
Density-guided CNP (ours),cell17,2775.0,0.1939552969733874,0.022021856762821194,0.020513294616482085,3,10,50
Density-guided CNP (ours),cell17,2776.0,0.2152281526277463,0.01713275606660663,0.016119901152141656,3,10,50
Density-guided CNP (ours),cell17,2777.0,0.2709327162454526,0.07337965389853028,0.02600285392587902,3,10,50
Density-guided CNP (ours),cell17,2778.0,0.2407525351246198,0.0562456874081304,0.02223773262339283,3,10,50
Density-guided CNP (ours),cell17,2779.0,0.2164444919427236,0.03584155231120652,0.019678038360883443,3,10,50
Density-guided CNP (ours),cell17,2780.0,0.21801154603560766,0.0168862131136123,0.01575762188324992,3,10,50
Density-guided CNP (ours),cell17,2781.0,0.1954688010116418,0.024312526495112608,0.020514835920835566,3,10,50
Density-guided CNP (ours),cell17,2782.0,0.14337735494895362,0.09162593912674237,0.031387142626357355,3,10,50
Density-guided CNP (ours),cell17,2783.0,0.10144598958323452,0.07054836062677824,0.044262464135891466,3,10,50
Density-guided CNP (ours),cell17,2784.0,0.07170033978898331,0.0419399638705086,0.04674057831734363,3,10,50
Density-guided CNP (ours),cell17,2785.0,0.06122795208930498,0.02561945828983978,0.05055833751212796,3,10,50
Density-guided CNP (ours),cell17,2786.0,0.05933880581861741,0.022141745409792277,0.05165211851592039,3,10,50
Density-guided CNP (ours),cell17,2787.0,0.06012757981285299,0.016872419722308556,0.05160891136881115,3,10,50
Density-guided CNP (ours),cell17,2788.0,0.05625705278750199,0.0143325528275026,0.05217851279650021,3,10,50
Density-guided CNP (ours),cell17,2789.0,0.0518844862988414,0.01350559500844143,0.053062967383371934,3,10,50
Density-guided CNP (ours),cell17,2790.0,0.04795289650347937,0.010549600464333982,0.05387827381597667,3,10,50
Density-guided CNP (ours),cell17,2791.0,0.04977886281785262,0.009179447772712648,0.052328435992732604,3,10,50
Density-guided CNP (ours),cell17,2792.0,0.050688082648698285,0.008990535193595179,0.051242778062275035,3,10,50
Density-guided CNP (ours),cell17,2793.0,0.041131071984368335,0.015020370354438402,0.03651705467040817,3,10,50
Density-guided CNP (ours),cell17,2794.0,0.04480923639690929,0.014609205629629057,0.03684429697550104,3,10,50
Density-guided CNP (ours),cell17,2795.0,0.03931177324685389,0.013584470499602474,0.03748309152992624,3,10,50
Density-guided CNP (ours),cell17,2796.0,0.03991968255127252,0.011804231518886531,0.03415692150832831,3,10,50
Density-guided CNP (ours),cell17,2797.0,0.04037959791131531,0.011685384112458175,0.03393156769277474,3,10,50
Density-guided CNP (ours),cell17,2798.0,0.04093026855114779,0.011858524670818264,0.034493804036569986,3,10,50
Density-guided CNP (ours),cell17,2799.0,0.03868430578249293,0.00950399937774958,0.033202146070228845,3,10,50
Density-guided CNP (ours),cell17,2800.0,0.03627444326835393,0.009955196269957249,0.02987953838847145,3,10,50
Density-guided CNP (ours),cell17,2801.0,0.03669717367943243,0.00944147494030125,0.02631334192511246,3,10,50
Density-guided CNP (ours),cell17,2802.0,0.03801687301802364,0.009597745059186431,0.02471854700836359,3,10,50
Density-guided CNP (ours),cell17,2803.0,0.037452402165263264,0.010888656530479662,0.022014159731925175,3,10,50
Density-guided CNP (ours),cell17,2804.0,0.07420372959736779,0.06946774737222593,0.02580125818351799,3,10,50
Density-guided CNP (ours),cell17,2805.0,0.1378361400175345,0.09643489674476621,0.019166889447283408,3,10,50
Density-guided CNP (ours),cell17,2806.0,0.1953114530146122,0.02601027635370798,0.02238036227082989,3,10,50
Density-guided CNP (ours),cell17,2807.0,0.21702423428495723,0.015166042317818505,0.019750275289185146,3,10,50
Density-guided CNP (ours),cell17,2808.0,0.33044063887993497,0.06363030948186753,0.022992797221689815,3,10,50
Density-guided CNP (ours),cell17,2809.0,0.3843768902420998,0.06744822837786671,0.023400493198673156,3,10,50
Density-guided CNP (ours),cell17,2810.0,0.2116504998107751,0.022171472035326052,0.02110267414018822,3,10,50
Density-guided CNP (ours),cell17,2811.0,0.1652033611703664,0.06564364398500122,0.02646847089446913,3,10,50
Density-guided CNP (ours),cell17,2812.0,0.11283822648128261,0.08287040542882214,0.019488234248480927,3,10,50
Density-guided CNP (ours),cell17,2813.0,0.041954422234204376,0.02329144097557783,0.01799671964165111,3,10,50
Density-guided CNP (ours),cell17,2814.0,0.03128101935762121,0.007975898901149657,0.018473419679106574,3,10,50
Density-guided CNP (ours),cell17,2815.0,0.03181893551111231,0.006967250975037705,0.018903873936329856,3,10,50
Density-guided CNP (ours),cell17,2816.0,0.032723527433540005,0.006774045893627537,0.01981065856901365,3,10,50
Density-guided CNP (ours),cell17,2817.0,0.03349623436631191,0.005648055220228262,0.016499153094229443,3,10,50
Density-guided CNP (ours),cell17,2818.0,0.0368786813818139,0.005789473371252036,0.016671169376800143,3,10,50
Density-guided CNP (ours),cell17,2819.0,0.0350239040872281,0.006082102517029787,0.015663426182613346,3,10,50
Density-guided CNP (ours),cell17,2820.0,0.03284624383206513,0.004036674433167631,0.015103655070016903,3,10,50
Density-guided CNP (ours),cell17,2821.0,0.03171845413261402,0.006137538631826496,0.014159608059807706,3,10,50
Density-guided CNP (ours),cell17,2822.0,0.07466763710427161,0.0724256343292315,0.015743459530678044,3,10,50
Density-guided CNP (ours),cell17,2823.0,0.1342796898521774,0.09307023767108602,0.01816135593239472,3,10,50
Density-guided CNP (ours),cell17,2824.0,0.2043954603523016,0.02592809406269652,0.024260534320530727,3,10,50
Density-guided CNP (ours),cell17,2825.0,0.21800296317537626,0.018336391877002808,0.02092626123380885,3,10,50
Density-guided CNP (ours),cell17,2826.0,0.3128079487582048,0.03497204742704844,0.020355400328941533,3,10,50
Density-guided CNP (ours),cell17,2827.0,0.29200126858552294,0.04361756513567888,0.01880469946709842,3,10,50
Density-guided CNP (ours),cell17,2828.0,0.22201607134441534,0.021275299061450578,0.020523001450567412,3,10,50
Density-guided CNP (ours),cell17,2829.0,0.30521486206849413,0.05544447087627593,0.016308686772524356,3,10,50
Density-guided CNP (ours),cell17,2830.0,0.33914881161848703,0.0354436153329288,0.015952425818856017,3,10,50
Density-guided CNP (ours),cell17,2831.0,0.38264130079746245,0.020182363315399136,0.01826883025882012,3,10,50
Density-guided CNP (ours),cell17,2832.0,0.3528533888856569,0.010061015803024648,0.01808469826829237,3,10,50
Density-guided CNP (ours),cell17,2833.0,0.3580886474053065,0.017541404098965,0.017878399135853304,3,10,50
Density-guided CNP (ours),cell17,2834.0,0.5084915662407875,0.035299123430029146,0.023825185280610783,3,10,50
Density-guided CNP (ours),cell17,2835.0,0.20700672184924285,0.021040693083307957,0.02313941615951443,3,10,50
Density-guided CNP (ours),cell17,2836.0,0.13716562322370857,0.09727297677738413,0.019110038218368413,3,10,50
Density-guided CNP (ours),cell17,2837.0,0.0639042801003743,0.053224903634924964,0.014857013142479189,3,10,50
Density-guided CNP (ours),cell17,2838.0,0.031223441080539493,0.0014871976983506518,0.007596759373751611,3,10,50
Density-guided CNP (ours),cell17,2839.0,0.027338627302661428,0.0025790738409887754,0.006169769952645728,3,10,50
Density-guided CNP (ours),cell17,2840.0,0.02780819340449292,0.0025868123014881382,0.008464979474016802,3,10,50
Density-guided CNP (ours),cell17,2841.0,0.029449374736842098,0.002620939386921777,0.006342414143389576,3,10,50
Density-guided CNP (ours),cell17,2842.0,0.02927695792207184,0.0006102299332516679,0.005995101721961015,3,10,50
Density-guided CNP (ours),cell17,2843.0,0.030931720970385258,0.0011167891493930775,0.007115577964182225,3,10,50
Density-guided CNP (ours),cell17,2844.0,0.026405950965013594,0.0035107487013036147,0.008960015075572926,3,10,50
Density-guided CNP (ours),cell17,2845.0,0.09696012972621249,0.08711406584033927,0.020311506332257312,3,10,50
Density-guided CNP (ours),cell17,2846.0,0.1538821858080919,0.10236011962702342,0.023056083874632493,3,10,50
Density-guided CNP (ours),cell17,2847.0,0.22361237321297325,0.01554097630122255,0.02341092830488324,3,10,50
Density-guided CNP (ours),cell17,2848.0,0.4518282413582007,0.05735500600777291,0.0220342335307563,3,10,50
Density-guided CNP (ours),cell17,2849.0,0.4984551313320796,0.05182798769701129,0.02180201590109326,3,10,50
Density-guided CNP (ours),cell17,2850.0,0.5300561431646346,0.03889553533292897,0.021095970156555264,3,10,50
Density-guided CNP (ours),cell17,2851.0,0.5536249395012857,0.03259458595946644,0.023347281109714773,3,10,50
Density-guided CNP (ours),cell17,2852.0,0.5631897479494413,0.021154561957944625,0.0235981407347145,3,10,50
Density-guided CNP (ours),cell17,2853.0,0.567010117371877,0.032821824366670846,0.02267485015181241,3,10,50
Density-guided CNP (ours),cell17,2854.0,0.5545027144352596,0.032704074584331076,0.020366580415954464,3,10,50
Density-guided CNP (ours),cell17,2855.0,0.5122271334330241,0.04909026857911759,0.022370796867551414,3,10,50
Density-guided CNP (ours),cell17,2856.0,0.4546698343257109,0.04957101682963674,0.022408844112719234,3,10,50
Density-guided CNP (ours),cell17,2857.0,0.2222100061873595,0.018766976924423667,0.022311836571193056,3,10,50
Density-guided CNP (ours),cell17,2858.0,0.20133707016830646,0.04357383512848928,0.024500530142471676,3,10,50
Density-guided CNP (ours),cell17,2859.0,0.12953811838378895,0.09066703212494376,0.02103497471104149,3,10,50
Density-guided CNP (ours),cell17,2860.0,0.041825558535783784,0.01726115928301103,0.013307165115848554,3,10,50
Density-guided CNP (ours),cell17,2861.0,0.031819564015973203,0.0032202701869531057,0.005099884370171316,3,10,50
Density-guided CNP (ours),cell17,2862.0,0.03176384112474686,0.001918557099354297,0.007031165334892176,3,10,50
Density-guided CNP (ours),cell17,2863.0,0.025859058379708578,0.0015035603903331778,0.005903062767299818,3,10,50
Density-guided CNP (ours),cell17,2864.0,0.03325243382841048,0.0032988169351046916,0.008606276020609855,3,10,50
Density-guided CNP (ours),cell17,2865.0,0.029730945517355094,0.002031884411886841,0.005914179340424683,3,10,50
Density-guided CNP (ours),cell17,2866.0,0.03102760872368041,0.002785573929620411,0.006474141260486135,3,10,50
Density-guided CNP (ours),cell17,2867.0,0.08728693284703089,0.08736689010353572,0.01626231396935534,3,10,50
Density-guided CNP (ours),cell17,2868.0,0.14397567664962116,0.10502690540810063,0.019706996613229867,3,10,50
Density-guided CNP (ours),cell17,2869.0,0.22076910579204564,0.018886822022255834,0.02481836292313686,3,10,50
Density-guided CNP (ours),cell17,2870.0,0.08149550345912576,0.020030231951336096,0.005799711753457279,3,10,50
Density-guided CNP (ours),cell17,2871.0,0.10510678409039975,0.018229585132838323,0.007642462178269309,3,10,50
Density-guided CNP (ours),cell17,2872.0,0.2206241007124384,0.013956512273252565,0.02384415438756508,3,10,50
Density-guided CNP (ours),cell17,2873.0,0.1872992633779844,0.05653268922335036,0.02625294208389578,3,10,50
Density-guided CNP (ours),cell17,2874.0,0.11877421275411566,0.0850545782918627,0.02157125988276436,3,10,50
Density-guided CNP (ours),cell17,2875.0,0.03205575112563625,0.004500764146968291,0.009555355955830387,3,10,50
Density-guided CNP (ours),cell17,2876.0,0.029500418454847632,0.0007894473235480499,0.006304147496574496,3,10,50
Density-guided CNP (ours),cell17,2877.0,0.030961485122902862,0.0027529009746388735,0.007137450740056482,3,10,50
Density-guided CNP (ours),cell17,2878.0,0.02967546594118539,0.002194645443906955,0.012181234223759448,3,10,50
Density-guided CNP (ours),cell17,2879.0,0.033902459986248384,0.0022393332303793415,0.009766437582794774,3,10,50
Density-guided CNP (ours),cell17,2880.0,0.030168406043275055,0.0030398178997607943,0.005381422124190633,3,10,50
Density-guided CNP (ours),cell17,2881.0,0.03413181974734592,0.0021337214150747123,0.005565169395804064,3,10,50
Density-guided CNP (ours),cell17,2882.0,0.03197228672391914,0.0017040289104964365,0.0058207747386713506,3,10,50
Density-guided CNP (ours),cell17,2883.0,0.030659579488656163,0.003921481332527172,0.004147510368868705,3,10,50
Density-guided CNP (ours),cell17,2884.0,0.03290117350263366,0.002261570406875362,0.006030206514692151,3,10,50
Density-guided CNP (ours),cell17,2885.0,0.028886068976446647,0.003050562131745512,0.009247179776339248,3,10,50
Density-guided CNP (ours),cell17,2886.0,0.033330414552714495,0.003955552390517953,0.0060929012345114116,3,10,50
Density-guided CNP (ours),cell17,2887.0,0.030843572467653454,0.0025151504305821254,0.006878423094715379,3,10,50
Density-guided CNP (ours),cell17,2888.0,0.031139140086540767,0.0028324572546247137,0.006212764111816716,3,10,50
Density-guided CNP (ours),cell17,2889.0,0.03145290823797404,0.002085646563974838,0.006973022581550396,3,10,50
Density-guided CNP (ours),cell17,2890.0,0.03138251290331876,0.002274358693687581,0.007786106099975613,3,10,50
Density-guided CNP (ours),cell17,2891.0,0.027636971676141913,0.0022950586813404407,0.003817348594735842,3,10,50
Density-guided CNP (ours),cell17,2892.0,0.030539674927904947,0.0030244436413153605,0.005989378525711956,3,10,50
Density-guided CNP (ours),cell17,2893.0,0.03072483559841203,0.0014443068556079667,0.005141065711654651,3,10,50
Density-guided CNP (ours),cell17,2894.0,0.03185153916676791,0.0027014048295269967,0.005818220122012753,3,10,50
Density-guided CNP (ours),cell17,2895.0,0.032560221072208746,0.001396273738675927,0.0064996155856259985,3,10,50
Density-guided CNP (ours),cell17,2896.0,0.02972434145368243,0.002582306972490108,0.006846135350167526,3,10,50
Density-guided CNP (ours),cell17,2897.0,0.031127863200699723,0.00304616666120913,0.0055220995744631905,3,10,50
Density-guided CNP (ours),cell17,2898.0,0.03269490902532562,0.003445120903475327,0.00835419727571765,3,10,50
Density-guided CNP (ours),cell17,2899.0,0.0310022647086956,0.0011850793803311786,0.00596730169209219,3,10,50
Density-guided CNP (ours),cell17,2900.0,0.03465176756734823,0.003587047274704272,0.007105593229328563,3,10,50
Density-guided CNP (ours),cell17,2901.0,0.02784891123055423,0.002631431805903695,0.0055048123672722,3,10,50
Density-guided CNP (ours),cell17,2902.0,0.0337788753436871,0.003979665629207424,0.007338257879702186,3,10,50
Density-guided CNP (ours),cell17,2903.0,0.030972154573886652,0.0029474408421895967,0.006875493978933716,3,10,50
Density-guided CNP (ours),cell17,2904.0,0.027740727497025847,0.0010145085518340582,0.0037773883109667775,3,10,50
Density-guided CNP (ours),cell17,2905.0,0.03448178443358241,0.003860474357745234,0.007446529349314987,3,10,50
Density-guided CNP (ours),cell17,2906.0,0.033507484479718797,0.002680909910755193,0.00898144509007368,3,10,50
Density-guided CNP (ours),cell17,2907.0,0.035391568516003946,0.0017700984161505954,0.008627769717616543,3,10,50
Density-guided CNP (ours),cell17,2908.0,0.03618914935157833,0.0024651314688026774,0.007372223792468224,3,10,50
Density-guided CNP (ours),cell17,2909.0,0.038728472274044176,0.010333450274577516,0.012324993348120676,3,10,50
Density-guided CNP (ours),cell17,2910.0,0.1319675521612856,0.09233635990302388,0.02018522063001645,3,10,50
Density-guided CNP (ours),cell17,2911.0,0.2126852195064227,0.026732641074389187,0.025974888900676535,3,10,50
Density-guided CNP (ours),cell17,2912.0,0.2015771234234174,0.017369567265491746,0.017410300903933387,3,10,50
Density-guided CNP (ours),cell17,2913.0,0.1700640041033427,0.01778237743474013,0.01421791272515737,3,10,50
Density-guided CNP (ours),cell17,2914.0,0.2227145808090766,0.021161587759928862,0.018892273757400917,3,10,50
Density-guided CNP (ours),cell17,2915.0,0.1870373377253612,0.05976166777706918,0.027621901753772646,3,10,50
Density-guided CNP (ours),cell17,2916.0,0.09975889858382651,0.07801773556997231,0.02152682424958417,3,10,50
Density-guided CNP (ours),cell17,2917.0,0.02998786127661454,0.0026424964934435953,0.00812827483459236,3,10,50
Density-guided CNP (ours),cell17,2918.0,0.03188512197787835,0.002611826490973799,0.005613049396338777,3,10,50
Density-guided CNP (ours),cell17,2919.0,0.030094391756279492,0.0022131492967516803,0.004460960649397002,3,10,50
Density-guided CNP (ours),cell17,2920.0,0.030876806538675736,0.002784648387339532,0.0067539616753676006,3,10,50
Density-guided CNP (ours),cell17,2921.0,0.03163325022818026,0.0016306147528625699,0.004851147419047041,3,10,50
Density-guided CNP (ours),cell17,2922.0,0.03285828527479195,0.0026160409524641427,0.005967441514746613,3,10,50
Density-guided CNP (ours),cell17,2923.0,0.031164706176380303,0.0029562540051524056,0.006260692506655415,3,10,50
Density-guided CNP (ours),cell17,2924.0,0.033011461257502865,0.002347166852141166,0.004366673873213444,3,10,50
Density-guided CNP (ours),cell17,2925.0,0.03241672644289186,0.0025839655965163846,0.0057060755322867725,3,10,50
Density-guided CNP (ours),cell17,2926.0,0.035130870063498146,0.0013378602153134506,0.009944259563788901,3,10,50
Density-guided CNP (ours),cell17,2927.0,0.03190402417957254,0.0017305178925366262,0.008958697117440436,3,10,50
Density-guided CNP (ours),cell17,2928.0,0.034729444719462356,0.0019769359986934448,0.0069775825448526565,3,10,50
Density-guided CNP (ours),cell17,2929.0,0.03435907718729444,0.002446526972275762,0.006937235356405687,3,10,50
Density-guided CNP (ours),cell17,2930.0,0.03489885045965396,0.0019939344556847254,0.007233917916469137,3,10,50
Density-guided CNP (ours),cell17,2931.0,0.032861189004508254,0.001302225980122079,0.00794882425822296,3,10,50
Density-guided CNP (ours),cell17,2932.0,0.031975190675835624,0.0015235457563644984,0.0036639837366654548,3,10,50
Density-guided CNP (ours),cell17,2933.0,0.03313320538555612,0.0028851012049264328,0.008409396774676121,3,10,50
Density-guided CNP (ours),cell17,2934.0,0.02994390653768035,0.0026309235640643775,0.006558922673096753,3,10,50
Density-guided CNP (ours),cell17,2935.0,0.03037923499242849,0.002122326963856948,0.008771301045699557,3,10,50
Density-guided CNP (ours),cell17,2936.0,0.03561757341655539,0.0023877773072123443,0.005652987344974148,3,10,50
Density-guided CNP (ours),cell17,2937.0,0.030850506645622472,0.00201189282353124,0.00806494334463894,3,10,50
Density-guided CNP (ours),cell17,2938.0,0.029761900519684786,0.0021536036257271715,0.008285552530139411,3,10,50
Density-guided CNP (ours),cell17,2939.0,0.10130341465921448,0.07108116247773007,0.021111334517422004,3,10,50
Density-guided CNP (ours),cell17,2940.0,0.19612206270794075,0.04394394047588763,0.027301500814685454,3,10,50
Density-guided CNP (ours),cell17,2941.0,0.12571197279294333,0.019729704652117753,0.015437248796016623,3,10,50
Density-guided CNP (ours),cell17,2942.0,0.09711811317379275,0.01179019101075367,0.010290760134257686,3,10,50
Density-guided CNP (ours),cell17,2943.0,0.07150564674163858,0.007711297908964238,0.007854036579375322,3,10,50
Density-guided CNP (ours),cell17,2944.0,0.05937082854223747,0.006791714994818519,0.005724416952184235,3,10,50
Density-guided CNP (ours),cell17,2945.0,0.0627455248075227,0.009764821957009277,0.005212373346891406,3,10,50
Density-guided CNP (ours),cell17,2946.0,0.061657510465011,0.00760243875677691,0.005062883949078019,3,10,50
Density-guided CNP (ours),cell17,2947.0,0.1788547857676943,0.06664787787401014,0.028614199106229744,3,10,50
Density-guided CNP (ours),cell17,2948.0,0.08715410181336725,0.06407286786601157,0.02176757191360799,3,10,50
Density-guided CNP (ours),cell17,2949.0,0.0381372715172153,0.008106798950027258,0.01268396082513431,3,10,50
Density-guided CNP (ours),cell17,2950.0,0.12385458075631323,0.0816569931170577,0.019910270164300612,3,10,50
Density-guided CNP (ours),cell17,2951.0,0.2108075965642929,0.012848346565873399,0.025628139746129475,3,10,50
Density-guided CNP (ours),cell17,2952.0,0.052598510703692834,0.014949373343674197,0.0052229274722857795,3,10,50
Density-guided CNP (ours),cell17,2953.0,0.0449162454502657,0.011174520709961978,0.004426289431618625,3,10,50
Density-guided CNP (ours),cell17,2954.0,0.1783459428002437,0.0012908086038323943,0.01784617208595114,3,10,50
Density-guided CNP (ours),cell17,2955.0,0.14092347363998,0.0941863008780781,0.019646305053480393,3,10,50
Density-guided CNP (ours),cell17,2956.0,0.04794786811067995,0.026073804657884253,0.01846500603501158,3,10,50
Density-guided CNP (ours),cell17,2957.0,0.028758062837242814,0.001302143434120314,0.0057820590492971835,3,10,50
Density-guided CNP (ours),cell17,2958.0,0.02745188934069544,0.0017295635271123233,0.006699444315456216,3,10,50
Density-guided CNP (ours),cell17,2959.0,0.028280210736915473,0.001972491764882684,0.007411183211823861,3,10,50
Density-guided CNP (ours),cell17,2960.0,0.030538648285618062,0.0012081580827585034,0.006752873879073969,3,10,50
Density-guided CNP (ours),cell17,2961.0,0.032951953274656255,0.0016972151099842745,0.00634231548046207,3,10,50
Density-guided CNP (ours),cell17,2962.0,0.03036502187935063,0.001732485776069379,0.006819197042823129,3,10,50
Density-guided CNP (ours),cell17,2963.0,0.02849032474870425,0.002192322360120496,0.0062669210214878444,3,10,50
Density-guided CNP (ours),cell17,2964.0,0.03421322310428846,0.001439670621662692,0.009566362067900047,3,10,50
Density-guided CNP (ours),cell17,2965.0,0.028548400885318796,0.0016230508175072162,0.005103708310528986,3,10,50
Density-guided CNP (ours),cell17,2966.0,0.029826628186180943,0.0022125068748261602,0.004897964762087803,3,10,50
Density-guided CNP (ours),cell17,2967.0,0.02945324143490446,0.0012170497729623302,0.006729238145679069,3,10,50
Density-guided CNP (ours),cell17,2968.0,0.029634026914209244,0.002496303942736218,0.005532259949997982,3,10,50
Density-guided CNP (ours),cell17,2969.0,0.02811468012873532,0.0020281297432370236,0.006227595700493373,3,10,50
Density-guided CNP (ours),cell17,2970.0,0.051348641884105754,0.0313406670566104,0.02071008247945624,3,10,50
Density-guided CNP (ours),cell17,2971.0,0.1538905186871222,0.08652264224550688,0.025699970884820577,3,10,50
Density-guided CNP (ours),cell17,2972.0,0.24561114241182805,0.016111066203512183,0.020690532454392528,3,10,50
Density-guided CNP (ours),cell17,2973.0,0.1958462235033512,0.006858514904687946,0.01518397511320191,3,10,50
Density-guided CNP (ours),cell17,2974.0,0.21808949921031792,0.035029580497369574,0.016444539708165475,3,10,50
Density-guided CNP (ours),cell17,2975.0,0.25744503932694596,0.05658343126289343,0.017676718237262547,3,10,50
Density-guided CNP (ours),cell17,2976.0,0.26619443188110986,0.04957084150907874,0.01753571258570426,3,10,50
Density-guided CNP (ours),cell17,2977.0,0.3088215305358171,0.0672241090914414,0.020510728951578395,3,10,50
Density-guided CNP (ours),cell17,2978.0,0.1755156050734222,0.052754236953790834,0.028263244601929225,3,10,50
Density-guided CNP (ours),cell17,2979.0,0.07259638560162662,0.04482529940233837,0.02432352451194296,3,10,50
Density-guided CNP (ours),cell17,2980.0,0.031098116406901678,0.0018290459514224127,0.0056534552249524125,3,10,50
Density-guided CNP (ours),cell17,2981.0,0.034767097898108966,0.002490718089487246,0.0076721232329009835,3,10,50
Density-guided CNP (ours),cell17,2982.0,0.029198774007191484,0.0015309447447775164,0.004339742735878592,3,10,50
Density-guided CNP (ours),cell17,2983.0,0.03200791540205198,0.002759283812609674,0.0072888742035111045,3,10,50
Density-guided CNP (ours),cell17,2984.0,0.029651076705948073,0.001859479442414425,0.006222900331862856,3,10,50
Density-guided CNP (ours),cell17,2985.0,0.028327042487124875,0.0020194343917027745,0.0060096993082475,3,10,50
Density-guided CNP (ours),cell17,2986.0,0.03182047271769806,0.0020838630976723555,0.006053036642168603,3,10,50
Density-guided CNP (ours),cell17,2987.0,0.03193725859321663,0.002955068829595968,0.004703965743517944,3,10,50
Density-guided CNP (ours),cell17,2988.0,0.02822662564532281,0.0020029748464901413,0.00927806735557066,3,10,50
Density-guided CNP (ours),cell17,2989.0,0.02788100412274343,0.003463946350507376,0.00512807165158445,3,10,50
Density-guided CNP (ours),cell17,2990.0,0.07918336999981937,0.04311782911912342,0.024975865964503033,3,10,50
Density-guided CNP (ours),cell17,2991.0,0.18197997587174175,0.0366757496165997,0.02794792250775585,3,10,50
Density-guided CNP (ours),cell17,2992.0,0.1360595254873236,0.014853220947029922,0.010369838186608527,3,10,50
Density-guided CNP (ours),cell17,2993.0,0.1366066357418895,0.018191363946513384,0.010279726952976123,3,10,50
Density-guided CNP (ours),cell17,2994.0,0.2199306158522765,0.04526456516741374,0.017951234187751422,3,10,50
Density-guided CNP (ours),cell17,2995.0,0.11494580030836125,0.07386579469012647,0.02430447247621757,3,10,50
Density-guided CNP (ours),cell17,2996.0,0.030236719823772244,0.001310647374912879,0.008622500974382219,3,10,50
Density-guided CNP (ours),cell17,2997.0,0.02894925519722892,0.0028251500892902044,0.007634799517324618,3,10,50
Density-guided CNP (ours),cell17,2998.0,0.030606900014471347,0.002482829857124559,0.004040903013727695,3,10,50
Density-guided CNP (ours),cell17,2999.0,0.03036628849603221,0.0009722214246041352,0.006264485362626508,3,10,50
Density-guided CNP (ours),cell17,3000.0,0.027707207267589785,0.0010910594721855278,0.00422202542194262,3,10,50
