energy_kev,grid_spacing_kev,illustrative__original_n5000__m0,illustrative__original_n5000__m1,illustrative__original_n5000__m2,illustrative__original_n5000__ours,illustrative__context_only__kernel_context_only,illustrative__full_n18866_plus_context__kernel_pooled_data,illustrative__context_only__bernoulli_gp_matern32
500.0,1.0,0.37432315409183503,0.3456399828195572,0.45083680033683776,0.41261637806892393,0.3758697807788849,0.3486618101596832,0.38082879003820835
501.0,1.0,0.36594187557697294,0.3413616490364075,0.36205064356327055,0.41001236975193023,0.37575751543045044,0.3489018380641937,0.37892902399076434
502.0,1.0,0.3613225573301315,0.3408351719379425,0.24508556202054024,0.40526286005973816,0.375644326210022,0.3491685688495636,0.3772770922595612
503.0,1.0,0.36801809310913086,0.34117136895656586,0.2720453622937202,0.39614445209503174,0.3755301535129547,0.3494625389575958,0.37588972966980805
504.0,1.0,0.36481150627136233,0.3493270963430405,0.2992551973462105,0.4094393581151962,0.37541499733924866,0.349784255027771,0.37479255512590726
505.0,1.0,0.3608019387722015,0.34043664813041685,0.3043945863842964,0.4091132205724716,0.3752988874912262,0.35013407468795776,0.3740605639391106
506.0,1.0,0.3719873595237732,0.34161011695861815,0.34531457364559176,0.3980832552909851,0.37518176436424255,0.35051238536834717,0.37382909221395266
507.0,1.0,0.3629876208305359,0.33147540360689165,0.3609533643722534,0.37810752153396604,0.37506362795829773,0.3509193956851959,0.37426304982261627
508.0,1.0,0.36468063354492186,0.3422441649436951,0.32843408137559893,0.3465862935781479,0.3749444782733917,0.35135531425476074,0.3754560761597645
509.0,1.0,0.3731279492378235,0.3398588532209396,0.3293648535013199,0.38511838018894196,0.37482428550720215,0.3518201410770416,0.37748203347999265
510.0,1.0,0.35820099353790286,0.336830974817276,0.2433225095272064,0.24949634879827498,0.3747030198574066,0.352313756942749,0.38041297687740894
511.0,1.0,0.36431250870227816,0.3376778542995453,0.21411097243428232,0.20595783442258836,0.3745807111263275,0.3528358042240143,0.38432735764061476
512.0,1.0,0.3658541965484619,0.3511166051030159,0.27312040284276007,0.21680534571409227,0.37445732951164246,0.3533858358860016,0.38921363411324705
513.0,1.0,0.3664811235666275,0.34851192712783813,0.23205315962433815,0.2583620885014534,0.37433287501335144,0.3539629876613617,0.39491017982757626
514.0,1.0,0.36056581914424896,0.3439055186510086,0.3013539206981659,0.3650847315788269,0.3742072880268097,0.3545662760734558,0.4012078656574545
515.0,1.0,0.3717550188302994,0.346167950630188,0.279135400056839,0.3884922623634338,0.3740805983543396,0.35519424080848694,0.40793065468895406
516.0,1.0,0.36896160066127776,0.3383185690641403,0.31572570562362673,0.40441250264644624,0.3739527761936188,0.3558451533317566,0.4150013730802584
517.0,1.0,0.36913785338401794,0.34456090688705443,0.3775499337911606,0.41096210956573487,0.37382379174232483,0.3565168082714081,0.422359200859006
518.0,1.0,0.3664335989952087,0.3474236977100372,0.3838906779885292,0.4167377030849457,0.37369364500045776,0.3572065234184265,0.4298841605992152
519.0,1.0,0.37326055467128755,0.34713703095912934,0.3248405814170837,0.4133048099279404,0.3735623359680176,0.35791102051734924,0.43747351474434026
520.0,1.0,0.3684461772441864,0.3291089069843292,0.2693990474939346,0.4021043235063553,0.3734298348426819,0.35862645506858826,0.4449927150893416
521.0,1.0,0.36903430223464967,0.3436248534917831,0.2743676710128784,0.4019120198488235,0.3732961118221283,0.3593483567237854,0.45235061922022624
522.0,1.0,0.3691050362586975,0.33800571024417875,0.3178892531991005,0.411223024725914,0.3731611669063568,0.36007145047187805,0.45954918958003077
523.0,1.0,0.37000425934791564,0.3444081199169159,0.39809454560279844,0.4202259284257889,0.37302497029304504,0.3607897162437439,0.46660272053597396
524.0,1.0,0.3665301424264908,0.34788098216056823,0.4281720817089081,0.41621636986732485,0.372887521982193,0.3614962697029114,0.47352638461286745
525.0,1.0,0.3726451236009598,0.358107607960701,0.40299258440732955,0.41237661719322205,0.37274882197380066,0.3621833324432373,0.480335852121236
526.0,1.0,0.3779418808221817,0.33833358973264693,0.46992202937602995,0.41625438272953036,0.37260881066322327,0.36284226179122925,0.48704692691772067
527.0,1.0,0.3730528217554092,0.3411238580942154,0.4904958027601242,0.4260734283924103,0.3724674880504608,0.36346346139907837,0.4936752117221541
528.0,1.0,0.36682558059692383,0.3432320135831833,0.3634687688946724,0.43169211149215697,0.3723248243331909,0.3640363812446594,0.500227507910692
529.0,1.0,0.3713382351398468,0.34987241089344023,0.3284978187084198,0.4234649646282196,0.3721808195114136,0.3645496964454651,0.506679143932919
530.0,1.0,0.3781652945280075,0.35212632060050963,0.3210112777352333,0.40333197712898256,0.3720354735851288,0.3649912476539612,0.5130318882545879
531.0,1.0,0.36918716490268705,0.3367577874660492,0.33596108049154283,0.40253166437149046,0.3718887269496918,0.3653482496738434,0.5192256674356415
532.0,1.0,0.36874891459941866,0.35024125695228575,0.13154563926160334,0.41016302108764646,0.37174057960510254,0.3656074106693268,0.5251993587257857
533.0,1.0,0.37127226948738096,0.3599597978591919,0.27345372550189495,0.4184439343214035,0.3715910315513611,0.36575520038604736,0.5309044324300061
534.0,1.0,0.3670670199394226,0.34677199244499207,0.4366574394702911,0.420692440867424,0.37144002318382263,0.3657780885696411,0.536290971079751
535.0,1.0,0.3656347268819809,0.34221067011356354,0.39755182653665544,0.4209765356779098,0.3712875545024872,0.36566290259361267,0.5413070490390481
536.0,1.0,0.36810061395168303,0.3504804557561874,0.46653096228837965,0.4237519460916519,0.37113362550735474,0.365397185087204,0.5458892809347446
537.0,1.0,0.37132921159267424,0.35913672029972077,0.3458149215579033,0.4215424084663391,0.3709781765937805,0.3649696111679077,0.5499555997651271
538.0,1.0,0.37185962200164796,0.3580406641960144,0.27914128184318543,0.41910833060741426,0.3708212077617645,0.36437034606933594,0.5534341937335938
539.0,1.0,0.37818879663944244,0.34812988877296447,0.25663591869175434,0.4130915993452072,0.37066271901130676,0.3635915517807007,0.5562494328171397
540.0,1.0,0.3725585377216339,0.3528911739587784,0.2914719411730766,0.42222308456897734,0.37050265073776245,0.36262771487236023,0.558320305496494
541.0,1.0,0.3725005465745926,0.3601412773132324,0.22288976795971394,0.42582245290279386,0.3703410029411316,0.36147597432136536,0.5595787456396124
542.0,1.0,0.3745554596185684,0.35357394397258757,0.4508014506101608,0.4245492571592331,0.3701777458190918,0.3601365089416504,0.5599830667301262
543.0,1.0,0.3731977319717407,0.3531230264902115,0.447335222363472,0.4055132299661636,0.3700128495693207,0.3586125373840332,0.5595329834073794
544.0,1.0,0.3642376232147217,0.35374512016773224,0.2703990688920021,0.4073220318555832,0.36984631419181824,0.3569105267524719,0.5582606618685588
545.0,1.0,0.3693767833709717,0.3529751408100128,0.23046060681343078,0.4125280511379242,0.3696781396865845,0.3550400137901306,0.5562105159767015
546.0,1.0,0.36976343631744385,0.35089711129665374,0.2720047748088837,0.42378570735454557,0.3695082366466522,0.35301345586776733,0.5534608894271713
547.0,1.0,0.3765975272655487,0.35914867639541626,0.30961292654275896,0.4275526624917984,0.3693366050720215,0.35084593296051025,0.5501200343702095
548.0,1.0,0.3743215101957321,0.3551076674461365,0.31776467591524127,0.4188521444797516,0.36916324496269226,0.3485547602176666,0.5462975267644765
549.0,1.0,0.3772331929206848,0.35219186067581176,0.31963484913110735,0.42524775087833405,0.36898812651634216,0.34615886211395264,0.5420995806261146
550.0,1.0,0.3667515116930008,0.353405881524086,0.3594032484292984,0.4211130237579346,0.3688112199306488,0.34367838501930237,0.537629948124291
551.0,1.0,0.3745612293481827,0.3582028937339783,0.3557859227061272,0.4250352483987808,0.3686324954032898,0.34113410115242004,0.5329625331594698
552.0,1.0,0.3729947233200073,0.354175768494606,0.2786781769990921,0.42189298272132875,0.36845192313194275,0.3385467529296875,0.5280700617889451
553.0,1.0,0.3740448141098022,0.3505805951356888,0.3556331545114517,0.42044649362564085,0.36826950311660767,0.33593666553497314,0.5228672813058637
554.0,1.0,0.37226293861866,0.34474973022937777,0.3157023912668228,0.4140060240030289,0.36808517575263977,0.3333233594894409,0.517274890694388
555.0,1.0,0.37532836854457857,0.35966977417469026,0.2610428555309772,0.4158653402328491,0.36789894104003906,0.33072495460510254,0.5112474336855755
556.0,1.0,0.3729829752445221,0.3576327711343765,0.32463666260242463,0.41681844234466553,0.36771076917648315,0.32815811038017273,0.5047833298005262
557.0,1.0,0.3753599882125854,0.3498227995634079,0.33180235892534254,0.41198428511619567,0.36752063035964966,0.3256377577781677,0.49791585865745214
558.0,1.0,0.3706909304857254,0.35580685615539553,0.3219779121875763,0.41224499642848966,0.3673284947872162,0.32317692041397095,0.4906808933888982
559.0,1.0,0.3774490541219711,0.35352097630500795,0.3036405551433563,0.40662581264972686,0.36713433265686035,0.32078680396080017,0.483154691445435
560.0,1.0,0.37480523228645324,0.34912224888801574,0.34066826075315476,0.40514872789382933,0.36693811416625977,0.31847673654556274,0.4753937894644267
561.0,1.0,0.3804050916433334,0.35474938541650775,0.3251026025414467,0.4122274780273438,0.36673983931541443,0.316254198551178,0.4674502563989549
562.0,1.0,0.37335855424404146,0.3477581185102463,0.26939174234867097,0.41028031647205354,0.36653947830200195,0.3141251504421234,0.4593830370231018
563.0,1.0,0.37398410856723785,0.35046118795871734,0.2913901036977768,0.4097214084863663,0.36633697152137756,0.31209394335746765,0.451249792270616
564.0,1.0,0.37637027859687805,0.3528043937683105,0.3385862758755684,0.41010411858558654,0.36613228917121887,0.31016361713409424,0.4431072130541196
565.0,1.0,0.3795691758394241,0.3600358182191849,0.335843003988266,0.40967591881752013,0.3659254312515259,0.3083359897136688,0.4349943972845267
566.0,1.0,0.3749374443292618,0.3589812833070755,0.30862224847078323,0.4097779840230942,0.3657163679599762,0.30661195516586304,0.4268984374058391
567.0,1.0,0.3776755601167679,0.36091016590595243,0.2868354652822018,0.39986736834049225,0.36550506949424744,0.3049914836883545,0.41880423623624097
568.0,1.0,0.37535329461097716,0.35178437292575837,0.21281153261661528,0.4012596660852432,0.3652914762496948,0.30347388982772827,0.4107316534113181
569.0,1.0,0.37621149837970735,0.3556409624218941,0.22116864383220672,0.4059834265708923,0.36507558822631836,0.30205801129341125,0.4027041540690277
570.0,1.0,0.37342569828033445,0.36439979434013364,0.2408354723453522,0.4039438134431839,0.36485737562179565,0.3007422089576721,0.39474415570396104
571.0,1.0,0.3784278607368469,0.35883092880249023,0.26563295021653177,0.4094846898317337,0.36463677883148193,0.29952454566955566,0.3868503653185371
572.0,1.0,0.3745086568593979,0.36583449602127077,0.3650598087906837,0.4069158565998077,0.3644137978553772,0.29840287566185,0.37901100611381366
573.0,1.0,0.37830931425094605,0.35764059484004973,0.29209901958703993,0.4130621802806854,0.36418840289115906,0.29737505316734314,0.3712530445864104
574.0,1.0,0.3786200761795044,0.3602780079841614,0.26009795114398004,0.40418353319168093,0.36396053433418274,0.2964387834072113,0.36363258309134494
575.0,1.0,0.37847116589546204,0.364221111536026,0.32365931302309037,0.4145043349266052,0.36373019218444824,0.2955918610095978,0.35620892644732294
576.0,1.0,0.3710613650083542,0.3568123358488083,0.439779514670372,0.40591267108917234,0.3634973466396332,0.2948321998119354,0.34904451561556016
577.0,1.0,0.3697361171245575,0.364823779463768,0.4584834495186806,0.4078871750831604,0.3632619380950928,0.2941577732563019,0.3422054498786906
578.0,1.0,0.3830099380016327,0.35795584321022034,0.46244429767131806,0.41035390734672544,0.36302393674850464,0.29356682300567627,0.33575382484372085
579.0,1.0,0.38231311857700345,0.3543150240182877,0.4759987986087799,0.4026983028650284,0.3627833425998688,0.29305770993232727,0.329711639891741
580.0,1.0,0.3736887049674988,0.35752726703882215,0.43011987626552584,0.3901600927114487,0.3625400960445404,0.2926291227340698,0.32408968849739495
581.0,1.0,0.3792451024055481,0.3665231817960739,0.36672465682029726,0.33379469871520995,0.36229416728019714,0.2922798991203308,0.318907981991174
582.0,1.0,0.38316280901432037,0.3653603571653366,0.2718104612827301,0.2792031046748161,0.3620455265045166,0.29200926423072815,0.3142274622605896
583.0,1.0,0.38057712495326995,0.3671083033084869,0.20722234159708022,0.21123193800449372,0.3617941737174988,0.2918166518211365,0.3101409532532102
584.0,1.0,0.37575605750083924,0.3689303094148636,0.2108937619626522,0.23741686046123506,0.3615400195121765,0.2917018234729767,0.30666237648375727
585.0,1.0,0.3767505246400833,0.36449468731880186,0.30146332949399945,0.2284604775905609,0.3612830638885498,0.2916649580001831,0.30369617349839473
586.0,1.0,0.37838798999786377,0.35271797358989715,0.38458607912063597,0.3914452183246613,0.3610232472419739,0.2917064130306244,0.30118589396403195
587.0,1.0,0.38076585173606875,0.3558800321817398,0.35026379495859145,0.41615970969200133,0.3607605993747711,0.291826993227005,0.29910924118377125
588.0,1.0,0.3800173538923264,0.3672101902961731,0.4019112855195999,0.41495488584041595,0.360495001077652,0.2920278310775757,0.297454620722192
589.0,1.0,0.38096695125103,0.36950403451919556,0.44435918688774106,0.4076868504285812,0.36022648215293884,0.2923104465007782,0.2962566866686416
590.0,1.0,0.3862785863876343,0.36256525993347166,0.4450516223907471,0.4084553450345993,0.35995498299598694,0.29267674684524536,0.2955796450000321
591.0,1.0,0.3772075116634369,0.360425209403038,0.34581548392772676,0.40658625662326814,0.3596804738044739,0.29312893748283386,0.2954939666539076
592.0,1.0,0.38237566709518434,0.37149277329444885,0.23818108364939689,0.4040094643831253,0.35940292477607727,0.293669730424881,0.2960582307809432
593.0,1.0,0.38388273179531096,0.3641971755027771,0.37657420843839645,0.4059666383266449,0.35912230610847473,0.29430216550827026,0.29728601224786644
594.0,1.0,0.3879365402460098,0.3686852824687958,0.3016350793838501,0.40936130106449126,0.3588385581970215,0.29502972960472107,0.299165319773806
595.0,1.0,0.38034104943275454,0.36574833452701566,0.3608246070146561,0.4107037079334259,0.35855168104171753,0.2958562970161438,0.30168016426455324
596.0,1.0,0.38350697100162506,0.3652534693479538,0.5820610958337784,0.41342472434043886,0.3582616150379181,0.2967861294746399,0.30480915254241836
597.0,1.0,0.3815141475200653,0.36913187623023985,0.4324552446603775,0.41699931025505066,0.3579683303833008,0.2978239357471466,0.30853778450529035
598.0,1.0,0.3852684724330902,0.36791501700878143,0.2935375890135765,0.40428371727466583,0.3576717972755432,0.29897475242614746,0.3128428831848282
599.0,1.0,0.38709377706050874,0.3627078747749329,0.3502472358942032,0.40039470613002776,0.357371985912323,0.3002440631389618,0.31769881997263383
600.0,1.0,0.3834430986642838,0.36192519068717954,0.309908608943224,0.4018877023458481,0.35706886649131775,0.30163758993148804,0.3230874715761729
601.0,1.0,0.3883472329378128,0.3716534000635147,0.39957904428243635,0.40067000150680543,0.3567623794078827,0.3031614124774933,0.328997954915053
602.0,1.0,0.37986752688884734,0.3650938218832016,0.4565382957458496,0.39851322412490847,0.35645249485969543,0.30482184886932373,0.33542627477942233
603.0,1.0,0.38709875583648684,0.3628357195854187,0.3618753746151924,0.40170521080493926,0.356139212846756,0.3066253960132599,0.3423750136552144
604.0,1.0,0.38797313034534453,0.37260242462158205,0.33405987776815893,0.39350430786609647,0.35582247376441956,0.30857858061790466,0.3498530459722815
605.0,1.0,0.37616219878196716,0.36546949326992034,0.23227598913013936,0.40161202013492586,0.3555022180080414,0.31068795919418335,0.3578752584163567
606.0,1.0,0.3846524131298065,0.36203088343143464,0.20926766127347946,0.4008527773618698,0.35517847537994385,0.3129599094390869,0.36646225711646707
607.0,1.0,0.384404456615448,0.37124026238918306,0.21481840953230857,0.40802070558071135,0.3548511564731598,0.31540051102638245,0.3756387978083353
608.0,1.0,0.3857287257909775,0.3682937353849411,0.2753383556008339,0.4035362136363983,0.3545202314853668,0.31801530718803406,0.38540943127662786
609.0,1.0,0.3838802117109299,0.3717246901988983,0.32172863006591795,0.4048952424526215,0.35418570041656494,0.3208092451095581,0.39573877350565567
610.0,1.0,0.38397877275943754,0.3791508400440216,0.310339572429657,0.4046296042203903,0.35384753346443176,0.3237861692905426,0.4065830136468378
611.0,1.0,0.3836080068349838,0.3664559614658356,0.22643744602799415,0.3981038588285446,0.3535056412220001,0.3269489109516144,0.4178994383368604
612.0,1.0,0.38911318480968476,0.37106460094451904,0.5715810549259186,0.40209533274173737,0.35316002368927,0.3302987217903137,0.42964582954219566
613.0,1.0,0.3851293623447418,0.37482401907444,0.49635695695877075,0.3998084342479706,0.35281065106391907,0.3338351547718048,0.44176529436646206
614.0,1.0,0.38666157722473143,0.362617182135582,0.4252364602684975,0.39786456823349,0.35245752334594727,0.33755573630332947,0.45414708276429394
615.0,1.0,0.38353183746337893,0.37250718235969543,0.23021348817273973,0.4007982510328293,0.35210052132606506,0.34145569801330566,0.4666524446177007
616.0,1.0,0.3901229929924011,0.376428536772728,0.3242076712846756,0.40273317098617556,0.35173970460891724,0.345527708530426,0.47914015001800436
617.0,1.0,0.387041871547699,0.36923284351825714,0.33699085265398027,0.3996295666694641,0.3513749837875366,0.3497616946697235,0.491467608174764
618.0,1.0,0.3825412595272064,0.37469467282295227,0.3954227739572525,0.3984382325410843,0.35100632905960083,0.3541446030139923,0.5034910653233835
619.0,1.0,0.3843820482492447,0.37009121119976046,0.3440025310218334,0.3994556456804276,0.35063374042510986,0.35866042971611023,0.5150726708641855
620.0,1.0,0.379380105137825,0.36587947845458985,0.3543861003220081,0.39854604423046114,0.35025718808174133,0.3632902503013611,0.5261100442659128
621.0,1.0,0.3859172248840332,0.36017958402633665,0.3483881270885468,0.40010475993156436,0.34987661242485046,0.3680121600627899,0.5365116515334591
622.0,1.0,0.3855545312166214,0.3785118907690048,0.2065844528377056,0.40061805248260496,0.34949198365211487,0.37280169129371643,0.5461843585619022
623.0,1.0,0.3849874579906464,0.37011943459510804,0.15768616180866957,0.4019791275262833,0.34910330176353455,0.3776320517063141,0.5550326515759991
624.0,1.0,0.3868584775924683,0.370025098323822,0.1856503377854824,0.3999208652973175,0.3487105369567871,0.38247454166412354,0.5629583234984636
625.0,1.0,0.3881566858291626,0.3736269044876099,0.25325995579361915,0.39390460908412933,0.3483136296272278,0.38729920983314514,0.5698797610211699
626.0,1.0,0.3796092385053635,0.38282877564430234,0.24779695481061936,0.3954572880268097,0.3479125499725342,0.3920753300189972,0.5757423505089889
627.0,1.0,0.3880732995271683,0.3666790646314621,0.3138498929142952,0.3950216466188431,0.3475073277950287,0.39677223563194275,0.5805540854995854
628.0,1.0,0.3873670542240143,0.37903179705142975,0.38611640989780427,0.40182915031909944,0.34709787368774414,0.40135982632637024,0.5843754927983014
629.0,1.0,0.39147496163845064,0.38150526642799376,0.4055253612995148,0.3897471684217453,0.34668418765068054,0.40580934286117554,0.5872618370581222
630.0,1.0,0.3867068541049957,0.3772612851858139,0.37569369703531263,0.3988898158073425,0.3462662398815155,0.41009393334388733,0.589259179828332
631.0,1.0,0.3833857351541519,0.381188867688179,0.26802962318062784,0.39843072056770323,0.34584400057792664,0.4141892194747925,0.590404520589658
632.0,1.0,0.38541493654251097,0.3731794816255569,0.24895685464143752,0.40508689045906066,0.34541746973991394,0.4180738031864166,0.5907341086708868
633.0,1.0,0.3875341987609863,0.37679856181144716,0.2726169577240944,0.40060703992843627,0.34498658776283264,0.4217294454574585,0.5903201604143931
634.0,1.0,0.3882003057003021,0.3654577487707138,0.33258176922798155,0.39319787323474886,0.3445513844490051,0.4251413941383362,0.5892610886647276
635.0,1.0,0.38799432933330535,0.3816515839099884,0.30120735615491867,0.39865286827087404,0.3441118001937866,0.4282984137535095,0.5876512822462132
636.0,1.0,0.3934699857234955,0.37508346915245055,0.26620271980762483,0.397607581615448,0.34366780519485474,0.4311927556991577,0.5855585035054105
637.0,1.0,0.39093014180660246,0.371971480846405,0.24328325912356377,0.4061245024204254,0.3432193994522095,0.43382009863853455,0.5830077078281874
638.0,1.0,0.3903711134195328,0.3745651036500931,0.31300539314746856,0.3972920995950699,0.34276655316352844,0.43617919087409973,0.5800331355633546
639.0,1.0,0.3864417916536331,0.3777384328842163,0.42147091329097747,0.3991160213947296,0.34230926632881165,0.4382716715335846,0.576689649538082
640.0,1.0,0.3876763081550598,0.38484258711338043,0.4820403191447258,0.4095428252220154,0.3418475091457367,0.4401017427444458,0.5730300502409307
641.0,1.0,0.3982240092754364,0.37444897592067716,0.2125444331765175,0.4001810395717621,0.3413812816143036,0.44167575240135193,0.569103790422389
642.0,1.0,0.3898850506544113,0.3732477754354477,0.24863489151000975,0.40175585508346556,0.34091052412986755,0.4430018961429596,0.5649574985947652
643.0,1.0,0.3887886255979538,0.3813248670101166,0.1798321271315217,0.40227492213249205,0.340435266494751,0.44408997893333435,0.5606354908106681
644.0,1.0,0.38567547500133514,0.3860266751050949,0.11851645775139331,0.39772467851638793,0.33995550870895386,0.44495078921318054,0.5561802703624892
645.0,1.0,0.38870855152606965,0.37869892120361326,0.16506081990897656,0.39896618127822875,0.3394711911678314,0.4455961585044861,0.5516330144111379
646.0,1.0,0.3843093621730804,0.3854428517818451,0.16006132431328296,0.39849532961845396,0.33898231387138367,0.4460383951663971,0.5470340456796237
647.0,1.0,0.3848725736141205,0.3917575979232788,0.22731479667127133,0.4050473439693451,0.338488906621933,0.44629019498825073,0.5424232862649347
648.0,1.0,0.3873728477954865,0.3756964874267578,0.26609343752264975,0.40139649927616117,0.3379909098148346,0.44636449217796326,0.5378406893933203
649.0,1.0,0.3879833221435547,0.3759456413984299,0.23549630850553513,0.3988103502988815,0.3374883532524109,0.4462741017341614,0.5333343834599873
650.0,1.0,0.39337299287319183,0.3837261378765106,0.24574784561991692,0.4021748119592667,0.33698123693466187,0.44603168964385986,0.5289783065948725
651.0,1.0,0.39067298591136934,0.3851971083879471,0.2983101212978363,0.4049203372001648,0.33646953105926514,0.4456497132778168,0.5247562827034216
652.0,1.0,0.3910288780927658,0.37911484479904173,0.2651434250921011,0.3954139941930771,0.3359532356262207,0.44514015316963196,0.5205861234969547
653.0,1.0,0.38886954545974733,0.3811500859260559,0.6976948708295823,0.40266271114349367,0.33543238043785095,0.44451460242271423,0.5163862282668568
654.0,1.0,0.3874907803535461,0.3834282290935516,0.5433424824476242,0.4016223216056824,0.3349069356918335,0.4437841475009918,0.5121049039504761
655.0,1.0,0.38867444574832916,0.375900901556015,0.5407092142105102,0.3994094705581665,0.33437690138816833,0.4429592192173004,0.5077102094581551
656.0,1.0,0.39250929176807403,0.3824031203985214,0.6310257077217102,0.4051266324520111,0.33384227752685547,0.44204971194267273,0.5031698222012544
657.0,1.0,0.39247184336185453,0.3857066524028778,0.4886669278144836,0.4060271978378296,0.3333031237125397,0.4410648047924042,0.49845088105204294
658.0,1.0,0.3936691755056381,0.3879392433166504,0.35721018105745317,0.40143914103507994,0.33275938034057617,0.44001302123069763,0.49354354191200756
659.0,1.0,0.3837046378850937,0.38493519127368925,0.28153854437172415,0.404571253657341,0.33221110701560974,0.43890222907066345,0.4884900531040479
660.0,1.0,0.3952387446165085,0.3765926331281662,0.10396351568400859,0.4002623701095581,0.331658273935318,0.43773946166038513,0.48331644276021635
661.0,1.0,0.38901601374149325,0.38358318865299224,0.2553817409276962,0.3995512568950653,0.3311009109020233,0.4365310072898865,0.478049771203537
662.0,1.0,0.3938484060764313,0.3851972818374634,0.2716704416275024,0.40582533419132233,0.3305390477180481,0.435282438993454,0.4727528022581211
663.0,1.0,0.39111157298088073,0.3851493138074875,0.2466000286489725,0.4054640382528305,0.32997265458106995,0.4339984655380249,0.46746376923948674
664.0,1.0,0.39207331597805023,0.38354957282543184,0.2004487057030201,0.41105906903743744,0.32940182089805603,0.4326830208301544,0.46215373178613106
665.0,1.0,0.39700261533260345,0.3901241552829742,0.28444553047418597,0.4050967574119568,0.3288264870643616,0.4313391149044037,0.456801059768992
666.0,1.0,0.39233198642730716,0.3770546931028366,0.3884875428676605,0.4084573119878769,0.32824674248695374,0.4299689829349518,0.4513851582626671
667.0,1.0,0.3962230432033539,0.38226751267910003,0.3392810592055321,0.4132246345281601,0.3276625871658325,0.42857396602630615,0.44589276827416313
668.0,1.0,0.3913446849584579,0.3803758633136749,0.33731824457645415,0.40637914061546326,0.3270740211009979,0.4271546006202698,0.4403209060332074
669.0,1.0,0.3959341078996658,0.393175932765007,0.30415045768022536,0.4046743208169937,0.3264811038970947,0.425710529088974,0.4346591726358895
670.0,1.0,0.3846086782217026,0.386464427113533,0.13717123329639436,0.4016203063726425,0.3258838653564453,0.42424049973487854,0.42889680630202065
671.0,1.0,0.39201622068881986,0.3765741145610809,0.30282043129205705,0.41133761882781983,0.3252823054790497,0.4227425158023834,0.42302301802965303
672.0,1.0,0.3953640228509903,0.38714967131614686,0.3343449679017067,0.4099701458215714,0.3246764838695526,0.4212138056755066,0.4170271358059665
673.0,1.0,0.3942573857307434,0.384378587603569,0.492302178144455,0.40819785594940183,0.3240664601325989,0.4196507930755615,0.41089875052728075
674.0,1.0,0.39426637172698975,0.38573056399822236,0.4974634101986885,0.40370985090732575,0.3234522342681885,0.41804927587509155,0.4046278627740776
675.0,1.0,0.3973823493719101,0.38407690346240997,0.26553152695298193,0.4036967837810516,0.3228338658809662,0.41640445590019226,0.3982050296124555
676.0,1.0,0.3938098531961441,0.38760121941566467,0.3850257775187492,0.4076704180240631,0.3222113847732544,0.41471096873283386,0.3916215101429259
677.0,1.0,0.39126736581325533,0.39053104937076566,0.3952354601025581,0.40573357582092284,0.3215848505496979,0.4129630923271179,0.3848694076217498
678.0,1.0,0.3978813648223877,0.396036229133606,0.5305214244127273,0.4060927098989487,0.3209543228149414,0.4111548662185669,0.3779418046620151
679.0,1.0,0.3928801113367081,0.39111418902873996,0.3079944059997797,0.4099544471502304,0.3203198313713074,0.40928012132644653,0.3708362336140283
680.0,1.0,0.3983434683084488,0.3860956120491028,0.7580153751373291,0.40314080953598025,0.31968143582344055,0.40733274817466736,0.3635879502446926
681.0,1.0,0.3978668063879013,0.3881500554084778,0.6306688207387924,0.4035018116235733,0.3190391957759857,0.4053068161010742,0.3562485505623272
682.0,1.0,0.39865836381912234,0.391593924164772,0.5755626666545868,0.40966661989688874,0.31839317083358765,0.4031967222690582,0.34884441483080764
683.0,1.0,0.39267579197883606,0.39108044028282163,0.4666450148820877,0.40142113268375396,0.3177433907985687,0.40099743008613586,0.3413957773411198
684.0,1.0,0.40289325177669527,0.3924767106771469,0.19059241980314254,0.4083352154493332,0.3170899748802185,0.3987045884132385,0.3339234986865449
685.0,1.0,0.39220817387104034,0.3937348967790604,0.19011751607060431,0.4041063475608826,0.3164329528808594,0.3963147699832916,0.3264492589894985
686.0,1.0,0.38949073016643526,0.39769398510456083,0.13587324988096952,0.4102743357419968,0.3157723844051361,0.39382556080818176,0.3189957354675812
687.0,1.0,0.4015781635046005,0.4042910557985306,0.09112049343064427,0.4254756778478622,0.31510835886001587,0.3912357687950134,0.31158676232661264
688.0,1.0,0.3886407119035721,0.38275564432144166,0.14806849794462323,0.4225370764732361,0.3144409656524658,0.38854551315307617,0.30424747158252785
689.0,1.0,0.3974393928050995,0.3955942553281784,0.21686995949596166,0.42177435517311096,0.31377026438713074,0.3857562839984894,0.29700441411068823
690.0,1.0,0.3917542731761932,0.3838177734613419,0.1756668623536825,0.41270987391471864,0.3130963146686554,0.382871150970459,0.2898856610965481
691.0,1.0,0.39977838814258576,0.390708954334259,0.31290736138820646,0.4047511231899261,0.31241923570632935,0.37989458441734314,0.28292088713971
692.0,1.0,0.3974836355447769,0.39230440735816957,0.5164513227343559,0.4192924606800079,0.31173908710479736,0.37683260440826416,0.2761414375938216
693.0,1.0,0.3967991334199905,0.3953756749629974,0.6002669906616211,0.41366059124469756,0.3110559582710266,0.3736926317214966,0.26958038435793696
694.0,1.0,0.40391161262989045,0.3964117324352264,0.09169031586847268,0.40842859745025634,0.31036993861198425,0.3704834580421448,0.26327257620908995
695.0,1.0,0.3986677044630051,0.39332688868045806,0.26764910995960234,0.4202922707796097,0.30968111753463745,0.3672151267528534,0.2572505537809775
696.0,1.0,0.39555115818977354,0.38874515175819396,0.11752695030532777,0.4212125664949417,0.30898961424827576,0.36389875411987305,0.25152797586400766
697.0,1.0,0.4015934544801712,0.3991794925928116,0.21789213627576828,0.4184139394760132,0.30829551815986633,0.360546350479126,0.24608938078398523
698.0,1.0,0.3998381423950195,0.39585489630699155,0.6154532957077027,0.4095470768213272,0.30759891867637634,0.35717061161994934,0.24091368135219682
699.0,1.0,0.40003827452659607,0.4044925206899643,0.5493058130145073,0.4026422882080078,0.30689993500709534,0.35378479957580566,0.23598462043611335
700.0,1.0,0.39278294205665587,0.39575988113880156,0.28998925879597665,0.39760456860065463,0.3061986565589905,0.3504023849964142,0.2312906459268902
701.0,1.0,0.39959021031856534,0.4047733700275421,0.2797574165463448,0.40661648750305174,0.30549517273902893,0.34703704714775085,0.2268247457610073
702.0,1.0,0.4013768047094345,0.4018853366374969,0.46650702446699144,0.4146370965242386,0.304789662361145,0.3437022864818573,0.222584287310724
703.0,1.0,0.402364107966423,0.39521175384521484,0.32921505451202393,0.4112185484170914,0.3040821850299835,0.34041130542755127,0.21856704568028817
704.0,1.0,0.395207377076149,0.3918315887451172,0.3715475207567215,0.4066259562969208,0.303372859954834,0.33717697858810425,0.21475911596371589
705.0,1.0,0.3980368596315384,0.39640448093414304,0.4427247694134712,0.40728187561035156,0.30266183614730835,0.3340114951133728,0.21113789764740432
706.0,1.0,0.39624023020267485,0.40252742171287537,0.4711820641160011,0.401185302734375,0.3019492030143738,0.33092647790908813,0.2076840425535238
707.0,1.0,0.3968978804349899,0.4034512972831726,0.46555390655994416,0.4191563528776169,0.3012351095676422,0.3279327154159546,0.2043831448132778
708.0,1.0,0.40184913098812103,0.3921496945619583,0.46196891397237777,0.41780075550079343,0.3005196750164032,0.32504022121429443,0.2012255383729098
709.0,1.0,0.39614010334014893,0.3952102792263031,0.29118632718920706,0.4157168257236481,0.2998030185699463,0.3222581446170807,0.19820612351327327
710.0,1.0,0.39582805812358857,0.40064473867416384,0.3484015589952469,0.4171242868900299,0.2990853190422058,0.3195948004722595,0.19532422218037482
711.0,1.0,0.4024205070734024,0.39627440631389615,0.29208225950598715,0.40824207305908206,0.2983666658401489,0.31705763936042786,0.19258346248568614
712.0,1.0,0.4032247632741928,0.3989993369579315,0.26506440818309784,0.40989547431468965,0.2976472079753876,0.31465330719947815,0.18999169360620272
713.0,1.0,0.3999685329198837,0.40497945606708524,0.2999121329188347,0.41030354738235475,0.2969270944595337,0.312387615442276,0.18756092377088862
714.0,1.0,0.4010943478345871,0.395008744597435,0.14548497945070266,0.4005973196029663,0.29620644450187683,0.31026574969291687,0.1853038163110341
715.0,1.0,0.4035514771938324,0.4052022451162338,0.094374018907547,0.4239911872148514,0.2954854667186737,0.30829209089279175,0.18322815462704511
716.0,1.0,0.41048268496990203,0.4003785538673401,0.1494504317641258,0.431657555103302,0.2947642207145691,0.3064705431461334,0.1813377743762885
717.0,1.0,0.40652342438697814,0.39454820156097414,0.40417942598462103,0.44406102538108827,0.2940429151058197,0.3048042953014374,0.17963625701941055
718.0,1.0,0.398961084485054,0.4045346736907959,0.6548605787754059,0.4344948065280914,0.2933216989040375,0.3032962381839752,0.1781321212175726
719.0,1.0,0.4061354720592499,0.39422067821025847,0.4969952802360058,0.43279818654060365,0.29260072112083435,0.3019486665725708,0.17683756398673722
720.0,1.0,0.3961860847473144,0.4032537668943405,0.5800409132242202,0.43051499664783477,0.29188013076782227,0.30076366662979126,0.1757619680871585
721.0,1.0,0.3945368927717209,0.3996562731266022,0.38734922707080843,0.4176266479492188,0.29116010665893555,0.2997428774833679,0.17491741670482952
722.0,1.0,0.3988215523958206,0.4065348607301712,0.21033486530184745,0.41491975128650666,0.29044076800346375,0.29888781905174255,0.1743217098447758
723.0,1.0,0.4032189166545868,0.4025503468513489,0.15258425392210484,0.40168373882770536,0.2897223234176636,0.29819968342781067,0.173998573768813
724.0,1.0,0.4020926320552826,0.40009588837623594,0.07701909284107387,0.3968702632188797,0.289004921913147,0.2976795434951782,0.17397605856615428
725.0,1.0,0.40246193170547484,0.39749370217323304,0.08681297907605767,0.19448211535811424,0.28828874230384827,0.29732829332351685,0.17427480469496004
726.0,1.0,0.4036233282089233,0.40770236432552337,0.10524999792221934,0.09017879776656627,0.2875739336013794,0.2971467673778534,0.17491449456406372
727.0,1.0,0.4031068253517151,0.40473680436611176,0.09284688943997026,0.09512955635786056,0.2868606746196747,0.2971356213092804,0.1759217135373774
728.0,1.0,0.4014325934648514,0.4052983790636063,0.185925075635314,0.1445467483997345,0.28614914417266846,0.2972954213619232,0.177321326319543
729.0,1.0,0.4011278074979782,0.4083903735876083,0.4991337320208549,0.25520123898983,0.28543952107429504,0.2976265847682953,0.17908157110628053
730.0,1.0,0.40269302725791933,0.3929766070842743,0.4230518251657486,0.4000786888599396,0.2847319543361664,0.2981294095516205,0.18112908859097843
731.0,1.0,0.40684949219226835,0.403441481590271,0.2995902442932129,0.4435200786590576,0.2840266525745392,0.2988041341304779,0.18339577254971573
732.0,1.0,0.40849881410598754,0.4083129644393921,0.49331920862197876,0.45364644765853884,0.2833237946033478,0.299650639295578,0.18585110234437252
733.0,1.0,0.4054634088277817,0.4089417767524719,0.8304372632503509,0.4623426383733749,0.2826235294342041,0.30066871643066406,0.18847626310173382
734.0,1.0,0.4067166721820831,0.4025562131404877,0.7032669562101365,0.4527052289247513,0.28192609548568726,0.3018577992916107,0.1912508478797008
735.0,1.0,0.40559234023094176,0.40705334186553954,0.47587902426719664,0.4558882033824921,0.2812316119670868,0.30321699380874634,0.19415816018056375
736.0,1.0,0.39827139377593995,0.4089108234643936,0.5264118936657906,0.4511987978219986,0.2805403172969818,0.30474498867988586,0.19718523458470827
737.0,1.0,0.4074153542518616,0.4057909691333771,0.6088395673036575,0.4485474354028702,0.27985236048698425,0.3064400553703308,0.20031680709030297
738.0,1.0,0.4053138267993927,0.40857504546642304,0.4355854184925556,0.4428493058681488,0.27916795015335083,0.30829983949661255,0.20353327710097346
739.0,1.0,0.4042456156015396,0.4064930540323257,0.08798058004118502,0.4441220313310623,0.27848726511001587,0.31032127141952515,0.20681791341735334
740.0,1.0,0.4063349211215973,0.41158143401145936,0.3908147120475769,0.44579159677028657,0.2778104841709137,0.31250065565109253,0.21015739017002488
741.0,1.0,0.40351742565631865,0.40833564281463625,0.6182626003026962,0.44830056130886076,0.277137815952301,0.3148334324359894,0.21354181927733862
742.0,1.0,0.409000449180603,0.40485976278781893,0.7087880386412144,0.46024595975875854,0.2764694094657898,0.3173140287399292,0.21696478586659396
743.0,1.0,0.4138040179014206,0.40171447217464445,0.5477850336581469,0.46084720492362974,0.2758055329322815,0.31993600726127625,0.22042338555922925
744.0,1.0,0.4071909290552139,0.40156587421894074,0.5058259403705597,0.4410477340221405,0.2751463055610657,0.32269173860549927,0.22391809988266687
745.0,1.0,0.40052269518375394,0.40522837460041045,0.4297311896085739,0.4212673860788345,0.27449193596839905,0.32557252049446106,0.22744565281072937
746.0,1.0,0.40506976246833803,0.40914085566997527,0.38775593519210816,0.41387798011302945,0.27384263277053833,0.32856839895248413,0.23099589694783162
747.0,1.0,0.4097216260433197,0.41011922895908354,0.360328504294157,0.4419331586360931,0.27319857478141785,0.33166828751564026,0.23456092182453858
748.0,1.0,0.40961251795291903,0.41354871094226836,0.23634309239685536,0.4659602153301239,0.2725599706172943,0.33485981822013855,0.23813579801253582
749.0,1.0,0.40663813292980194,0.4166089910268784,0.24087280184030532,0.4676226645708084,0.27192696928977966,0.3381294906139374,0.2417185884289097
750.0,1.0,0.4058350133895874,0.4149441909790039,0.22447145417332648,0.46507261872291566,0.271299809217453,0.34146273136138916,0.2453103462947297
751.0,1.0,0.4084623771905899,0.40594882309436797,0.24869846522808076,0.46573793709278105,0.27067866921424866,0.34484389424324036,0.24890693487685667
752.0,1.0,0.4069035392999649,0.415772111415863,0.4712759184837341,0.45810582876205447,0.27006372809410095,0.34825652837753296,0.25247839317682974
753.0,1.0,0.4120813900232315,0.4226751637458801,0.6968716883659363,0.46192787706851957,0.2694551646709442,0.35168352723121643,0.2559901148215431
754.0,1.0,0.40057253956794736,0.4143315649032593,0.6706826865673066,0.45183139979839326,0.26885321736335754,0.35510727763175964,0.25940894774805656
755.0,1.0,0.4065307033061981,0.412902666926384,0.5853414046764374,0.43280026912689207,0.2682580351829529,0.35850992798805237,0.26270311838425187
756.0,1.0,0.40511182010173796,0.4073553204536438,0.5518238294124603,0.42913819968700406,0.26766979694366455,0.3618737757205963,0.2658421420383661
757.0,1.0,0.41508809745311737,0.4145277202129364,0.6396597582101822,0.4405962818861008,0.26708871126174927,0.36518141627311707,0.26880137436126006
758.0,1.0,0.4126155525445938,0.4132308679819107,0.4248772358894348,0.4488557058572769,0.26651498675346375,0.36841610074043274,0.2715967923296603
759.0,1.0,0.4083650600910187,0.4102139699459076,0.37069654643535616,0.45789371788501737,0.2659487724304199,0.37156209349632263,0.27426661679464814
760.0,1.0,0.4077797311544418,0.4152051967382431,0.29231436163187025,0.4621476823091507,0.2653902769088745,0.37460485100746155,0.27685230361225877
761.0,1.0,0.41426654934883117,0.4147236144542694,0.18797790203243495,0.4420266938209534,0.26483964920043945,0.37753134965896606,0.2793940751791979
762.0,1.0,0.4066191166639328,0.41420959055423734,0.09119773313403129,0.41471547245979307,0.26429712772369385,0.3803303837776184,0.2819169161426771
763.0,1.0,0.41186544120311736,0.41879409193992617,0.0905000816565007,0.39787992119789123,0.26376286149024963,0.38299256563186646,0.28442904720748174
764.0,1.0,0.41461282312870024,0.4189630979299545,0.1305176440998912,0.412724272608757,0.26323699951171875,0.38551074266433716,0.2869185721189069
765.0,1.0,0.41060830414295196,0.40883930802345275,0.12499034769833088,0.4468723076581955,0.2627197802066803,0.3878798484802246,0.2893631713383229
766.0,1.0,0.41272961139678954,0.41674223244190217,0.10118431657552719,0.4652166384458542,0.2622113525867462,0.3900970220565796,0.29174212403171396
767.0,1.0,0.4079097318649292,0.41305848717689514,0.11011275105178356,0.4501390045881271,0.26171186566352844,0.39216160774230957,0.2940363838726512
768.0,1.0,0.4145348709821701,0.41833492696285246,0.1365167690254748,0.44563071846961977,0.2612215280532837,0.39407509565353394,0.29621671587705123
769.0,1.0,0.40637753188610076,0.4186992782354355,0.23727372005581857,0.44809074103832247,0.2607405185699463,0.39584094285964966,0.29824075048128407
770.0,1.0,0.4182170462608337,0.4174494415521622,0.22659980580210687,0.46243488550186157,0.2602689564228058,0.39746442437171936,0.3000664983660499
771.0,1.0,0.4191291952133179,0.41278876066207887,0.5081588572263718,0.474095544219017,0.2598070800304413,0.39895251393318176,0.3016573849703832
772.0,1.0,0.4171121710538864,0.4158931690454483,0.5708105921372771,0.46869865238666536,0.25935497879981995,0.40031352639198303,0.30301717597671995
773.0,1.0,0.4091519194841385,0.4175101453065872,0.5689927411079406,0.4806460785865784,0.2589128613471985,0.401557058095932,0.30417215368726147
774.0,1.0,0.41286167204380037,0.41644015073776247,0.3102226296812296,0.4895153874158859,0.25848087668418884,0.40269362926483154,0.30515060462164456
775.0,1.0,0.4130131947994232,0.42015866994857787,0.3381222242116928,0.485906183719635,0.25805917382240295,0.403734415769577,0.30598271526469034
776.0,1.0,0.41570401906967164,0.41157148122787474,0.02152477584859298,0.4849825662374496,0.25764793157577515,0.4046911895275116,0.30669614008417057
777.0,1.0,0.41584994792938235,0.4147600102424622,0.3733055080519989,0.4969199347496033,0.25724729895591736,0.4055759310722351,0.30730075829308134
778.0,1.0,0.4177094930410385,0.41284836947917936,0.554078768491745,0.5037249386310577,0.25685739517211914,0.4064006507396698,0.30780309066295786
779.0,1.0,0.4153982597589493,0.41307225346565246,0.5392794874310494,0.5044591754674912,0.2564783990383148,0.4071773290634155,0.3082117712535819
780.0,1.0,0.4164919996261597,0.41553949534893037,0.5892627048492431,0.47651532769203186,0.25611045956611633,0.4079176187515259,0.3085375980678009
781.0,1.0,0.4167038631439209,0.42095254063606263,0.5770744293928146,0.4543311768770218,0.25575366616249084,0.40863272547721863,0.3087935782382374
782.0,1.0,0.4181564348936081,0.41735297977924346,0.3549191316962242,0.45297801077365873,0.25540822744369507,0.40933334827423096,0.30899496713811914
783.0,1.0,0.4206773066520691,0.4163154989480972,0.31554380893707273,0.4478079229593277,0.25507426261901855,0.41002950072288513,0.3091591784814227
784.0,1.0,0.418116552233696,0.42573830246925354,0.3367214274406433,0.39992531418800353,0.25475186109542847,0.4107304811477661,0.30929563885507605
785.0,1.0,0.41359981954097746,0.42372995674610137,0.4171822965145111,0.38197714030742647,0.25444120168685913,0.411444753408432,0.30939804927510295
786.0,1.0,0.42272486388683317,0.42501531541347504,0.21854505147784947,0.3610162854194641,0.2541423738002777,0.4121798276901245,0.3094564927745864
787.0,1.0,0.4107882082462311,0.42067696452140807,0.30211163237690924,0.4385213106870651,0.25385555624961853,0.41294240951538086,0.3094487849363077
788.0,1.0,0.4142766708135605,0.41970538020133974,0.33092018991708755,0.47386662781238553,0.25358080863952637,0.4137381315231323,0.3093712181280921
789.0,1.0,0.41233934938907624,0.42134953498840333,0.26478036180138587,0.4766079807281494,0.25331830978393555,0.414571613073349,0.3092276688261677
790.0,1.0,0.41598329424858094,0.41920187175273893,0.25413796871900557,0.4799799591302872,0.25306811928749084,0.4154464304447174,0.30902403398505385
791.0,1.0,0.41890606462955476,0.4157860100269318,0.25216565147042275,0.48298344552516936,0.2528303861618042,0.4163650572299957,0.3087683422829173
792.0,1.0,0.42106082260608674,0.4166223633289337,0.1942134393751621,0.4880080956220627,0.2526051998138428,0.4173288345336914,0.30847085826945886
793.0,1.0,0.4184405928850174,0.4181622415781021,0.17800858177244663,0.515295323729515,0.25239264965057373,0.41833800077438354,0.30814418620428796
794.0,1.0,0.41486415088176726,0.4228929525613785,0.259239249676466,0.5145934915542603,0.252192884683609,0.41939157247543335,0.30780337871362917
795.0,1.0,0.42508231282234193,0.4209406942129135,0.5166000056266785,0.49769316494464877,0.2520059645175934,0.4204873740673065,0.30746605450462994
796.0,1.0,0.43067193746566773,0.41863251447677613,0.21294584490358828,0.4848084807395935,0.2518320083618164,0.42162197828292847,0.3071525286338783
797.0,1.0,0.4267106384038925,0.4264062535762787,0.7250497454404831,0.4936982786655426,0.25167107582092285,0.4227907657623291,0.3068859582511436
798.0,1.0,0.41524497866630555,0.4297564387321472,0.592923663854599,0.4977429133653641,0.25152328610420227,0.4239877462387085,0.3066925063552617
799.0,1.0,0.42016837060451506,0.41800811111927033,0.44298179388046266,0.4878417730331421,0.2513887286186218,0.425205796957016,0.306601525863357
800.0,1.0,0.4194342440366745,0.4210167568922043,0.3482158800959587,0.48768057584762575,0.2512674629688263,0.4264363944530487,0.3066455716689802
801.0,1.0,0.4115452337265015,0.43370064795017244,0.6443727904558182,0.46975158512592313,0.25115957856178284,0.42766985297203064,0.30684966424786353
802.0,1.0,0.41910925567150115,0.4360764193534851,0.8044897627830505,0.4759286093711853,0.25106513500213623,0.4288952052593231,0.3072254690519003
803.0,1.0,0.4173255622386932,0.4234302049875259,0.3875819981098175,0.4846460497379303,0.25098419189453125,0.43010035157203674,0.3077763866067471
804.0,1.0,0.41807051599025724,0.42898969769477846,0.34422498524188994,0.4942847764492035,0.25091686844825745,0.431272029876709,0.3084923893676432
805.0,1.0,0.423016802072525,0.42684707581996917,0.393669448196888,0.5003313916921616,0.2508631944656372,0.4323959946632385,0.30936577135764765
806.0,1.0,0.4232916855812073,0.43187839686870577,0.44228409595787527,0.5042204910516739,0.2508232295513153,0.4334571063518524,0.3103927148070511
807.0,1.0,0.4259354990720749,0.41946239173412325,0.12597923010092926,0.5105549132823944,0.2507970333099365,0.4344395101070404,0.31157329861184735
808.0,1.0,0.41751418948173524,0.41986207783222196,0.3870830369740725,0.5047953194379806,0.25078466534614563,0.4353266954421997,0.31291152715016324
809.0,1.0,0.4226358222961426,0.4253724896907806,0.42160466700792315,0.5071776562929153,0.250786155462265,0.43610188364982605,0.3144153801394509
810.0,1.0,0.4222735095024109,0.43059134781360625,0.7611965838074685,0.5183727979660034,0.25080156326293945,0.4367481470108032,0.31609688376966005
811.0,1.0,0.42694196462631223,0.42559004366397857,0.4303282514214516,0.5173515683412552,0.2508309483528137,0.43724867701530457,0.3179722028478409
812.0,1.0,0.41363564014434817,0.4284136688709259,0.20171632801182568,0.4957457959651947,0.2508743405342102,0.4375871419906616,0.3200617530904992
813.0,1.0,0.4265812611579895,0.42636876702308657,0.5302887272834778,0.48555065274238585,0.2509317696094513,0.43774789571762085,0.32239033200562517
814.0,1.0,0.42076609015464783,0.429579473733902,0.4623154439032078,0.47443678855896,0.2510032653808594,0.43771636486053467,0.32498143363170584
815.0,1.0,0.4271063059568405,0.4300657373666763,0.17227594315074385,0.47790977358818054,0.25108885765075684,0.4374793469905853,0.32783513447139967
816.0,1.0,0.4257209920883179,0.42829091429710386,0.041342191625662966,0.48300261557102203,0.25118857622146606,0.4370252788066864,0.3309290457733596
817.0,1.0,0.42549087524414064,0.4346079659461975,0.20523613812401892,0.4705928260087967,0.25130245089530945,0.43634459376335144,0.334239871032878
818.0,1.0,0.4244911962747574,0.43118567049503326,0.499630863070488,0.47023096978664397,0.251430481672287,0.43542996048927307,0.3377476574881939
819.0,1.0,0.4228929191827774,0.4289770138263702,0.5038715076446533,0.4667747849225998,0.25157269835472107,0.4342765212059021,0.34143558864434453
820.0,1.0,0.4292173480987549,0.439337175488472,0.7129657220840454,0.47972695767879486,0.2517291307449341,0.4328819811344147,0.3452897727626123
821.0,1.0,0.42789548993110654,0.42401711642742157,0.5286754924058914,0.4943082129955292,0.25189974904060364,0.43124693632125854,0.3492901234348551
822.0,1.0,0.4266622453927994,0.4306657212972641,0.29213794648647307,0.5012067210674286,0.2520845830440521,0.42937469482421875,0.3533762678700896
823.0,1.0,0.4259716576337814,0.428944810628891,0.27333488389849664,0.4763099735975265,0.25228366255760193,0.42727145552635193,0.3574693636262509
824.0,1.0,0.43120415866374967,0.4326171028614044,0.4160038715600967,0.44154614210128784,0.2524969279766083,0.4249461591243744,0.36149059568509756
825.0,1.0,0.4203981226682663,0.428248376250267,0.10456899274839088,0.4639812570810318,0.25272440910339355,0.42241042852401733,0.36536116183179956
826.0,1.0,0.4223288494348526,0.4301680123806,0.18698918257723562,0.49063495635986326,0.2529660761356354,0.4196782410144806,0.3690018665444086
827.0,1.0,0.4313858330249786,0.4297161614894867,0.21568593345582485,0.49965250194072724,0.25322195887565613,0.41676580905914307,0.37233280612974795
828.0,1.0,0.42875527977943423,0.43751717448234556,0.146233514174819,0.49958137929439544,0.2534920275211334,0.4136912524700165,0.37529069626057776
829.0,1.0,0.43461508452892306,0.4301914292573929,0.46882665663957596,0.512811496257782,0.2537762522697449,0.4104742109775543,0.377852013353845
830.0,1.0,0.4248739057779312,0.43013669550418854,0.8896782302856445,0.5136139261722564,0.2540746331214905,0.40713557600975037,0.3799978393271317
831.0,1.0,0.4311760866641998,0.4426987886428833,0.9431756782531738,0.5020278310775756,0.25438714027404785,0.40369707345962524,0.3817288206848275
832.0,1.0,0.4224982541799545,0.42998233914375306,0.7996750029921532,0.4834436690807343,0.254713773727417,0.40018099546432495,0.3830504545242377
833.0,1.0,0.4313088989257812,0.43192092061042786,0.11950134347658604,0.5047306042909622,0.25505444407463074,0.39660972356796265,0.3839677869278262
834.0,1.0,0.42984071612358093,0.42919774174690245,0.23264082677662373,0.518697292804718,0.2554091811180115,0.39300552010536194,0.3844853462151434
835.0,1.0,0.43430383563041686,0.42951885640621185,0.6397385722398758,0.4939819473028183,0.25577792525291443,0.38939014077186584,0.38460568413429996
836.0,1.0,0.4247958892583847,0.43842206001281736,0.5622718620300293,0.4784942454099655,0.2561606466770172,0.3857846260070801,0.38430887353615617
837.0,1.0,0.42786551237106324,0.4355961316823959,0.3690830158814788,0.47638600528240205,0.25655731558799744,0.3822091519832611,0.38355697390665
838.0,1.0,0.43220502078533174,0.4387708866596222,0.21516057527158408,0.47634624063968656,0.2569678723812103,0.3786827325820923,0.38231071417570206
839.0,1.0,0.4345514899492264,0.43693038940429685,0.30313575215637684,0.48674381136894224,0.2573922872543335,0.3752231299877167,0.3805298713839136
840.0,1.0,0.4333542591333389,0.4316366225481033,0.7595658096671104,0.47865613162517545,0.25783050060272217,0.3718468248844147,0.378176133912433
841.0,1.0,0.431010981798172,0.4277116936445236,0.8796270549297333,0.4486354923248291,0.25828248262405396,0.36856889724731445,0.37524627985786196
842.0,1.0,0.42984198331832885,0.4351239538192749,0.6250040578842163,0.4246185481548309,0.2587481737136841,0.36540305614471436,0.37176026460821276
843.0,1.0,0.4355911558866501,0.43428753554821015,0.11719176536425949,0.4328411841392517,0.2592274844646454,0.36236152052879333,0.3677372713066802
844.0,1.0,0.4304541784524918,0.4398737335205078,0.03791728452773896,0.47038287699222564,0.25972041487693787,0.35945531725883484,0.36319815293140323
845.0,1.0,0.4326376682519913,0.4370927345752716,0.4322735665689106,0.48961186289787295,0.26022690534591675,0.35669413208961487,0.3581985044935436
846.0,1.0,0.4306732028722763,0.4310003936290741,0.7618459646962583,0.4854727095365524,0.2607468366622925,0.35408636927604675,0.3528180522512798
847.0,1.0,0.4320708853006363,0.43487090229988096,0.49163433998823164,0.4761385065317154,0.2612801790237427,0.3516394793987274,0.34713572447611796
848.0,1.0,0.4363497167825699,0.438922131061554,0.4991465824842453,0.46588326036930083,0.26182690262794495,0.34935975074768066,0.3412294701492442
849.0,1.0,0.43291387021541594,0.4427697241306305,0.8385583490133286,0.4627582490444183,0.26238688826560974,0.3472526967525482,0.3351766350701837
850.0,1.0,0.4387720149755478,0.43814676225185395,0.2190545023814775,0.4840535265207291,0.2629600763320923,0.34532293677330017,0.3290543308928022
851.0,1.0,0.43940735518932345,0.4409093290567398,0.04323736500868108,0.4829846513271332,0.2635463774204254,0.3435744643211365,0.3229397966314309
852.0,1.0,0.4279032760858536,0.43640342116355896,0.14912074003950693,0.4839505863189697,0.26414576172828674,0.34201064705848694,0.3169107559181157
853.0,1.0,0.4321836507320404,0.44080174148082735,0.1692967484984547,0.4862783885002136,0.2647581398487091,0.34063437581062317,0.31104577738130956
854.0,1.0,0.43203852355480193,0.43741210162639615,0.17385261710151098,0.4839246034622192,0.26538339257240295,0.33944815397262573,0.30542464993072826
855.0,1.0,0.4307426178455353,0.43439318239688873,0.7711027567088604,0.47485274136066435,0.2660214900970459,0.33845415711402893,0.30012525621543773
856.0,1.0,0.4352742218971252,0.44230116069316866,0.5821118783950806,0.47283592700958255,0.2666723132133484,0.33765438199043274,0.29519561966725405
857.0,1.0,0.4399617558717728,0.4402715891599655,0.39630713522434236,0.4339334362745285,0.26733580231666565,0.33705058693885803,0.2906708105288658
858.0,1.0,0.42979309260845183,0.4399494928121567,0.28155858382582666,0.36109954535961153,0.2680118680000305,0.3366444706916809,0.286629742363516
859.0,1.0,0.4334215945005417,0.43620957255363463,0.21156507283449172,0.24380748689174653,0.26870039105415344,0.3364376723766327,0.283173334983303
860.0,1.0,0.43572465240955355,0.43631804049015044,0.17243827836588024,0.16571808382868766,0.26940128207206726,0.3364318013191223,0.28040702843924237
861.0,1.0,0.4401723384857178,0.4422062182426453,0.22303053803741932,0.21221387147903442,0.2701145112514496,0.33662858605384827,0.2784246697499384
862.0,1.0,0.4436670744419098,0.43926410675048827,0.32606478601694106,0.5539248484373093,0.2708398997783661,0.3370296359062195,0.27723369284672117
863.0,1.0,0.4332390946149826,0.4451959180831909,0.43314308047294614,0.37986688673496244,0.2715774178504944,0.3376367688179016,0.27676818286715843
864.0,1.0,0.4393287980556488,0.43107483446598055,0.4159696280956268,0.4297424632310867,0.27232691645622253,0.3384517431259155,0.27696101921418403
865.0,1.0,0.4366250777244568,0.4422403073310852,0.4037056554853916,0.41837549328804013,0.27308833599090576,0.3394765257835388,0.27775025636236705
866.0,1.0,0.4362602812051773,0.4376406812667847,0.5041410237550735,0.426267774105072,0.2738615572452545,0.3407129645347595,0.2790655175324446
867.0,1.0,0.43338097870349884,0.4399910670518875,0.32526791900396346,0.4392083567380905,0.27464646100997925,0.34216299653053284,0.28083999980924546
868.0,1.0,0.4417265945672989,0.44454155921936034,0.4060735195875168,0.45020985424518584,0.2754429876804352,0.34382855892181396,0.2830137315644947
869.0,1.0,0.43825444400310515,0.4370447278022766,0.49905595269054176,0.43823556780815126,0.276250958442688,0.34571146965026855,0.28553281629433513
870.0,1.0,0.44001954853534697,0.436481329202652,0.630466808276251,0.4226018559932709,0.2770703434944153,0.3478134572505951,0.2883487888447007
871.0,1.0,0.4416034245491028,0.44784167110919954,0.5216287034749985,0.4240983599424362,0.27790096402168274,0.35013601183891296,0.2914180675672924
872.0,1.0,0.4440437602996826,0.44319003701210025,0.2405393059551716,0.4172856903076172,0.2787427604198456,0.35268041491508484,0.2947014873902276
873.0,1.0,0.44638041615486146,0.44691478192806244,0.3095991066098213,0.429721046090126,0.27959558367729187,0.35544753074645996,0.29816390059863807
874.0,1.0,0.44063629865646364,0.44105213522911074,0.42409115463495256,0.4260479938983917,0.28045934438705444,0.35843777656555176,0.3017738340428764
875.0,1.0,0.4453261309862137,0.4395914947986603,0.5687806582450867,0.41575909078121187,0.28133389353752136,0.3616510033607483,0.3055031933233181
876.0,1.0,0.4441633206605911,0.4453326565027237,0.546984931230545,0.4286243730783463,0.28221914172172546,0.3650864362716675,0.30932700618723175
877.0,1.0,0.4453481960296631,0.4497804647684097,0.3046897068247199,0.441948429942131,0.2831149697303772,0.368742436170578,0.31322319884861827
878.0,1.0,0.44394165873527525,0.4441854071617126,0.012998753475443436,0.4317335045337677,0.284021258354187,0.3726164996623993,0.31717240019236215
879.0,1.0,0.4515902405977249,0.44341906130313874,0.012784895722658724,0.4213069760799408,0.28493785858154297,0.3767050504684448,0.32115776987592426
880.0,1.0,0.4452354383468628,0.4462715804576874,0.44293986530043183,0.42656492471694946,0.2858646512031555,0.38100340962409973,0.32516484718445327
881.0,1.0,0.4447978740930557,0.44472635626792906,0.35091109603643417,0.4214529937505722,0.2868015468120575,0.3855055570602417,0.3291814181887389
882.0,1.0,0.4427360260486603,0.45036856830120087,0.4848239731788635,0.4116515302658081,0.28774839639663696,0.39020419120788574,0.33319739926605507
883.0,1.0,0.45054415822029115,0.4516696739196777,0.5468934947252273,0.4149033588171005,0.288705050945282,0.3950904309749603,0.33720473548686414
884.0,1.0,0.45007242023944855,0.4427359455823898,0.5329430395364761,0.4328732973337173,0.2896714210510254,0.4001539945602417,0.34119731264814845
885.0,1.0,0.43976363956928255,0.4487592875957489,0.6606107836961747,0.42296455323696136,0.29064732789993286,0.40538290143013,0.3451708819696364
886.0,1.0,0.44735682785511016,0.44727993845939634,0.4819545713067055,0.42357986807823184,0.29163268208503723,0.41076359152793884,0.34912299661743873
887.0,1.0,0.44824795961380004,0.4451386505365372,0.058297360756005216,0.4361491084098816,0.29262736439704895,0.41628092527389526,0.3530529592990206
888.0,1.0,0.4463701272010803,0.44962029755115507,0.01734596562624013,0.44366091132164004,0.2936311662197113,0.4219181537628174,0.3569617802077687
889.0,1.0,0.44313069224357604,0.45132270753383635,0.1921043378021568,0.4266128301620483,0.2946440279483795,0.4276570677757263,0.3608521445852375
890.0,1.0,0.44712484657764434,0.44677199304103854,0.5737363794445991,0.4319572156667709,0.29566577076911926,0.4334780275821686,0.3647283891022539
891.0,1.0,0.4471810621023178,0.4481313103437424,0.26379558846354484,0.43649472534656525,0.296696275472641,0.43936020135879517,0.3685964861760169
892.0,1.0,0.4433582025766373,0.4491087210178375,0.25376536563038826,0.42043488800525664,0.29773542284965515,0.44528165459632874,0.3724640352011761
893.0,1.0,0.44921508252620695,0.44507696449756623,0.23819937989115714,0.39674924850463866,0.29878300428390503,0.4512195885181427,0.37634025953440187
894.0,1.0,0.4503645473718643,0.4551809060573578,0.3266619500517845,0.39446932554244996,0.29983893036842346,0.4571506083011627,0.38023600790120327
895.0,1.0,0.4434746277332306,0.44607552587985994,0.5104807782173156,0.4054549092054367,0.3009030818939209,0.4630509316921234,0.38416375874709274
896.0,1.0,0.44289839088916777,0.4521461594104767,0.5827076300978661,0.4221229648590088,0.3019752502441406,0.4688967168331146,0.3881376259297724
897.0,1.0,0.4551581954956055,0.45100296020507813,0.19121923095081,0.41506731390953067,0.3030553162097931,0.47466427087783813,0.3921727090011018
898.0,1.0,0.44756326735019686,0.454455144405365,0.009385088055601613,0.420971160531044,0.30414316058158875,0.48033037781715393,0.39626709521880343
899.0,1.0,0.4416175150871277,0.4555838131904602,0.08367241502855904,0.4237691825628281,0.30523863434791565,0.4858725965023041,0.40039935860966125
900.0,1.0,0.4486543607711792,0.4553190177679062,0.5989101746678352,0.41952007651329043,0.3063415288925171,0.49126940965652466,0.4045480122587719
901.0,1.0,0.4578239035606384,0.45632973551750183,0.5148001469671726,0.40322618424892426,0.3074517846107483,0.49650058150291443,0.40869243514805476
902.0,1.0,0.4583363062143326,0.4538606613874435,0.10509515488846319,0.41205189406871795,0.30856916308403015,0.5015473365783691,0.41281269944346377
903.0,1.0,0.4501794844865799,0.4578442168235779,0.011312898132195666,0.4171119999885559,0.3096935749053955,0.5063923597335815,0.41689359995902464
904.0,1.0,0.4479308319091797,0.4511825370788574,0.032236840599284736,0.41567743718624117,0.3108248710632324,0.511020302772522,0.4209355797780745
905.0,1.0,0.4529788833856583,0.45449003934860227,0.17600566386827268,0.41594509065151214,0.31196287274360657,0.5154175162315369,0.4249382000787705
906.0,1.0,0.45023788332939146,0.4435098659992218,0.6032132613658905,0.424958615899086,0.3131074011325836,0.519572377204895,0.4289017191291862
907.0,1.0,0.4468813693523407,0.4491907697916031,0.6018351922836155,0.4251645255088806,0.3142583668231964,0.5234752893447876,0.43282743358588505
908.0,1.0,0.44595558822155,0.4543878710269928,0.22603704790817575,0.41072680354118346,0.3154155910015106,0.5271185636520386,0.4367176388155798
909.0,1.0,0.44652546584606173,0.45033966183662416,0.015018623432057438,0.4080794268846512,0.3165788948535919,0.5304965376853943,0.4405755820166206
910.0,1.0,0.4461376887559891,0.45604350566864016,0.4599253217491787,0.41165192127227784,0.31774812936782837,0.5336055755615234,0.4444054119224603
911.0,1.0,0.45407687067985536,0.45065865278244016,0.26929564759135244,0.4026665163040161,0.31892314553260803,0.5364438891410828,0.4482121278854123
912.0,1.0,0.45558020591735837,0.45445281386375425,0.3466707968711853,0.40496062457561494,0.32010379433631897,0.5390114784240723,0.45200153030670265
913.0,1.0,0.45111959755420683,0.45118189334869385,0.5653453493118286,0.41102698564529416,0.32128989696502686,0.54131019115448,0.4557801736690976
914.0,1.0,0.4559492778778076,0.4537055820226669,0.7177980065345764,0.4117417162656784,0.32248133420944214,0.5433434247970581,0.4595553228696474
915.0,1.0,0.4610749989748001,0.4566357386112213,0.6629560762643814,0.41010955810546873,0.3236778974533081,0.5451161861419678,0.46333491310114994
916.0,1.0,0.45435182690620424,0.45017205476760863,0.6172905772924423,0.4154502725601196,0.3248794376850128,0.5466350317001343,0.4671275132093413
917.0,1.0,0.45972795486450196,0.4497671526670456,0.15748187545616474,0.4177140510082245,0.32608580589294434,0.5479076504707336,0.47094229223310435
918.0,1.0,0.45357520937919615,0.45297235786914825,0.0008536764055065104,0.42066489696502685,0.3272968530654907,0.548943042755127,0.4747889887337493
919.0,1.0,0.45588011741638185,0.45607957124710086,0.07699586770082079,0.4306427985429764,0.32851240038871765,0.5497514009475708,0.4786778825311373
920.0,1.0,0.4493101453781128,0.4487820243835449,0.39883898124098777,0.4273471337556839,0.3297322988510132,0.5503437519073486,0.48261976860787215
921.0,1.0,0.4538549703359604,0.4529405450820923,0.6141778939962387,0.42682882368564606,0.3309563398361206,0.5507321357727051,0.4866234743447393
922.0,1.0,0.45750820875167847,0.4514656633138657,0.5575868266820908,0.4260678070783615,0.33218443393707275,0.550929069519043,0.4906683823772795
923.0,1.0,0.4623208397626877,0.46028016269207,0.47877934157848356,0.42887094855308533,0.3334163427352905,0.5509479641914368,0.49471423594789243
924.0,1.0,0.4559607404470444,0.4559574812650681,0.48597105145454406,0.419753742814064,0.33465197682380676,0.55080246925354,0.4987204075915894
925.0,1.0,0.45926199316978455,0.4611140114068985,0.5578998291492462,0.4110804432630539,0.33589109778404236,0.5505066514015198,0.5026459320038317
926.0,1.0,0.45601932525634764,0.46157378375530245,0.07579564481828129,0.4231685620546341,0.33713358640670776,0.5500747561454773,0.5064491710270147
927.0,1.0,0.45775666177272795,0.45574618816375734,0.027633622585802074,0.42183623552322386,0.33837929368019104,0.5495210886001587,0.510087474123587
928.0,1.0,0.4595418870449066,0.4536536383628845,0.01616854654209419,0.42199654221534727,0.3396280109882355,0.5488598346710205,0.5135212059084537
929.0,1.0,0.46044289231300356,0.4612304329872131,0.7524603849649429,0.418649742603302,0.3408795893192291,0.548105001449585,0.5167426282709293
930.0,1.0,0.4603194177150726,0.4536281228065491,0.3734931966662407,0.4263913911581039,0.34213387966156006,0.5472702383995056,0.5197579064663387
931.0,1.0,0.4613497805595398,0.45673954010009765,0.39952091246843335,0.42174932181835173,0.34339070320129395,0.5463688373565674,0.522571667756587
932.0,1.0,0.4597842264175415,0.4582825744152069,0.30233402490615846,0.42561074256896975,0.34464991092681885,0.5454133152961731,0.5251868533968462
933.0,1.0,0.45729251027107237,0.4600747001171112,0.3335102418065071,0.43513513803482057,0.34591129422187805,0.5444158315658569,0.5276046551002338
934.0,1.0,0.463049875497818,0.46047746896743774,0.46752866089344025,0.43430055379867555,0.3471747636795044,0.5433875322341919,0.5298244532259488
935.0,1.0,0.4596359384059906,0.46059076189994813,0.676098495721817,0.4307346451282501,0.3484400808811188,0.5423389673233032,0.5318437579318029
936.0,1.0,0.45712277173995974,0.4563810437917709,0.36851093359291553,0.42708691358566286,0.34970709681510925,0.5412796139717102,0.5336581547171946
937.0,1.0,0.4566710460186005,0.46122761368751525,0.0021021854457967492,0.42444920480251314,0.3509756922721863,0.54021817445755,0.5352612626248145
938.0,1.0,0.4638999056816101,0.46024656653404233,0.01741541665029672,0.4277437275648117,0.35224565863609314,0.5391624569892883,0.5366535598697766
939.0,1.0,0.45953220784664156,0.45802341103553773,0.19122855068650096,0.4366390514373779,0.3535168468952179,0.5381191968917847,0.5378355785865097
940.0,1.0,0.46185301303863524,0.46296836495399474,0.22698621943593025,0.42943321824073794,0.3547890782356262,0.5370942950248718,0.5387884191829073
941.0,1.0,0.46443090617656707,0.46480737030506136,0.21525245994329453,0.42171474516391755,0.35606223344802856,0.5360926389694214,0.5394905298244907
942.0,1.0,0.4655073660612106,0.4672354960441589,0.3831465631723404,0.43521780014038086,0.3573361039161682,0.5351183414459229,0.5399210441479454
943.0,1.0,0.46764586865901947,0.4625217193365097,0.42761650174856186,0.4227449041604996,0.3586105406284332,0.5341744422912598,0.5400865434378659
944.0,1.0,0.46188515424728394,0.45794682264328,0.37938333362340926,0.4347688674926758,0.35988539457321167,0.5332634449005127,0.5400085776757066
945.0,1.0,0.4633831614255905,0.4652129852771759,0.4193813103437424,0.4324286186695099,0.3611605167388916,0.5323867797851562,0.5397065873465579
946.0,1.0,0.46579322397708894,0.46053544342517855,0.43871251940727235,0.43397089183330534,0.3624356985092163,0.5315454602241516,0.5391978051904829
947.0,1.0,0.4650530421733856,0.46438365936279297,0.4634682407230139,0.44315302312374116,0.36371082067489624,0.5307396650314331,0.538497379183795
948.0,1.0,0.46692335069179536,0.4657090425491333,0.8914738810062408,0.4412862396240234,0.36498570442199707,0.5299690961837769,0.5376184984458803
949.0,1.0,0.4650654536485672,0.4673496240377426,0.6166919183731079,0.4412772345542908,0.36626023054122925,0.5292328596115112,0.5365725203023572
950.0,1.0,0.45753971219062806,0.4642876559495926,0.3548673023283482,0.4450654590129852,0.36753419041633606,0.5285297632217407,0.5353734907660908
951.0,1.0,0.4639487600326538,0.4674829202890396,0.3025232896208763,0.45320691287517545,0.36880746483802795,0.5278580784797668,0.5340659710992028
952.0,1.0,0.47048520505428315,0.4654837661981583,0.2674372290074825,0.4443923527002335,0.3700798749923706,0.5272159576416016,0.5327036809608785
953.0,1.0,0.46568498492240906,0.4616461116075516,0.2744388407468796,0.4489787173271179,0.3713512718677521,0.5266011953353882,0.5313044564090035
954.0,1.0,0.4688616567850113,0.4699117285013199,0.32324964195489886,0.44829451441764834,0.3726215362548828,0.5260114669799805,0.5298664187334055
955.0,1.0,0.4669343727827072,0.4608129185438156,0.31937657922506335,0.4500324213504791,0.3738904595375061,0.5254443287849426,0.5283866888440585
956.0,1.0,0.4680158114433289,0.4653576546907425,0.3025417363643646,0.44991644978523254,0.3751579225063324,0.5248972773551941,0.5268615720965286
957.0,1.0,0.46569033682346345,0.4703186970949173,0.26102007653564213,0.4536394250392914,0.37642377614974976,0.5243677496910095,0.5252865601433925
958.0,1.0,0.4689797306060791,0.4597559332847595,0.6131847822666168,0.4523226279020309,0.37768787145614624,0.5238533616065979,0.523656332637934
959.0,1.0,0.46677435636520387,0.46944483995437625,0.5228751167654991,0.45929700195789336,0.3789500296115875,0.5233516693115234,0.521964758133187
960.0,1.0,0.4684644639492035,0.4638122951984405,0.5730610215663909,0.4667656594514847,0.38021016120910645,0.5228604674339294,0.5202048938147357
961.0,1.0,0.4691828966140747,0.46281439304351807,0.7676181161403656,0.4610294449329376,0.3814680874347687,0.522377610206604,0.5183689839268126
962.0,1.0,0.46906914114952086,0.4621314764022827,0.7053528410196305,0.4569978296756744,0.38272368907928467,0.5219012498855591,0.5164484568722827
963.0,1.0,0.4700327479839325,0.4678968769311905,0.59291754424572,0.45634641289711,0.3839767873287201,0.5214295983314514,0.5144339209762165
964.0,1.0,0.468982999920845,0.46820128977298736,0.3650283931568265,0.4603846782445908,0.3852272629737854,0.5209612250328064,0.5123158826596814
965.0,1.0,0.47061532497406006,0.4675928747653961,0.01980661986013729,0.47169084310531617,0.38647496700286865,0.5204947590827942,0.5101072304696253
966.0,1.0,0.4749509119987488,0.47032936215400695,0.028846106643177338,0.4626828932762146,0.3877198100090027,0.5200293660163879,0.5078476762382813
967.0,1.0,0.4699899137020111,0.46165938198566436,0.48267759960144757,0.46913922667503355,0.3889615833759308,0.5195640921592712,0.5055776436794357
968.0,1.0,0.47501175820827485,0.4627624785900116,0.5299056002497673,0.47281273782253264,0.3902001976966858,0.5190985202789307,0.5033162532521871
969.0,1.0,0.46956429839134217,0.4677321422100067,0.5642017447948455,0.4716138505935669,0.39143550395965576,0.5186323523521423,0.5010513656505173
970.0,1.0,0.47294933021068575,0.466096750497818,0.5793967132270336,0.47651774406433106,0.39266741275787354,0.5181655287742615,0.49876815818140097
971.0,1.0,0.47397802472114564,0.46706211686134336,0.5029664802551269,0.47777084827423094,0.3938957452774048,0.5176981091499329,0.4964515736542703
972.0,1.0,0.4709906941652298,0.4640741014480591,0.4401524341106415,0.4718080133199692,0.39512038230895996,0.5172305703163147,0.4940862663366037
973.0,1.0,0.4764017802476883,0.4688153302669525,0.3517842647433281,0.47465714037418366,0.3963412344455719,0.5167633295059204,0.4916565481656878
974.0,1.0,0.47422259211540224,0.4705294066667557,0.3232616719603538,0.4812132769823074,0.39755815267562866,0.5162971019744873,0.4891463354746719
975.0,1.0,0.4734624457359314,0.4701869130134583,0.3145561791956425,0.4858309727907181,0.3987709879875183,0.5158327221870422,0.4865390967525407
976.0,1.0,0.47044756352901457,0.4646654695272446,0.33936026707291606,0.48219224214553835,0.39997968077659607,0.5153710246086121,0.48381780211685665
977.0,1.0,0.4742176955938339,0.4669797271490097,0.26346900954842567,0.4829221546649933,0.4011841118335724,0.514913022518158,0.48096487523275044
978.0,1.0,0.4785395681858063,0.4658234006166458,0.1592860601656139,0.4866291534900665,0.40238410234451294,0.5144597291946411,0.4779621483498815
979.0,1.0,0.4797644519805908,0.47462380707263946,0.31337436139583585,0.482187585234642,0.40357959270477295,0.5140121579170227,0.47479581444924435
980.0,1.0,0.47475533962249755,0.4705720263719559,0.559786365032196,0.4916947764158249,0.40477046370506287,0.5135713815689087,0.4714872838210695
981.0,1.0,0.4754435169696808,0.4697507470846176,0.8123798429965973,0.48385327219963076,0.4059566259384155,0.5131382942199707,0.4680730449630701
982.0,1.0,0.47257653176784514,0.4627697968482971,0.4949879151582718,0.4878580069541931,0.407137930393219,0.5127139091491699,0.46458930530461373
983.0,1.0,0.47431754529476167,0.4709551930427551,0.27839524909853935,0.48173289120197293,0.4083142876625061,0.5122990012168884,0.46107224991725104
984.0,1.0,0.4799157547950745,0.4687893205881119,0.27689732491970065,0.484781311750412,0.4094856083393097,0.5118942260742188,0.4575583692650014
985.0,1.0,0.4804490268230438,0.47436585009098053,0.6292644745111465,0.4869642245769501,0.4106518030166626,0.5115002393722534,0.45408478854447765
986.0,1.0,0.47993126153945925,0.46936583340168,0.9201984119415283,0.4918613964319229,0.41181275248527527,0.5111174583435059,0.4506895971620253
987.0,1.0,0.47377709865570067,0.4675017684698105,0.29250822168309243,0.49211113691329955,0.41296836733818054,0.5107460618019104,0.44741217658084054
988.0,1.0,0.47714130640029906,0.47251327633857726,0.7760373663902282,0.49281741499900816,0.41411855816841125,0.5103862285614014,0.4442935244389048
989.0,1.0,0.4783074289560318,0.47534738600254056,0.09461880429880694,0.4915250217914581,0.41526323556900024,0.5100378394126892,0.44137657252043994
990.0,1.0,0.4799493616819382,0.4723932933807373,0.10997696340084076,0.49352780997753143,0.41640231013298035,0.50970059633255,0.43870614024520194
991.0,1.0,0.4760021603107452,0.4764239919185638,0.21826828114688396,0.4965574526786804,0.4175357222557068,0.5093740820884705,0.4363111736289085
992.0,1.0,0.4847086715698242,0.4741510117053986,0.47637444019317626,0.4979905825853348,0.4186633229255676,0.5090576410293579,0.434196395008982
993.0,1.0,0.48408165872097014,0.47405153095722197,0.3607109811902046,0.49299454152584077,0.41978511214256287,0.5087505578994751,0.43236352460777994
994.0,1.0,0.47922921538352964,0.47142722427845,0.2927973631024361,0.5015139943361282,0.42090094089508057,0.5084517598152161,0.43079690130292647
995.0,1.0,0.4797527313232422,0.48144743740558626,0.29350205332040785,0.5009707236289977,0.42201077938079834,0.5081602334976196,0.4295098164312776
996.0,1.0,0.4832860052585602,0.4731688916683197,0.1401052381005138,0.499368445277214,0.4231145679950714,0.5078747868537903,0.42852927044225453
997.0,1.0,0.480044350028038,0.47694882869720456,0.7892505528032779,0.5047783434391022,0.42421215772628784,0.5075939893722534,0.4278830296623255
998.0,1.0,0.4743935835361481,0.4798934954404831,0.22360738560557367,0.5089631217718125,0.42530357837677,0.507316529750824,0.4275757580273023
999.0,1.0,0.4772434312105179,0.47752552449703217,0.08810541913844645,0.5030418533086777,0.426388680934906,0.5070408582687378,0.4275977863242417
1000.0,1.0,0.48056873738765715,0.4722860860824585,0.309974122941494,0.5044691228866577,0.4274674654006958,0.5067654848098755,0.4279424918764789
1001.0,1.0,0.4820553195476532,0.4741359740495682,0.543145541548729,0.5040170586109162,0.42853981256484985,0.5064889192581177,0.4286066199912284
1002.0,1.0,0.4748107647895813,0.4687221997976303,0.4756751959770918,0.5088281011581421,0.42960572242736816,0.5062094926834106,0.42958387224024364
1003.0,1.0,0.47965390801429747,0.475415563583374,0.329395010471344,0.5058772730827331,0.4306650757789612,0.5059258341789246,0.43084056043585406
1004.0,1.0,0.48719736993312834,0.4682599413394928,0.4226712362468243,0.5067348247766494,0.4317178726196289,0.50563645362854,0.43233695683922235
1005.0,1.0,0.4857812935113907,0.4709531652927399,0.08592507818655576,0.5061355805397034,0.43276405334472656,0.5053398609161377,0.4340362187223832
1006.0,1.0,0.48822454750537875,0.4779388922452927,0.035074670447992416,0.5108800226449967,0.433803528547287,0.505034863948822,0.43590410448378236
1007.0,1.0,0.48307559549808504,0.4768815243244171,0.08815759765690018,0.5123130309581757,0.4348362982273102,0.504720151424408,0.4379086933569596
1008.0,1.0,0.4866800284385681,0.47750518679618836,0.39063798314891757,0.5058589220046997,0.43586230278015137,0.5043946504592896,0.4400201117747429
1009.0,1.0,0.4877916038036346,0.47557435870170595,0.3427420691773295,0.5046814382076263,0.43688148260116577,0.5040574073791504,0.4422102672773178
1010.0,1.0,0.4845023596286774,0.4752828496694565,0.56488655641675,0.5122870373725891,0.437893807888031,0.5037075281143188,0.4444525904456782
1011.0,1.0,0.48185479938983916,0.4792326694726944,0.6570269918441772,0.5083275121450425,0.4388992488384247,0.5033442974090576,0.4467217850126133
1012.0,1.0,0.48984034061431886,0.4742143625020981,0.4753841885924339,0.512849668264389,0.4398977756500244,0.5029672384262085,0.44899358604290285
1013.0,1.0,0.48585763335227966,0.4819568145275116,0.25661815360188484,0.5161558419466019,0.4408893287181854,0.5025758147239685,0.45124452588849806
1014.0,1.0,0.4832461887598038,0.47938085556030274,0.1748187637049705,0.5135931664705277,0.4418738782405853,0.5021697282791138,0.4534517075025093
1015.0,1.0,0.4834312754869461,0.4766575610637665,0.5346589049696923,0.5144168227910996,0.4428514242172241,0.5017488598823547,0.45559258463335084
1016.0,1.0,0.48608994245529175,0.48170858263969424,0.5061363492533565,0.5148532652854919,0.44382190704345703,0.5013130903244019,0.45764474840424896
1017.0,1.0,0.4863343405723572,0.4767416524887085,0.029405681550733788,0.5090217143297195,0.44478535652160645,0.5008624196052551,0.45958571980686713
1018.0,1.0,0.4900419467687607,0.48160066664218903,0.5890497923316435,0.5071753633022308,0.4457416832447052,0.5003971457481384,0.4613927476793265
1019.0,1.0,0.4902916789054871,0.4802909415960312,0.7825477623939514,0.5127580976486206,0.4466909170150757,0.49991729855537415,0.4630426117812334
1020.0,1.0,0.48504038631916047,0.469200564622879,0.5809038549661636,0.5147225564718246,0.4476329982280731,0.49942323565483093,0.46451143060437516
1021.0,1.0,0.4903628581762314,0.48183638215065,0.5392055988311768,0.5151956152915954,0.4485679268836975,0.49891525506973267,0.4657838024153733
1022.0,1.0,0.4881230890750885,0.47796378791332245,0.4659020736813545,0.5113636386394501,0.44949570298194885,0.4983936846256256,0.4668815320151438
1023.0,1.0,0.48599893987178805,0.47637970685958864,0.4062296736985445,0.511664274930954,0.45041632652282715,0.4978588819503784,0.46783543216253065
1024.0,1.0,0.49035091817378995,0.4790592950582504,0.46531666416674855,0.518046498298645,0.4513297379016876,0.49731117486953735,0.46867578452032177
1025.0,1.0,0.4948258024454117,0.4800175803899765,0.0434199403319144,0.5188711041212082,0.45223596692085266,0.4967508614063263,0.4694325303800966
1026.0,1.0,0.49105508625507355,0.48277235150337217,0.8913887822628022,0.5121157068014145,0.4531349837779999,0.49617820978164673,0.47013546516934923
1027.0,1.0,0.4942874366044998,0.4759537422657013,0.6114181274175644,0.5166043543815613,0.45402681827545166,0.49559342861175537,0.47081443650093036
1028.0,1.0,0.4937643241882324,0.4803957682847977,0.48423079192638396,0.5161931294202805,0.45491141080856323,0.49499669671058655,0.47149954545952255
1029.0,1.0,0.4848923355340958,0.4787282061576843,0.5176514708995819,0.5164360177516937,0.45578882098197937,0.4943881034851074,0.4722213508019948
1030.0,1.0,0.4917524766921997,0.4847272962331772,0.5907637298107147,0.5145433861017227,0.4566590189933777,0.4937676191329956,0.4730110757761352
1031.0,1.0,0.49101813197135924,0.4797204113006592,0.7535485792160034,0.5167413610219955,0.4575220048427582,0.4931352436542511,0.4739008173304029
1032.0,1.0,0.48989835441112517,0.4848311859369278,0.7814855599403381,0.520327810049057,0.45837777853012085,0.49249085783958435,0.4749193933482019
1033.0,1.0,0.4950062710046768,0.4832020199298859,0.3527669368684292,0.5177560329437256,0.4592263400554657,0.4918343126773834,0.4760646351773019
1034.0,1.0,0.49122347712516784,0.48766257107257843,0.5019864553213119,0.5120341467857361,0.4600677490234375,0.4911653995513916,0.4773211891190243
1035.0,1.0,0.49552962779998777,0.47889125943183897,0.3088798277080059,0.5167811918258667,0.4609019458293915,0.4904838800430298,0.47867479459499407
1036.0,1.0,0.4952607846260071,0.4775069522857666,0.0881487949891016,0.5146151667833329,0.46172896027565,0.4897896349430084,0.48011223918473434
1037.0,1.0,0.49009277880191804,0.491799481511116,0.14771767158992588,0.5154333692789078,0.4625488221645355,0.489082396030426,0.48162124605663337
1038.0,1.0,0.4938541734218597,0.4765277314186096,0.487961837425828,0.5188475847244263,0.463361531496048,0.4883621335029602,0.4831903622057858
1039.0,1.0,0.502653391957283,0.4778334432840347,0.5465029913187027,0.5181412750482559,0.46416711807250977,0.4876287877559662,0.484808847718881
1040.0,1.0,0.4962765496969223,0.479388729929924,0.47298773884773254,0.5165022993087769,0.4649655520915985,0.4868825376033783,0.4864665661939398
1041.0,1.0,0.49212749242782594,0.4776006120443344,0.6365587306022644,0.5137306791543961,0.465756893157959,0.486123651266098,0.4881538763529889
1042.0,1.0,0.4991860806941986,0.4793866729736328,0.5644909211993218,0.5186150473356247,0.4665411412715912,0.48535260558128357,0.4898615248081448
1043.0,1.0,0.4931207799911499,0.4790098631381989,0.05194961685570888,0.5175725704431534,0.4673183262348175,0.484570175409317,0.49158053988650074
1044.0,1.0,0.49763037025928497,0.49052324414253234,0.04562967228983325,0.5122983694076538,0.46808841824531555,0.48377734422683716,0.4933021263918196
1045.0,1.0,0.49407112717628476,0.485350643992424,0.5016910359449684,0.5071159523725509,0.4688515067100525,0.48297542333602905,0.4950175611875558
1046.0,1.0,0.492635914683342,0.48508498072624207,0.6769381231069564,0.522979520559311,0.4696075916290283,0.48216602206230164,0.4967180895249603
1047.0,1.0,0.5025616955757141,0.4838246071338654,0.3495280836522579,0.5199113339185715,0.47035667300224304,0.4813511371612549,0.4983948221169521
1048.0,1.0,0.495783594250679,0.481877121925354,0.3546509477496147,0.5150056254863739,0.47109875082969666,0.48053306341171265,0.5000386330688021
1049.0,1.0,0.4924019587039947,0.4860582023859024,0.4379307636618614,0.5223854774236679,0.4718339145183563,0.4797144830226898,0.501640058918444
1050.0,1.0,0.49661914944648744,0.48927351236343386,0.4413801681995392,0.5169596320390701,0.47256216406822205,0.47889837622642517,0.5031892044011554
1051.0,1.0,0.49886336624622346,0.48105723202228545,0.473357030749321,0.5173756122589112,0.4732834994792938,0.4780881404876709,0.5046870877506766
1052.0,1.0,0.4967887145280838,0.48455382585525514,0.4736280833184719,0.5166807419061661,0.47399798035621643,0.4772873818874359,0.5061700279040142
1053.0,1.0,0.49972819805145263,0.48202370226383207,0.17522041652351616,0.5118508219718934,0.47470560669898987,0.47650009393692017,0.5076812457690085
1054.0,1.0,0.49483244121074677,0.4914876627922058,0.013315562764328206,0.5162497538328171,0.4754064083099365,0.47573041915893555,0.5092642000812937
1055.0,1.0,0.5013330000638961,0.4851531887054443,0.017203143344522685,0.5160419905185699,0.4761004149913788,0.4749827980995178,0.5109628511336481
1056.0,1.0,0.500062210559845,0.48375900089740753,0.09944722643271234,0.5123747509717941,0.47678765654563904,0.4742617607116699,0.5128219185578082
1057.0,1.0,0.49833392441272734,0.48822167158126833,0.22661062136292456,0.5102871936559678,0.4774681627750397,0.4735719561576843,0.5148871300845137
1058.0,1.0,0.5048387348651886,0.4837216192483902,0.2964772196859121,0.5200168406963348,0.4781419634819031,0.4729180634021759,0.5172053500276697
1059.0,1.0,0.49869781970977783,0.4845881062746048,0.42634132474660874,0.5211922651529313,0.47880908846855164,0.4723048210144043,0.5198079615935356
1060.0,1.0,0.5020507901906968,0.4912471252679825,0.25078201822936536,0.5156902295351028,0.47946956753730774,0.4717367887496948,0.5226771963355716
1061.0,1.0,0.49877905189990995,0.4926051908731461,0.29868085999041794,0.5108680504560471,0.4801234006881714,0.471218466758728,0.5257563229750346
1062.0,1.0,0.5053368639945984,0.48865795612335206,0.49835414499044417,0.5115426576137543,0.48077064752578735,0.47075414657592773,0.5289845827500272
1063.0,1.0,0.5000533884763718,0.4852205091714859,0.4902974784374237,0.5154984140396118,0.481411337852478,0.4703478515148163,0.5323017921527793
1064.0,1.0,0.5022155165672302,0.4902252036333084,0.846630574464798,0.5178192472457885,0.4820455014705658,0.4700033664703369,0.5356478842651597
1065.0,1.0,0.5002016246318817,0.48951312839984895,0.6506150388158858,0.5169848150014877,0.48267313838005066,0.4697241187095642,0.538962437908765
1066.0,1.0,0.5022196805477143,0.48742988884449007,0.2836047759931535,0.5120366179943084,0.483294278383255,0.4695131778717041,0.5421841967071686
1067.0,1.0,0.49542476892471315,0.49016091763973235,0.8016878378391266,0.5150676274299621,0.4839089810848236,0.4693731367588043,0.5452505803123415
1068.0,1.0,0.5012547838687896,0.48751603841781616,0.6504799312353134,0.5116237312555313,0.48451727628707886,0.46930626034736633,0.5480971901911431
1069.0,1.0,0.49445570886135104,0.48387576460838316,0.7141726720333099,0.5147854417562485,0.48511916399002075,0.469314306974411,0.5506575395637725
1070.0,1.0,0.5032353293895722,0.4837658500671387,0.8534778332710267,0.5179915124177933,0.48571470379829407,0.46939852833747864,0.5528796618164336
1071.0,1.0,0.5024225509166718,0.4936580294370651,0.7067787843942642,0.5208076983690262,0.4863038659095764,0.46955981850624084,0.5547416960340996
1072.0,1.0,0.5107390892505645,0.48911683917045595,0.6357079029083252,0.51567302942276,0.48688673973083496,0.4697984755039215,0.5562521262806399
1073.0,1.0,0.5047211837768555,0.4908912229537964,0.6299567121267319,0.5183284848928451,0.4874633550643921,0.47011440992355347,0.5574303484116854
1074.0,1.0,0.505325255393982,0.487632759809494,0.8385074287652969,0.5194214177131653,0.4880336821079254,0.47050705552101135,0.5582926145375211
1075.0,1.0,0.505489399433136,0.49043816804885865,0.8447479355335236,0.5139841908216476,0.4885977804660797,0.4709753394126892,0.5588521273482456
1076.0,1.0,0.49736958503723144,0.48910911977291105,0.3836740678921342,0.5179224419593811,0.48915567994117737,0.4715178310871124,0.5591326054387054
1077.0,1.0,0.5059290581941605,0.49177651703357694,0.20001141687855126,0.5065977793931961,0.4897073805332184,0.47213268280029297,0.5591851929042662
1078.0,1.0,0.5013764387369156,0.49383559346199035,0.3028926110267639,0.5063345509767533,0.49025294184684753,0.47281768918037415,0.5590380191004698
1079.0,1.0,0.5068508332967758,0.4932601845264435,0.49804452180862424,0.5071976155042648,0.49079233407974243,0.47357022762298584,0.5586711828073447
1080.0,1.0,0.503950634598732,0.48992207467556,0.7366862225532532,0.4953849858045578,0.49132564663887024,0.47438737750053406,0.5580606887983919
1081.0,1.0,0.5065109324455261,0.48993067264556883,0.6639917111396789,0.5072979873418808,0.49185287952423096,0.4752660393714905,0.5572239144334361
1082.0,1.0,0.5028069043159484,0.4893386709690094,0.6013018506765365,0.5062344181537628,0.4923740327358246,0.47620269656181335,0.5561807318693468
1083.0,1.0,0.506256285905838,0.49149729669094083,0.706572944521904,0.5135649830102921,0.4928891360759735,0.47719377279281616,0.5549485970974644
1084.0,1.0,0.5097647660970688,0.49201099514961244,0.7169255177676678,0.5154247087240219,0.49339818954467773,0.4782354235649109,0.553542634770281
1085.0,1.0,0.49985823094844817,0.493402841091156,0.010748057154160051,0.5121034950017929,0.49390125274658203,0.47932371497154236,0.551975737199399
1086.0,1.0,0.5141290205717087,0.49903648972511294,0.27786865291185675,0.5155821233987808,0.4943983554840088,0.48045459389686584,0.5502586733147155
1087.0,1.0,0.5096692305803299,0.49721154510974885,0.3286022508889437,0.5167730069160461,0.49488943815231323,0.48162394762039185,0.5484002039388258
1088.0,1.0,0.5107707816362381,0.49195469439029693,0.2665359664522111,0.5150530910491944,0.4953745901584625,0.4828276038169861,0.5464072004030385
1089.0,1.0,0.49963619649410246,0.4905161213874817,0.7240763026475906,0.5153054291009903,0.4958537817001343,0.48406147956848145,0.5442847641823079
1090.0,1.0,0.5065880382061004,0.4973400020599365,0.767855486124754,0.5132716172933578,0.4963270425796509,0.48532143235206604,0.5420363457821082
1091.0,1.0,0.508184706568718,0.48843726873397825,0.5226848658174277,0.514688469171524,0.4967944025993347,0.4866034686565399,0.5396638614901264
1092.0,1.0,0.5035712039470672,0.4896180009841919,0.3617707350850105,0.5084279257059098,0.4972558617591858,0.4879035949707031,0.5371726017280025
1093.0,1.0,0.5120900189876556,0.49381337642669676,0.2737531477212906,0.488971044421196,0.4977114200592041,0.4892180263996124,0.5345985401912969
1094.0,1.0,0.5071797716617584,0.4922947078943253,0.21648970618844032,0.48421262741088866,0.49816107749938965,0.490543007850647,0.5319685913008101
1095.0,1.0,0.5143582820892334,0.48917242884635925,0.2516638350486755,0.4889169853925705,0.4986048936843872,0.4918749928474426,0.5292751387613279
1096.0,1.0,0.5138959550857544,0.4971278303861618,0.0965823668660596,0.49642165184021,0.499042809009552,0.4932105839252472,0.5265066081262546
1097.0,1.0,0.5113123077154159,0.4950184005498886,0.17747593214735388,0.5034777319431305,0.4994748830795288,0.4945465326309204,0.5236503963154036
1098.0,1.0,0.5146517485380173,0.49506991147994994,0.494816055893898,0.5097175550460815,0.49990108609199524,0.4958796799182892,0.5206928466917446
1099.0,1.0,0.5086460500955582,0.4945652884244919,0.6064293152093887,0.5147472637891769,0.5003214478492737,0.4972071349620819,0.5176192255143661
1100.0,1.0,0.5109084588289261,0.49832202076911924,0.6678927177190781,0.522033224105835,0.5007359385490417,0.49852603673934937,0.5144136988040238
1101.0,1.0,0.5121985334157944,0.4962399959564209,0.6992906415462494,0.5220014601945877,0.5011445879936218,0.49983370304107666,0.5110643136438746
1102.0,1.0,0.5154907184839249,0.4944699901342392,0.676772243976593,0.5134503066539764,0.5015473961830139,0.5011275410652161,0.5075918228074787
1103.0,1.0,0.5131129771471024,0.49306493043899535,0.670325168967247,0.5125533223152161,0.501944363117218,0.502405047416687,0.5040298619793644
1104.0,1.0,0.510913940668106,0.4948785519599915,0.2400299486890435,0.509094500541687,0.5023354887962341,0.5036637783050537,0.500411182350253
1105.0,1.0,0.5126068603992462,0.4970592951774597,0.4836427879333496,0.5070142590999603,0.5027207136154175,0.5049013495445251,0.4967678920351153
1106.0,1.0,0.5144635903835296,0.4976906281709671,0.21850459046661855,0.49657691895961764,0.5031000971794128,0.5061153173446655,0.4931317451466768
1107.0,1.0,0.5160351252555847,0.4997351098060608,0.2719223137199879,0.4996739971637726,0.5034735798835754,0.5073032975196838,0.489534432489485
1108.0,1.0,0.5102124810218811,0.4959499442577362,0.5309035116434098,0.5078267472982406,0.50384122133255,0.5084628462791443,0.4860078733697897
1109.0,1.0,0.5158247697353363,0.4996591955423355,0.49523293256759643,0.5105122268199921,0.5042029619216919,0.5095913410186768,0.48258450817490584
1110.0,1.0,0.5092976647615433,0.4985904830694199,0.09636667732149362,0.5112632179260254,0.504558801651001,0.5106862783432007,0.4792975915236397
1111.0,1.0,0.5137859225273133,0.49870282351970674,0.10596946972364094,0.5225490254163742,0.5049087405204773,0.5117448568344116,0.4761814859254798
1112.0,1.0,0.5158732706308364,0.4925404065847397,0.7895969355106354,0.5161741155385972,0.5052527785301208,0.5127642750740051,0.4732719560193672
1113.0,1.0,0.5196909087896348,0.499686461687088,0.859128760099411,0.5059021544456482,0.5055908560752869,0.5137415528297424,0.47060291723851577
1114.0,1.0,0.5159483867883682,0.5006841325759888,0.5429489320516586,0.4924720370769501,0.5059229731559753,0.5146735906600952,0.4681789887075709
1115.0,1.0,0.513919427394867,0.5010257518291473,0.2972987031936645,0.497012654542923,0.5062491297721863,0.5155573487281799,0.46599060063632436
1116.0,1.0,0.5163900482654572,0.49125420570373535,0.07479540830012411,0.5096259117126465,0.5065692663192749,0.5163894295692444,0.4640301291096307
1117.0,1.0,0.5140023899078369,0.49647745907306673,0.21056305184960367,0.5067666566371918,0.506883442401886,0.5171665549278259,0.46229204357382514
1118.0,1.0,0.519287435412407,0.5013622558116912,0.7032901179790497,0.49016406178474425,0.50719153881073,0.5178853273391724,0.4607729189184653
1119.0,1.0,0.5193030208349227,0.49524771571159365,0.06664181244545034,0.48582904160022733,0.5074936151504517,0.518542468547821,0.4594714518499785
1120.0,1.0,0.5126705807447434,0.49705821454524995,0.07119704440468923,0.48839724957942965,0.5077896118164062,0.519134521484375,0.4583884817422046
1121.0,1.0,0.5140406566858292,0.5034995174407959,0.5397356580197811,0.4903817665576935,0.5080795288085938,0.5196584463119507,0.4575270160673739
1122.0,1.0,0.5171973884105683,0.4971748930215836,0.7849265486001968,0.5036232584714889,0.5083633065223694,0.520111083984375,0.45689226039371533
1123.0,1.0,0.5174915587902069,0.4957296395301819,0.8196321928501129,0.5162852770090103,0.5086409449577332,0.5204896330833435,0.45649037090031186
1124.0,1.0,0.5189290183782578,0.49800155103206634,0.7939751935005188,0.5345627593994141,0.5089123845100403,0.5207915306091309,0.4563050047075592
1125.0,1.0,0.5221321660280228,0.49821081042289733,0.6981649196147919,0.5283191514015197,0.5091776251792908,0.5210146307945251,0.45629960807964665
1126.0,1.0,0.5105099177360535,0.4960314977169037,0.08911390473134816,0.5125849056243896,0.5094366073608398,0.5211570858955383,0.45643877023871937
1127.0,1.0,0.5210983592271805,0.506491619348526,0.014353129947849083,0.5007605451345444,0.5096893310546875,0.5212175846099854,0.4566887786591849
1128.0,1.0,0.5202898621559143,0.5000789874792099,0.19432261819951235,0.4905632710456848,0.509935736656189,0.5211952924728394,0.45701737325897795
1129.0,1.0,0.5202272045612335,0.5018877452611923,0.7498045414686203,0.5045408511161804,0.5101758241653442,0.5210900902748108,0.4573935062149701
1130.0,1.0,0.5199912333488464,0.4950778579711914,0.7247268205881119,0.5245236331224441,0.5104094743728638,0.5209022760391235,0.45778710769448594
1131.0,1.0,0.518206894993782,0.5020591789484024,0.5680552363395691,0.513003945350647,0.5106368064880371,0.5206330418586731,0.4581688577428622
1132.0,1.0,0.5144359546899796,0.5008012974262237,0.36842282697558404,0.5150299775600433,0.5108576416969299,0.5202840566635132,0.4585099645272095
1133.0,1.0,0.5169240862131119,0.5011116027832031,0.3663006591796875,0.5117018985748291,0.5110719799995422,0.5198578238487244,0.45878194910652326
1134.0,1.0,0.5159426254034042,0.5000872457027435,0.45290766537189486,0.5150524526834488,0.511279821395874,0.5193576216697693,0.45895643687860854
1135.0,1.0,0.5209315925836563,0.5016239058971405,0.4255906569957733,0.5089393383264542,0.5114811062812805,0.5187873244285583,0.45900495583020984
1136.0,1.0,0.5193197768926621,0.502847403883934,0.27701185286045077,0.5037692725658417,0.5116757750511169,0.5181516408920288,0.4588987416652799
1137.0,1.0,0.5179809558391572,0.4958611476421356,0.474295029938221,0.5137474220991135,0.5118638277053833,0.5174558758735657,0.45861381100294807
1138.0,1.0,0.5146140748262406,0.5015394508838653,0.13459252803855634,0.506415456533432,0.5120452046394348,0.516706109046936,0.4581621146235051
1139.0,1.0,0.5224998199939728,0.498347139954567,0.6198012828826904,0.49062824964523316,0.5122198462486267,0.5159088969230652,0.45757051074235733
1140.0,1.0,0.5180043184757233,0.5022333657741547,0.5467400294542313,0.4873763108253479,0.5123876929283142,0.5150713920593262,0.4568654601677906
1141.0,1.0,0.5214270377159118,0.5016990059614181,0.7413588237762451,0.5015864491462707,0.5125487446784973,0.5142013430595398,0.4560731557848925
1142.0,1.0,0.5210581523180008,0.5032640635967255,0.8178488695621491,0.5234228736162185,0.5127029418945312,0.513306736946106,0.4552197117641015
1143.0,1.0,0.5240237557888031,0.5063680636882782,0.07977335195988416,0.5270195645093918,0.512850284576416,0.5123960971832275,0.4543313558737623
1144.0,1.0,0.5240716081857681,0.5029944282770157,0.028325507307272346,0.5316161078214645,0.5129906535148621,0.5114780068397522,0.453434624748283
1145.0,1.0,0.5220089542865753,0.5011820703744888,0.10284464827826013,0.5349199306964875,0.5131240487098694,0.5105612874031067,0.4525565619356513
1146.0,1.0,0.5205841374397278,0.504304986000061,0.41880969032645227,0.5393835210800171,0.5132503509521484,0.5096549391746521,0.45172491854900443
1147.0,1.0,0.5196648651361465,0.5033021020889282,0.5867978799343109,0.5402741301059723,0.513369619846344,0.50876784324646,0.45096835638001664
1148.0,1.0,0.5233973568677902,0.4986238819360733,0.5189740699529648,0.5373826396465301,0.5134817957878113,0.5079086422920227,0.4503166534030214
1149.0,1.0,0.5213720279932023,0.5082377755641937,0.45699110746383664,0.5263677197694778,0.5135867595672607,0.5070860385894775,0.44979966148038386
1150.0,1.0,0.5297189182043076,0.5077427709102631,0.7111197125911712,0.5179880666732788,0.5136845111846924,0.5063082575798035,0.4494245599111082
1151.0,1.0,0.5240294820070267,0.5046296054124833,0.8219092404842376,0.5095564752817154,0.5137749910354614,0.5055831670761108,0.44917824704367604
1152.0,1.0,0.524287138581276,0.49973576962947847,0.8008089017868042,0.4811398547887802,0.5138581991195679,0.5049182176589966,0.4490484186328274
1153.0,1.0,0.5228993368148803,0.5090087687969208,0.09205396779580041,0.4828230482339859,0.5139340758323669,0.5043203234672546,0.44902429365555463
1154.0,1.0,0.5257398331165314,0.5031775104999542,0.04688899553846568,0.5137393587827682,0.5140025019645691,0.503795862197876,0.4490965531091007
1155.0,1.0,0.5239278310537339,0.5026092195510864,0.4478925922513008,0.5334663492441177,0.5140634775161743,0.5033504366874695,0.44925728355416084
1156.0,1.0,0.5171286624670028,0.5054629468917846,0.391388310790062,0.543909665942192,0.5141170024871826,0.5029891729354858,0.44949992601389965
1157.0,1.0,0.5254135590791702,0.504387109875679,0.25183887283783407,0.5357827138900757,0.5141629576683044,0.5027162432670593,0.449819230772448
1158.0,1.0,0.5211268836259841,0.49979824423789976,0.12772252066060902,0.5098194742202758,0.5142014026641846,0.502535343170166,0.4502112185422078
1159.0,1.0,0.5261536026000977,0.5063816946744919,0.687023833990097,0.49836185097694397,0.5142321586608887,0.502449095249176,0.4506731483796642
1160.0,1.0,0.5242737209796906,0.5005385482311249,0.5561135989427567,0.4971602523326874,0.5142552852630615,0.5024596452713013,0.45120349264374227
1161.0,1.0,0.5279084241390228,0.5065144801139831,0.4887806138396263,0.5205409103631973,0.5142706632614136,0.502568244934082,0.4518019192082221
1162.0,1.0,0.5283016353845597,0.5082827574014663,0.5361700242757798,0.5285955268144608,0.5142782926559448,0.5027754902839661,0.45246928106480766
1163.0,1.0,0.5237199574708938,0.5085980689525604,0.3262465567886829,0.5102098840475082,0.5142781734466553,0.5030810236930847,0.45320761338476245
1164.0,1.0,0.525393802523613,0.5002187395095825,0.4206315355747938,0.5218944764137268,0.5142701864242554,0.5034841299057007,0.4540201380363129
1165.0,1.0,0.5313762676715851,0.5075393289327621,0.29722755022346975,0.5285537534952164,0.5142543315887451,0.503983199596405,0.4549112754965563
1166.0,1.0,0.5261985844373703,0.50534419298172,0.3696161799132824,0.5311186391115189,0.5142306089401245,0.5045761466026306,0.4558866640249448
1167.0,1.0,0.5315901499986648,0.5041081643104554,0.36400405041873457,0.5089620906114578,0.514198899269104,0.505260169506073,0.45695318589785927
1168.0,1.0,0.5303880482912063,0.5070844757556915,0.8919852864742279,0.5235215550661088,0.5141592025756836,0.5060320496559143,0.4581190004301874
1169.0,1.0,0.528122386932373,0.5083405566215515,0.6388512873649597,0.5345362997055054,0.5141114592552185,0.5068881511688232,0.45939358342182857
1170.0,1.0,0.5281482869386673,0.5083644986152649,0.2936982258409262,0.5262265485525132,0.5140556693077087,0.5078243613243103,0.4607877725832168
1171.0,1.0,0.525210787653923,0.5071280753612518,0.20132818326354027,0.5266785836219787,0.5139917731285095,0.5088362097740173,0.4623138183976323
1172.0,1.0,0.5335949277877807,0.5112238746881484,0.49086268693208696,0.543233432173729,0.5139197707176208,0.5099191069602966,0.4639854397888996
1173.0,1.0,0.5244551539421082,0.511261288523674,0.5575868286192417,0.5607522916793823,0.513839602470398,0.5110679864883423,0.4658178838831475
1174.0,1.0,0.5235104060173035,0.5122628152370453,0.31747564747929574,0.5537752377986908,0.5137512683868408,0.5122778415679932,0.4678279891071213
1175.0,1.0,0.5293104004859924,0.5139061343669892,0.1914863345772028,0.5522055971622467,0.5136546492576599,0.5135433673858643,0.47003423797653454
1176.0,1.0,0.527482260465622,0.5096792513132096,0.20675259992480277,0.5431062412261963,0.5135498642921448,0.5148593783378601,0.47244523160362206
1177.0,1.0,0.5258241808414459,0.5034806996583938,0.4181670010089874,0.5241000318527221,0.5134367346763611,0.5162205696105957,0.4750383147102255
1178.0,1.0,0.519916627407074,0.5098952382802964,0.49233785420656206,0.5107989901304245,0.5133153796195984,0.5176216959953308,0.4777865564948627
1179.0,1.0,0.5244351124763489,0.5136778259277344,0.7231928968429565,0.534893165230751,0.5131856799125671,0.5190576314926147,0.48066435472774316
1180.0,1.0,0.5252664232254028,0.5102476471662521,0.7605909442901612,0.5472464418411255,0.5130476355552673,0.5205233693122864,0.4836472258224944
1181.0,1.0,0.5259395039081574,0.5032331889867783,0.48340113878250124,0.5519620370864868,0.512901246547699,0.5220139026641846,0.4867115961022357
1182.0,1.0,0.5277424865961075,0.5108892959356308,0.08452094469830626,0.5540955102443695,0.5127464532852173,0.5235246419906616,0.48983459425830134
1183.0,1.0,0.5254343712329864,0.5092733597755432,0.27552128992625513,0.5438031941652298,0.5125832557678223,0.5250509977340698,0.4929938451460014
1184.0,1.0,0.5312697166204452,0.5139232099056243,0.7381080389022827,0.5283371078968048,0.5124116539955139,0.5265887379646301,0.49616726518973575
1185.0,1.0,0.5281124407052994,0.5110319840908051,0.5440319189429283,0.5206283724308014,0.5122316479682922,0.5281338095664978,0.4993328597919713
1186.0,1.0,0.5232712143659591,0.5081725972890854,0.7281170803308487,0.5210513353347779,0.5120432376861572,0.5296823978424072,0.5024685232699255
1187.0,1.0,0.5342318439483642,0.5099037581682205,0.2174043773766607,0.5267217445373535,0.5118463635444641,0.5312309265136719,0.5055518419756382
1188.0,1.0,0.5277887612581253,0.5145992082357407,0.029072248721022334,0.5218435144424438,0.5116410851478577,0.5327761173248291,0.5085602902454447
1189.0,1.0,0.5281756919622421,0.5093465447425842,0.08557378224097192,0.5387377142906189,0.5114272832870483,0.5343148708343506,0.511491024967988
1190.0,1.0,0.5332542753219605,0.5110296040773392,0.5479998254776001,0.5569550526142121,0.5112050771713257,0.5358444452285767,0.5143705324560877
1191.0,1.0,0.5337890237569809,0.513756336569786,0.4514264786243439,0.5650087177753449,0.5109744071960449,0.5373622179031372,0.5172272751698515
1192.0,1.0,0.5262260055541992,0.5052442628145218,0.610120090842247,0.5622752839326859,0.510735273361206,0.5388659238815308,0.5200894199955144
1193.0,1.0,0.5292058253288269,0.5135252940654754,0.6796507853269577,0.5521588081121445,0.5104877352714539,0.5403533577919006,0.5229849577296051
1194.0,1.0,0.5355063772201538,0.5170447701215743,0.3254412719607353,0.5542817378044128,0.5102316737174988,0.541822612285614,0.5259418217916902
1195.0,1.0,0.5333438664674759,0.5180769401788712,0.3318751308321953,0.5509803175926209,0.5099672675132751,0.543272078037262,0.5289880050442051
1196.0,1.0,0.5289070254564285,0.5159008193016053,0.7703865945339203,0.543089245557785,0.5096943974494934,0.5447000861167908,0.5321516735168572
1197.0,1.0,0.5294006216526032,0.516449049115181,0.010209410050501902,0.542790743112564,0.5094131231307983,0.5461053252220154,0.5354612758572159
1198.0,1.0,0.5379215043783188,0.5118036985397338,0.004557965050917118,0.5374092870950699,0.5091234445571899,0.5474865436553955,0.5389456307544833
1199.0,1.0,0.5320064902305603,0.5136872977018356,0.2172862745076418,0.5175820356607437,0.508825421333313,0.5488426685333252,0.5426206850778641
1200.0,1.0,0.5307046246528625,0.5111138713359833,0.6701560920476913,0.5196673846244813,0.5085189938545227,0.5501726865768433,0.5464656799582599
1201.0,1.0,0.5351955223083497,0.5091417527198792,0.7410780775547028,0.5206333684921265,0.5082042813301086,0.5514756441116333,0.5504541247960333
1202.0,1.0,0.5360728633403778,0.5161609715223312,0.5712840700149536,0.5300891876220704,0.507881224155426,0.552750825881958,0.5545600934016193
1203.0,1.0,0.5285970133543014,0.5153008109331131,0.3700799105316401,0.5443822050094604,0.5075498819351196,0.5539973378181458,0.5587579991690177
1204.0,1.0,0.5302991622686386,0.5098233646154404,0.6221355330944062,0.543405037522316,0.5072102546691895,0.555214524269104,0.5630223672119001
1205.0,1.0,0.5321460002660752,0.5180474871397018,0.5744928246736527,0.5254444015026093,0.506862461566925,0.5564016699790955,0.5673276038554462
1206.0,1.0,0.5327539807558059,0.5135403174161911,0.6038006007671356,0.5171821331977844,0.5065064430236816,0.5575580596923828,0.5716477637770936
1207.0,1.0,0.5325488299131393,0.5167668431997299,0.4415133902430534,0.5372953552007675,0.506142258644104,0.5586829781532288,0.5759563149630651
1208.0,1.0,0.5297437238693238,0.5143274283409118,0.3533252326399088,0.549176915884018,0.5057699680328369,0.559775710105896,0.5802259014937192
1209.0,1.0,0.5382227063179016,0.517381826043129,0.3614670513570309,0.5558974838256836,0.5053896307945251,0.5608354806900024,0.5844281040147337
1210.0,1.0,0.5339208161830902,0.5147798871994018,0.6241165208816528,0.545352748632431,0.5050011873245239,0.5618613958358765,0.5885331975531756
1211.0,1.0,0.5284181559085845,0.5083347797393799,0.7364380592107773,0.5376091557741165,0.5046048164367676,0.5628526210784912,0.5925099061177264
1212.0,1.0,0.5358184593915939,0.5160262763500214,0.38652573138475416,0.5300237810611725,0.5042004585266113,0.5638082027435303,0.5963251905199911
1213.0,1.0,0.5316232907772064,0.5158831632137298,0.3240965732559562,0.5167099267244339,0.5037882924079895,0.5647270083427429,0.5999553462447977
1214.0,1.0,0.5409239304065704,0.5147046440839768,0.3715890121459961,0.5229770398139953,0.5033681988716125,0.5656079649925232,0.6034017188800931
1215.0,1.0,0.5365693819522858,0.5114433419704437,0.44886121571063997,0.522400661110878,0.5029403567314148,0.566449761390686,0.606667164760438
1216.0,1.0,0.5315245050191879,0.5161575114727021,0.10212267295457422,0.5237943381071091,0.5025047659873962,0.5672510266304016,0.6097519391105948
1217.0,1.0,0.5398094099760056,0.5142035830020905,0.01921252882122644,0.5266092240810394,0.5020615458488464,0.5680103302001953,0.6126536150134143
1218.0,1.0,0.5328320986032486,0.5163992863893508,0.19656278977170585,0.5217424899339675,0.5016106367111206,0.568726122379303,0.6153669918725768
1219.0,1.0,0.5381043064594269,0.5126551526784897,0.8618441045284271,0.5294638657569886,0.5011522769927979,0.5693968534469604,0.6178839924034492
1220.0,1.0,0.538399675488472,0.5205991017818451,0.20951628469862044,0.5423215699195861,0.5006864070892334,0.5700206756591797,0.62019354720465
1221.0,1.0,0.5364089131355285,0.5185493731498718,0.014544680454307582,0.5538706958293915,0.500213086605072,0.570595920085907,0.6222814660266636
1222.0,1.0,0.5381838244199753,0.5099637073278427,0.0047407706967601375,0.553043139576912,0.49973246455192566,0.5711207389831543,0.6241303063348198
1223.0,1.0,0.5325916862487793,0.5246179187297821,0.7001193489879369,0.5505169117450714,0.4992445409297943,0.5715932846069336,0.625728362787811
1224.0,1.0,0.5367156809568405,0.5101071447134018,0.8579901432991028,0.5363108801841736,0.4987494647502899,0.5720117688179016,0.627085998409882
1225.0,1.0,0.5364894729852676,0.5125234609842301,0.8748191487789154,0.537192496061325,0.4982472360134125,0.5723742246627808,0.6282144084864569
1226.0,1.0,0.5367441493272781,0.5218695110082626,0.38267413429915903,0.5449288326501847,0.4977380037307739,0.5726790428161621,0.6291211927590155
1227.0,1.0,0.5363653010129928,0.5133882510662079,0.16158971426542848,0.5541352343559265,0.49722176790237427,0.5729244351387024,0.6298103724555517
1228.0,1.0,0.5369518238306046,0.518781625032425,0.6689450949430465,0.567079192996025,0.49669867753982544,0.5731088519096375,0.6302823916484215
1229.0,1.0,0.5327422457933426,0.5144882327318192,0.8566480928659439,0.5605912733078003,0.4961688220500946,0.5732308626174927,0.6305341032364709
1230.0,1.0,0.5319993078708649,0.5186983233690262,0.5447053229808807,0.5498654294013977,0.49563223123550415,0.573289155960083,0.630558740348647
1231.0,1.0,0.5398356497287751,0.5208892494440078,0.32183215277800625,0.5466862374544144,0.49508902430534363,0.573282778263092,0.6303458745084072
1232.0,1.0,0.5349857836961747,0.516161881685257,0.3771632176637649,0.5440859180688858,0.4945392906665802,0.5732108354568481,0.6298817166009769
1233.0,1.0,0.5359645038843155,0.5173043143749237,0.196687734387815,0.5446876686811447,0.4939831495285034,0.5730727314949036,0.629164229528044
1234.0,1.0,0.54255606174469,0.5189186042547226,0.42045684039592746,0.5306020122766495,0.49342063069343567,0.572868287563324,0.6282089280042555
1235.0,1.0,0.5330354243516922,0.5148047506809235,0.5123769983649253,0.5253317379951477,0.4928518831729889,0.5725975036621094,0.6270293637051907
1236.0,1.0,0.5398877602815628,0.5154671239852905,0.6192103561758995,0.5522455763816834,0.49227699637413025,0.5722607374191284,0.6256357455963837
1237.0,1.0,0.5419078296422959,0.5177800214290619,0.20185184717644006,0.5680115354061127,0.4916960597038269,0.5718587040901184,0.6240350861111779
1238.0,1.0,0.5338929224014283,0.517809664607048,0.28554593928158284,0.5495491987466812,0.4911091923713684,0.5713925361633301,0.6222313462252487
1239.0,1.0,0.5418336647748947,0.5164925527572631,0.38669968605041505,0.5560175085067749,0.49051645398139954,0.5708635449409485,0.6202240159327346
1240.0,1.0,0.5414791244268418,0.5171063959598541,0.1273736937949434,0.548759331703186,0.4899179935455322,0.5702735781669617,0.6179797909024671
1241.0,1.0,0.5424522650241852,0.5207941073179245,0.7210396289825439,0.543850126862526,0.48931387066841125,0.5696247220039368,0.6154660203393121
1242.0,1.0,0.5342595493793487,0.5170100581645966,0.5348202589154244,0.5350341963768005,0.48870423436164856,0.5689195394515991,0.6126871480327907
1243.0,1.0,0.5401825428009033,0.5197477734088898,0.5428628125786781,0.5389728885889054,0.4880891740322113,0.5681608319282532,0.6096481554668571
1244.0,1.0,0.5398023968935013,0.5189953112602234,0.5198746389150619,0.5436054807901383,0.48746880888938904,0.5673516392707825,0.6063506538237107
1245.0,1.0,0.535610938668251,0.5160952186584473,0.7182339347898961,0.5457231646776199,0.4868432581424713,0.566495418548584,0.6027929913397259
1246.0,1.0,0.539988449215889,0.5191110265254975,0.11323963420873043,0.5310188156366348,0.4862126111984253,0.5655958652496338,0.5989831992663994
1247.0,1.0,0.540764844417572,0.5177756989002228,0.8700439751148223,0.5257655149698257,0.4855769872665405,0.5646567940711975,0.5949521554162516
1248.0,1.0,0.5383199542760849,0.5171896290779113,0.6779888814687729,0.5300468254089356,0.48493650555610657,0.5636823773384094,0.5907309649318222
1249.0,1.0,0.5446573919057847,0.51255974650383,0.7115638655424118,0.5336360049247741,0.48429128527641296,0.5626767873764038,0.5863480995398902
1250.0,1.0,0.5344515126943589,0.515834522843361,0.8673462808132172,0.538976616859436,0.48364144563674927,0.561644434928894,0.5818296205465572
1251.0,1.0,0.5312192523479462,0.5179792118072509,0.08733316878089681,0.5471839040517807,0.48298707604408264,0.5605897307395935,0.5771994013659878
1252.0,1.0,0.5426887911558151,0.5194567686319351,0.341114063821733,0.5430025923252105,0.482328325510025,0.5595172047615051,0.5724793484777706
1253.0,1.0,0.5383568340539933,0.5169701993465423,0.7337100076675415,0.5388418263196946,0.48166531324386597,0.5584312677383423,0.5676896199086485
1254.0,1.0,0.5440783780813218,0.5197275125980377,0.614080331325531,0.5336003541946411,0.480998158454895,0.5573363900184631,0.5628488405937304
1255.0,1.0,0.5356971722841263,0.5208030223846436,0.6568608665466309,0.5363592857122421,0.48032698035240173,0.5562369227409363,0.5579743142198765
1256.0,1.0,0.5424945640563965,0.5200474518537521,0.8647128343582153,0.5561760807037354,0.47965192794799805,0.5551370978355408,0.5530822314092205
1257.0,1.0,0.5417775964736938,0.5201468962430954,0.6265132290124893,0.5534471213817597,0.47897306084632874,0.5540409684181213,0.548187874305313
1258.0,1.0,0.5373640811443329,0.5188605570793152,0.28190714355790986,0.5447279566526413,0.4782905578613281,0.5529524683952332,0.5433058178028318
1259.0,1.0,0.5433411908149719,0.5184141039848328,0.015455473078945943,0.5312666547298431,0.4776045083999634,0.5518752932548523,0.5384501277832925
1260.0,1.0,0.5407621675729751,0.5189259314537048,0.4307249833457172,0.5409307605028153,0.4769150912761688,0.550812840461731,0.5336345567895435
1261.0,1.0,0.5396789133548736,0.5158903664350509,0.7530800524353981,0.5588131415843963,0.47622236609458923,0.5497682690620422,0.5288727375839315
1262.0,1.0,0.5369659346342087,0.5207017892599106,0.7481317234039306,0.5594804012775421,0.47552651166915894,0.5487446188926697,0.5241783749886153
1263.0,1.0,0.5394820296764373,0.5178611254692078,0.5849564039707184,0.5709362983703613,0.4748276472091675,0.5477443933486938,0.5195654362960624
1264.0,1.0,0.5367552304267883,0.5191031807661056,0.6259202444553376,0.5650899988412857,0.47412586212158203,0.5467699766159058,0.5150483403677342
1265.0,1.0,0.5345278686285019,0.5223491364717483,0.7333143293857575,0.5689750689268113,0.4734213352203369,0.5458233952522278,0.5106421453095216
1266.0,1.0,0.5385350972414017,0.5214988332986832,0.6926468757539987,0.5533064597845078,0.4727141559123993,0.5449064373970032,0.506362734326995
1267.0,1.0,0.5459942269325256,0.5192103379964829,0.0208687453417906,0.5323605412244796,0.4720045030117035,0.5440204739570618,0.5022269990394523
1268.0,1.0,0.5443632447719574,0.5218143844604493,0.29131533712148666,0.531502046585083,0.4712924659252167,0.5431666970252991,0.49825161665731565
1269.0,1.0,0.5411706149578095,0.520601412653923,0.35833776235580445,0.5331623035669327,0.4705781638622284,0.5423460006713867,0.49442725968619783
1270.0,1.0,0.5435448521375656,0.5229621660709382,0.42891876041889193,0.5507866394519806,0.469861775636673,0.5415590405464172,0.49072088859514196
1271.0,1.0,0.5402032721042633,0.5220434957742691,0.31940590515732764,0.5462803053855896,0.4691433906555176,0.5408062934875488,0.48709944373869263
1272.0,1.0,0.5440492784976959,0.5192375385761261,0.18186267644166945,0.5147393941879272,0.46842315793037415,0.540087878704071,0.48353062749077225
1273.0,1.0,0.5334818035364151,0.5240559071302414,0.4338296324014664,0.5187068504095077,0.4677012264728546,0.5394039154052734,0.4799827909703893
1274.0,1.0,0.5380188405513764,0.5262954694032669,0.6672889411449432,0.540037477016449,0.46697768568992615,0.5387542843818665,0.47642482546471143
1275.0,1.0,0.5411486858129502,0.5284857577085496,0.856924877166748,0.5498827439546585,0.4662526845932007,0.5381386876106262,0.4728260595830065
1276.0,1.0,0.5455687749385834,0.5271473109722138,0.7830690716579557,0.5556319105625153,0.4655263423919678,0.5375568270683289,0.46915616262846527
1277.0,1.0,0.5390030300617218,0.5232934027910232,0.5302345234155655,0.5543516039848327,0.46479883790016174,0.5370084047317505,0.46539170072359326
1278.0,1.0,0.5383256787061691,0.5195193183422089,0.46753956645727157,0.5589731335639954,0.46407026052474976,0.5364928841590881,0.4615426942152112
1279.0,1.0,0.5488616639375686,0.5250549232959747,0.27988875459879636,0.5636305522918701,0.46334072947502136,0.5360099673271179,0.45760045332508525
1280.0,1.0,0.5385324120521545,0.52601058781147,0.2899524368345737,0.5589576452970505,0.4626104235649109,0.5355592966079712,0.4535416790251645
1281.0,1.0,0.5449043178558349,0.5239402520656585,0.6478498071432114,0.5475375217199325,0.4618794322013855,0.5351404547691345,0.4493431562617616
1282.0,1.0,0.5453988462686539,0.5241596549749374,0.6884699207544327,0.5479461193084717,0.46114790439605713,0.5347533226013184,0.44500206443611035
1283.0,1.0,0.5397147554159164,0.522481780052185,0.4635259258747101,0.5451817917823791,0.4604159891605377,0.5343978404998779,0.440549866442538
1284.0,1.0,0.5412251311540603,0.527089701294899,0.444575484842062,0.5470402818918229,0.45968377590179443,0.5340739488601685,0.436020906164444
1285.0,1.0,0.5467019271850586,0.5257631349563598,0.7193147796392441,0.5443558835983277,0.4589514136314392,0.5337819457054138,0.4314493205731793
1286.0,1.0,0.5425611633062363,0.5224562609195709,0.765192836523056,0.5357484626770019,0.4582190215587616,0.5335221886634827,0.4268693213279846
1287.0,1.0,0.5465477472543716,0.5256235414743423,0.6854629212617874,0.5223442786931991,0.4574867784976959,0.5332951545715332,0.4223154832007765
1288.0,1.0,0.5421508979797364,0.5256024008989334,0.48094157814979555,0.5464490658044815,0.45675474405288696,0.5331016778945923,0.41782303758145645
1289.0,1.0,0.5433428478240967,0.5243374389410019,0.45795956134796145,0.5670369410514832,0.45602309703826904,0.5329425930976868,0.41342816985695663
1290.0,1.0,0.5450436723232269,0.5213805222511292,0.2687448550015688,0.5696852886676789,0.4552919566631317,0.5328191518783569,0.4091683200807381
1291.0,1.0,0.5443210995197296,0.5292570853233337,0.48829451978206634,0.568972270488739,0.4545614421367645,0.5327324867248535,0.40508102614941777
1292.0,1.0,0.5449140989780425,0.5247024828195572,0.3196141297370195,0.5560333383083343,0.45383167266845703,0.5326841473579407,0.40118263882831684
1293.0,1.0,0.5451120185852051,0.5284530949592591,0.1009673379547894,0.5454633432626724,0.4531027674674988,0.5326757431030273,0.3974733722892836
1294.0,1.0,0.5448314845561981,0.52393474817276,0.29395137809216976,0.5465052509307862,0.4523749053478241,0.5327088832855225,0.39395540344827396
1295.0,1.0,0.5373558807373047,0.5241027492284774,0.82551806807518,0.536012789607048,0.45164817571640015,0.5327854156494141,0.39063350040083833
1296.0,1.0,0.536901176571846,0.5235600781440735,0.4367071050405502,0.5194021266698837,0.4509226977825165,0.532907247543335,0.38751514308077617
1297.0,1.0,0.542750101685524,0.532353937625885,0.6502191436290741,0.5270392489433289,0.45019862055778503,0.5330761671066284,0.3846106517216583
1298.0,1.0,0.5450449359416961,0.5216632741689682,0.3407632741332054,0.5573944795131683,0.44947606325149536,0.5332940220832825,0.38193332466997276
1299.0,1.0,0.5413348847627639,0.5250868737697602,0.1284982135333121,0.5631275928020477,0.448755145072937,0.5335626602172852,0.37949958711294585
1300.0,1.0,0.5447140300273895,0.5247415626049041,0.40112011060118674,0.5659510016441345,0.44803595542907715,0.5338837504386902,0.3773285347349713
1301.0,1.0,0.5438904780149459,0.5255820363759994,0.13226702719926833,0.5684802317619324,0.4473187029361725,0.5342587232589722,0.3754249355406216
1302.0,1.0,0.5389452373981476,0.5288256901502609,0.21114206351339818,0.5689202642440796,0.4466034173965454,0.5346889495849609,0.3737771690473153
1303.0,1.0,0.5426544880867005,0.5244024795293808,0.21663686338812113,0.5696925342082977,0.44589027762413025,0.5351754426956177,0.37237626647939237
1304.0,1.0,0.5439184427261352,0.5259418565034867,0.5651216319203377,0.5662013006210327,0.44517937302589417,0.5357188582420349,0.37121696434138585
1305.0,1.0,0.5431042778491973,0.5225959557294846,0.21420544436725322,0.5554448890686036,0.4444708824157715,0.5363196134567261,0.3702977011834321
1306.0,1.0,0.5470833665132523,0.528642093539238,0.29480876934714617,0.5424269741773605,0.4437648355960846,0.5369776487350464,0.3696206330660061
1307.0,1.0,0.5470073509216309,0.5260513299703597,0.832410763502121,0.5538271087408065,0.4430614411830902,0.5376925468444824,0.36919166850393026
1308.0,1.0,0.5382030314207077,0.5306238806247712,0.5107491925358772,0.5773334074020385,0.4423607587814331,0.538463294506073,0.36902052335955204
1309.0,1.0,0.5458386760950088,0.5232116478681564,0.12340278968214989,0.5750094306468964,0.4416629374027252,0.5392884016036987,0.3691207958455891
1310.0,1.0,0.5445095962285995,0.5271539264917373,0.11891246203333139,0.5663088572025299,0.4409680664539337,0.5401659607887268,0.3695100175683024
1311.0,1.0,0.5474182808399201,0.5291847747564316,0.04027209880296141,0.5550247365236283,0.44027626514434814,0.5410934090614319,0.3701991949554895
1312.0,1.0,0.5441282683610916,0.5236073982715607,0.24441582761704922,0.552009329199791,0.43958768248558044,0.5420675277709961,0.37117910185492065
1313.0,1.0,0.547818643450737,0.5280878454446792,0.36543091855943205,0.5552394676208496,0.4389024078845978,0.5430847406387329,0.3724411322942842
1314.0,1.0,0.5419774824380874,0.5312693125009537,0.7143477189540863,0.5671713709831238,0.4382205903530121,0.5441408157348633,0.3739806165264099
1315.0,1.0,0.544905052781105,0.5288494849205017,0.7167802384495735,0.5675042927265167,0.43754228949546814,0.5452308654785156,0.3757967549269665
1316.0,1.0,0.5417241007089615,0.5267055863142014,0.7113750156760216,0.5800582242012023,0.4368676245212555,0.5463495850563049,0.3778925673317133
1317.0,1.0,0.5452937078475952,0.5292508828639985,0.532718608379364,0.5653028666973114,0.43619677424430847,0.547491192817688,0.38026891598596535
1318.0,1.0,0.5391126543283462,0.5294487696886062,0.36024869173765184,0.5596390962600708,0.43552976846694946,0.5486493706703186,0.38290394172582864
1319.0,1.0,0.5473128426074981,0.5239924001693725,0.3179867561161518,0.5389348560571671,0.4348667562007904,0.5498173236846924,0.38577179556091323
1320.0,1.0,0.5444623178243637,0.5286561161279678,0.5170327427983284,0.5280633568763733,0.43420782685279846,0.5509880185127258,0.3888497016601207
1321.0,1.0,0.5465923517942428,0.5256187033653259,0.4787058724462986,0.5435653227567673,0.43355312943458557,0.552154004573822,0.39211774064025917
1322.0,1.0,0.5452431976795197,0.5243138843774795,0.18031191188842058,0.5420439422130585,0.4329027533531189,0.5533075928688049,0.3955586441630885
1323.0,1.0,0.5498430383205414,0.5313234758377076,0.19353478033095597,0.53659370303154,0.4322567880153656,0.5544408559799194,0.39915759963017194
1324.0,1.0,0.5353194588422775,0.5260790473222733,0.7586572247743607,0.5513669389486313,0.43161535263061523,0.5555458664894104,0.40290206375533444
1325.0,1.0,0.5379124295711517,0.5260082715749741,0.8134587794542313,0.5752987253665924,0.43097856640815735,0.5566145777702332,0.4067804126945873
1326.0,1.0,0.5480548596382141,0.5290906465053559,0.8207676959037781,0.5653520590066909,0.4303465187549591,0.5576388835906982,0.4107609974851698
1327.0,1.0,0.5452139872312546,0.524867325425148,0.8779546922445297,0.5663939166069031,0.42971929907798767,0.5586109161376953,0.4147942061958929
1328.0,1.0,0.5425058376789093,0.5283035361766815,0.7532762151956558,0.5641661953926086,0.4290970265865326,0.5595229864120483,0.41883079725459993
1329.0,1.0,0.538878168463707,0.5267650252580642,0.440102921128273,0.5382298535108566,0.4284798204898834,0.5603676438331604,0.4228222241104902
1330.0,1.0,0.5538698732852936,0.5331215012073517,0.1385394562885631,0.525212014913559,0.4278677701950073,0.5611376762390137,0.42672029128294753
1331.0,1.0,0.5416773784160615,0.5313374769687652,0.5867578238248825,0.5228750616312027,0.42726096510887146,0.5618264675140381,0.4304768120862832
1332.0,1.0,0.5431423783302307,0.5275099271535874,0.6670375406742096,0.5328590977191925,0.4266595244407654,0.5624277591705322,0.4340454159141416
1333.0,1.0,0.5420566982030869,0.5282169711589814,0.5133349987864494,0.5543992698192597,0.42606353759765625,0.5629358291625977,0.43741156350958477
1334.0,1.0,0.5401948702335357,0.5278547614812851,0.5857051193714142,0.5379085129499436,0.4254731237888336,0.563345730304718,0.4405854542021217
1335.0,1.0,0.5450820940732956,0.5290371721982956,0.31054543603211643,0.5561977350711822,0.42488834261894226,0.5636530518531799,0.4435777556798115
1336.0,1.0,0.5433588719367981,0.5323307532072067,0.03614342123617462,0.5673415428400039,0.42430928349494934,0.5638541579246521,0.44639893478517934
1337.0,1.0,0.5396070718765259,0.5281970572471618,0.01836132906158582,0.558432605266571,0.4237360954284668,0.5639461874961853,0.4490592403303282
1338.0,1.0,0.5436859089136123,0.5274511468410492,0.08211902035051026,0.5295667916536331,0.4231688678264618,0.5639270544052124,0.45156869019541546
1339.0,1.0,0.5454540991783142,0.5301106262207032,0.4983126637339592,0.49605394184589385,0.4226076304912567,0.5637955069541931,0.4539370630236732
1340.0,1.0,0.5472103005647659,0.5286191481351853,0.25197587966918944,0.5272010964155197,0.4220525622367859,0.5635512471199036,0.4561738944043867
1341.0,1.0,0.5458813816308975,0.5309231239557266,0.4410383003950119,0.5721460956335068,0.4215036928653717,0.5631948113441467,0.4582884771502336
1342.0,1.0,0.5431823593378067,0.5366757667064667,0.6372938299179077,0.5910370683670044,0.4209611713886261,0.5627275109291077,0.4602898650939409
1343.0,1.0,0.5453266394138336,0.5252263450622559,0.8423165583610535,0.5851477926969528,0.42042502760887146,0.5621517896652222,0.4621868320147655
1344.0,1.0,0.540392010807991,0.5334814262390136,0.8099896511435509,0.5735223114490509,0.41989538073539734,0.5614706873893738,0.4639744249282245
1345.0,1.0,0.5504670238494873,0.5283929419517517,0.5004691234789789,0.5665101826190948,0.4193723499774933,0.560688316822052,0.4656154025263888
1346.0,1.0,0.541435393691063,0.5338183236122132,0.8353152477741241,0.5525469994544983,0.4188559651374817,0.5598094463348389,0.467067331802248
1347.0,1.0,0.544431112408638,0.5286880421638489,0.1604285216704011,0.5508453983068466,0.4183463752269745,0.5588397979736328,0.46828691743244377
1348.0,1.0,0.5474703788757325,0.5256134313344956,0.14077165967784822,0.5740852403640747,0.41784361004829407,0.5577858090400696,0.46923341415585895
1349.0,1.0,0.547458472251892,0.5288663744926453,0.07797722292598337,0.5851380550861358,0.41734781861305237,0.5566545724868774,0.46989923765362107
1350.0,1.0,0.5495220720767975,0.5311238217353821,0.017550850258703576,0.5826115632057189,0.4168590307235718,0.555453896522522,0.47029414704840633
1351.0,1.0,0.5455086398124694,0.5276136690378189,0.011934769836298074,0.5778922009468078,0.41637736558914185,0.5541921854019165,0.4704266799398198
1352.0,1.0,0.5428925579786301,0.5322402489185333,0.009196252203429367,0.5786746609210968,0.41590291261672974,0.5528783202171326,0.47030399139134715
1353.0,1.0,0.5415694087743759,0.5304481047391891,0.05092046040692367,0.5759915482997894,0.4154357314109802,0.5515216588973999,0.4699318832317374
1354.0,1.0,0.5470164275169372,0.5321898746490479,0.7955844819545745,0.5722846812009812,0.41497594118118286,0.5501320958137512,0.4693148367218072
1355.0,1.0,0.5442678356170654,0.5288906228542328,0.7554505562782288,0.5848569059371949,0.41452357172966003,0.5487197041511536,0.46845604847664646
1356.0,1.0,0.5467717730998993,0.5349161398410797,0.8228577840328216,0.5877402806282044,0.4140787720680237,0.5472947955131531,0.46735746941491385
1357.0,1.0,0.5454952466487885,0.5369777852296829,0.847563693523407,0.5770147788524628,0.4136415421962738,0.5458678603172302,0.46601984641746697
1358.0,1.0,0.5455553734302521,0.5312522840499878,0.5769556206464768,0.5924941253662109,0.41321203112602234,0.544449508190155,0.4644427662639288
1359.0,1.0,0.5529478889703751,0.5332947909832001,0.7309031364321709,0.5796578681468963,0.41279029846191406,0.5430503487586975,0.46262470122557886
1360.0,1.0,0.5455564022064209,0.528782052397728,0.8332329285144806,0.5314625555276871,0.41237643361091614,0.5416808724403381,0.4605632952912515
1361.0,1.0,0.5440043920278549,0.5318658918142318,0.30862579483538866,0.4760041254758835,0.41197049617767334,0.5403513312339783,0.4582750017288788
1362.0,1.0,0.536158207654953,0.524910318851471,0.16043258536607027,0.5000643694400787,0.41157257556915283,0.5390718579292297,0.4558096609852669
1363.0,1.0,0.5403511196374893,0.5337486338615417,0.38708236619830133,0.5425500780344009,0.4111827313899994,0.5378522276878357,0.4532198057354293
1364.0,1.0,0.5454155546426773,0.5351790112257003,0.48073050409555435,0.5271559870243072,0.4108010530471802,0.5367016792297363,0.4505576137063656
1365.0,1.0,0.542942859530449,0.5331867337226868,0.3232013323903084,0.47276859819889067,0.41042762994766235,0.535629153251648,0.44787529152141303
1366.0,1.0,0.5441145169734954,0.5319258010387421,0.30130149841308596,0.44473858952522277,0.4100625216960907,0.5346429944038391,0.4452254590816551
1367.0,1.0,0.5407397639751435,0.5400686120986938,0.3189155088365078,0.4914629250764847,0.4097058176994324,0.5337508320808411,0.4426537809125506
1368.0,1.0,0.5468109661340713,0.532750796675682,0.41747635275125505,0.5200405675172806,0.40935757756233215,0.5329598188400269,0.4401748898219182
1369.0,1.0,0.5467627358436584,0.5296705931425094,0.4781379097700119,0.5256860905885696,0.4090178906917572,0.5322762131690979,0.4377964055661323
1370.0,1.0,0.5471043705940246,0.5336796915531159,0.32373186744749544,0.521896071434021,0.4086867868900299,0.5317056179046631,0.435527405905745
1371.0,1.0,0.5482125860452652,0.533417621254921,0.10017946598120034,0.5185211086273194,0.4083643853664398,0.5312527418136597,0.43337855734344544
1372.0,1.0,0.5497899001836777,0.5337805187702179,0.030967420371598563,0.5566243916749954,0.4080507457256317,0.5309216380119324,0.4313622498319347
1373.0,1.0,0.5500410985946655,0.5311226940155029,0.12743690012954176,0.5738882505893708,0.40774592757225037,0.5307152271270752,0.4294927349386626
1374.0,1.0,0.5430005365610122,0.5357776892185211,0.2583548006415367,0.5746264708042145,0.40745002031326294,0.5306358337402344,0.427786113580936
1375.0,1.0,0.5447178810834885,0.5326882863044738,0.42359003365039827,0.5674346727132797,0.4071630537509918,0.5306847095489502,0.4262454266857958
1376.0,1.0,0.549938086271286,0.5361285680532455,0.4703799706697464,0.5680233240127563,0.40688514709472656,0.5308622717857361,0.42484804849689795
1377.0,1.0,0.5423774409294129,0.5255315154790878,0.5276642328500748,0.5712194228172303,0.40661635994911194,0.5311681032180786,0.423570498519922
1378.0,1.0,0.5438428962230683,0.5360767781734467,0.08994378848365159,0.5931002259254455,0.40635672211647034,0.5316009521484375,0.4223913019407348
1379.0,1.0,0.5445937657356262,0.5379387474060059,0.16037308509927242,0.5954890608787536,0.4061063230037689,0.532158613204956,0.42129086905552526
1380.0,1.0,0.5481907367706299,0.536356400847435,0.6844950026273727,0.5990620601177216,0.40586522221565247,0.5328382253646851,0.4202513797580991
1381.0,1.0,0.5453962761163712,0.533345177769661,0.8169594585895539,0.6048286890983582,0.40563347935676575,0.5336360931396484,0.4192566734003833
1382.0,1.0,0.5485742044448852,0.5318064272403717,0.8785744452476502,0.6017664909362793,0.4054112136363983,0.5345478057861328,0.4182921438960534
1383.0,1.0,0.5514410197734833,0.5387769043445587,0.8531587845087052,0.5804440701007842,0.4051983952522278,0.5355682969093323,0.41734463940298383
1384.0,1.0,0.5433478504419327,0.5307520431280136,0.4880654188990593,0.5657577556371689,0.4049951732158661,0.5366919636726379,0.4164023653172819
1385.0,1.0,0.5534319126605988,0.5295464199781418,0.21164875604212285,0.5709961771965026,0.40480154752731323,0.5379124879837036,0.41545403797672975
1386.0,1.0,0.5458033764362336,0.5321037143468856,0.2438932639732957,0.5465882039070129,0.40461763739585876,0.539223313331604,0.4144757990307255
1387.0,1.0,0.5422265070676804,0.5339291810989379,0.40136971831321716,0.5200609165430069,0.4044434428215027,0.5406172871589661,0.4134623774945112
1388.0,1.0,0.5468995034694671,0.536286786198616,0.514068533629179,0.5376742780208588,0.40427905321121216,0.5420870184898376,0.41242300798771225
1389.0,1.0,0.5418576377630234,0.537619081735611,0.5474408382177353,0.5824614596366883,0.40412452816963196,0.543624758720398,0.41136795568425555
1390.0,1.0,0.5465472561120986,0.5327330636978149,0.6854077738523483,0.5890602850914002,0.40397992730140686,0.5452226400375366,0.4103086183499727
1391.0,1.0,0.544131600856781,0.534985535144806,0.6939549589157105,0.5635218322277069,0.40384528040885925,0.5468725562095642,0.40925765456523777
1392.0,1.0,0.5451525592803955,0.5306896966695785,0.7069705581665039,0.5183455634117127,0.4037207067012787,0.5485665202140808,0.40822911570217
1393.0,1.0,0.5457967180013656,0.5357638782262802,0.5592399011552334,0.5016183173656463,0.4036061763763428,0.550296425819397,0.4072385818205646
1394.0,1.0,0.5500557744503021,0.5347770524024963,0.7389814925193786,0.5391540056467057,0.40350180864334106,0.552054226398468,0.4063033010627919
1395.0,1.0,0.543535692691803,0.538112963438034,0.791715475320816,0.559903330206871,0.40340766310691833,0.5538320541381836,0.4054423315218969
1396.0,1.0,0.540541445016861,0.5340584194660187,0.7583739900588989,0.5684071332216263,0.4033237099647522,0.5556222200393677,0.4046766839515783
1397.0,1.0,0.5423789650201798,0.5362772518396377,0.4345327223837376,0.5836870366334915,0.4032500982284546,0.5574172139167786,0.4040294630643757
1398.0,1.0,0.5485876798629761,0.5297910392284393,0.8609408080577851,0.5989852231740952,0.4031868278980255,0.5592098832130432,0.40352600460974486
1399.0,1.0,0.5451011574268341,0.5273511469364166,0.8643982410430908,0.5947641015052796,0.40313395857810974,0.5609934329986572,0.4031932060612462
1400.0,1.0,0.5435944575071335,0.5337884306907654,0.884691846370697,0.5883985221385956,0.40309152007102966,0.5627613663673401,0.4030402996365865
1401.0,1.0,0.5446633857488632,0.5322980493307113,0.5708802330617618,0.5905496346950531,0.40305957198143005,0.5645076036453247,0.4030547370831812
1402.0,1.0,0.5504388558864594,0.5360537278652191,0.0011799871494547432,0.6050263476371766,0.4030381739139557,0.5662264823913574,0.40319889037479584
1403.0,1.0,0.548550351858139,0.5365539830923081,0.39171926808339774,0.600515468120575,0.40302735567092896,0.5679128766059875,0.4034329901430169
1404.0,1.0,0.552191316485405,0.5355779880285263,0.9148290705680847,0.5807247090339661,0.40302717685699463,0.5695620775222778,0.4037603315969136
1405.0,1.0,0.5498949909210205,0.5389652633666993,0.8425846791267395,0.5792466819286346,0.4030376374721527,0.5711698532104492,0.4041977931487395
1406.0,1.0,0.5462752503156661,0.5342766392230988,0.8870708858966827,0.5984003531932831,0.40305882692337036,0.5727325081825256,0.4047594784997841
1407.0,1.0,0.5445814675092697,0.5358209639787674,0.15837387121631763,0.61366406083107,0.40309077501296997,0.5742467045783997,0.4054335264317501
1408.0,1.0,0.5439083361625672,0.5362738519906998,0.011358859572771251,0.6122738027572632,0.4031335115432739,0.5757098197937012,0.40619989400505574
1409.0,1.0,0.5445159161090851,0.5383565479516983,0.26144094153278274,0.6217111897468567,0.4031870663166046,0.5771195292472839,0.4070405474660106
1410.0,1.0,0.546388846039772,0.5304798203706741,0.848742810189724,0.6149397230148316,0.4032514691352844,0.5784740447998047,0.407939372770187
1411.0,1.0,0.5452478873729706,0.5352399462461471,0.9423458814620972,0.6102861332893371,0.40332674980163574,0.5797720551490784,0.4088820680565277
1412.0,1.0,0.5422548776865006,0.5355446374416352,0.7818722543120384,0.612902626991272,0.40341296792030334,0.5810126662254333,0.4098560366188906
1413.0,1.0,0.5454879367351532,0.529012451171875,0.5658617790974677,0.6116964530944824,0.4035101532936096,0.5821953415870667,0.41085028277416313
1414.0,1.0,0.5487204682826996,0.5374753773212433,0.20288866934905855,0.6160319495201111,0.40361830592155457,0.5833199620246887,0.4118553125759661
1415.0,1.0,0.5415162563323974,0.5284049665927887,0.04106870064031901,0.6082701849937439,0.40373748540878296,0.5843867659568787,0.4128630408941376
1416.0,1.0,0.548193769454956,0.5273861545324325,0.00224306550179718,0.5837086695432663,0.4038676917552948,0.5853962898254395,0.4138667059977479
1417.0,1.0,0.5415198278427124,0.5402610766887664,0.0032616005344465295,0.5774163430929184,0.4040089547634125,0.5863493084907532,0.4148607924656744
1418.0,1.0,0.5446600842475892,0.5323401880264282,0.19276612679008395,0.5621462923288345,0.4041613042354584,0.5872469544410706,0.4158409629702646
1419.0,1.0,0.542098298072815,0.5317005234956741,0.43470350533723834,0.5345783478021622,0.4043247401714325,0.5880905389785767,0.41680399928517886
1420.0,1.0,0.5452602410316467,0.5332110118865967,0.12363339551200625,0.5465805184841156,0.4044992923736572,0.5888813734054565,0.4177477527013309
1421.0,1.0,0.5481172347068787,0.5326432639360428,0.0032194351313626223,0.5981754660606384,0.40468499064445496,0.5896211266517639,0.41867110393178564
1422.0,1.0,0.5491396254301071,0.5405296677350998,0.02791651762291103,0.6162429034709931,0.4048818349838257,0.5903114676475525,0.4195739325018053
1423.0,1.0,0.544913939833641,0.5354829531908035,0.663488684296608,0.5967635095119477,0.4050898253917694,0.5909542441368103,0.4204570955845668
1424.0,1.0,0.5404814946651458,0.5323195421695709,0.9479654109477997,0.5902620792388916,0.4053089916706085,0.5915511250495911,0.4213224162129734
1425.0,1.0,0.5466446197032928,0.5446942496299744,0.8185151922702789,0.5829862141609192,0.40553930401802063,0.5921040177345276,0.42217268079824066
1426.0,1.0,0.5459604823589325,0.5369869297742844,0.9222823476791382,0.5831985104084015,0.4057808220386505,0.5926148295402527,0.4230116458891757
1427.0,1.0,0.5468504422903061,0.5365789240598678,0.3561999110877514,0.5952768778800964,0.4060335159301758,0.5930852293968201,0.42384405412008164
1428.0,1.0,0.5479218828678131,0.5407731521129608,0.4484119223058224,0.6093515622615814,0.40629735589027405,0.5935171246528625,0.4246756593046541
1429.0,1.0,0.5471457552909851,0.532633489370346,0.6113699287176132,0.5898767268657684,0.4065724015235901,0.5939121246337891,0.425513260644351
1430.0,1.0,0.5478044199943543,0.5307313764095306,0.6936186879873276,0.5842200493812562,0.4068585932254791,0.5942720770835876,0.4263647460170148
1431.0,1.0,0.5488174587488175,0.5385747468471527,0.9502052295207978,0.5965484821796417,0.40715596079826355,0.5945984721183777,0.42723914429691945
1432.0,1.0,0.5448996645212173,0.5319621169567108,0.8531128138303756,0.5980760502815247,0.40746447443962097,0.5948929786682129,0.42814668662327904
1433.0,1.0,0.5445311355590821,0.5315398395061492,0.7141952234506607,0.5914272558689118,0.407784104347229,0.5951570868492126,0.4290988764742565
1434.0,1.0,0.5448306322097778,0.5348231399059296,0.8495893180370331,0.5901867282390595,0.40811488032341003,0.5953922271728516,0.4301085683155179
1435.0,1.0,0.5458587110042572,0.5351122468709946,0.6221314502507448,0.5764747583866119,0.4084567129611969,0.5955998301506042,0.43119005446547476
1436.0,1.0,0.5396487385034561,0.5389075255393982,0.0838852156791836,0.5875392377376556,0.4088096618652344,0.5957813262939453,0.4323591596551637
1437.0,1.0,0.5476753300428391,0.53648033618927,0.15922006268054248,0.5893147504329681,0.4091736376285553,0.5959380269050598,0.43363334255153063
1438.0,1.0,0.540334712266922,0.536105517745018,0.23297605462372303,0.5586054712533951,0.4095486104488373,0.5960712432861328,0.4350318032564928
1439.0,1.0,0.5526214367151261,0.5385100877285004,0.4941674587130547,0.5837994551658631,0.4099346101284027,0.5961822867393494,0.43657559549984626
1440.0,1.0,0.5432259231805802,0.5376723271608352,0.8104388076066971,0.6138640260696411,0.41033151745796204,0.5962724089622498,0.43828774191436537
1441.0,1.0,0.5453527879714966,0.5414953064918518,0.8051533357799053,0.6232121682167053,0.41073936223983765,0.5963428020477295,0.4401933504399125
1442.0,1.0,0.5498831838369369,0.5332003915309906,0.7775868803262711,0.6258624756336212,0.4111580550670624,0.5963947176933289,0.4423197295795518
1443.0,1.0,0.5418639969825745,0.5321139711141586,0.6174370756745339,0.6158838415145874,0.41158756613731384,0.5964292883872986,0.44469649998139005
1444.0,1.0,0.5419155395030976,0.5316585743427277,0.6307369276881218,0.5783135277032853,0.41202786564826965,0.5964476466178894,0.4473546279435965
1445.0,1.0,0.5479281604290008,0.539849419593811,0.8891212457418441,0.5813983631134033,0.41247886419296265,0.5964508652687073,0.4502874220999331
1446.0,1.0,0.5450474005937577,0.5320406091213227,0.7482588642835617,0.6077695190906525,0.4129405617713928,0.5964398980140686,0.45343874311053867
1447.0,1.0,0.5477557039260864,0.5471809530258178,0.6861155742406845,0.6024668109416962,0.41341280937194824,0.5964155793190002,0.4567507881241397
1448.0,1.0,0.5421572303771973,0.5342012745141983,0.6711389508843422,0.5705068159103394,0.4138956069946289,0.5963786840438843,0.4601671451399909
1449.0,1.0,0.539456582069397,0.5349286979436875,0.6451229757070541,0.5446519190073014,0.41438889503479004,0.5963297486305237,0.4636324131229941
1450.0,1.0,0.5503662610054016,0.5320809704065322,0.9650004744529724,0.5609408211708069,0.4148925542831421,0.5962691307067871,0.4670918217359059
1451.0,1.0,0.542823104262352,0.5318089497089385,0.5822794621251524,0.5716275656223297,0.4154065251350403,0.5961970090866089,0.4704908503894032
1452.0,1.0,0.5426757615804673,0.5337844508886337,0.6974430704116821,0.5937609374523163,0.41593074798583984,0.5961132049560547,0.4737748468930292
1453.0,1.0,0.5472013610601425,0.5363330733776093,0.2361267925798893,0.5939901667833328,0.4164651036262512,0.5960173010826111,0.47688864647524554
1454.0,1.0,0.5429625165462494,0.5306850570440292,0.15407583369873465,0.5947387039661407,0.41700953245162964,0.595908522605896,0.4797761923624577
1455.0,1.0,0.5480520761013031,0.5390210127830506,0.30629767283797266,0.5853563451766968,0.41756394505500793,0.5957857370376587,0.48238015947941904
1456.0,1.0,0.5412953615188598,0.5363457655906677,0.05747338249348104,0.5966236770153046,0.41812819242477417,0.595647394657135,0.48464158315036343
1457.0,1.0,0.538641055226326,0.5394655096530915,0.06784443345735781,0.5891362679004669,0.41870224475860596,0.5954914689064026,0.48650345619117985
1458.0,1.0,0.5482349812984466,0.5437766194343567,0.4546875393390655,0.5568850255012512,0.41928595304489136,0.5953155159950256,0.48796620755299003
1459.0,1.0,0.5473275899887085,0.5389505326747894,0.32178768806159497,0.5296931064128876,0.4198792278766632,0.5951166749000549,0.48907422980434134
1460.0,1.0,0.5467219865322113,0.5374122166633606,0.22211551104672253,0.544855335354805,0.42048195004463196,0.5948915481567383,0.4898710367232937
1461.0,1.0,0.548368147611618,0.5339424699544907,0.7974925529956818,0.5825843876600265,0.42109397053718567,0.5946363210678101,0.49039823584333675
1462.0,1.0,0.5505795007944108,0.5374414181709289,0.3379511593468487,0.5919513165950775,0.42171522974967957,0.5943466424942017,0.49069572482476076
1463.0,1.0,0.5396426141262054,0.539140197634697,0.06691440171562135,0.563001561164856,0.42234551906585693,0.5940178036689758,0.490801904298106
1464.0,1.0,0.5442724907398224,0.5406171423196793,0.09458864627406001,0.5736445093154907,0.422984778881073,0.5936445593833923,0.4907539030725907
1465.0,1.0,0.54301837682724,0.5370672243833542,0.7471721869707107,0.5895879638195037,0.42363283038139343,0.5932214856147766,0.490587812180852
1466.0,1.0,0.5449092787504196,0.5406242251396179,0.42507284514606,0.576166405081749,0.4242895543575287,0.5927427411079407,0.49033892481476116
1467.0,1.0,0.5453547990322113,0.5418278735876083,0.6376001179218292,0.5931145405769348,0.4249548316001892,0.5922022461891174,0.4900419797513429
1468.0,1.0,0.540322875380516,0.5352930724620819,0.8005968880653381,0.6188020431995391,0.4256284236907959,0.5915938019752502,0.4897314063507743
1469.0,1.0,0.5434780764579773,0.5396543109416961,0.8534995627403259,0.6248294019699097,0.426310271024704,0.5909112095832825,0.48944156962021523
1470.0,1.0,0.5520127356052399,0.5409627670049667,0.6450406664609909,0.6251447689533234,0.42700016498565674,0.5901481509208679,0.4892070141864835
1471.0,1.0,0.5388780522346497,0.5352329313755035,0.7985641676187515,0.6020401120185852,0.4276979863643646,0.5892985463142395,0.48906270632103954
1472.0,1.0,0.5467669069766998,0.5377271449565888,0.6779034888744354,0.6019145846366882,0.42840349674224854,0.5883566737174988,0.4890442721947572
1473.0,1.0,0.5506469452381134,0.5397043657302857,0.5835821333527565,0.6141033017635346,0.4291166067123413,0.5873169898986816,0.48917806599606806
1474.0,1.0,0.5425887733697892,0.5360614955425262,0.6893251591920853,0.5926846224069595,0.42983707785606384,0.586174726486206,0.4894567737785742
1475.0,1.0,0.5458040171861649,0.5366798120737076,0.6879465955495835,0.5503785413503647,0.4305647611618042,0.5849254727363586,0.48986684361878474
1476.0,1.0,0.5455180168151855,0.539058403968811,0.7297991162538529,0.5255118060112,0.43129947781562805,0.5835658311843872,0.49039584687242055
1477.0,1.0,0.5424361032247543,0.5369224166870117,0.8986525774002075,0.5625783556699753,0.4320410192012787,0.5820931196212769,0.4910323941320307
1478.0,1.0,0.5427846521139145,0.5382583224773407,0.8538654434680939,0.5982801544666291,0.4327892065048218,0.5805056691169739,0.4917660531334498
1479.0,1.0,0.5484796679019928,0.532995736002922,0.5194205938279629,0.6080064177513123,0.4335438311100006,0.5788030028343201,0.4925872688756847
1480.0,1.0,0.5442787218093872,0.534823442697525,0.7001162464125081,0.5998831629753113,0.43430471420288086,0.5769855976104736,0.4934872861905948
1481.0,1.0,0.5414072567224503,0.5433057558536529,0.8783649289608002,0.5729023766517639,0.4350716471672058,0.5750553607940674,0.49445807493999006
1482.0,1.0,0.5495614159107208,0.5404057717323303,0.5235817676782608,0.5744804215431213,0.43584442138671875,0.5730153322219849,0.495492257946081
1483.0,1.0,0.5427912509441376,0.5362933599948883,0.183685118178837,0.586038938164711,0.4366227984428406,0.5708698034286499,0.49658304168575995
1484.0,1.0,0.5446349954605103,0.5348122501373291,0.482754637748003,0.5801151287555695,0.43740659952163696,0.5686244964599609,0.49772414970771006
1485.0,1.0,0.5412716037034988,0.5390878796577454,0.44976227797567847,0.5928867959976196,0.4381956160068512,0.5662862658500671,0.4989097586668616
1486.0,1.0,0.5506700193881988,0.5408956456184387,0.1189995303354226,0.5983389568328857,0.4389895796775818,0.5638631582260132,0.5001344368149867
1487.0,1.0,0.5460525226593017,0.5366674172878265,0.6965718469023705,0.6085026586055755,0.4397883117198944,0.561364471912384,0.5013930847396297
1488.0,1.0,0.5451052570343018,0.5382453525066375,0.9349133765697479,0.5994532036781312,0.4405915439128876,0.558800458908081,0.5026808781055969
1489.0,1.0,0.5441134411096573,0.5416315424442292,0.9885063433647155,0.5997353887557983,0.44139906764030457,0.5561822056770325,0.5039932121231603
1490.0,1.0,0.5480245685577393,0.5427122622728348,0.9684878265857697,0.5872291350364685,0.4422106444835663,0.5535218119621277,0.5053256474434402
1491.0,1.0,0.5414486515522003,0.5487070798873901,0.9289405930042267,0.5865470623970032,0.443026065826416,0.5508317947387695,0.5066738571635732
1492.0,1.0,0.5457949668169022,0.5381037330627442,0.8238863188028336,0.602807115316391,0.4438450336456299,0.5481252670288086,0.5080335746107849
1493.0,1.0,0.5402037668228149,0.5410898464918137,0.4014005305245519,0.5961954188346863,0.44466736912727356,0.5454156994819641,0.5094005415640481
1494.0,1.0,0.5402599048614501,0.5357395231723785,0.20330596423791575,0.5986290407180787,0.44549277424812317,0.5427166223526001,0.5107704565652718
1495.0,1.0,0.5453806227445602,0.5353637593984604,0.36235491305589673,0.6042733716964722,0.446321040391922,0.5400416851043701,0.5121389229660451
1496.0,1.0,0.5404081505537033,0.5409020537137985,0.44367131985723973,0.5907309997081757,0.44715189933776855,0.5374042987823486,0.5135013963530568
1497.0,1.0,0.5417221397161484,0.5320556944608689,0.4787928172945976,0.5322771781682968,0.44798508286476135,0.5348175764083862,0.5148531309926092
1498.0,1.0,0.5377597111463547,0.546072878241539,0.3125816023629159,0.5211613070964813,0.4488203823566437,0.5322940945625305,0.516189124934364
1499.0,1.0,0.5444073694944381,0.5396559131145477,0.020813734120795287,0.5630445176362991,0.44965752959251404,0.5298459529876709,0.5175040634152239
1500.0,1.0,0.5460033190250396,0.5380812430381775,0.09672991336436099,0.561937438249588,0.45049625635147095,0.5274844169616699,0.5187922602066948
1501.0,1.0,0.5455833566188812,0.5410354071855545,0.6042447523772716,0.5532035332918167,0.4513362944126129,0.5252200365066528,0.5200475965549742
1502.0,1.0,0.5420332741737366,0.5406563794612884,0.699476490020752,0.5226771539449692,0.45217740535736084,0.5230622887611389,0.5212634573705373
1503.0,1.0,0.5400438535213471,0.5406288993358612,0.10488785801455379,0.5069378256797791,0.45301932096481323,0.5210198760032654,0.522432664336435
1504.0,1.0,0.5428565168380737,0.5356038004159928,0.34662376165390013,0.5292428135871887,0.453861802816391,0.5191003084182739,0.5235474056226437
1505.0,1.0,0.5431017607450486,0.5449216067790985,0.42588584542274477,0.552572363615036,0.45470455288887024,0.5173099637031555,0.5245991619152619
1506.0,1.0,0.5409121632575988,0.5403550171852112,0.5188407462835312,0.567060968875885,0.4555473327636719,0.5156542658805847,0.5255786285029203
1507.0,1.0,0.5448417341709137,0.5456503438949585,0.5687351030111313,0.5693719434738159,0.4563899040222168,0.5141373872756958,0.5264756331981886
1508.0,1.0,0.5448898977041244,0.5418590366840362,0.43908895075321197,0.5664107125997543,0.45723193883895874,0.5127624273300171,0.5272790499242603
1509.0,1.0,0.5444095629453659,0.5376564782857894,0.3428380236029625,0.5576432037353516,0.458073228597641,0.5115313529968262,0.5279767078514723
1510.0,1.0,0.5408269202709198,0.5361513423919678,0.4917786180973053,0.5767526280879974,0.45891350507736206,0.5104449987411499,0.5285552960394
1511.0,1.0,0.5444338464736939,0.5394316989183426,0.5371692472696304,0.5644762527942657,0.45975250005722046,0.509503185749054,0.5290002636149538
1512.0,1.0,0.5421945297718048,0.5401397842168808,0.2912612400949001,0.474300811290741,0.4605899453163147,0.5087047219276428,0.5292957155973497
1513.0,1.0,0.5428083837032318,0.5357592618465423,0.29415268898010255,0.3374538332223892,0.4614256024360657,0.5080474019050598,0.5294243045639675
1514.0,1.0,0.5431583631038666,0.5363246083259583,0.37661165595054624,0.4421880465745926,0.4622591733932495,0.5075282454490662,0.5293671184190814
1515.0,1.0,0.5442255681753159,0.5429415011405945,0.409538152217865,0.5367766845226288,0.4630904495716095,0.5071432590484619,0.5291035645771061
1516.0,1.0,0.5423816823959351,0.5363183611631394,0.39964260429143905,0.5699421381950378,0.46391913294792175,0.5068877339363098,0.5286112509013492
1517.0,1.0,0.5384108734130859,0.5413099110126496,0.2691324356198311,0.5423425060510635,0.4647449851036072,0.5067563652992249,0.5278745907259079
1518.0,1.0,0.5408282786607742,0.5392834442853928,0.13273965623229741,0.5154346686601639,0.46556776762008667,0.5067430734634399,0.5269093341850493
1519.0,1.0,0.5452979588508606,0.542361855506897,0.07395878620445728,0.5326856452226639,0.46638718247413635,0.5068414807319641,0.5257372680820467
1520.0,1.0,0.540431769490242,0.5448206794261933,0.1452313170582056,0.5388874924182891,0.4672030508518219,0.5070444941520691,0.52437839313761
1521.0,1.0,0.53801777780056,0.5436730539798736,0.18043851174414158,0.5154767894744873,0.46801504492759705,0.5073449015617371,0.5228510571503264
1522.0,1.0,0.5395654249191284,0.5482580351829529,0.1690926168486476,0.5071605432033539,0.46882298588752747,0.5077352523803711,0.5211720846549852
1523.0,1.0,0.5399719905853272,0.5442826211452484,0.19594893727451562,0.4866626459360123,0.46962660551071167,0.5082077980041504,0.5193569029415812
1524.0,1.0,0.5427509438991547,0.536364415884018,0.30253254130482676,0.4652461850643158,0.47042563557624817,0.5087549686431885,0.5174196642946463
1525.0,1.0,0.5423418891429901,0.5341042548418045,0.33768159508705137,0.4787527996301651,0.47121989727020264,0.5093691945075989,0.5153733643572203
1526.0,1.0,0.542321240901947,0.5376086068153382,0.40287014216184613,0.5408539056777955,0.4720090925693512,0.5100430846214294,0.5132299565881624
1527.0,1.0,0.5395430642366409,0.5425873517990112,0.5643389210104942,0.5509892058372498,0.4727930426597595,0.5107696652412415,0.5110004628597977
1528.0,1.0,0.5398330301046371,0.5454985684156418,0.7287543648481369,0.5597068321704864,0.4735714793205261,0.5115423202514648,0.5086950803211039
1529.0,1.0,0.5374180799722672,0.5326647180318832,0.8083901131153106,0.5586411666870117,0.4743441939353943,0.5123550891876221,0.5063232847279622
1530.0,1.0,0.5436255884170532,0.5358242851495743,0.8705012738704682,0.5604815429449082,0.4751109480857849,0.5132025480270386,0.503893930509391
1531.0,1.0,0.5433725833892822,0.539482324719429,0.9362182021141052,0.5540781474113464,0.47587156295776367,0.5140800476074219,0.5014153478996595
1532.0,1.0,0.5370791852474213,0.5416709744930267,0.8946882891654968,0.5580055177211761,0.47662580013275146,0.5149840116500854,0.4988954375178629
1533.0,1.0,0.53978948533535,0.5383649206161499,0.7050118495523929,0.534993891119957,0.4773734211921692,0.5159115791320801,0.4963417628195952
1534.0,1.0,0.5411716556549072,0.5432664066553116,0.6863447266817093,0.5197301632165909,0.4781142473220825,0.516861081123352,0.4937616408815977
1535.0,1.0,0.5414217525720596,0.5430275094509125,0.697464353442192,0.5248331278562546,0.47884809970855713,0.5178318619728088,0.49116223200900677
1536.0,1.0,0.5462514626979827,0.538311197757721,0.6207418352365494,0.535027459859848,0.47957471013069153,0.518824577331543,0.4885506286783574
1537.0,1.0,0.5470646476745605,0.5397051340341568,0.6179155686497688,0.5300780493021011,0.48029395937919617,0.5198408365249634,0.48593394434749015
1538.0,1.0,0.5412317532300949,0.5455122637748718,0.7476548540592194,0.5268952602148056,0.48100560903549194,0.5208836793899536,0.4833194026770258
1539.0,1.0,0.5398836326599121,0.5360629463195801,0.8413972687721253,0.5404454505443573,0.48170948028564453,0.5219570994377136,0.48071442771825446
1540.0,1.0,0.5336472833156586,0.5398979341983795,0.38805730317253617,0.5355793076753617,0.4824053645133972,0.5230664014816284,0.47812673562732755
1541.0,1.0,0.5354000973701477,0.5434703761339188,0.18209668375784532,0.5304230678081513,0.48309314250946045,0.5242177248001099,0.47556442846830294
1542.0,1.0,0.5419289779663086,0.5427367269992829,0.4921471504867077,0.5285408860445022,0.4837726056575775,0.5254184007644653,0.47303609066550223
1543.0,1.0,0.5385623401403428,0.5395252478122711,0.6481010019779205,0.5206304711103439,0.4844436049461365,0.5266764163970947,0.4705508886580674
1544.0,1.0,0.5428863877058029,0.5455428159236908,0.44626702278852465,0.5134969168901443,0.485105961561203,0.5280004143714905,0.46811867429941856
1545.0,1.0,0.543639600276947,0.5424390691518783,0.48533938586711883,0.5059922170639038,0.4857594966888428,0.529399573802948,0.4657500925252194
1546.0,1.0,0.5395186483860016,0.5427803134918213,0.42834352880716325,0.5045534372329712,0.48640406131744385,0.5308831930160522,0.4634566937906186
1547.0,1.0,0.5439225447177887,0.5485206943750381,0.4300376734137535,0.509742106795311,0.4870395362377167,0.5324606895446777,0.4612510517452506
1548.0,1.0,0.5414964854717255,0.5404715639352798,0.46005471974611284,0.5049964374303818,0.4876657724380493,0.5341411828994751,0.4591468865764199
1549.0,1.0,0.535991787314415,0.5389547556638717,0.5597716829180718,0.5086676508188248,0.48828259110450745,0.5359333157539368,0.45715919440442576
1550.0,1.0,0.5404800462722779,0.5422028404474258,0.3535839878022671,0.5143486142158509,0.4888898730278015,0.5378449559211731,0.4553043830631083
1551.0,1.0,0.5394592946767807,0.5381934005022049,0.0204297333573777,0.5195142924785614,0.48948752880096436,0.5398828983306885,0.4536004145432315
1552.0,1.0,0.5350484907627105,0.542734159231186,0.403999385535717,0.5297074449062348,0.49007534980773926,0.542052686214447,0.4520669543255593
1553.0,1.0,0.5442408001422883,0.5432921886444092,0.5628512376546859,0.5345727151632309,0.49065330624580383,0.5443584322929382,0.4507255277874691
1554.0,1.0,0.541138836145401,0.5396809661388398,0.49631260633468627,0.5336973232030868,0.49122121930122375,0.5468023419380188,0.4495996838521421
1555.0,1.0,0.5357733255624771,0.5434073984622956,0.27713061451911924,0.5362603658437729,0.4917789697647095,0.5493848919868469,0.4487146348747757
1556.0,1.0,0.5347147381305695,0.5402971321344375,0.16432313054800032,0.5254420047998428,0.4923264980316162,0.5521045327186584,0.4480779534311665
1557.0,1.0,0.5424428123235703,0.5451386082172394,0.08616598987486214,0.5150890910625457,0.4928636848926544,0.5549576282501221,0.4476739893041213
1558.0,1.0,0.5439988601207734,0.5447154945135116,0.01947209172343264,0.5181785798072815,0.49339041113853455,0.5579383373260498,0.44748771497205553
1559.0,1.0,0.5440031272172928,0.5418957734107971,0.008213210480748785,0.5225973308086396,0.49390658736228943,0.5610387325286865,0.44750632880599994
1560.0,1.0,0.53668388068676,0.540521908402443,0.03818824104768282,0.5210273319482803,0.4944121539592743,0.56424880027771,0.4477191919072254
1561.0,1.0,0.5358664292097092,0.5388259488344193,0.4891157233715057,0.5188521909713745,0.494907021522522,0.5675566792488098,0.4481177719957401
1562.0,1.0,0.533541601896286,0.5379466205835343,0.547052481174469,0.5177676713466645,0.4953910708427429,0.5709485411643982,0.44869559480423504
1563.0,1.0,0.5359404337406158,0.5445396709442138,0.3120370673015714,0.5177734929323197,0.49586427211761475,0.5744088888168335,0.44944820338119484
1564.0,1.0,0.5411239910125732,0.5459729969501496,0.35571407318115233,0.5191815024614335,0.4963265359401703,0.5779208540916443,0.4503731256100565
1565.0,1.0,0.5383929878473281,0.5430486577749253,0.1706233104504645,0.5150923264026642,0.49677780270576477,0.5814663171768188,0.4514698501327672
1566.0,1.0,0.5327903532981872,0.534858011007309,0.19415112130343914,0.5089410454034805,0.4972180128097534,0.585026204586029,0.4527398107211411
1567.0,1.0,0.538845608830452,0.5466385412216187,0.5540914082527161,0.5132802402973176,0.49764710664749146,0.5885806083679199,0.45418637899672376
1568.0,1.0,0.543203250169754,0.5474261260032653,0.6875689542293548,0.5251029175519943,0.4980650246143341,0.5921090841293335,0.4558148652409386
1569.0,1.0,0.5382919639348984,0.5418922489881516,0.7285147857666016,0.5146710085868835,0.4984717071056366,0.5955910682678223,0.4576325268933914
1570.0,1.0,0.5325739008188247,0.5409888541698455,0.753525248169899,0.5230305618047715,0.4988671541213989,0.5990057587623596,0.4596485841938005
1571.0,1.0,0.5390031284093857,0.5457830393314361,0.7849112808704376,0.5185085207223892,0.49925127625465393,0.6023325324058533,0.4618742423066209
1572.0,1.0,0.538621980547905,0.5419387340545654,0.6613446217775345,0.5204771482944488,0.4996240735054016,0.6055511236190796,0.46432271917969103
1573.0,1.0,0.5353668737411499,0.5440200400352478,0.4261726039648056,0.5095938390493393,0.4999854862689972,0.6086418032646179,0.46700927837142103
1574.0,1.0,0.5434906381368637,0.5438957864046097,0.15873341470956803,0.5201857477426529,0.5003355145454407,0.6115853786468506,0.469945167171133
1575.0,1.0,0.5363101649284363,0.5367125928401947,0.12680114019662142,0.515295318365097,0.5006741285324097,0.614363431930542,0.47311072183555325
1576.0,1.0,0.5361602658033371,0.5388824629783631,0.29338559687137605,0.5057401710748672,0.5010012984275818,0.616958498954773,0.47647708127858834
1577.0,1.0,0.5432489556074143,0.5412390142679214,0.5461771038174629,0.5144989562034606,0.5013169646263123,0.6193538904190063,0.48001704933812306
1578.0,1.0,0.542586133480072,0.5385890853404999,0.5112749257683754,0.5189953601360321,0.5016211867332458,0.621533989906311,0.48370487588249134
1579.0,1.0,0.5325273603200913,0.5413438892364502,0.6176317602396011,0.5225560450553894,0.5019139647483826,0.6234843134880066,0.4875160307936106
1580.0,1.0,0.5357753056287765,0.5449516355991364,0.507317858338356,0.5143078058958054,0.5021951794624329,0.6251913905143738,0.49142697875652175
1581.0,1.0,0.5296097683906555,0.5417556750774384,0.3369635173678398,0.517122722864151,0.5024649500846863,0.6266429424285889,0.49541495452626805
1582.0,1.0,0.535555037856102,0.5366600555181503,0.4694431298971176,0.5282490992546082,0.502723217010498,0.6278278231620789,0.4994577384225609
1583.0,1.0,0.5364142316579819,0.5419008213281632,0.47662261605262757,0.5183325654268265,0.5029699802398682,0.6287360787391663,0.5035334318842315
1584.0,1.0,0.5356571125984192,0.539395718574524,0.5265690350532531,0.5251517963409423,0.5032052993774414,0.6293590068817139,0.5076202330200186
1585.0,1.0,0.5365868180990219,0.5345726555585861,0.5059225788712501,0.5234931576251983,0.503429114818573,0.6296892166137695,0.5116962122307669
1586.0,1.0,0.5317963194847107,0.547763939499855,0.4427619642019272,0.527663134932518,0.5036414265632629,0.6297204494476318,0.5157390881586004
1587.0,1.0,0.5330632853507996,0.5402474516630172,0.5955385863780975,0.528855311870575,0.5038423538208008,0.629447877407074,0.5197260044451255
1588.0,1.0,0.5323834520578384,0.5409976613521575,0.8171491849422455,0.5187981921434403,0.5040318369865417,0.6288681030273438,0.5236333080487725
1589.0,1.0,0.5339173263311386,0.5403640723228454,0.8666722428798675,0.5306703889369965,0.5042099356651306,0.6279789209365845,0.5274363301697207
1590.0,1.0,0.5378546464443207,0.5422042095661164,0.7653968323767185,0.5293553614616394,0.5043765902519226,0.6267797350883484,0.5311091711410043
1591.0,1.0,0.5383096915483475,0.5436142897605896,0.7360452008247376,0.6981387519836426,0.5045319199562073,0.6252714395523071,0.5346255645753217
1592.0,1.0,0.5371877753734589,0.537323334813118,0.7403274488449096,0.8441761100292205,0.5046759247779846,0.6234562993049622,0.5379820116835248
1593.0,1.0,0.5394296634197235,0.5426102024316788,0.7771154570579529,0.8242762172222138,0.5048086643218994,0.6213383674621582,0.5411976362957915
1594.0,1.0,0.5336579501628875,0.5387550127506257,0.47701239824295044,0.5264291143417359,0.5049300789833069,0.6189232468605042,0.5442911132930845
1595.0,1.0,0.5371189272403717,0.5394673478603363,0.37143716275691985,0.5290324866771698,0.5050402879714966,0.6162181496620178,0.5472796869771059
1596.0,1.0,0.5313005203008652,0.5386162775754929,0.3094743683934212,0.5235924440622329,0.5051392912864685,0.6132319569587708,0.550179230878328
1597.0,1.0,0.5325264078378678,0.5418669587373733,0.3347387363016605,0.5324685674905777,0.5052271485328674,0.6099755167961121,0.5529980909344658
1598.0,1.0,0.5309509766101838,0.5427329444885254,0.3361438363790512,0.5313780426979064,0.5053039193153381,0.6064611077308655,0.5557250085774399
1599.0,1.0,0.5360097134113312,0.5389325004816056,0.3166170261800289,0.5282333326339722,0.5053696036338806,0.6027029156684875,0.558360330522305
1600.0,1.0,0.5342661708593368,0.5397513020038605,0.35972663402557375,0.5205730855464935,0.5054242610931396,0.5987167358398438,0.5609050527874189
1601.0,1.0,0.5292672038078308,0.5416627252101898,0.35840349897742274,0.5168347436189652,0.5054678916931152,0.5945202112197876,0.5633589538992823
1602.0,1.0,0.5311658430099487,0.5387114155292511,0.27351739078760146,0.5194302880764008,0.5055006742477417,0.5901323556900024,0.5657204989287976
1603.0,1.0,0.5356392860412598,0.5402145612239838,0.22097096420824527,0.5020769488811493,0.5055224895477295,0.5855739116668701,0.5679867398370675
1604.0,1.0,0.5378277742862702,0.5402482694387436,0.3355976600944996,0.5137316048145294,0.5055335164070129,0.5808669924736023,0.5701532113553043
1605.0,1.0,0.5306768560409546,0.5423995339870453,0.685488976240158,0.5235990852117538,0.5055338144302368,0.5760351419448853,0.5722138214464394
1606.0,1.0,0.5361730569601059,0.5463693630695343,0.9058375906944275,0.524490494132042,0.5055233240127563,0.5711029171943665,0.5741607353575944
1607.0,1.0,0.5355544197559357,0.5435394763946533,0.7687557566165925,0.5369489711523056,0.5055022239685059,0.5660960078239441,0.5759842523305281
1608.0,1.0,0.531752524971962,0.5396916794776917,0.49987260073423384,0.5420340037345887,0.5054705142974854,0.5610411167144775,0.5776726741891025
1609.0,1.0,0.5346734273433685,0.538271421790123,0.4912422031164169,0.5200767344236374,0.5054281949996948,0.5559653639793396,0.5792121652405626
1610.0,1.0,0.5329396647214889,0.5477338296175003,0.5828762567043304,0.5000139164924622,0.5053754448890686,0.5508964657783508,0.5805866032157496
1611.0,1.0,0.5363513785600662,0.5407424592971801,0.8108091652393341,0.5066297662258148,0.5053122639656067,0.5458624362945557,0.5817774213093116
1612.0,1.0,0.5356612819433212,0.5389543128013611,0.8727057605981827,0.5194393426179886,0.5052387118339539,0.5408913493156433,0.5827634417711351
1613.0,1.0,0.5361222636699676,0.5429930919408799,0.6600042843818664,0.5042429447174073,0.5051548480987549,0.5360109806060791,0.583520701917621
1614.0,1.0,0.528384976387024,0.5427055907249451,0.46260545670986175,0.5052163088321686,0.5050607919692993,0.5312488675117493,0.5840223361279868
1615.0,1.0,0.532285441160202,0.5413969266414642,0.39544973194599153,0.5133253502845764,0.5049564838409424,0.5266318321228027,0.584251064700311
1616.0,1.0,0.5307120460271836,0.5383319020271301,0.42319336146116254,0.5250880569219589,0.5048421621322632,0.5221859216690063,0.5842145563184431
1617.0,1.0,0.5339288532733917,0.537579569220543,0.4370939669013023,0.5337212854623794,0.5047177672386169,0.5179360508918762,0.5839210959383934
1618.0,1.0,0.5309079575538636,0.5443114501237869,0.4609499505162239,0.552880984544754,0.5045833587646484,0.5139060020446777,0.5833758920052503
1619.0,1.0,0.5363139975070953,0.5423672699928284,0.30627743154764175,0.2053509148955345,0.504439115524292,0.5101180672645569,0.5825811575817852
1620.0,1.0,0.5302802401781083,0.5405558925867081,0.21054991008713841,0.24512319922447204,0.5042850375175476,0.5065931081771851,0.5815361907224315
1621.0,1.0,0.5365982002019882,0.5440640622377395,0.28841340973973273,0.40324550986289975,0.5041211247444153,0.5033499598503113,0.5802374633980207
1622.0,1.0,0.5418096727132797,0.5347851884365081,0.4882564941048622,0.5589268505573273,0.5039476156234741,0.5004058480262756,0.5786900687040202
1623.0,1.0,0.533692284822464,0.5351137125492096,0.2040977840870619,0.5292653053998947,0.5037644505500793,0.49777570366859436,0.57694300115989
1624.0,1.0,0.5385920035839081,0.5367297852039337,0.2101343498006463,0.506314389705658,0.5035717487335205,0.4954725205898285,0.5750285861653879
1625.0,1.0,0.5301823294162751,0.5454372668266296,0.2753549747169018,0.504236112833023,0.5033695697784424,0.4935069680213928,0.572962993913734
1626.0,1.0,0.5381893962621689,0.5438412511348725,0.3205868758261204,0.5068415927886963,0.5031579732894897,0.4918874204158783,0.5707601972503653
1627.0,1.0,0.5346356612443924,0.5429305410385132,0.360569135248661,0.5003745311498642,0.5029370784759521,0.49061983823776245,0.5684320653995343
1628.0,1.0,0.5313756400346756,0.5356544953584671,0.13398970875889063,0.49971218168735504,0.5027069449424744,0.48970773816108704,0.5659884449709267
1629.0,1.0,0.5319047152996064,0.5405905401706695,0.019875496935565024,0.5204170536994934,0.5024676322937012,0.489152193069458,0.5634372464767665
1630.0,1.0,0.532531151175499,0.5418465310335159,0.03215452382602962,0.5133958691358567,0.5022192001342773,0.48895174264907837,0.5607845334315442
1631.0,1.0,0.5334081786870957,0.5343646490573883,0.2520246495492756,0.5087765896320343,0.5019618272781372,0.48910245299339294,0.5580346116650645
1632.0,1.0,0.5319369810819626,0.5454223537445069,0.4085966247320175,0.5090750366449356,0.5016953945159912,0.4895978569984436,0.5551901170527032
1633.0,1.0,0.5369257426261902,0.5439215803146362,0.3483366400003433,0.527853896021843,0.5014201998710632,0.4904290735721588,0.5522521004003522
1634.0,1.0,0.5339420336484909,0.5407309752702713,0.09910801794379949,0.5376378750801086,0.5011361241340637,0.4915848672389984,0.5492201086858586
1635.0,1.0,0.5362410032749176,0.5429735028743744,0.01703641386353411,0.5519011211395264,0.5008434057235718,0.49305158853530884,0.546092262233671
1636.0,1.0,0.5371193063259124,0.544437222480774,0.15143064750824123,0.5504605853557587,0.5005420446395874,0.4948135018348694,0.5428653276581912
1637.0,1.0,0.5320562428236008,0.5384386187791824,0.7226070988178254,0.5439324373006821,0.5002321004867554,0.4968526363372803,0.5395347865433422
1638.0,1.0,0.5346239632368088,0.5423377454280853,0.7684458476305008,0.5427978783845901,0.4999137222766876,0.49914926290512085,0.5360974809817378
1639.0,1.0,0.5340053331851959,0.5412622386217117,0.8823141717910766,0.5326122087240219,0.49958691000938416,0.5016817450523376,0.5325781595122692
1640.0,1.0,0.5394784283638,0.5390578430891036,0.9626827597618103,0.527035236954689,0.4992518126964569,0.5044270157814026,0.529018931922586
1641.0,1.0,0.5333324074745178,0.5379916805028916,0.2111738470941782,0.50830348610878,0.49890846014022827,0.5073606371879578,0.5254615832720262
1642.0,1.0,0.5305132800340653,0.5359568750858307,0.0019956102858122906,0.5108635956048966,0.4985569715499878,0.5104570388793945,0.5219476255566846
1643.0,1.0,0.5341210788488389,0.5398804765939712,0.34274455757113176,0.5106279760599136,0.49819740653038025,0.5136899948120117,0.5185186347839306
1644.0,1.0,0.5291653960943222,0.5441405904293061,0.7794407027959823,0.5112416064739227,0.4978298544883728,0.5170325636863708,0.515216587405753
1645.0,1.0,0.5305799078941346,0.5417041045427322,0.6100564348697662,0.510282239317894,0.4974544048309326,0.5204577445983887,0.512083805443627
1646.0,1.0,0.5306270104646683,0.5430835294723511,0.38818446232005954,0.5191858339309693,0.49707111716270447,0.5239385366439819,0.5091424839513898
1647.0,1.0,0.5346419489383698,0.5402204102277756,0.31995134487748145,0.5418542289733886,0.4966800808906555,0.527448296546936,0.5063843338443395
1648.0,1.0,0.5338719153404236,0.5387093496322631,0.3132133564352989,0.5256785005331039,0.49628138542175293,0.5309610366821289,0.503799530344522
1649.0,1.0,0.5286779451370239,0.5383047616481781,0.3406223616376519,0.5029073005914688,0.49587512016296387,0.5344517230987549,0.5013793007004175
1650.0,1.0,0.5333677262067795,0.5427983224391937,0.22511015306226909,0.48099384367465975,0.4954613447189331,0.5378963947296143,0.49911593783232133
1651.0,1.0,0.5298198091983796,0.5353401893377304,0.011145087786278509,0.4811798071861267,0.4950401782989502,0.541272759437561,0.49700281314260497
1652.0,1.0,0.5259117865562439,0.5452800154685974,0.0064186646513439884,0.5079929631948471,0.4946116805076599,0.544559895992279,0.49503438812478606
1653.0,1.0,0.5284021002054214,0.537318651676178,0.6347065554279834,0.5122381532192231,0.4941759407520294,0.5477388501167297,0.49320622447399387
1654.0,1.0,0.5270687741041183,0.5380786710977554,0.9044661331176758,0.5034775847196579,0.4937330484390259,0.5507925748825073,0.4915149923618163
1655.0,1.0,0.5273686736822129,0.5417716008424759,0.9678077411651611,0.48788816809654234,0.49328309297561646,0.5537059307098389,0.48995847643203305
1656.0,1.0,0.5298919665813446,0.5399916499853135,0.9558140790462494,0.45551716089248656,0.4928261339664459,0.5564660429954529,0.48853575092057966
1657.0,1.0,0.5370563334226608,0.5356777328252792,0.9227809071540832,0.49372991383075715,0.49236229062080383,0.5590621829032898,0.48726274391584923
1658.0,1.0,0.5307064628601075,0.549237459897995,0.882675232887268,0.5162015116214752,0.49189165234565735,0.5614856481552124,0.48616044931907254
1659.0,1.0,0.5303255468606949,0.5372620671987534,0.7744599747657775,0.500619323849678,0.49141424894332886,0.5637297630310059,0.4852340034003291
1660.0,1.0,0.5260009038448333,0.5375143927335739,0.621624675989151,0.4830169939994812,0.4909302592277527,0.5657899975776672,0.48448943299119307
1661.0,1.0,0.5252996933460236,0.5408907043933868,0.4342165303975344,0.4869552230834961,0.49043968319892883,0.5676637291908264,0.4839341687909844
1662.0,1.0,0.5291568970680237,0.5400151288509369,0.2983066914230585,0.504074154496193,0.48994264006614685,0.5693500638008118,0.4835771347161355
1663.0,1.0,0.5300246095657348,0.5389713245630264,0.47034198462963106,0.5021837836503983,0.4894392490386963,0.5708497166633606,0.48342883954088123
1664.0,1.0,0.5302756214141846,0.5384646815061569,0.5737983411550522,0.49941052436828615,0.4889295697212219,0.5721651315689087,0.48350147043125347
1665.0,1.0,0.5253264373540878,0.5358355623483658,0.5079559415578843,0.5008297747373581,0.4884137213230133,0.5732998251914978,0.48380898818377815
1666.0,1.0,0.53390285551548,0.5441328310966491,0.7091362875699997,0.48595630705356596,0.4878917336463928,0.5742588043212891,0.48436543152688216
1667.0,1.0,0.5303219693899155,0.5406468641757965,0.9337016153335571,0.4614888006448746,0.4873637557029724,0.5750478506088257,0.48515884547164845
1668.0,1.0,0.5311302763223648,0.5407655084133148,0.04541201249873666,0.46532992482185365,0.48682984709739685,0.5756738781929016,0.48615711587135024
1669.0,1.0,0.5313347291946411,0.5373282647132873,0.05975973972328575,0.5401475578546524,0.4862900972366333,0.576144278049469,0.4873292995874543
1670.0,1.0,0.5264743566513062,0.5434910339117051,0.7061986827850342,0.5600782412290574,0.4857446253299713,0.5764672756195068,0.48864600265835634
1671.0,1.0,0.524289271235466,0.5357171475887299,0.5132283997535706,0.5526498746871948,0.48519352078437805,0.5766512751579285,0.49007915276069625
1672.0,1.0,0.5317390823364258,0.5400751852989196,0.3512877631187439,0.5285498028993607,0.4846368432044983,0.5767051577568054,0.49160177169782315
1673.0,1.0,0.5257781666517257,0.5359707474708557,0.22260000869631769,0.5287511318922042,0.48407474160194397,0.5766379237174988,0.493187748544635
1674.0,1.0,0.5296661883592606,0.5367369204759598,0.17760169084649532,0.5245248049497604,0.4835072457790375,0.576458752155304,0.49481161385594596
1675.0,1.0,0.5311970824003219,0.5382918101549149,0.4701510601647897,0.48148893773555757,0.48293450474739075,0.5761767625808716,0.49644831514909704
1676.0,1.0,0.525993885397911,0.5410530889034271,0.6784113246202469,0.45760690808296206,0.48235657811164856,0.5758009552955627,0.49807299371141767
1677.0,1.0,0.5245561331510544,0.5333000576496124,0.5832963591814041,0.4532519108057022,0.48177358508110046,0.5753401517868042,0.499660762668809
1678.0,1.0,0.526229647397995,0.5313901555538177,0.6141747516393662,0.45851603627204895,0.4811856150627136,0.5748029947280884,0.5011864861805737
1679.0,1.0,0.5286565089225769,0.5342536807060242,0.7421619254350662,0.4616429674625397,0.4805927574634552,0.5741978287696838,0.5026245595949792
1680.0,1.0,0.5225377601385116,0.5378782004117966,0.6955480200052261,0.48691691040992735,0.47999513149261475,0.5735327005386353,0.5039486903985679
1681.0,1.0,0.522783066034317,0.5383071398735046,0.13359086829121225,0.49326041877269744,0.47939279675483704,0.5728152394294739,0.5051316798045313
1682.0,1.0,0.526169359087944,0.5310567128658295,0.32463339760899546,0.47519133269786834,0.478785902261734,0.5720527768135071,0.5061452834791442
1683.0,1.0,0.5260526496171951,0.5433584702014923,0.8436092656850814,0.4524645233154297,0.47817450761795044,0.571252167224884,0.5069752469676256
1684.0,1.0,0.5296994096040726,0.5356484460830688,0.9652157890796661,0.45440821528434755,0.4775587320327759,0.5704199075698853,0.5076394662905876
1685.0,1.0,0.5276009601354599,0.5371020674705506,0.8046885460615159,0.4766304308176041,0.4769386649131775,0.5695620775222778,0.5081590107219665
1686.0,1.0,0.5281453192234039,0.5403973668813705,0.609149824976921,0.5150062268972397,0.4763144552707672,0.5686842203140259,0.50855381466293
1687.0,1.0,0.5280290573835373,0.5381955504417419,0.43798062443733216,0.5214488339424134,0.47568613290786743,0.5677917003631592,0.5088428065563413
1688.0,1.0,0.5302455514669419,0.5404691827297211,0.4962166434526443,0.5061568439006805,0.4750538468360901,0.5668892860412598,0.5090440366132576
1689.0,1.0,0.5258963757753372,0.5417102634906769,0.7629662942886353,0.502812460064888,0.47441771626472473,0.5659814476966858,0.5091748031430079
1690.0,1.0,0.5258968716859818,0.5360001838207245,0.5348068388551473,0.5052003526687622,0.47377780079841614,0.5650722980499268,0.5092517772197418
1691.0,1.0,0.5256861031055451,0.538585729598999,0.004847909310778959,0.4897583395242691,0.47313421964645386,0.5641655325889587,0.509291125392501
1692.0,1.0,0.5274483913183212,0.5422119867801666,0.3768782098311931,0.4707483220100403,0.47248709201812744,0.5632645487785339,0.5093086301310343
1693.0,1.0,0.5287381786108017,0.532753524184227,0.8834746354818344,0.4464342498779297,0.47183653712272644,0.5623725056648254,0.5093198076874152
1694.0,1.0,0.5296444123983384,0.5358443534374238,0.8243056935071945,0.43001015663146974,0.47118261456489563,0.5614922046661377,0.5093400230407674
1695.0,1.0,0.5258075052499771,0.5324895948171615,0.05514025642057078,0.448492289185524,0.47052550315856934,0.560626208782196,0.509384601583843
1696.0,1.0,0.5280369788408279,0.5412081986665725,0.00941965235428576,0.45564874172210695,0.46986526250839233,0.5597769618034363,0.5094689372186672
1697.0,1.0,0.5267634731531143,0.5399694126844407,0.05777564009622438,0.44223232865333556,0.4692020118236542,0.5589466094970703,0.5096085507173811
1698.0,1.0,0.524769759774208,0.5406403625011444,0.2207017197291134,0.4336247318983078,0.468535840511322,0.5581371784210205,0.5098046304519954
1699.0,1.0,0.5230121493339539,0.5374765199422836,0.27455292720813307,0.4262279146909714,0.4678669273853302,0.5573504567146301,0.5100232051234315
1700.0,1.0,0.5225210237503052,0.5408272433280945,0.10443879025988281,0.4534683948755264,0.4671953320503235,0.5565882921218872,0.5102250254117635
1701.0,1.0,0.5196386259794236,0.5445570659637451,0.044224633413832634,0.46770657002925875,0.46652117371559143,0.5558522343635559,0.5103834231088911
1702.0,1.0,0.5273287785053253,0.5360229736566544,0.05863523967622314,0.48046293795108796,0.4658445715904236,0.5551439523696899,0.5105059448218867
1703.0,1.0,0.5266743773221969,0.5383400374650955,0.23493559632450342,0.46666880130767824,0.4651656448841095,0.5544648766517639,0.5106055253297903
1704.0,1.0,0.5227204531431198,0.537249425649643,0.5562574815750122,0.4945376265048981,0.4644845128059387,0.5538164973258972,0.5106948034456664
1705.0,1.0,0.5220996463298797,0.533513765335083,0.703847640156746,0.536517652273178,0.4638012647628784,0.5532003045082092,0.5107862008720794
1706.0,1.0,0.5209524643421173,0.5352584367990494,0.12908665043185466,0.5283241444826126,0.4631160497665405,0.5526176691055298,0.5108920019507615
1707.0,1.0,0.5266091257333756,0.5399238097667695,0.013332878822244537,0.503499601483345,0.4624289870262146,0.5520699620246887,0.5110244336252983
1708.0,1.0,0.522035619020462,0.5384530544281005,0.13032579701784924,0.5202439594268798,0.4617401957511902,0.5515585541725159,0.5111948386413658
1709.0,1.0,0.5275889402627945,0.5445250022411346,0.7324350726604462,0.5104387199878693,0.46104976534843445,0.5510848164558411,0.511389411513413
1710.0,1.0,0.5214158195257187,0.5400297409296035,0.6690929347276687,0.48023908734321596,0.46035781502723694,0.5506500005722046,0.5115664019857427
1711.0,1.0,0.5249812585115433,0.5411949491500855,0.5558686605095864,0.5049773949384689,0.459664523601532,0.5502554178237915,0.5116823415008014
1712.0,1.0,0.5234805172681809,0.5368737262487412,0.3900977709889412,0.5160805016756058,0.45896995067596436,0.5499022603034973,0.5116931964720166
1713.0,1.0,0.5257329708337783,0.5417233979701996,0.014245036756201444,0.49167748212814333,0.4582742750644684,0.5495917201042175,0.5115540692102201
1714.0,1.0,0.5237117904424667,0.5359016847610474,0.06671548720697501,0.45757733166217807,0.45757755637168884,0.5493248701095581,0.5112213682323237
1715.0,1.0,0.5275687062740326,0.5348140037059784,0.5253617686685175,0.4910272145271301,0.45687997341156006,0.5491026639938354,0.5106802276382929
1716.0,1.0,0.523604194521904,0.5382533591985702,0.41616184055805205,0.5109548550844193,0.4561816155910492,0.5489259958267212,0.5099343739696209
1717.0,1.0,0.5230085653066635,0.5413112962245941,0.34606165915727616,0.48770667374134063,0.4554826319217682,0.5487955808639526,0.5089863171294908
1718.0,1.0,0.5242073780298233,0.5316381710767746,0.46732939273118973,0.4937090927362442,0.4547831416130066,0.5487120151519775,0.507837007901788
1719.0,1.0,0.5189644533395767,0.5336491352319718,0.6938579070568085,0.5066140216588974,0.45408326387405396,0.5486756563186646,0.5064858673543782
1720.0,1.0,0.5189175343513489,0.5415087532997132,0.389200002849102,0.49715978920459747,0.45338311791419983,0.548686683177948,0.5049308174627782
1721.0,1.0,0.5257868230342865,0.5416383129358292,0.3030384922027588,0.4926686555147171,0.45268285274505615,0.5487450361251831,0.5031683124224946
1722.0,1.0,0.5214808022975922,0.5359689956903457,0.23177863985300065,0.4730819654464722,0.45198261737823486,0.5488504767417908,0.5011951093971598
1723.0,1.0,0.5215488266944885,0.5392983686923981,0.18002948481589556,0.46922040641307833,0.4512825012207031,0.549002468585968,0.49903493750355965
1724.0,1.0,0.5213509851694107,0.5433428943157196,0.04209894629020709,0.49549036860466006,0.4505826234817505,0.5492001175880432,0.4967332914652607
1725.0,1.0,0.5231324273347855,0.5423873567581177,0.19220541760325432,0.5201309102773667,0.4498831629753113,0.5494424104690552,0.49433523559743087
1726.0,1.0,0.5225136339664459,0.5349858433008194,0.5210596591234207,0.5132776111364364,0.44918423891067505,0.5497277975082397,0.4918850592333843
1727.0,1.0,0.523742395043373,0.5342478108406067,0.4937149730324745,0.4891135799884796,0.44848594069480896,0.550054669380188,0.48942660404727434
1728.0,1.0,0.5215705186128616,0.5348560011386871,0.3402541756629944,0.47069781482219697,0.44778844714164734,0.5504209399223328,0.48700134330083955
1729.0,1.0,0.5188423138856888,0.5344836741685868,0.2736575882136822,0.4779954034090042,0.44709187746047974,0.5508242845535278,0.48462147879327233
1730.0,1.0,0.5253375709056854,0.5323050081729889,0.32959672272205354,0.505491623878479,0.4463963508605957,0.5512619614601135,0.4822788097764956
1731.0,1.0,0.518803174495697,0.5408770477771759,0.3391437730193138,0.5169041931629181,0.4457020163536072,0.5517311692237854,0.47996502962569565
1732.0,1.0,0.5196996819972992,0.5362418496608734,0.08244220705761109,0.500293897986412,0.4450090229511261,0.5522285103797913,0.4776721517156659
1733.0,1.0,0.521496689915657,0.5388814550638199,0.0023768905800301355,0.46425062239170073,0.44431746006011963,0.5527505874633789,0.4753925036269422
1734.0,1.0,0.5235428184270858,0.5370875674486161,0.01597665190287927,0.4604752242565155,0.4436275064945221,0.5532936453819275,0.4731187212960464
1735.0,1.0,0.5172841620445251,0.5374479740858078,0.15632814798504113,0.48905384182929995,0.44293928146362305,0.5538536906242371,0.47084374326240663
1736.0,1.0,0.5190846633911133,0.5342738574743271,0.3365056499838829,0.5190967267751694,0.44225290417671204,0.5544265508651733,0.4685608053071846
1737.0,1.0,0.5209016722440719,0.5344948107004166,0.5332802790403366,0.511919590830803,0.441568523645401,0.5550079941749573,0.46626343586962093
1738.0,1.0,0.5149644261598587,0.5326767045259476,0.5868064880371093,0.4695548141002655,0.4408862590789795,0.5555936098098755,0.4639454526812443
1739.0,1.0,0.5218834102153778,0.5399712789058685,0.39096475049853324,0.4700991302728653,0.44020628929138184,0.5561789870262146,0.4616009610877825
1740.0,1.0,0.522847608923912,0.542659872174263,0.31290697775781157,0.46301119089126586,0.4395287036895752,0.5567595958709717,0.4592243545450998
1741.0,1.0,0.5239981502294541,0.5385332125425338,0.2824178348481655,0.4822397577762604,0.4388536810874939,0.5573310852050781,0.45681031778097747
1742.0,1.0,0.5162721210718155,0.5337719529867172,0.23793994441628455,0.46690244317054747,0.4381813108921051,0.5578890442848206,0.4543538331157464
1743.0,1.0,0.5200195538997651,0.5400211423635483,0.546693261563778,0.48722482144832613,0.43751177191734314,0.5584293007850647,0.451850190429127
1744.0,1.0,0.5229141092300416,0.5366868233680725,0.9010508072376251,0.5167380344867706,0.43684518337249756,0.5589479207992554,0.4492950012505048
1745.0,1.0,0.5266019958257675,0.5350955629348755,0.7587156361341476,0.5189185190200806,0.4361816942691803,0.559441089630127,0.4466842174297767
1746.0,1.0,0.5139675039052963,0.5404481649398803,0.2242077625542879,0.5242732864618301,0.4355213940143585,0.5599053502082825,0.4440141548154912
1747.0,1.0,0.52498215675354,0.5323804986476898,0.5606313160061837,0.5204049569368362,0.43486446142196655,0.5603376626968384,0.4412815223149096
1748.0,1.0,0.5181222945451737,0.5316792714595795,0.800980875492096,0.5063382053375244,0.43421104550361633,0.5607352256774902,0.4384834566305216
1749.0,1.0,0.518582022190094,0.5379638659954071,0.8790741503238678,0.5139223062992095,0.433561235666275,0.5610958933830261,0.4356175628588659
1750.0,1.0,0.5191287177801133,0.5323398959636688,0.8780423414707184,0.5004270148277282,0.43291521072387695,0.5614177584648132,0.43268196096614986
1751.0,1.0,0.5186000478267669,0.5388363808393478,0.8266845273971558,0.49642355382442477,0.43227308988571167,0.5616995692253113,0.42967533793526513
1752.0,1.0,0.5207753068208695,0.5344465005397797,0.6953540390729904,0.4894979041814804,0.4316349923610687,0.5619404911994934,0.4265970050736314
1753.0,1.0,0.5202645564079285,0.5401848590373993,0.6941439461708069,0.49768485367298126,0.43100106716156006,0.5621403455734253,0.4234469595753012
1754.0,1.0,0.5247144150733948,0.5376874679327011,0.5674782115221023,0.5143049186468125,0.4303714632987976,0.5622994303703308,0.42022594892310394
1755.0,1.0,0.5187309813499451,0.5358795273303986,0.4435956609249115,0.5227724844217301,0.42974627017974854,0.5624186396598816,0.41693553609172795
1756.0,1.0,0.5240684556961059,0.5335717618465423,0.3853206571936607,0.5293644720315933,0.42912569642066956,0.5624993443489075,0.41357816274444303
1757.0,1.0,0.517042818069458,0.532499293088913,0.35552954524755476,0.5231250721216202,0.42850980162620544,0.5625434517860413,0.41015724581072277
1758.0,1.0,0.5216920804977417,0.5291584008932113,0.572883614897728,0.52974649310112,0.42789873480796814,0.5625534057617188,0.40669277081221367
1759.0,1.0,0.5151520597934723,0.5349339407682419,0.6356949082016945,0.5170886975526809,0.42729267477989197,0.5625320672988892,0.403244903950565
1760.0,1.0,0.5172749835252762,0.5332708299160004,0.30424043610692025,0.5200381696224212,0.4266917109489441,0.5624827742576599,0.3998807764019148
1761.0,1.0,0.5175563377141953,0.5372643464803696,0.09389173841103911,0.5036993646621704,0.42609596252441406,0.5624092221260071,0.3966685847226188
1762.0,1.0,0.5192595386505127,0.5316523879766464,0.15037678878754376,0.4901518857479095,0.4255056083202362,0.5623152852058411,0.39365495287478325
1763.0,1.0,0.5148180198669433,0.5325338160991668,0.5365102905035019,0.5045351386070251,0.4249207377433777,0.5622053146362305,0.39083576027442746
1764.0,1.0,0.5155349534749984,0.5378709745407104,0.5130273878574372,0.5122887915372849,0.42434149980545044,0.5620836615562439,0.3882015058286754
1765.0,1.0,0.5165336465835572,0.5305889528989792,0.3203123681247234,0.5121489840745926,0.42376798391342163,0.561954915523529,0.3857452402617412
1766.0,1.0,0.5219786924123764,0.5399175488948822,0.3140785337984562,0.5140791976451874,0.4232003688812256,0.5618236064910889,0.38346263745302167
1767.0,1.0,0.5165361285209655,0.5336708033084869,0.49618023008108136,0.533288905620575,0.42263877391815186,0.561694324016571,0.38135206682378
1768.0,1.0,0.5230709302425385,0.5285073697566987,0.6765914314985275,0.5308209300041199,0.4220832884311676,0.5615715384483337,0.37941466916387867
1769.0,1.0,0.5215650242567063,0.5380465489625931,0.08022076680790632,0.5348389774560929,0.42153406143188477,0.5614596009254456,0.3776544383130158
1770.0,1.0,0.5187872242927551,0.5335745316743851,0.6592040604352951,0.5295426297187805,0.4209912121295929,0.5613625049591064,0.3760783109751742
1771.0,1.0,0.5195156925916672,0.5338970369100571,0.900255742073059,0.5298216944932937,0.42045488953590393,0.5612842440605164,0.3746962667025855
1772.0,1.0,0.5145298314094543,0.5324891018867492,0.8828635334968566,0.5355995863676071,0.41992515325546265,0.5612281560897827,0.37352143980115216
1773.0,1.0,0.5118496400117875,0.5379055279493332,0.0978174406895414,0.5277121323347091,0.41940218210220337,0.5611975193023682,0.3725702446114667
1774.0,1.0,0.5194917315244675,0.5323606640100479,0.46806485518813135,0.5314804714918137,0.41888606548309326,0.561194896697998,0.37186251532466486
1775.0,1.0,0.5193117302656174,0.5373487490415573,0.8492911672592163,0.5386351108551025,0.4183769226074219,0.5612226724624634,0.37142157789091357
1776.0,1.0,0.5198100996017456,0.5354100942611695,0.8669144797325135,0.5304595977067947,0.41787490248680115,0.561282753944397,0.3712627235696857
1777.0,1.0,0.5150620126724244,0.5343538868427277,0.3452973072230816,0.5179987841844559,0.41738006472587585,0.5613763928413391,0.3713812748155476
1778.0,1.0,0.5191043716669083,0.5432414215803146,0.0737474422622472,0.5093707591295242,0.41689255833625793,0.5615045428276062,0.3717735750970519
1779.0,1.0,0.5195699286460876,0.5363465774059296,0.24255108231678604,0.5117961239814758,0.41641250252723694,0.5616676807403564,0.37243985075357955
1780.0,1.0,0.5169577711820602,0.5395096468925477,0.7846193367242813,0.509692165851593,0.41593998670578003,0.5618658065795898,0.373384204869069
1781.0,1.0,0.5173503386974335,0.536335124373436,0.779221510887146,0.5227048879861832,0.41547513008117676,0.5620985627174377,0.3746146264645063
1782.0,1.0,0.5172306936979294,0.5315220451354981,0.09665318833955099,0.5295488119125367,0.4150180220603943,0.5623650550842285,0.37614247784972576
1783.0,1.0,0.5152705973386764,0.5294561111927032,0.04940440193458926,0.5320367062091828,0.41456881165504456,0.5626640915870667,0.3779659393507018
1784.0,1.0,0.5120195657014847,0.5370008677244187,0.21874110773205757,0.5362323087453842,0.4141275882720947,0.5629941821098328,0.3800667429236455
1785.0,1.0,0.5153542476892471,0.5361492055654525,0.7113710582256317,0.5274547135829926,0.41369444131851196,0.5633534789085388,0.382429088189042
1786.0,1.0,0.5192359417676926,0.5312322980165481,0.7174546235799789,0.5266736418008804,0.4132694602012634,0.5637398958206177,0.3850406673456064
1787.0,1.0,0.513373247385025,0.5292945736646653,0.6909758752584457,0.5321747839450837,0.41285279393196106,0.5641511082649231,0.3878925322656812
1788.0,1.0,0.5118674260377883,0.5401290595531464,0.6579686343669892,0.5369932538270951,0.41244450211524963,0.5645846724510193,0.3909789759111675
1789.0,1.0,0.5181810712814331,0.53486004114151,0.7953430473804474,0.531092934012413,0.4120446741580963,0.5650379657745361,0.3942974271473929
1790.0,1.0,0.5133733814954757,0.5319397950172424,0.8532335662841797,0.5301875394582748,0.41165345907211304,0.5655081868171692,0.39784835804522345
1791.0,1.0,0.5132121628522873,0.5337349390983581,0.8000495576858521,0.5363072001934052,0.4112708866596222,0.5659926533699036,0.40163520280134435
1792.0,1.0,0.5180299180746079,0.5347251552343368,0.8794604015350341,0.537298994064331,0.4108971059322357,0.5664883852005005,0.4056574889087017
1793.0,1.0,0.5175513064861298,0.5326082992553711,0.898433119058609,0.5354761862754822,0.4105321764945984,0.5669927000999451,0.409889217045162
1794.0,1.0,0.5184115636348724,0.533512042760849,0.8439398258924484,0.5399092638492584,0.41017618775367737,0.5675027370452881,0.41429949219389073
1795.0,1.0,0.5152588564157486,0.5398030549287796,0.7915455156564712,0.5371996867656708,0.4098292291164398,0.5680156946182251,0.4188596264264106
1796.0,1.0,0.5165992057323456,0.5297128868103027,0.8913620448112488,0.5353737449645997,0.4094913899898529,0.5685288310050964,0.4235429161650188
1797.0,1.0,0.5184299856424331,0.5348039078712463,0.6340994250774383,0.5452088928222656,0.4091627597808838,0.5690396428108215,0.4283244265187989
1798.0,1.0,0.5143226093053818,0.5374991828203202,0.047943371272849616,0.5412171518802643,0.40884342789649963,0.5695454478263855,0.4331807815431006
1799.0,1.0,0.5167279237508774,0.531166353225708,0.05866173674381571,0.5365670835971832,0.4085334241390228,0.5700438022613525,0.4380899594900711
1800.0,1.0,0.512400141954422,0.5355873936414719,0.28836340304464103,0.5390102273225784,0.4082328975200653,0.5705323219299316,0.4430310922670344
1801.0,1.0,0.5171179300546647,0.5343983560800553,0.25739527938887474,0.5368027067184449,0.40794187784194946,0.5710086822509766,0.4479842684070263
1802.0,1.0,0.5122773498296738,0.5350295358896255,0.348669387511909,0.531935995221138,0.40766045451164246,0.5714706182479858,0.4529303389097805
1803.0,1.0,0.5123069620132447,0.5352461534738541,0.6198109114170074,0.5342217350006103,0.40738868713378906,0.5719160437583923,0.4578507253288109
1804.0,1.0,0.5105122727155685,0.5377639478445053,0.4900360780954361,0.5367932063341141,0.40712666511535645,0.5723428130149841,0.46272722948558
1805.0,1.0,0.5136309367418289,0.5349507921934128,0.4338713975995779,0.5347479414939881,0.4068744480609894,0.5727488398551941,0.46754184419029343
1806.0,1.0,0.5093579345941543,0.52747682929039,0.5297142934799194,0.5383741521835327,0.40663209557533264,0.5731320381164551,0.4722765643391895
1807.0,1.0,0.5120054876804352,0.5327432465553283,0.7085255688428879,0.5363376659154891,0.4063996970653534,0.5734905004501343,0.47691319775664454
1808.0,1.0,0.5199252939224244,0.5279503262042999,0.3980100928246975,0.5402639579772949,0.4061773121356964,0.5738221406936646,0.4814331751523966
1809.0,1.0,0.5149848181009292,0.5349540787935257,0.48454515665769576,0.5350199890136719,0.4059649705886841,0.5741249918937683,0.4858173585701522
1810.0,1.0,0.5111890918016434,0.5343180608749389,0.66400623857975,0.5410666942596436,0.4057627320289612,0.5743969678878784,0.4900458477211167
1811.0,1.0,0.5168983602523803,0.5318013012409211,0.8257156777381897,0.53867609500885,0.40557071566581726,0.5746360421180725,0.49409778361270185
1812.0,1.0,0.5126805120706558,0.5320742112398148,0.8157915270328522,0.5348683005571365,0.40538889169692993,0.5748401880264282,0.4979511489036246
1813.0,1.0,0.5134079396724701,0.5315775883197784,0.6741849640011788,0.5249664634466171,0.40521737933158875,0.5750072002410889,0.5015825644285865
1814.0,1.0,0.518972293138504,0.5312770575284957,0.5046765249967575,0.529073896408081,0.4050562083721161,0.5751350522041321,0.504967081332607
1815.0,1.0,0.5187193703651428,0.5277971047163009,0.5949590945243836,0.5332384073734283,0.40490543842315674,0.5752214193344116,0.5080779682184406
1816.0,1.0,0.5106269031763077,0.5286439543962479,0.5915747636556625,0.5300288563966751,0.4047650694847107,0.5752642154693604,0.5108875142770977
1817.0,1.0,0.5112684673070907,0.5397477847337723,0.4529611334204674,0.5360759270191192,0.4046352207660675,0.575261116027832,0.5133905960108436
1818.0,1.0,0.5172987681627274,0.531962057352066,0.36328026980161665,0.5245252215862274,0.4045158922672272,0.57520991563797,0.5156054304147055
1819.0,1.0,0.5155414247512817,0.5315593791007995,0.345518915951252,0.5129738730192185,0.4044071137905121,0.5751082897186279,0.5175493205708221
1820.0,1.0,0.5127513539791108,0.53568638920784,0.3289583769440651,0.5090423029661179,0.4043089747428894,0.574954092502594,0.5192375292186
1821.0,1.0,0.5140654748678207,0.5323558586835861,0.2643845835328102,0.5227821379899978,0.40422144532203674,0.5747450590133667,0.5206833165877498
1822.0,1.0,0.5140987384319305,0.5218580919504165,0.36663894027471544,0.5318169969320298,0.40414464473724365,0.5744789838790894,0.5218979752262456
1823.0,1.0,0.5159604823589325,0.5291268473863602,0.6777161151170731,0.528753554224968,0.40407854318618774,0.5741538405418396,0.5228908607770322
1824.0,1.0,0.5097575074434281,0.5294525921344757,0.27893600042909383,0.5335813724994659,0.4040232002735138,0.5737676024436951,0.5236694177122132
1825.0,1.0,0.5082860559225082,0.5327198851108551,0.45558581858873365,0.5324441039562225,0.4039786458015442,0.573318362236023,0.524239199142535
1826.0,1.0,0.5173231905698776,0.5230403971672059,0.5873254519701004,0.5302119982242585,0.4039449095726013,0.5728043913841248,0.5246038799616528
1827.0,1.0,0.5144356119632721,0.5237489765882493,0.4840845710039139,0.5272055375576019,0.4039219915866852,0.5722241997718811,0.5247652627519841
1828.0,1.0,0.5133190017938614,0.5327850019931794,0.5568418252468109,0.5207301455736161,0.40390995144844055,0.5715763568878174,0.5247232760606764
1829.0,1.0,0.5161924070119858,0.5260874831676483,0.5273870688676834,0.5255920916795731,0.4039088189601898,0.5708597302436829,0.5244759648557391
1830.0,1.0,0.5135684299468994,0.5285670870542526,0.44936860620975494,0.5239535045623779,0.403918594121933,0.5700735449790955,0.5240194731852554
1831.0,1.0,0.5112381261587143,0.5286794102191925,0.4551449769735336,0.5290095174312591,0.40393927693367004,0.5692171454429626,0.5233480193052671
1832.0,1.0,0.5049914610385895,0.5298850232362747,0.4926032032072544,0.5241910821199417,0.40397095680236816,0.5682903528213501,0.5224538638034915
1833.0,1.0,0.5117604869604111,0.5285397464036942,0.4432310765981674,0.5206679767370224,0.40401357412338257,0.5672932267189026,0.5213272715445996
1834.0,1.0,0.5101604175567627,0.533776136636734,0.46180575907230376,0.5227948200702667,0.40406718850135803,0.5662262439727783,0.5199564685969094
1835.0,1.0,0.5120959460735321,0.5310236966609955,0.4603026783466339,0.5216934883594513,0.40413179993629456,0.5650902986526489,0.5183275956703071
1836.0,1.0,0.51325448513031,0.5281542122364045,0.4808681732416153,0.5214096736907959,0.40420740842819214,0.5638866424560547,0.5164246600032669
1837.0,1.0,0.5152229243516921,0.5322178095579148,0.3334699499607086,0.5203737288713455,0.40429404377937317,0.5626170039176941,0.514229488068807
1838.0,1.0,0.5098589360713959,0.5289709252119065,0.22164023719727993,0.5191018748283386,0.40439170598983765,0.5612835884094238,0.511721681907499
1839.0,1.0,0.5115458184480667,0.5301785778999328,0.2299266747944057,0.5229782104492188,0.40450039505958557,0.559889018535614,0.5088785823043445
1840.0,1.0,0.5053847223520279,0.5256594550609589,0.2930414943397045,0.5171428674459457,0.40462014079093933,0.558436393737793,0.5056761542413888
1841.0,1.0,0.5125847625732421,0.5240159749984741,0.2868130597472191,0.5096754831075668,0.4047509431838989,0.556929349899292,0.5021125360638861
1842.0,1.0,0.5117060685157776,0.5245240086317062,0.305678076967597,0.5014960420131683,0.40489277243614197,0.555371880531311,0.49821025827133036
1843.0,1.0,0.5115206336975098,0.528925763964653,0.40286495208740236,0.48745927572250364,0.40504565834999084,0.553768515586853,0.49399123411211043
1844.0,1.0,0.5099311953783036,0.5319480556249618,0.5318420132994652,0.5000570118427277,0.40520957112312317,0.5521243214607239,0.4894756749365108
1845.0,1.0,0.5136977314949036,0.5337173479795456,0.8569397991895675,0.5056286579370499,0.40538454055786133,0.5504446029663086,0.4846823355012333
1846.0,1.0,0.5113487166166305,0.5303108102083206,0.782549364566803,0.5133438384532929,0.40557053685188293,0.5487352013587952,0.4796345617048843
1847.0,1.0,0.5146273046731948,0.5291594296693802,0.45830742090940474,0.5128674709796905,0.4057675898075104,0.5470023155212402,0.4743906827797204
1848.0,1.0,0.5038721466064453,0.5315183407068252,0.1586845988035202,0.5140173822641373,0.4059756398200989,0.5452525019645691,0.469021897224124
1849.0,1.0,0.5080558151006699,0.5302560347318649,0.24547882199287416,0.5158211368322373,0.4061947464942932,0.5434924960136414,0.4635988509004534
1850.0,1.0,0.507706664800644,0.5308537721633911,0.2971571829915047,0.5140335577726364,0.4064248204231262,0.5417294502258301,0.45819197716438964
1851.0,1.0,0.5074014544487,0.5270238333940506,0.48309371948242186,0.5112242501974106,0.4066658914089203,0.5399705171585083,0.4528594798234309
1852.0,1.0,0.5129427337646484,0.5294364386796951,0.604995363354683,0.5095273375511169,0.4069179594516754,0.5382230877876282,0.4476278924070982
1853.0,1.0,0.5115119111537934,0.5311326289176941,0.48195323675870894,0.5080376064777374,0.4071809947490692,0.5364944934844971,0.44251938298339155
1854.0,1.0,0.5119762700796128,0.5231913357973099,0.7659757119417191,0.5100998347997665,0.4074549973011017,0.5347923040390015,0.4375571427659821
1855.0,1.0,0.5110651695728302,0.5289639043807983,0.9119626832008362,0.5073757773637771,0.40773990750312805,0.5331236720085144,0.4327656375667317
1856.0,1.0,0.509251953959465,0.5271984529495239,0.8777486622333527,0.5111709123849869,0.4080357551574707,0.5314957499504089,0.4281708653034002
1857.0,1.0,0.5111671423912049,0.5310796850919723,0.48820444852113726,0.5056417894363403,0.40834248065948486,0.5299155116081238,0.42380061795182655
1858.0,1.0,0.5082410991191864,0.5287509196996689,0.31109845876693726,0.499031623005867,0.40866008400917053,0.5283895134925842,0.4196847470617229
1859.0,1.0,0.5149158453941345,0.5276342302560806,0.47219612181186676,0.4914249646663666,0.4089885354042053,0.5269238948822021,0.41585493920544536
1860.0,1.0,0.5100501173734665,0.5259552150964737,0.6763926172256469,0.5069330739974975,0.40932780504226685,0.5255245566368103,0.4123268494831507
1861.0,1.0,0.5053243494033813,0.5261062574386597,0.23213238266296685,0.5005791395902633,0.4096778929233551,0.5241966843605042,0.4090951516509733
1862.0,1.0,0.5077188855409622,0.5255279129743576,0.028707034503750038,0.5019752293825149,0.4100387394428253,0.522944986820221,0.40615604546508166
1863.0,1.0,0.509982528090477,0.5323403030633926,0.030065961609470834,0.49116949915885927,0.4104103446006775,0.5217735171318054,0.4035088855763149
1864.0,1.0,0.5089950096607209,0.5219090038537979,0.05913557014195248,0.49823581635951997,0.41079264879226685,0.5206857323646545,0.40115530688362355
1865.0,1.0,0.5134607684612275,0.5213291740417481,0.4852878016233444,0.48697145819664,0.411185622215271,0.5196844339370728,0.39907959628271783
1866.0,1.0,0.5055549609661102,0.5287950038909912,0.4967896342277527,0.49033609628677366,0.41158926486968994,0.5187716484069824,0.3972492142807482
1867.0,1.0,0.5067605513334275,0.524274006485939,0.3298450414836407,0.4907895863056183,0.4120035469532013,0.5179487466812134,0.3956340418021398
1868.0,1.0,0.5043622159957886,0.5294541949033738,0.3250961843132973,0.49632920265197755,0.4124283790588379,0.5172163844108582,0.3942070515592775
1869.0,1.0,0.5114918994903564,0.5242385226488113,0.29216233812272546,0.495065775513649,0.41286376118659973,0.5165746212005615,0.39294414217761187
1870.0,1.0,0.5099353301525116,0.5274594980478287,0.15195750494953245,0.49482972860336305,0.41330963373184204,0.5160227417945862,0.3918239828166463
1871.0,1.0,0.5103071546554565,0.5265905410051346,0.2347845511045307,0.4829830777645111,0.41376596689224243,0.5155594348907471,0.39082787006407216
1872.0,1.0,0.5053402751684188,0.5278523397445679,0.7523621401190758,0.49858091592788695,0.4142327606678009,0.5151827931404114,0.3899395984859666
1873.0,1.0,0.505755900144577,0.5263761067390442,0.8535861885547638,0.4942244237661362,0.4147098958492279,0.5148904323577881,0.38914534585083516
1874.0,1.0,0.5096007722616196,0.5239948725700379,0.6755210798978806,0.49786508321762085,0.4151974022388458,0.5146793723106384,0.3884335737799063
1875.0,1.0,0.5084547960758209,0.5220331990718842,0.20945038735866547,0.5036903488636016,0.4156951904296875,0.514546275138855,0.3877949443371733
1876.0,1.0,0.5092429274320602,0.529747788310051,0.1124154050683137,0.504810830950737,0.41620320081710815,0.5144873857498169,0.38722225291644463
1877.0,1.0,0.5084869819879532,0.5258197575807572,0.07074152180692181,0.5135167700052261,0.4167214334011078,0.5144986510276794,0.386710377655362
1878.0,1.0,0.5027467632293701,0.5241873198747635,0.494874461889267,0.5166739666461945,0.41724979877471924,0.514575719833374,0.38625624552864224
1879.0,1.0,0.5096697527170181,0.5287420731782914,0.5588129776716232,0.5256416767835617,0.4177882969379425,0.5147141218185425,0.3858588152155846
1880.0,1.0,0.507328240275383,0.5265016919374466,0.3686394965648651,0.5246787881851196,0.41833680868148804,0.5149092078208923,0.38551907680488284
1881.0,1.0,0.5030268627405167,0.5339781332015991,0.13117683175951242,0.5152433443069458,0.41889530420303345,0.5151563286781311,0.38524006837377556
1882.0,1.0,0.5040236157178879,0.5212777382135392,0.35324028685688974,0.5244244199991226,0.41946375370025635,0.5154507756233215,0.38502690945315976
1883.0,1.0,0.5031109112501144,0.5236761492490768,0.7468997478485108,0.5162485319375992,0.4200420677661896,0.5157878994941711,0.38488685136124445
1884.0,1.0,0.5130832833051682,0.5231091111898423,0.836299244761467,0.5057760179042816,0.42063021659851074,0.516163170337677,0.3848293443327009
1885.0,1.0,0.5032969093322754,0.5219411724805831,0.2848094728775322,0.49741882383823394,0.4212281107902527,0.516572117805481,0.3848661213040998
1886.0,1.0,0.5101885235309601,0.5309069406986237,0.290731011480093,0.504945398569107,0.421835720539093,0.5170106291770935,0.3850112980970266
1887.0,1.0,0.5018360096216202,0.5252811914682388,0.24621709048748017,0.5026365888118743,0.4224529564380646,0.5174747109413147,0.38528148959863984
1888.0,1.0,0.5111428374052047,0.5232267606258393,0.24694836512207985,0.49889445781707764,0.4230797588825226,0.5179606080055237,0.38569594134085605
1889.0,1.0,0.5036476492881775,0.5232791692018509,0.612791051864624,0.5045421850681305,0.42371606826782227,0.518464982509613,0.38627667562985835
1890.0,1.0,0.49931305706501006,0.5197408765554428,0.913399122953415,0.49557137966156006,0.42436182498931885,0.5189847946166992,0.38704865109937714
1891.0,1.0,0.504342970252037,0.5262009942531586,0.9209774798154831,0.508975824713707,0.4250169098377228,0.5195172429084778,0.3880399342243379
1892.0,1.0,0.50818244099617,0.5249961680173874,0.14461725763278083,0.5079717803001403,0.42568132281303406,0.5200600624084473,0.3892818810118115
1893.0,1.0,0.500820130109787,0.5277573239803314,0.26651309974491594,0.5106062352657318,0.4263549745082855,0.5206111669540405,0.39080283861062526
1894.0,1.0,0.5056529098749161,0.5222255176305771,0.37895516186952594,0.5037062931060791,0.4270377457141876,0.521169126033783,0.3926061084657704
1895.0,1.0,0.5071851509809494,0.5231342881917953,0.5149583619832993,0.5037522721290588,0.4277295768260956,0.521732747554779,0.3946699197210819
1896.0,1.0,0.5049789494276047,0.5245612227916717,0.44607980966567995,0.5107714933156967,0.428430438041687,0.522301197052002,0.39695699247320704
1897.0,1.0,0.5113563311100006,0.523698261976242,0.40070980846881865,0.509449588060379,0.42914018034935,0.5228740572929382,0.399432108956006
1898.0,1.0,0.5034373283386231,0.5212856721878052,0.32005781888961793,0.5010588723421097,0.4298587739467621,0.5234515070915222,0.40206246381117694
1899.0,1.0,0.5036786496639252,0.5220994943380356,0.3371962180733681,0.4946677088737488,0.4305861294269562,0.524033784866333,0.40481739665185046
1900.0,1.0,0.5094895130395889,0.5279829698801041,0.6828596341609955,0.4948248237371445,0.4313221275806427,0.5246216058731079,0.40766812957016896
1901.0,1.0,0.5087941879034042,0.5273218959569931,0.8001005882024765,0.4991136252880096,0.4320666790008545,0.5252161026000977,0.4105875092766951
1902.0,1.0,0.5012407386302948,0.5240883541107177,0.6414667111635208,0.5046224522590638,0.43281975388526917,0.5258186459541321,0.4135497538973425
1903.0,1.0,0.5085549414157867,0.5226877790689468,0.4603981649875641,0.5118703973293305,0.4335812032222748,0.5264307260513306,0.41653020470545243
1904.0,1.0,0.5022912991046905,0.5240487623214721,0.5240574532747269,0.5071625846624375,0.43435096740722656,0.5270543098449707,0.4195050819238588
1905.0,1.0,0.504885162115097,0.5231418347358704,0.7214171159267425,0.5056247460842133,0.43512892723083496,0.5276913046836853,0.42244976675490875
1906.0,1.0,0.5051517915725708,0.5245375853776931,0.5360532596707344,0.4992071408033371,0.4359149932861328,0.528343915939331,0.42535056143640304
1907.0,1.0,0.5016265398263932,0.5246451926231385,0.631335620880127,0.5008380407094956,0.43670907616615295,0.5290143489837646,0.4282018585114429
1908.0,1.0,0.503689380288124,0.5187166863679886,0.7292938083410263,0.5186875337362289,0.43751105666160583,0.5297048091888428,0.4309987475080277
1909.0,1.0,0.5022918540239334,0.5222718757390976,0.5432389166951179,0.5208390897512436,0.4383208453655243,0.5304174423217773,0.4337246643750632
1910.0,1.0,0.5032195830345154,0.5196554553508759,0.4783217644691467,0.5209601491689682,0.43913835287094116,0.531154453754425,0.4363335051134385
1911.0,1.0,0.5043361556529998,0.5192658770084381,0.3904460844397545,0.506684108376503,0.4399634301662445,0.5319176316261292,0.43877849748464826
1912.0,1.0,0.5075714993476867,0.5227298200130462,0.36423071056604384,0.4986069685220718,0.44079598784446716,0.5327087640762329,0.4410488494191185
1913.0,1.0,0.5058594614267349,0.5202179300785065,0.47408107429742813,0.49531336963176725,0.4416359066963196,0.5335292220115662,0.44315405202375757
1914.0,1.0,0.5053617286682129,0.5204788070917129,0.729539486169815,0.5002743446826935,0.4424830973148346,0.5343800783157349,0.44510382743597177
1915.0,1.0,0.501246919631958,0.5169251221418381,0.5135781018435955,0.5069096720218659,0.44333744049072266,0.5352619886398315,0.44690789118246244
1916.0,1.0,0.5049049776792526,0.5208002728223801,0.18227191027835943,0.5216606414318085,0.4441987872123718,0.5361751317977905,0.4485759458719514
1917.0,1.0,0.5053260374069214,0.5174626725912094,0.24449013903737069,0.5133941155672074,0.44506701827049255,0.5371192097663879,0.450117681075497
1918.0,1.0,0.4993810015916824,0.5241277366876602,0.19101099729537963,0.5174248331785202,0.4459420442581177,0.5380933880805969,0.4515427801318168
1919.0,1.0,0.5021343004703521,0.5228281581401825,0.4181942492723465,0.5119263952970505,0.44682368636131287,0.5390962958335876,0.4528609340100189
1920.0,1.0,0.5041754305362701,0.5205212080478668,0.18195593778043986,0.5215826702117919,0.44771188497543335,0.5401259064674377,0.4540818619406508
1921.0,1.0,0.4955408710241318,0.5163243675231933,0.1275250970572233,0.5126128774881363,0.4486064612865448,0.5411796569824219,0.4552153382164619
1922.0,1.0,0.5011305004358292,0.5191197222471238,0.13912877421826125,0.5151738023757935,0.4495072662830353,0.5422543287277222,0.45627122434528644
1923.0,1.0,0.5011370295286178,0.515522608757019,0.3913121649622917,0.5098628216981888,0.45041424036026,0.543346107006073,0.45725950557672945
1924.0,1.0,0.5048528891801835,0.5195778626203537,0.8273362682759762,0.5030640709400177,0.4513271749019623,0.544450581073761,0.45819033069280124
1925.0,1.0,0.5018514549732208,0.5250888872146606,0.11105574479210191,0.5037393194437026,0.45224592089653015,0.5455629229545593,0.45907392394808255
1926.0,1.0,0.5007508230209351,0.5175922834873199,0.44622766885906456,0.5103244453668594,0.45317041873931885,0.5466775894165039,0.4599049716933479
1927.0,1.0,0.5009539914131165,0.5214419239759445,0.3332949407398701,0.5174270612001419,0.45410043001174927,0.5477887392044067,0.46064763964277233
1928.0,1.0,0.5036126559972763,0.5216913425922394,0.38263620108366014,0.5152081340551377,0.45503586530685425,0.5488899946212769,0.46126246152529404
1929.0,1.0,0.4962451654672623,0.518448811173439,0.5787452924251556,0.5070064800977707,0.45597657561302185,0.5499747395515442,0.461709588341904
1930.0,1.0,0.5022423136234283,0.5164877825975418,0.27864877417683603,0.50834745824337,0.45692235231399536,0.55103600025177,0.46194851541743276
1931.0,1.0,0.5012398529052734,0.5202342957258225,0.39901523768901825,0.5096581900119781,0.4578731060028076,0.5520665645599365,0.4619378182977556
1932.0,1.0,0.5045478385686875,0.5169086843729019,0.5317696547508239,0.5093511974811554,0.4588286280632019,0.5530592203140259,0.4616353822441539
1933.0,1.0,0.4953157478570938,0.5196346288919449,0.4760099617391825,0.5108170592784882,0.45978879928588867,0.5540065169334412,0.4610206038097715
1934.0,1.0,0.5002610558271408,0.5223685824871063,0.036693978049152066,0.5060014712810517,0.4607534408569336,0.5549013018608093,0.4601038307917662
1935.0,1.0,0.5035780084133148,0.5213129162788391,0.3355054094339721,0.5047852236032486,0.46172237396240234,0.5557361841201782,0.45890600491810574
1936.0,1.0,0.5021340042352677,0.5170493930578232,0.6556527781486511,0.517787697315216,0.4626954197883606,0.5565043091773987,0.4574857274934061
1937.0,1.0,0.5059058606624603,0.5194657093286514,0.4342428931593895,0.5226600450277329,0.4636724591255188,0.5571988224983215,0.4559105285607927
1938.0,1.0,0.5012106567621231,0.5182014793157578,0.3511805710196495,0.5129973196983337,0.46465328335762024,0.5578134655952454,0.4542473728937608
1939.0,1.0,0.49262543737888337,0.5153152805566787,0.49539418011903763,0.5068054801225662,0.4656377136707306,0.5583421587944031,0.4525631192081647
1940.0,1.0,0.5016901409626007,0.5195508605241775,0.486279553771019,0.5115334695577621,0.4666256010532379,0.5587793588638306,0.45092499055792246
1941.0,1.0,0.49864417254924776,0.521337764263153,0.4382987233065069,0.5214912980794907,0.4676167368888855,0.559120237827301,0.44939697546591617
1942.0,1.0,0.5031027489900589,0.5155529725551605,0.4211353999376297,0.5229334431886673,0.4686109721660614,0.5593603849411011,0.44801348928272944
1943.0,1.0,0.5018427926301956,0.5155034434795379,0.5857331639528275,0.5168236762285232,0.4696080684661865,0.5594959855079651,0.44679645039569493
1944.0,1.0,0.5036336940526962,0.5185971564054489,0.8384573882818223,0.5165673112869262,0.4706078767776489,0.5595240592956543,0.44576956626332276
1945.0,1.0,0.4959445875883102,0.524022849202156,0.8793187665939332,0.5075673174858093,0.4716102182865143,0.5594422817230225,0.44495862363673666
1946.0,1.0,0.4981534135341644,0.5195427161455154,0.8705454975366592,0.5189837056398392,0.4726148843765259,0.5592489838600159,0.4443917083581965
1947.0,1.0,0.5006834012269974,0.5156211441755295,0.8733651471138001,0.5208449447154999,0.473621666431427,0.5589432716369629,0.4440994264770808
1948.0,1.0,0.49538449943065643,0.5201748538017273,0.637472630739212,0.5065651309490203,0.4746303856372833,0.5585250854492188,0.44411141984517144
1949.0,1.0,0.5011130553483963,0.5215027213096619,0.28410657212138174,0.5090683335065842,0.47564083337783813,0.5579950213432312,0.4444302933947597
1950.0,1.0,0.4987586683034897,0.5188646835088729,0.33715789537411184,0.4897328847646713,0.4766528010368347,0.5573545098304749,0.44504713048527833
1951.0,1.0,0.4985447841882706,0.5148627954721451,0.4873719072341919,0.4862081718444824,0.47766613960266113,0.5566056966781616,0.44595582501926856
1952.0,1.0,0.495892653465271,0.5191555839776992,0.8639537626504898,0.4921250319480896,0.4786805808544159,0.5557513236999512,0.44714073375705254
1953.0,1.0,0.5008081674575806,0.5168298643827438,0.9770173239707947,0.4936110192537308,0.4796959459781647,0.5547950267791748,0.4485577628815207
1954.0,1.0,0.4983764612674713,0.5156204348802567,0.1128302813359187,0.4939971452951431,0.48071202635765076,0.5537409782409668,0.45016044173374326
1955.0,1.0,0.49906915724277495,0.5199785315990448,0.0021081273987715574,0.49996800124645235,0.48172861337661743,0.5525939464569092,0.45190439809422855
1956.0,1.0,0.5018815141916275,0.5221799731254577,0.8234486170113087,0.506046536564827,0.482745498418808,0.5513593554496765,0.45374701080544355
1957.0,1.0,0.5008308893442154,0.5200980520248413,0.8739633405208588,0.4971886783838272,0.4837624430656433,0.5500431656837463,0.4556470699071298
1958.0,1.0,0.4928715664148331,0.5160811918973923,0.5997240561246872,0.4940845328569412,0.4847792685031891,0.5486517548561096,0.4575644452329328
1959.0,1.0,0.497601078748703,0.5156320226192475,0.02175323711897363,0.503673180937767,0.4857957065105438,0.5471919178962708,0.45946052772380597
1960.0,1.0,0.4983477121591568,0.5090205585956573,0.8513416051864624,0.5027082842588425,0.4868115782737732,0.5456708073616028,0.461322351098147
1961.0,1.0,0.49743468523025514,0.5188714331388473,0.7830393230915069,0.48585095822811125,0.4878266751766205,0.5440959930419922,0.46316764995781057
1962.0,1.0,0.5006488668918609,0.5186345994472503,0.8324299085140229,0.4878124004602432,0.4888407289981842,0.542475163936615,0.46501645079571574
1963.0,1.0,0.4997420108318329,0.5189361608028412,0.6691121239960194,0.5087729454040527,0.48985356092453003,0.5408161282539368,0.46688937338684156
1964.0,1.0,0.4933221811056137,0.5151688557863235,0.17317871707724408,0.5014322882890702,0.49086493253707886,0.539126992225647,0.4688077360041518
1965.0,1.0,0.4974720597267151,0.520598538517952,0.68669193983078,0.4987341970205307,0.4918746054172516,0.5374157428741455,0.4707936639875214
1966.0,1.0,0.49434739410877226,0.5182240158319473,0.7596821075677872,0.5203290557861329,0.4928823411464691,0.5356903672218323,0.4728702015427544
1967.0,1.0,0.4987140411138535,0.5107713067531585,0.9525439500808716,0.5162964016199112,0.4938879609107971,0.5339587926864624,0.475061426394106
1968.0,1.0,0.49933594942092896,0.5153769654035568,0.9565654051303863,0.5131388759613037,0.4948911964893341,0.5322287082672119,0.4773925667425942
1969.0,1.0,0.4983841598033905,0.5150788414478302,0.40785121932625773,0.5128577083349228,0.49589183926582336,0.5305076241493225,0.47989011989808006
1970.0,1.0,0.5002073884010315,0.5135440826416016,0.05795254169177497,0.5214650505781173,0.4968896210193634,0.528802752494812,0.48258084826235503
1971.0,1.0,0.49569101572036744,0.5163938242197037,0.08377090875990689,0.5121852028369903,0.4978843629360199,0.5271210670471191,0.48546799574438637
1972.0,1.0,0.4946704149246216,0.5195087587833405,0.28224870909005406,0.5029158759117126,0.49887582659721375,0.5254688858985901,0.48853185409910793
1973.0,1.0,0.49843696773052215,0.5195755869150162,0.5990069386363029,0.5130129396915436,0.49986374378204346,0.5238522291183472,0.4917532515438019
1974.0,1.0,0.5006547331809997,0.5122330003976822,0.4714957839250565,0.5142822271585464,0.5008479356765747,0.5222766995429993,0.4951144217880046
1975.0,1.0,0.49419419169425965,0.512478963136673,0.36664907932281493,0.519563398361206,0.501828134059906,0.520747184753418,0.49859883708032715
1976.0,1.0,0.49424332559108736,0.5154087471961976,0.2827838744223118,0.5167621767520905,0.5028041005134583,0.5192680358886719,0.5021910435678647
1977.0,1.0,0.4965255552530289,0.5150624096393586,0.1887905237823725,0.5144034159183503,0.5037755966186523,0.5178430676460266,0.505876499127206
1978.0,1.0,0.49950252830982206,0.5114692199230194,0.13505986550822854,0.5061843156814575,0.504742443561554,0.5164753198623657,0.5096414136966239
1979.0,1.0,0.4984518003463745,0.5135315960645676,0.2924629220366478,0.5002405136823654,0.505704402923584,0.5151672959327698,0.5134725920039145
1980.0,1.0,0.49383227944374086,0.514719660282135,0.5039612547308207,0.5115944218635559,0.5066611766815186,0.513920783996582,0.5173572784571832
1981.0,1.0,0.49461856186389924,0.5118485850095749,0.06740075126406736,0.5113587379455566,0.5076126456260681,0.5127368569374084,0.5212830038539806
1982.0,1.0,0.49640151917934416,0.5134308850765228,0.0669144907259033,0.5170823085308075,0.508558452129364,0.5116159915924072,0.5252374334732224
1983.0,1.0,0.49638224542140963,0.5099597477912903,0.5276721858978272,0.5141820234060287,0.5094984769821167,0.5105579495429993,0.5292082160449638
1984.0,1.0,0.4950871366262436,0.5158033329248428,0.5261767345666886,0.5177223342657089,0.5104324221611023,0.5095618367195129,0.5331828330463821
1985.0,1.0,0.49119500994682314,0.5158917421102523,0.3734590521454811,0.5130066680908203,0.5113600492477417,0.5086262822151184,0.5371484477472279
1986.0,1.0,0.4894699627161026,0.5100227892398834,0.225493233948946,0.5024633598327637,0.5122812390327454,0.507749080657959,0.5410917534219521
1987.0,1.0,0.49576781868934633,0.517915221452713,0.14670154422521592,0.5025727945566177,0.5131956934928894,0.5069277882575989,0.5449988201597336
1988.0,1.0,0.4933215779066086,0.5142537492513657,0.1862189380824566,0.5050183486938477,0.5141031742095947,0.5061593055725098,0.5488549397311573
1989.0,1.0,0.4965266799926758,0.5133667778968811,0.3076160463690758,0.5176302063465118,0.515003502368927,0.5054400563240051,0.552644468010115
1990.0,1.0,0.4960115724802017,0.5135313230752945,0.20490630351006986,0.5101788270473481,0.5158964395523071,0.5047661662101746,0.5563506644985239
1991.0,1.0,0.4967528414726257,0.5047457593679429,0.12087830434087664,0.5154520761966705,0.516781747341156,0.5041334629058838,0.5599555285501907
1992.0,1.0,0.4934662294387817,0.5092584508657455,0.580922219157219,0.5112516552209854,0.5176592469215393,0.5035375356674194,0.5634396319340738
1993.0,1.0,0.4955478084087372,0.508391238451004,0.671553800702095,0.49632608354091645,0.5185287594795227,0.5029737949371338,0.5667819474004148
1994.0,1.0,0.49575636148452756,0.5151672112941742,0.6000834399461746,0.494333233833313,0.5193899869918823,0.5024374127388,0.5699596729077143
1995.0,1.0,0.49634553730487824,0.5126894479990005,0.5172196519374848,0.5047170752286911,0.5202427506446838,0.5019238591194153,0.5729484418641846
1996.0,1.0,0.49363109588623044,0.5127772527933121,0.38160334169864657,0.5085222268104553,0.5210868716239929,0.5014283657073975,0.5757397844446928
1997.0,1.0,0.4858236235380173,0.5066883963346481,0.317986424267292,0.5084637153148651,0.5219221711158752,0.5009464025497437,0.5783481994739361
1998.0,1.0,0.49445813536643984,0.5125665426254272,0.1583024661242962,0.5104031080007553,0.5227483510971069,0.5004737377166748,0.5807878239504873
1999.0,1.0,0.5001781195402145,0.5165458202362061,0.19404121115803719,0.5095209193229675,0.5235653519630432,0.5000061988830566,0.583070586070761
2000.0,1.0,0.49119984030723574,0.5098707675933838,0.20217492211610077,0.5153298425674439,0.5243728756904602,0.4995400905609131,0.5852062286377304
2001.0,1.0,0.49363745510578155,0.5111003506183625,0.37873553827404977,0.5163021957874299,0.5251707434654236,0.4990721046924591,0.5872023234217636
2002.0,1.0,0.48873366057872775,0.5102483689785003,0.839028205871582,0.5067302793264389,0.525958776473999,0.49859926104545593,0.58906427579754
2003.0,1.0,0.4944830638170242,0.5102800285816192,0.2767479943082435,0.5127022910118103,0.5267367959022522,0.49811917543411255,0.5907953189896489
2004.0,1.0,0.4926900941133499,0.5112829488515854,0.02298482715035789,0.49790947914123534,0.5275046229362488,0.49762991070747375,0.5923964973364662
2005.0,1.0,0.4900479996204376,0.5077567577362061,0.4332180493324995,0.4912864035367966,0.5282620787620544,0.49713003635406494,0.5938666380918676
2006.0,1.0,0.49675397634506224,0.5064031916856766,0.7566763556003571,0.49912079811096194,0.5290090441703796,0.49661874771118164,0.5952023114209908
2007.0,1.0,0.49431080400943755,0.5059993225336075,0.6116119080781937,0.5121967834234238,0.5297452211380005,0.4960957169532776,0.5963977784116707
2008.0,1.0,0.4984481400251389,0.5054809600114822,0.42885862112045287,0.5104153782129288,0.530470609664917,0.4955612123012543,0.597444927094017
2009.0,1.0,0.4883693879842758,0.5150272935628891,0.3123170876502991,0.5031802785396576,0.5311849117279053,0.49501603841781616,0.5983331966554886
2010.0,1.0,0.4902782195806503,0.5084750968217849,0.3872712182998657,0.509317963719368,0.5318880081176758,0.4944615066051483,0.5990494902242176
2011.0,1.0,0.49129142105579376,0.5050221592187881,0.5669790410995483,0.501789340376854,0.5325797200202942,0.4938993752002716,0.5995780767981671
2012.0,1.0,0.49006581962108614,0.507199575304985,0.7266661304235459,0.49568296074867246,0.5332599878311157,0.4933319091796875,0.599900483047719
2013.0,1.0,0.48869672656059265,0.507452797293663,0.6466091399267316,0.4987166804075241,0.5339285731315613,0.4927617311477661,0.6000013053479734
2014.0,1.0,0.49188857853412626,0.5065966898202896,0.41642268508672714,0.5038426995277405,0.5345854163169861,0.49219176173210144,0.5998902474062504
2015.0,1.0,0.49082536458969117,0.512716406583786,0.3654789164662361,0.5014516013860703,0.5352303385734558,0.49162524938583374,0.5995824404680263
2016.0,1.0,0.49367608487606046,0.5041498577594757,0.3383415047824383,0.4956580048799515,0.5358631610870361,0.4910656809806824,0.599090270296557
2017.0,1.0,0.49034810602664947,0.5030165106058121,0.1464868920855224,0.5058916765451431,0.5364838242530823,0.49051663279533386,0.5984234685115837
2018.0,1.0,0.4922743630409241,0.5093130266666412,0.5599168562889099,0.5102818828821182,0.5370922088623047,0.4899817705154419,0.597589197498678
2019.0,1.0,0.4917258268594742,0.5113103032112122,0.779287720322609,0.5039282321929932,0.5376881957054138,0.48946473002433777,0.5965921333872188
2020.0,1.0,0.4955510705709457,0.5098395538330078,0.5679953105747699,0.5049564713239669,0.5382716059684753,0.4889691472053528,0.5954437168572326
2021.0,1.0,0.49243140399456026,0.5028163611888885,0.20371627787710167,0.4848809289932251,0.5388424396514893,0.48849841952323914,0.5941812996443048
2022.0,1.0,0.4954456973075867,0.5125747853517533,0.04902434231800726,0.4868181395530701,0.5394005179405212,0.4880558252334595,0.5928456596284093
2023.0,1.0,0.49009584248065946,0.5004837852716446,0.05327660815644777,0.4936037290096283,0.5399457812309265,0.4876442849636078,0.591475906497891
2024.0,1.0,0.4929093259572983,0.5120969617366791,0.1554100765287876,0.5039206570386887,0.5404780507087708,0.4872663617134094,0.5901097593221039
2025.0,1.0,0.4914425086975098,0.5077709609270096,0.1638474704325199,0.4854573702812195,0.5409973859786987,0.48692432045936584,0.5887838175157185
2026.0,1.0,0.4942907202243805,0.5089561295509338,0.08646217690438789,0.47830003917217256,0.5415036082267761,0.48661983013153076,0.5875338251186975
2027.0,1.0,0.49161376655101774,0.5042554980516434,0.0065928410217566125,0.4737031465768814,0.5419967174530029,0.48635414242744446,0.5863949281840917
2028.0,1.0,0.48895266830921175,0.5080331987142563,0.17822526106843725,0.49065209925174713,0.5424765348434448,0.48612797260284424,0.5854019249926807
2029.0,1.0,0.4956978189945221,0.5036317509412765,0.8790216898918152,0.48665851175785063,0.5429430603981018,0.48594141006469727,0.5845893949670256
2030.0,1.0,0.48454941928386686,0.5075596338510513,0.8301416265964509,0.4943121403455734,0.5433962345123291,0.48579397797584534,0.5839739081210666
2031.0,1.0,0.4902151572704315,0.5049875074625015,0.613181762099266,0.49015574276447293,0.5438359975814819,0.4856846034526825,0.5835343519000844
2032.0,1.0,0.495832759141922,0.5010472267866135,0.6208160734176635,0.5004841476678848,0.5442623496055603,0.48561152815818787,0.5832448498622682
2033.0,1.0,0.4916131693124771,0.5062451595067978,0.48635095953941343,0.5026746988296509,0.5446751117706299,0.48557236790657043,0.5830793393532758
2034.0,1.0,0.4971139585971832,0.503254515528679,0.4936333692073822,0.5018491142988205,0.5450744032859802,0.48556414246559143,0.5830114088142011
2035.0,1.0,0.4927626198530197,0.5109520936012268,0.47427019476890564,0.5085743808746338,0.5454601049423218,0.48558321595191956,0.5830141253407533
2036.0,1.0,0.4915422117710114,0.5047927451133728,0.6583066560328007,0.5122976559400558,0.5458321571350098,0.48562532663345337,0.5830598526416395
2037.0,1.0,0.4885248136520386,0.5067126005887985,0.30042024455964567,0.5071760433912277,0.5461906790733337,0.48568564653396606,0.5831200597220914
2038.0,1.0,0.49225234031677245,0.5025893366336822,0.42761720314621926,0.5057576870918274,0.5465354919433594,0.4857587516307831,0.5831651207756181
2039.0,1.0,0.4899546927213669,0.506447126865387,0.501234210729599,0.5003340750932693,0.5468666553497314,0.4858386814594269,0.583164106889825
2040.0,1.0,0.4936043232679367,0.5048193818330765,0.5729994636774063,0.483848848938942,0.54718416929245,0.48591896891593933,0.583084570307534
2041.0,1.0,0.4915308773517609,0.5004769188165664,0.28195708027109506,0.47384533762931824,0.5474880933761597,0.4859926402568817,0.582892322102424
2042.0,1.0,0.49061115086078644,0.508777911067009,0.41810338197276,0.4683190751075745,0.547778308391571,0.48605233430862427,0.5825512042617333
2043.0,1.0,0.4917191582918167,0.5064104306697845,0.5573067823052407,0.4777373266220093,0.5480548739433289,0.4860902428627014,0.5820228572542021
2044.0,1.0,0.49246710777282715,0.5026953917741775,0.35198320806026456,0.49754691898822784,0.5483178496360779,0.4860982894897461,0.5812685256616987
2045.0,1.0,0.491609588265419,0.5048695242404938,0.017873418871484432,0.4901700359582901,0.5485671758651733,0.4860680103302002,0.5802720378145807
2046.0,1.0,0.4894427853822708,0.5061050498485565,0.010489685374431588,0.47384591042995455,0.5488029718399048,0.4859907925128937,0.5790320612962887
2047.0,1.0,0.4866285705566406,0.5024913036823273,0.0858820364237181,0.4768912929296494,0.5490251779556274,0.4858578145503998,0.5775640437372545
2048.0,1.0,0.48837488651275635,0.5075610554218293,0.7034167265892028,0.48616687893867494,0.5492339134216309,0.4856601655483246,0.5759045029181209
2049.0,1.0,0.48871046960353853,0.4993556386232376,0.8068646454811096,0.470025777220726,0.5494291186332703,0.4853889048099518,0.5740890462535901
2050.0,1.0,0.49445825815200806,0.5009892612695694,0.7465305066108704,0.4790051460266113,0.54961097240448,0.48503512144088745,0.572151153439961
2051.0,1.0,0.4878418081998825,0.499384383559227,0.7095511576533318,0.4887619656324387,0.5497794151306152,0.4845901131629944,0.570122418901235
2052.0,1.0,0.4904192852973938,0.5029707676172257,0.2912537369132042,0.497658725976944,0.5499345064163208,0.4840453267097473,0.5680327911136089
2053.0,1.0,0.4863123416900635,0.5066931939125061,0.5899622625112534,0.4951687598228455,0.550076425075531,0.483392596244812,0.5659108085212523
2054.0,1.0,0.4910609573125839,0.49958984315395355,0.30167690813541415,0.4940440630912781,0.5502050518989563,0.48262423276901245,0.5637838318137653
2055.0,1.0,0.4854780524969101,0.4995033597946167,0.2594966606795788,0.4895872950553894,0.5503206253051758,0.4817330241203308,0.5616782724238192
2056.0,1.0,0.49490793883800505,0.5000564908981323,0.752699448466301,0.48693777084350587,0.5504231452941895,0.4807124733924866,0.5596198171968894
2057.0,1.0,0.4911677002906799,0.49750535666942597,0.8288923400640488,0.48607717096805575,0.5505126714706421,0.4795568585395813,0.5576336492757719
2058.0,1.0,0.48473121047019957,0.49859166502952573,0.033955822142524995,0.47413297057151793,0.5505892634391785,0.47826141119003296,0.5557446653032088
2059.0,1.0,0.49056652128696443,0.4991838443279266,0.04997443489917714,0.4798905885219574,0.5506531000137329,0.4768223166465759,0.5539776890888675
2060.0,1.0,0.4882398146390915,0.5008977329730988,0.05882662190822884,0.47244092166423796,0.5507042407989502,0.4752369225025177,0.5523576818913085
2061.0,1.0,0.489387691617012,0.5047851371765136,0.16006838781759142,0.47801959156990054,0.5507427453994751,0.47350385785102844,0.5509099494535121
2062.0,1.0,0.4830387943983078,0.5016597652435303,0.4183986231684685,0.48478157877922057,0.5507687330245972,0.4716230034828186,0.5496603458890803
2063.0,1.0,0.4929944139719009,0.4960182911157608,0.5205988815426826,0.4759451526403427,0.550782322883606,0.4695957601070404,0.548635474466181
2064.0,1.0,0.48698841631412504,0.502194504737854,0.40844799667596815,0.4746247488260269,0.5507835745811462,0.46742483973503113,0.5478628852967944
2065.0,1.0,0.4867772549390793,0.5059923946857452,0.30727068454027173,0.48202832937240603,0.5507726669311523,0.4651145339012146,0.5473712408193734
2066.0,1.0,0.48663845777511594,0.5038864046335221,0.5408418649435043,0.48258001983165744,0.550749659538269,0.4626706540584564,0.5471761928556163
2067.0,1.0,0.4862120592594147,0.5051269978284836,0.30034853264689443,0.4788560163974762,0.5507146716117859,0.4601004421710968,0.5472573465889639
2068.0,1.0,0.48862383723258973,0.5046057641506195,0.33621651858091356,0.4900545567274094,0.5506678819656372,0.45741257071495056,0.5475895481240514
2069.0,1.0,0.48731412827968595,0.5044367784261703,0.37338857874274256,0.4779010534286499,0.5506094098091125,0.45461714267730713,0.5481487696387006
2070.0,1.0,0.49115229487419126,0.4979194265604019,0.605826621055603,0.482654994726181,0.5505392551422119,0.45172545313835144,0.5489119560728426
2071.0,1.0,0.49130000233650206,0.500183361172676,0.7718256866931915,0.4732660645246506,0.5504577159881592,0.44875001907348633,0.5498568678344071
2072.0,1.0,0.4881514894962311,0.4964853447675705,0.7633586084842682,0.4688056480884552,0.5503648519515991,0.44570425152778625,0.5509619197569862
2073.0,1.0,0.4866801404953003,0.5043191152811051,0.3506411828100681,0.4594938522577286,0.5502607822418213,0.4426024556159973,0.5522060164876592
2074.0,1.0,0.4851230317354202,0.5005968922376632,0.3768498688936234,0.46975883781909944,0.55014568567276,0.4394596517086029,0.5535683843933583
2075.0,1.0,0.4853165763616562,0.4997840654850006,0.8350523734092712,0.4830272454023361,0.5500196814537048,0.4362912178039551,0.5550283999807704
2076.0,1.0,0.48851690351963045,0.4971958833932877,0.5833565921336412,0.47838038444519043,0.5498829483985901,0.4331129193305969,0.5565654147285244
2077.0,1.0,0.4846011644601822,0.4938101637363434,0.3386699149012566,0.476224974989891,0.5497356057167053,0.4299405813217163,0.558158576166079
2078.0,1.0,0.4862741082906723,0.49879235565662383,0.24254985377192498,0.4563932865858078,0.5495778322219849,0.4267899692058563,0.55978664497799
2079.0,1.0,0.48977377712726594,0.49492309033870696,0.42800852239131926,0.44676061630249025,0.5494097471237183,0.42367660999298096,0.5614278078987951
2080.0,1.0,0.48865228056907656,0.49357834696769715,0.6511881423741579,0.4345308667421341,0.5492315292358398,0.42061564326286316,0.5630594861691378
2081.0,1.0,0.4827215874195099,0.4872105729579925,0.0907389401004184,0.428916500210762,0.5490432977676392,0.4176216125488281,0.564658139363388
2082.0,1.0,0.4840443575382233,0.5011063033342361,0.015617141194416035,0.44055875957012175,0.5488452911376953,0.41470852494239807,0.5661990644583597
2083.0,1.0,0.4849653851985931,0.49765771329402925,0.08223399094480556,0.45434042096138,0.5486376285552979,0.4118894934654236,0.5676561900864812
2084.0,1.0,0.48682896196842196,0.49252520859241483,0.2899719937890768,0.4685321062803268,0.5484204292297363,0.4091769754886627,0.5690018659862233
2085.0,1.0,0.48490552127361297,0.4927025920152664,0.2136207246314734,0.4708949375152588,0.5481939315795898,0.40658238530158997,0.570208470443589
2086.0,1.0,0.48460618913173675,0.4947023719549179,0.7720554745197297,0.4609161061048508,0.5479583144187927,0.40411630272865295,0.5712717858457381
2087.0,1.0,0.4892429530620575,0.4909472382068634,0.364022356942296,0.4526299899816513,0.5477136969566345,0.4017883241176605,0.5722042223537187
2088.0,1.0,0.48520413994789124,0.49552882730960846,0.05583306478831219,0.44143412411212923,0.5474602580070496,0.3996071219444275,0.5730166917547024
2089.0,1.0,0.4885168898105621,0.4988212525844574,0.04121048595043249,0.43862058222293854,0.5471981763839722,0.39758041501045227,0.5737182218461498
2090.0,1.0,0.4912952786684036,0.497207767367363,0.27188101852312685,0.4491680431365967,0.5469276309013367,0.3957149386405945,0.5743159931421928
2091.0,1.0,0.4863650894165039,0.4965017580986023,0.13478402372449635,0.4372998607158661,0.5466487407684326,0.3940166234970093,0.5748153701294996
2092.0,1.0,0.4855793571472168,0.4958656120300293,0.5866806116700173,0.4302932792901993,0.5463618040084839,0.3924905061721802,0.5752199274992904
2093.0,1.0,0.48417681217193603,0.4996571546792984,0.6264048480987549,0.4231352925300598,0.54606693983078,0.3911406993865967,0.5755314720475155
2094.0,1.0,0.48723497092723844,0.4888307702541351,0.7260533219575882,0.41137672305107115,0.5457643270492554,0.38997069001197815,0.575755864297065
2095.0,1.0,0.48595511078834536,0.491094656586647,0.20803992265369742,0.42343946158885953,0.5454540848731995,0.3889831304550171,0.5759275215125683
2096.0,1.0,0.4840128839015961,0.4946585339307785,0.016674306525455904,0.4282510209083557,0.5451365113258362,0.3881799280643463,0.5760893064093864
2097.0,1.0,0.4861456835269928,0.4937473487854004,0.036764507275511275,0.43668569982051847,0.5448117256164551,0.38756245374679565,0.5762830273179134
2098.0,1.0,0.48157397389411927,0.49295604169368745,0.0718687050169683,0.44706290304660795,0.5444799065589905,0.38713133335113525,0.5765497032107021
2099.0,1.0,0.4867057889699936,0.497207692861557,0.5594711130857468,0.4430762106180191,0.5441412329673767,0.3868866562843323,0.576929823217597
2100.0,1.0,0.4839442092180252,0.4963719385862351,0.7559589290618897,0.4573023533821106,0.5437958836555481,0.38682791590690613,0.5774635930976615
2101.0,1.0,0.4874197244644165,0.4920999664068222,0.3528875155374408,0.4487034898996353,0.5434440970420837,0.38695409893989563,0.5781911659906314
2102.0,1.0,0.4855630826950073,0.4906958901882172,0.16056820306926967,0.07089125704020262,0.543086051940918,0.38726359605789185,0.5791528546668019
2103.0,1.0,0.4853061550855637,0.49091002881526946,0.08048633188009262,0.09313690703362226,0.5427218675613403,0.38775429129600525,0.5803893225975685
2104.0,1.0,0.4878107267618179,0.496737984418869,0.1060083032771945,0.1451053090393543,0.5423517823219299,0.3884235918521881,0.5819348281315797
2105.0,1.0,0.48662719666957854,0.49417828261852265,0.1734696504846215,0.2335637503862381,0.5419759750366211,0.3892683684825897,0.583767964253127
2106.0,1.0,0.4801060837507248,0.49236652433872224,0.2288180171698332,0.45643018662929535,0.5415946245193481,0.3902848958969116,0.5858136073545097
2107.0,1.0,0.487579220533371,0.4924312072992325,0.36195804506540297,0.46033272802829744,0.5412079095840454,0.3914690315723419,0.587994396408078
2108.0,1.0,0.48365551471710205,0.49149290144443514,0.34255634382367134,0.4505253529548645,0.5408160090446472,0.3928159475326538,0.5902607447314949
2109.0,1.0,0.48551095485687257,0.4947817099094391,0.36586625009775164,0.4433733367919922,0.5404191613197327,0.3943203389644623,0.5925758116174222
2110.0,1.0,0.4868013232946396,0.4907369762659073,0.4385583147406578,0.41596206903457644,0.5400175452232361,0.3959762752056122,0.5949020045155748
2111.0,1.0,0.4841637456417084,0.49641125559806826,0.3769952657818794,0.4098715329170227,0.539611279964447,0.3977771997451782,0.5972006055386885
2112.0,1.0,0.48198062479496,0.49237167537212373,0.3855019035935402,0.4268233108520508,0.5392006039619446,0.39971593022346497,0.5994322569895871
2113.0,1.0,0.482056291103363,0.4861842089891434,0.3724603688716888,0.42983285427093504,0.5387856960296631,0.40178465843200684,0.6015759589610639
2114.0,1.0,0.48604213416576386,0.4902994954586029,0.38924349009990694,0.4168752360343933,0.5383667349815369,0.40397489070892334,0.6036300875586278
2115.0,1.0,0.4875771903991699,0.48926718294620514,0.5158345276117324,0.4277533859014511,0.537943959236145,0.40627744793891907,0.6055919476338545
2116.0,1.0,0.4870207500457764,0.4925378876924515,0.3708450910449028,0.4411510211229324,0.5375174283981323,0.4086824357509613,0.6074511564281693
2117.0,1.0,0.4845554155111313,0.49284858763217926,0.29825458347797396,0.43339831292629244,0.5370874404907227,0.4111793637275696,0.6091550806270618
2118.0,1.0,0.4824480789899826,0.4909925353527069,0.5463137781620026,0.42649405777454374,0.5366541743278503,0.41375693678855896,0.6106312043162347
2119.0,1.0,0.4794951862096786,0.49245801448822024,0.4145968833565712,0.41585020303726195,0.5362177491188049,0.4164033830165863,0.6118161082602285
2120.0,1.0,0.48107391893863677,0.4868657785654068,0.4864502251148224,0.43060065507888795,0.5357783436775208,0.419106125831604,0.6126895726868042
2121.0,1.0,0.48104644000530244,0.49171373784542083,0.3629537262022495,0.4399355000257492,0.5353362560272217,0.4218522012233734,0.613251265508751
2122.0,1.0,0.48179916858673094,0.49173601865768435,0.3832909369468689,0.4431943166255951,0.5348915457725525,0.42462798953056335,0.613497663300933
2123.0,1.0,0.4830716371536255,0.4918993014097214,0.46265138864517213,0.4470778572559357,0.5344444513320923,0.4274195730686188,0.6134210664750128
2124.0,1.0,0.4842145901918411,0.492042533159256,0.3318629214167595,0.4299032962322235,0.5339950919151306,0.4302126467227936,0.6130094598266567
2125.0,1.0,0.48258450150489807,0.48645727694034574,0.3650042209029198,0.4293448430299759,0.5335437059402466,0.4329926669597626,0.6122463664077316
2126.0,1.0,0.4808695513010025,0.49231540620326997,0.5447174963355065,0.4197421944141388,0.5330905318260193,0.4357450008392334,0.6111135245687649
2127.0,1.0,0.48429259061813357,0.4873229843378067,0.6375228846073151,0.39672505736351016,0.5326355695724487,0.43845507502555847,0.6096131582347653
2128.0,1.0,0.4846290898323059,0.49166236221790316,0.42845955803990365,0.3941869920492172,0.5321791768074036,0.44110846519470215,0.6077560558321977
2129.0,1.0,0.4775544416904449,0.48941565573215484,0.18406837671995163,0.4025092077255249,0.5317214131355286,0.44369110465049744,0.6055485816077066
2130.0,1.0,0.4767249047756195,0.4921086061000824,0.2539651321619749,0.4269469499588013,0.5312624573707581,0.44618937373161316,0.6029926685015994
2131.0,1.0,0.48454894542694094,0.4867386817932129,0.3731442642211914,0.4425811505317688,0.5308025479316711,0.44859036803245544,0.6000859208587315
2132.0,1.0,0.48085472226142884,0.4882579916715622,0.3605955323576927,0.4496340274810791,0.5303418636322021,0.4508819282054901,0.596821712598171
2133.0,1.0,0.4797253346443176,0.490029274225235,0.28410080820322037,0.4504630118608475,0.5298804640769958,0.4530528783798218,0.593189284261399
2134.0,1.0,0.4844764816761017,0.4841491848230362,0.29365817829966545,0.426551770567894,0.5294186472892761,0.4550931751728058,0.5891741013064689
2135.0,1.0,0.4764413285255432,0.48834482073783875,0.4292085605859757,0.40254069209098814,0.5289564728736877,0.456993967294693,0.584773939386281
2136.0,1.0,0.4789434063434601,0.4876593518257141,0.6271007925271987,0.3930808246135712,0.5284941792488098,0.4587477743625641,0.5800085790889113
2137.0,1.0,0.4820693498849869,0.48524739503860476,0.47546257108449935,0.3900607293844223,0.5280318856239319,0.46034854650497437,0.5748969406957656
2138.0,1.0,0.47742420971393584,0.4832048606872559,0.3542631185054779,0.39771843314170835,0.5275698304176331,0.4617917239665985,0.5694554019708136
2139.0,1.0,0.4821852791309357,0.4860356914997101,0.296913640499115,0.40818617105484006,0.5271080732345581,0.46307432651519775,0.5637146123228405
2140.0,1.0,0.47516758501529693,0.48742267847061155,0.24210411086678504,0.39692942321300506,0.5266468524932861,0.4641949236392975,0.557743317521016
2141.0,1.0,0.479273556470871,0.4856959527730942,0.2189926964044571,0.41414234280586243,0.5261862874031067,0.46515363454818726,0.5515995842727932
2142.0,1.0,0.4757242876291275,0.483806380033493,0.17271685242652893,0.42388776302337644,0.5257266163825989,0.46595215797424316,0.5453255181343621
2143.0,1.0,0.4751965814828873,0.4842533153295517,0.16716422863304614,0.41212508678436277,0.5252678990364075,0.46659359335899353,0.538961570901435
2144.0,1.0,0.48060710072517393,0.4859161603450775,0.22254704505205156,0.3896442538499832,0.5248103141784668,0.4670824706554413,0.5325468504290498
2145.0,1.0,0.4837242990732193,0.4897100532054901,0.331382032930851,0.3713871723413467,0.5243540406227112,0.4674246907234192,0.5261193948037501
2146.0,1.0,0.4812630575895309,0.48212311387062073,0.5968216389417649,0.384635346531868,0.5238991975784302,0.46762722730636597,0.5197164669762699
2147.0,1.0,0.4809903824329376,0.4897914659976959,0.6729239100217819,0.3987632471323013,0.5234459638595581,0.46769821643829346,0.5133748657826835
2148.0,1.0,0.4777986216545105,0.4855739372968674,0.49959934413433077,0.38417844533920287,0.5229945182800293,0.46764662861824036,0.5071312497123444
2149.0,1.0,0.4760941952466965,0.4807264256477356,0.37113193958997726,0.393570784330368,0.5225449800491333,0.4674823582172394,0.5010224703434096
2150.0,1.0,0.481515736579895,0.48160783529281614,0.40829218611121176,0.38558029115200043,0.5220974087715149,0.46721580624580383,0.495085913008257
2151.0,1.0,0.483820675611496,0.48754591643810274,0.32691949009895327,0.3786654484272003,0.521652102470398,0.46685799956321716,0.48935984293036583
2152.0,1.0,0.4771427828073502,0.48409101605415344,0.2729433449357748,0.37159705519676206,0.5212091207504272,0.4664202332496643,0.4838835560409116
2153.0,1.0,0.48235222458839416,0.48596234023571017,0.3472495673596859,0.35477559685707094,0.5207686424255371,0.46591416001319885,0.47868005696827964
2154.0,1.0,0.47492333948612214,0.4837949705123901,0.4594778949022293,0.37978167116642,0.5203307271003723,0.4653514325618744,0.47374238743761765
2155.0,1.0,0.4799175518751144,0.48048660039901736,0.6447632545232773,0.4234848380088806,0.519895613193512,0.4647437334060669,0.4690621759128888
2156.0,1.0,0.47281544029712674,0.4812870234251022,0.1998539586365223,0.4312599056959152,0.5194633603096008,0.4641026556491852,0.4646330093011528
2157.0,1.0,0.4836959993839264,0.48274094343185425,0.28191957794129846,0.42708306074142455,0.5190341472625732,0.46343961358070374,0.4604505418174938
2158.0,1.0,0.47067596077919005,0.47435716569423675,0.3133872523903847,0.4311401790380478,0.5186080932617188,0.462765634059906,0.4565126022853718
2159.0,1.0,0.48337008953094485,0.4850234544277191,0.5189698749780655,0.45249186873435976,0.5181853175163269,0.46209147572517395,0.45281930091428535
2160.0,1.0,0.4801467353105545,0.4873791301250458,0.48311961352825167,0.4462021821737289,0.517765998840332,0.4614274799823761,0.44937313650906674
2161.0,1.0,0.47643064498901366,0.47994918406009673,0.32567361325025557,0.44013215124607086,0.5173501968383789,0.4607833921909332,0.4461791048393735
2162.0,1.0,0.4736166363954544,0.4834303069114685,0.27109441354870795,0.4157271033525467,0.5169380903244019,0.46016860008239746,0.4432448085837848
2163.0,1.0,0.4814963430166245,0.482950986623764,0.4163144749403,0.3995823049545288,0.5165297389030457,0.4595918357372284,0.4405750168459832
2164.0,1.0,0.4754507684707642,0.48222963452339174,0.2905269804224372,0.4170143610239029,0.5161253213882446,0.45906129479408264,0.4381458040841295
2165.0,1.0,0.47605170488357545,0.4779627430438995,0.09127944265608676,0.4255503785610199,0.5157249569892883,0.45858463644981384,0.4359248625627856
2166.0,1.0,0.477610759139061,0.47919201374053955,0.07919085904024542,0.4214540243148804,0.5153287649154663,0.4581688642501831,0.43388240622567764
2167.0,1.0,0.47557277023792266,0.4789942866563797,0.39087526850402354,0.41389898359775545,0.5149368047714233,0.45782041549682617,0.4319910147734589
2168.0,1.0,0.47334316730499265,0.48046748638153075,0.24182468660175802,0.4245418983697891,0.5145492553710938,0.45754513144493103,0.4302254720488463
2169.0,1.0,0.47549581885337827,0.4824174493551254,0.26919473439455033,0.4392007768154144,0.5141661763191223,0.4573482573032379,0.4285626116003982
2170.0,1.0,0.4778962641954422,0.4815691488981247,0.5002123427391052,0.4198434865474701,0.5137877464294434,0.45723453164100647,0.4269811693478971
2171.0,1.0,0.4803046202659607,0.4776074820756912,0.6962887609004974,0.42779976725578306,0.5134139657020569,0.4572080075740814,0.425461642599231
2172.0,1.0,0.4792368119955063,0.47213872373104093,0.6893994462490082,0.44522727727890016,0.513045072555542,0.45727235078811646,0.4239861539258527
2173.0,1.0,0.4773442888259888,0.4728773504495621,0.6290321660041809,0.45410938262939454,0.5126810669898987,0.4574306011199951,0.42253930943741125
2174.0,1.0,0.47259467482566836,0.477884446978569,0.6121876120567322,0.4262841671705246,0.5123221278190613,0.45768532156944275,0.4211348549674483
2175.0,1.0,0.47733231127262116,0.47714475214481356,0.25847972325515,0.40160124957561494,0.5119682550430298,0.4580385982990265,0.41981708175202925
2176.0,1.0,0.4729421544075012,0.4788090419769287,0.18701332066208123,0.4050299715995789,0.5116196870803833,0.45849210023880005,0.4186035017381755
2177.0,1.0,0.4739977389574051,0.4808358669281006,0.28599122300744056,0.4218590307235718,0.511276364326477,0.45904698967933655,0.41746464959300056
2178.0,1.0,0.47511875748634336,0.478987004160881,0.2000560477748513,0.4413371104001999,0.5109385251998901,0.45970404148101807,0.4163620215201149
2179.0,1.0,0.4732879835367203,0.4740386527776718,0.20896099098026752,0.43243124127388,0.5106061697006226,0.46046364307403564,0.41525855024406155
2180.0,1.0,0.4712462657690048,0.4754316681623459,0.26127555310726164,0.4229470956325531,0.5102793574333191,0.4613257646560669,0.41411841713670583
2181.0,1.0,0.4794681137800217,0.47857982993125914,0.27441344648599625,0.40847857654094694,0.5099582672119141,0.4622900187969208,0.4129068512459355
2182.0,1.0,0.4734553956985474,0.4719439882040024,0.3101665019989014,0.4324005311727524,0.5096429586410522,0.46335574984550476,0.41159295964575904
2183.0,1.0,0.4733485496044159,0.47362747371196745,0.32683990433812143,0.46371194422245027,0.5093334913253784,0.4645218253135681,0.4101819752283973
2184.0,1.0,0.4743774002790451,0.47621823370456695,0.15751324530690908,0.45697691917419436,0.5090299248695374,0.4657869040966034,0.408702652994009
2185.0,1.0,0.47845656275749204,0.4765700960159302,0.1528697344660759,0.44492941558361054,0.5087323784828186,0.4671492576599121,0.4071848161604237
2186.0,1.0,0.4747159957885742,0.4752996063232422,0.30021317467093467,0.46303457736968995,0.5084409713745117,0.4686068892478943,0.4056592251508846
2187.0,1.0,0.47163769364356994,0.4733675539493561,0.40855377823114397,0.4632809269428253,0.5081556439399719,0.4701574742794037,0.4041578497069054
2188.0,1.0,0.4716556864976883,0.4734343385696411,0.3392471307516098,0.4704880940914154,0.5078765749931335,0.4717983901500702,0.4027141554426521
2189.0,1.0,0.47366819441318514,0.4717888826131821,0.4662075036764145,0.4603355836868286,0.5076038241386414,0.4735266864299774,0.4013634053527255
2190.0,1.0,0.47424599170684817,0.4746003085374832,0.3784249205887318,0.4460396945476532,0.5073374509811401,0.47533920407295227,0.40014297674036925
2191.0,1.0,0.47249720990657806,0.47716568410396576,0.46559530079364775,0.43218700766563417,0.5070774555206299,0.4772323668003082,0.3990926939651729
2192.0,1.0,0.4731936490535736,0.4749695485830307,0.47222514301538465,0.45524011969566347,0.5068240165710449,0.47920238971710205,0.39825517731136983
2193.0,1.0,0.4693342024087906,0.47337060153484345,0.41599767804145815,0.49402990579605105,0.5065770745277405,0.4812450706958771,0.3976762081228742
2194.0,1.0,0.4771621924638748,0.4711102998256683,0.4072327083349228,0.4931767350435257,0.5063367486000061,0.48335596919059753,0.39740309998850876
2195.0,1.0,0.472100967168808,0.47280554175376893,0.5237873709201812,0.46729072272777555,0.5061030983924866,0.48553037643432617,0.3974628442921073
2196.0,1.0,0.4721990710496902,0.4710240077972412,0.4970727467536926,0.4538549667596817,0.5058761835098267,0.4877631366252899,0.39787039385427647
2197.0,1.0,0.4735663402080536,0.47242124676704406,0.41311077535152435,0.4708060300350189,0.5056560039520264,0.490048885345459,0.39863120923394035
2198.0,1.0,0.4742166888713837,0.4688038736581802,0.2110582885146141,0.48662256717681884,0.5054426789283752,0.49238190054893494,0.3997288703698416
2199.0,1.0,0.46992215275764465,0.47445816814899444,0.12515858493745327,0.47330318510532376,0.5052362084388733,0.49475616216659546,0.4011480082152161
2200.0,1.0,0.4701759570837021,0.4654344183206558,0.12715144671499728,0.45812067747116086,0.5050366520881653,0.4971652626991272,0.4028771398933486
2201.0,1.0,0.47404601097106935,0.4689649021625519,0.3023107548058033,0.4774773293733597,0.5048440098762512,0.49960264563560486,0.4049085132262462
2202.0,1.0,0.4764581149816513,0.4691274398565292,0.3924707445502281,0.4747112840414047,0.5046584010124207,0.5020613074302673,0.40723795251369665
2203.0,1.0,0.47404317259788514,0.47294465839862826,0.3523819327354431,0.44999718785285947,0.5044797658920288,0.5045340657234192,0.40986470361477245
2204.0,1.0,0.4743042945861816,0.47220402836799624,0.2692197805643082,0.47662038803100587,0.5043082237243652,0.5070135593414307,0.4127907424704915
2205.0,1.0,0.4714089888334274,0.4716427981853485,0.44336946070194244,0.4974384784698486,0.5041437149047852,0.5094919800758362,0.41598828494011286
2206.0,1.0,0.4767163950204849,0.4757549232244492,0.42002375185489654,0.5224388194084167,0.5039863586425781,0.5119615197181702,0.41938373532880746
2207.0,1.0,0.4744731318950653,0.4679495531320572,0.299276604950428,0.5373538953065872,0.5038361549377441,0.5144142508506775,0.4229368549488868
2208.0,1.0,0.47535593569278717,0.46647172451019286,0.3366320589184761,0.5254399800300598,0.5036931037902832,0.5168419480323792,0.42663219536342467
2209.0,1.0,0.4753553622961044,0.47128515362739565,0.329637294113636,0.5036475104093552,0.5035572648048401,0.5192364454269409,0.4304566914600656
2210.0,1.0,0.47369074761867525,0.4722468012571335,0.35560277312994004,0.5173447471857071,0.50342857837677,0.5215895771980286,0.4343991625348025
2211.0,1.0,0.4649881410598755,0.4702365010976791,0.3474420654773712,0.5389599269628524,0.5033071637153625,0.5238931179046631,0.43844979508344295
2212.0,1.0,0.47342642307281496,0.4685214251279831,0.4478854562342167,0.5320871639251709,0.5031929612159729,0.5261391401290894,0.4425818400124797
2213.0,1.0,0.46760677099227904,0.46306389689445493,0.39886483490467073,0.5005494219064712,0.5030859708786011,0.5283195972442627,0.4467428792585366
2214.0,1.0,0.4673021936416626,0.47034003615379333,0.3711049622297287,0.49202353358268736,0.5029862523078918,0.5304269790649414,0.45087941265369125
2215.0,1.0,0.4659166693687439,0.467818518280983,0.3517238786816597,0.5095984023809433,0.5028938055038452,0.5324538350105286,0.4549586041476914
2216.0,1.0,0.47038616240024567,0.4652691501379013,0.37844980746507645,0.5290147751569748,0.5028086304664612,0.5343931913375854,0.4589837868244615
2217.0,1.0,0.4687109333276749,0.467370126247406,0.48886378765106203,0.5511291158199311,0.5027307271957397,0.5362384915351868,0.4629625038702869
2218.0,1.0,0.46162949085235594,0.47028905153274536,0.6678120452165603,0.5396725642681122,0.5026600956916809,0.5379837155342102,0.46690281081917817
2219.0,1.0,0.46696431398391725,0.4664865493774414,0.690540417432785,0.4937989920377731,0.5025966763496399,0.5396232008934021,0.47081321400228404
2220.0,1.0,0.470307195186615,0.4688106280565262,0.5312144041061402,0.44985651433467866,0.5025405287742615,0.5411521792411804,0.47470260957764054
2221.0,1.0,0.470744896531105,0.46773138642311096,0.326800057888031,0.4778271746635437,0.5024915933609009,0.5425664186477661,0.4785792396234214
2222.0,1.0,0.4669352799654007,0.4623184084892273,0.24122978433966635,0.5326584947109222,0.5024499297142029,0.5438622832298279,0.4824270532432422
2223.0,1.0,0.46522667109966276,0.46471172392368315,0.3379497903585434,0.5546391201019287,0.5024154782295227,0.5450369715690613,0.4862044727282715
2224.0,1.0,0.4684353893995285,0.46132252752780917,0.5088825380802154,0.5587659668922424,0.5023881793022156,0.5460885763168335,0.4898685483790679
2225.0,1.0,0.4696718281507492,0.4649909430742264,0.5849964278936386,0.5433615922927857,0.5023680925369263,0.5470157265663147,0.4933757926329463
2226.0,1.0,0.4648077267408371,0.4658717447519302,0.467963707447052,0.5203260725736618,0.50235515832901,0.5478180646896362,0.4966817979206697
2227.0,1.0,0.46112869799137113,0.46283367812633514,0.23553830102086068,0.5015297311544419,0.5023493766784668,0.548495888710022,0.4997408480613733
2228.0,1.0,0.47175466537475585,0.4606041777133942,0.18523509185761214,0.5081080758571624,0.5023506879806519,0.5490503907203674,0.5025078159505636
2229.0,1.0,0.46789228975772856,0.46585999011993406,0.1936938987672329,0.5513078874349594,0.5023590326309204,0.5494834184646606,0.5049659967974112
2230.0,1.0,0.4632774716615677,0.46149556934833524,0.15166923021897674,0.5684860265254974,0.5023744702339172,0.5497976541519165,0.507118171975474
2231.0,1.0,0.4690440344810486,0.4688519835472107,0.2703388724476099,0.5548070967197418,0.5023968815803528,0.5499963760375977,0.5089653730485786
2232.0,1.0,0.4643002104759216,0.46533496081829073,0.3678576895594597,0.5245535123348236,0.502426266670227,0.550083577632904,0.5105063519020554
2233.0,1.0,0.4653693288564682,0.45944894552230836,0.3462118962407112,0.5326252645254135,0.5024625658988953,0.5500637888908386,0.5117385250209239
2234.0,1.0,0.4689294993877411,0.4635608899593353,0.4168529585003853,0.5545079517364502,0.5025057792663574,0.549942135810852,0.5126821109697985
2235.0,1.0,0.4673900234699249,0.46118007123470306,0.2957469907402992,0.5597120213508606,0.5025558471679688,0.5497242212295532,0.5133814267043704
2236.0,1.0,0.4675038933753967,0.4553758704662323,0.46909762918949127,0.5326769298315048,0.5026126503944397,0.5494159460067749,0.5138800850979273
2237.0,1.0,0.46504261493682864,0.4565087389945984,0.7323906236886978,0.530827260017395,0.5026761889457703,0.5490236878395081,0.5142200525092591
2238.0,1.0,0.46350664377212525,0.45285994946956637,0.8078612685203552,0.5624797213077545,0.5027464628219604,0.5485538840293884,0.5144419458072313
2239.0,1.0,0.4660442262887955,0.4600991952419281,0.5837300831079483,0.5666659951210022,0.5028233528137207,0.54801344871521,0.5145813518755844
2240.0,1.0,0.46788824260234835,0.4597323417663574,0.38201089173555375,0.5604378139972687,0.5029067993164062,0.5474090576171875,0.5146384986332713
2241.0,1.0,0.46405555307865143,0.45544676065444945,0.30933830052614214,0.5364242762327194,0.5029968023300171,0.5467478036880493,0.5145950350478863
2242.0,1.0,0.46997804880142213,0.45582244455814364,0.25236025869846346,0.5100862890481949,0.5030932426452637,0.5460365414619446,0.514431514845235
2243.0,1.0,0.46604335844516753,0.46277354180812835,0.3073797842860222,0.5135807329416275,0.5031960010528564,0.5452821850776672,0.5141274074162148
2244.0,1.0,0.4662254047393799,0.45820831537246703,0.34382644258439543,0.532668201327324,0.5033051371574402,0.5444914102554321,0.51366096616918
2245.0,1.0,0.46093066930770876,0.459226393699646,0.26698917988687754,0.5356491506099701,0.5034205317497253,0.5436709523200989,0.513017885309349
2246.0,1.0,0.46455312430858614,0.45504364252090457,0.13849428556859494,0.5076527106761932,0.5035420656204224,0.5428271293640137,0.5122181637827339
2247.0,1.0,0.46235761165618894,0.45084030628204347,0.08705686863511801,0.49679116129875184,0.5036696791648865,0.5419661998748779,0.5112896191706859
2248.0,1.0,0.46505137205123903,0.4511984384059906,0.10254644171334804,0.5228703570365906,0.5038033723831177,0.5410940647125244,0.5102590334052053
2249.0,1.0,0.4640477281808853,0.45509310126304625,0.22417531102895738,0.5425089180469513,0.5039429664611816,0.5402164459228516,0.5091523670329146
2250.0,1.0,0.4609893691539764,0.4557205367088318,0.30050904899835584,0.5356816357374191,0.5040884017944336,0.5393387079238892,0.507997424337109
2251.0,1.0,0.46336382150650024,0.45981899976730345,0.37742627307772636,0.543761932849884,0.5042396783828735,0.5384659767150879,0.5068393688230532
2252.0,1.0,0.46244093716144563,0.45207443594932556,0.47586783349514006,0.5752491581439972,0.5043965578079224,0.5376030206680298,0.505707288034646
2253.0,1.0,0.4576650333404541,0.4597300958633423,0.5139179688692093,0.5766139984130859,0.5045590996742249,0.5367544293403625,0.5046241858739648
2254.0,1.0,0.45868956387043,0.4550063002109528,0.2897288269549608,0.5617063456773758,0.5047270655632019,0.5359244346618652,0.503613032960474
2255.0,1.0,0.4665045636892319,0.45507956087589263,0.26946630865335464,0.561438609957695,0.5049005150794983,0.535116970539093,0.5026785311368318
2256.0,1.0,0.45897811114788056,0.4545197004079819,0.5205477088689804,0.5630092191696167,0.5050792694091797,0.534335732460022,0.5017927377480627
2257.0,1.0,0.458983941078186,0.45480903923511506,0.5955178308486938,0.543116409778595,0.5052632093429565,0.5335841774940491,0.5009246081844463
2258.0,1.0,0.4616962492465973,0.45311290442943575,0.7326160818338394,0.5083073073625565,0.5054522752761841,0.5328655242919922,0.5000432136218224
2259.0,1.0,0.4628191542625427,0.45731224596500397,0.7154401928186417,0.4698034811019898,0.5056463479995728,0.5321826934814453,0.49911755060094976
2260.0,1.0,0.45925075113773345,0.4523703843355179,0.5334687316417694,0.4713059610128403,0.505845308303833,0.5315384864807129,0.4981163847325383
2261.0,1.0,0.45765164256095886,0.45906443417072296,0.5117445015907287,0.5181412714719772,0.5060490965843201,0.5309354066848755,0.4970222112426512
2262.0,1.0,0.45961209535598757,0.4543288862705231,0.4090236759185791,0.572186958193779,0.5062575340270996,0.5303758978843689,0.4958521155330846
2263.0,1.0,0.45745438456535337,0.4546037769317627,0.34847504168748855,0.5871522128582001,0.5064705610275269,0.5298619866371155,0.49462793813839134
2264.0,1.0,0.4611137092113495,0.45179753124713895,0.24468395203351975,0.5758552968502044,0.5066880583763123,0.5293957591056824,0.4933710742736981
2265.0,1.0,0.4612334895133972,0.448041627407074,0.28821360126137735,0.5697196996212006,0.5069099068641663,0.5289789438247681,0.49210265902578243
2266.0,1.0,0.450425306558609,0.4500985586643219,0.6979627859592438,0.5709279799461364,0.5071359872817993,0.5286131501197815,0.49084375649325906
2267.0,1.0,0.4603166854381561,0.4493598401546478,0.7786024564504623,0.540699605345726,0.5073661804199219,0.528299868106842,0.4896155520162573
2268.0,1.0,0.45743180453777316,0.45044981777668,0.6342152971029281,0.5316336160898208,0.5076003074645996,0.5280402302742004,0.48843954677017365
2269.0,1.0,0.4595834344625473,0.4513736647367477,0.5473654013872147,0.5342806470394135,0.5078383684158325,0.5278353691101074,0.48733775411742286
2270.0,1.0,0.45329362869262696,0.4486476558446884,0.42979778707027433,0.5739408016204834,0.5080800652503967,0.5276860594749451,0.48633289720897466
2271.0,1.0,0.45497932612895964,0.45273551642894744,0.3274265080690384,0.597734375,0.508325457572937,0.5275929570198059,0.4854486074080704
2272.0,1.0,0.45764627516269685,0.45224238216876983,0.4076673889160156,0.5933185625076294,0.5085743069648743,0.5275564193725586,0.4847052962686682
2273.0,1.0,0.4577662390470505,0.4498403424024582,0.4825178986787796,0.5410151845216751,0.508826494216919,0.5275765657424927,0.4840914208125753
2274.0,1.0,0.45530387938022615,0.4511427527666092,0.4894413775205612,0.4880295544862747,0.5090818405151367,0.5276532769203186,0.48358123139114184
2275.0,1.0,0.45534699738025664,0.44307996034622193,0.4633436208963394,0.5272819167375564,0.5093403458595276,0.527786135673523,0.48314988779515033
2276.0,1.0,0.4567075341939926,0.4507562464475632,0.5266141259670257,0.5845494103431702,0.5096017122268677,0.5279744863510132,0.48277336886761546
2277.0,1.0,0.4534750938415527,0.44637472212314605,0.5889682757854462,0.5934310829639435,0.509865939617157,0.5282173752784729,0.4824282996663989
2278.0,1.0,0.45691691756248476,0.4506129628419876,0.6003034901618958,0.5770428347587585,0.5101327896118164,0.528513491153717,0.48209178058144886
2279.0,1.0,0.45475554168224336,0.45062868237495424,0.6682261949777604,0.5614336431026459,0.5104021430015564,0.5288611650466919,0.48174121917247703
2280.0,1.0,0.4603745150566101,0.4401607495546341,0.6051255387067794,0.5475962126255035,0.5106739401817322,0.5292585492134094,0.4813541655632321
2281.0,1.0,0.4524341040849686,0.4428311216831207,0.5898779720067978,0.5425608718395233,0.5109478831291199,0.5297033190727234,0.48090815228869843
2282.0,1.0,0.45195997655391695,0.4427222394943237,0.5554673606157303,0.5501472592353821,0.5112239122390747,0.5301929712295532,0.4803805395441785
2283.0,1.0,0.4541809469461441,0.4387766140699387,0.44270205318927763,0.5550922441482544,0.5115019083023071,0.5307245850563049,0.4797483668045217
2284.0,1.0,0.45312527656555174,0.4410657697916031,0.3574279996752739,0.53778060734272,0.5117816925048828,0.5312948822975159,0.47898821173562567
2285.0,1.0,0.45665501594543456,0.4474896734952927,0.32491857260465623,0.5692029690742493,0.5120630264282227,0.5319003462791443,0.47807605715016166
2286.0,1.0,0.4579455983638763,0.4480524504184723,0.3946450170874596,0.5696692824363708,0.5123459100723267,0.5325372815132141,0.4769856627808693
2287.0,1.0,0.45172378957271575,0.44266301453113555,0.5088141891360283,0.5459431558847427,0.512630045413971,0.5332015156745911,0.47566295389757585
2288.0,1.0,0.44773492991924285,0.43995091021060945,0.5526986420154572,0.5320797741413117,0.5129153728485107,0.5338888168334961,0.4740413434631918
2289.0,1.0,0.4530348664522171,0.44559976160526277,0.5943035382032394,0.5406106144189835,0.5132017135620117,0.5345945954322815,0.47212463299446483
2290.0,1.0,0.44716609418392184,0.44566104173660276,0.5285701149702072,0.5445459353923797,0.5134888887405396,0.53531414270401,0.46994479807440825
2291.0,1.0,0.45361283600330354,0.44016744136810304,0.4668221464753151,0.5436881923675537,0.5137767791748047,0.5360426306724548,0.46753263742042606
2292.0,1.0,0.45259230077266693,0.43809368193149567,0.5009994879364967,0.5642858064174652,0.514065146446228,0.5367751717567444,0.46491782342212673
2293.0,1.0,0.45074025213718416,0.43384407460689545,0.6685733079910279,0.5813669884204864,0.51435387134552,0.537506639957428,0.46212915097993346
2294.0,1.0,0.4522527796030045,0.4459529650211334,0.5895470958948136,0.5777506601810455,0.5146427750587463,0.5382320284843445,0.4591947918895585
2295.0,1.0,0.4543795508146286,0.4391816943883896,0.5097521066665649,0.5615393662452698,0.5149317383766174,0.5389463901519775,0.4561425504338388
2296.0,1.0,0.44627262830734254,0.4363010001182556,0.4376936569809914,0.5576194274425507,0.5152205228805542,0.5396447777748108,0.453000115149905
2297.0,1.0,0.4448572760820389,0.44121279776096345,0.41588535577058794,0.5931498980522156,0.5155090689659119,0.5403223633766174,0.44980105516074786
2298.0,1.0,0.45016497135162353,0.43782998383045196,0.36695271015167236,0.610694351196289,0.5157970786094666,0.5409745573997498,0.4466172329074283
2299.0,1.0,0.4532771772146225,0.4309229123592377,0.4150263407826424,0.5826090168952942,0.5160844326019287,0.5415968894958496,0.44351997678914756
2300.0,1.0,0.44845992267131807,0.4377050220966339,0.5058570349216461,0.5440317356586456,0.516370952129364,0.542185366153717,0.4405523499997628
2301.0,1.0,0.44782870292663574,0.43196475207805635,0.5802256458997727,0.4982621866464615,0.5166565179824829,0.5427360534667969,0.43775588219149597
2302.0,1.0,0.4486891919374466,0.4401680779457092,0.6631233930587769,0.5027285611629486,0.5169408917427063,0.5432456135749817,0.4351739447877776
2303.0,1.0,0.4479105889797211,0.43782125174999237,0.6616251558065415,0.5119895106554031,0.5172239542007446,0.5437109470367432,0.4328515864481801
2304.0,1.0,0.4430734831094742,0.4397369492053986,0.6001277858018875,0.5142608886957168,0.5175054669380188,0.5441294312477112,0.43081641962010053
2305.0,1.0,0.44073885440826416,0.4316690653562546,0.5748450005054474,0.5368852001428605,0.5177852511405945,0.5444989800453186,0.4290737734107779
2306.0,1.0,0.44295984268188476,0.42882445752620696,0.4123345449566841,0.5505260258913041,0.5180632472038269,0.5448178052902222,0.4276305005013512
2307.0,1.0,0.4470009511709213,0.441911044716835,0.39947166085243224,0.5361716705560684,0.5183390974998474,0.5450847744941711,0.42649669357945186
2308.0,1.0,0.4437734949588776,0.43856737196445467,0.4878062477707863,0.5652970093488693,0.518612802028656,0.545299232006073,0.42568578375872335
2309.0,1.0,0.4399125462770462,0.4348778373003006,0.5275287061929703,0.5953296315670014,0.518884003162384,0.5454610586166382,0.42521462790304554
2310.0,1.0,0.44374683260917663,0.43545080840587613,0.5172369813919068,0.608179966211319,0.5191527009010315,0.5455704927444458,0.42510184682879526
2311.0,1.0,0.44388182044029234,0.43022409081459045,0.5363701909780503,0.5895671045780182,0.5194185376167297,0.5456284284591675,0.4253501398985975
2312.0,1.0,0.44849449396133423,0.4397356599569321,0.2713011176884174,0.535691664814949,0.5196815133094788,0.5456361174583435,0.42595577004584584
2313.0,1.0,0.4444520080089569,0.4353825670480728,0.26446721494197845,0.4970975625514984,0.5199412703514099,0.5455954074859619,0.42691880967913676
2314.0,1.0,0.4426724362373352,0.42869679152965545,0.2205800637602806,0.4905851918458939,0.5201976895332336,0.5455083250999451,0.4282430425175221
2315.0,1.0,0.43938023030757906,0.4403006988763809,0.33326521337032317,0.5412072134017945,0.5204506516456604,0.5453774929046631,0.4299344433898824
2316.0,1.0,0.43973975121974945,0.4232153970003128,0.4812203302979469,0.570446960926056,0.5206999182701111,0.5452057719230652,0.43197795587369114
2317.0,1.0,0.4456902611255646,0.42929610192775725,0.48817025661468505,0.5684395390748977,0.5209452509880066,0.5449962615966797,0.434342579603765
2318.0,1.0,0.43783371686935424,0.43659655034542083,0.4978301554918289,0.5788237285614014,0.5211865305900574,0.544752299785614,0.43700031300396347
2319.0,1.0,0.44151477873325345,0.4380681002140045,0.5422456449270249,0.5927020013332367,0.5214235782623291,0.5444774627685547,0.4399264617611891
2320.0,1.0,0.44346320927143096,0.43341651260852815,0.49559506952762605,0.591573258638382,0.5216561555862427,0.544175386428833,0.44309941045518997
2321.0,1.0,0.4377839255332947,0.4224335080385208,0.5604998952150345,0.5640173077583313,0.5218841433525085,0.5438498258590698,0.44650039900150773
2322.0,1.0,0.44029554903507234,0.42388407051563265,0.5746525555849076,0.5746574449539185,0.5221072435379028,0.5435043573379517,0.4501133050719659
2323.0,1.0,0.4311438137292862,0.4248454862833023,0.40241309091448785,0.5853982841968537,0.5223253965377808,0.5431426167488098,0.4539244330840546
2324.0,1.0,0.4332845503091812,0.4367432808876038,0.28124049454927447,0.5579838454723358,0.5225383043289185,0.5427682399749756,0.45792230980626414
2325.0,1.0,0.4306066036224365,0.4305258923768997,0.3154831850528717,0.5528954720497131,0.5227458477020264,0.5423843860626221,0.4620974861727376
2326.0,1.0,0.4376369094848633,0.4278482121229172,0.24647378869354725,0.5277339959144592,0.5229477882385254,0.5419942140579224,0.46644234452659816
2327.0,1.0,0.44080068230628966,0.4292111450433731,0.3221533989906311,0.5063101208209991,0.5231439471244812,0.5416005253791809,0.4709509102581819
2328.0,1.0,0.4337074112892151,0.4279178249835968,0.5507724815607071,0.518695763349533,0.5233341455459595,0.541205883026123,0.4756186666722684
2329.0,1.0,0.44027344048023226,0.4198327887058258,0.5911989861726761,0.5423325824737549,0.5235182046890259,0.5408123135566711,0.48044237194439887
2330.0,1.0,0.4190081548690796,0.4338964456319809,0.4895259642601013,0.5512126994132995,0.5236958861351013,0.5404216051101685,0.4854198772311378
2331.0,1.0,0.4363293266296387,0.4229129135608673,0.32105673391371964,0.5327197742462159,0.5238670706748962,0.5400350689888,0.4905499454285476
2332.0,1.0,0.4317131978273392,0.42761649668216706,0.37160503927618266,0.5070316982269287,0.5240314602851868,0.5396536588668823,0.4958320707639148
2333.0,1.0,0.4274538022279739,0.4262684470415115,0.5641219037771225,0.5481163018941879,0.5241889357566833,0.5392777919769287,0.5012663004212294
2334.0,1.0,0.4337067341804504,0.4265587455034256,0.5975702029466629,0.553340602517128,0.5243393182754517,0.538907527923584,0.506853060781415
2335.0,1.0,0.42254326343536375,0.4358518427610397,0.589233614206314,0.5503994899988175,0.5244823694229126,0.5385423302650452,0.5125837977483378
2336.0,1.0,0.4303949511051178,0.4216990584135056,0.4203873643279076,0.5467921340465546,0.5246179699897766,0.5381813645362854,0.5184139229608604
2337.0,1.0,0.43794108629226686,0.41748751819133756,0.26553924426436426,0.5422553527355194,0.5247458219528198,0.5378233790397644,0.5243126663627677
2338.0,1.0,0.43488923490047454,0.42444637179374695,0.11000123381614685,0.5284952145814895,0.5248657464981079,0.5374665260314941,0.5302519402017793
2339.0,1.0,0.43518342196941373,0.41852985858917235,0.041518773721186335,0.5201178908348083,0.5249776244163513,0.537108838558197,0.5361755028926893
2340.0,1.0,0.42738044798374175,0.42205761313438417,0.04973227453625441,0.5060173940658569,0.525081217288971,0.5367476940155029,0.5420253752875226
2341.0,1.0,0.42350189208984373,0.4320288068056107,0.2556501955538988,0.5250764244794845,0.5251763463020325,0.5363804697990417,0.5477432940824798
2342.0,1.0,0.41736739456653593,0.4243847405910492,0.4059408789873123,0.5455588263273239,0.5252627730369568,0.5360040068626404,0.5532703330040221
2343.0,1.0,0.4259946125745773,0.42291327834129333,0.29684387758374214,0.5369521719217301,0.5253403782844543,0.535615086555481,0.5585465791438793
2344.0,1.0,0.43159248113632204,0.40969335377216337,0.5209116405248642,0.5326665639877319,0.525408923625946,0.5352100729942322,0.5635256793440107
2345.0,1.0,0.437322718501091,0.42376073837280276,0.5460360282659531,0.5435212326049804,0.5254682302474976,0.5347853899002075,0.5682128418154804
2346.0,1.0,0.43086452841758727,0.4130990785360336,0.4138645324110985,0.5422180008888244,0.5255180597305298,0.5343371629714966,0.5726374186597241
2347.0,1.0,0.42456234395504,0.42620739340782166,0.3254687836766243,0.5617212975025176,0.5255582332611084,0.5338616371154785,0.5768272308256428
2348.0,1.0,0.42581674993038177,0.42021070659160614,0.348022183328867,0.5639739722013474,0.5255886316299438,0.5333548188209534,0.5808076347724125
2349.0,1.0,0.42067225396633146,0.4114291286468506,0.49080329447984694,0.5497815209627152,0.525609016418457,0.5328128933906555,0.5846015294621054
2350.0,1.0,0.4218013733625412,0.41380598068237306,0.38700733095407486,0.4920964390039444,0.5256191492080688,0.5322319269180298,0.5882293729390256
2351.0,1.0,0.42610753774642945,0.4100977337360382,0.36137339025735854,0.46101398169994356,0.5256189107894897,0.5316083431243896,0.5917092039698559
2352.0,1.0,0.4253894227743149,0.4208224481344223,0.3782312873005867,0.4793707150220871,0.5256080627441406,0.5309383869171143,0.5950566646275206
2353.0,1.0,0.415178285241127,0.407471097111702,0.3164939504861832,0.48512175619602205,0.5255864262580872,0.5302186012268066,0.5982850202450436
2354.0,1.0,0.41892767369747164,0.4024700516462326,0.288293280005455,0.5473797583580017,0.525553822517395,0.5294458270072937,0.6014051738075352
2355.0,1.0,0.40839406967163083,0.40914043843746184,0.32790490984916687,0.5774038982391357,0.5255100131034851,0.5286169648170471,0.604425672522126
2356.0,1.0,0.41391468942165377,0.4258516353368759,0.4363595205545425,0.5775514698028564,0.5254548788070679,0.5277291536331177,0.6073527049962024
2357.0,1.0,0.4209391748905182,0.4087580323219299,0.4495713931322098,0.5770073187351227,0.525388240814209,0.5267800092697144,0.610190088144634
2358.0,1.0,0.4107606393098831,0.4111106604337692,0.2362310056760907,0.5659560585021972,0.5253098011016846,0.5257671475410461,0.6129392436658065
2359.0,1.0,0.41371938288211824,0.42015444099903104,0.23475992165505885,0.5749591970443726,0.5252195000648499,0.524688720703125,0.6155991646416226
2360.0,1.0,0.41664103627204896,0.40405836939811707,0.4481584584712982,0.5678994607925415,0.525117039680481,0.5235430598258972,0.6181663735812606
2361.0,1.0,0.4084544342756271,0.40610125839710237,0.5475911229848862,0.5720414590835571,0.5250023007392883,0.5223289728164673,0.6206348740123531
2362.0,1.0,0.41125990271568297,0.4082533633708954,0.44636738777160645,0.564308168888092,0.5248751044273376,0.5210453867912292,0.6229960985419325
2363.0,1.0,0.4127415442466736,0.4238830953836441,0.2907680429518223,0.5585177087783814,0.5247352123260498,0.5196918845176697,0.6252388827385857
2364.0,1.0,0.4150960910320282,0.4138575130701065,0.4308930879831314,0.5395525884628296,0.5245825052261353,0.5182681083679199,0.6273594958754813
2365.0,1.0,0.4121313107013702,0.40289201855659484,0.5227716863155365,0.5471833294630051,0.5244167447090149,0.5167742371559143,0.6293763652842301
2366.0,1.0,0.4056201046705246,0.4074632608890533,0.4773415622115135,0.5533727610111236,0.5242377519607544,0.515210747718811,0.6312836476514576
2367.0,1.0,0.41327504873275756,0.39936008632183073,0.35488277435302734,0.5368928647041321,0.5240454077720642,0.5135785341262817,0.6330375910802672
2368.0,1.0,0.41579135656356814,0.40809149384498594,0.22044725552201272,0.5133372849225998,0.5238394737243652,0.5118787884712219,0.6345891153678167
2369.0,1.0,0.4116999846696854,0.40144223034381865,0.22369972556829454,0.5023284298181534,0.5236197710037231,0.5101131200790405,0.6358875806951403
2370.0,1.0,0.41083000659942626,0.40115385353565214,0.5721702313423157,0.5279049652814866,0.5233861804008484,0.5082833766937256,0.6369109095228112
2371.0,1.0,0.3965586930513382,0.39404640316963196,0.42877843856811526,0.5387716168165206,0.5231385231018066,0.5063918828964233,0.6376722571188509
2372.0,1.0,0.39785362482070924,0.40283671259880066,0.5861287766695022,0.5149289011955261,0.522876501083374,0.5044411420822144,0.6381841870392577
2373.0,1.0,0.4177070397138596,0.3945707815885544,0.7746151065826417,0.47061889231204984,0.5226001143455505,0.5024340152740479,0.6384552530632277
2374.0,1.0,0.4083234012126923,0.4001335072517395,0.7621148025989533,0.4769437342882156,0.5223090648651123,0.5003737807273865,0.6384900260150914
2375.0,1.0,0.40862120270729063,0.41352587163448334,0.7215511971712112,0.4944935739040375,0.5220032334327698,0.49826374650001526,0.6382891251176659
2376.0,1.0,0.3919090819358826,0.40139074325561525,0.5565183812379837,0.4967614424228668,0.5216825008392334,0.4961076080799103,0.6378516262749656
2377.0,1.0,0.39989868462085726,0.40819051444530485,0.5507984012365341,0.49227587044239046,0.5213465690612793,0.49390923976898193,0.637208371202064
2378.0,1.0,0.4066918134689331,0.3941072565317154,0.5208722478151322,0.5054534101486206,0.5209954380989075,0.4916726350784302,0.6364222838691092
2379.0,1.0,0.4007633340358734,0.40241736829280855,0.48130341231822965,0.5211170923709869,0.520628809928894,0.4894019365310669,0.6355557220980756
2380.0,1.0,0.400641108751297,0.40198343932628633,0.38507267594337463,0.5003258675336838,0.5202466249465942,0.4871014356613159,0.6346685909600467
2381.0,1.0,0.40290330708026884,0.39494224429130553,0.23683823719620706,0.46348343789577484,0.519848644733429,0.4847753643989563,0.6338187809118381
2382.0,1.0,0.40351875483989713,0.3984978884458542,0.14490904943086208,0.4343379944562912,0.5194347500801086,0.4824279844760895,0.6330625780706782
2383.0,1.0,0.39436483204364775,0.400210422873497,0.16620975375175476,0.4395348888635635,0.5190048217773438,0.4800635278224945,0.6324601199074777
2384.0,1.0,0.39483153462409976,0.4042243045568466,0.5226088757812977,0.44402629613876343,0.5185586810112,0.4776860773563385,0.6320955940605018
2385.0,1.0,0.39697270572185517,0.4012948203086853,0.7927087426185608,0.4657719945907593,0.5180961489677429,0.47529950737953186,0.6320338221148631
2386.0,1.0,0.398654408454895,0.39234867215156555,0.6418644255399704,0.4783388131856918,0.5176171660423279,0.47290754318237305,0.6322843362446235
2387.0,1.0,0.39630537569522856,0.39321543455123903,0.24623536877334118,0.47259021520614625,0.5171214938163757,0.47051358222961426,0.6328142664752079
2388.0,1.0,0.39880899667739866,0.39998546838760374,0.12964061888866127,0.46284218013286593,0.5166090726852417,0.46812063455581665,0.6335857932886597
2389.0,1.0,0.39100392937660217,0.3926279664039612,0.22049128212034702,0.44328920483589174,0.5160797238349915,0.4657314419746399,0.6345551205922391
2390.0,1.0,0.39076471984386446,0.39063068985939026,0.17843573488295078,0.4118608385324478,0.5155333280563354,0.4633481800556183,0.6356380197352962
2391.0,1.0,0.3941506361961365,0.3853894108533859,0.04694398071616888,0.41072041273117066,0.5149697065353394,0.4609726667404175,0.6367506897708495
2392.0,1.0,0.3935534852743149,0.3841311973333359,0.036090002851560714,0.41776764452457427,0.5143888592720032,0.45860615372657776,0.6378416559544746
2393.0,1.0,0.38129321098327634,0.39234342813491824,0.12844589564017952,0.41920704782009127,0.5137905478477478,0.4562493562698364,0.6388818767675843
2394.0,1.0,0.39172628164291384,0.40391919553279876,0.10011258862446994,0.4097828644514084,0.5131747126579285,0.4539024829864502,0.639864552167893
2395.0,1.0,0.38602630138397215,0.40594114661216735,0.28009334079921244,0.4217388194799423,0.5125411748886108,0.451565146446228,0.6407933499195337
2396.0,1.0,0.3878624492883682,0.38588700771331785,0.5460014170408249,0.4241598290205002,0.5118899345397949,0.4492364823818207,0.6416697950405137
2397.0,1.0,0.378135444521904,0.39283845365047454,0.48865649044513704,0.4517801243066788,0.5112207531929016,0.44691500067710876,0.642493066095426
2398.0,1.0,0.37120659470558165,0.38957511126995087,0.35082390666007995,0.47127853155136107,0.5105336308479309,0.4445987641811371,0.6432599289948939
2399.0,1.0,0.38012500524520876,0.38766293913125993,0.5291529199481011,0.45354776799678803,0.5098284482955933,0.4422853887081146,0.6439646652926854
2400.0,1.0,0.3761259227991104,0.3896599292755127,0.3258755016326904,0.41938341677188873,0.5091051459312439,0.43997204303741455,0.6445989902415477
2401.0,1.0,0.3873677062988281,0.3935230726003647,0.08626085490570404,0.4045571678876877,0.5083635449409485,0.4376554787158966,0.6451519564225805
2402.0,1.0,0.3764137727022171,0.3893256467580795,0.08408509886357933,0.424515877366066,0.5076035857200623,0.4353322386741638,0.6456098392595777
2403.0,1.0,0.3777771431207657,0.3923692721128464,0.35706644896417855,0.4376757234334946,0.5068252086639404,0.43299856781959534,0.6459560011357439
2404.0,1.0,0.383023766875267,0.38152079701423647,0.5204433123767376,0.45227559506893156,0.506028413772583,0.430650532245636,0.6461707311675013
2405.0,1.0,0.37042775213718415,0.37843788266181944,0.5860089233517647,0.44758075833320615,0.5052130222320557,0.428284227848053,0.6462310579612449
2406.0,1.0,0.37825817078351975,0.3881142970919609,0.5776612170785665,0.41866707742214204,0.5043789744377136,0.425895631313324,0.6461105329204315
2407.0,1.0,0.38854439079761505,0.38522207260131835,0.30081478029489517,0.4309884524345398,0.5035263299942017,0.4234808683395386,0.6457789819136792
2408.0,1.0,0.37913029253482816,0.3898702758550644,0.30747353240847586,0.42934098839759827,0.5026549100875854,0.4210361838340759,0.6452022234170158
2409.0,1.0,0.36840137243270876,0.39159745395183565,0.17626208543777466,0.42223911345005033,0.501764714717865,0.4185580909252167,0.6443417516535987
2410.0,1.0,0.3767156183719635,0.3795343625545502,0.12480334602762014,0.40750141322612765,0.5008557438850403,0.4160434603691101,0.6431543838658058
2411.0,1.0,0.37339974880218507,0.37974713027477264,0.16304997567087412,0.4012980628013611,0.4999278783798218,0.4134894609451294,0.6415918717557361
2412.0,1.0,0.35835241436958315,0.38537946105003357,0.3410795806348324,0.4120732581615448,0.49898114800453186,0.4108937680721283,0.6396004784357103
2413.0,1.0,0.37149936497211455,0.37506701946258547,0.5092443928122521,0.41967361330986025,0.49801555275917053,0.4082545042037964,0.6371222703131991
2414.0,1.0,0.36778819382190703,0.3797518217563629,0.5352830022573472,0.41943272650241853,0.497031033039093,0.405570387840271,0.6341142925581664
2415.0,1.0,0.3803523820638657,0.3772242033481598,0.43566941857337954,0.4080407416820526,0.4960275888442993,0.4028407633304596,0.6305413821689854
2416.0,1.0,0.3629238295555115,0.38068914592266084,0.2873943720012903,0.3931367182731628,0.4950052499771118,0.40006545186042786,0.626368036095613
2417.0,1.0,0.3554429566860199,0.37332408666610717,0.15498513370752334,0.38100679099559787,0.49396395683288574,0.3972450792789459,0.6215791640802308
2418.0,1.0,0.3725824099779129,0.3748667514324188,0.13520856570452452,0.3729520219564438,0.49290379881858826,0.3943808078765869,0.616180850083424
2419.0,1.0,0.36091532349586486,0.37418589532375335,0.11070619414153043,0.38264851570129393,0.49182477593421936,0.39147454500198364,0.6101911345464259
2420.0,1.0,0.37008214235305786,0.37926179468631743,0.08108149168867385,0.381334690451622,0.49072685837745667,0.3885287344455719,0.6036235448379159
2421.0,1.0,0.35651357203722,0.36935937821865084,0.17126593742519616,0.37926124811172485,0.4896101653575897,0.3855465352535248,0.5964885278144436
2422.0,1.0,0.35557762295007705,0.37741750955581665,0.5525823521614075,0.38115823090076445,0.48847469687461853,0.3825317323207855,0.5888156455198157
2423.0,1.0,0.3569700226187706,0.35963275998830796,0.5247709256410599,0.375407891869545,0.4873204827308655,0.37948867678642273,0.5806484358027717
2424.0,1.0,0.35219131648540497,0.380615054666996,0.5396570074558258,0.36684847295284273,0.48614761233329773,0.3764222264289856,0.572028012630966
2425.0,1.0,0.35855974614620206,0.37892340540885927,0.1659935413650237,0.3579104495048523,0.48495614528656006,0.3733378052711487,0.5629931046251215
2426.0,1.0,0.35229991137981415,0.37213084459304807,0.0629195546428673,0.36213561713695525,0.48374617099761963,0.3702412545681,0.5535804840685472
2427.0,1.0,0.35924791038036347,0.37073504328727724,0.08902033172547817,0.3690192496776581,0.4825177490711212,0.3671387732028961,0.54383014752419
2428.0,1.0,0.3549824544787407,0.36918853759765624,0.17523831903934478,0.3655490309000015,0.48127099871635437,0.36403703689575195,0.5338124220343872
2429.0,1.0,0.35380280792713165,0.36860412895679473,0.18469570375978947,0.374581778049469,0.48000597953796387,0.3609428107738495,0.5236096567313666
2430.0,1.0,0.35439509809017183,0.3696417757868767,0.04849331908451859,0.36861615121364594,0.47872281074523926,0.357863187789917,0.5133038159854699
2431.0,1.0,0.3551821351051331,0.36830134570598605,0.018995120225372374,0.3561677533388138,0.4774216413497925,0.3548053503036499,0.5029766819925383
2432.0,1.0,0.35364470988512037,0.35556762278079984,0.05402073322213255,0.3443444550037384,0.4761025607585907,0.3517765700817108,0.49271007908449427
2433.0,1.0,0.36428533792495726,0.3590791183710098,0.07724077977705747,0.3514005100727081,0.47476574778556824,0.34878405928611755,0.4825860950436436
2434.0,1.0,0.3438979610800743,0.37846864700317384,0.09381362799555064,0.358473100066185,0.47341129183769226,0.34583500027656555,0.47268731004989917
2435.0,1.0,0.35104990780353545,0.3645740288496018,0.19908980503678322,0.34742611169815063,0.4720393717288971,0.34293633699417114,0.4630970441502029
2436.0,1.0,0.3459427690505981,0.3715516173839569,0.27100045919418336,0.34335922956466675,0.4706501364707947,0.3400948941707611,0.45389767195644026
2437.0,1.0,0.3373356276750565,0.3655650722980499,0.3548916256427765,0.34871102273464205,0.46924376487731934,0.33731716871261597,0.4451453766744322
2438.0,1.0,0.3493546575307846,0.3790340155363083,0.40787406027317047,0.339620361328125,0.4678204655647278,0.3346092700958252,0.43687780714959956
2439.0,1.0,0.346503187417984,0.36665338099002837,0.3059904959797859,0.35027439534664156,0.46638035774230957,0.33197692036628723,0.42913433953398794
2440.0,1.0,0.3550771588087082,0.3641650849580765,0.12399187117349357,0.3518276637792587,0.4649237096309662,0.3294254541397095,0.4219559632734615
2441.0,1.0,0.3390592357516289,0.35903772473335266,0.05477446954930201,0.335513179898262,0.46345067024230957,0.32695963978767395,0.41536287510942316
2442.0,1.0,0.33544104486703874,0.3545701426267624,0.06598504778929054,0.3330681395530701,0.4619615077972412,0.3245837688446045,0.4093333563276076
2443.0,1.0,0.34507712841033933,0.35426169395446777,0.07018710457719862,0.33321226239204405,0.46045640110969543,0.32230159640312195,0.4038302418141768
2444.0,1.0,0.3436016398668289,0.36715302914381026,0.06186606146569829,0.32901608526706694,0.45893558859825134,0.3201162815093994,0.39882055340777356
2445.0,1.0,0.35035951018333433,0.36450558483600615,0.06667886924929917,0.32077415347099303,0.4573993384838104,0.318030446767807,0.39427608753317145
2446.0,1.0,0.34211045771837234,0.35028371930122376,0.06550957465544344,0.3290316301584244,0.4558478891849518,0.31604617834091187,0.39017344740494764
2447.0,1.0,0.3401127302646637,0.36142042607069014,0.10907722435891629,0.3269526594877243,0.4542815089225769,0.3141649663448334,0.3864940533028687
2448.0,1.0,0.34357762694358823,0.34643771290779113,0.2274767577648163,0.32051520586013793,0.4527004361152649,0.3123878240585327,0.3832241413522297
2449.0,1.0,0.3355390366911888,0.3483062633872032,0.25985666140913966,0.32274469792842864,0.451104998588562,0.31071528792381287,0.38035475921608963
2450.0,1.0,0.32262158274650576,0.3586515933275223,0.29969185069203375,0.3180862098932266,0.449495404958725,0.3091473877429962,0.37788176527692485
2451.0,1.0,0.32473873376846313,0.3668308272957802,0.411241979598999,0.32550554633140566,0.4478720426559448,0.3076837658882141,0.3758058362508905
2452.0,1.0,0.33223389893770217,0.35821537345647814,0.4082725229859352,0.31160601317882536,0.44623515009880066,0.30632373690605164,0.3741318371186253
2453.0,1.0,0.33415651619434356,0.3567857486009598,0.3963302004337311,0.3162073510885239,0.44458505511283875,0.3050662577152252,0.37285165509291573
2454.0,1.0,0.3351773899793625,0.36330665320158007,0.40089073121547697,0.3136185535788536,0.44292208552360535,0.3039100170135498,0.3719424587602873
2455.0,1.0,0.3124562481045723,0.3521846956014633,0.30350403279066085,0.30784322530031205,0.44124653935432434,0.3028535544872284,0.37138521808523706
2456.0,1.0,0.3280048644542694,0.3482822972536087,0.2408145082741976,0.3046856275200844,0.43955880403518677,0.3018952012062073,0.3711640495516235
2457.0,1.0,0.32227368861436845,0.36761547058820726,0.3722593794763088,0.30109918624162674,0.4378591775894165,0.3010331988334656,0.3712464376693845
2458.0,1.0,0.3167480486631393,0.34393313974142076,0.4723509016633034,0.30737015247344973,0.4361480176448822,0.30026569962501526,0.37158837870330785
2459.0,1.0,0.3328751030564308,0.34664436399936677,0.4868813991546631,0.3036143910884857,0.4344256818294525,0.2995908856391907,0.3721493651121648
2460.0,1.0,0.3261117523908615,0.34272447854280474,0.472953117787838,0.2976440453529358,0.4326925575733185,0.2990069091320038,0.37289241529347805
2461.0,1.0,0.3035796868801117,0.3456475394964218,0.3905986925959587,0.3097948631644249,0.43094900250434875,0.2985120117664337,0.373783755875678
2462.0,1.0,0.32021042436361313,0.3513930174708366,0.36876632437109946,0.31467983722686765,0.4291954040527344,0.29810449481010437,0.3747925295019172
2463.0,1.0,0.3077654471993446,0.34028718292713167,0.1498391422093846,0.30472068160772325,0.427432119846344,0.2977827191352844,0.37589052621729024
2464.0,1.0,0.31838783591985703,0.3615351265668869,0.04601186130399583,0.2944664391875267,0.42565953731536865,0.2975452244281769,0.37705193660079317
2465.0,1.0,0.3256297332048416,0.3435835236310959,0.021754643663698517,0.29568979680538177,0.42387810349464417,0.29739058017730713,0.37825312484986284
2466.0,1.0,0.3140134510397911,0.34057253032922746,0.04473863710649312,0.30411127239465713,0.4220881760120392,0.2973175048828125,0.3794724200741655
2467.0,1.0,0.31141086846590044,0.3573202878236771,0.1892160241305828,0.32023395359516144,0.42029017210006714,0.2973248362541199,0.3806899241037627
2468.0,1.0,0.3033814042806625,0.34122090965509416,0.19497451402246951,0.31806845605373385,0.41848450899124146,0.29741138219833374,0.3818873341337792
2469.0,1.0,0.30561733663082125,0.33940982192754743,0.19517546359449625,0.2978464183211327,0.41667160391807556,0.2975761592388153,0.38304777851666927
2470.0,1.0,0.315200429558754,0.3418736609816551,0.12226395823992789,0.28725749015808105,0.4148518741130829,0.2978180944919586,0.384155663946359
2471.0,1.0,0.3053991600871086,0.34153670966625216,0.11963483236730099,0.2919237124919891,0.41302576661109924,0.2981362044811249,0.3851965321613875
2472.0,1.0,0.30383036881685255,0.3422198954224587,0.21401684321463108,0.2878205686807632,0.4111936688423157,0.29852941632270813,0.38615692409419466
2473.0,1.0,0.30969557583332064,0.336202192902565,0.14759217085316778,0.2845109295845032,0.409356027841568,0.29899662733078003,0.3870241683504787
2474.0,1.0,0.3239564949274063,0.34142595529556274,0.15602265402674675,0.2839787638187408,0.4075133204460144,0.2995365858078003,0.3877741021962038
2475.0,1.0,0.3043173795938492,0.3427194753289223,0.2589343001693487,0.28762136936187743,0.40566593408584595,0.30014798045158386,0.38836954863540996
2476.0,1.0,0.3071301004290581,0.3324936503171921,0.34795767918229104,0.29028890818357467,0.40381431579589844,0.3008292019367218,0.38881199097730246
2477.0,1.0,0.31228497058153154,0.3223618876934051,0.05367756993276998,0.28089445918798445,0.4019589424133301,0.30157846212387085,0.3891125604380363
2478.0,1.0,0.293526183962822,0.3437875133752823,0.16350129313766956,0.27080546170473097,0.4001002609729767,0.30239367485046387,0.3892829374926805
2479.0,1.0,0.3079289922118187,0.3390270194411278,0.021742586038890295,0.27668935716152193,0.3982386887073517,0.3032725155353546,0.3893354339392374
2480.0,1.0,0.2989077627658844,0.34100864350795745,0.06322271419337085,0.29354570150375364,0.3963746726512909,0.30421218276023865,0.389283077433106
2481.0,1.0,0.2995491170883179,0.3344453763961792,0.13601761890511624,0.31070987313985826,0.3945086598396301,0.30520957708358765,0.38913970077942395
2482.0,1.0,0.3006502214074135,0.3374889376759529,0.02309623562308843,0.31497197568416596,0.3926411271095276,0.3062611520290375,0.388920037690184
2483.0,1.0,0.30133660972118376,0.3381028905510902,0.0057839287183333,0.2992300027608871,0.3907725214958191,0.307362824678421,0.38863982625639437
2484.0,1.0,0.2937933751940727,0.33119568347930906,0.035793547818466324,0.2784532332420349,0.38890326023101807,0.3085101246833801,0.3883159210248266
2485.0,1.0,0.3046062922477722,0.3259914466738701,0.12617407044162973,0.26985923320055005,0.3870338201522827,0.3096980154514313,0.38796641427768463
2486.0,1.0,0.30578991323709487,0.32537122428417203,0.2897403276246041,0.2851261669397354,0.38516461849212646,0.3109208941459656,0.3876107668766622
2487.0,1.0,0.29983470767736436,0.3337464788556099,0.48060150057077405,0.29080492585897444,0.3832961320877075,0.31217268109321594,0.3872699488219098
2488.0,1.0,0.29555941820144654,0.33097056567668914,0.26026194419435345,0.2895088455080986,0.3814288079738617,0.31344664096832275,0.38696658949550056
2489.0,1.0,0.28615929692983627,0.3368915596604347,0.027706132272683134,0.2826274311542511,0.37956303358078003,0.3147355020046234,0.38672513737174086
2490.0,1.0,0.2980842831730843,0.33180111438035964,0.3283721236884594,0.26399077862501147,0.3776993155479431,0.3160313665866852,0.3865720288050909
2491.0,1.0,0.2858800479769707,0.3291729548573494,0.32959806330502034,0.2717913174629211,0.375838041305542,0.3173258304595947,0.38653586533291673
2492.0,1.0,0.29205955684185025,0.3196990677714348,0.2150350396335125,0.283175493478775,0.3739796578884125,0.3186098039150238,0.386647598760959
2493.0,1.0,0.2940055513381958,0.32970979481935503,0.22338662610854954,0.26580166310071945,0.3721246123313904,0.3198736906051636,0.3869407231668447
2494.0,1.0,0.3047970622777939,0.32476033210754396,0.23612128145992756,0.26076004922389984,0.37027332186698914,0.3211073577404022,0.3874514728573786
2495.0,1.0,0.28521609455347063,0.32445221245288847,0.17769326916895806,0.2647188851237297,0.3684261739253998,0.3223000764846802,0.3882178343572775
2496.0,1.0,0.2735383254289627,0.3414628627896309,0.15582921072840691,0.2730932518839836,0.3665836453437805,0.32344070076942444,0.3892528343699837
2497.0,1.0,0.2888706594705582,0.3228924143314362,0.2620678722858429,0.2719789573550224,0.3647460639476776,0.3245176076889038,0.3905278255118674
2498.0,1.0,0.28983437597751616,0.33641951233148576,0.4502998411655426,0.25583982169628144,0.36291393637657166,0.3255186676979065,0.3920102780388959
2499.0,1.0,0.28936285138130186,0.3220066887140274,0.4806774193048477,0.2663706332445145,0.3610875606536865,0.326431542634964,0.39367050358185907
2500.0,1.0,0.28331082701683047,0.3274532526731491,0.5150759905576706,0.2569849416613579,0.3592674136161804,0.327243447303772,0.39548145987518524
2501.0,1.0,0.2826527351140976,0.3155804803967476,0.6355663999915123,0.26912657111883165,0.357453852891922,0.32794150710105896,0.39741856340563686
2502.0,1.0,0.28841957986354827,0.31971703708171845,0.20454696575179696,0.264065306186676,0.3556472361087799,0.328512579202652,0.39945951010531644
2503.0,1.0,0.2776920908689499,0.3207112666964531,0.028543402981595137,0.2571006420254707,0.3538479804992676,0.32894355058670044,0.4015841042920272
2504.0,1.0,0.2732801270484924,0.3181577956676483,0.01640934675568133,0.25046735554933547,0.35205644369125366,0.32922127842903137,0.4037740960698102
2505.0,1.0,0.2621761667728424,0.32560947984457017,0.028796555425506087,0.2548229968547821,0.3502729833126068,0.3293328881263733,0.4060130273459208
2506.0,1.0,0.2730058404803276,0.3081204617023468,0.07114119869656861,0.26825194746255876,0.3484979271888733,0.3292655944824219,0.40828608655081666
2507.0,1.0,0.2853525370359421,0.3410224628448486,0.1772551604360342,0.2762249502539635,0.34673166275024414,0.32900717854499817,0.4105799720574339
2508.0,1.0,0.273903431892395,0.3226311907172203,0.24427416022866966,0.2816280370950699,0.3449745178222656,0.32854583859443665,0.41288276420880266
2509.0,1.0,0.2850877949595451,0.3300837990641594,0.10524262564256787,0.2784491601586342,0.343226820230484,0.3278704881668091,0.41518380578961
2510.0,1.0,0.27372300446033476,0.3125373125076294,0.06648978981269466,0.2612620627880096,0.34148889780044556,0.32697081565856934,0.4174735906999558
2511.0,1.0,0.2725276389718056,0.3192795622348785,0.02339670936208677,0.2718010929226875,0.33976104855537415,0.3258374333381653,0.4197436605428777
2512.0,1.0,0.25027094334363936,0.3171194133162498,0.015732613150466934,0.2766946828365326,0.33804357051849365,0.3244621157646179,0.4219865087824246
2513.0,1.0,0.260156968832016,0.30285869717597963,0.05461272122338414,0.27276611208915713,0.33633682131767273,0.32283779978752136,0.4241954921107265
2514.0,1.0,0.27487497657537463,0.28866380631923677,0.0974506302177906,0.27215329974889757,0.3346410095691681,0.32095882296562195,0.42636474862709406
2515.0,1.0,0.2750092303752899,0.30588182479143144,0.1764977879449725,0.28756776928901673,0.3329564929008484,0.318820983171463,0.4284891224342857
2516.0,1.0,0.2599820303916931,0.30479146242141725,0.21360545152798294,0.26192895174026487,0.33128347992897034,0.3164216876029968,0.43056409424528397
2517.0,1.0,0.27575259923934936,0.29293605834245684,0.2199364536628127,0.2555487895011902,0.3296222686767578,0.31376007199287415,0.43258571760173936
2518.0,1.0,0.25841027915477754,0.30329386204481124,0.04864879319249667,0.2566807582974434,0.3279730975627899,0.3108369708061218,0.4345505603127151
2519.0,1.0,0.2545191916823387,0.31743218779563903,0.034439852998475545,0.26615437865257263,0.32633623480796814,0.3076551556587219,0.43645565073569514
2520.0,1.0,0.2717351624369621,0.3032045164704323,0.08068119234172627,0.2767858663201332,0.3247118890285492,0.30421921610832214,0.43829842853845946
2521.0,1.0,0.2559080284833908,0.2972004681825638,0.027824942132574505,0.25793285220861434,0.3231002688407898,0.3005355894565582,0.4400766995968013
2522.0,1.0,0.2681198155879974,0.28371276170015336,0.02756524734562845,0.26388238340616227,0.32150164246559143,0.2966127097606659,0.4417885947040645
2523.0,1.0,0.2505545258522034,0.2951273885369301,0.027474160235578894,0.2656487625837326,0.3199161887168884,0.29246073961257935,0.44343253178760733
2524.0,1.0,0.26430671751499174,0.28673215448856354,0.03336349571956816,0.24710941314697266,0.3183440864086151,0.2880917191505432,0.44500718134722206
2525.0,1.0,0.27986975744366643,0.3016975677013397,0.15217188706044907,0.23503379821777343,0.3167855441570282,0.28351935744285583,0.4465114348516863
2526.0,1.0,0.2556667214632034,0.308215968310833,0.2108340500729537,0.2521573930978775,0.315240740776062,0.27875903248786926,0.44794437584705804
2527.0,1.0,0.2570029610395432,0.29412745833396914,0.1732823071698658,0.25304208129644395,0.3137098550796509,0.27382758259773254,0.44930525355103157
2528.0,1.0,0.2530625700950623,0.30403137356042864,0.28391146019101143,0.2532884636521339,0.31219303607940674,0.2687433362007141,0.45059345872380163
2529.0,1.0,0.25727886974811554,0.2949620753526688,0.32166458141058685,0.2576471075415611,0.31069043278694153,0.2635257840156555,0.45180850162569186
2530.0,1.0,0.2610952512919903,0.312482678592205,0.25905872210860253,0.2464263343811035,0.3092021942138672,0.258195698261261,0.4529499918820079
2531.0,1.0,0.25902596980333326,0.28197388753294944,0.19089284766465425,0.2386389794945717,0.30772843956947327,0.25277483463287354,0.45401762009876734
2532.0,1.0,0.25411562085151673,0.29223893493413927,0.15356323994696142,0.23657191187143325,0.3062693178653717,0.247285857796669,0.4550111410776907
2533.0,1.0,0.24478401660919188,0.27618969708681107,0.14983569717034698,0.23384540975093843,0.30482491850852966,0.24175229668617249,0.455930358500666
2534.0,1.0,0.2529802569746971,0.3053484004735947,0.15243890066165477,0.24224382132291794,0.3033953607082367,0.23619845509529114,0.4567751109581337
2535.0,1.0,0.24451582461595536,0.3022437560558319,0.08634789303411822,0.23398522704839705,0.3019807040691376,0.23064929246902466,0.45754525921218203
2536.0,1.0,0.2585988256335259,0.3109146773815155,0.039890860457030615,0.22662921518087387,0.30058109760284424,0.22513049840927124,0.4582406745937959
2537.0,1.0,0.261012342274189,0.2931704406440258,0.02239343836863039,0.2365188530087471,0.29919660091400146,0.21966834366321564,0.4588612284419611
2538.0,1.0,0.2509165245294571,0.2907664652168751,0.08182139500288031,0.23113982170820235,0.29782727360725403,0.2142898142337799,0.45940678250390476
2539.0,1.0,0.24109856143593789,0.2831172287464142,0.4216900349780917,0.23343290776014328,0.2964731752872467,0.20902253687381744,0.45987718022033164
2540.0,1.0,0.2613704593479633,0.28296043783426283,0.6512598994374276,0.24493798166513442,0.29513436555862427,0.20389483869075775,0.460272238831692
2541.0,1.0,0.2512016576528549,0.3169690212607384,0.2692005201238499,0.24237950950860976,0.2938109040260315,0.19893567264080048,0.4605917422431247
2542.0,1.0,0.2627670720219612,0.30724691078066824,0.023684791136329295,0.24731008648872377,0.2925027906894684,0.19417469203472137,0.4608354345976835
2543.0,1.0,0.24437578052282333,0.2919039595127106,0.00541048767680941,0.24631844967603683,0.2912101149559021,0.189642071723938,0.46100301450960046
2544.0,1.0,0.25278030753135683,0.2925232470035553,0.01015922080002455,0.2372108754515648,0.28993284702301025,0.1853683590888977,0.4610941299171998
2545.0,1.0,0.25681511998176576,0.2896952337026596,0.004473476645903532,0.23624296277761458,0.2886710464954376,0.1813841611146927,0.46110837352038914
2546.0,1.0,0.24301700204610824,0.2768103870749474,0.016395248591070413,0.22004197627305985,0.2874247133731842,0.17771965265274048,0.46104527877170653
2547.0,1.0,0.22615336313843726,0.2791999751329422,0.018442440002327202,0.22924193501472473,0.2861938178539276,0.17440402507781982,0.4609043163962525
2548.0,1.0,0.23895266488194467,0.2814020249247551,0.08744772239471786,0.23601701498031616,0.28497835993766785,0.17146457731723785,0.46068489142037095
2549.0,1.0,0.24833998680114747,0.2999353873729706,0.351571036176756,0.24894845813512803,0.2837783694267273,0.1689256727695465,0.46038634069240914
2550.0,1.0,0.23109044179320334,0.2667628686130047,0.2151323756808415,0.2548186728358269,0.2825937867164612,0.166807621717453,0.4600079308851406
2551.0,1.0,0.2378094282746315,0.283832406103611,0.07218999713106314,0.2633130592107773,0.2814245820045471,0.16512525081634521,0.45954885697207715
2552.0,1.0,0.23062370151281356,0.2703272187709808,0.03912408321164548,0.25125888764858245,0.2802707552909851,0.16388659179210663,0.4590082411772727
2553.0,1.0,0.22717013642191886,0.2650750778615475,0.05621322334452998,0.22779965430498123,0.27913227677345276,0.16309170424938202,0.4583851323982202
2554.0,1.0,0.21399241402745248,0.27903524190187456,0.12696146774105727,0.2469027277827263,0.2780090570449829,0.16273163259029388,0.4576785061098576
2555.0,1.0,0.23762451782822608,0.2751993653178215,0.2172161205485463,0.23801683515310287,0.27690109610557556,0.16278786957263947,0.4568872647613489
2556.0,1.0,0.24444682344794275,0.26792978003621104,0.03401801118764853,0.2274078157544136,0.27580827474594116,0.16323240101337433,0.45601023867975243
2557.0,1.0,0.23371543273329734,0.29988330841064453,0.04231637042838329,0.2388153451681137,0.2747306227684021,0.1640283465385437,0.4550461875034273
2558.0,1.0,0.2208666042983532,0.27776226997375486,0.17726065854559578,0.23912800684571267,0.27366799116134644,0.16513122618198395,0.45399380216946383
2559.0,1.0,0.22607752665877343,0.26525558568537233,0.45532058366341516,0.2314044216275215,0.2726203501224518,0.16649086773395538,0.4528517074867864
2560.0,1.0,0.2232785004377365,0.28214160934090615,0.12010653849523806,0.23438287556171417,0.27158764004707336,0.16805371642112732,0.4516184653326434
2561.0,1.0,0.23885661333799363,0.275538639575243,0.030464277039561692,0.2341465598344803,0.27056974172592163,0.16976520419120789,0.4502925785148335
2562.0,1.0,0.2361111371219158,0.2778326325118542,0.03139586436387504,0.24068847954273223,0.2695665955543518,0.17157231271266937,0.44887249534903617
2563.0,1.0,0.2236792638897896,0.27028351441025733,0.0859996694990241,0.2523298451304436,0.26857811212539673,0.17342554032802582,0.44735661500898516
2564.0,1.0,0.23307207077741623,0.28060253903269766,0.13764893058232106,0.23909385859966278,0.26760417222976685,0.17528076469898224,0.4457432937130221
2565.0,1.0,0.2328416334092617,0.27926267638802527,0.20385411883704363,0.2369049969315529,0.2666447162628174,0.1771002858877182,0.4440308518197327
2566.0,1.0,0.24159392595291138,0.27068563863635065,0.24404150945600123,0.23574135303497315,0.2656996548175812,0.17885342240333557,0.44221758191503113
2567.0,1.0,0.22851593062281608,0.2636318005621433,0.39024351318366823,0.232906773686409,0.2647688388824463,0.18051663041114807,0.440301757982823
2568.0,1.0,0.2358982527256012,0.26130948811769483,0.606098212422803,0.24901679188013076,0.26385220885276794,0.18207308650016785,0.4382816457608385
2569.0,1.0,0.2096825908124447,0.23782622054219246,0.6338283756375312,0.23924739122390748,0.2629495859146118,0.1835121363401413,0.436155514398223
2570.0,1.0,0.209329219609499,0.2690089550614357,0.3656500209495425,0.25205781668424604,0.2620609402656555,0.18482831120491028,0.4339216495417162
2571.0,1.0,0.23028925627470018,0.2545584109425545,0.18086343601346017,0.26033017665147784,0.2611860930919647,0.18602050840854645,0.4315783679949021
2572.0,1.0,0.2280469897389412,0.2656668174266815,0.16548494800925254,0.2486491334438324,0.26032498478889465,0.18709106743335724,0.42912403410753086
2573.0,1.0,0.2088242568075657,0.2551489382982254,0.17509610507637263,0.2533710950613022,0.259477436542511,0.18804483115673065,0.4265570780730741
2574.0,1.0,0.20549813345074652,0.2579971532523632,0.10375473025254905,0.2493160766363144,0.25864335894584656,0.18888847529888153,0.4238760163307518
2575.0,1.0,0.23807806372642518,0.26425874412059785,0.05562446302781609,0.25436848402023315,0.25782260298728943,0.18962979316711426,0.4210794742867847
2576.0,1.0,0.22107395708560942,0.2541578420251608,0.07553403778874782,0.2482551008462906,0.25701504945755005,0.19027723371982574,0.418166211597196
2577.0,1.0,0.2191708528995514,0.2571194684505463,0.2322155480373658,0.2537746146321297,0.25622057914733887,0.19083942472934723,0.4151351502764271
2578.0,1.0,0.2118114560842514,0.2553424559533596,0.7633341482281685,0.2595566913485527,0.25543907284736633,0.19132493436336517,0.4119854059220813
2579.0,1.0,0.20847573414444923,0.24098279386758803,0.5590717126429081,0.2582901015877724,0.2546703517436981,0.19174201786518097,0.4087163223786945
2580.0,1.0,0.22598938062787055,0.24627382382750512,0.4051750008668751,0.2614721402525902,0.25391432642936707,0.1920984536409378,0.40532751018514546
2581.0,1.0,0.2005157947540283,0.2551036447286606,0.11466195726708975,0.2521247312426567,0.25317084789276123,0.1924014687538147,0.40181888919286735
2582.0,1.0,0.22318848937749863,0.2583411557972431,0.06463867494123406,0.24975356668233872,0.2524397671222687,0.1926577240228653,0.3981907357639045
2583.0,1.0,0.2410786332190037,0.2696985167264938,0.09355784660030622,0.27090593457221984,0.25172093510627747,0.19287323951721191,0.3944437349947236
2584.0,1.0,0.20994088664650917,0.23261951275169848,0.13161892431788147,0.2458172073960304,0.25101426243782043,0.19305340945720673,0.3905790384410466
2585.0,1.0,0.20473344445228578,0.2594638781249523,0.2327555165719241,0.2635670757293701,0.25031954050064087,0.19320307672023773,0.38659832784946957
2586.0,1.0,0.20066567942500113,0.2625218911468983,0.22800047282828928,0.26712781757116316,0.2496366947889328,0.19332651793956757,0.3825038854225511
2587.0,1.0,0.22403196945786477,0.24191062688827514,0.25935951561667026,0.24068247079849242,0.2489655315876007,0.19342753291130066,0.3782986711640888
2588.0,1.0,0.19765444099903107,0.24340051546692848,0.288433610647262,0.2409811359643936,0.24830593168735504,0.19350939989089966,0.37398640786392434
2589.0,1.0,0.21375375881791114,0.2553889365494251,0.11305562696943525,0.271405266225338,0.24765776097774506,0.19357503950595856,0.3695716742715831
2590.0,1.0,0.22288308337330817,0.24246486753225327,0.04616601168556372,0.27161639392375947,0.24702085554599762,0.19362695515155792,0.3650600069957477
2591.0,1.0,0.19699167892336844,0.23169601634144782,0.07906639131135307,0.27495988726615905,0.246395081281662,0.19366732239723206,0.36045801162737234
2592.0,1.0,0.1994244308769703,0.24548717275261878,0.15583378690320387,0.2560954007506371,0.24578028917312622,0.19369801878929138,0.35577348351444016
2593.0,1.0,0.20547315776348113,0.24024057000875473,0.2770687392540276,0.2577294513583183,0.24517634510993958,0.19372066855430603,0.35101553853388623
2594.0,1.0,0.1914584521204233,0.2352773976325989,0.36401469016913324,0.2775349974632263,0.2445831000804901,0.19373665750026703,0.3461947540672554
2595.0,1.0,0.18662337645888327,0.24703364089131355,0.23838752059591833,0.27609410673379897,0.2440004199743271,0.19374717772006989,0.3413233202337551
2596.0,1.0,0.1972407352179289,0.22882255025207995,0.04402447624940578,0.29088737308979035,0.24342814087867737,0.1937532275915146,0.3364152012184718
2597.0,1.0,0.20286446675658226,0.24216120988130568,0.019875607891196977,0.27605765163898466,0.2428661286830902,0.19375565648078918,0.331486306301656
2598.0,1.0,0.22149811714887618,0.25711854368448256,0.06122106451643049,0.26148401349782946,0.24231424927711487,0.19375520944595337,0.3265546699099673
2599.0,1.0,0.21908569544553758,0.2410469852387905,0.06638671099557542,0.27731201738119127,0.2417723387479782,0.1937524676322937,0.32164063972192025
2600.0,1.0,0.18353380545973777,0.26501442208886145,0.03273035575486574,0.26773837238550185,0.24124027788639069,0.19374795258045197,0.31676707155645545
2601.0,1.0,0.17423076972365378,0.2509725511074066,0.026010896971541228,0.2809680697321892,0.24071791768074036,0.1937420666217804,0.311959529506737
2602.0,1.0,0.19868904501199722,0.22888717688620092,0.020736312727103724,0.27766737431287764,0.24020510911941528,0.19373518228530884,0.30724648958823764
2603.0,1.0,0.21169030115008355,0.23349212676286699,0.03522667046861898,0.28448336601257324,0.23970171809196472,0.19372756779193878,0.302659541514231
2604.0,1.0,0.1994480946660042,0.24384599104523658,0.19323674351675435,0.30494765043258665,0.23920761048793793,0.19371944665908813,0.29822727969201424
2605.0,1.0,0.1918569102883339,0.23061491921544075,0.19288644846528769,0.28239204436540605,0.23872263729572296,0.19371099770069122,0.293962722715321
2606.0,1.0,0.195009308680892,0.23109676718711852,0.15310547944158315,0.28431199342012403,0.23824666440486908,0.19370236992835999,0.2898794896037771
2607.0,1.0,0.18016796946525573,0.2279975453019142,0.16754029482603072,0.2770823830366135,0.23777955770492554,0.19369366765022278,0.28599566592015435
2608.0,1.0,0.2091449996829033,0.23587153255939483,0.45202901065349577,0.27508972615003585,0.2373211681842804,0.19368493556976318,0.2823339187075362
2609.0,1.0,0.18221581026911735,0.24019258692860604,0.4497857195138931,0.26639822125434875,0.2368713766336441,0.19367624819278717,0.27893034670393035
2610.0,1.0,0.19967393070459366,0.21743928417563438,0.27541801989078524,0.2407221719622612,0.23643004894256592,0.19366760551929474,0.2758688472353583
2611.0,1.0,0.1816386888921261,0.20824104495346546,0.1888316033780575,0.13319626122713088,0.2359970360994339,0.19365902245044708,0.27325093824345004
2612.0,1.0,0.20318347573280335,0.21969562366604806,0.16345657765865326,0.2197065418958664,0.2355722188949585,0.193650484085083,0.2711830083813993
2613.0,1.0,0.17636798962950706,0.2227888899296522,0.15387717187404631,0.177239298671484,0.23515544831752777,0.19364194571971893,0.26977250564704036
2614.0,1.0,0.19468821242451667,0.22532369554042816,0.1320799776725471,0.1334062771499157,0.23474662005901337,0.19363337755203247,0.26912091707259833
2615.0,1.0,0.19969090700149536,0.21512427039444446,0.1750642892718315,0.17046139240264893,0.23434558510780334,0.19362471997737885,0.2692625927494987
2616.0,1.0,0.17783694267272948,0.22152466736733914,0.17032959062606096,0.18869635209441185,0.23395222425460815,0.1936158984899521,0.27017872147041544
2617.0,1.0,0.19394452795386313,0.23358966767787934,0.2418742298334837,0.16671836763620376,0.23356641829013824,0.19360680878162384,0.2717886206725666
2618.0,1.0,0.18784411400556564,0.21942938067018986,0.5170335537195205,0.24904834300279619,0.23318801820278168,0.19359740614891052,0.27399155574909173
2619.0,1.0,0.19310587286949157,0.2230677519738674,0.35049213349819186,0.30300506711006164,0.2328169345855713,0.1935875415802002,0.27670990371808557
2620.0,1.0,0.20169827669858933,0.22575841933488847,0.13466144187841564,0.3246613997220993,0.23245300352573395,0.1935771256685257,0.2798767843233918
2621.0,1.0,0.1974726788699627,0.1977962166815996,0.06630635932320729,0.3297891214489937,0.2320961356163025,0.19356603920459747,0.2834312044086005
2622.0,1.0,0.1851443301141262,0.20323595747351647,0.04974133778596297,0.3175138381123543,0.23174619674682617,0.1935541331768036,0.2873175932061258
2623.0,1.0,0.17404978856444359,0.2189997286349535,0.09882857505232095,0.32156291365623474,0.23140306770801544,0.1935412585735321,0.291485385334056
2624.0,1.0,0.17983308017253877,0.21971057549118997,0.14410188356414438,0.3264098626375198,0.23106662929058075,0.19352728128433228,0.2958886436765624
2625.0,1.0,0.18002766728401184,0.22043480202555657,0.057426553482655435,0.3403315848112106,0.23073677718639374,0.19351200759410858,0.30048571509138355
2626.0,1.0,0.175857153236866,0.2325635114312172,0.06338576056063175,0.32796977132558824,0.23041339218616486,0.1934952586889267,0.30523891306182804
2627.0,1.0,0.17892156943678855,0.2238474088907242,0.15405102758202702,0.3360576203465462,0.23009635508060455,0.1934768408536911,0.31011422271382116
2628.0,1.0,0.17288464464247227,0.208739068582654,0.2472155473008752,0.3290160197019577,0.22978554666042328,0.19345654547214508,0.3150810248362177
2629.0,1.0,0.1815258404612541,0.22654983192682265,0.21698614209890366,0.3324320062994957,0.22948087751865387,0.19343410432338715,0.32011183653662556
2630.0,1.0,0.17419038094580175,0.21325447738170625,0.15329044934362174,0.31630776286125184,0.22918222844600677,0.1934092938899994,0.32518206698097174
2631.0,1.0,0.16441312193870544,0.21227031618356704,0.19432954631745816,0.3447409853339195,0.22888948023319244,0.19338181614875793,0.33026978719777844
2632.0,1.0,0.19986762918531895,0.2162552836537361,0.26853474900126456,0.3600743174552917,0.22860252857208252,0.1933513730764389,0.3353555133144823
2633.0,1.0,0.17233442917466163,0.21942281156778334,0.19481103245168924,0.3504737362265587,0.22832128405570984,0.19331762194633484,0.34042200280362067
2634.0,1.0,0.18549726843833925,0.2020458933711052,0.024316303035157034,0.35809235513210297,0.22804564237594604,0.1932801902294159,0.34545406341777607
2635.0,1.0,0.145139652043581,0.19946522518992424,0.0010477813601598295,0.3544270446896553,0.2277754843235016,0.19323867559432983,0.35043837452082016
2636.0,1.0,0.18117828115820886,0.20601588353514672,0.006797001261221425,0.3681269755959511,0.2275107055902481,0.19319263100624084,0.3553633205026472
2637.0,1.0,0.1728445090353489,0.20909507386386395,0.07380050474166637,0.3528991815447807,0.22725123167037964,0.19314156472682953,0.3602188359188858
2638.0,1.0,0.1781946288049221,0.20512200117111207,0.2891333962790668,0.37669109970331194,0.22699694335460663,0.19308491051197052,0.3649962619423661
2639.0,1.0,0.1477006758749485,0.2279164560139179,0.19784056343138218,0.34685865461826326,0.22674775123596191,0.19302207231521606,0.36968821365920235
2640.0,1.0,0.17232762709259986,0.20403062775731087,0.13139599593356252,0.37070262104272844,0.22650356590747833,0.19295236468315125,0.3742884577028178
2641.0,1.0,0.18745396271348,0.19202290304005146,0.3010361589491367,0.36753595381975174,0.22626428306102753,0.19287501275539398,0.3787917996766055
2642.0,1.0,0.16536226138472557,0.22852307185530663,0.5174344158172608,0.36909080982208253,0.22602981328964233,0.1927891969680786,0.3831939808014795
2643.0,1.0,0.1885209159553051,0.22924206726253032,0.5507177491486073,0.3614357849955559,0.2258000522851944,0.19269393384456635,0.3874915832096235
2644.0,1.0,0.1718377213180065,0.17819128572940826,0.4673085957765579,0.35791228592395785,0.22557494044303894,0.19258816540241241,0.3916819433081855
2645.0,1.0,0.15917853891849518,0.20504874996840955,0.4145078643597662,0.3653885018825531,0.2253543585538864,0.19247066974639893,0.3957630726433763
2646.0,1.0,0.160979480445385,0.1992350084334612,0.37047532517462967,0.3690700450539589,0.22513823211193085,0.19234010577201843,0.39973358571438666
2647.0,1.0,0.17476823389530183,0.2023713268339634,0.4460756254196167,0.3586469289660454,0.22492647171020508,0.19219493865966797,0.4035926342025675
2648.0,1.0,0.17247190043330193,0.1954892310500145,0.4198111329227686,0.37659143149852753,0.22471900284290314,0.19203341007232666,0.4073398471157077
2649.0,1.0,0.1575749184936285,0.1852793764322996,0.33048093639314174,0.3745500299334526,0.22451572120189667,0.1918535679578781,0.41097527636526365
2650.0,1.0,0.14200994528830052,0.19756110802292823,0.22151071805041284,0.3627849739789963,0.2243165671825409,0.19165314733982086,0.41449934733060445
2651.0,1.0,0.17456310793757437,0.17721264764666558,0.057171616026816995,0.3579888242483139,0.22412143647670746,0.19142960011959076,0.41791281399210334
2652.0,1.0,0.170650222748518,0.1795711650699377,0.012257824727448394,0.3709002885222435,0.2239302694797516,0.191180020570755,0.4212167182439259
2653.0,1.0,0.16660551786422728,0.18931118234992028,0.10498101876815781,0.3708701774477959,0.22374297678470612,0.19090108573436737,0.42441235302860036
2654.0,1.0,0.1592932517081499,0.19159693464636804,0.4158132234215736,0.39754837393760684,0.22355949878692627,0.19058898091316223,0.42750122896177345
2655.0,1.0,0.15458501547574996,0.20252315007150173,0.5187200456857681,0.3876644206047058,0.2233797162771225,0.19023936986923218,0.43048504414188926
2656.0,1.0,0.16786877140402795,0.17740618288517,0.5862589937448501,0.39479317009449005,0.2232035994529724,0.18984724581241608,0.4333656568674513
2657.0,1.0,0.1672751387953758,0.19113494403660297,0.567368781119585,0.3778143388032913,0.22303105890750885,0.1894068866968155,0.4361450610037281
2658.0,1.0,0.1594513214379549,0.20297111187130212,0.5391596576571465,0.38003739327192304,0.22286200523376465,0.18891172111034393,0.4388253637667532
2659.0,1.0,0.15575095050036908,0.20475571796298028,0.35787593260407446,0.365261535346508,0.22269639372825623,0.18835419416427612,0.4414087657104062
2660.0,1.0,0.17158157899975776,0.19028018802404403,0.26653987482190133,0.38745795577764514,0.22253413498401642,0.18772560358047485,0.44389754272012283
2661.0,1.0,0.1501537211239338,0.2043944650888443,0.31146091476082804,0.3811216726899147,0.22237516939640045,0.18701598048210144,0.44629402983746047
2662.0,1.0,0.1725000510364771,0.1800007674843073,0.2992986451089382,0.3927542141079903,0.22221942245960236,0.18621385097503662,0.4486006067502757
2663.0,1.0,0.17632997386157512,0.21470888063311577,0.24535021306946875,0.4032165414094925,0.22206683456897736,0.18530605733394623,0.45081968480300816
2664.0,1.0,0.16975843593478201,0.18929521173238753,0.28377474659937435,0.39488498389720916,0.22191733121871948,0.1842775195837021,0.45295369538909824
2665.0,1.0,0.16501429371535778,0.17496052853763103,0.28384941883385184,0.3832607442140579,0.22177085280418396,0.1831110566854477,0.4550050796039784
2666.0,1.0,0.1548667983338237,0.19524543419480322,0.2047280198871158,0.38254301726818085,0.22162732481956482,0.18178701400756836,0.45697627904509375
2667.0,1.0,0.14422719925642014,0.16516951255500317,0.1838356856815517,0.4138051903247833,0.22148670256137848,0.18028317391872406,0.45886972765710254
2668.0,1.0,0.13019671924412252,0.18820964567363263,0.16664953134953975,0.3972676318883896,0.22134891152381897,0.17857445776462555,0.46068784452589284
2669.0,1.0,0.15565309166908264,0.16536811202764512,0.2038740586489439,0.3790370270609856,0.22121389210224152,0.176632821559906,0.4624330275388786
2670.0,1.0,0.16121962063014508,0.17998638700693845,0.2658478154242039,0.3991294205188751,0.22108158469200134,0.17442718148231506,0.4641076478303745
2671.0,1.0,0.16546928893774748,0.17322239115834237,0.10320405126487951,0.40924186825752257,0.22095192968845367,0.17192350327968597,0.4657140449416133
2672.0,1.0,0.14437607146799564,0.17593042768537998,0.114660072196275,0.4142161148786545,0.22082486748695374,0.16908515989780426,0.46725452262938916
2673.0,1.0,0.16163182206451893,0.17789803057909012,0.2693684380874038,0.4016830521821976,0.22070033848285675,0.1658734530210495,0.468731345263528
2674.0,1.0,0.15330794095993042,0.1717644041404128,0.13457188494270667,0.4048181176185608,0.22057829797267914,0.16224876046180725,0.47014673475790403
2675.0,1.0,0.15200691794976592,0.16594454508274795,0.18539332530228422,0.3952258065342903,0.22045868635177612,0.1581719070672989,0.47150286798454744
2676.0,1.0,0.14240150041878225,0.17553796216845513,0.41476829528808595,0.3824793142080307,0.22034142911434174,0.1536063849925995,0.47280187462563816
2677.0,1.0,0.1449761739745736,0.16909908205270768,0.4439633047580719,0.40584858059883117,0.22022651135921478,0.14852100610733032,0.47404583541990064
2678.0,1.0,0.13408594250679015,0.19120600014925004,0.35053615950047967,0.3823046624660492,0.2201138436794281,0.14289328455924988,0.4752367807655844
2679.0,1.0,0.15268442280590533,0.17335234574973582,0.22187317594885825,0.40074004620313647,0.2200033813714981,0.13671335577964783,0.4763766896447166
2680.0,1.0,0.13430844811722636,0.184067949578166,0.19436833918094634,0.39441840797662736,0.21989507973194122,0.12998798489570618,0.4774674888356216
2681.0,1.0,0.17866692174226045,0.18785764928907156,0.19340164273977278,0.40267894715070723,0.21978889405727386,0.12274453043937683,0.47851105238436276
2682.0,1.0,0.13902743306010962,0.15751462917774917,0.30596657350659373,0.4068250185251236,0.21968476474285126,0.11503385752439499,0.47950920130820407
2683.0,1.0,0.15360682025551797,0.1579652751237154,0.23939554288983345,0.4087237524986267,0.21958264708518982,0.10693194717168808,0.4804637035055137
2684.0,1.0,0.14420708768069745,0.15628535341471433,0.14201881705084815,0.407381292283535,0.21948249638080597,0.09853912144899368,0.48137627385026605
2685.0,1.0,0.15966745868325233,0.176323782838881,0.34601722601801155,0.4289817899465561,0.21938423812389374,0.08997669816017151,0.4822485744496774
2686.0,1.0,0.12993200719356537,0.17876959413290025,0.37656863138079644,0.40628462374210356,0.21928785741329193,0.08138097077608109,0.48308221504590065
2687.0,1.0,0.16055493772029877,0.16902106169611217,0.30657674215734004,0.4015377843379974,0.21919329464435577,0.07289493083953857,0.48387875354547205
2688.0,1.0,0.13266086496412755,0.14900811605155467,0.4195261880755424,0.3801394999027252,0.21910050511360168,0.06465877592563629,0.48463969665934314
2689.0,1.0,0.14178843207657338,0.17940199464559556,0.3544601133465767,0.41212161660194396,0.21900944411754608,0.05680045112967491,0.48536650063990194
2690.0,1.0,0.13349578857421876,0.16254848267883062,0.28628839299082753,0.41549597918987274,0.2189200520515442,0.04942762106657028,0.48606057210169595
2691.0,1.0,0.15088302496820688,0.16066889084875582,0.23537011720240117,0.4108584126830101,0.21883231401443481,0.04262203723192215,0.48672326891377793
2692.0,1.0,0.15494728982448577,0.15418314069509506,0.164502260312438,0.4173173519968987,0.218746155500412,0.03643693029880524,0.48735590115283145
2693.0,1.0,0.13940353713929654,0.1765784167870879,0.10748823815025389,0.4090768474340439,0.21866156160831451,0.03089730441570282,0.48795973210754084
2694.0,1.0,0.15767324168235064,0.14697390526533127,0.1528444197284989,0.40290295660495756,0.21857845783233643,0.02600271999835968,0.48853597932465576
2695.0,1.0,0.1327967171370983,0.1763625031709671,0.5108017609268427,0.4094473096728325,0.21849682927131653,0.021731670945882797,0.48908581568935716
2696.0,1.0,0.1368952228873968,0.16946080571040512,0.6778564330935478,0.40358145952224733,0.21841663122177124,0.018046777695417404,0.48961037053213374
2697.0,1.0,0.12587629873305559,0.14656586214900016,0.7170423448085785,0.41340950518846514,0.2183378040790558,0.01489999145269394,0.49011073075577016
2698.0,1.0,0.1492620889097452,0.1983531554043293,0.59130157828331,0.4190247178077698,0.21826031804084778,0.0122373066842556,0.49058794197667766
2699.0,1.0,0.14632804784923792,0.14084585789591075,0.2541555966436863,0.4085041207075119,0.21818412840366364,0.010002655908465385,0.49104300967495007
2700.0,1.0,0.14366104818880557,0.17436977811157703,0.11490216475911438,0.40538606643676756,0.21810920536518097,0.00814087688922882,0.4914769003486317
2701.0,1.0,0.13248908992856742,0.16607954449951648,0.15809387676417827,0.419023708999157,0.2180355042219162,0.0065997871570289135,0.49189054266787835
2702.0,1.0,0.12092781394720077,0.16642315052449702,0.1622549347952008,0.4284888458251953,0.21796298027038574,0.0053314887918531895,0.49228482862526235
2703.0,1.0,0.135453332439065,0.1592628736048937,0.08559706981992349,0.4370950847864151,0.2178916037082672,0.00429304176941514,0.4926606146788419
2704.0,1.0,0.13010709900408984,0.15584478233009577,0.04980941488030112,0.45529340028762816,0.21782132983207703,0.0034466772340238094,0.49301872288508264
2705.0,1.0,0.1276086002215743,0.15986613273620606,0.12389922868460417,0.436793395280838,0.2177521139383316,0.002759690163657069,0.49335994201901023
2706.0,1.0,0.12965624302625656,0.1611226899921894,0.28231705859303474,0.42906929850578307,0.21768391132354736,0.002204122021794319,0.49368502867937103
2707.0,1.0,0.13472558557987213,0.13801787801086904,0.20142899695783853,0.4302453625202179,0.2176167070865631,0.001756328041665256,0.4939947083768068
2708.0,1.0,0.1301305465400219,0.14938038006424903,0.26141042113304136,0.4424399435520172,0.21755045652389526,0.0013964929385110736,0.49428967660339396
2709.0,1.0,0.12312687613070011,0.1361592821776867,0.2735673025995493,0.4279641819000244,0.21748510003089905,0.0011081387056037784,0.4945705998819694
2710.0,1.0,0.12333511848002672,0.14493941627442836,0.2113238275051117,0.4101423227787018,0.21742062270641327,0.0008776530739851296,0.4948381167943019
2711.0,1.0,0.11091969456523657,0.157677572760731,0.3242105503752828,0.384567209482193,0.21735697984695435,0.0006938557489775121,0.49509283898678014
2712.0,1.0,0.14262542448937893,0.1617243268340826,0.04859635514119873,0.4120094013214111,0.2172941416501999,0.000547609874047339,0.49533535215296354
2713.0,1.0,0.12834746889770032,0.14660877181217075,0.009483111184598965,0.4079596817493439,0.21723206341266632,0.00043148142867721617,0.4955662169923656
2714.0,1.0,0.13037360657006503,0.16766796737909317,0.005285965959959036,0.4064843219518661,0.21717070043087006,0.00033944554161280394,0.49578597014488945
2715.0,1.0,0.12330318339169026,0.140954908169806,0.16049654563568766,0.38245108306407927,0.21711000800132751,0.0002666365180630237,0.4959951251004844
2716.0,1.0,0.1306609018519521,0.13891006577759982,0.455723612755537,0.40142676591873167,0.2170499861240387,0.00020913722983095795,0.49619417308393476
2717.0,1.0,0.10853337980806828,0.16079607985913755,0.5626740837097168,0.3908350545167923,0.21699056029319763,0.00016380332817789167,0.4963835839144961
2718.0,1.0,0.11975746173411608,0.13845749489963055,0.4938823175430298,0.3721267580986023,0.21693170070648193,0.00012811736087314785,0.4965638068404461
2719.0,1.0,0.10944214053452014,0.15629026502370835,0.5035842567682266,0.39540638625621793,0.2168733924627304,0.00010006872616941109,0.49673527134848605
2720.0,1.0,0.12185868825763464,0.14916889186948537,0.5407646609842778,0.37940970093011855,0.21681556105613708,7.805528730386868e-05,0.4968983879481961
2721.0,1.0,0.11658947557210922,0.1329791099205613,0.41612880855798723,0.384355850815773,0.21675819158554077,6.080303501221351e-05,0.4970535489317376
2722.0,1.0,0.1193603242188692,0.16223442770540714,0.26937970841201603,0.3674857458472252,0.21670123934745789,4.73009240522515e-05,0.4972011291089684
2723.0,1.0,0.11662373144179583,0.11918354220688343,0.30276172631420195,0.3587873497605324,0.21664467453956604,3.6748097045347095e-05,0.49734148651839316
2724.0,1.0,0.12282858973369003,0.13458782561123372,0.34017984305508436,0.37024968177080153,0.21658845245838165,2.851130011549685e-05,0.49747496311420747
2725.0,1.0,0.103467819057405,0.1787746553402394,0.49979044884443286,0.3864437651634216,0.21653252840042114,2.2090662241680548e-05,0.49760188542985784
2726.0,1.0,0.10716697622090578,0.12193929590284824,0.3992233535647392,0.3828203147649765,0.21647685766220093,1.7092237612814642e-05,0.4977225652185533
2727.0,1.0,0.13002674482762813,0.13240491561591625,0.48317884892225266,0.38386690318584443,0.21642142534255981,1.3206034054746851e-05,0.49783730007116
2728.0,1.0,0.1268237814307213,0.14007393904030324,0.2782347199320793,0.35587487012147906,0.21636617183685303,1.0188485248363577e-05,0.49794637401197006
2729.0,1.0,0.1144382819533348,0.1384400449693203,0.12256618466693908,0.3638919430971146,0.21631105244159698,7.848491804907098e-06,0.49805005807282665
2730.0,1.0,0.13220018193125724,0.15165388252586126,0.06915742054115981,0.35830863267183305,0.2162560522556305,6.036325885361293e-06,0.49814861084613904
2731.0,1.0,0.11150066327303648,0.14478817272931338,0.12645467942114919,0.3483727380633354,0.21620109677314758,4.6348322939593345e-06,0.4982422790173038
2732.0,1.0,0.12325223162770271,0.14417834132909774,0.06439432420418598,0.3606481486558914,0.21614615619182587,3.5524594750313554e-06,0.49833129787703667
2733.0,1.0,0.12495983147993683,0.14790412286296487,0.1246590579370968,0.3421818125247955,0.21609120070934296,2.717757070058724e-06,0.4984158918142203
2734.0,1.0,0.13127586502581834,0.14440600359812378,0.24534563219174743,0.3516003367304802,0.21603617072105408,2.0750303519889712e-06,0.49849627478974545
2735.0,1.0,0.11824361506849528,0.1201369883492589,0.34621977381408214,0.3474262574315071,0.21598103642463684,1.5809185924808844e-06,0.49857265079193613
2736.0,1.0,0.10585579071193933,0.13213423795998097,0.44660907685756684,0.3389879554510117,0.21592573821544647,1.2017042081424734e-06,0.4986452142741169
2737.0,1.0,0.11995303966104984,0.1406091795489192,0.42939027935266494,0.3267514631152153,0.2158702313899994,9.111991516874696e-07,0.49871415057479185
2738.0,1.0,0.11675879208371043,0.14669813562184572,0.29556597873568535,0.33728444665670393,0.2158144861459732,6.890875283716014e-07,0.498779636321073
2739.0,1.0,0.1225058762729168,0.13007136419415474,0.20233761405572295,0.342472480237484,0.21575844287872314,5.196272354623943e-07,0.49884183981583785
2740.0,1.0,0.10004255346953869,0.14231707783415914,0.224895012434572,0.33308095604181287,0.21570205688476562,3.9063496615199256e-07,0.49890092140914977
2741.0,1.0,0.11105195648968219,0.13409939847886562,0.3127776280418038,0.32856267750263213,0.21564528346061707,2.9269298806866573e-07,0.49895703385448065
2742.0,1.0,0.10316521197557449,0.11397348109632731,0.259855597987771,0.3284162014722824,0.2155880630016327,2.1853064424703916e-07,0.4990103226502487
2743.0,1.0,0.08953040305525065,0.15629743199795484,0.1651684931665659,0.3332048350572586,0.21553033590316772,1.6254227830359014e-07,0.49906092636715726
2744.0,1.0,0.09736785750836134,0.14479338712990283,0.10280789330543484,0.3308598518371582,0.21547208726406097,1.204119683961835e-07,0.49910897696186485
2745.0,1.0,0.10895973617210984,0.13520197093486785,0.12933327294886113,0.33049140125513077,0.21541322767734528,8.882197732873465e-08,0.4991546000774256
2746.0,1.0,0.1132506225258112,0.16827055536210536,0.11665475418791175,0.32783401995897293,0.21535371243953705,6.522622442162174e-08,0.49919791533103886
2747.0,1.0,0.10015441488474608,0.14027505200356244,0.12716772818937896,0.3003775605559349,0.2152934968471527,4.7674568293132324e-08,0.4992390365895025
2748.0,1.0,0.1019952231645584,0.12729269355535508,0.18243627194315196,0.3229361696541309,0.21523252129554749,3.467662423872753e-08,0.49927807223286425
2749.0,1.0,0.10775471433997154,0.12486224196851253,0.1820557549595833,0.2998257547616959,0.2151707112789154,2.509624685842482e-08,0.4993151254067252
2750.0,1.0,0.10420612832531333,0.12948803327977657,0.21589059956371784,0.3060099868476391,0.2151080220937729,1.8069870932890808e-08,0.49935029426357325
2751.0,1.0,0.10382385246455669,0.13033752942457796,0.2487881561368704,0.29613640397787094,0.21504439413547516,1.294332285795008e-08,0.4993836721936076
2752.0,1.0,0.0939556522294879,0.1530526571534574,0.0841666257265024,0.2947123435139656,0.21497976779937744,9.222954844290143e-09,0.4994153480454482
2753.0,1.0,0.09099930790252983,0.13853298397734762,0.02860601401560416,0.2961831709742546,0.21491405367851257,6.5378733538068445e-09,0.49944540633711165
2754.0,1.0,0.09757710311561824,0.12962734388187527,0.06805813948158175,0.2932398727536201,0.21484722197055817,4.610759773981954e-09,0.49947392745765207
2755.0,1.0,0.11000831410288811,0.12806225972250104,0.1259661385556683,0.3071743038296699,0.21477916836738586,3.235368195575461e-09,0.4995009878598191
2756.0,1.0,0.1003205613233149,0.1251460124924779,0.1814024968445301,0.29499068766832354,0.21470986306667328,2.2591852832931636e-09,0.4995266602441071
2757.0,1.0,0.1138097863085568,0.13311591504141687,0.16218831203877926,0.2847974556684494,0.21463920176029205,1.5701192568329247e-09,0.4995510137345308
2758.0,1.0,0.0993668257817626,0.11511906899511815,0.16133788246661424,0.2932824870944023,0.2145671248435974,1.0863082655632184e-09,0.49957411404645613
2759.0,1.0,0.1131301005743444,0.10016609484329819,0.1034475901350379,0.2865116369724274,0.2144935429096222,7.483567099342281e-10,0.49959602364682965
2760.0,1.0,0.11227029819041491,0.12983896352350713,0.1543498408421874,0.2651840563118458,0.2144184112548828,5.134525027372661e-10,0.49961680190709346
2761.0,1.0,0.1004309135954827,0.10370250474661588,0.18933817982673645,0.2905855134129524,0.21434162557125092,3.5093891681547973e-10,0.4996365052491054
2762.0,1.0,0.10607662368565798,0.12733829295262694,0.1902836464717984,0.274367561340332,0.21426309645175934,2.390045938938101e-10,0.4996551872843391
2763.0,1.0,0.10364038564264774,0.1393262405321002,0.2207369940727949,0.2731772601604462,0.2141827642917633,1.6222810594879178e-10,0.4996728989466548
2764.0,1.0,0.1071793291438371,0.10860087588429451,0.2570065312087536,0.2688020807504654,0.21410052478313446,1.0977123376942899e-10,0.4996896886189043
2765.0,1.0,0.07979381162673235,0.1496137208491564,0.22890096068382262,0.2750253067910671,0.21401630342006683,7.4060320376379e-11,0.4997056022536249
2766.0,1.0,0.09033860705792904,0.0966791032999754,0.19195496186614036,0.2641794766485691,0.21392999589443207,4.983130574842676e-11,0.49972068348807996
2767.0,1.0,0.10466946423053741,0.11123582052532584,0.18738917633891106,0.27399789601564406,0.2138414978981018,3.3443827568424567e-11,0.49973497375387366
2768.0,1.0,0.08241189703345299,0.12937073783017694,0.13126718148589134,0.26975387036800386,0.21375073492527008,2.2392147164262965e-11,0.49974851238138274
2769.0,1.0,0.09446495320647955,0.12081312853842974,0.13788357496261597,0.2629927259683609,0.21365760266780853,1.495898023506914e-11,0.4997613366992128
2770.0,1.0,0.08029913645237684,0.12587492199614644,0.18982948005199432,0.2608294454216957,0.2135619819164276,9.972093463483933e-12,0.49977348212890055
2771.0,1.0,0.09858230657875539,0.10611123640090227,0.25552175477147104,0.24987244725227356,0.21346378326416016,6.6342482722692164e-12,0.49978498227505747
2772.0,1.0,0.09941070783883334,0.13012688575312495,0.22297707974910735,0.2644371324777603,0.2133628875017166,4.405064854551277e-12,0.4997958690111571
2773.0,1.0,0.10721768960356712,0.12614354096353053,0.3284968255460262,0.27294487595558165,0.21325919032096863,2.9194027837547987e-12,0.49980617256114457
2774.0,1.0,0.10059541476890445,0.12903573084622622,0.36585299104452135,0.2753489914536476,0.21315255761146545,1.931232517654591e-12,0.4998159215770536
2775.0,1.0,0.09259895352646709,0.1173534929472953,0.3118190734833479,0.2937229171395302,0.21304289996623993,1.2752168028137834e-12,0.4998251432127973
2776.0,1.0,0.09817215152084828,0.12377587385475636,0.278907218798995,0.18052755579352378,0.21293005347251892,8.405139648517967e-13,0.4998338631942994
2777.0,1.0,0.09591874153353273,0.11628635928966105,0.18510381996631622,0.16504745841026305,0.21281392872333527,5.529845787007048e-13,0.4998421058861203
2778.0,1.0,0.09392880341038108,0.1223626876436174,0.18658868931233882,0.19001174122095107,0.21269437670707703,3.6314270275734917e-13,0.4998498943547286
2779.0,1.0,0.0848656642343849,0.12452656162902713,0.18397527815774084,0.27129776269197464,0.21257126331329346,2.3802398311893735e-13,0.4998572504285607
2780.0,1.0,0.08194177871569991,0.0887346762418747,0.337594930678606,0.267683641910553,0.2124444544315338,1.557114354990008e-13,0.49986419475500465
2781.0,1.0,0.08773472838103771,0.11143286249600351,0.26197141520678996,0.24679094046354294,0.21231380105018616,1.0165967460201708e-13,0.49987074685443766
2782.0,1.0,0.10475782446563243,0.1129950711131096,0.25883573725819586,0.25371176421642305,0.21217915415763855,6.623272487101331e-14,0.4998769251714428
2783.0,1.0,0.09024773623794317,0.11566761400550604,0.2434146349877119,0.2538562524318695,0.21204037964344025,4.305816093215162e-14,0.49988274712332254
2784.0,1.0,0.0900871677044779,0.12570672411471606,0.3285628067702055,0.24524929344654084,0.21189728379249573,2.7929097091137535e-14,0.49988822914601827
2785.0,1.0,0.08050941340625287,0.09992296876385807,0.26412172622978686,0.22148747742176056,0.21174974739551544,1.8073140301499112e-14,0.49989338673755046
2786.0,1.0,0.1080855930969119,0.12564117110334336,0.2126656113564968,0.25711354732513425,0.21159757673740387,1.1666490561427437e-14,0.499898234499071
2787.0,1.0,0.09320683366619051,0.10047654425725341,0.2002687695622444,0.23174569442868231,0.21144060790538788,7.511554244821021e-15,0.4999027861736337
2788.0,1.0,0.1064057799614966,0.0940489416755736,0.29302491337060926,0.22791412368416786,0.21127866208553314,4.823417259678352e-15,0.4999070546827684
2789.0,1.0,0.07981998129282147,0.12501448020339012,0.4438141053915024,0.24231892466545105,0.21111157536506653,3.0886448675488407e-15,0.4999110521609484
2790.0,1.0,0.09278360340744257,0.12271915346384049,0.3763145159184933,0.22326949939131738,0.21093913912773132,1.972073330984013e-15,0.4999147899880316
2791.0,1.0,0.09194831017404795,0.12879941089078784,0.2155745480209589,0.23052625611424446,0.210761159658432,1.2553817077740862e-15,0.49991827881975515
2792.0,1.0,0.10149067806079984,0.09061394601594656,0.04844623803335708,0.23878143191337586,0.21057745814323425,7.966816560399197e-16,0.49992152861635486
2793.0,1.0,0.09300127032212913,0.10758538301102817,0.0820935361343436,0.2331587929278612,0.21038781106472015,5.039789920230331e-16,0.4999245486693801
2794.0,1.0,0.11719582724384964,0.09706205516122282,0.113311981074512,0.23321037188172342,0.2101920247077942,3.177792067692481e-16,0.4999273476267675
2795.0,1.0,0.08550332020968199,0.11466411281377077,0.15341599490493535,0.22980416983366012,0.20998987555503845,1.997082269919272e-16,0.49992993351623805
2796.0,1.0,0.10032455499051139,0.09824399439617991,0.2501097138226032,0.22126703068614006,0.20978114008903503,1.250839890641129e-16,0.4999323137670696
2797.0,1.0,0.07938308271579445,0.09338278464972972,0.2664804846793413,0.22335967153310776,0.20956560969352722,7.807769051544359e-17,0.49993449523030425
2798.0,1.0,0.07703270958736538,0.09674549546092749,0.2608920422196388,0.23419924527406694,0.20934301614761353,4.856934565159441e-17,0.4999364841974354
2799.0,1.0,0.07111114542931318,0.11798929948359728,0.3217120562493801,0.22458767920732498,0.20911315083503723,3.010961252494662e-17,0.499938286417625
2800.0,1.0,0.07311527921818196,0.1150585941132158,0.3188441197574139,0.2236081250011921,0.20887574553489685,1.8602006537645685e-17,0.49993990711349134
2801.0,1.0,0.08418603003956378,0.10962310280650854,0.22970522144809366,0.21671513497829437,0.20863056182861328,1.1453464534667504e-17,0.49994135099550896
2802.0,1.0,0.08008407367626205,0.10621456515043974,0.26340494081377985,0.22545455381274224,0.20837733149528503,7.028351005613e-18,0.49994262227505576
2803.0,1.0,0.08413000823929906,0.10020542478188872,0.2221397415548563,0.23030055642127992,0.20811578631401062,4.29865043469464e-18,0.49994372467614207
2804.0,1.0,0.08871941652381793,0.08710026336833834,0.20290020249783994,0.22902532204985618,0.20784565806388855,2.6206008247965976e-18,0.4999446614458504
2805.0,1.0,0.08344367905519903,0.10324016232043505,0.19724747836589812,0.24366470843553542,0.20756664872169495,1.5925465349178504e-18,0.4999454353635152
2806.0,1.0,0.08765254217199982,0.09733241090551019,0.1610242097452283,0.23594638898968698,0.20727850496768951,9.64810645182357e-19,0.4999460487486647
2807.0,1.0,0.05779095181263983,0.1154135168157518,0.11327307661995292,0.23147790431976317,0.206980898976326,5.827604771685486e-19,0.49994650346774744
2808.0,1.0,0.08591970358043909,0.10529935200698674,0.04237168148130877,0.22286082163453103,0.2066735476255417,3.5097622357445885e-19,0.4999468009396628
2809.0,1.0,0.06640830877237022,0.11273172318004071,0.04052010639570654,0.21799446001648903,0.20635612308979034,2.1078905255430143e-19,0.4999469421401092
2810.0,1.0,0.061782284979708495,0.12082721493206919,0.06189125519129448,0.22838613241910935,0.20602832734584808,1.2625402446004058e-19,0.4999469276047652
2811.0,1.0,0.0701895135268569,0.08179982821457088,0.1720330109447241,0.2349191302061081,0.20568983256816864,7.542468700980055e-20,0.499946757431312
2812.0,1.0,0.08406415781006217,0.07670871086418629,0.35606426030397414,0.22403206065297127,0.20534031093120575,4.494660341717336e-20,0.49994643128030675
2813.0,1.0,0.0573879777174443,0.08824034902267158,0.3792509499192238,0.22102223619818687,0.20497940480709076,2.6720124521616352e-20,0.499945948374909
2814.0,1.0,0.07944997219601646,0.10657154382206499,0.22157848056405782,0.2154061648249626,0.2046068012714386,1.5848208618670612e-20,0.49994530749946636
2815.0,1.0,0.07125244552269577,0.10416581248864532,0.1353238644823432,0.2260264115035534,0.20422212779521942,9.379125508132452e-21,0.49994450699695464
2816.0,1.0,0.07385376811027528,0.10560371577739716,0.15169255629181863,0.22670328095555306,0.20382501184940338,5.538899528573457e-21,0.4999435447652738
2817.0,1.0,0.08205572289414703,0.07227487936615944,0.15844643004238607,0.2186599652469158,0.2034151256084442,3.2643747853351497e-21,0.49994241825239155
2818.0,1.0,0.068503980897367,0.07956730600446463,0.12165501032024623,0.22310533002018929,0.20299206674098969,1.920110364450405e-21,0.49994112445032646
2819.0,1.0,0.07840696829371155,0.10738570493645966,0.16753731705248356,0.21185018941760064,0.20255547761917114,1.127286020093171e-21,0.4999396598879625
2820.0,1.0,0.07326477281283587,0.08666297787800431,0.236136212348938,0.22286437451839447,0.20210494101047516,6.606226162392275e-22,0.49993802062267856
2821.0,1.0,0.08498886542860419,0.09116018036846071,0.2358765086531639,0.2197374700009823,0.20164009928703308,3.8646634010333527e-22,0.4999362022307795
2822.0,1.0,0.07234293323475867,0.07002662532031537,0.1162105948664248,0.1961452569067478,0.20116055011749268,2.2570125865004784e-22,0.49993419979670917
2823.0,1.0,0.07463071192614734,0.07784323893021793,0.06670115213142708,0.20554997861385346,0.20066587626934052,1.3159624897425668e-22,0.499932007901025
2824.0,1.0,0.08108302043750883,0.08296061414293945,0.0533881607837975,0.2068348255753517,0.20015567541122437,7.66057145261607e-23,0.49992962060711044
2825.0,1.0,0.0617553360038437,0.08465148769319057,0.06812229434028268,0.21758074328303337,0.199629545211792,4.452521537862092e-23,0.49992703144659867
2826.0,1.0,0.07038017071783542,0.07431890753097832,0.09090155676007271,0.20901427187025548,0.19908705353736877,2.584016604741284e-23,0.4999242334034792
2827.0,1.0,0.06201470197644085,0.060070844180881974,0.12557096235454082,0.19095196396112443,0.19852778315544128,1.4974228700386716e-23,0.4999212188968555
2828.0,1.0,0.07275597198866307,0.08823555691167712,0.13918325871229173,0.21323656603693963,0.1979513168334961,8.66497597841424e-24,0.4999179797623208
2829.0,1.0,0.08654965026769787,0.0792128032259643,0.22557809308171273,0.19802207924425602,0.19735722243785858,5.0069877289982415e-24,0.49991450723191155
2830.0,1.0,0.061856616998557004,0.08112982147373259,0.18135399905964733,0.20404954358935357,0.19674506783485413,2.8892360003147487e-24,0.49991079191260396
2831.0,1.0,0.06832511196844279,0.11929053161293268,0.1185862729512155,0.20737949937582015,0.1961144059896469,1.6649331445273747e-24,0.49990682376330686
2832.0,1.0,0.05635605155956,0.07389494911767543,0.1007312201266177,0.1928773806989193,0.1954648345708847,9.581351713014023e-25,0.49990259207030724
2833.0,1.0,0.07241841547191143,0.10975090705789625,0.10511630997993052,0.19537506818771364,0.1947958916425705,5.506565648880882e-25,0.49989808542112224
2834.0,1.0,0.06918760242406279,0.0726615495607257,0.14063135467469692,0.17759294494986533,0.19410715997219086,3.1605744215154113e-25,0.49989329167670205
2835.0,1.0,0.08152424771338701,0.09173467125277966,0.18542357660830022,0.1900029818713665,0.19339819252490997,1.8117102808822198e-25,0.4998881979419347
2836.0,1.0,0.07349840833805502,0.07523615122307092,0.16841427326202393,0.1794334287941456,0.19266855716705322,1.03718137593536e-25,0.49988279053439283
2837.0,1.0,0.07721171993296594,0.07782279617153108,0.13243189230561256,0.1781026553362608,0.19191783666610718,5.930197143752825e-26,0.4998770549512648
2838.0,1.0,0.08048071421682834,0.07530426500365138,0.12497479852288962,0.1777992308884859,0.19114559888839722,3.386387273119365e-26,0.49987097583440443
2839.0,1.0,0.06407183439936488,0.06606905478984118,0.15148718595504762,0.18578302770853042,0.19035141170024872,1.9313529008874437e-26,0.4998645369334365
2840.0,1.0,0.07586838243529201,0.10027230359148234,0.24344227448105812,0.17497233524918557,0.18953488767147064,1.1001402569289721e-26,0.49985772106684856
2841.0,1.0,0.06047460786532611,0.08718628563918174,0.33020218074321744,0.15638141088187696,0.18869557976722717,6.258924111124571e-27,0.49985051008099496
2842.0,1.0,0.07462905886583031,0.0965776889398694,0.4057180579006672,0.16718603074550628,0.18783313035964966,3.556477316901879e-27,0.4998428848069403
2843.0,1.0,0.060286515005864204,0.084614018779248,0.410055892765522,0.14507230946794153,0.18694710731506348,2.0184238855243995e-27,0.49983482501506415
2844.0,1.0,0.06760541319381445,0.06534110952168704,0.3380907055735588,0.15216651923954486,0.18603715300559998,1.1441421131834834e-27,0.49982630936734324
2845.0,1.0,0.06366527663310989,0.0678071459196508,0.3368531954288483,0.1343130936473608,0.1851028949022293,6.477774849239082e-28,0.499817315367229
2846.0,1.0,0.06864182552788406,0.10311136706615798,0.27775746434926984,0.13738986179232598,0.18414396047592163,3.663135606111536e-28,0.49980781930703294
2847.0,1.0,0.06879791081883013,0.07341026675887406,0.17845691911876202,0.13733610861003398,0.18316003680229187,2.0690178725704577e-28,0.4997977962127272
2848.0,1.0,0.07095394614851103,0.09734303324483334,0.1442843783646822,0.12458997212350369,0.18215078115463257,1.1672459539823415e-28,0.49978721978606544
2849.0,1.0,0.07738223103806377,0.0737007998675108,0.1621595972776413,0.12835272088646887,0.18111588060855865,6.57733664030853e-29,0.49977606234393357
2850.0,1.0,0.0583694564178586,0.08000327126123011,0.21761603347957134,0.11026588320732117,0.18005505204200745,3.7019439972706e-29,0.49976429475482176
2851.0,1.0,0.06465803791303187,0.07657961273565889,0.30729770347476004,0.12787932865321636,0.17896802723407745,2.08115342798394e-29,0.4997518863723172
2852.0,1.0,0.06987636051140726,0.08667071277275681,0.43675852328538894,0.10891799662262201,0.17785456776618958,1.1686246489886244e-29,0.499738804965518
2853.0,1.0,0.05376924786251038,0.08873885380802676,0.2489855096489191,0.1107298056408763,0.1767144352197647,6.554577565043842e-30,0.4997250166462469
2854.0,1.0,0.05226645128801465,0.08244994791224598,0.2129239259008318,0.0887944309413433,0.17554745078086853,3.672102540330343e-30,0.49971048579296806
2855.0,1.0,0.05841782670700923,0.06855616824701428,0.15842594727873802,0.10644339248538018,0.1743534356355667,2.0548812985142485e-30,0.499695174971276
2856.0,1.0,0.05235262928996235,0.08996818058192729,0.16935126615688204,0.09420266008004546,0.17313224077224731,1.1485808904426969e-30,0.4996790448508547
2857.0,1.0,0.06730061467911583,0.07334600719157607,0.1687736665830016,0.08252915485762059,0.17188377678394318,6.412684206193372e-31,0.49966205411877884
2858.0,1.0,0.04915213948581368,0.08936966363340616,0.19882093161344527,0.0911387263610959,0.17060795426368713,3.5761979999473194e-31,0.49964415938903595
2859.0,1.0,0.05735797174274922,0.0789120251685381,0.2523531157523394,0.08782421379350126,0.1693047285079956,1.992076422101227e-31,0.4996253151081541
2860.0,1.0,0.05260357020364609,0.07595885613933205,0.2727214789390564,0.0858691944833845,0.1679740995168686,1.1083878468719798e-31,0.4996054734567974
2861.0,1.0,0.056192829990759495,0.08011708059115336,0.4482191543281078,0.07208344837650657,0.16661608219146729,6.159940107878156e-32,0.49958458424721264
2862.0,1.0,0.0535494924755767,0.0872359967790544,0.6028206044435501,0.06433687179349362,0.16523075103759766,3.419454585698081e-32,0.49956259481639953
2863.0,1.0,0.07025749014224857,0.09912369469180703,0.4502240791916847,0.06985055832657963,0.16381821036338806,1.8959557200620306e-32,0.4995394499148694
2864.0,1.0,0.06285148951457814,0.0644549339869991,0.2642936873435974,0.0752706599154044,0.16237862408161163,1.049988729163312e-32,0.49951509159086616
2865.0,1.0,0.06771700906567275,0.10833536531310528,0.18482068967074156,0.06418783093802631,0.1609121561050415,5.807893508802297e-33,0.49948945906993236
2866.0,1.0,0.05447500557638705,0.0619006317621097,0.20124151855707167,0.07869174856692553,0.15941905975341797,3.208639298238101e-33,0.499462488629673
2867.0,1.0,0.06776213907636702,0.08310427956283092,0.2983555465936661,0.19551408559083938,0.15789960324764252,1.7704355516604637e-33,0.4994341134696103
2868.0,1.0,0.05187776716658846,0.09311406263150275,0.43060398966073987,0.31167584598064424,0.1563541144132614,9.756245871744932e-34,0.4994042635759899
2869.0,1.0,0.04010306881507859,0.06365086815319955,0.38587782889604566,0.05641267042607069,0.1547829657793045,5.369236210451363e-34,0.49937286558142957
2870.0,1.0,0.0675482522440143,0.07633181173354388,0.22708163819275795,0.0120131161052268,0.15318657457828522,2.9508730858166993e-34,0.49933984261928543
2871.0,1.0,0.060849484009668234,0.06640974470879883,0.17260226156562566,0.008594557393807918,0.15156541764736176,1.6194760416517212e-34,0.4993051141726246
2872.0,1.0,0.06773573347833008,0.06771291200071573,0.15469288965687156,0.03846769507974386,0.14991998672485352,8.874804991406316e-35,0.4992685959176979
2873.0,1.0,0.060154086304828526,0.08242145896190778,0.08467013783752918,0.26334270760416983,0.14825086295604706,4.85594420437283e-35,0.4992301995618045
2874.0,1.0,0.05379415592062287,0.06591156377806329,0.07817278515547514,0.22176245734095573,0.14655865728855133,2.6526817948620744e-35,0.4991898326754729
2875.0,1.0,0.06519616679637692,0.08370579131413251,0.12710445834323764,0.0787977422401309,0.14484401047229767,1.446620286129525e-35,0.49914739851885037
2876.0,1.0,0.05020896021509543,0.06251738080754876,0.14173862643539906,0.055581029369495806,0.14310763776302338,7.874774696388666e-36,0.49910279586224227
2877.0,1.0,0.07558052866952494,0.07114865748677403,0.22671172600239514,0.042981288936571216,0.14135029911994934,4.278451825290872e-36,0.49905591880074773
2878.0,1.0,0.05593438079580665,0.07358841367997229,0.3223609587550163,0.05462356434203684,0.13957279920578003,2.319770013936961e-36,0.4990066565629203
2879.0,1.0,0.06294078205246478,0.06721983781317249,0.3326975844800472,0.045972449235268865,0.1377759873867035,1.2550232627133959e-36,0.4989548933134478
2880.0,1.0,0.06319518979958957,0.059729627568740395,0.3384963145852089,0.028176192420796723,0.13596072793006897,6.773910856124818e-37,0.49890050794982166
2881.0,1.0,0.043827879251912234,0.05312499931082129,0.26880516070872545,0.0523708544112742,0.13412798941135406,3.6469839584265908e-37,0.49884337389301425
2882.0,1.0,0.04744084642268717,0.07096582879777998,0.436771314740181,0.062277614378836006,0.13227872550487518,1.9581870296817397e-37,0.49878335887219416
2883.0,1.0,0.053989541369955985,0.0760086241364479,0.3909365066885948,0.04504832492093556,0.1304139643907547,1.048366872580583e-37,0.4987203247035197
2884.0,1.0,0.05873862572247163,0.0644647901179269,0.4645842170715332,0.04251833988528233,0.12853474915027618,5.59523174625669e-38,0.49865412706312773
2885.0,1.0,0.04974687110865489,0.07297126232646406,0.4126921471953392,0.07259085759753361,0.12664218246936798,2.9762542421395514e-38,0.498584615254408
2886.0,1.0,0.06361277064308524,0.07560478050610982,0.2961342440545559,0.06760318212909625,0.12473738193511963,1.5774877840099229e-38,0.49851163196972115
2887.0,1.0,0.05265854586847127,0.06385719075333326,0.35090696811676025,0.0662274547375273,0.12282149493694305,8.329130297952493e-39,0.4984350130467847
2888.0,1.0,0.052752431698609145,0.07654927700292319,0.3115904775261879,0.05744940946868155,0.12089572101831436,4.379885868407469e-39,0.49835458721989623
2889.0,1.0,0.05834390006959438,0.061818067035637796,0.3246289990097284,0.04863590880937409,0.11896125972270966,2.2932277394644918e-39,0.49827017586637057
2890.0,1.0,0.05388742093695328,0.06379702263977378,0.4960874941945076,0.03897012042929418,0.11701934039592743,1.1952165056688878e-39,0.49818159274845186
2891.0,1.0,0.044485030433716016,0.055798304487252606,0.4490630656480789,0.04896911786985583,0.11507122218608856,6.199540587957996e-40,0.49808864375114315
2892.0,1.0,0.054265244756825266,0.057533486597239974,0.40828563272953033,0.051168298065604176,0.11311815679073334,3.1995567576235683e-40,0.4979911266163932
2893.0,1.0,0.06074185504345223,0.11063124776119367,0.3735790690779686,0.06245041126850993,0.11116144061088562,1.6426721248047668e-40,0.4978888306742122
2894.0,1.0,0.06554500960104633,0.07504824210889638,0.26225574404001234,0.045070455039385705,0.10920236259698868,8.388312737294787e-41,0.49778153657128055
2895.0,1.0,0.05143028195365332,0.08981352190021426,0.24133319810032844,0.03733970679924823,0.10724221169948578,4.2598072017010114e-41,0.4976690159977757
2896.0,1.0,0.06921101310639642,0.06149346655700356,0.1882682752609253,0.06192410994670354,0.10528229176998138,2.1511332725850267e-41,0.4975510314132414
2897.0,1.0,0.05746659923810512,0.06325141911860556,0.21874198839068412,0.04578252889215946,0.10332389920949936,1.080120856301569e-41,0.49742733577231135
2898.0,1.0,0.04116684594191611,0.041623308616690335,0.26426840826869014,0.04598491087264847,0.10136833041906357,5.392196490721896e-42,0.49729767225140886
2899.0,1.0,0.0432513952604495,0.06403944581747055,0.29172502681612966,0.04654006447410211,0.09941688179969788,2.6764800668604006e-42,0.4971617739774308
2900.0,1.0,0.051629639223683625,0.08151199479587376,0.29976153939962386,0.04321272545901593,0.09747081249952316,1.3214244518583025e-42,0.4970193637598008
2901.0,1.0,0.04411171320010908,0.07067232543602586,0.2929891502857208,0.035349242220836456,0.0955314040184021,6.488011889823903e-43,0.49687015382721267
2902.0,1.0,0.055495415260083975,0.059281537421047685,0.21865583717823028,0.0435397855611518,0.09359988570213318,3.1669345293740866e-43,0.49671384557065323
2903.0,1.0,0.04163414568029111,0.056720079134684055,0.18319826632738112,0.04345758108771406,0.09167749434709549,1.5414283107572988e-43,0.49655012929451114
2904.0,1.0,0.05245194583170815,0.07593642741208896,0.2485625773668289,0.046050408410374076,0.08976542949676514,7.42688186092153e-44,0.4963786839776043
2905.0,1.0,0.04707776087569073,0.04570352356298826,0.33071562975645064,0.05364221016177908,0.08786486089229584,3.5032461608120427e-44,0.49619917704631966
2906.0,1.0,0.046643321587762326,0.07738863200298511,0.34018745481967927,0.05747403027606197,0.08597694337368011,1.6815581571897805e-44,0.4960112641622292
2907.0,1.0,0.04639147778856568,0.07966304840520025,0.39493258863687514,0.05406750248017488,0.08410278707742691,8.407790785948902e-45,0.49581458902674225
2908.0,1.0,0.049200195508892645,0.07319155354518443,0.4024535197019577,0.07045216369791887,0.08224346488714218,4.203895392974451e-45,0.4956087832056948
2909.0,1.0,0.05727936116047203,0.05834803179372102,0.36959446758031844,0.05637834939348977,0.08040003478527069,1.401298464324817e-45,0.49539346597699563
2910.0,1.0,0.04268062894640025,0.0723452382767573,0.258037625849247,0.05656208691652864,0.07857348769903183,1.401298464324817e-45,0.495168244204784
2911.0,1.0,0.06535643837414681,0.06422773577738554,0.1634638039767742,0.04316878762387205,0.0767647922039032,0.0,0.49493271224393354
2912.0,1.0,0.052701283959904685,0.06785387495765463,0.1753983323276043,0.06091404795413837,0.07497487217187881,0.0,0.49468645187896776
2913.0,1.0,0.053905234661942816,0.08546133912634105,0.20117205739021302,0.03644274809819763,0.07320461422204971,0.0,0.4944290323020315
2914.0,1.0,0.047475828921596984,0.05271770315710455,0.2328836826235056,0.056331576296361166,0.07145483791828156,0.0,0.494160010134836
2915.0,1.0,0.055807244882453234,0.06199392242357135,0.22380824699997903,0.04814238096354529,0.06972634047269821,0.0,0.4938789295000152
2916.0,1.0,0.051626536280382426,0.06480595280183479,0.21942356690764428,0.0752478863298893,0.06801985204219818,0.0,0.4935853221478581
2917.0,1.0,0.03563932625809684,0.06092151230201125,0.39727405726909637,0.051902090128860434,0.06633608043193817,0.0,0.4932787076449099
2918.0,1.0,0.05235483350930736,0.08232262819539755,0.5529113955795765,0.052576264429371806,0.06467565894126892,0.0,0.4929585936314549
2919.0,1.0,0.04370380368432961,0.04864754705457017,0.3043000060459599,0.052767456905567084,0.06303919106721878,0.0,0.4926244761556422
2920.0,1.0,0.03653326037107035,0.053086028281832114,0.5073256483674049,0.055302370978170076,0.06142721697688103,0.0,0.4922758400927467
2921.0,1.0,0.04880898358765989,0.05088269392494112,0.4788201504945755,0.05846234420780092,0.05984024703502655,0.0,0.49191215965847945
2922.0,1.0,0.03149824389722198,0.04579617410199717,0.413807258605957,0.03306841540179448,0.058278728276491165,0.0,0.49153289902656994
2923.0,1.0,0.04530928686028347,0.04456076616770588,0.3034404653310776,0.04846878110663965,0.056743066757917404,0.0,0.4911375130614566
2924.0,1.0,0.03675743944768328,0.07631775338202715,0.3058985820412636,0.047943383990204896,0.05523362010717392,0.0,0.4907254481776846
2925.0,1.0,0.037505456665530804,0.07150242361240089,0.37278892904520033,0.06771739404532127,0.053750693798065186,0.0,0.49029614333919724
2926.0,1.0,0.046194924848969095,0.05614934413926676,0.36733618535101414,0.04431081149785314,0.05229455977678299,0.0,0.48984903121221635
2927.0,1.0,0.052790181683958506,0.03848633297486231,0.4469083824753761,0.054306008042767646,0.05086543783545494,0.0,0.48938353948718216
2928.0,1.0,0.04739826692151837,0.05908670191653073,0.3997633031196892,0.04213556630216772,0.049463506788015366,0.0,0.4888990923862586
2929.0,1.0,0.038712566128815525,0.06930491757113487,0.5427985674142838,0.04545089107443346,0.04808890074491501,0.0,0.48839511237434863
2930.0,1.0,0.03784599380218424,0.044679496488533914,0.49585875391960144,0.0529502050037263,0.04674171656370163,0.0,0.48787102209324473
2931.0,1.0,0.037591168576836934,0.0588488469645381,0.32213218495249746,0.0551894340722356,0.04542200639843941,0.0,0.4873262465404835
2932.0,1.0,0.04199175443995046,0.06865257578436285,0.3051428523659706,0.034212234152364546,0.044129788875579834,0.0,0.48676021551580817
2933.0,1.0,0.04110991986002773,0.07364703820087015,0.4102091833949089,0.050162394392245915,0.042865049093961716,0.0,0.4861723663606554
2934.0,1.0,0.05854185461299494,0.049431782669853416,0.4920810130238533,0.06039477573736804,0.041627731174230576,0.0,0.4855621470183529
2935.0,1.0,0.04896538014058024,0.04862641889601946,0.4769603258371353,0.05753677777247503,0.04041774570941925,0.0,0.4849290194446567
2936.0,1.0,0.03979317473364063,0.060430860186461356,0.28396558716893194,0.040078934668563305,0.03923497721552849,0.0,0.4842724634014033
2937.0,1.0,0.05002933779032901,0.05802327430574224,0.33082457214593886,0.05215728204930201,0.03807927668094635,0.0,0.4835919806689226
2938.0,1.0,0.03833142160438001,0.05592329429928213,0.28992522805929183,0.04997981540567707,0.03695046156644821,0.0,0.48288709971561516
2939.0,1.0,0.02776658489659894,0.05634393079206348,0.22595415651798248,0.05922437839210033,0.035848334431648254,0.0,0.4821573808670152
2940.0,1.0,0.040905731912716875,0.06664660674752668,0.3148140996694565,0.051997909951023755,0.034772664308547974,0.0,0.48140242202040895
2941.0,1.0,0.04206123642972671,0.056994332547765224,0.3161204308271408,0.04558180238993373,0.033723197877407074,0.0,0.48062186495457127
2942.0,1.0,0.04538042384301662,0.0578560037072748,0.30544306606054306,0.04657527178933378,0.03269966319203377,0.0,0.4798154022898089
2943.0,1.0,0.03774714932427742,0.06731730640516616,0.3162666293978691,0.045958103972952816,0.03170176222920418,0.0,0.4789827851572426
2944.0,1.0,0.036582751708920114,0.05453244120115414,0.2829282161127776,0.06765665911138058,0.030729183927178383,0.0,0.47812383164227157
2945.0,1.0,0.0390347569657024,0.042294745872495695,0.2661520679295063,0.04938108368543908,0.02978159859776497,0.0,0.4772384360730655
2946.0,1.0,0.04106620304461103,0.07799513922072947,0.33873621772974727,0.03888826491252985,0.02885865978896618,0.0,0.4763265792303102
2947.0,1.0,0.04716436150207301,0.0463395211531315,0.4212558923661709,0.0552097638923442,0.02796000801026821,0.0,0.475388339562663
2948.0,1.0,0.04472411950235255,0.04398930107592605,0.2951855275034905,0.030550247919600225,0.02708526886999607,0.0,0.4744239054987034
2949.0,1.0,0.04486855044146068,0.035593620904255656,0.2064793039858341,0.045903778844513,0.026234060525894165,0.0,0.47343358895392385
2950.0,1.0,0.04956621151184663,0.05700592534383759,0.1891054303199053,0.03885906752781011,0.025405989959836006,0.0,0.47241784014141786
2951.0,1.0,0.04924310603295453,0.052946376772597434,0.10422361092641949,0.05376130019314587,0.024600651115179062,0.0,0.4713772638018199
2952.0,1.0,0.040298328677308745,0.06584262101212517,0.08075468671508133,0.023143677325570024,0.02381763607263565,0.0,0.47031263697972747
2953.0,1.0,0.029274190655705752,0.04727997540961951,0.19342049293220043,0.042302850361447784,0.023056527599692345,0.0,0.4692249284825962
2954.0,1.0,0.036270112698839514,0.07083468780852854,0.3196877188980579,0.05756469865038525,0.02231690287590027,0.0,0.4681153201699999
2955.0,1.0,0.03787957016378641,0.04987756116548553,0.37423416316509245,0.05411846401402727,0.021598337218165398,0.0,0.4669852302315718
2956.0,1.0,0.038868413557720485,0.070836284206016,0.3392210830003023,0.05100328452535905,0.02090039849281311,0.0,0.46583633862316276
2957.0,1.0,0.03812922787896241,0.05806933133513667,0.20521706196886952,0.04643988043419085,0.020222658291459084,0.0,0.46467061484344185
2958.0,1.0,0.031172420780931135,0.06031003277632408,0.31054689082317055,0.036919831674313175,0.019564678892493248,0.0,0.46349034824260116
2959.0,1.0,0.045952800572267735,0.05493656491511501,0.4129614835977554,0.059526209997420663,0.01892603188753128,0.0,0.4622981810681921
2960.0,1.0,0.03340224244573619,0.06532183320727199,0.37405040234327314,0.042767852717079224,0.018306279554963112,0.0,0.46109714446099304
2961.0,1.0,0.0213924687349936,0.036202079220674935,0.26811867475509643,0.04945931406749878,0.01770498976111412,0.0,0.45989069762410395
2962.0,1.0,0.027093688558306895,0.05146150830492843,0.2619688275456429,0.04367043858394027,0.017121732234954834,0.0,0.4586827703949439
2963.0,1.0,0.04021728741441621,0.030646076232660562,0.11252616725163535,0.06035950466466602,0.01655607856810093,0.0,0.4574778094542751
2964.0,1.0,0.03846706447657198,0.0532696587801911,0.013648841474770208,0.03506849813158624,0.016007600352168083,0.0,0.4562808284075288
2965.0,1.0,0.0347135521954624,0.03443817932158708,0.04617760525770492,0.05293264477106277,0.015475877560675144,0.0,0.4550974619704391
2966.0,1.0,0.032153761063236745,0.05089805721538141,0.18489815531997011,0.04872337131761015,0.01496049016714096,0.0,0.4539340244818675
2967.0,1.0,0.0357586545299273,0.052517929901368915,0.2562801261246204,0.03673776537878439,0.014461023733019829,0.0,0.4527975729525622
2968.0,1.0,0.03777470562286908,0.07066621579462662,0.308278686106205,0.04612080054008402,0.013977067545056343,0.0,0.45169597483484836
2969.0,1.0,0.04524671554681845,0.06002466681180522,0.3302022221684456,0.05233650794136338,0.01350821740925312,0.0,0.4506379806680769
2970.0,1.0,0.03270367720600916,0.07488648469909094,0.24669977590441705,0.06633646341157146,0.013054074719548225,0.0,0.44963330171130167
2971.0,1.0,0.03952352701395284,0.03253718211199157,0.16129974611103534,0.0532044474457507,0.012614244595170021,0.0,0.44869269262751743
2972.0,1.0,0.026504742857650854,0.05898147487081587,0.14537228651344777,0.03585078338568565,0.012188340537250042,0.0,0.44782803921975756
2973.0,1.0,0.04041952850995585,0.05303381922189146,0.17523969873785972,0.06699826368538198,0.011775980703532696,0.0,0.44705245115154923
2974.0,1.0,0.03428608153189998,0.04736269072280266,0.14893333543092013,0.03556656425120309,0.011376789771020412,0.0,0.4463803595109965
2975.0,1.0,0.03213643429218791,0.04532391098560765,0.16739793699234723,0.05122270756284706,0.010990399867296219,0.0,0.44582761900248613
2976.0,1.0,0.040344597630901265,0.040903188390657305,0.25403001219034194,0.044377378007629885,0.010616449639201164,0.0,0.4454116144853373
2977.0,1.0,0.021308046465564986,0.047179877046728505,0.26954166918992994,0.050581615319824774,0.01025458425283432,0.0,0.4451513715356725
2978.0,1.0,0.030313497656170512,0.06285837339353748,0.24637127190828323,0.06601873481558869,0.00990445539355278,0.0,0.4450676689885853
2979.0,1.0,0.028109051937935874,0.0519207034050487,0.20954760685563087,0.050407995384884996,0.009565724059939384,0.0,0.445173825092823
2980.0,1.0,0.03725407815960352,0.03628780597180594,0.1812319651246071,0.04605742271232884,0.009238055907189846,0.0,0.44545392012457796
2981.0,1.0,0.03620016618224327,0.060687212430639195,0.20406611800193786,0.043104243601774214,0.008921125903725624,0.0,0.4458873913666821
2982.0,1.0,0.04270366296492284,0.0547531758970581,0.3155555263161659,0.0361309290376812,0.008614612743258476,0.0,0.4464554171121051
2983.0,1.0,0.032787536720279606,0.05457920760847628,0.2029924615472555,0.051919137639342805,0.00831820722669363,0.0,0.44714080283384305
2984.0,1.0,0.03606762302602874,0.05393256229930557,0.10324558172491378,0.053685739176580684,0.008031603880226612,0.0,0.4479278710907124
2985.0,1.0,0.024168488461291417,0.04759472042438574,0.20622787073254586,0.03868261108116713,0.007754505146294832,0.0,0.44880235549644
2986.0,1.0,0.029486694768420422,0.06269159254879923,0.3445280903577805,0.04956883487873711,0.007486621383577585,0.0,0.4497512990720338
2987.0,1.0,0.04658840327727375,0.056364441682817415,0.3760632744431496,0.04813163076949422,0.007227669470012188,0.0,0.45076295725638715
2988.0,1.0,0.03029948778450489,0.059485322838881985,0.2874716047942638,0.0725420573365409,0.006977373734116554,0.0,0.4518267057804479
2989.0,1.0,0.028164082312578102,0.04870140150655061,0.19467304825782775,0.04355408191855531,0.0067354654893279076,0.0,0.4529329535384221
2990.0,1.0,0.02246573619719129,0.03566196663188748,0.1554719484783709,0.03999041497358121,0.006501682568341494,0.0,0.4540730605143324
2991.0,1.0,0.024069748043548316,0.054585032539907846,0.14092372067272663,0.04563387160014827,0.006275769788771868,0.0,0.4552392607549649
2992.0,1.0,0.0253451954961929,0.03665211828018073,0.1855959614366293,0.053938381098560056,0.006057479418814182,0.0,0.456424590319628
2993.0,1.0,0.0362110733182817,0.05012684960849583,0.12652485873550176,0.02952487452654168,0.005846569314599037,0.0,0.45762282008846
2994.0,1.0,0.04311524642660516,0.045915319349442145,0.11397125389426947,0.033784654522896744,0.005642804782837629,0.0,0.458828393271304
2995.0,1.0,0.03149513313546777,0.053221635485533623,0.259416883289814,0.05905983356118668,0.005445957183837891,0.0,0.4600363674281027
2996.0,1.0,0.02183041298063472,0.03848274697316811,0.31029359370470044,0.036764045427553356,0.005255804862827063,0.0,0.4612423607902514
2997.0,1.0,0.028525512777705445,0.05589335998171009,0.4494225817918778,0.03689195692189969,0.005072131287306547,0.0,0.46244250265870335
2998.0,1.0,0.021195948036547632,0.052010743671562526,0.5785684129595756,0.03972104615997523,0.004894727375358343,0.0,0.4636333876463823
2999.0,1.0,0.03385012022779847,0.03332023250230123,0.5040367004275322,0.03427466882923909,0.004723388701677322,0.0,0.46481203352858813
3000.0,1.0,0.024445575102217846,0.03777674221695634,0.4639854484796524,0.04842769756272901,0.004557918291538954,0.0,0.46597584246880785
