subset_id,ordering_id,budget_label,training_budget_nominal_events,training_budget_sampling_eligible_events,method,architecture_id,comparison_role,scope,histogram_bin,pull_lower,pull_upper,count,total_cell_bin_observations,cell_count
original_n2000,original,2k,2000,1895,CNP,m0,matched_neural,full_500_3000,underflow,,-10.0,200,13260,30
original_n2000,original,2k,2000,1895,CNP,m0,matched_neural,full_500_3000,0,-10.0,-9.5,10,13260,30
original_n2000,original,2k,2000,1895,CNP,m0,matched_neural,full_500_3000,1,-9.5,-9.0,29,13260,30
original_n2000,original,2k,2000,1895,CNP,m0,matched_neural,full_500_3000,2,-9.0,-8.5,9,13260,30
original_n2000,original,2k,2000,1895,CNP,m0,matched_neural,full_500_3000,3,-8.5,-8.0,7,13260,30
original_n2000,original,2k,2000,1895,CNP,m0,matched_neural,full_500_3000,4,-8.0,-7.5,5,13260,30
original_n2000,original,2k,2000,1895,CNP,m0,matched_neural,full_500_3000,5,-7.5,-7.0,28,13260,30
original_n2000,original,2k,2000,1895,CNP,m0,matched_neural,full_500_3000,6,-7.0,-6.5,14,13260,30
original_n2000,original,2k,2000,1895,CNP,m0,matched_neural,full_500_3000,7,-6.5,-6.0,22,13260,30
original_n2000,original,2k,2000,1895,CNP,m0,matched_neural,full_500_3000,8,-6.0,-5.5,30,13260,30
original_n2000,original,2k,2000,1895,CNP,m0,matched_neural,full_500_3000,9,-5.5,-5.0,9,13260,30
original_n2000,original,2k,2000,1895,CNP,m0,matched_neural,full_500_3000,10,-5.0,-4.5,56,13260,30
original_n2000,original,2k,2000,1895,CNP,m0,matched_neural,full_500_3000,11,-4.5,-4.0,77,13260,30
original_n2000,original,2k,2000,1895,CNP,m0,matched_neural,full_500_3000,12,-4.0,-3.5,81,13260,30
original_n2000,original,2k,2000,1895,CNP,m0,matched_neural,full_500_3000,13,-3.5,-3.0,112,13260,30
original_n2000,original,2k,2000,1895,CNP,m0,matched_neural,full_500_3000,14,-3.0,-2.5,254,13260,30
original_n2000,original,2k,2000,1895,CNP,m0,matched_neural,full_500_3000,15,-2.5,-2.0,513,13260,30
original_n2000,original,2k,2000,1895,CNP,m0,matched_neural,full_500_3000,16,-2.0,-1.5,932,13260,30
original_n2000,original,2k,2000,1895,CNP,m0,matched_neural,full_500_3000,17,-1.5,-1.0,1197,13260,30
original_n2000,original,2k,2000,1895,CNP,m0,matched_neural,full_500_3000,18,-1.0,-0.5,1399,13260,30
original_n2000,original,2k,2000,1895,CNP,m0,matched_neural,full_500_3000,19,-0.5,0.0,1604,13260,30
original_n2000,original,2k,2000,1895,CNP,m0,matched_neural,full_500_3000,20,0.0,0.5,1521,13260,30
original_n2000,original,2k,2000,1895,CNP,m0,matched_neural,full_500_3000,21,0.5,1.0,1491,13260,30
original_n2000,original,2k,2000,1895,CNP,m0,matched_neural,full_500_3000,22,1.0,1.5,1174,13260,30
original_n2000,original,2k,2000,1895,CNP,m0,matched_neural,full_500_3000,23,1.5,2.0,884,13260,30
original_n2000,original,2k,2000,1895,CNP,m0,matched_neural,full_500_3000,24,2.0,2.5,583,13260,30
original_n2000,original,2k,2000,1895,CNP,m0,matched_neural,full_500_3000,25,2.5,3.0,483,13260,30
original_n2000,original,2k,2000,1895,CNP,m0,matched_neural,full_500_3000,26,3.0,3.5,224,13260,30
original_n2000,original,2k,2000,1895,CNP,m0,matched_neural,full_500_3000,27,3.5,4.0,127,13260,30
original_n2000,original,2k,2000,1895,CNP,m0,matched_neural,full_500_3000,28,4.0,4.5,114,13260,30
original_n2000,original,2k,2000,1895,CNP,m0,matched_neural,full_500_3000,29,4.5,5.0,28,13260,30
original_n2000,original,2k,2000,1895,CNP,m0,matched_neural,full_500_3000,30,5.0,5.5,3,13260,30
original_n2000,original,2k,2000,1895,CNP,m0,matched_neural,full_500_3000,31,5.5,6.0,0,13260,30
original_n2000,original,2k,2000,1895,CNP,m0,matched_neural,full_500_3000,32,6.0,6.5,5,13260,30
original_n2000,original,2k,2000,1895,CNP,m0,matched_neural,full_500_3000,33,6.5,7.0,5,13260,30
original_n2000,original,2k,2000,1895,CNP,m0,matched_neural,full_500_3000,34,7.0,7.5,0,13260,30
original_n2000,original,2k,2000,1895,CNP,m0,matched_neural,full_500_3000,35,7.5,8.0,0,13260,30
original_n2000,original,2k,2000,1895,CNP,m0,matched_neural,full_500_3000,36,8.0,8.5,0,13260,30
original_n2000,original,2k,2000,1895,CNP,m0,matched_neural,full_500_3000,37,8.5,9.0,0,13260,30
original_n2000,original,2k,2000,1895,CNP,m0,matched_neural,full_500_3000,38,9.0,9.5,0,13260,30
original_n2000,original,2k,2000,1895,CNP,m0,matched_neural,full_500_3000,39,9.5,10.0,0,13260,30
original_n2000,original,2k,2000,1895,CNP,m0,matched_neural,full_500_3000,overflow,10.0,,30,13260,30
original_n2000,original,2k,2000,1895,CNP,m0,matched_neural,figure1_1500_3000,underflow,,-10.0,60,7260,30
original_n2000,original,2k,2000,1895,CNP,m0,matched_neural,figure1_1500_3000,0,-10.0,-9.5,0,7260,30
original_n2000,original,2k,2000,1895,CNP,m0,matched_neural,figure1_1500_3000,1,-9.5,-9.0,16,7260,30
original_n2000,original,2k,2000,1895,CNP,m0,matched_neural,figure1_1500_3000,2,-9.0,-8.5,4,7260,30
original_n2000,original,2k,2000,1895,CNP,m0,matched_neural,figure1_1500_3000,3,-8.5,-8.0,5,7260,30
original_n2000,original,2k,2000,1895,CNP,m0,matched_neural,figure1_1500_3000,4,-8.0,-7.5,5,7260,30
original_n2000,original,2k,2000,1895,CNP,m0,matched_neural,figure1_1500_3000,5,-7.5,-7.0,20,7260,30
original_n2000,original,2k,2000,1895,CNP,m0,matched_neural,figure1_1500_3000,6,-7.0,-6.5,0,7260,30
original_n2000,original,2k,2000,1895,CNP,m0,matched_neural,figure1_1500_3000,7,-6.5,-6.0,4,7260,30
original_n2000,original,2k,2000,1895,CNP,m0,matched_neural,figure1_1500_3000,8,-6.0,-5.5,20,7260,30
original_n2000,original,2k,2000,1895,CNP,m0,matched_neural,figure1_1500_3000,9,-5.5,-5.0,9,7260,30
original_n2000,original,2k,2000,1895,CNP,m0,matched_neural,figure1_1500_3000,10,-5.0,-4.5,53,7260,30
original_n2000,original,2k,2000,1895,CNP,m0,matched_neural,figure1_1500_3000,11,-4.5,-4.0,46,7260,30
original_n2000,original,2k,2000,1895,CNP,m0,matched_neural,figure1_1500_3000,12,-4.0,-3.5,59,7260,30
original_n2000,original,2k,2000,1895,CNP,m0,matched_neural,figure1_1500_3000,13,-3.5,-3.0,68,7260,30
original_n2000,original,2k,2000,1895,CNP,m0,matched_neural,figure1_1500_3000,14,-3.0,-2.5,193,7260,30
original_n2000,original,2k,2000,1895,CNP,m0,matched_neural,figure1_1500_3000,15,-2.5,-2.0,403,7260,30
original_n2000,original,2k,2000,1895,CNP,m0,matched_neural,figure1_1500_3000,16,-2.0,-1.5,661,7260,30
original_n2000,original,2k,2000,1895,CNP,m0,matched_neural,figure1_1500_3000,17,-1.5,-1.0,833,7260,30
original_n2000,original,2k,2000,1895,CNP,m0,matched_neural,figure1_1500_3000,18,-1.0,-0.5,972,7260,30
original_n2000,original,2k,2000,1895,CNP,m0,matched_neural,figure1_1500_3000,19,-0.5,0.0,882,7260,30
original_n2000,original,2k,2000,1895,CNP,m0,matched_neural,figure1_1500_3000,20,0.0,0.5,904,7260,30
original_n2000,original,2k,2000,1895,CNP,m0,matched_neural,figure1_1500_3000,21,0.5,1.0,741,7260,30
original_n2000,original,2k,2000,1895,CNP,m0,matched_neural,figure1_1500_3000,22,1.0,1.5,492,7260,30
original_n2000,original,2k,2000,1895,CNP,m0,matched_neural,figure1_1500_3000,23,1.5,2.0,354,7260,30
original_n2000,original,2k,2000,1895,CNP,m0,matched_neural,figure1_1500_3000,24,2.0,2.5,230,7260,30
original_n2000,original,2k,2000,1895,CNP,m0,matched_neural,figure1_1500_3000,25,2.5,3.0,118,7260,30
original_n2000,original,2k,2000,1895,CNP,m0,matched_neural,figure1_1500_3000,26,3.0,3.5,38,7260,30
original_n2000,original,2k,2000,1895,CNP,m0,matched_neural,figure1_1500_3000,27,3.5,4.0,27,7260,30
original_n2000,original,2k,2000,1895,CNP,m0,matched_neural,figure1_1500_3000,28,4.0,4.5,9,7260,30
original_n2000,original,2k,2000,1895,CNP,m0,matched_neural,figure1_1500_3000,29,4.5,5.0,4,7260,30
original_n2000,original,2k,2000,1895,CNP,m0,matched_neural,figure1_1500_3000,30,5.0,5.5,0,7260,30
original_n2000,original,2k,2000,1895,CNP,m0,matched_neural,figure1_1500_3000,31,5.5,6.0,0,7260,30
original_n2000,original,2k,2000,1895,CNP,m0,matched_neural,figure1_1500_3000,32,6.0,6.5,0,7260,30
original_n2000,original,2k,2000,1895,CNP,m0,matched_neural,figure1_1500_3000,33,6.5,7.0,0,7260,30
original_n2000,original,2k,2000,1895,CNP,m0,matched_neural,figure1_1500_3000,34,7.0,7.5,0,7260,30
original_n2000,original,2k,2000,1895,CNP,m0,matched_neural,figure1_1500_3000,35,7.5,8.0,0,7260,30
original_n2000,original,2k,2000,1895,CNP,m0,matched_neural,figure1_1500_3000,36,8.0,8.5,0,7260,30
original_n2000,original,2k,2000,1895,CNP,m0,matched_neural,figure1_1500_3000,37,8.5,9.0,0,7260,30
original_n2000,original,2k,2000,1895,CNP,m0,matched_neural,figure1_1500_3000,38,9.0,9.5,0,7260,30
original_n2000,original,2k,2000,1895,CNP,m0,matched_neural,figure1_1500_3000,39,9.5,10.0,0,7260,30
original_n2000,original,2k,2000,1895,CNP,m0,matched_neural,figure1_1500_3000,overflow,10.0,,30,7260,30
original_n2000,original,2k,2000,1895,Attentive CNP,m1,matched_neural,full_500_3000,underflow,,-10.0,210,13260,30
original_n2000,original,2k,2000,1895,Attentive CNP,m1,matched_neural,full_500_3000,0,-10.0,-9.5,1,13260,30
original_n2000,original,2k,2000,1895,Attentive CNP,m1,matched_neural,full_500_3000,1,-9.5,-9.0,9,13260,30
original_n2000,original,2k,2000,1895,Attentive CNP,m1,matched_neural,full_500_3000,2,-9.0,-8.5,36,13260,30
original_n2000,original,2k,2000,1895,Attentive CNP,m1,matched_neural,full_500_3000,3,-8.5,-8.0,41,13260,30
original_n2000,original,2k,2000,1895,Attentive CNP,m1,matched_neural,full_500_3000,4,-8.0,-7.5,3,13260,30
original_n2000,original,2k,2000,1895,Attentive CNP,m1,matched_neural,full_500_3000,5,-7.5,-7.0,14,13260,30
original_n2000,original,2k,2000,1895,Attentive CNP,m1,matched_neural,full_500_3000,6,-7.0,-6.5,18,13260,30
original_n2000,original,2k,2000,1895,Attentive CNP,m1,matched_neural,full_500_3000,7,-6.5,-6.0,42,13260,30
original_n2000,original,2k,2000,1895,Attentive CNP,m1,matched_neural,full_500_3000,8,-6.0,-5.5,40,13260,30
original_n2000,original,2k,2000,1895,Attentive CNP,m1,matched_neural,full_500_3000,9,-5.5,-5.0,16,13260,30
original_n2000,original,2k,2000,1895,Attentive CNP,m1,matched_neural,full_500_3000,10,-5.0,-4.5,40,13260,30
original_n2000,original,2k,2000,1895,Attentive CNP,m1,matched_neural,full_500_3000,11,-4.5,-4.0,58,13260,30
original_n2000,original,2k,2000,1895,Attentive CNP,m1,matched_neural,full_500_3000,12,-4.0,-3.5,103,13260,30
original_n2000,original,2k,2000,1895,Attentive CNP,m1,matched_neural,full_500_3000,13,-3.5,-3.0,184,13260,30
original_n2000,original,2k,2000,1895,Attentive CNP,m1,matched_neural,full_500_3000,14,-3.0,-2.5,319,13260,30
original_n2000,original,2k,2000,1895,Attentive CNP,m1,matched_neural,full_500_3000,15,-2.5,-2.0,516,13260,30
original_n2000,original,2k,2000,1895,Attentive CNP,m1,matched_neural,full_500_3000,16,-2.0,-1.5,781,13260,30
original_n2000,original,2k,2000,1895,Attentive CNP,m1,matched_neural,full_500_3000,17,-1.5,-1.0,1382,13260,30
original_n2000,original,2k,2000,1895,Attentive CNP,m1,matched_neural,full_500_3000,18,-1.0,-0.5,1417,13260,30
original_n2000,original,2k,2000,1895,Attentive CNP,m1,matched_neural,full_500_3000,19,-0.5,0.0,1203,13260,30
original_n2000,original,2k,2000,1895,Attentive CNP,m1,matched_neural,full_500_3000,20,0.0,0.5,1477,13260,30
original_n2000,original,2k,2000,1895,Attentive CNP,m1,matched_neural,full_500_3000,21,0.5,1.0,1484,13260,30
original_n2000,original,2k,2000,1895,Attentive CNP,m1,matched_neural,full_500_3000,22,1.0,1.5,1235,13260,30
original_n2000,original,2k,2000,1895,Attentive CNP,m1,matched_neural,full_500_3000,23,1.5,2.0,1005,13260,30
original_n2000,original,2k,2000,1895,Attentive CNP,m1,matched_neural,full_500_3000,24,2.0,2.5,656,13260,30
original_n2000,original,2k,2000,1895,Attentive CNP,m1,matched_neural,full_500_3000,25,2.5,3.0,467,13260,30
original_n2000,original,2k,2000,1895,Attentive CNP,m1,matched_neural,full_500_3000,26,3.0,3.5,284,13260,30
original_n2000,original,2k,2000,1895,Attentive CNP,m1,matched_neural,full_500_3000,27,3.5,4.0,125,13260,30
original_n2000,original,2k,2000,1895,Attentive CNP,m1,matched_neural,full_500_3000,28,4.0,4.5,34,13260,30
original_n2000,original,2k,2000,1895,Attentive CNP,m1,matched_neural,full_500_3000,29,4.5,5.0,20,13260,30
original_n2000,original,2k,2000,1895,Attentive CNP,m1,matched_neural,full_500_3000,30,5.0,5.5,0,13260,30
original_n2000,original,2k,2000,1895,Attentive CNP,m1,matched_neural,full_500_3000,31,5.5,6.0,3,13260,30
original_n2000,original,2k,2000,1895,Attentive CNP,m1,matched_neural,full_500_3000,32,6.0,6.5,7,13260,30
original_n2000,original,2k,2000,1895,Attentive CNP,m1,matched_neural,full_500_3000,33,6.5,7.0,0,13260,30
original_n2000,original,2k,2000,1895,Attentive CNP,m1,matched_neural,full_500_3000,34,7.0,7.5,0,13260,30
original_n2000,original,2k,2000,1895,Attentive CNP,m1,matched_neural,full_500_3000,35,7.5,8.0,0,13260,30
original_n2000,original,2k,2000,1895,Attentive CNP,m1,matched_neural,full_500_3000,36,8.0,8.5,0,13260,30
original_n2000,original,2k,2000,1895,Attentive CNP,m1,matched_neural,full_500_3000,37,8.5,9.0,0,13260,30
original_n2000,original,2k,2000,1895,Attentive CNP,m1,matched_neural,full_500_3000,38,9.0,9.5,0,13260,30
original_n2000,original,2k,2000,1895,Attentive CNP,m1,matched_neural,full_500_3000,39,9.5,10.0,0,13260,30
original_n2000,original,2k,2000,1895,Attentive CNP,m1,matched_neural,full_500_3000,overflow,10.0,,30,13260,30
original_n2000,original,2k,2000,1895,Attentive CNP,m1,matched_neural,figure1_1500_3000,underflow,,-10.0,70,7260,30
original_n2000,original,2k,2000,1895,Attentive CNP,m1,matched_neural,figure1_1500_3000,0,-10.0,-9.5,0,7260,30
original_n2000,original,2k,2000,1895,Attentive CNP,m1,matched_neural,figure1_1500_3000,1,-9.5,-9.0,0,7260,30
original_n2000,original,2k,2000,1895,Attentive CNP,m1,matched_neural,figure1_1500_3000,2,-9.0,-8.5,26,7260,30
original_n2000,original,2k,2000,1895,Attentive CNP,m1,matched_neural,figure1_1500_3000,3,-8.5,-8.0,21,7260,30
original_n2000,original,2k,2000,1895,Attentive CNP,m1,matched_neural,figure1_1500_3000,4,-8.0,-7.5,3,7260,30
original_n2000,original,2k,2000,1895,Attentive CNP,m1,matched_neural,figure1_1500_3000,5,-7.5,-7.0,4,7260,30
original_n2000,original,2k,2000,1895,Attentive CNP,m1,matched_neural,figure1_1500_3000,6,-7.0,-6.5,18,7260,30
original_n2000,original,2k,2000,1895,Attentive CNP,m1,matched_neural,figure1_1500_3000,7,-6.5,-6.0,14,7260,30
original_n2000,original,2k,2000,1895,Attentive CNP,m1,matched_neural,figure1_1500_3000,8,-6.0,-5.5,28,7260,30
original_n2000,original,2k,2000,1895,Attentive CNP,m1,matched_neural,figure1_1500_3000,9,-5.5,-5.0,16,7260,30
original_n2000,original,2k,2000,1895,Attentive CNP,m1,matched_neural,figure1_1500_3000,10,-5.0,-4.5,40,7260,30
original_n2000,original,2k,2000,1895,Attentive CNP,m1,matched_neural,figure1_1500_3000,11,-4.5,-4.0,47,7260,30
original_n2000,original,2k,2000,1895,Attentive CNP,m1,matched_neural,figure1_1500_3000,12,-4.0,-3.5,54,7260,30
original_n2000,original,2k,2000,1895,Attentive CNP,m1,matched_neural,figure1_1500_3000,13,-3.5,-3.0,148,7260,30
original_n2000,original,2k,2000,1895,Attentive CNP,m1,matched_neural,figure1_1500_3000,14,-3.0,-2.5,275,7260,30
original_n2000,original,2k,2000,1895,Attentive CNP,m1,matched_neural,figure1_1500_3000,15,-2.5,-2.0,423,7260,30
original_n2000,original,2k,2000,1895,Attentive CNP,m1,matched_neural,figure1_1500_3000,16,-2.0,-1.5,636,7260,30
original_n2000,original,2k,2000,1895,Attentive CNP,m1,matched_neural,figure1_1500_3000,17,-1.5,-1.0,1048,7260,30
original_n2000,original,2k,2000,1895,Attentive CNP,m1,matched_neural,figure1_1500_3000,18,-1.0,-0.5,985,7260,30
original_n2000,original,2k,2000,1895,Attentive CNP,m1,matched_neural,figure1_1500_3000,19,-0.5,0.0,692,7260,30
original_n2000,original,2k,2000,1895,Attentive CNP,m1,matched_neural,figure1_1500_3000,20,0.0,0.5,791,7260,30
original_n2000,original,2k,2000,1895,Attentive CNP,m1,matched_neural,figure1_1500_3000,21,0.5,1.0,746,7260,30
original_n2000,original,2k,2000,1895,Attentive CNP,m1,matched_neural,figure1_1500_3000,22,1.0,1.5,462,7260,30
original_n2000,original,2k,2000,1895,Attentive CNP,m1,matched_neural,figure1_1500_3000,23,1.5,2.0,356,7260,30
original_n2000,original,2k,2000,1895,Attentive CNP,m1,matched_neural,figure1_1500_3000,24,2.0,2.5,136,7260,30
original_n2000,original,2k,2000,1895,Attentive CNP,m1,matched_neural,figure1_1500_3000,25,2.5,3.0,79,7260,30
original_n2000,original,2k,2000,1895,Attentive CNP,m1,matched_neural,figure1_1500_3000,26,3.0,3.5,42,7260,30
original_n2000,original,2k,2000,1895,Attentive CNP,m1,matched_neural,figure1_1500_3000,27,3.5,4.0,50,7260,30
original_n2000,original,2k,2000,1895,Attentive CNP,m1,matched_neural,figure1_1500_3000,28,4.0,4.5,10,7260,30
original_n2000,original,2k,2000,1895,Attentive CNP,m1,matched_neural,figure1_1500_3000,29,4.5,5.0,10,7260,30
original_n2000,original,2k,2000,1895,Attentive CNP,m1,matched_neural,figure1_1500_3000,30,5.0,5.5,0,7260,30
original_n2000,original,2k,2000,1895,Attentive CNP,m1,matched_neural,figure1_1500_3000,31,5.5,6.0,0,7260,30
original_n2000,original,2k,2000,1895,Attentive CNP,m1,matched_neural,figure1_1500_3000,32,6.0,6.5,0,7260,30
original_n2000,original,2k,2000,1895,Attentive CNP,m1,matched_neural,figure1_1500_3000,33,6.5,7.0,0,7260,30
original_n2000,original,2k,2000,1895,Attentive CNP,m1,matched_neural,figure1_1500_3000,34,7.0,7.5,0,7260,30
original_n2000,original,2k,2000,1895,Attentive CNP,m1,matched_neural,figure1_1500_3000,35,7.5,8.0,0,7260,30
original_n2000,original,2k,2000,1895,Attentive CNP,m1,matched_neural,figure1_1500_3000,36,8.0,8.5,0,7260,30
original_n2000,original,2k,2000,1895,Attentive CNP,m1,matched_neural,figure1_1500_3000,37,8.5,9.0,0,7260,30
original_n2000,original,2k,2000,1895,Attentive CNP,m1,matched_neural,figure1_1500_3000,38,9.0,9.5,0,7260,30
original_n2000,original,2k,2000,1895,Attentive CNP,m1,matched_neural,figure1_1500_3000,39,9.5,10.0,0,7260,30
original_n2000,original,2k,2000,1895,Attentive CNP,m1,matched_neural,figure1_1500_3000,overflow,10.0,,30,7260,30
original_n2000,original,2k,2000,1895,Attentive CNP + PE,m2,matched_neural,full_500_3000,underflow,,-10.0,326,13260,30
original_n2000,original,2k,2000,1895,Attentive CNP + PE,m2,matched_neural,full_500_3000,0,-10.0,-9.5,92,13260,30
original_n2000,original,2k,2000,1895,Attentive CNP + PE,m2,matched_neural,full_500_3000,1,-9.5,-9.0,126,13260,30
original_n2000,original,2k,2000,1895,Attentive CNP + PE,m2,matched_neural,full_500_3000,2,-9.0,-8.5,114,13260,30
original_n2000,original,2k,2000,1895,Attentive CNP + PE,m2,matched_neural,full_500_3000,3,-8.5,-8.0,132,13260,30
original_n2000,original,2k,2000,1895,Attentive CNP + PE,m2,matched_neural,full_500_3000,4,-8.0,-7.5,165,13260,30
original_n2000,original,2k,2000,1895,Attentive CNP + PE,m2,matched_neural,full_500_3000,5,-7.5,-7.0,189,13260,30
original_n2000,original,2k,2000,1895,Attentive CNP + PE,m2,matched_neural,full_500_3000,6,-7.0,-6.5,209,13260,30
original_n2000,original,2k,2000,1895,Attentive CNP + PE,m2,matched_neural,full_500_3000,7,-6.5,-6.0,200,13260,30
original_n2000,original,2k,2000,1895,Attentive CNP + PE,m2,matched_neural,full_500_3000,8,-6.0,-5.5,230,13260,30
original_n2000,original,2k,2000,1895,Attentive CNP + PE,m2,matched_neural,full_500_3000,9,-5.5,-5.0,313,13260,30
original_n2000,original,2k,2000,1895,Attentive CNP + PE,m2,matched_neural,full_500_3000,10,-5.0,-4.5,317,13260,30
original_n2000,original,2k,2000,1895,Attentive CNP + PE,m2,matched_neural,full_500_3000,11,-4.5,-4.0,359,13260,30
original_n2000,original,2k,2000,1895,Attentive CNP + PE,m2,matched_neural,full_500_3000,12,-4.0,-3.5,392,13260,30
original_n2000,original,2k,2000,1895,Attentive CNP + PE,m2,matched_neural,full_500_3000,13,-3.5,-3.0,428,13260,30
original_n2000,original,2k,2000,1895,Attentive CNP + PE,m2,matched_neural,full_500_3000,14,-3.0,-2.5,413,13260,30
original_n2000,original,2k,2000,1895,Attentive CNP + PE,m2,matched_neural,full_500_3000,15,-2.5,-2.0,368,13260,30
original_n2000,original,2k,2000,1895,Attentive CNP + PE,m2,matched_neural,full_500_3000,16,-2.0,-1.5,445,13260,30
original_n2000,original,2k,2000,1895,Attentive CNP + PE,m2,matched_neural,full_500_3000,17,-1.5,-1.0,448,13260,30
original_n2000,original,2k,2000,1895,Attentive CNP + PE,m2,matched_neural,full_500_3000,18,-1.0,-0.5,511,13260,30
original_n2000,original,2k,2000,1895,Attentive CNP + PE,m2,matched_neural,full_500_3000,19,-0.5,0.0,504,13260,30
original_n2000,original,2k,2000,1895,Attentive CNP + PE,m2,matched_neural,full_500_3000,20,0.0,0.5,499,13260,30
original_n2000,original,2k,2000,1895,Attentive CNP + PE,m2,matched_neural,full_500_3000,21,0.5,1.0,430,13260,30
original_n2000,original,2k,2000,1895,Attentive CNP + PE,m2,matched_neural,full_500_3000,22,1.0,1.5,407,13260,30
original_n2000,original,2k,2000,1895,Attentive CNP + PE,m2,matched_neural,full_500_3000,23,1.5,2.0,413,13260,30
original_n2000,original,2k,2000,1895,Attentive CNP + PE,m2,matched_neural,full_500_3000,24,2.0,2.5,426,13260,30
original_n2000,original,2k,2000,1895,Attentive CNP + PE,m2,matched_neural,full_500_3000,25,2.5,3.0,390,13260,30
original_n2000,original,2k,2000,1895,Attentive CNP + PE,m2,matched_neural,full_500_3000,26,3.0,3.5,391,13260,30
original_n2000,original,2k,2000,1895,Attentive CNP + PE,m2,matched_neural,full_500_3000,27,3.5,4.0,371,13260,30
original_n2000,original,2k,2000,1895,Attentive CNP + PE,m2,matched_neural,full_500_3000,28,4.0,4.5,455,13260,30
original_n2000,original,2k,2000,1895,Attentive CNP + PE,m2,matched_neural,full_500_3000,29,4.5,5.0,360,13260,30
original_n2000,original,2k,2000,1895,Attentive CNP + PE,m2,matched_neural,full_500_3000,30,5.0,5.5,335,13260,30
original_n2000,original,2k,2000,1895,Attentive CNP + PE,m2,matched_neural,full_500_3000,31,5.5,6.0,334,13260,30
original_n2000,original,2k,2000,1895,Attentive CNP + PE,m2,matched_neural,full_500_3000,32,6.0,6.5,352,13260,30
original_n2000,original,2k,2000,1895,Attentive CNP + PE,m2,matched_neural,full_500_3000,33,6.5,7.0,287,13260,30
original_n2000,original,2k,2000,1895,Attentive CNP + PE,m2,matched_neural,full_500_3000,34,7.0,7.5,275,13260,30
original_n2000,original,2k,2000,1895,Attentive CNP + PE,m2,matched_neural,full_500_3000,35,7.5,8.0,187,13260,30
original_n2000,original,2k,2000,1895,Attentive CNP + PE,m2,matched_neural,full_500_3000,36,8.0,8.5,176,13260,30
original_n2000,original,2k,2000,1895,Attentive CNP + PE,m2,matched_neural,full_500_3000,37,8.5,9.0,174,13260,30
original_n2000,original,2k,2000,1895,Attentive CNP + PE,m2,matched_neural,full_500_3000,38,9.0,9.5,155,13260,30
original_n2000,original,2k,2000,1895,Attentive CNP + PE,m2,matched_neural,full_500_3000,39,9.5,10.0,136,13260,30
original_n2000,original,2k,2000,1895,Attentive CNP + PE,m2,matched_neural,full_500_3000,overflow,10.0,,426,13260,30
original_n2000,original,2k,2000,1895,Attentive CNP + PE,m2,matched_neural,figure1_1500_3000,underflow,,-10.0,152,7260,30
original_n2000,original,2k,2000,1895,Attentive CNP + PE,m2,matched_neural,figure1_1500_3000,0,-10.0,-9.5,46,7260,30
original_n2000,original,2k,2000,1895,Attentive CNP + PE,m2,matched_neural,figure1_1500_3000,1,-9.5,-9.0,83,7260,30
original_n2000,original,2k,2000,1895,Attentive CNP + PE,m2,matched_neural,figure1_1500_3000,2,-9.0,-8.5,78,7260,30
original_n2000,original,2k,2000,1895,Attentive CNP + PE,m2,matched_neural,figure1_1500_3000,3,-8.5,-8.0,102,7260,30
original_n2000,original,2k,2000,1895,Attentive CNP + PE,m2,matched_neural,figure1_1500_3000,4,-8.0,-7.5,122,7260,30
original_n2000,original,2k,2000,1895,Attentive CNP + PE,m2,matched_neural,figure1_1500_3000,5,-7.5,-7.0,136,7260,30
original_n2000,original,2k,2000,1895,Attentive CNP + PE,m2,matched_neural,figure1_1500_3000,6,-7.0,-6.5,131,7260,30
original_n2000,original,2k,2000,1895,Attentive CNP + PE,m2,matched_neural,figure1_1500_3000,7,-6.5,-6.0,115,7260,30
original_n2000,original,2k,2000,1895,Attentive CNP + PE,m2,matched_neural,figure1_1500_3000,8,-6.0,-5.5,132,7260,30
original_n2000,original,2k,2000,1895,Attentive CNP + PE,m2,matched_neural,figure1_1500_3000,9,-5.5,-5.0,193,7260,30
original_n2000,original,2k,2000,1895,Attentive CNP + PE,m2,matched_neural,figure1_1500_3000,10,-5.0,-4.5,195,7260,30
original_n2000,original,2k,2000,1895,Attentive CNP + PE,m2,matched_neural,figure1_1500_3000,11,-4.5,-4.0,181,7260,30
original_n2000,original,2k,2000,1895,Attentive CNP + PE,m2,matched_neural,figure1_1500_3000,12,-4.0,-3.5,197,7260,30
original_n2000,original,2k,2000,1895,Attentive CNP + PE,m2,matched_neural,figure1_1500_3000,13,-3.5,-3.0,267,7260,30
original_n2000,original,2k,2000,1895,Attentive CNP + PE,m2,matched_neural,figure1_1500_3000,14,-3.0,-2.5,240,7260,30
original_n2000,original,2k,2000,1895,Attentive CNP + PE,m2,matched_neural,figure1_1500_3000,15,-2.5,-2.0,220,7260,30
original_n2000,original,2k,2000,1895,Attentive CNP + PE,m2,matched_neural,figure1_1500_3000,16,-2.0,-1.5,285,7260,30
original_n2000,original,2k,2000,1895,Attentive CNP + PE,m2,matched_neural,figure1_1500_3000,17,-1.5,-1.0,305,7260,30
original_n2000,original,2k,2000,1895,Attentive CNP + PE,m2,matched_neural,figure1_1500_3000,18,-1.0,-0.5,331,7260,30
original_n2000,original,2k,2000,1895,Attentive CNP + PE,m2,matched_neural,figure1_1500_3000,19,-0.5,0.0,316,7260,30
original_n2000,original,2k,2000,1895,Attentive CNP + PE,m2,matched_neural,figure1_1500_3000,20,0.0,0.5,311,7260,30
original_n2000,original,2k,2000,1895,Attentive CNP + PE,m2,matched_neural,figure1_1500_3000,21,0.5,1.0,257,7260,30
original_n2000,original,2k,2000,1895,Attentive CNP + PE,m2,matched_neural,figure1_1500_3000,22,1.0,1.5,242,7260,30
original_n2000,original,2k,2000,1895,Attentive CNP + PE,m2,matched_neural,figure1_1500_3000,23,1.5,2.0,191,7260,30
original_n2000,original,2k,2000,1895,Attentive CNP + PE,m2,matched_neural,figure1_1500_3000,24,2.0,2.5,210,7260,30
original_n2000,original,2k,2000,1895,Attentive CNP + PE,m2,matched_neural,figure1_1500_3000,25,2.5,3.0,209,7260,30
original_n2000,original,2k,2000,1895,Attentive CNP + PE,m2,matched_neural,figure1_1500_3000,26,3.0,3.5,212,7260,30
original_n2000,original,2k,2000,1895,Attentive CNP + PE,m2,matched_neural,figure1_1500_3000,27,3.5,4.0,196,7260,30
original_n2000,original,2k,2000,1895,Attentive CNP + PE,m2,matched_neural,figure1_1500_3000,28,4.0,4.5,203,7260,30
original_n2000,original,2k,2000,1895,Attentive CNP + PE,m2,matched_neural,figure1_1500_3000,29,4.5,5.0,179,7260,30
original_n2000,original,2k,2000,1895,Attentive CNP + PE,m2,matched_neural,figure1_1500_3000,30,5.0,5.5,184,7260,30
original_n2000,original,2k,2000,1895,Attentive CNP + PE,m2,matched_neural,figure1_1500_3000,31,5.5,6.0,144,7260,30
original_n2000,original,2k,2000,1895,Attentive CNP + PE,m2,matched_neural,figure1_1500_3000,32,6.0,6.5,138,7260,30
original_n2000,original,2k,2000,1895,Attentive CNP + PE,m2,matched_neural,figure1_1500_3000,33,6.5,7.0,127,7260,30
original_n2000,original,2k,2000,1895,Attentive CNP + PE,m2,matched_neural,figure1_1500_3000,34,7.0,7.5,103,7260,30
original_n2000,original,2k,2000,1895,Attentive CNP + PE,m2,matched_neural,figure1_1500_3000,35,7.5,8.0,68,7260,30
original_n2000,original,2k,2000,1895,Attentive CNP + PE,m2,matched_neural,figure1_1500_3000,36,8.0,8.5,74,7260,30
original_n2000,original,2k,2000,1895,Attentive CNP + PE,m2,matched_neural,figure1_1500_3000,37,8.5,9.0,71,7260,30
original_n2000,original,2k,2000,1895,Attentive CNP + PE,m2,matched_neural,figure1_1500_3000,38,9.0,9.5,65,7260,30
original_n2000,original,2k,2000,1895,Attentive CNP + PE,m2,matched_neural,figure1_1500_3000,39,9.5,10.0,62,7260,30
original_n2000,original,2k,2000,1895,Attentive CNP + PE,m2,matched_neural,figure1_1500_3000,overflow,10.0,,187,7260,30
original_n2000,original,2k,2000,1895,Density-guided CNP,ours,matched_neural,full_500_3000,underflow,,-10.0,51,13260,30
original_n2000,original,2k,2000,1895,Density-guided CNP,ours,matched_neural,full_500_3000,0,-10.0,-9.5,7,13260,30
original_n2000,original,2k,2000,1895,Density-guided CNP,ours,matched_neural,full_500_3000,1,-9.5,-9.0,6,13260,30
original_n2000,original,2k,2000,1895,Density-guided CNP,ours,matched_neural,full_500_3000,2,-9.0,-8.5,14,13260,30
original_n2000,original,2k,2000,1895,Density-guided CNP,ours,matched_neural,full_500_3000,3,-8.5,-8.0,24,13260,30
original_n2000,original,2k,2000,1895,Density-guided CNP,ours,matched_neural,full_500_3000,4,-8.0,-7.5,34,13260,30
original_n2000,original,2k,2000,1895,Density-guided CNP,ours,matched_neural,full_500_3000,5,-7.5,-7.0,45,13260,30
original_n2000,original,2k,2000,1895,Density-guided CNP,ours,matched_neural,full_500_3000,6,-7.0,-6.5,45,13260,30
original_n2000,original,2k,2000,1895,Density-guided CNP,ours,matched_neural,full_500_3000,7,-6.5,-6.0,72,13260,30
original_n2000,original,2k,2000,1895,Density-guided CNP,ours,matched_neural,full_500_3000,8,-6.0,-5.5,93,13260,30
original_n2000,original,2k,2000,1895,Density-guided CNP,ours,matched_neural,full_500_3000,9,-5.5,-5.0,120,13260,30
original_n2000,original,2k,2000,1895,Density-guided CNP,ours,matched_neural,full_500_3000,10,-5.0,-4.5,96,13260,30
original_n2000,original,2k,2000,1895,Density-guided CNP,ours,matched_neural,full_500_3000,11,-4.5,-4.0,110,13260,30
original_n2000,original,2k,2000,1895,Density-guided CNP,ours,matched_neural,full_500_3000,12,-4.0,-3.5,311,13260,30
original_n2000,original,2k,2000,1895,Density-guided CNP,ours,matched_neural,full_500_3000,13,-3.5,-3.0,391,13260,30
original_n2000,original,2k,2000,1895,Density-guided CNP,ours,matched_neural,full_500_3000,14,-3.0,-2.5,488,13260,30
original_n2000,original,2k,2000,1895,Density-guided CNP,ours,matched_neural,full_500_3000,15,-2.5,-2.0,508,13260,30
original_n2000,original,2k,2000,1895,Density-guided CNP,ours,matched_neural,full_500_3000,16,-2.0,-1.5,544,13260,30
original_n2000,original,2k,2000,1895,Density-guided CNP,ours,matched_neural,full_500_3000,17,-1.5,-1.0,717,13260,30
original_n2000,original,2k,2000,1895,Density-guided CNP,ours,matched_neural,full_500_3000,18,-1.0,-0.5,798,13260,30
original_n2000,original,2k,2000,1895,Density-guided CNP,ours,matched_neural,full_500_3000,19,-0.5,0.0,947,13260,30
original_n2000,original,2k,2000,1895,Density-guided CNP,ours,matched_neural,full_500_3000,20,0.0,0.5,702,13260,30
original_n2000,original,2k,2000,1895,Density-guided CNP,ours,matched_neural,full_500_3000,21,0.5,1.0,825,13260,30
original_n2000,original,2k,2000,1895,Density-guided CNP,ours,matched_neural,full_500_3000,22,1.0,1.5,870,13260,30
original_n2000,original,2k,2000,1895,Density-guided CNP,ours,matched_neural,full_500_3000,23,1.5,2.0,774,13260,30
original_n2000,original,2k,2000,1895,Density-guided CNP,ours,matched_neural,full_500_3000,24,2.0,2.5,673,13260,30
original_n2000,original,2k,2000,1895,Density-guided CNP,ours,matched_neural,full_500_3000,25,2.5,3.0,487,13260,30
original_n2000,original,2k,2000,1895,Density-guided CNP,ours,matched_neural,full_500_3000,26,3.0,3.5,458,13260,30
original_n2000,original,2k,2000,1895,Density-guided CNP,ours,matched_neural,full_500_3000,27,3.5,4.0,306,13260,30
original_n2000,original,2k,2000,1895,Density-guided CNP,ours,matched_neural,full_500_3000,28,4.0,4.5,284,13260,30
original_n2000,original,2k,2000,1895,Density-guided CNP,ours,matched_neural,full_500_3000,29,4.5,5.0,254,13260,30
original_n2000,original,2k,2000,1895,Density-guided CNP,ours,matched_neural,full_500_3000,30,5.0,5.5,277,13260,30
original_n2000,original,2k,2000,1895,Density-guided CNP,ours,matched_neural,full_500_3000,31,5.5,6.0,185,13260,30
original_n2000,original,2k,2000,1895,Density-guided CNP,ours,matched_neural,full_500_3000,32,6.0,6.5,182,13260,30
original_n2000,original,2k,2000,1895,Density-guided CNP,ours,matched_neural,full_500_3000,33,6.5,7.0,210,13260,30
original_n2000,original,2k,2000,1895,Density-guided CNP,ours,matched_neural,full_500_3000,34,7.0,7.5,187,13260,30
original_n2000,original,2k,2000,1895,Density-guided CNP,ours,matched_neural,full_500_3000,35,7.5,8.0,147,13260,30
original_n2000,original,2k,2000,1895,Density-guided CNP,ours,matched_neural,full_500_3000,36,8.0,8.5,152,13260,30
original_n2000,original,2k,2000,1895,Density-guided CNP,ours,matched_neural,full_500_3000,37,8.5,9.0,151,13260,30
original_n2000,original,2k,2000,1895,Density-guided CNP,ours,matched_neural,full_500_3000,38,9.0,9.5,110,13260,30
original_n2000,original,2k,2000,1895,Density-guided CNP,ours,matched_neural,full_500_3000,39,9.5,10.0,86,13260,30
original_n2000,original,2k,2000,1895,Density-guided CNP,ours,matched_neural,full_500_3000,overflow,10.0,,519,13260,30
original_n2000,original,2k,2000,1895,Density-guided CNP,ours,matched_neural,figure1_1500_3000,underflow,,-10.0,0,7260,30
original_n2000,original,2k,2000,1895,Density-guided CNP,ours,matched_neural,figure1_1500_3000,0,-10.0,-9.5,1,7260,30
original_n2000,original,2k,2000,1895,Density-guided CNP,ours,matched_neural,figure1_1500_3000,1,-9.5,-9.0,0,7260,30
original_n2000,original,2k,2000,1895,Density-guided CNP,ours,matched_neural,figure1_1500_3000,2,-9.0,-8.5,3,7260,30
original_n2000,original,2k,2000,1895,Density-guided CNP,ours,matched_neural,figure1_1500_3000,3,-8.5,-8.0,6,7260,30
original_n2000,original,2k,2000,1895,Density-guided CNP,ours,matched_neural,figure1_1500_3000,4,-8.0,-7.5,10,7260,30
original_n2000,original,2k,2000,1895,Density-guided CNP,ours,matched_neural,figure1_1500_3000,5,-7.5,-7.0,30,7260,30
original_n2000,original,2k,2000,1895,Density-guided CNP,ours,matched_neural,figure1_1500_3000,6,-7.0,-6.5,30,7260,30
original_n2000,original,2k,2000,1895,Density-guided CNP,ours,matched_neural,figure1_1500_3000,7,-6.5,-6.0,46,7260,30
original_n2000,original,2k,2000,1895,Density-guided CNP,ours,matched_neural,figure1_1500_3000,8,-6.0,-5.5,77,7260,30
original_n2000,original,2k,2000,1895,Density-guided CNP,ours,matched_neural,figure1_1500_3000,9,-5.5,-5.0,76,7260,30
original_n2000,original,2k,2000,1895,Density-guided CNP,ours,matched_neural,figure1_1500_3000,10,-5.0,-4.5,75,7260,30
original_n2000,original,2k,2000,1895,Density-guided CNP,ours,matched_neural,figure1_1500_3000,11,-4.5,-4.0,66,7260,30
original_n2000,original,2k,2000,1895,Density-guided CNP,ours,matched_neural,figure1_1500_3000,12,-4.0,-3.5,225,7260,30
original_n2000,original,2k,2000,1895,Density-guided CNP,ours,matched_neural,figure1_1500_3000,13,-3.5,-3.0,301,7260,30
original_n2000,original,2k,2000,1895,Density-guided CNP,ours,matched_neural,figure1_1500_3000,14,-3.0,-2.5,313,7260,30
original_n2000,original,2k,2000,1895,Density-guided CNP,ours,matched_neural,figure1_1500_3000,15,-2.5,-2.0,336,7260,30
original_n2000,original,2k,2000,1895,Density-guided CNP,ours,matched_neural,figure1_1500_3000,16,-2.0,-1.5,327,7260,30
original_n2000,original,2k,2000,1895,Density-guided CNP,ours,matched_neural,figure1_1500_3000,17,-1.5,-1.0,512,7260,30
original_n2000,original,2k,2000,1895,Density-guided CNP,ours,matched_neural,figure1_1500_3000,18,-1.0,-0.5,516,7260,30
original_n2000,original,2k,2000,1895,Density-guided CNP,ours,matched_neural,figure1_1500_3000,19,-0.5,0.0,620,7260,30
original_n2000,original,2k,2000,1895,Density-guided CNP,ours,matched_neural,figure1_1500_3000,20,0.0,0.5,357,7260,30
original_n2000,original,2k,2000,1895,Density-guided CNP,ours,matched_neural,figure1_1500_3000,21,0.5,1.0,378,7260,30
original_n2000,original,2k,2000,1895,Density-guided CNP,ours,matched_neural,figure1_1500_3000,22,1.0,1.5,457,7260,30
original_n2000,original,2k,2000,1895,Density-guided CNP,ours,matched_neural,figure1_1500_3000,23,1.5,2.0,314,7260,30
original_n2000,original,2k,2000,1895,Density-guided CNP,ours,matched_neural,figure1_1500_3000,24,2.0,2.5,282,7260,30
original_n2000,original,2k,2000,1895,Density-guided CNP,ours,matched_neural,figure1_1500_3000,25,2.5,3.0,235,7260,30
original_n2000,original,2k,2000,1895,Density-guided CNP,ours,matched_neural,figure1_1500_3000,26,3.0,3.5,232,7260,30
original_n2000,original,2k,2000,1895,Density-guided CNP,ours,matched_neural,figure1_1500_3000,27,3.5,4.0,136,7260,30
original_n2000,original,2k,2000,1895,Density-guided CNP,ours,matched_neural,figure1_1500_3000,28,4.0,4.5,146,7260,30
original_n2000,original,2k,2000,1895,Density-guided CNP,ours,matched_neural,figure1_1500_3000,29,4.5,5.0,147,7260,30
original_n2000,original,2k,2000,1895,Density-guided CNP,ours,matched_neural,figure1_1500_3000,30,5.0,5.5,123,7260,30
original_n2000,original,2k,2000,1895,Density-guided CNP,ours,matched_neural,figure1_1500_3000,31,5.5,6.0,89,7260,30
original_n2000,original,2k,2000,1895,Density-guided CNP,ours,matched_neural,figure1_1500_3000,32,6.0,6.5,104,7260,30
original_n2000,original,2k,2000,1895,Density-guided CNP,ours,matched_neural,figure1_1500_3000,33,6.5,7.0,118,7260,30
original_n2000,original,2k,2000,1895,Density-guided CNP,ours,matched_neural,figure1_1500_3000,34,7.0,7.5,92,7260,30
original_n2000,original,2k,2000,1895,Density-guided CNP,ours,matched_neural,figure1_1500_3000,35,7.5,8.0,87,7260,30
original_n2000,original,2k,2000,1895,Density-guided CNP,ours,matched_neural,figure1_1500_3000,36,8.0,8.5,53,7260,30
original_n2000,original,2k,2000,1895,Density-guided CNP,ours,matched_neural,figure1_1500_3000,37,8.5,9.0,43,7260,30
original_n2000,original,2k,2000,1895,Density-guided CNP,ours,matched_neural,figure1_1500_3000,38,9.0,9.5,46,7260,30
original_n2000,original,2k,2000,1895,Density-guided CNP,ours,matched_neural,figure1_1500_3000,39,9.5,10.0,33,7260,30
original_n2000,original,2k,2000,1895,Density-guided CNP,ours,matched_neural,figure1_1500_3000,overflow,10.0,,218,7260,30
original_n5000,original,5k,5000,4984,CNP,m0,matched_neural,full_500_3000,underflow,,-10.0,250,13260,30
original_n5000,original,5k,5000,4984,CNP,m0,matched_neural,full_500_3000,0,-10.0,-9.5,0,13260,30
original_n5000,original,5k,5000,4984,CNP,m0,matched_neural,full_500_3000,1,-9.5,-9.0,10,13260,30
original_n5000,original,5k,5000,4984,CNP,m0,matched_neural,full_500_3000,2,-9.0,-8.5,10,13260,30
original_n5000,original,5k,5000,4984,CNP,m0,matched_neural,full_500_3000,3,-8.5,-8.0,20,13260,30
original_n5000,original,5k,5000,4984,CNP,m0,matched_neural,full_500_3000,4,-8.0,-7.5,7,13260,30
original_n5000,original,5k,5000,4984,CNP,m0,matched_neural,full_500_3000,5,-7.5,-7.0,6,13260,30
original_n5000,original,5k,5000,4984,CNP,m0,matched_neural,full_500_3000,6,-7.0,-6.5,9,13260,30
original_n5000,original,5k,5000,4984,CNP,m0,matched_neural,full_500_3000,7,-6.5,-6.0,23,13260,30
original_n5000,original,5k,5000,4984,CNP,m0,matched_neural,full_500_3000,8,-6.0,-5.5,24,13260,30
original_n5000,original,5k,5000,4984,CNP,m0,matched_neural,full_500_3000,9,-5.5,-5.0,54,13260,30
original_n5000,original,5k,5000,4984,CNP,m0,matched_neural,full_500_3000,10,-5.0,-4.5,27,13260,30
original_n5000,original,5k,5000,4984,CNP,m0,matched_neural,full_500_3000,11,-4.5,-4.0,50,13260,30
original_n5000,original,5k,5000,4984,CNP,m0,matched_neural,full_500_3000,12,-4.0,-3.5,92,13260,30
original_n5000,original,5k,5000,4984,CNP,m0,matched_neural,full_500_3000,13,-3.5,-3.0,125,13260,30
original_n5000,original,5k,5000,4984,CNP,m0,matched_neural,full_500_3000,14,-3.0,-2.5,219,13260,30
original_n5000,original,5k,5000,4984,CNP,m0,matched_neural,full_500_3000,15,-2.5,-2.0,390,13260,30
original_n5000,original,5k,5000,4984,CNP,m0,matched_neural,full_500_3000,16,-2.0,-1.5,689,13260,30
original_n5000,original,5k,5000,4984,CNP,m0,matched_neural,full_500_3000,17,-1.5,-1.0,1093,13260,30
original_n5000,original,5k,5000,4984,CNP,m0,matched_neural,full_500_3000,18,-1.0,-0.5,1388,13260,30
original_n5000,original,5k,5000,4984,CNP,m0,matched_neural,full_500_3000,19,-0.5,0.0,1662,13260,30
original_n5000,original,5k,5000,4984,CNP,m0,matched_neural,full_500_3000,20,0.0,0.5,1750,13260,30
original_n5000,original,5k,5000,4984,CNP,m0,matched_neural,full_500_3000,21,0.5,1.0,1533,13260,30
original_n5000,original,5k,5000,4984,CNP,m0,matched_neural,full_500_3000,22,1.0,1.5,1449,13260,30
original_n5000,original,5k,5000,4984,CNP,m0,matched_neural,full_500_3000,23,1.5,2.0,1054,13260,30
original_n5000,original,5k,5000,4984,CNP,m0,matched_neural,full_500_3000,24,2.0,2.5,730,13260,30
original_n5000,original,5k,5000,4984,CNP,m0,matched_neural,full_500_3000,25,2.5,3.0,306,13260,30
original_n5000,original,5k,5000,4984,CNP,m0,matched_neural,full_500_3000,26,3.0,3.5,97,13260,30
original_n5000,original,5k,5000,4984,CNP,m0,matched_neural,full_500_3000,27,3.5,4.0,67,13260,30
original_n5000,original,5k,5000,4984,CNP,m0,matched_neural,full_500_3000,28,4.0,4.5,47,13260,30
original_n5000,original,5k,5000,4984,CNP,m0,matched_neural,full_500_3000,29,4.5,5.0,18,13260,30
original_n5000,original,5k,5000,4984,CNP,m0,matched_neural,full_500_3000,30,5.0,5.5,22,13260,30
original_n5000,original,5k,5000,4984,CNP,m0,matched_neural,full_500_3000,31,5.5,6.0,9,13260,30
original_n5000,original,5k,5000,4984,CNP,m0,matched_neural,full_500_3000,32,6.0,6.5,0,13260,30
original_n5000,original,5k,5000,4984,CNP,m0,matched_neural,full_500_3000,33,6.5,7.0,0,13260,30
original_n5000,original,5k,5000,4984,CNP,m0,matched_neural,full_500_3000,34,7.0,7.5,0,13260,30
original_n5000,original,5k,5000,4984,CNP,m0,matched_neural,full_500_3000,35,7.5,8.0,0,13260,30
original_n5000,original,5k,5000,4984,CNP,m0,matched_neural,full_500_3000,36,8.0,8.5,0,13260,30
original_n5000,original,5k,5000,4984,CNP,m0,matched_neural,full_500_3000,37,8.5,9.0,0,13260,30
original_n5000,original,5k,5000,4984,CNP,m0,matched_neural,full_500_3000,38,9.0,9.5,0,13260,30
original_n5000,original,5k,5000,4984,CNP,m0,matched_neural,full_500_3000,39,9.5,10.0,0,13260,30
original_n5000,original,5k,5000,4984,CNP,m0,matched_neural,full_500_3000,overflow,10.0,,30,13260,30
original_n5000,original,5k,5000,4984,CNP,m0,matched_neural,figure1_1500_3000,underflow,,-10.0,70,7260,30
original_n5000,original,5k,5000,4984,CNP,m0,matched_neural,figure1_1500_3000,0,-10.0,-9.5,0,7260,30
original_n5000,original,5k,5000,4984,CNP,m0,matched_neural,figure1_1500_3000,1,-9.5,-9.0,10,7260,30
original_n5000,original,5k,5000,4984,CNP,m0,matched_neural,figure1_1500_3000,2,-9.0,-8.5,7,7260,30
original_n5000,original,5k,5000,4984,CNP,m0,matched_neural,figure1_1500_3000,3,-8.5,-8.0,13,7260,30
original_n5000,original,5k,5000,4984,CNP,m0,matched_neural,figure1_1500_3000,4,-8.0,-7.5,0,7260,30
original_n5000,original,5k,5000,4984,CNP,m0,matched_neural,figure1_1500_3000,5,-7.5,-7.0,0,7260,30
original_n5000,original,5k,5000,4984,CNP,m0,matched_neural,figure1_1500_3000,6,-7.0,-6.5,2,7260,30
original_n5000,original,5k,5000,4984,CNP,m0,matched_neural,figure1_1500_3000,7,-6.5,-6.0,18,7260,30
original_n5000,original,5k,5000,4984,CNP,m0,matched_neural,figure1_1500_3000,8,-6.0,-5.5,9,7260,30
original_n5000,original,5k,5000,4984,CNP,m0,matched_neural,figure1_1500_3000,9,-5.5,-5.0,44,7260,30
original_n5000,original,5k,5000,4984,CNP,m0,matched_neural,figure1_1500_3000,10,-5.0,-4.5,21,7260,30
original_n5000,original,5k,5000,4984,CNP,m0,matched_neural,figure1_1500_3000,11,-4.5,-4.0,29,7260,30
original_n5000,original,5k,5000,4984,CNP,m0,matched_neural,figure1_1500_3000,12,-4.0,-3.5,76,7260,30
original_n5000,original,5k,5000,4984,CNP,m0,matched_neural,figure1_1500_3000,13,-3.5,-3.0,62,7260,30
original_n5000,original,5k,5000,4984,CNP,m0,matched_neural,figure1_1500_3000,14,-3.0,-2.5,155,7260,30
original_n5000,original,5k,5000,4984,CNP,m0,matched_neural,figure1_1500_3000,15,-2.5,-2.0,264,7260,30
original_n5000,original,5k,5000,4984,CNP,m0,matched_neural,figure1_1500_3000,16,-2.0,-1.5,493,7260,30
original_n5000,original,5k,5000,4984,CNP,m0,matched_neural,figure1_1500_3000,17,-1.5,-1.0,667,7260,30
original_n5000,original,5k,5000,4984,CNP,m0,matched_neural,figure1_1500_3000,18,-1.0,-0.5,808,7260,30
original_n5000,original,5k,5000,4984,CNP,m0,matched_neural,figure1_1500_3000,19,-0.5,0.0,892,7260,30
original_n5000,original,5k,5000,4984,CNP,m0,matched_neural,figure1_1500_3000,20,0.0,0.5,907,7260,30
original_n5000,original,5k,5000,4984,CNP,m0,matched_neural,figure1_1500_3000,21,0.5,1.0,755,7260,30
original_n5000,original,5k,5000,4984,CNP,m0,matched_neural,figure1_1500_3000,22,1.0,1.5,631,7260,30
original_n5000,original,5k,5000,4984,CNP,m0,matched_neural,figure1_1500_3000,23,1.5,2.0,546,7260,30
original_n5000,original,5k,5000,4984,CNP,m0,matched_neural,figure1_1500_3000,24,2.0,2.5,362,7260,30
original_n5000,original,5k,5000,4984,CNP,m0,matched_neural,figure1_1500_3000,25,2.5,3.0,187,7260,30
original_n5000,original,5k,5000,4984,CNP,m0,matched_neural,figure1_1500_3000,26,3.0,3.5,76,7260,30
original_n5000,original,5k,5000,4984,CNP,m0,matched_neural,figure1_1500_3000,27,3.5,4.0,60,7260,30
original_n5000,original,5k,5000,4984,CNP,m0,matched_neural,figure1_1500_3000,28,4.0,4.5,37,7260,30
original_n5000,original,5k,5000,4984,CNP,m0,matched_neural,figure1_1500_3000,29,4.5,5.0,18,7260,30
original_n5000,original,5k,5000,4984,CNP,m0,matched_neural,figure1_1500_3000,30,5.0,5.5,9,7260,30
original_n5000,original,5k,5000,4984,CNP,m0,matched_neural,figure1_1500_3000,31,5.5,6.0,2,7260,30
original_n5000,original,5k,5000,4984,CNP,m0,matched_neural,figure1_1500_3000,32,6.0,6.5,0,7260,30
original_n5000,original,5k,5000,4984,CNP,m0,matched_neural,figure1_1500_3000,33,6.5,7.0,0,7260,30
original_n5000,original,5k,5000,4984,CNP,m0,matched_neural,figure1_1500_3000,34,7.0,7.5,0,7260,30
original_n5000,original,5k,5000,4984,CNP,m0,matched_neural,figure1_1500_3000,35,7.5,8.0,0,7260,30
original_n5000,original,5k,5000,4984,CNP,m0,matched_neural,figure1_1500_3000,36,8.0,8.5,0,7260,30
original_n5000,original,5k,5000,4984,CNP,m0,matched_neural,figure1_1500_3000,37,8.5,9.0,0,7260,30
original_n5000,original,5k,5000,4984,CNP,m0,matched_neural,figure1_1500_3000,38,9.0,9.5,0,7260,30
original_n5000,original,5k,5000,4984,CNP,m0,matched_neural,figure1_1500_3000,39,9.5,10.0,0,7260,30
original_n5000,original,5k,5000,4984,CNP,m0,matched_neural,figure1_1500_3000,overflow,10.0,,30,7260,30
original_n5000,original,5k,5000,4984,Attentive CNP,m1,matched_neural,full_500_3000,underflow,,-10.0,220,13260,30
original_n5000,original,5k,5000,4984,Attentive CNP,m1,matched_neural,full_500_3000,0,-10.0,-9.5,18,13260,30
original_n5000,original,5k,5000,4984,Attentive CNP,m1,matched_neural,full_500_3000,1,-9.5,-9.0,33,13260,30
original_n5000,original,5k,5000,4984,Attentive CNP,m1,matched_neural,full_500_3000,2,-9.0,-8.5,3,13260,30
original_n5000,original,5k,5000,4984,Attentive CNP,m1,matched_neural,full_500_3000,3,-8.5,-8.0,22,13260,30
original_n5000,original,5k,5000,4984,Attentive CNP,m1,matched_neural,full_500_3000,4,-8.0,-7.5,12,13260,30
original_n5000,original,5k,5000,4984,Attentive CNP,m1,matched_neural,full_500_3000,5,-7.5,-7.0,1,13260,30
original_n5000,original,5k,5000,4984,Attentive CNP,m1,matched_neural,full_500_3000,6,-7.0,-6.5,21,13260,30
original_n5000,original,5k,5000,4984,Attentive CNP,m1,matched_neural,full_500_3000,7,-6.5,-6.0,30,13260,30
original_n5000,original,5k,5000,4984,Attentive CNP,m1,matched_neural,full_500_3000,8,-6.0,-5.5,22,13260,30
original_n5000,original,5k,5000,4984,Attentive CNP,m1,matched_neural,full_500_3000,9,-5.5,-5.0,22,13260,30
original_n5000,original,5k,5000,4984,Attentive CNP,m1,matched_neural,full_500_3000,10,-5.0,-4.5,45,13260,30
original_n5000,original,5k,5000,4984,Attentive CNP,m1,matched_neural,full_500_3000,11,-4.5,-4.0,61,13260,30
original_n5000,original,5k,5000,4984,Attentive CNP,m1,matched_neural,full_500_3000,12,-4.0,-3.5,105,13260,30
original_n5000,original,5k,5000,4984,Attentive CNP,m1,matched_neural,full_500_3000,13,-3.5,-3.0,122,13260,30
original_n5000,original,5k,5000,4984,Attentive CNP,m1,matched_neural,full_500_3000,14,-3.0,-2.5,263,13260,30
original_n5000,original,5k,5000,4984,Attentive CNP,m1,matched_neural,full_500_3000,15,-2.5,-2.0,452,13260,30
original_n5000,original,5k,5000,4984,Attentive CNP,m1,matched_neural,full_500_3000,16,-2.0,-1.5,763,13260,30
original_n5000,original,5k,5000,4984,Attentive CNP,m1,matched_neural,full_500_3000,17,-1.5,-1.0,888,13260,30
original_n5000,original,5k,5000,4984,Attentive CNP,m1,matched_neural,full_500_3000,18,-1.0,-0.5,1292,13260,30
original_n5000,original,5k,5000,4984,Attentive CNP,m1,matched_neural,full_500_3000,19,-0.5,0.0,1403,13260,30
original_n5000,original,5k,5000,4984,Attentive CNP,m1,matched_neural,full_500_3000,20,0.0,0.5,1526,13260,30
original_n5000,original,5k,5000,4984,Attentive CNP,m1,matched_neural,full_500_3000,21,0.5,1.0,1582,13260,30
original_n5000,original,5k,5000,4984,Attentive CNP,m1,matched_neural,full_500_3000,22,1.0,1.5,1285,13260,30
original_n5000,original,5k,5000,4984,Attentive CNP,m1,matched_neural,full_500_3000,23,1.5,2.0,1183,13260,30
original_n5000,original,5k,5000,4984,Attentive CNP,m1,matched_neural,full_500_3000,24,2.0,2.5,680,13260,30
original_n5000,original,5k,5000,4984,Attentive CNP,m1,matched_neural,full_500_3000,25,2.5,3.0,594,13260,30
original_n5000,original,5k,5000,4984,Attentive CNP,m1,matched_neural,full_500_3000,26,3.0,3.5,293,13260,30
original_n5000,original,5k,5000,4984,Attentive CNP,m1,matched_neural,full_500_3000,27,3.5,4.0,105,13260,30
original_n5000,original,5k,5000,4984,Attentive CNP,m1,matched_neural,full_500_3000,28,4.0,4.5,84,13260,30
original_n5000,original,5k,5000,4984,Attentive CNP,m1,matched_neural,full_500_3000,29,4.5,5.0,50,13260,30
original_n5000,original,5k,5000,4984,Attentive CNP,m1,matched_neural,full_500_3000,30,5.0,5.5,20,13260,30
original_n5000,original,5k,5000,4984,Attentive CNP,m1,matched_neural,full_500_3000,31,5.5,6.0,10,13260,30
original_n5000,original,5k,5000,4984,Attentive CNP,m1,matched_neural,full_500_3000,32,6.0,6.5,16,13260,30
original_n5000,original,5k,5000,4984,Attentive CNP,m1,matched_neural,full_500_3000,33,6.5,7.0,4,13260,30
original_n5000,original,5k,5000,4984,Attentive CNP,m1,matched_neural,full_500_3000,34,7.0,7.5,0,13260,30
original_n5000,original,5k,5000,4984,Attentive CNP,m1,matched_neural,full_500_3000,35,7.5,8.0,0,13260,30
original_n5000,original,5k,5000,4984,Attentive CNP,m1,matched_neural,full_500_3000,36,8.0,8.5,0,13260,30
original_n5000,original,5k,5000,4984,Attentive CNP,m1,matched_neural,full_500_3000,37,8.5,9.0,0,13260,30
original_n5000,original,5k,5000,4984,Attentive CNP,m1,matched_neural,full_500_3000,38,9.0,9.5,0,13260,30
original_n5000,original,5k,5000,4984,Attentive CNP,m1,matched_neural,full_500_3000,39,9.5,10.0,0,13260,30
original_n5000,original,5k,5000,4984,Attentive CNP,m1,matched_neural,full_500_3000,overflow,10.0,,30,13260,30
original_n5000,original,5k,5000,4984,Attentive CNP,m1,matched_neural,figure1_1500_3000,underflow,,-10.0,70,7260,30
original_n5000,original,5k,5000,4984,Attentive CNP,m1,matched_neural,figure1_1500_3000,0,-10.0,-9.5,10,7260,30
original_n5000,original,5k,5000,4984,Attentive CNP,m1,matched_neural,figure1_1500_3000,1,-9.5,-9.0,11,7260,30
original_n5000,original,5k,5000,4984,Attentive CNP,m1,matched_neural,figure1_1500_3000,2,-9.0,-8.5,3,7260,30
original_n5000,original,5k,5000,4984,Attentive CNP,m1,matched_neural,figure1_1500_3000,3,-8.5,-8.0,12,7260,30
original_n5000,original,5k,5000,4984,Attentive CNP,m1,matched_neural,figure1_1500_3000,4,-8.0,-7.5,12,7260,30
original_n5000,original,5k,5000,4984,Attentive CNP,m1,matched_neural,figure1_1500_3000,5,-7.5,-7.0,1,7260,30
original_n5000,original,5k,5000,4984,Attentive CNP,m1,matched_neural,figure1_1500_3000,6,-7.0,-6.5,1,7260,30
original_n5000,original,5k,5000,4984,Attentive CNP,m1,matched_neural,figure1_1500_3000,7,-6.5,-6.0,20,7260,30
original_n5000,original,5k,5000,4984,Attentive CNP,m1,matched_neural,figure1_1500_3000,8,-6.0,-5.5,12,7260,30
original_n5000,original,5k,5000,4984,Attentive CNP,m1,matched_neural,figure1_1500_3000,9,-5.5,-5.0,22,7260,30
original_n5000,original,5k,5000,4984,Attentive CNP,m1,matched_neural,figure1_1500_3000,10,-5.0,-4.5,45,7260,30
original_n5000,original,5k,5000,4984,Attentive CNP,m1,matched_neural,figure1_1500_3000,11,-4.5,-4.0,31,7260,30
original_n5000,original,5k,5000,4984,Attentive CNP,m1,matched_neural,figure1_1500_3000,12,-4.0,-3.5,70,7260,30
original_n5000,original,5k,5000,4984,Attentive CNP,m1,matched_neural,figure1_1500_3000,13,-3.5,-3.0,102,7260,30
original_n5000,original,5k,5000,4984,Attentive CNP,m1,matched_neural,figure1_1500_3000,14,-3.0,-2.5,180,7260,30
original_n5000,original,5k,5000,4984,Attentive CNP,m1,matched_neural,figure1_1500_3000,15,-2.5,-2.0,358,7260,30
original_n5000,original,5k,5000,4984,Attentive CNP,m1,matched_neural,figure1_1500_3000,16,-2.0,-1.5,604,7260,30
original_n5000,original,5k,5000,4984,Attentive CNP,m1,matched_neural,figure1_1500_3000,17,-1.5,-1.0,614,7260,30
original_n5000,original,5k,5000,4984,Attentive CNP,m1,matched_neural,figure1_1500_3000,18,-1.0,-0.5,797,7260,30
original_n5000,original,5k,5000,4984,Attentive CNP,m1,matched_neural,figure1_1500_3000,19,-0.5,0.0,726,7260,30
original_n5000,original,5k,5000,4984,Attentive CNP,m1,matched_neural,figure1_1500_3000,20,0.0,0.5,832,7260,30
original_n5000,original,5k,5000,4984,Attentive CNP,m1,matched_neural,figure1_1500_3000,21,0.5,1.0,744,7260,30
original_n5000,original,5k,5000,4984,Attentive CNP,m1,matched_neural,figure1_1500_3000,22,1.0,1.5,540,7260,30
original_n5000,original,5k,5000,4984,Attentive CNP,m1,matched_neural,figure1_1500_3000,23,1.5,2.0,530,7260,30
original_n5000,original,5k,5000,4984,Attentive CNP,m1,matched_neural,figure1_1500_3000,24,2.0,2.5,307,7260,30
original_n5000,original,5k,5000,4984,Attentive CNP,m1,matched_neural,figure1_1500_3000,25,2.5,3.0,246,7260,30
original_n5000,original,5k,5000,4984,Attentive CNP,m1,matched_neural,figure1_1500_3000,26,3.0,3.5,124,7260,30
original_n5000,original,5k,5000,4984,Attentive CNP,m1,matched_neural,figure1_1500_3000,27,3.5,4.0,67,7260,30
original_n5000,original,5k,5000,4984,Attentive CNP,m1,matched_neural,figure1_1500_3000,28,4.0,4.5,59,7260,30
original_n5000,original,5k,5000,4984,Attentive CNP,m1,matched_neural,figure1_1500_3000,29,4.5,5.0,50,7260,30
original_n5000,original,5k,5000,4984,Attentive CNP,m1,matched_neural,figure1_1500_3000,30,5.0,5.5,20,7260,30
original_n5000,original,5k,5000,4984,Attentive CNP,m1,matched_neural,figure1_1500_3000,31,5.5,6.0,10,7260,30
original_n5000,original,5k,5000,4984,Attentive CNP,m1,matched_neural,figure1_1500_3000,32,6.0,6.5,0,7260,30
original_n5000,original,5k,5000,4984,Attentive CNP,m1,matched_neural,figure1_1500_3000,33,6.5,7.0,0,7260,30
original_n5000,original,5k,5000,4984,Attentive CNP,m1,matched_neural,figure1_1500_3000,34,7.0,7.5,0,7260,30
original_n5000,original,5k,5000,4984,Attentive CNP,m1,matched_neural,figure1_1500_3000,35,7.5,8.0,0,7260,30
original_n5000,original,5k,5000,4984,Attentive CNP,m1,matched_neural,figure1_1500_3000,36,8.0,8.5,0,7260,30
original_n5000,original,5k,5000,4984,Attentive CNP,m1,matched_neural,figure1_1500_3000,37,8.5,9.0,0,7260,30
original_n5000,original,5k,5000,4984,Attentive CNP,m1,matched_neural,figure1_1500_3000,38,9.0,9.5,0,7260,30
original_n5000,original,5k,5000,4984,Attentive CNP,m1,matched_neural,figure1_1500_3000,39,9.5,10.0,0,7260,30
original_n5000,original,5k,5000,4984,Attentive CNP,m1,matched_neural,figure1_1500_3000,overflow,10.0,,30,7260,30
original_n5000,original,5k,5000,4984,Attentive CNP + PE,m2,matched_neural,full_500_3000,underflow,,-10.0,32,13260,30
original_n5000,original,5k,5000,4984,Attentive CNP + PE,m2,matched_neural,full_500_3000,0,-10.0,-9.5,28,13260,30
original_n5000,original,5k,5000,4984,Attentive CNP + PE,m2,matched_neural,full_500_3000,1,-9.5,-9.0,15,13260,30
original_n5000,original,5k,5000,4984,Attentive CNP + PE,m2,matched_neural,full_500_3000,2,-9.0,-8.5,19,13260,30
original_n5000,original,5k,5000,4984,Attentive CNP + PE,m2,matched_neural,full_500_3000,3,-8.5,-8.0,16,13260,30
original_n5000,original,5k,5000,4984,Attentive CNP + PE,m2,matched_neural,full_500_3000,4,-8.0,-7.5,35,13260,30
original_n5000,original,5k,5000,4984,Attentive CNP + PE,m2,matched_neural,full_500_3000,5,-7.5,-7.0,56,13260,30
original_n5000,original,5k,5000,4984,Attentive CNP + PE,m2,matched_neural,full_500_3000,6,-7.0,-6.5,84,13260,30
original_n5000,original,5k,5000,4984,Attentive CNP + PE,m2,matched_neural,full_500_3000,7,-6.5,-6.0,162,13260,30
original_n5000,original,5k,5000,4984,Attentive CNP + PE,m2,matched_neural,full_500_3000,8,-6.0,-5.5,186,13260,30
original_n5000,original,5k,5000,4984,Attentive CNP + PE,m2,matched_neural,full_500_3000,9,-5.5,-5.0,208,13260,30
original_n5000,original,5k,5000,4984,Attentive CNP + PE,m2,matched_neural,full_500_3000,10,-5.0,-4.5,250,13260,30
original_n5000,original,5k,5000,4984,Attentive CNP + PE,m2,matched_neural,full_500_3000,11,-4.5,-4.0,317,13260,30
original_n5000,original,5k,5000,4984,Attentive CNP + PE,m2,matched_neural,full_500_3000,12,-4.0,-3.5,378,13260,30
original_n5000,original,5k,5000,4984,Attentive CNP + PE,m2,matched_neural,full_500_3000,13,-3.5,-3.0,499,13260,30
original_n5000,original,5k,5000,4984,Attentive CNP + PE,m2,matched_neural,full_500_3000,14,-3.0,-2.5,602,13260,30
original_n5000,original,5k,5000,4984,Attentive CNP + PE,m2,matched_neural,full_500_3000,15,-2.5,-2.0,557,13260,30
original_n5000,original,5k,5000,4984,Attentive CNP + PE,m2,matched_neural,full_500_3000,16,-2.0,-1.5,563,13260,30
original_n5000,original,5k,5000,4984,Attentive CNP + PE,m2,matched_neural,full_500_3000,17,-1.5,-1.0,538,13260,30
original_n5000,original,5k,5000,4984,Attentive CNP + PE,m2,matched_neural,full_500_3000,18,-1.0,-0.5,548,13260,30
original_n5000,original,5k,5000,4984,Attentive CNP + PE,m2,matched_neural,full_500_3000,19,-0.5,0.0,590,13260,30
original_n5000,original,5k,5000,4984,Attentive CNP + PE,m2,matched_neural,full_500_3000,20,0.0,0.5,607,13260,30
original_n5000,original,5k,5000,4984,Attentive CNP + PE,m2,matched_neural,full_500_3000,21,0.5,1.0,699,13260,30
original_n5000,original,5k,5000,4984,Attentive CNP + PE,m2,matched_neural,full_500_3000,22,1.0,1.5,696,13260,30
original_n5000,original,5k,5000,4984,Attentive CNP + PE,m2,matched_neural,full_500_3000,23,1.5,2.0,554,13260,30
original_n5000,original,5k,5000,4984,Attentive CNP + PE,m2,matched_neural,full_500_3000,24,2.0,2.5,553,13260,30
original_n5000,original,5k,5000,4984,Attentive CNP + PE,m2,matched_neural,full_500_3000,25,2.5,3.0,499,13260,30
original_n5000,original,5k,5000,4984,Attentive CNP + PE,m2,matched_neural,full_500_3000,26,3.0,3.5,515,13260,30
original_n5000,original,5k,5000,4984,Attentive CNP + PE,m2,matched_neural,full_500_3000,27,3.5,4.0,552,13260,30
original_n5000,original,5k,5000,4984,Attentive CNP + PE,m2,matched_neural,full_500_3000,28,4.0,4.5,567,13260,30
original_n5000,original,5k,5000,4984,Attentive CNP + PE,m2,matched_neural,full_500_3000,29,4.5,5.0,468,13260,30
original_n5000,original,5k,5000,4984,Attentive CNP + PE,m2,matched_neural,full_500_3000,30,5.0,5.5,371,13260,30
original_n5000,original,5k,5000,4984,Attentive CNP + PE,m2,matched_neural,full_500_3000,31,5.5,6.0,365,13260,30
original_n5000,original,5k,5000,4984,Attentive CNP + PE,m2,matched_neural,full_500_3000,32,6.0,6.5,267,13260,30
original_n5000,original,5k,5000,4984,Attentive CNP + PE,m2,matched_neural,full_500_3000,33,6.5,7.0,204,13260,30
original_n5000,original,5k,5000,4984,Attentive CNP + PE,m2,matched_neural,full_500_3000,34,7.0,7.5,156,13260,30
original_n5000,original,5k,5000,4984,Attentive CNP + PE,m2,matched_neural,full_500_3000,35,7.5,8.0,128,13260,30
original_n5000,original,5k,5000,4984,Attentive CNP + PE,m2,matched_neural,full_500_3000,36,8.0,8.5,140,13260,30
original_n5000,original,5k,5000,4984,Attentive CNP + PE,m2,matched_neural,full_500_3000,37,8.5,9.0,77,13260,30
original_n5000,original,5k,5000,4984,Attentive CNP + PE,m2,matched_neural,full_500_3000,38,9.0,9.5,40,13260,30
original_n5000,original,5k,5000,4984,Attentive CNP + PE,m2,matched_neural,full_500_3000,39,9.5,10.0,48,13260,30
original_n5000,original,5k,5000,4984,Attentive CNP + PE,m2,matched_neural,full_500_3000,overflow,10.0,,71,13260,30
original_n5000,original,5k,5000,4984,Attentive CNP + PE,m2,matched_neural,figure1_1500_3000,underflow,,-10.0,10,7260,30
original_n5000,original,5k,5000,4984,Attentive CNP + PE,m2,matched_neural,figure1_1500_3000,0,-10.0,-9.5,19,7260,30
original_n5000,original,5k,5000,4984,Attentive CNP + PE,m2,matched_neural,figure1_1500_3000,1,-9.5,-9.0,12,7260,30
original_n5000,original,5k,5000,4984,Attentive CNP + PE,m2,matched_neural,figure1_1500_3000,2,-9.0,-8.5,8,7260,30
original_n5000,original,5k,5000,4984,Attentive CNP + PE,m2,matched_neural,figure1_1500_3000,3,-8.5,-8.0,3,7260,30
original_n5000,original,5k,5000,4984,Attentive CNP + PE,m2,matched_neural,figure1_1500_3000,4,-8.0,-7.5,7,7260,30
original_n5000,original,5k,5000,4984,Attentive CNP + PE,m2,matched_neural,figure1_1500_3000,5,-7.5,-7.0,7,7260,30
original_n5000,original,5k,5000,4984,Attentive CNP + PE,m2,matched_neural,figure1_1500_3000,6,-7.0,-6.5,54,7260,30
original_n5000,original,5k,5000,4984,Attentive CNP + PE,m2,matched_neural,figure1_1500_3000,7,-6.5,-6.0,111,7260,30
original_n5000,original,5k,5000,4984,Attentive CNP + PE,m2,matched_neural,figure1_1500_3000,8,-6.0,-5.5,105,7260,30
original_n5000,original,5k,5000,4984,Attentive CNP + PE,m2,matched_neural,figure1_1500_3000,9,-5.5,-5.0,128,7260,30
original_n5000,original,5k,5000,4984,Attentive CNP + PE,m2,matched_neural,figure1_1500_3000,10,-5.0,-4.5,142,7260,30
original_n5000,original,5k,5000,4984,Attentive CNP + PE,m2,matched_neural,figure1_1500_3000,11,-4.5,-4.0,199,7260,30
original_n5000,original,5k,5000,4984,Attentive CNP + PE,m2,matched_neural,figure1_1500_3000,12,-4.0,-3.5,189,7260,30
original_n5000,original,5k,5000,4984,Attentive CNP + PE,m2,matched_neural,figure1_1500_3000,13,-3.5,-3.0,268,7260,30
original_n5000,original,5k,5000,4984,Attentive CNP + PE,m2,matched_neural,figure1_1500_3000,14,-3.0,-2.5,346,7260,30
original_n5000,original,5k,5000,4984,Attentive CNP + PE,m2,matched_neural,figure1_1500_3000,15,-2.5,-2.0,307,7260,30
original_n5000,original,5k,5000,4984,Attentive CNP + PE,m2,matched_neural,figure1_1500_3000,16,-2.0,-1.5,354,7260,30
original_n5000,original,5k,5000,4984,Attentive CNP + PE,m2,matched_neural,figure1_1500_3000,17,-1.5,-1.0,334,7260,30
original_n5000,original,5k,5000,4984,Attentive CNP + PE,m2,matched_neural,figure1_1500_3000,18,-1.0,-0.5,333,7260,30
original_n5000,original,5k,5000,4984,Attentive CNP + PE,m2,matched_neural,figure1_1500_3000,19,-0.5,0.0,308,7260,30
original_n5000,original,5k,5000,4984,Attentive CNP + PE,m2,matched_neural,figure1_1500_3000,20,0.0,0.5,316,7260,30
original_n5000,original,5k,5000,4984,Attentive CNP + PE,m2,matched_neural,figure1_1500_3000,21,0.5,1.0,373,7260,30
original_n5000,original,5k,5000,4984,Attentive CNP + PE,m2,matched_neural,figure1_1500_3000,22,1.0,1.5,349,7260,30
original_n5000,original,5k,5000,4984,Attentive CNP + PE,m2,matched_neural,figure1_1500_3000,23,1.5,2.0,330,7260,30
original_n5000,original,5k,5000,4984,Attentive CNP + PE,m2,matched_neural,figure1_1500_3000,24,2.0,2.5,316,7260,30
original_n5000,original,5k,5000,4984,Attentive CNP + PE,m2,matched_neural,figure1_1500_3000,25,2.5,3.0,277,7260,30
original_n5000,original,5k,5000,4984,Attentive CNP + PE,m2,matched_neural,figure1_1500_3000,26,3.0,3.5,246,7260,30
original_n5000,original,5k,5000,4984,Attentive CNP + PE,m2,matched_neural,figure1_1500_3000,27,3.5,4.0,266,7260,30
original_n5000,original,5k,5000,4984,Attentive CNP + PE,m2,matched_neural,figure1_1500_3000,28,4.0,4.5,245,7260,30
original_n5000,original,5k,5000,4984,Attentive CNP + PE,m2,matched_neural,figure1_1500_3000,29,4.5,5.0,244,7260,30
original_n5000,original,5k,5000,4984,Attentive CNP + PE,m2,matched_neural,figure1_1500_3000,30,5.0,5.5,191,7260,30
original_n5000,original,5k,5000,4984,Attentive CNP + PE,m2,matched_neural,figure1_1500_3000,31,5.5,6.0,211,7260,30
original_n5000,original,5k,5000,4984,Attentive CNP + PE,m2,matched_neural,figure1_1500_3000,32,6.0,6.5,158,7260,30
original_n5000,original,5k,5000,4984,Attentive CNP + PE,m2,matched_neural,figure1_1500_3000,33,6.5,7.0,106,7260,30
original_n5000,original,5k,5000,4984,Attentive CNP + PE,m2,matched_neural,figure1_1500_3000,34,7.0,7.5,91,7260,30
original_n5000,original,5k,5000,4984,Attentive CNP + PE,m2,matched_neural,figure1_1500_3000,35,7.5,8.0,80,7260,30
original_n5000,original,5k,5000,4984,Attentive CNP + PE,m2,matched_neural,figure1_1500_3000,36,8.0,8.5,74,7260,30
original_n5000,original,5k,5000,4984,Attentive CNP + PE,m2,matched_neural,figure1_1500_3000,37,8.5,9.0,37,7260,30
original_n5000,original,5k,5000,4984,Attentive CNP + PE,m2,matched_neural,figure1_1500_3000,38,9.0,9.5,17,7260,30
original_n5000,original,5k,5000,4984,Attentive CNP + PE,m2,matched_neural,figure1_1500_3000,39,9.5,10.0,36,7260,30
original_n5000,original,5k,5000,4984,Attentive CNP + PE,m2,matched_neural,figure1_1500_3000,overflow,10.0,,53,7260,30
original_n5000,original,5k,5000,4984,Density-guided CNP,ours,matched_neural,full_500_3000,underflow,,-10.0,29,13260,30
original_n5000,original,5k,5000,4984,Density-guided CNP,ours,matched_neural,full_500_3000,0,-10.0,-9.5,2,13260,30
original_n5000,original,5k,5000,4984,Density-guided CNP,ours,matched_neural,full_500_3000,1,-9.5,-9.0,0,13260,30
original_n5000,original,5k,5000,4984,Density-guided CNP,ours,matched_neural,full_500_3000,2,-9.0,-8.5,0,13260,30
original_n5000,original,5k,5000,4984,Density-guided CNP,ours,matched_neural,full_500_3000,3,-8.5,-8.0,1,13260,30
original_n5000,original,5k,5000,4984,Density-guided CNP,ours,matched_neural,full_500_3000,4,-8.0,-7.5,8,13260,30
original_n5000,original,5k,5000,4984,Density-guided CNP,ours,matched_neural,full_500_3000,5,-7.5,-7.0,26,13260,30
original_n5000,original,5k,5000,4984,Density-guided CNP,ours,matched_neural,full_500_3000,6,-7.0,-6.5,20,13260,30
original_n5000,original,5k,5000,4984,Density-guided CNP,ours,matched_neural,full_500_3000,7,-6.5,-6.0,19,13260,30
original_n5000,original,5k,5000,4984,Density-guided CNP,ours,matched_neural,full_500_3000,8,-6.0,-5.5,21,13260,30
original_n5000,original,5k,5000,4984,Density-guided CNP,ours,matched_neural,full_500_3000,9,-5.5,-5.0,32,13260,30
original_n5000,original,5k,5000,4984,Density-guided CNP,ours,matched_neural,full_500_3000,10,-5.0,-4.5,72,13260,30
original_n5000,original,5k,5000,4984,Density-guided CNP,ours,matched_neural,full_500_3000,11,-4.5,-4.0,78,13260,30
original_n5000,original,5k,5000,4984,Density-guided CNP,ours,matched_neural,full_500_3000,12,-4.0,-3.5,108,13260,30
original_n5000,original,5k,5000,4984,Density-guided CNP,ours,matched_neural,full_500_3000,13,-3.5,-3.0,188,13260,30
original_n5000,original,5k,5000,4984,Density-guided CNP,ours,matched_neural,full_500_3000,14,-3.0,-2.5,331,13260,30
original_n5000,original,5k,5000,4984,Density-guided CNP,ours,matched_neural,full_500_3000,15,-2.5,-2.0,552,13260,30
original_n5000,original,5k,5000,4984,Density-guided CNP,ours,matched_neural,full_500_3000,16,-2.0,-1.5,805,13260,30
original_n5000,original,5k,5000,4984,Density-guided CNP,ours,matched_neural,full_500_3000,17,-1.5,-1.0,1196,13260,30
original_n5000,original,5k,5000,4984,Density-guided CNP,ours,matched_neural,full_500_3000,18,-1.0,-0.5,1769,13260,30
original_n5000,original,5k,5000,4984,Density-guided CNP,ours,matched_neural,full_500_3000,19,-0.5,0.0,1705,13260,30
original_n5000,original,5k,5000,4984,Density-guided CNP,ours,matched_neural,full_500_3000,20,0.0,0.5,1444,13260,30
original_n5000,original,5k,5000,4984,Density-guided CNP,ours,matched_neural,full_500_3000,21,0.5,1.0,1391,13260,30
original_n5000,original,5k,5000,4984,Density-guided CNP,ours,matched_neural,full_500_3000,22,1.0,1.5,1204,13260,30
original_n5000,original,5k,5000,4984,Density-guided CNP,ours,matched_neural,full_500_3000,23,1.5,2.0,1029,13260,30
original_n5000,original,5k,5000,4984,Density-guided CNP,ours,matched_neural,full_500_3000,24,2.0,2.5,611,13260,30
original_n5000,original,5k,5000,4984,Density-guided CNP,ours,matched_neural,full_500_3000,25,2.5,3.0,350,13260,30
original_n5000,original,5k,5000,4984,Density-guided CNP,ours,matched_neural,full_500_3000,26,3.0,3.5,93,13260,30
original_n5000,original,5k,5000,4984,Density-guided CNP,ours,matched_neural,full_500_3000,27,3.5,4.0,21,13260,30
original_n5000,original,5k,5000,4984,Density-guided CNP,ours,matched_neural,full_500_3000,28,4.0,4.5,7,13260,30
original_n5000,original,5k,5000,4984,Density-guided CNP,ours,matched_neural,full_500_3000,29,4.5,5.0,19,13260,30
original_n5000,original,5k,5000,4984,Density-guided CNP,ours,matched_neural,full_500_3000,30,5.0,5.5,18,13260,30
original_n5000,original,5k,5000,4984,Density-guided CNP,ours,matched_neural,full_500_3000,31,5.5,6.0,8,13260,30
original_n5000,original,5k,5000,4984,Density-guided CNP,ours,matched_neural,full_500_3000,32,6.0,6.5,4,13260,30
original_n5000,original,5k,5000,4984,Density-guided CNP,ours,matched_neural,full_500_3000,33,6.5,7.0,5,13260,30
original_n5000,original,5k,5000,4984,Density-guided CNP,ours,matched_neural,full_500_3000,34,7.0,7.5,3,13260,30
original_n5000,original,5k,5000,4984,Density-guided CNP,ours,matched_neural,full_500_3000,35,7.5,8.0,9,13260,30
original_n5000,original,5k,5000,4984,Density-guided CNP,ours,matched_neural,full_500_3000,36,8.0,8.5,5,13260,30
original_n5000,original,5k,5000,4984,Density-guided CNP,ours,matched_neural,full_500_3000,37,8.5,9.0,10,13260,30
original_n5000,original,5k,5000,4984,Density-guided CNP,ours,matched_neural,full_500_3000,38,9.0,9.5,5,13260,30
original_n5000,original,5k,5000,4984,Density-guided CNP,ours,matched_neural,full_500_3000,39,9.5,10.0,7,13260,30
original_n5000,original,5k,5000,4984,Density-guided CNP,ours,matched_neural,full_500_3000,overflow,10.0,,55,13260,30
original_n5000,original,5k,5000,4984,Density-guided CNP,ours,matched_neural,figure1_1500_3000,underflow,,-10.0,0,7260,30
original_n5000,original,5k,5000,4984,Density-guided CNP,ours,matched_neural,figure1_1500_3000,0,-10.0,-9.5,1,7260,30
original_n5000,original,5k,5000,4984,Density-guided CNP,ours,matched_neural,figure1_1500_3000,1,-9.5,-9.0,0,7260,30
original_n5000,original,5k,5000,4984,Density-guided CNP,ours,matched_neural,figure1_1500_3000,2,-9.0,-8.5,0,7260,30
original_n5000,original,5k,5000,4984,Density-guided CNP,ours,matched_neural,figure1_1500_3000,3,-8.5,-8.0,1,7260,30
original_n5000,original,5k,5000,4984,Density-guided CNP,ours,matched_neural,figure1_1500_3000,4,-8.0,-7.5,5,7260,30
original_n5000,original,5k,5000,4984,Density-guided CNP,ours,matched_neural,figure1_1500_3000,5,-7.5,-7.0,19,7260,30
original_n5000,original,5k,5000,4984,Density-guided CNP,ours,matched_neural,figure1_1500_3000,6,-7.0,-6.5,11,7260,30
original_n5000,original,5k,5000,4984,Density-guided CNP,ours,matched_neural,figure1_1500_3000,7,-6.5,-6.0,10,7260,30
original_n5000,original,5k,5000,4984,Density-guided CNP,ours,matched_neural,figure1_1500_3000,8,-6.0,-5.5,19,7260,30
original_n5000,original,5k,5000,4984,Density-guided CNP,ours,matched_neural,figure1_1500_3000,9,-5.5,-5.0,22,7260,30
original_n5000,original,5k,5000,4984,Density-guided CNP,ours,matched_neural,figure1_1500_3000,10,-5.0,-4.5,55,7260,30
original_n5000,original,5k,5000,4984,Density-guided CNP,ours,matched_neural,figure1_1500_3000,11,-4.5,-4.0,68,7260,30
original_n5000,original,5k,5000,4984,Density-guided CNP,ours,matched_neural,figure1_1500_3000,12,-4.0,-3.5,87,7260,30
original_n5000,original,5k,5000,4984,Density-guided CNP,ours,matched_neural,figure1_1500_3000,13,-3.5,-3.0,99,7260,30
original_n5000,original,5k,5000,4984,Density-guided CNP,ours,matched_neural,figure1_1500_3000,14,-3.0,-2.5,157,7260,30
original_n5000,original,5k,5000,4984,Density-guided CNP,ours,matched_neural,figure1_1500_3000,15,-2.5,-2.0,254,7260,30
original_n5000,original,5k,5000,4984,Density-guided CNP,ours,matched_neural,figure1_1500_3000,16,-2.0,-1.5,423,7260,30
original_n5000,original,5k,5000,4984,Density-guided CNP,ours,matched_neural,figure1_1500_3000,17,-1.5,-1.0,678,7260,30
original_n5000,original,5k,5000,4984,Density-guided CNP,ours,matched_neural,figure1_1500_3000,18,-1.0,-0.5,1013,7260,30
original_n5000,original,5k,5000,4984,Density-guided CNP,ours,matched_neural,figure1_1500_3000,19,-0.5,0.0,964,7260,30
original_n5000,original,5k,5000,4984,Density-guided CNP,ours,matched_neural,figure1_1500_3000,20,0.0,0.5,674,7260,30
original_n5000,original,5k,5000,4984,Density-guided CNP,ours,matched_neural,figure1_1500_3000,21,0.5,1.0,760,7260,30
original_n5000,original,5k,5000,4984,Density-guided CNP,ours,matched_neural,figure1_1500_3000,22,1.0,1.5,655,7260,30
original_n5000,original,5k,5000,4984,Density-guided CNP,ours,matched_neural,figure1_1500_3000,23,1.5,2.0,565,7260,30
original_n5000,original,5k,5000,4984,Density-guided CNP,ours,matched_neural,figure1_1500_3000,24,2.0,2.5,363,7260,30
original_n5000,original,5k,5000,4984,Density-guided CNP,ours,matched_neural,figure1_1500_3000,25,2.5,3.0,240,7260,30
original_n5000,original,5k,5000,4984,Density-guided CNP,ours,matched_neural,figure1_1500_3000,26,3.0,3.5,55,7260,30
original_n5000,original,5k,5000,4984,Density-guided CNP,ours,matched_neural,figure1_1500_3000,27,3.5,4.0,13,7260,30
original_n5000,original,5k,5000,4984,Density-guided CNP,ours,matched_neural,figure1_1500_3000,28,4.0,4.5,3,7260,30
original_n5000,original,5k,5000,4984,Density-guided CNP,ours,matched_neural,figure1_1500_3000,29,4.5,5.0,5,7260,30
original_n5000,original,5k,5000,4984,Density-guided CNP,ours,matched_neural,figure1_1500_3000,30,5.0,5.5,6,7260,30
original_n5000,original,5k,5000,4984,Density-guided CNP,ours,matched_neural,figure1_1500_3000,31,5.5,6.0,4,7260,30
original_n5000,original,5k,5000,4984,Density-guided CNP,ours,matched_neural,figure1_1500_3000,32,6.0,6.5,3,7260,30
original_n5000,original,5k,5000,4984,Density-guided CNP,ours,matched_neural,figure1_1500_3000,33,6.5,7.0,2,7260,30
original_n5000,original,5k,5000,4984,Density-guided CNP,ours,matched_neural,figure1_1500_3000,34,7.0,7.5,2,7260,30
original_n5000,original,5k,5000,4984,Density-guided CNP,ours,matched_neural,figure1_1500_3000,35,7.5,8.0,1,7260,30
original_n5000,original,5k,5000,4984,Density-guided CNP,ours,matched_neural,figure1_1500_3000,36,8.0,8.5,3,7260,30
original_n5000,original,5k,5000,4984,Density-guided CNP,ours,matched_neural,figure1_1500_3000,37,8.5,9.0,1,7260,30
original_n5000,original,5k,5000,4984,Density-guided CNP,ours,matched_neural,figure1_1500_3000,38,9.0,9.5,2,7260,30
original_n5000,original,5k,5000,4984,Density-guided CNP,ours,matched_neural,figure1_1500_3000,39,9.5,10.0,0,7260,30
original_n5000,original,5k,5000,4984,Density-guided CNP,ours,matched_neural,figure1_1500_3000,overflow,10.0,,17,7260,30
original_n10000,original,10k,10000,9980,CNP,m0,matched_neural,full_500_3000,underflow,,-10.0,233,13260,30
original_n10000,original,10k,10000,9980,CNP,m0,matched_neural,full_500_3000,0,-10.0,-9.5,7,13260,30
original_n10000,original,10k,10000,9980,CNP,m0,matched_neural,full_500_3000,1,-9.5,-9.0,16,13260,30
original_n10000,original,10k,10000,9980,CNP,m0,matched_neural,full_500_3000,2,-9.0,-8.5,8,13260,30
original_n10000,original,10k,10000,9980,CNP,m0,matched_neural,full_500_3000,3,-8.5,-8.0,28,13260,30
original_n10000,original,10k,10000,9980,CNP,m0,matched_neural,full_500_3000,4,-8.0,-7.5,8,13260,30
original_n10000,original,10k,10000,9980,CNP,m0,matched_neural,full_500_3000,5,-7.5,-7.0,0,13260,30
original_n10000,original,10k,10000,9980,CNP,m0,matched_neural,full_500_3000,6,-7.0,-6.5,9,13260,30
original_n10000,original,10k,10000,9980,CNP,m0,matched_neural,full_500_3000,7,-6.5,-6.0,17,13260,30
original_n10000,original,10k,10000,9980,CNP,m0,matched_neural,full_500_3000,8,-6.0,-5.5,32,13260,30
original_n10000,original,10k,10000,9980,CNP,m0,matched_neural,full_500_3000,9,-5.5,-5.0,37,13260,30
original_n10000,original,10k,10000,9980,CNP,m0,matched_neural,full_500_3000,10,-5.0,-4.5,24,13260,30
original_n10000,original,10k,10000,9980,CNP,m0,matched_neural,full_500_3000,11,-4.5,-4.0,74,13260,30
original_n10000,original,10k,10000,9980,CNP,m0,matched_neural,full_500_3000,12,-4.0,-3.5,63,13260,30
original_n10000,original,10k,10000,9980,CNP,m0,matched_neural,full_500_3000,13,-3.5,-3.0,104,13260,30
original_n10000,original,10k,10000,9980,CNP,m0,matched_neural,full_500_3000,14,-3.0,-2.5,217,13260,30
original_n10000,original,10k,10000,9980,CNP,m0,matched_neural,full_500_3000,15,-2.5,-2.0,430,13260,30
original_n10000,original,10k,10000,9980,CNP,m0,matched_neural,full_500_3000,16,-2.0,-1.5,592,13260,30
original_n10000,original,10k,10000,9980,CNP,m0,matched_neural,full_500_3000,17,-1.5,-1.0,1068,13260,30
original_n10000,original,10k,10000,9980,CNP,m0,matched_neural,full_500_3000,18,-1.0,-0.5,1480,13260,30
original_n10000,original,10k,10000,9980,CNP,m0,matched_neural,full_500_3000,19,-0.5,0.0,1901,13260,30
original_n10000,original,10k,10000,9980,CNP,m0,matched_neural,full_500_3000,20,0.0,0.5,1681,13260,30
original_n10000,original,10k,10000,9980,CNP,m0,matched_neural,full_500_3000,21,0.5,1.0,1755,13260,30
original_n10000,original,10k,10000,9980,CNP,m0,matched_neural,full_500_3000,22,1.0,1.5,1346,13260,30
original_n10000,original,10k,10000,9980,CNP,m0,matched_neural,full_500_3000,23,1.5,2.0,1075,13260,30
original_n10000,original,10k,10000,9980,CNP,m0,matched_neural,full_500_3000,24,2.0,2.5,578,13260,30
original_n10000,original,10k,10000,9980,CNP,m0,matched_neural,full_500_3000,25,2.5,3.0,186,13260,30
original_n10000,original,10k,10000,9980,CNP,m0,matched_neural,full_500_3000,26,3.0,3.5,114,13260,30
original_n10000,original,10k,10000,9980,CNP,m0,matched_neural,full_500_3000,27,3.5,4.0,60,13260,30
original_n10000,original,10k,10000,9980,CNP,m0,matched_neural,full_500_3000,28,4.0,4.5,37,13260,30
original_n10000,original,10k,10000,9980,CNP,m0,matched_neural,full_500_3000,29,4.5,5.0,18,13260,30
original_n10000,original,10k,10000,9980,CNP,m0,matched_neural,full_500_3000,30,5.0,5.5,12,13260,30
original_n10000,original,10k,10000,9980,CNP,m0,matched_neural,full_500_3000,31,5.5,6.0,0,13260,30
original_n10000,original,10k,10000,9980,CNP,m0,matched_neural,full_500_3000,32,6.0,6.5,0,13260,30
original_n10000,original,10k,10000,9980,CNP,m0,matched_neural,full_500_3000,33,6.5,7.0,0,13260,30
original_n10000,original,10k,10000,9980,CNP,m0,matched_neural,full_500_3000,34,7.0,7.5,0,13260,30
original_n10000,original,10k,10000,9980,CNP,m0,matched_neural,full_500_3000,35,7.5,8.0,2,13260,30
original_n10000,original,10k,10000,9980,CNP,m0,matched_neural,full_500_3000,36,8.0,8.5,2,13260,30
original_n10000,original,10k,10000,9980,CNP,m0,matched_neural,full_500_3000,37,8.5,9.0,3,13260,30
original_n10000,original,10k,10000,9980,CNP,m0,matched_neural,full_500_3000,38,9.0,9.5,5,13260,30
original_n10000,original,10k,10000,9980,CNP,m0,matched_neural,full_500_3000,39,9.5,10.0,1,13260,30
original_n10000,original,10k,10000,9980,CNP,m0,matched_neural,full_500_3000,overflow,10.0,,37,13260,30
original_n10000,original,10k,10000,9980,CNP,m0,matched_neural,figure1_1500_3000,underflow,,-10.0,60,7260,30
original_n10000,original,10k,10000,9980,CNP,m0,matched_neural,figure1_1500_3000,0,-10.0,-9.5,0,7260,30
original_n10000,original,10k,10000,9980,CNP,m0,matched_neural,figure1_1500_3000,1,-9.5,-9.0,8,7260,30
original_n10000,original,10k,10000,9980,CNP,m0,matched_neural,figure1_1500_3000,2,-9.0,-8.5,2,7260,30
original_n10000,original,10k,10000,9980,CNP,m0,matched_neural,figure1_1500_3000,3,-8.5,-8.0,20,7260,30
original_n10000,original,10k,10000,9980,CNP,m0,matched_neural,figure1_1500_3000,4,-8.0,-7.5,0,7260,30
original_n10000,original,10k,10000,9980,CNP,m0,matched_neural,figure1_1500_3000,5,-7.5,-7.0,0,7260,30
original_n10000,original,10k,10000,9980,CNP,m0,matched_neural,figure1_1500_3000,6,-7.0,-6.5,0,7260,30
original_n10000,original,10k,10000,9980,CNP,m0,matched_neural,figure1_1500_3000,7,-6.5,-6.0,10,7260,30
original_n10000,original,10k,10000,9980,CNP,m0,matched_neural,figure1_1500_3000,8,-6.0,-5.5,21,7260,30
original_n10000,original,10k,10000,9980,CNP,m0,matched_neural,figure1_1500_3000,9,-5.5,-5.0,23,7260,30
original_n10000,original,10k,10000,9980,CNP,m0,matched_neural,figure1_1500_3000,10,-5.0,-4.5,11,7260,30
original_n10000,original,10k,10000,9980,CNP,m0,matched_neural,figure1_1500_3000,11,-4.5,-4.0,53,7260,30
original_n10000,original,10k,10000,9980,CNP,m0,matched_neural,figure1_1500_3000,12,-4.0,-3.5,26,7260,30
original_n10000,original,10k,10000,9980,CNP,m0,matched_neural,figure1_1500_3000,13,-3.5,-3.0,57,7260,30
original_n10000,original,10k,10000,9980,CNP,m0,matched_neural,figure1_1500_3000,14,-3.0,-2.5,143,7260,30
original_n10000,original,10k,10000,9980,CNP,m0,matched_neural,figure1_1500_3000,15,-2.5,-2.0,306,7260,30
original_n10000,original,10k,10000,9980,CNP,m0,matched_neural,figure1_1500_3000,16,-2.0,-1.5,410,7260,30
original_n10000,original,10k,10000,9980,CNP,m0,matched_neural,figure1_1500_3000,17,-1.5,-1.0,701,7260,30
original_n10000,original,10k,10000,9980,CNP,m0,matched_neural,figure1_1500_3000,18,-1.0,-0.5,846,7260,30
original_n10000,original,10k,10000,9980,CNP,m0,matched_neural,figure1_1500_3000,19,-0.5,0.0,1066,7260,30
original_n10000,original,10k,10000,9980,CNP,m0,matched_neural,figure1_1500_3000,20,0.0,0.5,849,7260,30
original_n10000,original,10k,10000,9980,CNP,m0,matched_neural,figure1_1500_3000,21,0.5,1.0,878,7260,30
original_n10000,original,10k,10000,9980,CNP,m0,matched_neural,figure1_1500_3000,22,1.0,1.5,622,7260,30
original_n10000,original,10k,10000,9980,CNP,m0,matched_neural,figure1_1500_3000,23,1.5,2.0,515,7260,30
original_n10000,original,10k,10000,9980,CNP,m0,matched_neural,figure1_1500_3000,24,2.0,2.5,301,7260,30
original_n10000,original,10k,10000,9980,CNP,m0,matched_neural,figure1_1500_3000,25,2.5,3.0,100,7260,30
original_n10000,original,10k,10000,9980,CNP,m0,matched_neural,figure1_1500_3000,26,3.0,3.5,85,7260,30
original_n10000,original,10k,10000,9980,CNP,m0,matched_neural,figure1_1500_3000,27,3.5,4.0,58,7260,30
original_n10000,original,10k,10000,9980,CNP,m0,matched_neural,figure1_1500_3000,28,4.0,4.5,22,7260,30
original_n10000,original,10k,10000,9980,CNP,m0,matched_neural,figure1_1500_3000,29,4.5,5.0,15,7260,30
original_n10000,original,10k,10000,9980,CNP,m0,matched_neural,figure1_1500_3000,30,5.0,5.5,2,7260,30
original_n10000,original,10k,10000,9980,CNP,m0,matched_neural,figure1_1500_3000,31,5.5,6.0,0,7260,30
original_n10000,original,10k,10000,9980,CNP,m0,matched_neural,figure1_1500_3000,32,6.0,6.5,0,7260,30
original_n10000,original,10k,10000,9980,CNP,m0,matched_neural,figure1_1500_3000,33,6.5,7.0,0,7260,30
original_n10000,original,10k,10000,9980,CNP,m0,matched_neural,figure1_1500_3000,34,7.0,7.5,0,7260,30
original_n10000,original,10k,10000,9980,CNP,m0,matched_neural,figure1_1500_3000,35,7.5,8.0,2,7260,30
original_n10000,original,10k,10000,9980,CNP,m0,matched_neural,figure1_1500_3000,36,8.0,8.5,2,7260,30
original_n10000,original,10k,10000,9980,CNP,m0,matched_neural,figure1_1500_3000,37,8.5,9.0,3,7260,30
original_n10000,original,10k,10000,9980,CNP,m0,matched_neural,figure1_1500_3000,38,9.0,9.5,5,7260,30
original_n10000,original,10k,10000,9980,CNP,m0,matched_neural,figure1_1500_3000,39,9.5,10.0,1,7260,30
original_n10000,original,10k,10000,9980,CNP,m0,matched_neural,figure1_1500_3000,overflow,10.0,,37,7260,30
original_n10000,original,10k,10000,9980,Attentive CNP,m1,matched_neural,full_500_3000,underflow,,-10.0,222,13260,30
original_n10000,original,10k,10000,9980,Attentive CNP,m1,matched_neural,full_500_3000,0,-10.0,-9.5,18,13260,30
original_n10000,original,10k,10000,9980,Attentive CNP,m1,matched_neural,full_500_3000,1,-9.5,-9.0,2,13260,30
original_n10000,original,10k,10000,9980,Attentive CNP,m1,matched_neural,full_500_3000,2,-9.0,-8.5,8,13260,30
original_n10000,original,10k,10000,9980,Attentive CNP,m1,matched_neural,full_500_3000,3,-8.5,-8.0,40,13260,30
original_n10000,original,10k,10000,9980,Attentive CNP,m1,matched_neural,full_500_3000,4,-8.0,-7.5,10,13260,30
original_n10000,original,10k,10000,9980,Attentive CNP,m1,matched_neural,full_500_3000,5,-7.5,-7.0,0,13260,30
original_n10000,original,10k,10000,9980,Attentive CNP,m1,matched_neural,full_500_3000,6,-7.0,-6.5,10,13260,30
original_n10000,original,10k,10000,9980,Attentive CNP,m1,matched_neural,full_500_3000,7,-6.5,-6.0,24,13260,30
original_n10000,original,10k,10000,9980,Attentive CNP,m1,matched_neural,full_500_3000,8,-6.0,-5.5,26,13260,30
original_n10000,original,10k,10000,9980,Attentive CNP,m1,matched_neural,full_500_3000,9,-5.5,-5.0,30,13260,30
original_n10000,original,10k,10000,9980,Attentive CNP,m1,matched_neural,full_500_3000,10,-5.0,-4.5,8,13260,30
original_n10000,original,10k,10000,9980,Attentive CNP,m1,matched_neural,full_500_3000,11,-4.5,-4.0,37,13260,30
original_n10000,original,10k,10000,9980,Attentive CNP,m1,matched_neural,full_500_3000,12,-4.0,-3.5,89,13260,30
original_n10000,original,10k,10000,9980,Attentive CNP,m1,matched_neural,full_500_3000,13,-3.5,-3.0,88,13260,30
original_n10000,original,10k,10000,9980,Attentive CNP,m1,matched_neural,full_500_3000,14,-3.0,-2.5,209,13260,30
original_n10000,original,10k,10000,9980,Attentive CNP,m1,matched_neural,full_500_3000,15,-2.5,-2.0,446,13260,30
original_n10000,original,10k,10000,9980,Attentive CNP,m1,matched_neural,full_500_3000,16,-2.0,-1.5,734,13260,30
original_n10000,original,10k,10000,9980,Attentive CNP,m1,matched_neural,full_500_3000,17,-1.5,-1.0,1062,13260,30
original_n10000,original,10k,10000,9980,Attentive CNP,m1,matched_neural,full_500_3000,18,-1.0,-0.5,1659,13260,30
original_n10000,original,10k,10000,9980,Attentive CNP,m1,matched_neural,full_500_3000,19,-0.5,0.0,1607,13260,30
original_n10000,original,10k,10000,9980,Attentive CNP,m1,matched_neural,full_500_3000,20,0.0,0.5,1757,13260,30
original_n10000,original,10k,10000,9980,Attentive CNP,m1,matched_neural,full_500_3000,21,0.5,1.0,1521,13260,30
original_n10000,original,10k,10000,9980,Attentive CNP,m1,matched_neural,full_500_3000,22,1.0,1.5,1430,13260,30
original_n10000,original,10k,10000,9980,Attentive CNP,m1,matched_neural,full_500_3000,23,1.5,2.0,1168,13260,30
original_n10000,original,10k,10000,9980,Attentive CNP,m1,matched_neural,full_500_3000,24,2.0,2.5,529,13260,30
original_n10000,original,10k,10000,9980,Attentive CNP,m1,matched_neural,full_500_3000,25,2.5,3.0,231,13260,30
original_n10000,original,10k,10000,9980,Attentive CNP,m1,matched_neural,full_500_3000,26,3.0,3.5,79,13260,30
original_n10000,original,10k,10000,9980,Attentive CNP,m1,matched_neural,full_500_3000,27,3.5,4.0,89,13260,30
original_n10000,original,10k,10000,9980,Attentive CNP,m1,matched_neural,full_500_3000,28,4.0,4.5,34,13260,30
original_n10000,original,10k,10000,9980,Attentive CNP,m1,matched_neural,full_500_3000,29,4.5,5.0,39,13260,30
original_n10000,original,10k,10000,9980,Attentive CNP,m1,matched_neural,full_500_3000,30,5.0,5.5,24,13260,30
original_n10000,original,10k,10000,9980,Attentive CNP,m1,matched_neural,full_500_3000,31,5.5,6.0,0,13260,30
original_n10000,original,10k,10000,9980,Attentive CNP,m1,matched_neural,full_500_3000,32,6.0,6.5,0,13260,30
original_n10000,original,10k,10000,9980,Attentive CNP,m1,matched_neural,full_500_3000,33,6.5,7.0,0,13260,30
original_n10000,original,10k,10000,9980,Attentive CNP,m1,matched_neural,full_500_3000,34,7.0,7.5,0,13260,30
original_n10000,original,10k,10000,9980,Attentive CNP,m1,matched_neural,full_500_3000,35,7.5,8.0,0,13260,30
original_n10000,original,10k,10000,9980,Attentive CNP,m1,matched_neural,full_500_3000,36,8.0,8.5,0,13260,30
original_n10000,original,10k,10000,9980,Attentive CNP,m1,matched_neural,full_500_3000,37,8.5,9.0,0,13260,30
original_n10000,original,10k,10000,9980,Attentive CNP,m1,matched_neural,full_500_3000,38,9.0,9.5,0,13260,30
original_n10000,original,10k,10000,9980,Attentive CNP,m1,matched_neural,full_500_3000,39,9.5,10.0,0,13260,30
original_n10000,original,10k,10000,9980,Attentive CNP,m1,matched_neural,full_500_3000,overflow,10.0,,30,13260,30
original_n10000,original,10k,10000,9980,Attentive CNP,m1,matched_neural,figure1_1500_3000,underflow,,-10.0,60,7260,30
original_n10000,original,10k,10000,9980,Attentive CNP,m1,matched_neural,figure1_1500_3000,0,-10.0,-9.5,0,7260,30
original_n10000,original,10k,10000,9980,Attentive CNP,m1,matched_neural,figure1_1500_3000,1,-9.5,-9.0,2,7260,30
original_n10000,original,10k,10000,9980,Attentive CNP,m1,matched_neural,figure1_1500_3000,2,-9.0,-8.5,8,7260,30
original_n10000,original,10k,10000,9980,Attentive CNP,m1,matched_neural,figure1_1500_3000,3,-8.5,-8.0,20,7260,30
original_n10000,original,10k,10000,9980,Attentive CNP,m1,matched_neural,figure1_1500_3000,4,-8.0,-7.5,0,7260,30
original_n10000,original,10k,10000,9980,Attentive CNP,m1,matched_neural,figure1_1500_3000,5,-7.5,-7.0,0,7260,30
original_n10000,original,10k,10000,9980,Attentive CNP,m1,matched_neural,figure1_1500_3000,6,-7.0,-6.5,10,7260,30
original_n10000,original,10k,10000,9980,Attentive CNP,m1,matched_neural,figure1_1500_3000,7,-6.5,-6.0,17,7260,30
original_n10000,original,10k,10000,9980,Attentive CNP,m1,matched_neural,figure1_1500_3000,8,-6.0,-5.5,13,7260,30
original_n10000,original,10k,10000,9980,Attentive CNP,m1,matched_neural,figure1_1500_3000,9,-5.5,-5.0,20,7260,30
original_n10000,original,10k,10000,9980,Attentive CNP,m1,matched_neural,figure1_1500_3000,10,-5.0,-4.5,0,7260,30
original_n10000,original,10k,10000,9980,Attentive CNP,m1,matched_neural,figure1_1500_3000,11,-4.5,-4.0,23,7260,30
original_n10000,original,10k,10000,9980,Attentive CNP,m1,matched_neural,figure1_1500_3000,12,-4.0,-3.5,47,7260,30
original_n10000,original,10k,10000,9980,Attentive CNP,m1,matched_neural,figure1_1500_3000,13,-3.5,-3.0,62,7260,30
original_n10000,original,10k,10000,9980,Attentive CNP,m1,matched_neural,figure1_1500_3000,14,-3.0,-2.5,151,7260,30
original_n10000,original,10k,10000,9980,Attentive CNP,m1,matched_neural,figure1_1500_3000,15,-2.5,-2.0,347,7260,30
original_n10000,original,10k,10000,9980,Attentive CNP,m1,matched_neural,figure1_1500_3000,16,-2.0,-1.5,537,7260,30
original_n10000,original,10k,10000,9980,Attentive CNP,m1,matched_neural,figure1_1500_3000,17,-1.5,-1.0,787,7260,30
original_n10000,original,10k,10000,9980,Attentive CNP,m1,matched_neural,figure1_1500_3000,18,-1.0,-0.5,1058,7260,30
original_n10000,original,10k,10000,9980,Attentive CNP,m1,matched_neural,figure1_1500_3000,19,-0.5,0.0,856,7260,30
original_n10000,original,10k,10000,9980,Attentive CNP,m1,matched_neural,figure1_1500_3000,20,0.0,0.5,868,7260,30
original_n10000,original,10k,10000,9980,Attentive CNP,m1,matched_neural,figure1_1500_3000,21,0.5,1.0,711,7260,30
original_n10000,original,10k,10000,9980,Attentive CNP,m1,matched_neural,figure1_1500_3000,22,1.0,1.5,620,7260,30
original_n10000,original,10k,10000,9980,Attentive CNP,m1,matched_neural,figure1_1500_3000,23,1.5,2.0,463,7260,30
original_n10000,original,10k,10000,9980,Attentive CNP,m1,matched_neural,figure1_1500_3000,24,2.0,2.5,249,7260,30
original_n10000,original,10k,10000,9980,Attentive CNP,m1,matched_neural,figure1_1500_3000,25,2.5,3.0,106,7260,30
original_n10000,original,10k,10000,9980,Attentive CNP,m1,matched_neural,figure1_1500_3000,26,3.0,3.5,39,7260,30
original_n10000,original,10k,10000,9980,Attentive CNP,m1,matched_neural,figure1_1500_3000,27,3.5,4.0,89,7260,30
original_n10000,original,10k,10000,9980,Attentive CNP,m1,matched_neural,figure1_1500_3000,28,4.0,4.5,33,7260,30
original_n10000,original,10k,10000,9980,Attentive CNP,m1,matched_neural,figure1_1500_3000,29,4.5,5.0,20,7260,30
original_n10000,original,10k,10000,9980,Attentive CNP,m1,matched_neural,figure1_1500_3000,30,5.0,5.5,14,7260,30
original_n10000,original,10k,10000,9980,Attentive CNP,m1,matched_neural,figure1_1500_3000,31,5.5,6.0,0,7260,30
original_n10000,original,10k,10000,9980,Attentive CNP,m1,matched_neural,figure1_1500_3000,32,6.0,6.5,0,7260,30
original_n10000,original,10k,10000,9980,Attentive CNP,m1,matched_neural,figure1_1500_3000,33,6.5,7.0,0,7260,30
original_n10000,original,10k,10000,9980,Attentive CNP,m1,matched_neural,figure1_1500_3000,34,7.0,7.5,0,7260,30
original_n10000,original,10k,10000,9980,Attentive CNP,m1,matched_neural,figure1_1500_3000,35,7.5,8.0,0,7260,30
original_n10000,original,10k,10000,9980,Attentive CNP,m1,matched_neural,figure1_1500_3000,36,8.0,8.5,0,7260,30
original_n10000,original,10k,10000,9980,Attentive CNP,m1,matched_neural,figure1_1500_3000,37,8.5,9.0,0,7260,30
original_n10000,original,10k,10000,9980,Attentive CNP,m1,matched_neural,figure1_1500_3000,38,9.0,9.5,0,7260,30
original_n10000,original,10k,10000,9980,Attentive CNP,m1,matched_neural,figure1_1500_3000,39,9.5,10.0,0,7260,30
original_n10000,original,10k,10000,9980,Attentive CNP,m1,matched_neural,figure1_1500_3000,overflow,10.0,,30,7260,30
original_n10000,original,10k,10000,9980,Attentive CNP + PE,m2,matched_neural,full_500_3000,underflow,,-10.0,0,13260,30
original_n10000,original,10k,10000,9980,Attentive CNP + PE,m2,matched_neural,full_500_3000,0,-10.0,-9.5,0,13260,30
original_n10000,original,10k,10000,9980,Attentive CNP + PE,m2,matched_neural,full_500_3000,1,-9.5,-9.0,0,13260,30
original_n10000,original,10k,10000,9980,Attentive CNP + PE,m2,matched_neural,full_500_3000,2,-9.0,-8.5,2,13260,30
original_n10000,original,10k,10000,9980,Attentive CNP + PE,m2,matched_neural,full_500_3000,3,-8.5,-8.0,5,13260,30
original_n10000,original,10k,10000,9980,Attentive CNP + PE,m2,matched_neural,full_500_3000,4,-8.0,-7.5,3,13260,30
original_n10000,original,10k,10000,9980,Attentive CNP + PE,m2,matched_neural,full_500_3000,5,-7.5,-7.0,7,13260,30
original_n10000,original,10k,10000,9980,Attentive CNP + PE,m2,matched_neural,full_500_3000,6,-7.0,-6.5,14,13260,30
original_n10000,original,10k,10000,9980,Attentive CNP + PE,m2,matched_neural,full_500_3000,7,-6.5,-6.0,43,13260,30
original_n10000,original,10k,10000,9980,Attentive CNP + PE,m2,matched_neural,full_500_3000,8,-6.0,-5.5,63,13260,30
original_n10000,original,10k,10000,9980,Attentive CNP + PE,m2,matched_neural,full_500_3000,9,-5.5,-5.0,68,13260,30
original_n10000,original,10k,10000,9980,Attentive CNP + PE,m2,matched_neural,full_500_3000,10,-5.0,-4.5,60,13260,30
original_n10000,original,10k,10000,9980,Attentive CNP + PE,m2,matched_neural,full_500_3000,11,-4.5,-4.0,89,13260,30
original_n10000,original,10k,10000,9980,Attentive CNP + PE,m2,matched_neural,full_500_3000,12,-4.0,-3.5,170,13260,30
original_n10000,original,10k,10000,9980,Attentive CNP + PE,m2,matched_neural,full_500_3000,13,-3.5,-3.0,205,13260,30
original_n10000,original,10k,10000,9980,Attentive CNP + PE,m2,matched_neural,full_500_3000,14,-3.0,-2.5,331,13260,30
original_n10000,original,10k,10000,9980,Attentive CNP + PE,m2,matched_neural,full_500_3000,15,-2.5,-2.0,330,13260,30
original_n10000,original,10k,10000,9980,Attentive CNP + PE,m2,matched_neural,full_500_3000,16,-2.0,-1.5,377,13260,30
original_n10000,original,10k,10000,9980,Attentive CNP + PE,m2,matched_neural,full_500_3000,17,-1.5,-1.0,545,13260,30
original_n10000,original,10k,10000,9980,Attentive CNP + PE,m2,matched_neural,full_500_3000,18,-1.0,-0.5,684,13260,30
original_n10000,original,10k,10000,9980,Attentive CNP + PE,m2,matched_neural,full_500_3000,19,-0.5,0.0,767,13260,30
original_n10000,original,10k,10000,9980,Attentive CNP + PE,m2,matched_neural,full_500_3000,20,0.0,0.5,846,13260,30
original_n10000,original,10k,10000,9980,Attentive CNP + PE,m2,matched_neural,full_500_3000,21,0.5,1.0,1003,13260,30
original_n10000,original,10k,10000,9980,Attentive CNP + PE,m2,matched_neural,full_500_3000,22,1.0,1.5,974,13260,30
original_n10000,original,10k,10000,9980,Attentive CNP + PE,m2,matched_neural,full_500_3000,23,1.5,2.0,985,13260,30
original_n10000,original,10k,10000,9980,Attentive CNP + PE,m2,matched_neural,full_500_3000,24,2.0,2.5,925,13260,30
original_n10000,original,10k,10000,9980,Attentive CNP + PE,m2,matched_neural,full_500_3000,25,2.5,3.0,888,13260,30
original_n10000,original,10k,10000,9980,Attentive CNP + PE,m2,matched_neural,full_500_3000,26,3.0,3.5,778,13260,30
original_n10000,original,10k,10000,9980,Attentive CNP + PE,m2,matched_neural,full_500_3000,27,3.5,4.0,650,13260,30
original_n10000,original,10k,10000,9980,Attentive CNP + PE,m2,matched_neural,full_500_3000,28,4.0,4.5,492,13260,30
original_n10000,original,10k,10000,9980,Attentive CNP + PE,m2,matched_neural,full_500_3000,29,4.5,5.0,456,13260,30
original_n10000,original,10k,10000,9980,Attentive CNP + PE,m2,matched_neural,full_500_3000,30,5.0,5.5,440,13260,30
original_n10000,original,10k,10000,9980,Attentive CNP + PE,m2,matched_neural,full_500_3000,31,5.5,6.0,323,13260,30
original_n10000,original,10k,10000,9980,Attentive CNP + PE,m2,matched_neural,full_500_3000,32,6.0,6.5,213,13260,30
original_n10000,original,10k,10000,9980,Attentive CNP + PE,m2,matched_neural,full_500_3000,33,6.5,7.0,177,13260,30
original_n10000,original,10k,10000,9980,Attentive CNP + PE,m2,matched_neural,full_500_3000,34,7.0,7.5,100,13260,30
original_n10000,original,10k,10000,9980,Attentive CNP + PE,m2,matched_neural,full_500_3000,35,7.5,8.0,76,13260,30
original_n10000,original,10k,10000,9980,Attentive CNP + PE,m2,matched_neural,full_500_3000,36,8.0,8.5,76,13260,30
original_n10000,original,10k,10000,9980,Attentive CNP + PE,m2,matched_neural,full_500_3000,37,8.5,9.0,53,13260,30
original_n10000,original,10k,10000,9980,Attentive CNP + PE,m2,matched_neural,full_500_3000,38,9.0,9.5,19,13260,30
original_n10000,original,10k,10000,9980,Attentive CNP + PE,m2,matched_neural,full_500_3000,39,9.5,10.0,14,13260,30
original_n10000,original,10k,10000,9980,Attentive CNP + PE,m2,matched_neural,full_500_3000,overflow,10.0,,9,13260,30
original_n10000,original,10k,10000,9980,Attentive CNP + PE,m2,matched_neural,figure1_1500_3000,underflow,,-10.0,0,7260,30
original_n10000,original,10k,10000,9980,Attentive CNP + PE,m2,matched_neural,figure1_1500_3000,0,-10.0,-9.5,0,7260,30
original_n10000,original,10k,10000,9980,Attentive CNP + PE,m2,matched_neural,figure1_1500_3000,1,-9.5,-9.0,0,7260,30
original_n10000,original,10k,10000,9980,Attentive CNP + PE,m2,matched_neural,figure1_1500_3000,2,-9.0,-8.5,2,7260,30
original_n10000,original,10k,10000,9980,Attentive CNP + PE,m2,matched_neural,figure1_1500_3000,3,-8.5,-8.0,5,7260,30
original_n10000,original,10k,10000,9980,Attentive CNP + PE,m2,matched_neural,figure1_1500_3000,4,-8.0,-7.5,3,7260,30
original_n10000,original,10k,10000,9980,Attentive CNP + PE,m2,matched_neural,figure1_1500_3000,5,-7.5,-7.0,7,7260,30
original_n10000,original,10k,10000,9980,Attentive CNP + PE,m2,matched_neural,figure1_1500_3000,6,-7.0,-6.5,14,7260,30
original_n10000,original,10k,10000,9980,Attentive CNP + PE,m2,matched_neural,figure1_1500_3000,7,-6.5,-6.0,30,7260,30
original_n10000,original,10k,10000,9980,Attentive CNP + PE,m2,matched_neural,figure1_1500_3000,8,-6.0,-5.5,33,7260,30
original_n10000,original,10k,10000,9980,Attentive CNP + PE,m2,matched_neural,figure1_1500_3000,9,-5.5,-5.0,58,7260,30
original_n10000,original,10k,10000,9980,Attentive CNP + PE,m2,matched_neural,figure1_1500_3000,10,-5.0,-4.5,41,7260,30
original_n10000,original,10k,10000,9980,Attentive CNP + PE,m2,matched_neural,figure1_1500_3000,11,-4.5,-4.0,67,7260,30
original_n10000,original,10k,10000,9980,Attentive CNP + PE,m2,matched_neural,figure1_1500_3000,12,-4.0,-3.5,130,7260,30
original_n10000,original,10k,10000,9980,Attentive CNP + PE,m2,matched_neural,figure1_1500_3000,13,-3.5,-3.0,150,7260,30
original_n10000,original,10k,10000,9980,Attentive CNP + PE,m2,matched_neural,figure1_1500_3000,14,-3.0,-2.5,230,7260,30
original_n10000,original,10k,10000,9980,Attentive CNP + PE,m2,matched_neural,figure1_1500_3000,15,-2.5,-2.0,218,7260,30
original_n10000,original,10k,10000,9980,Attentive CNP + PE,m2,matched_neural,figure1_1500_3000,16,-2.0,-1.5,244,7260,30
original_n10000,original,10k,10000,9980,Attentive CNP + PE,m2,matched_neural,figure1_1500_3000,17,-1.5,-1.0,318,7260,30
original_n10000,original,10k,10000,9980,Attentive CNP + PE,m2,matched_neural,figure1_1500_3000,18,-1.0,-0.5,378,7260,30
original_n10000,original,10k,10000,9980,Attentive CNP + PE,m2,matched_neural,figure1_1500_3000,19,-0.5,0.0,428,7260,30
original_n10000,original,10k,10000,9980,Attentive CNP + PE,m2,matched_neural,figure1_1500_3000,20,0.0,0.5,463,7260,30
original_n10000,original,10k,10000,9980,Attentive CNP + PE,m2,matched_neural,figure1_1500_3000,21,0.5,1.0,525,7260,30
original_n10000,original,10k,10000,9980,Attentive CNP + PE,m2,matched_neural,figure1_1500_3000,22,1.0,1.5,525,7260,30
original_n10000,original,10k,10000,9980,Attentive CNP + PE,m2,matched_neural,figure1_1500_3000,23,1.5,2.0,550,7260,30
original_n10000,original,10k,10000,9980,Attentive CNP + PE,m2,matched_neural,figure1_1500_3000,24,2.0,2.5,479,7260,30
original_n10000,original,10k,10000,9980,Attentive CNP + PE,m2,matched_neural,figure1_1500_3000,25,2.5,3.0,488,7260,30
original_n10000,original,10k,10000,9980,Attentive CNP + PE,m2,matched_neural,figure1_1500_3000,26,3.0,3.5,372,7260,30
original_n10000,original,10k,10000,9980,Attentive CNP + PE,m2,matched_neural,figure1_1500_3000,27,3.5,4.0,314,7260,30
original_n10000,original,10k,10000,9980,Attentive CNP + PE,m2,matched_neural,figure1_1500_3000,28,4.0,4.5,241,7260,30
original_n10000,original,10k,10000,9980,Attentive CNP + PE,m2,matched_neural,figure1_1500_3000,29,4.5,5.0,188,7260,30
original_n10000,original,10k,10000,9980,Attentive CNP + PE,m2,matched_neural,figure1_1500_3000,30,5.0,5.5,192,7260,30
original_n10000,original,10k,10000,9980,Attentive CNP + PE,m2,matched_neural,figure1_1500_3000,31,5.5,6.0,174,7260,30
original_n10000,original,10k,10000,9980,Attentive CNP + PE,m2,matched_neural,figure1_1500_3000,32,6.0,6.5,118,7260,30
original_n10000,original,10k,10000,9980,Attentive CNP + PE,m2,matched_neural,figure1_1500_3000,33,6.5,7.0,69,7260,30
original_n10000,original,10k,10000,9980,Attentive CNP + PE,m2,matched_neural,figure1_1500_3000,34,7.0,7.5,54,7260,30
original_n10000,original,10k,10000,9980,Attentive CNP + PE,m2,matched_neural,figure1_1500_3000,35,7.5,8.0,44,7260,30
original_n10000,original,10k,10000,9980,Attentive CNP + PE,m2,matched_neural,figure1_1500_3000,36,8.0,8.5,42,7260,30
original_n10000,original,10k,10000,9980,Attentive CNP + PE,m2,matched_neural,figure1_1500_3000,37,8.5,9.0,30,7260,30
original_n10000,original,10k,10000,9980,Attentive CNP + PE,m2,matched_neural,figure1_1500_3000,38,9.0,9.5,14,7260,30
original_n10000,original,10k,10000,9980,Attentive CNP + PE,m2,matched_neural,figure1_1500_3000,39,9.5,10.0,13,7260,30
original_n10000,original,10k,10000,9980,Attentive CNP + PE,m2,matched_neural,figure1_1500_3000,overflow,10.0,,9,7260,30
original_n10000,original,10k,10000,9980,Density-guided CNP,ours,matched_neural,full_500_3000,underflow,,-10.0,0,13260,30
original_n10000,original,10k,10000,9980,Density-guided CNP,ours,matched_neural,full_500_3000,0,-10.0,-9.5,0,13260,30
original_n10000,original,10k,10000,9980,Density-guided CNP,ours,matched_neural,full_500_3000,1,-9.5,-9.0,0,13260,30
original_n10000,original,10k,10000,9980,Density-guided CNP,ours,matched_neural,full_500_3000,2,-9.0,-8.5,0,13260,30
original_n10000,original,10k,10000,9980,Density-guided CNP,ours,matched_neural,full_500_3000,3,-8.5,-8.0,0,13260,30
original_n10000,original,10k,10000,9980,Density-guided CNP,ours,matched_neural,full_500_3000,4,-8.0,-7.5,0,13260,30
original_n10000,original,10k,10000,9980,Density-guided CNP,ours,matched_neural,full_500_3000,5,-7.5,-7.0,1,13260,30
original_n10000,original,10k,10000,9980,Density-guided CNP,ours,matched_neural,full_500_3000,6,-7.0,-6.5,8,13260,30
original_n10000,original,10k,10000,9980,Density-guided CNP,ours,matched_neural,full_500_3000,7,-6.5,-6.0,14,13260,30
original_n10000,original,10k,10000,9980,Density-guided CNP,ours,matched_neural,full_500_3000,8,-6.0,-5.5,15,13260,30
original_n10000,original,10k,10000,9980,Density-guided CNP,ours,matched_neural,full_500_3000,9,-5.5,-5.0,20,13260,30
original_n10000,original,10k,10000,9980,Density-guided CNP,ours,matched_neural,full_500_3000,10,-5.0,-4.5,31,13260,30
original_n10000,original,10k,10000,9980,Density-guided CNP,ours,matched_neural,full_500_3000,11,-4.5,-4.0,53,13260,30
original_n10000,original,10k,10000,9980,Density-guided CNP,ours,matched_neural,full_500_3000,12,-4.0,-3.5,94,13260,30
original_n10000,original,10k,10000,9980,Density-guided CNP,ours,matched_neural,full_500_3000,13,-3.5,-3.0,120,13260,30
original_n10000,original,10k,10000,9980,Density-guided CNP,ours,matched_neural,full_500_3000,14,-3.0,-2.5,196,13260,30
original_n10000,original,10k,10000,9980,Density-guided CNP,ours,matched_neural,full_500_3000,15,-2.5,-2.0,313,13260,30
original_n10000,original,10k,10000,9980,Density-guided CNP,ours,matched_neural,full_500_3000,16,-2.0,-1.5,735,13260,30
original_n10000,original,10k,10000,9980,Density-guided CNP,ours,matched_neural,full_500_3000,17,-1.5,-1.0,1060,13260,30
original_n10000,original,10k,10000,9980,Density-guided CNP,ours,matched_neural,full_500_3000,18,-1.0,-0.5,1393,13260,30
original_n10000,original,10k,10000,9980,Density-guided CNP,ours,matched_neural,full_500_3000,19,-0.5,0.0,1512,13260,30
original_n10000,original,10k,10000,9980,Density-guided CNP,ours,matched_neural,full_500_3000,20,0.0,0.5,1792,13260,30
original_n10000,original,10k,10000,9980,Density-guided CNP,ours,matched_neural,full_500_3000,21,0.5,1.0,1616,13260,30
original_n10000,original,10k,10000,9980,Density-guided CNP,ours,matched_neural,full_500_3000,22,1.0,1.5,1519,13260,30
original_n10000,original,10k,10000,9980,Density-guided CNP,ours,matched_neural,full_500_3000,23,1.5,2.0,1087,13260,30
original_n10000,original,10k,10000,9980,Density-guided CNP,ours,matched_neural,full_500_3000,24,2.0,2.5,810,13260,30
original_n10000,original,10k,10000,9980,Density-guided CNP,ours,matched_neural,full_500_3000,25,2.5,3.0,438,13260,30
original_n10000,original,10k,10000,9980,Density-guided CNP,ours,matched_neural,full_500_3000,26,3.0,3.5,219,13260,30
original_n10000,original,10k,10000,9980,Density-guided CNP,ours,matched_neural,full_500_3000,27,3.5,4.0,51,13260,30
original_n10000,original,10k,10000,9980,Density-guided CNP,ours,matched_neural,full_500_3000,28,4.0,4.5,37,13260,30
original_n10000,original,10k,10000,9980,Density-guided CNP,ours,matched_neural,full_500_3000,29,4.5,5.0,22,13260,30
original_n10000,original,10k,10000,9980,Density-guided CNP,ours,matched_neural,full_500_3000,30,5.0,5.5,14,13260,30
original_n10000,original,10k,10000,9980,Density-guided CNP,ours,matched_neural,full_500_3000,31,5.5,6.0,11,13260,30
original_n10000,original,10k,10000,9980,Density-guided CNP,ours,matched_neural,full_500_3000,32,6.0,6.5,9,13260,30
original_n10000,original,10k,10000,9980,Density-guided CNP,ours,matched_neural,full_500_3000,33,6.5,7.0,7,13260,30
original_n10000,original,10k,10000,9980,Density-guided CNP,ours,matched_neural,full_500_3000,34,7.0,7.5,6,13260,30
original_n10000,original,10k,10000,9980,Density-guided CNP,ours,matched_neural,full_500_3000,35,7.5,8.0,4,13260,30
original_n10000,original,10k,10000,9980,Density-guided CNP,ours,matched_neural,full_500_3000,36,8.0,8.5,8,13260,30
original_n10000,original,10k,10000,9980,Density-guided CNP,ours,matched_neural,full_500_3000,37,8.5,9.0,6,13260,30
original_n10000,original,10k,10000,9980,Density-guided CNP,ours,matched_neural,full_500_3000,38,9.0,9.5,8,13260,30
original_n10000,original,10k,10000,9980,Density-guided CNP,ours,matched_neural,full_500_3000,39,9.5,10.0,7,13260,30
original_n10000,original,10k,10000,9980,Density-guided CNP,ours,matched_neural,full_500_3000,overflow,10.0,,24,13260,30
original_n10000,original,10k,10000,9980,Density-guided CNP,ours,matched_neural,figure1_1500_3000,underflow,,-10.0,0,7260,30
original_n10000,original,10k,10000,9980,Density-guided CNP,ours,matched_neural,figure1_1500_3000,0,-10.0,-9.5,0,7260,30
original_n10000,original,10k,10000,9980,Density-guided CNP,ours,matched_neural,figure1_1500_3000,1,-9.5,-9.0,0,7260,30
original_n10000,original,10k,10000,9980,Density-guided CNP,ours,matched_neural,figure1_1500_3000,2,-9.0,-8.5,0,7260,30
original_n10000,original,10k,10000,9980,Density-guided CNP,ours,matched_neural,figure1_1500_3000,3,-8.5,-8.0,0,7260,30
original_n10000,original,10k,10000,9980,Density-guided CNP,ours,matched_neural,figure1_1500_3000,4,-8.0,-7.5,0,7260,30
original_n10000,original,10k,10000,9980,Density-guided CNP,ours,matched_neural,figure1_1500_3000,5,-7.5,-7.0,0,7260,30
original_n10000,original,10k,10000,9980,Density-guided CNP,ours,matched_neural,figure1_1500_3000,6,-7.0,-6.5,0,7260,30
original_n10000,original,10k,10000,9980,Density-guided CNP,ours,matched_neural,figure1_1500_3000,7,-6.5,-6.0,4,7260,30
original_n10000,original,10k,10000,9980,Density-guided CNP,ours,matched_neural,figure1_1500_3000,8,-6.0,-5.5,5,7260,30
original_n10000,original,10k,10000,9980,Density-guided CNP,ours,matched_neural,figure1_1500_3000,9,-5.5,-5.0,2,7260,30
original_n10000,original,10k,10000,9980,Density-guided CNP,ours,matched_neural,figure1_1500_3000,10,-5.0,-4.5,12,7260,30
original_n10000,original,10k,10000,9980,Density-guided CNP,ours,matched_neural,figure1_1500_3000,11,-4.5,-4.0,33,7260,30
original_n10000,original,10k,10000,9980,Density-guided CNP,ours,matched_neural,figure1_1500_3000,12,-4.0,-3.5,57,7260,30
original_n10000,original,10k,10000,9980,Density-guided CNP,ours,matched_neural,figure1_1500_3000,13,-3.5,-3.0,59,7260,30
original_n10000,original,10k,10000,9980,Density-guided CNP,ours,matched_neural,figure1_1500_3000,14,-3.0,-2.5,103,7260,30
original_n10000,original,10k,10000,9980,Density-guided CNP,ours,matched_neural,figure1_1500_3000,15,-2.5,-2.0,207,7260,30
original_n10000,original,10k,10000,9980,Density-guided CNP,ours,matched_neural,figure1_1500_3000,16,-2.0,-1.5,503,7260,30
original_n10000,original,10k,10000,9980,Density-guided CNP,ours,matched_neural,figure1_1500_3000,17,-1.5,-1.0,671,7260,30
original_n10000,original,10k,10000,9980,Density-guided CNP,ours,matched_neural,figure1_1500_3000,18,-1.0,-0.5,913,7260,30
original_n10000,original,10k,10000,9980,Density-guided CNP,ours,matched_neural,figure1_1500_3000,19,-0.5,0.0,806,7260,30
original_n10000,original,10k,10000,9980,Density-guided CNP,ours,matched_neural,figure1_1500_3000,20,0.0,0.5,986,7260,30
original_n10000,original,10k,10000,9980,Density-guided CNP,ours,matched_neural,figure1_1500_3000,21,0.5,1.0,883,7260,30
original_n10000,original,10k,10000,9980,Density-guided CNP,ours,matched_neural,figure1_1500_3000,22,1.0,1.5,848,7260,30
original_n10000,original,10k,10000,9980,Density-guided CNP,ours,matched_neural,figure1_1500_3000,23,1.5,2.0,506,7260,30
original_n10000,original,10k,10000,9980,Density-guided CNP,ours,matched_neural,figure1_1500_3000,24,2.0,2.5,374,7260,30
original_n10000,original,10k,10000,9980,Density-guided CNP,ours,matched_neural,figure1_1500_3000,25,2.5,3.0,198,7260,30
original_n10000,original,10k,10000,9980,Density-guided CNP,ours,matched_neural,figure1_1500_3000,26,3.0,3.5,51,7260,30
original_n10000,original,10k,10000,9980,Density-guided CNP,ours,matched_neural,figure1_1500_3000,27,3.5,4.0,10,7260,30
original_n10000,original,10k,10000,9980,Density-guided CNP,ours,matched_neural,figure1_1500_3000,28,4.0,4.5,5,7260,30
original_n10000,original,10k,10000,9980,Density-guided CNP,ours,matched_neural,figure1_1500_3000,29,4.5,5.0,3,7260,30
original_n10000,original,10k,10000,9980,Density-guided CNP,ours,matched_neural,figure1_1500_3000,30,5.0,5.5,3,7260,30
original_n10000,original,10k,10000,9980,Density-guided CNP,ours,matched_neural,figure1_1500_3000,31,5.5,6.0,1,7260,30
original_n10000,original,10k,10000,9980,Density-guided CNP,ours,matched_neural,figure1_1500_3000,32,6.0,6.5,2,7260,30
original_n10000,original,10k,10000,9980,Density-guided CNP,ours,matched_neural,figure1_1500_3000,33,6.5,7.0,3,7260,30
original_n10000,original,10k,10000,9980,Density-guided CNP,ours,matched_neural,figure1_1500_3000,34,7.0,7.5,3,7260,30
original_n10000,original,10k,10000,9980,Density-guided CNP,ours,matched_neural,figure1_1500_3000,35,7.5,8.0,2,7260,30
original_n10000,original,10k,10000,9980,Density-guided CNP,ours,matched_neural,figure1_1500_3000,36,8.0,8.5,2,7260,30
original_n10000,original,10k,10000,9980,Density-guided CNP,ours,matched_neural,figure1_1500_3000,37,8.5,9.0,1,7260,30
original_n10000,original,10k,10000,9980,Density-guided CNP,ours,matched_neural,figure1_1500_3000,38,9.0,9.5,0,7260,30
original_n10000,original,10k,10000,9980,Density-guided CNP,ours,matched_neural,figure1_1500_3000,39,9.5,10.0,2,7260,30
original_n10000,original,10k,10000,9980,Density-guided CNP,ours,matched_neural,figure1_1500_3000,overflow,10.0,,2,7260,30
seed20260910_n5000,seed20260910,5k,5000,4981,CNP,m0,matched_neural,full_500_3000,underflow,,-10.0,285,13260,30
seed20260910_n5000,seed20260910,5k,5000,4981,CNP,m0,matched_neural,full_500_3000,0,-10.0,-9.5,17,13260,30
seed20260910_n5000,seed20260910,5k,5000,4981,CNP,m0,matched_neural,full_500_3000,1,-9.5,-9.0,20,13260,30
seed20260910_n5000,seed20260910,5k,5000,4981,CNP,m0,matched_neural,full_500_3000,2,-9.0,-8.5,16,13260,30
seed20260910_n5000,seed20260910,5k,5000,4981,CNP,m0,matched_neural,full_500_3000,3,-8.5,-8.0,28,13260,30
seed20260910_n5000,seed20260910,5k,5000,4981,CNP,m0,matched_neural,full_500_3000,4,-8.0,-7.5,4,13260,30
seed20260910_n5000,seed20260910,5k,5000,4981,CNP,m0,matched_neural,full_500_3000,5,-7.5,-7.0,6,13260,30
seed20260910_n5000,seed20260910,5k,5000,4981,CNP,m0,matched_neural,full_500_3000,6,-7.0,-6.5,16,13260,30
seed20260910_n5000,seed20260910,5k,5000,4981,CNP,m0,matched_neural,full_500_3000,7,-6.5,-6.0,27,13260,30
seed20260910_n5000,seed20260910,5k,5000,4981,CNP,m0,matched_neural,full_500_3000,8,-6.0,-5.5,55,13260,30
seed20260910_n5000,seed20260910,5k,5000,4981,CNP,m0,matched_neural,full_500_3000,9,-5.5,-5.0,44,13260,30
seed20260910_n5000,seed20260910,5k,5000,4981,CNP,m0,matched_neural,full_500_3000,10,-5.0,-4.5,80,13260,30
seed20260910_n5000,seed20260910,5k,5000,4981,CNP,m0,matched_neural,full_500_3000,11,-4.5,-4.0,130,13260,30
seed20260910_n5000,seed20260910,5k,5000,4981,CNP,m0,matched_neural,full_500_3000,12,-4.0,-3.5,199,13260,30
seed20260910_n5000,seed20260910,5k,5000,4981,CNP,m0,matched_neural,full_500_3000,13,-3.5,-3.0,212,13260,30
seed20260910_n5000,seed20260910,5k,5000,4981,CNP,m0,matched_neural,full_500_3000,14,-3.0,-2.5,440,13260,30
seed20260910_n5000,seed20260910,5k,5000,4981,CNP,m0,matched_neural,full_500_3000,15,-2.5,-2.0,673,13260,30
seed20260910_n5000,seed20260910,5k,5000,4981,CNP,m0,matched_neural,full_500_3000,16,-2.0,-1.5,995,13260,30
seed20260910_n5000,seed20260910,5k,5000,4981,CNP,m0,matched_neural,full_500_3000,17,-1.5,-1.0,1205,13260,30
seed20260910_n5000,seed20260910,5k,5000,4981,CNP,m0,matched_neural,full_500_3000,18,-1.0,-0.5,1464,13260,30
seed20260910_n5000,seed20260910,5k,5000,4981,CNP,m0,matched_neural,full_500_3000,19,-0.5,0.0,1674,13260,30
seed20260910_n5000,seed20260910,5k,5000,4981,CNP,m0,matched_neural,full_500_3000,20,0.0,0.5,1490,13260,30
seed20260910_n5000,seed20260910,5k,5000,4981,CNP,m0,matched_neural,full_500_3000,21,0.5,1.0,1446,13260,30
seed20260910_n5000,seed20260910,5k,5000,4981,CNP,m0,matched_neural,full_500_3000,22,1.0,1.5,1034,13260,30
seed20260910_n5000,seed20260910,5k,5000,4981,CNP,m0,matched_neural,full_500_3000,23,1.5,2.0,807,13260,30
seed20260910_n5000,seed20260910,5k,5000,4981,CNP,m0,matched_neural,full_500_3000,24,2.0,2.5,322,13260,30
seed20260910_n5000,seed20260910,5k,5000,4981,CNP,m0,matched_neural,full_500_3000,25,2.5,3.0,275,13260,30
seed20260910_n5000,seed20260910,5k,5000,4981,CNP,m0,matched_neural,full_500_3000,26,3.0,3.5,89,13260,30
seed20260910_n5000,seed20260910,5k,5000,4981,CNP,m0,matched_neural,full_500_3000,27,3.5,4.0,80,13260,30
seed20260910_n5000,seed20260910,5k,5000,4981,CNP,m0,matched_neural,full_500_3000,28,4.0,4.5,24,13260,30
seed20260910_n5000,seed20260910,5k,5000,4981,CNP,m0,matched_neural,full_500_3000,29,4.5,5.0,53,13260,30
seed20260910_n5000,seed20260910,5k,5000,4981,CNP,m0,matched_neural,full_500_3000,30,5.0,5.5,11,13260,30
seed20260910_n5000,seed20260910,5k,5000,4981,CNP,m0,matched_neural,full_500_3000,31,5.5,6.0,9,13260,30
seed20260910_n5000,seed20260910,5k,5000,4981,CNP,m0,matched_neural,full_500_3000,32,6.0,6.5,0,13260,30
seed20260910_n5000,seed20260910,5k,5000,4981,CNP,m0,matched_neural,full_500_3000,33,6.5,7.0,0,13260,30
seed20260910_n5000,seed20260910,5k,5000,4981,CNP,m0,matched_neural,full_500_3000,34,7.0,7.5,0,13260,30
seed20260910_n5000,seed20260910,5k,5000,4981,CNP,m0,matched_neural,full_500_3000,35,7.5,8.0,0,13260,30
seed20260910_n5000,seed20260910,5k,5000,4981,CNP,m0,matched_neural,full_500_3000,36,8.0,8.5,0,13260,30
seed20260910_n5000,seed20260910,5k,5000,4981,CNP,m0,matched_neural,full_500_3000,37,8.5,9.0,0,13260,30
seed20260910_n5000,seed20260910,5k,5000,4981,CNP,m0,matched_neural,full_500_3000,38,9.0,9.5,0,13260,30
seed20260910_n5000,seed20260910,5k,5000,4981,CNP,m0,matched_neural,full_500_3000,39,9.5,10.0,0,13260,30
seed20260910_n5000,seed20260910,5k,5000,4981,CNP,m0,matched_neural,full_500_3000,overflow,10.0,,30,13260,30
seed20260910_n5000,seed20260910,5k,5000,4981,CNP,m0,matched_neural,figure1_1500_3000,underflow,,-10.0,103,7260,30
seed20260910_n5000,seed20260910,5k,5000,4981,CNP,m0,matched_neural,figure1_1500_3000,0,-10.0,-9.5,5,7260,30
seed20260910_n5000,seed20260910,5k,5000,4981,CNP,m0,matched_neural,figure1_1500_3000,1,-9.5,-9.0,14,7260,30
seed20260910_n5000,seed20260910,5k,5000,4981,CNP,m0,matched_neural,figure1_1500_3000,2,-9.0,-8.5,8,7260,30
seed20260910_n5000,seed20260910,5k,5000,4981,CNP,m0,matched_neural,figure1_1500_3000,3,-8.5,-8.0,6,7260,30
seed20260910_n5000,seed20260910,5k,5000,4981,CNP,m0,matched_neural,figure1_1500_3000,4,-8.0,-7.5,4,7260,30
seed20260910_n5000,seed20260910,5k,5000,4981,CNP,m0,matched_neural,figure1_1500_3000,5,-7.5,-7.0,0,7260,30
seed20260910_n5000,seed20260910,5k,5000,4981,CNP,m0,matched_neural,figure1_1500_3000,6,-7.0,-6.5,12,7260,30
seed20260910_n5000,seed20260910,5k,5000,4981,CNP,m0,matched_neural,figure1_1500_3000,7,-6.5,-6.0,22,7260,30
seed20260910_n5000,seed20260910,5k,5000,4981,CNP,m0,matched_neural,figure1_1500_3000,8,-6.0,-5.5,30,7260,30
seed20260910_n5000,seed20260910,5k,5000,4981,CNP,m0,matched_neural,figure1_1500_3000,9,-5.5,-5.0,17,7260,30
seed20260910_n5000,seed20260910,5k,5000,4981,CNP,m0,matched_neural,figure1_1500_3000,10,-5.0,-4.5,50,7260,30
seed20260910_n5000,seed20260910,5k,5000,4981,CNP,m0,matched_neural,figure1_1500_3000,11,-4.5,-4.0,78,7260,30
seed20260910_n5000,seed20260910,5k,5000,4981,CNP,m0,matched_neural,figure1_1500_3000,12,-4.0,-3.5,116,7260,30
seed20260910_n5000,seed20260910,5k,5000,4981,CNP,m0,matched_neural,figure1_1500_3000,13,-3.5,-3.0,157,7260,30
seed20260910_n5000,seed20260910,5k,5000,4981,CNP,m0,matched_neural,figure1_1500_3000,14,-3.0,-2.5,298,7260,30
seed20260910_n5000,seed20260910,5k,5000,4981,CNP,m0,matched_neural,figure1_1500_3000,15,-2.5,-2.0,483,7260,30
seed20260910_n5000,seed20260910,5k,5000,4981,CNP,m0,matched_neural,figure1_1500_3000,16,-2.0,-1.5,654,7260,30
seed20260910_n5000,seed20260910,5k,5000,4981,CNP,m0,matched_neural,figure1_1500_3000,17,-1.5,-1.0,622,7260,30
seed20260910_n5000,seed20260910,5k,5000,4981,CNP,m0,matched_neural,figure1_1500_3000,18,-1.0,-0.5,758,7260,30
seed20260910_n5000,seed20260910,5k,5000,4981,CNP,m0,matched_neural,figure1_1500_3000,19,-0.5,0.0,782,7260,30
seed20260910_n5000,seed20260910,5k,5000,4981,CNP,m0,matched_neural,figure1_1500_3000,20,0.0,0.5,730,7260,30
seed20260910_n5000,seed20260910,5k,5000,4981,CNP,m0,matched_neural,figure1_1500_3000,21,0.5,1.0,671,7260,30
seed20260910_n5000,seed20260910,5k,5000,4981,CNP,m0,matched_neural,figure1_1500_3000,22,1.0,1.5,534,7260,30
seed20260910_n5000,seed20260910,5k,5000,4981,CNP,m0,matched_neural,figure1_1500_3000,23,1.5,2.0,430,7260,30
seed20260910_n5000,seed20260910,5k,5000,4981,CNP,m0,matched_neural,figure1_1500_3000,24,2.0,2.5,207,7260,30
seed20260910_n5000,seed20260910,5k,5000,4981,CNP,m0,matched_neural,figure1_1500_3000,25,2.5,3.0,203,7260,30
seed20260910_n5000,seed20260910,5k,5000,4981,CNP,m0,matched_neural,figure1_1500_3000,26,3.0,3.5,79,7260,30
seed20260910_n5000,seed20260910,5k,5000,4981,CNP,m0,matched_neural,figure1_1500_3000,27,3.5,4.0,71,7260,30
seed20260910_n5000,seed20260910,5k,5000,4981,CNP,m0,matched_neural,figure1_1500_3000,28,4.0,4.5,23,7260,30
seed20260910_n5000,seed20260910,5k,5000,4981,CNP,m0,matched_neural,figure1_1500_3000,29,4.5,5.0,43,7260,30
seed20260910_n5000,seed20260910,5k,5000,4981,CNP,m0,matched_neural,figure1_1500_3000,30,5.0,5.5,11,7260,30
seed20260910_n5000,seed20260910,5k,5000,4981,CNP,m0,matched_neural,figure1_1500_3000,31,5.5,6.0,9,7260,30
seed20260910_n5000,seed20260910,5k,5000,4981,CNP,m0,matched_neural,figure1_1500_3000,32,6.0,6.5,0,7260,30
seed20260910_n5000,seed20260910,5k,5000,4981,CNP,m0,matched_neural,figure1_1500_3000,33,6.5,7.0,0,7260,30
seed20260910_n5000,seed20260910,5k,5000,4981,CNP,m0,matched_neural,figure1_1500_3000,34,7.0,7.5,0,7260,30
seed20260910_n5000,seed20260910,5k,5000,4981,CNP,m0,matched_neural,figure1_1500_3000,35,7.5,8.0,0,7260,30
seed20260910_n5000,seed20260910,5k,5000,4981,CNP,m0,matched_neural,figure1_1500_3000,36,8.0,8.5,0,7260,30
seed20260910_n5000,seed20260910,5k,5000,4981,CNP,m0,matched_neural,figure1_1500_3000,37,8.5,9.0,0,7260,30
seed20260910_n5000,seed20260910,5k,5000,4981,CNP,m0,matched_neural,figure1_1500_3000,38,9.0,9.5,0,7260,30
seed20260910_n5000,seed20260910,5k,5000,4981,CNP,m0,matched_neural,figure1_1500_3000,39,9.5,10.0,0,7260,30
seed20260910_n5000,seed20260910,5k,5000,4981,CNP,m0,matched_neural,figure1_1500_3000,overflow,10.0,,30,7260,30
seed20260910_n5000,seed20260910,5k,5000,4981,Attentive CNP,m1,matched_neural,full_500_3000,underflow,,-10.0,261,13260,30
seed20260910_n5000,seed20260910,5k,5000,4981,Attentive CNP,m1,matched_neural,full_500_3000,0,-10.0,-9.5,24,13260,30
seed20260910_n5000,seed20260910,5k,5000,4981,Attentive CNP,m1,matched_neural,full_500_3000,1,-9.5,-9.0,7,13260,30
seed20260910_n5000,seed20260910,5k,5000,4981,Attentive CNP,m1,matched_neural,full_500_3000,2,-9.0,-8.5,38,13260,30
seed20260910_n5000,seed20260910,5k,5000,4981,Attentive CNP,m1,matched_neural,full_500_3000,3,-8.5,-8.0,10,13260,30
seed20260910_n5000,seed20260910,5k,5000,4981,Attentive CNP,m1,matched_neural,full_500_3000,4,-8.0,-7.5,10,13260,30
seed20260910_n5000,seed20260910,5k,5000,4981,Attentive CNP,m1,matched_neural,full_500_3000,5,-7.5,-7.0,3,13260,30
seed20260910_n5000,seed20260910,5k,5000,4981,Attentive CNP,m1,matched_neural,full_500_3000,6,-7.0,-6.5,12,13260,30
seed20260910_n5000,seed20260910,5k,5000,4981,Attentive CNP,m1,matched_neural,full_500_3000,7,-6.5,-6.0,15,13260,30
seed20260910_n5000,seed20260910,5k,5000,4981,Attentive CNP,m1,matched_neural,full_500_3000,8,-6.0,-5.5,60,13260,30
seed20260910_n5000,seed20260910,5k,5000,4981,Attentive CNP,m1,matched_neural,full_500_3000,9,-5.5,-5.0,20,13260,30
seed20260910_n5000,seed20260910,5k,5000,4981,Attentive CNP,m1,matched_neural,full_500_3000,10,-5.0,-4.5,46,13260,30
seed20260910_n5000,seed20260910,5k,5000,4981,Attentive CNP,m1,matched_neural,full_500_3000,11,-4.5,-4.0,78,13260,30
seed20260910_n5000,seed20260910,5k,5000,4981,Attentive CNP,m1,matched_neural,full_500_3000,12,-4.0,-3.5,71,13260,30
seed20260910_n5000,seed20260910,5k,5000,4981,Attentive CNP,m1,matched_neural,full_500_3000,13,-3.5,-3.0,197,13260,30
seed20260910_n5000,seed20260910,5k,5000,4981,Attentive CNP,m1,matched_neural,full_500_3000,14,-3.0,-2.5,393,13260,30
seed20260910_n5000,seed20260910,5k,5000,4981,Attentive CNP,m1,matched_neural,full_500_3000,15,-2.5,-2.0,523,13260,30
seed20260910_n5000,seed20260910,5k,5000,4981,Attentive CNP,m1,matched_neural,full_500_3000,16,-2.0,-1.5,670,13260,30
seed20260910_n5000,seed20260910,5k,5000,4981,Attentive CNP,m1,matched_neural,full_500_3000,17,-1.5,-1.0,992,13260,30
seed20260910_n5000,seed20260910,5k,5000,4981,Attentive CNP,m1,matched_neural,full_500_3000,18,-1.0,-0.5,1364,13260,30
seed20260910_n5000,seed20260910,5k,5000,4981,Attentive CNP,m1,matched_neural,full_500_3000,19,-0.5,0.0,1561,13260,30
seed20260910_n5000,seed20260910,5k,5000,4981,Attentive CNP,m1,matched_neural,full_500_3000,20,0.0,0.5,1628,13260,30
seed20260910_n5000,seed20260910,5k,5000,4981,Attentive CNP,m1,matched_neural,full_500_3000,21,0.5,1.0,1532,13260,30
seed20260910_n5000,seed20260910,5k,5000,4981,Attentive CNP,m1,matched_neural,full_500_3000,22,1.0,1.5,1361,13260,30
seed20260910_n5000,seed20260910,5k,5000,4981,Attentive CNP,m1,matched_neural,full_500_3000,23,1.5,2.0,961,13260,30
seed20260910_n5000,seed20260910,5k,5000,4981,Attentive CNP,m1,matched_neural,full_500_3000,24,2.0,2.5,569,13260,30
seed20260910_n5000,seed20260910,5k,5000,4981,Attentive CNP,m1,matched_neural,full_500_3000,25,2.5,3.0,364,13260,30
seed20260910_n5000,seed20260910,5k,5000,4981,Attentive CNP,m1,matched_neural,full_500_3000,26,3.0,3.5,170,13260,30
seed20260910_n5000,seed20260910,5k,5000,4981,Attentive CNP,m1,matched_neural,full_500_3000,27,3.5,4.0,95,13260,30
seed20260910_n5000,seed20260910,5k,5000,4981,Attentive CNP,m1,matched_neural,full_500_3000,28,4.0,4.5,50,13260,30
seed20260910_n5000,seed20260910,5k,5000,4981,Attentive CNP,m1,matched_neural,full_500_3000,29,4.5,5.0,105,13260,30
seed20260910_n5000,seed20260910,5k,5000,4981,Attentive CNP,m1,matched_neural,full_500_3000,30,5.0,5.5,20,13260,30
seed20260910_n5000,seed20260910,5k,5000,4981,Attentive CNP,m1,matched_neural,full_500_3000,31,5.5,6.0,20,13260,30
seed20260910_n5000,seed20260910,5k,5000,4981,Attentive CNP,m1,matched_neural,full_500_3000,32,6.0,6.5,0,13260,30
seed20260910_n5000,seed20260910,5k,5000,4981,Attentive CNP,m1,matched_neural,full_500_3000,33,6.5,7.0,0,13260,30
seed20260910_n5000,seed20260910,5k,5000,4981,Attentive CNP,m1,matched_neural,full_500_3000,34,7.0,7.5,0,13260,30
seed20260910_n5000,seed20260910,5k,5000,4981,Attentive CNP,m1,matched_neural,full_500_3000,35,7.5,8.0,0,13260,30
seed20260910_n5000,seed20260910,5k,5000,4981,Attentive CNP,m1,matched_neural,full_500_3000,36,8.0,8.5,0,13260,30
seed20260910_n5000,seed20260910,5k,5000,4981,Attentive CNP,m1,matched_neural,full_500_3000,37,8.5,9.0,0,13260,30
seed20260910_n5000,seed20260910,5k,5000,4981,Attentive CNP,m1,matched_neural,full_500_3000,38,9.0,9.5,0,13260,30
seed20260910_n5000,seed20260910,5k,5000,4981,Attentive CNP,m1,matched_neural,full_500_3000,39,9.5,10.0,0,13260,30
seed20260910_n5000,seed20260910,5k,5000,4981,Attentive CNP,m1,matched_neural,full_500_3000,overflow,10.0,,30,13260,30
seed20260910_n5000,seed20260910,5k,5000,4981,Attentive CNP,m1,matched_neural,figure1_1500_3000,underflow,,-10.0,91,7260,30
seed20260910_n5000,seed20260910,5k,5000,4981,Attentive CNP,m1,matched_neural,figure1_1500_3000,0,-10.0,-9.5,14,7260,30
seed20260910_n5000,seed20260910,5k,5000,4981,Attentive CNP,m1,matched_neural,figure1_1500_3000,1,-9.5,-9.0,5,7260,30
seed20260910_n5000,seed20260910,5k,5000,4981,Attentive CNP,m1,matched_neural,figure1_1500_3000,2,-9.0,-8.5,20,7260,30
seed20260910_n5000,seed20260910,5k,5000,4981,Attentive CNP,m1,matched_neural,figure1_1500_3000,3,-8.5,-8.0,0,7260,30
seed20260910_n5000,seed20260910,5k,5000,4981,Attentive CNP,m1,matched_neural,figure1_1500_3000,4,-8.0,-7.5,10,7260,30
seed20260910_n5000,seed20260910,5k,5000,4981,Attentive CNP,m1,matched_neural,figure1_1500_3000,5,-7.5,-7.0,3,7260,30
seed20260910_n5000,seed20260910,5k,5000,4981,Attentive CNP,m1,matched_neural,figure1_1500_3000,6,-7.0,-6.5,5,7260,30
seed20260910_n5000,seed20260910,5k,5000,4981,Attentive CNP,m1,matched_neural,figure1_1500_3000,7,-6.5,-6.0,2,7260,30
seed20260910_n5000,seed20260910,5k,5000,4981,Attentive CNP,m1,matched_neural,figure1_1500_3000,8,-6.0,-5.5,50,7260,30
seed20260910_n5000,seed20260910,5k,5000,4981,Attentive CNP,m1,matched_neural,figure1_1500_3000,9,-5.5,-5.0,20,7260,30
seed20260910_n5000,seed20260910,5k,5000,4981,Attentive CNP,m1,matched_neural,figure1_1500_3000,10,-5.0,-4.5,36,7260,30
seed20260910_n5000,seed20260910,5k,5000,4981,Attentive CNP,m1,matched_neural,figure1_1500_3000,11,-4.5,-4.0,20,7260,30
seed20260910_n5000,seed20260910,5k,5000,4981,Attentive CNP,m1,matched_neural,figure1_1500_3000,12,-4.0,-3.5,56,7260,30
seed20260910_n5000,seed20260910,5k,5000,4981,Attentive CNP,m1,matched_neural,figure1_1500_3000,13,-3.5,-3.0,158,7260,30
seed20260910_n5000,seed20260910,5k,5000,4981,Attentive CNP,m1,matched_neural,figure1_1500_3000,14,-3.0,-2.5,308,7260,30
seed20260910_n5000,seed20260910,5k,5000,4981,Attentive CNP,m1,matched_neural,figure1_1500_3000,15,-2.5,-2.0,386,7260,30
seed20260910_n5000,seed20260910,5k,5000,4981,Attentive CNP,m1,matched_neural,figure1_1500_3000,16,-2.0,-1.5,473,7260,30
seed20260910_n5000,seed20260910,5k,5000,4981,Attentive CNP,m1,matched_neural,figure1_1500_3000,17,-1.5,-1.0,675,7260,30
seed20260910_n5000,seed20260910,5k,5000,4981,Attentive CNP,m1,matched_neural,figure1_1500_3000,18,-1.0,-0.5,726,7260,30
seed20260910_n5000,seed20260910,5k,5000,4981,Attentive CNP,m1,matched_neural,figure1_1500_3000,19,-0.5,0.0,726,7260,30
seed20260910_n5000,seed20260910,5k,5000,4981,Attentive CNP,m1,matched_neural,figure1_1500_3000,20,0.0,0.5,730,7260,30
seed20260910_n5000,seed20260910,5k,5000,4981,Attentive CNP,m1,matched_neural,figure1_1500_3000,21,0.5,1.0,701,7260,30
seed20260910_n5000,seed20260910,5k,5000,4981,Attentive CNP,m1,matched_neural,figure1_1500_3000,22,1.0,1.5,526,7260,30
seed20260910_n5000,seed20260910,5k,5000,4981,Attentive CNP,m1,matched_neural,figure1_1500_3000,23,1.5,2.0,471,7260,30
seed20260910_n5000,seed20260910,5k,5000,4981,Attentive CNP,m1,matched_neural,figure1_1500_3000,24,2.0,2.5,340,7260,30
seed20260910_n5000,seed20260910,5k,5000,4981,Attentive CNP,m1,matched_neural,figure1_1500_3000,25,2.5,3.0,258,7260,30
seed20260910_n5000,seed20260910,5k,5000,4981,Attentive CNP,m1,matched_neural,figure1_1500_3000,26,3.0,3.5,160,7260,30
seed20260910_n5000,seed20260910,5k,5000,4981,Attentive CNP,m1,matched_neural,figure1_1500_3000,27,3.5,4.0,95,7260,30
seed20260910_n5000,seed20260910,5k,5000,4981,Attentive CNP,m1,matched_neural,figure1_1500_3000,28,4.0,4.5,32,7260,30
seed20260910_n5000,seed20260910,5k,5000,4981,Attentive CNP,m1,matched_neural,figure1_1500_3000,29,4.5,5.0,93,7260,30
seed20260910_n5000,seed20260910,5k,5000,4981,Attentive CNP,m1,matched_neural,figure1_1500_3000,30,5.0,5.5,20,7260,30
seed20260910_n5000,seed20260910,5k,5000,4981,Attentive CNP,m1,matched_neural,figure1_1500_3000,31,5.5,6.0,20,7260,30
seed20260910_n5000,seed20260910,5k,5000,4981,Attentive CNP,m1,matched_neural,figure1_1500_3000,32,6.0,6.5,0,7260,30
seed20260910_n5000,seed20260910,5k,5000,4981,Attentive CNP,m1,matched_neural,figure1_1500_3000,33,6.5,7.0,0,7260,30
seed20260910_n5000,seed20260910,5k,5000,4981,Attentive CNP,m1,matched_neural,figure1_1500_3000,34,7.0,7.5,0,7260,30
seed20260910_n5000,seed20260910,5k,5000,4981,Attentive CNP,m1,matched_neural,figure1_1500_3000,35,7.5,8.0,0,7260,30
seed20260910_n5000,seed20260910,5k,5000,4981,Attentive CNP,m1,matched_neural,figure1_1500_3000,36,8.0,8.5,0,7260,30
seed20260910_n5000,seed20260910,5k,5000,4981,Attentive CNP,m1,matched_neural,figure1_1500_3000,37,8.5,9.0,0,7260,30
seed20260910_n5000,seed20260910,5k,5000,4981,Attentive CNP,m1,matched_neural,figure1_1500_3000,38,9.0,9.5,0,7260,30
seed20260910_n5000,seed20260910,5k,5000,4981,Attentive CNP,m1,matched_neural,figure1_1500_3000,39,9.5,10.0,0,7260,30
seed20260910_n5000,seed20260910,5k,5000,4981,Attentive CNP,m1,matched_neural,figure1_1500_3000,overflow,10.0,,30,7260,30
seed20260910_n5000,seed20260910,5k,5000,4981,Attentive CNP + PE,m2,matched_neural,full_500_3000,underflow,,-10.0,40,13260,30
seed20260910_n5000,seed20260910,5k,5000,4981,Attentive CNP + PE,m2,matched_neural,full_500_3000,0,-10.0,-9.5,15,13260,30
seed20260910_n5000,seed20260910,5k,5000,4981,Attentive CNP + PE,m2,matched_neural,full_500_3000,1,-9.5,-9.0,16,13260,30
seed20260910_n5000,seed20260910,5k,5000,4981,Attentive CNP + PE,m2,matched_neural,full_500_3000,2,-9.0,-8.5,14,13260,30
seed20260910_n5000,seed20260910,5k,5000,4981,Attentive CNP + PE,m2,matched_neural,full_500_3000,3,-8.5,-8.0,31,13260,30
seed20260910_n5000,seed20260910,5k,5000,4981,Attentive CNP + PE,m2,matched_neural,full_500_3000,4,-8.0,-7.5,39,13260,30
seed20260910_n5000,seed20260910,5k,5000,4981,Attentive CNP + PE,m2,matched_neural,full_500_3000,5,-7.5,-7.0,43,13260,30
seed20260910_n5000,seed20260910,5k,5000,4981,Attentive CNP + PE,m2,matched_neural,full_500_3000,6,-7.0,-6.5,65,13260,30
seed20260910_n5000,seed20260910,5k,5000,4981,Attentive CNP + PE,m2,matched_neural,full_500_3000,7,-6.5,-6.0,92,13260,30
seed20260910_n5000,seed20260910,5k,5000,4981,Attentive CNP + PE,m2,matched_neural,full_500_3000,8,-6.0,-5.5,185,13260,30
seed20260910_n5000,seed20260910,5k,5000,4981,Attentive CNP + PE,m2,matched_neural,full_500_3000,9,-5.5,-5.0,194,13260,30
seed20260910_n5000,seed20260910,5k,5000,4981,Attentive CNP + PE,m2,matched_neural,full_500_3000,10,-5.0,-4.5,242,13260,30
seed20260910_n5000,seed20260910,5k,5000,4981,Attentive CNP + PE,m2,matched_neural,full_500_3000,11,-4.5,-4.0,273,13260,30
seed20260910_n5000,seed20260910,5k,5000,4981,Attentive CNP + PE,m2,matched_neural,full_500_3000,12,-4.0,-3.5,230,13260,30
seed20260910_n5000,seed20260910,5k,5000,4981,Attentive CNP + PE,m2,matched_neural,full_500_3000,13,-3.5,-3.0,338,13260,30
seed20260910_n5000,seed20260910,5k,5000,4981,Attentive CNP + PE,m2,matched_neural,full_500_3000,14,-3.0,-2.5,437,13260,30
seed20260910_n5000,seed20260910,5k,5000,4981,Attentive CNP + PE,m2,matched_neural,full_500_3000,15,-2.5,-2.0,460,13260,30
seed20260910_n5000,seed20260910,5k,5000,4981,Attentive CNP + PE,m2,matched_neural,full_500_3000,16,-2.0,-1.5,460,13260,30
seed20260910_n5000,seed20260910,5k,5000,4981,Attentive CNP + PE,m2,matched_neural,full_500_3000,17,-1.5,-1.0,630,13260,30
seed20260910_n5000,seed20260910,5k,5000,4981,Attentive CNP + PE,m2,matched_neural,full_500_3000,18,-1.0,-0.5,714,13260,30
seed20260910_n5000,seed20260910,5k,5000,4981,Attentive CNP + PE,m2,matched_neural,full_500_3000,19,-0.5,0.0,678,13260,30
seed20260910_n5000,seed20260910,5k,5000,4981,Attentive CNP + PE,m2,matched_neural,full_500_3000,20,0.0,0.5,664,13260,30
seed20260910_n5000,seed20260910,5k,5000,4981,Attentive CNP + PE,m2,matched_neural,full_500_3000,21,0.5,1.0,676,13260,30
seed20260910_n5000,seed20260910,5k,5000,4981,Attentive CNP + PE,m2,matched_neural,full_500_3000,22,1.0,1.5,676,13260,30
seed20260910_n5000,seed20260910,5k,5000,4981,Attentive CNP + PE,m2,matched_neural,full_500_3000,23,1.5,2.0,786,13260,30
seed20260910_n5000,seed20260910,5k,5000,4981,Attentive CNP + PE,m2,matched_neural,full_500_3000,24,2.0,2.5,774,13260,30
seed20260910_n5000,seed20260910,5k,5000,4981,Attentive CNP + PE,m2,matched_neural,full_500_3000,25,2.5,3.0,658,13260,30
seed20260910_n5000,seed20260910,5k,5000,4981,Attentive CNP + PE,m2,matched_neural,full_500_3000,26,3.0,3.5,535,13260,30
seed20260910_n5000,seed20260910,5k,5000,4981,Attentive CNP + PE,m2,matched_neural,full_500_3000,27,3.5,4.0,509,13260,30
seed20260910_n5000,seed20260910,5k,5000,4981,Attentive CNP + PE,m2,matched_neural,full_500_3000,28,4.0,4.5,452,13260,30
seed20260910_n5000,seed20260910,5k,5000,4981,Attentive CNP + PE,m2,matched_neural,full_500_3000,29,4.5,5.0,360,13260,30
seed20260910_n5000,seed20260910,5k,5000,4981,Attentive CNP + PE,m2,matched_neural,full_500_3000,30,5.0,5.5,330,13260,30
seed20260910_n5000,seed20260910,5k,5000,4981,Attentive CNP + PE,m2,matched_neural,full_500_3000,31,5.5,6.0,285,13260,30
seed20260910_n5000,seed20260910,5k,5000,4981,Attentive CNP + PE,m2,matched_neural,full_500_3000,32,6.0,6.5,277,13260,30
seed20260910_n5000,seed20260910,5k,5000,4981,Attentive CNP + PE,m2,matched_neural,full_500_3000,33,6.5,7.0,219,13260,30
seed20260910_n5000,seed20260910,5k,5000,4981,Attentive CNP + PE,m2,matched_neural,full_500_3000,34,7.0,7.5,202,13260,30
seed20260910_n5000,seed20260910,5k,5000,4981,Attentive CNP + PE,m2,matched_neural,full_500_3000,35,7.5,8.0,166,13260,30
seed20260910_n5000,seed20260910,5k,5000,4981,Attentive CNP + PE,m2,matched_neural,full_500_3000,36,8.0,8.5,153,13260,30
seed20260910_n5000,seed20260910,5k,5000,4981,Attentive CNP + PE,m2,matched_neural,full_500_3000,37,8.5,9.0,61,13260,30
seed20260910_n5000,seed20260910,5k,5000,4981,Attentive CNP + PE,m2,matched_neural,full_500_3000,38,9.0,9.5,60,13260,30
seed20260910_n5000,seed20260910,5k,5000,4981,Attentive CNP + PE,m2,matched_neural,full_500_3000,39,9.5,10.0,86,13260,30
seed20260910_n5000,seed20260910,5k,5000,4981,Attentive CNP + PE,m2,matched_neural,full_500_3000,overflow,10.0,,135,13260,30
seed20260910_n5000,seed20260910,5k,5000,4981,Attentive CNP + PE,m2,matched_neural,figure1_1500_3000,underflow,,-10.0,36,7260,30
seed20260910_n5000,seed20260910,5k,5000,4981,Attentive CNP + PE,m2,matched_neural,figure1_1500_3000,0,-10.0,-9.5,3,7260,30
seed20260910_n5000,seed20260910,5k,5000,4981,Attentive CNP + PE,m2,matched_neural,figure1_1500_3000,1,-9.5,-9.0,4,7260,30
seed20260910_n5000,seed20260910,5k,5000,4981,Attentive CNP + PE,m2,matched_neural,figure1_1500_3000,2,-9.0,-8.5,5,7260,30
seed20260910_n5000,seed20260910,5k,5000,4981,Attentive CNP + PE,m2,matched_neural,figure1_1500_3000,3,-8.5,-8.0,5,7260,30
seed20260910_n5000,seed20260910,5k,5000,4981,Attentive CNP + PE,m2,matched_neural,figure1_1500_3000,4,-8.0,-7.5,14,7260,30
seed20260910_n5000,seed20260910,5k,5000,4981,Attentive CNP + PE,m2,matched_neural,figure1_1500_3000,5,-7.5,-7.0,23,7260,30
seed20260910_n5000,seed20260910,5k,5000,4981,Attentive CNP + PE,m2,matched_neural,figure1_1500_3000,6,-7.0,-6.5,44,7260,30
seed20260910_n5000,seed20260910,5k,5000,4981,Attentive CNP + PE,m2,matched_neural,figure1_1500_3000,7,-6.5,-6.0,48,7260,30
seed20260910_n5000,seed20260910,5k,5000,4981,Attentive CNP + PE,m2,matched_neural,figure1_1500_3000,8,-6.0,-5.5,111,7260,30
seed20260910_n5000,seed20260910,5k,5000,4981,Attentive CNP + PE,m2,matched_neural,figure1_1500_3000,9,-5.5,-5.0,130,7260,30
seed20260910_n5000,seed20260910,5k,5000,4981,Attentive CNP + PE,m2,matched_neural,figure1_1500_3000,10,-5.0,-4.5,162,7260,30
seed20260910_n5000,seed20260910,5k,5000,4981,Attentive CNP + PE,m2,matched_neural,figure1_1500_3000,11,-4.5,-4.0,180,7260,30
seed20260910_n5000,seed20260910,5k,5000,4981,Attentive CNP + PE,m2,matched_neural,figure1_1500_3000,12,-4.0,-3.5,144,7260,30
seed20260910_n5000,seed20260910,5k,5000,4981,Attentive CNP + PE,m2,matched_neural,figure1_1500_3000,13,-3.5,-3.0,180,7260,30
seed20260910_n5000,seed20260910,5k,5000,4981,Attentive CNP + PE,m2,matched_neural,figure1_1500_3000,14,-3.0,-2.5,221,7260,30
seed20260910_n5000,seed20260910,5k,5000,4981,Attentive CNP + PE,m2,matched_neural,figure1_1500_3000,15,-2.5,-2.0,241,7260,30
seed20260910_n5000,seed20260910,5k,5000,4981,Attentive CNP + PE,m2,matched_neural,figure1_1500_3000,16,-2.0,-1.5,225,7260,30
seed20260910_n5000,seed20260910,5k,5000,4981,Attentive CNP + PE,m2,matched_neural,figure1_1500_3000,17,-1.5,-1.0,354,7260,30
seed20260910_n5000,seed20260910,5k,5000,4981,Attentive CNP + PE,m2,matched_neural,figure1_1500_3000,18,-1.0,-0.5,423,7260,30
seed20260910_n5000,seed20260910,5k,5000,4981,Attentive CNP + PE,m2,matched_neural,figure1_1500_3000,19,-0.5,0.0,397,7260,30
seed20260910_n5000,seed20260910,5k,5000,4981,Attentive CNP + PE,m2,matched_neural,figure1_1500_3000,20,0.0,0.5,338,7260,30
seed20260910_n5000,seed20260910,5k,5000,4981,Attentive CNP + PE,m2,matched_neural,figure1_1500_3000,21,0.5,1.0,361,7260,30
seed20260910_n5000,seed20260910,5k,5000,4981,Attentive CNP + PE,m2,matched_neural,figure1_1500_3000,22,1.0,1.5,365,7260,30
seed20260910_n5000,seed20260910,5k,5000,4981,Attentive CNP + PE,m2,matched_neural,figure1_1500_3000,23,1.5,2.0,436,7260,30
seed20260910_n5000,seed20260910,5k,5000,4981,Attentive CNP + PE,m2,matched_neural,figure1_1500_3000,24,2.0,2.5,432,7260,30
seed20260910_n5000,seed20260910,5k,5000,4981,Attentive CNP + PE,m2,matched_neural,figure1_1500_3000,25,2.5,3.0,357,7260,30
seed20260910_n5000,seed20260910,5k,5000,4981,Attentive CNP + PE,m2,matched_neural,figure1_1500_3000,26,3.0,3.5,258,7260,30
seed20260910_n5000,seed20260910,5k,5000,4981,Attentive CNP + PE,m2,matched_neural,figure1_1500_3000,27,3.5,4.0,248,7260,30
seed20260910_n5000,seed20260910,5k,5000,4981,Attentive CNP + PE,m2,matched_neural,figure1_1500_3000,28,4.0,4.5,246,7260,30
seed20260910_n5000,seed20260910,5k,5000,4981,Attentive CNP + PE,m2,matched_neural,figure1_1500_3000,29,4.5,5.0,198,7260,30
seed20260910_n5000,seed20260910,5k,5000,4981,Attentive CNP + PE,m2,matched_neural,figure1_1500_3000,30,5.0,5.5,210,7260,30
seed20260910_n5000,seed20260910,5k,5000,4981,Attentive CNP + PE,m2,matched_neural,figure1_1500_3000,31,5.5,6.0,153,7260,30
seed20260910_n5000,seed20260910,5k,5000,4981,Attentive CNP + PE,m2,matched_neural,figure1_1500_3000,32,6.0,6.5,158,7260,30
seed20260910_n5000,seed20260910,5k,5000,4981,Attentive CNP + PE,m2,matched_neural,figure1_1500_3000,33,6.5,7.0,114,7260,30
seed20260910_n5000,seed20260910,5k,5000,4981,Attentive CNP + PE,m2,matched_neural,figure1_1500_3000,34,7.0,7.5,129,7260,30
seed20260910_n5000,seed20260910,5k,5000,4981,Attentive CNP + PE,m2,matched_neural,figure1_1500_3000,35,7.5,8.0,105,7260,30
seed20260910_n5000,seed20260910,5k,5000,4981,Attentive CNP + PE,m2,matched_neural,figure1_1500_3000,36,8.0,8.5,108,7260,30
seed20260910_n5000,seed20260910,5k,5000,4981,Attentive CNP + PE,m2,matched_neural,figure1_1500_3000,37,8.5,9.0,42,7260,30
seed20260910_n5000,seed20260910,5k,5000,4981,Attentive CNP + PE,m2,matched_neural,figure1_1500_3000,38,9.0,9.5,13,7260,30
seed20260910_n5000,seed20260910,5k,5000,4981,Attentive CNP + PE,m2,matched_neural,figure1_1500_3000,39,9.5,10.0,19,7260,30
seed20260910_n5000,seed20260910,5k,5000,4981,Attentive CNP + PE,m2,matched_neural,figure1_1500_3000,overflow,10.0,,20,7260,30
seed20260910_n5000,seed20260910,5k,5000,4981,Density-guided CNP,ours,matched_neural,full_500_3000,underflow,,-10.0,40,13260,30
seed20260910_n5000,seed20260910,5k,5000,4981,Density-guided CNP,ours,matched_neural,full_500_3000,0,-10.0,-9.5,0,13260,30
seed20260910_n5000,seed20260910,5k,5000,4981,Density-guided CNP,ours,matched_neural,full_500_3000,1,-9.5,-9.0,3,13260,30
seed20260910_n5000,seed20260910,5k,5000,4981,Density-guided CNP,ours,matched_neural,full_500_3000,2,-9.0,-8.5,12,13260,30
seed20260910_n5000,seed20260910,5k,5000,4981,Density-guided CNP,ours,matched_neural,full_500_3000,3,-8.5,-8.0,4,13260,30
seed20260910_n5000,seed20260910,5k,5000,4981,Density-guided CNP,ours,matched_neural,full_500_3000,4,-8.0,-7.5,23,13260,30
seed20260910_n5000,seed20260910,5k,5000,4981,Density-guided CNP,ours,matched_neural,full_500_3000,5,-7.5,-7.0,28,13260,30
seed20260910_n5000,seed20260910,5k,5000,4981,Density-guided CNP,ours,matched_neural,full_500_3000,6,-7.0,-6.5,29,13260,30
seed20260910_n5000,seed20260910,5k,5000,4981,Density-guided CNP,ours,matched_neural,full_500_3000,7,-6.5,-6.0,24,13260,30
seed20260910_n5000,seed20260910,5k,5000,4981,Density-guided CNP,ours,matched_neural,full_500_3000,8,-6.0,-5.5,32,13260,30
seed20260910_n5000,seed20260910,5k,5000,4981,Density-guided CNP,ours,matched_neural,full_500_3000,9,-5.5,-5.0,71,13260,30
seed20260910_n5000,seed20260910,5k,5000,4981,Density-guided CNP,ours,matched_neural,full_500_3000,10,-5.0,-4.5,65,13260,30
seed20260910_n5000,seed20260910,5k,5000,4981,Density-guided CNP,ours,matched_neural,full_500_3000,11,-4.5,-4.0,102,13260,30
seed20260910_n5000,seed20260910,5k,5000,4981,Density-guided CNP,ours,matched_neural,full_500_3000,12,-4.0,-3.5,106,13260,30
seed20260910_n5000,seed20260910,5k,5000,4981,Density-guided CNP,ours,matched_neural,full_500_3000,13,-3.5,-3.0,196,13260,30
seed20260910_n5000,seed20260910,5k,5000,4981,Density-guided CNP,ours,matched_neural,full_500_3000,14,-3.0,-2.5,210,13260,30
seed20260910_n5000,seed20260910,5k,5000,4981,Density-guided CNP,ours,matched_neural,full_500_3000,15,-2.5,-2.0,362,13260,30
seed20260910_n5000,seed20260910,5k,5000,4981,Density-guided CNP,ours,matched_neural,full_500_3000,16,-2.0,-1.5,674,13260,30
seed20260910_n5000,seed20260910,5k,5000,4981,Density-guided CNP,ours,matched_neural,full_500_3000,17,-1.5,-1.0,1071,13260,30
seed20260910_n5000,seed20260910,5k,5000,4981,Density-guided CNP,ours,matched_neural,full_500_3000,18,-1.0,-0.5,1356,13260,30
seed20260910_n5000,seed20260910,5k,5000,4981,Density-guided CNP,ours,matched_neural,full_500_3000,19,-0.5,0.0,1525,13260,30
seed20260910_n5000,seed20260910,5k,5000,4981,Density-guided CNP,ours,matched_neural,full_500_3000,20,0.0,0.5,1564,13260,30
seed20260910_n5000,seed20260910,5k,5000,4981,Density-guided CNP,ours,matched_neural,full_500_3000,21,0.5,1.0,1709,13260,30
seed20260910_n5000,seed20260910,5k,5000,4981,Density-guided CNP,ours,matched_neural,full_500_3000,22,1.0,1.5,1179,13260,30
seed20260910_n5000,seed20260910,5k,5000,4981,Density-guided CNP,ours,matched_neural,full_500_3000,23,1.5,2.0,994,13260,30
seed20260910_n5000,seed20260910,5k,5000,4981,Density-guided CNP,ours,matched_neural,full_500_3000,24,2.0,2.5,882,13260,30
seed20260910_n5000,seed20260910,5k,5000,4981,Density-guided CNP,ours,matched_neural,full_500_3000,25,2.5,3.0,562,13260,30
seed20260910_n5000,seed20260910,5k,5000,4981,Density-guided CNP,ours,matched_neural,full_500_3000,26,3.0,3.5,203,13260,30
seed20260910_n5000,seed20260910,5k,5000,4981,Density-guided CNP,ours,matched_neural,full_500_3000,27,3.5,4.0,78,13260,30
seed20260910_n5000,seed20260910,5k,5000,4981,Density-guided CNP,ours,matched_neural,full_500_3000,28,4.0,4.5,109,13260,30
seed20260910_n5000,seed20260910,5k,5000,4981,Density-guided CNP,ours,matched_neural,full_500_3000,29,4.5,5.0,27,13260,30
seed20260910_n5000,seed20260910,5k,5000,4981,Density-guided CNP,ours,matched_neural,full_500_3000,30,5.0,5.5,3,13260,30
seed20260910_n5000,seed20260910,5k,5000,4981,Density-guided CNP,ours,matched_neural,full_500_3000,31,5.5,6.0,6,13260,30
seed20260910_n5000,seed20260910,5k,5000,4981,Density-guided CNP,ours,matched_neural,full_500_3000,32,6.0,6.5,0,13260,30
seed20260910_n5000,seed20260910,5k,5000,4981,Density-guided CNP,ours,matched_neural,full_500_3000,33,6.5,7.0,2,13260,30
seed20260910_n5000,seed20260910,5k,5000,4981,Density-guided CNP,ours,matched_neural,full_500_3000,34,7.0,7.5,2,13260,30
seed20260910_n5000,seed20260910,5k,5000,4981,Density-guided CNP,ours,matched_neural,full_500_3000,35,7.5,8.0,0,13260,30
seed20260910_n5000,seed20260910,5k,5000,4981,Density-guided CNP,ours,matched_neural,full_500_3000,36,8.0,8.5,2,13260,30
seed20260910_n5000,seed20260910,5k,5000,4981,Density-guided CNP,ours,matched_neural,full_500_3000,37,8.5,9.0,1,13260,30
seed20260910_n5000,seed20260910,5k,5000,4981,Density-guided CNP,ours,matched_neural,full_500_3000,38,9.0,9.5,0,13260,30
seed20260910_n5000,seed20260910,5k,5000,4981,Density-guided CNP,ours,matched_neural,full_500_3000,39,9.5,10.0,1,13260,30
seed20260910_n5000,seed20260910,5k,5000,4981,Density-guided CNP,ours,matched_neural,full_500_3000,overflow,10.0,,3,13260,30
seed20260910_n5000,seed20260910,5k,5000,4981,Density-guided CNP,ours,matched_neural,figure1_1500_3000,underflow,,-10.0,40,7260,30
seed20260910_n5000,seed20260910,5k,5000,4981,Density-guided CNP,ours,matched_neural,figure1_1500_3000,0,-10.0,-9.5,0,7260,30
seed20260910_n5000,seed20260910,5k,5000,4981,Density-guided CNP,ours,matched_neural,figure1_1500_3000,1,-9.5,-9.0,3,7260,30
seed20260910_n5000,seed20260910,5k,5000,4981,Density-guided CNP,ours,matched_neural,figure1_1500_3000,2,-9.0,-8.5,2,7260,30
seed20260910_n5000,seed20260910,5k,5000,4981,Density-guided CNP,ours,matched_neural,figure1_1500_3000,3,-8.5,-8.0,4,7260,30
seed20260910_n5000,seed20260910,5k,5000,4981,Density-guided CNP,ours,matched_neural,figure1_1500_3000,4,-8.0,-7.5,13,7260,30
seed20260910_n5000,seed20260910,5k,5000,4981,Density-guided CNP,ours,matched_neural,figure1_1500_3000,5,-7.5,-7.0,18,7260,30
seed20260910_n5000,seed20260910,5k,5000,4981,Density-guided CNP,ours,matched_neural,figure1_1500_3000,6,-7.0,-6.5,19,7260,30
seed20260910_n5000,seed20260910,5k,5000,4981,Density-guided CNP,ours,matched_neural,figure1_1500_3000,7,-6.5,-6.0,12,7260,30
seed20260910_n5000,seed20260910,5k,5000,4981,Density-guided CNP,ours,matched_neural,figure1_1500_3000,8,-6.0,-5.5,12,7260,30
seed20260910_n5000,seed20260910,5k,5000,4981,Density-guided CNP,ours,matched_neural,figure1_1500_3000,9,-5.5,-5.0,28,7260,30
seed20260910_n5000,seed20260910,5k,5000,4981,Density-guided CNP,ours,matched_neural,figure1_1500_3000,10,-5.0,-4.5,20,7260,30
seed20260910_n5000,seed20260910,5k,5000,4981,Density-guided CNP,ours,matched_neural,figure1_1500_3000,11,-4.5,-4.0,37,7260,30
seed20260910_n5000,seed20260910,5k,5000,4981,Density-guided CNP,ours,matched_neural,figure1_1500_3000,12,-4.0,-3.5,67,7260,30
seed20260910_n5000,seed20260910,5k,5000,4981,Density-guided CNP,ours,matched_neural,figure1_1500_3000,13,-3.5,-3.0,102,7260,30
seed20260910_n5000,seed20260910,5k,5000,4981,Density-guided CNP,ours,matched_neural,figure1_1500_3000,14,-3.0,-2.5,112,7260,30
seed20260910_n5000,seed20260910,5k,5000,4981,Density-guided CNP,ours,matched_neural,figure1_1500_3000,15,-2.5,-2.0,133,7260,30
seed20260910_n5000,seed20260910,5k,5000,4981,Density-guided CNP,ours,matched_neural,figure1_1500_3000,16,-2.0,-1.5,374,7260,30
seed20260910_n5000,seed20260910,5k,5000,4981,Density-guided CNP,ours,matched_neural,figure1_1500_3000,17,-1.5,-1.0,667,7260,30
seed20260910_n5000,seed20260910,5k,5000,4981,Density-guided CNP,ours,matched_neural,figure1_1500_3000,18,-1.0,-0.5,868,7260,30
seed20260910_n5000,seed20260910,5k,5000,4981,Density-guided CNP,ours,matched_neural,figure1_1500_3000,19,-0.5,0.0,848,7260,30
seed20260910_n5000,seed20260910,5k,5000,4981,Density-guided CNP,ours,matched_neural,figure1_1500_3000,20,0.0,0.5,673,7260,30
seed20260910_n5000,seed20260910,5k,5000,4981,Density-guided CNP,ours,matched_neural,figure1_1500_3000,21,0.5,1.0,841,7260,30
seed20260910_n5000,seed20260910,5k,5000,4981,Density-guided CNP,ours,matched_neural,figure1_1500_3000,22,1.0,1.5,645,7260,30
seed20260910_n5000,seed20260910,5k,5000,4981,Density-guided CNP,ours,matched_neural,figure1_1500_3000,23,1.5,2.0,559,7260,30
seed20260910_n5000,seed20260910,5k,5000,4981,Density-guided CNP,ours,matched_neural,figure1_1500_3000,24,2.0,2.5,558,7260,30
seed20260910_n5000,seed20260910,5k,5000,4981,Density-guided CNP,ours,matched_neural,figure1_1500_3000,25,2.5,3.0,359,7260,30
seed20260910_n5000,seed20260910,5k,5000,4981,Density-guided CNP,ours,matched_neural,figure1_1500_3000,26,3.0,3.5,101,7260,30
seed20260910_n5000,seed20260910,5k,5000,4981,Density-guided CNP,ours,matched_neural,figure1_1500_3000,27,3.5,4.0,41,7260,30
seed20260910_n5000,seed20260910,5k,5000,4981,Density-guided CNP,ours,matched_neural,figure1_1500_3000,28,4.0,4.5,79,7260,30
seed20260910_n5000,seed20260910,5k,5000,4981,Density-guided CNP,ours,matched_neural,figure1_1500_3000,29,4.5,5.0,16,7260,30
seed20260910_n5000,seed20260910,5k,5000,4981,Density-guided CNP,ours,matched_neural,figure1_1500_3000,30,5.0,5.5,1,7260,30
seed20260910_n5000,seed20260910,5k,5000,4981,Density-guided CNP,ours,matched_neural,figure1_1500_3000,31,5.5,6.0,6,7260,30
seed20260910_n5000,seed20260910,5k,5000,4981,Density-guided CNP,ours,matched_neural,figure1_1500_3000,32,6.0,6.5,0,7260,30
seed20260910_n5000,seed20260910,5k,5000,4981,Density-guided CNP,ours,matched_neural,figure1_1500_3000,33,6.5,7.0,2,7260,30
seed20260910_n5000,seed20260910,5k,5000,4981,Density-guided CNP,ours,matched_neural,figure1_1500_3000,34,7.0,7.5,0,7260,30
seed20260910_n5000,seed20260910,5k,5000,4981,Density-guided CNP,ours,matched_neural,figure1_1500_3000,35,7.5,8.0,0,7260,30
seed20260910_n5000,seed20260910,5k,5000,4981,Density-guided CNP,ours,matched_neural,figure1_1500_3000,36,8.0,8.5,0,7260,30
seed20260910_n5000,seed20260910,5k,5000,4981,Density-guided CNP,ours,matched_neural,figure1_1500_3000,37,8.5,9.0,0,7260,30
seed20260910_n5000,seed20260910,5k,5000,4981,Density-guided CNP,ours,matched_neural,figure1_1500_3000,38,9.0,9.5,0,7260,30
seed20260910_n5000,seed20260910,5k,5000,4981,Density-guided CNP,ours,matched_neural,figure1_1500_3000,39,9.5,10.0,0,7260,30
seed20260910_n5000,seed20260910,5k,5000,4981,Density-guided CNP,ours,matched_neural,figure1_1500_3000,overflow,10.0,,0,7260,30
seed20260911_n5000,seed20260911,5k,5000,4980,CNP,m0,matched_neural,full_500_3000,underflow,,-10.0,279,13260,30
seed20260911_n5000,seed20260911,5k,5000,4980,CNP,m0,matched_neural,full_500_3000,0,-10.0,-9.5,1,13260,30
seed20260911_n5000,seed20260911,5k,5000,4980,CNP,m0,matched_neural,full_500_3000,1,-9.5,-9.0,20,13260,30
seed20260911_n5000,seed20260911,5k,5000,4980,CNP,m0,matched_neural,full_500_3000,2,-9.0,-8.5,10,13260,30
seed20260911_n5000,seed20260911,5k,5000,4980,CNP,m0,matched_neural,full_500_3000,3,-8.5,-8.0,13,13260,30
seed20260911_n5000,seed20260911,5k,5000,4980,CNP,m0,matched_neural,full_500_3000,4,-8.0,-7.5,19,13260,30
seed20260911_n5000,seed20260911,5k,5000,4980,CNP,m0,matched_neural,full_500_3000,5,-7.5,-7.0,11,13260,30
seed20260911_n5000,seed20260911,5k,5000,4980,CNP,m0,matched_neural,full_500_3000,6,-7.0,-6.5,13,13260,30
seed20260911_n5000,seed20260911,5k,5000,4980,CNP,m0,matched_neural,full_500_3000,7,-6.5,-6.0,36,13260,30
seed20260911_n5000,seed20260911,5k,5000,4980,CNP,m0,matched_neural,full_500_3000,8,-6.0,-5.5,50,13260,30
seed20260911_n5000,seed20260911,5k,5000,4980,CNP,m0,matched_neural,full_500_3000,9,-5.5,-5.0,46,13260,30
seed20260911_n5000,seed20260911,5k,5000,4980,CNP,m0,matched_neural,full_500_3000,10,-5.0,-4.5,62,13260,30
seed20260911_n5000,seed20260911,5k,5000,4980,CNP,m0,matched_neural,full_500_3000,11,-4.5,-4.0,85,13260,30
seed20260911_n5000,seed20260911,5k,5000,4980,CNP,m0,matched_neural,full_500_3000,12,-4.0,-3.5,142,13260,30
seed20260911_n5000,seed20260911,5k,5000,4980,CNP,m0,matched_neural,full_500_3000,13,-3.5,-3.0,187,13260,30
seed20260911_n5000,seed20260911,5k,5000,4980,CNP,m0,matched_neural,full_500_3000,14,-3.0,-2.5,368,13260,30
seed20260911_n5000,seed20260911,5k,5000,4980,CNP,m0,matched_neural,full_500_3000,15,-2.5,-2.0,570,13260,30
seed20260911_n5000,seed20260911,5k,5000,4980,CNP,m0,matched_neural,full_500_3000,16,-2.0,-1.5,849,13260,30
seed20260911_n5000,seed20260911,5k,5000,4980,CNP,m0,matched_neural,full_500_3000,17,-1.5,-1.0,1391,13260,30
seed20260911_n5000,seed20260911,5k,5000,4980,CNP,m0,matched_neural,full_500_3000,18,-1.0,-0.5,1445,13260,30
seed20260911_n5000,seed20260911,5k,5000,4980,CNP,m0,matched_neural,full_500_3000,19,-0.5,0.0,1850,13260,30
seed20260911_n5000,seed20260911,5k,5000,4980,CNP,m0,matched_neural,full_500_3000,20,0.0,0.5,1607,13260,30
seed20260911_n5000,seed20260911,5k,5000,4980,CNP,m0,matched_neural,full_500_3000,21,0.5,1.0,1530,13260,30
seed20260911_n5000,seed20260911,5k,5000,4980,CNP,m0,matched_neural,full_500_3000,22,1.0,1.5,1082,13260,30
seed20260911_n5000,seed20260911,5k,5000,4980,CNP,m0,matched_neural,full_500_3000,23,1.5,2.0,831,13260,30
seed20260911_n5000,seed20260911,5k,5000,4980,CNP,m0,matched_neural,full_500_3000,24,2.0,2.5,430,13260,30
seed20260911_n5000,seed20260911,5k,5000,4980,CNP,m0,matched_neural,full_500_3000,25,2.5,3.0,150,13260,30
seed20260911_n5000,seed20260911,5k,5000,4980,CNP,m0,matched_neural,full_500_3000,26,3.0,3.5,56,13260,30
seed20260911_n5000,seed20260911,5k,5000,4980,CNP,m0,matched_neural,full_500_3000,27,3.5,4.0,58,13260,30
seed20260911_n5000,seed20260911,5k,5000,4980,CNP,m0,matched_neural,full_500_3000,28,4.0,4.5,11,13260,30
seed20260911_n5000,seed20260911,5k,5000,4980,CNP,m0,matched_neural,full_500_3000,29,4.5,5.0,18,13260,30
seed20260911_n5000,seed20260911,5k,5000,4980,CNP,m0,matched_neural,full_500_3000,30,5.0,5.5,6,13260,30
seed20260911_n5000,seed20260911,5k,5000,4980,CNP,m0,matched_neural,full_500_3000,31,5.5,6.0,4,13260,30
seed20260911_n5000,seed20260911,5k,5000,4980,CNP,m0,matched_neural,full_500_3000,32,6.0,6.5,0,13260,30
seed20260911_n5000,seed20260911,5k,5000,4980,CNP,m0,matched_neural,full_500_3000,33,6.5,7.0,0,13260,30
seed20260911_n5000,seed20260911,5k,5000,4980,CNP,m0,matched_neural,full_500_3000,34,7.0,7.5,0,13260,30
seed20260911_n5000,seed20260911,5k,5000,4980,CNP,m0,matched_neural,full_500_3000,35,7.5,8.0,0,13260,30
seed20260911_n5000,seed20260911,5k,5000,4980,CNP,m0,matched_neural,full_500_3000,36,8.0,8.5,0,13260,30
seed20260911_n5000,seed20260911,5k,5000,4980,CNP,m0,matched_neural,full_500_3000,37,8.5,9.0,0,13260,30
seed20260911_n5000,seed20260911,5k,5000,4980,CNP,m0,matched_neural,full_500_3000,38,9.0,9.5,0,13260,30
seed20260911_n5000,seed20260911,5k,5000,4980,CNP,m0,matched_neural,full_500_3000,39,9.5,10.0,0,13260,30
seed20260911_n5000,seed20260911,5k,5000,4980,CNP,m0,matched_neural,full_500_3000,overflow,10.0,,30,13260,30
seed20260911_n5000,seed20260911,5k,5000,4980,CNP,m0,matched_neural,figure1_1500_3000,underflow,,-10.0,90,7260,30
seed20260911_n5000,seed20260911,5k,5000,4980,CNP,m0,matched_neural,figure1_1500_3000,0,-10.0,-9.5,0,7260,30
seed20260911_n5000,seed20260911,5k,5000,4980,CNP,m0,matched_neural,figure1_1500_3000,1,-9.5,-9.0,10,7260,30
seed20260911_n5000,seed20260911,5k,5000,4980,CNP,m0,matched_neural,figure1_1500_3000,2,-9.0,-8.5,8,7260,30
seed20260911_n5000,seed20260911,5k,5000,4980,CNP,m0,matched_neural,figure1_1500_3000,3,-8.5,-8.0,5,7260,30
seed20260911_n5000,seed20260911,5k,5000,4980,CNP,m0,matched_neural,figure1_1500_3000,4,-8.0,-7.5,9,7260,30
seed20260911_n5000,seed20260911,5k,5000,4980,CNP,m0,matched_neural,figure1_1500_3000,5,-7.5,-7.0,11,7260,30
seed20260911_n5000,seed20260911,5k,5000,4980,CNP,m0,matched_neural,figure1_1500_3000,6,-7.0,-6.5,3,7260,30
seed20260911_n5000,seed20260911,5k,5000,4980,CNP,m0,matched_neural,figure1_1500_3000,7,-6.5,-6.0,28,7260,30
seed20260911_n5000,seed20260911,5k,5000,4980,CNP,m0,matched_neural,figure1_1500_3000,8,-6.0,-5.5,30,7260,30
seed20260911_n5000,seed20260911,5k,5000,4980,CNP,m0,matched_neural,figure1_1500_3000,9,-5.5,-5.0,34,7260,30
seed20260911_n5000,seed20260911,5k,5000,4980,CNP,m0,matched_neural,figure1_1500_3000,10,-5.0,-4.5,42,7260,30
seed20260911_n5000,seed20260911,5k,5000,4980,CNP,m0,matched_neural,figure1_1500_3000,11,-4.5,-4.0,64,7260,30
seed20260911_n5000,seed20260911,5k,5000,4980,CNP,m0,matched_neural,figure1_1500_3000,12,-4.0,-3.5,94,7260,30
seed20260911_n5000,seed20260911,5k,5000,4980,CNP,m0,matched_neural,figure1_1500_3000,13,-3.5,-3.0,112,7260,30
seed20260911_n5000,seed20260911,5k,5000,4980,CNP,m0,matched_neural,figure1_1500_3000,14,-3.0,-2.5,279,7260,30
seed20260911_n5000,seed20260911,5k,5000,4980,CNP,m0,matched_neural,figure1_1500_3000,15,-2.5,-2.0,409,7260,30
seed20260911_n5000,seed20260911,5k,5000,4980,CNP,m0,matched_neural,figure1_1500_3000,16,-2.0,-1.5,552,7260,30
seed20260911_n5000,seed20260911,5k,5000,4980,CNP,m0,matched_neural,figure1_1500_3000,17,-1.5,-1.0,844,7260,30
seed20260911_n5000,seed20260911,5k,5000,4980,CNP,m0,matched_neural,figure1_1500_3000,18,-1.0,-0.5,727,7260,30
seed20260911_n5000,seed20260911,5k,5000,4980,CNP,m0,matched_neural,figure1_1500_3000,19,-0.5,0.0,985,7260,30
seed20260911_n5000,seed20260911,5k,5000,4980,CNP,m0,matched_neural,figure1_1500_3000,20,0.0,0.5,796,7260,30
seed20260911_n5000,seed20260911,5k,5000,4980,CNP,m0,matched_neural,figure1_1500_3000,21,0.5,1.0,752,7260,30
seed20260911_n5000,seed20260911,5k,5000,4980,CNP,m0,matched_neural,figure1_1500_3000,22,1.0,1.5,510,7260,30
seed20260911_n5000,seed20260911,5k,5000,4980,CNP,m0,matched_neural,figure1_1500_3000,23,1.5,2.0,409,7260,30
seed20260911_n5000,seed20260911,5k,5000,4980,CNP,m0,matched_neural,figure1_1500_3000,24,2.0,2.5,237,7260,30
seed20260911_n5000,seed20260911,5k,5000,4980,CNP,m0,matched_neural,figure1_1500_3000,25,2.5,3.0,82,7260,30
seed20260911_n5000,seed20260911,5k,5000,4980,CNP,m0,matched_neural,figure1_1500_3000,26,3.0,3.5,39,7260,30
seed20260911_n5000,seed20260911,5k,5000,4980,CNP,m0,matched_neural,figure1_1500_3000,27,3.5,4.0,50,7260,30
seed20260911_n5000,seed20260911,5k,5000,4980,CNP,m0,matched_neural,figure1_1500_3000,28,4.0,4.5,11,7260,30
seed20260911_n5000,seed20260911,5k,5000,4980,CNP,m0,matched_neural,figure1_1500_3000,29,4.5,5.0,8,7260,30
seed20260911_n5000,seed20260911,5k,5000,4980,CNP,m0,matched_neural,figure1_1500_3000,30,5.0,5.5,0,7260,30
seed20260911_n5000,seed20260911,5k,5000,4980,CNP,m0,matched_neural,figure1_1500_3000,31,5.5,6.0,0,7260,30
seed20260911_n5000,seed20260911,5k,5000,4980,CNP,m0,matched_neural,figure1_1500_3000,32,6.0,6.5,0,7260,30
seed20260911_n5000,seed20260911,5k,5000,4980,CNP,m0,matched_neural,figure1_1500_3000,33,6.5,7.0,0,7260,30
seed20260911_n5000,seed20260911,5k,5000,4980,CNP,m0,matched_neural,figure1_1500_3000,34,7.0,7.5,0,7260,30
seed20260911_n5000,seed20260911,5k,5000,4980,CNP,m0,matched_neural,figure1_1500_3000,35,7.5,8.0,0,7260,30
seed20260911_n5000,seed20260911,5k,5000,4980,CNP,m0,matched_neural,figure1_1500_3000,36,8.0,8.5,0,7260,30
seed20260911_n5000,seed20260911,5k,5000,4980,CNP,m0,matched_neural,figure1_1500_3000,37,8.5,9.0,0,7260,30
seed20260911_n5000,seed20260911,5k,5000,4980,CNP,m0,matched_neural,figure1_1500_3000,38,9.0,9.5,0,7260,30
seed20260911_n5000,seed20260911,5k,5000,4980,CNP,m0,matched_neural,figure1_1500_3000,39,9.5,10.0,0,7260,30
seed20260911_n5000,seed20260911,5k,5000,4980,CNP,m0,matched_neural,figure1_1500_3000,overflow,10.0,,30,7260,30
seed20260911_n5000,seed20260911,5k,5000,4980,Attentive CNP,m1,matched_neural,full_500_3000,underflow,,-10.0,260,13260,30
seed20260911_n5000,seed20260911,5k,5000,4980,Attentive CNP,m1,matched_neural,full_500_3000,0,-10.0,-9.5,0,13260,30
seed20260911_n5000,seed20260911,5k,5000,4980,Attentive CNP,m1,matched_neural,full_500_3000,1,-9.5,-9.0,28,13260,30
seed20260911_n5000,seed20260911,5k,5000,4980,Attentive CNP,m1,matched_neural,full_500_3000,2,-9.0,-8.5,42,13260,30
seed20260911_n5000,seed20260911,5k,5000,4980,Attentive CNP,m1,matched_neural,full_500_3000,3,-8.5,-8.0,0,13260,30
seed20260911_n5000,seed20260911,5k,5000,4980,Attentive CNP,m1,matched_neural,full_500_3000,4,-8.0,-7.5,6,13260,30
seed20260911_n5000,seed20260911,5k,5000,4980,Attentive CNP,m1,matched_neural,full_500_3000,5,-7.5,-7.0,6,13260,30
seed20260911_n5000,seed20260911,5k,5000,4980,Attentive CNP,m1,matched_neural,full_500_3000,6,-7.0,-6.5,34,13260,30
seed20260911_n5000,seed20260911,5k,5000,4980,Attentive CNP,m1,matched_neural,full_500_3000,7,-6.5,-6.0,26,13260,30
seed20260911_n5000,seed20260911,5k,5000,4980,Attentive CNP,m1,matched_neural,full_500_3000,8,-6.0,-5.5,46,13260,30
seed20260911_n5000,seed20260911,5k,5000,4980,Attentive CNP,m1,matched_neural,full_500_3000,9,-5.5,-5.0,21,13260,30
seed20260911_n5000,seed20260911,5k,5000,4980,Attentive CNP,m1,matched_neural,full_500_3000,10,-5.0,-4.5,41,13260,30
seed20260911_n5000,seed20260911,5k,5000,4980,Attentive CNP,m1,matched_neural,full_500_3000,11,-4.5,-4.0,90,13260,30
seed20260911_n5000,seed20260911,5k,5000,4980,Attentive CNP,m1,matched_neural,full_500_3000,12,-4.0,-3.5,124,13260,30
seed20260911_n5000,seed20260911,5k,5000,4980,Attentive CNP,m1,matched_neural,full_500_3000,13,-3.5,-3.0,176,13260,30
seed20260911_n5000,seed20260911,5k,5000,4980,Attentive CNP,m1,matched_neural,full_500_3000,14,-3.0,-2.5,334,13260,30
seed20260911_n5000,seed20260911,5k,5000,4980,Attentive CNP,m1,matched_neural,full_500_3000,15,-2.5,-2.0,596,13260,30
seed20260911_n5000,seed20260911,5k,5000,4980,Attentive CNP,m1,matched_neural,full_500_3000,16,-2.0,-1.5,956,13260,30
seed20260911_n5000,seed20260911,5k,5000,4980,Attentive CNP,m1,matched_neural,full_500_3000,17,-1.5,-1.0,1211,13260,30
seed20260911_n5000,seed20260911,5k,5000,4980,Attentive CNP,m1,matched_neural,full_500_3000,18,-1.0,-0.5,1726,13260,30
seed20260911_n5000,seed20260911,5k,5000,4980,Attentive CNP,m1,matched_neural,full_500_3000,19,-0.5,0.0,1617,13260,30
seed20260911_n5000,seed20260911,5k,5000,4980,Attentive CNP,m1,matched_neural,full_500_3000,20,0.0,0.5,1714,13260,30
seed20260911_n5000,seed20260911,5k,5000,4980,Attentive CNP,m1,matched_neural,full_500_3000,21,0.5,1.0,1365,13260,30
seed20260911_n5000,seed20260911,5k,5000,4980,Attentive CNP,m1,matched_neural,full_500_3000,22,1.0,1.5,1375,13260,30
seed20260911_n5000,seed20260911,5k,5000,4980,Attentive CNP,m1,matched_neural,full_500_3000,23,1.5,2.0,787,13260,30
seed20260911_n5000,seed20260911,5k,5000,4980,Attentive CNP,m1,matched_neural,full_500_3000,24,2.0,2.5,314,13260,30
seed20260911_n5000,seed20260911,5k,5000,4980,Attentive CNP,m1,matched_neural,full_500_3000,25,2.5,3.0,125,13260,30
seed20260911_n5000,seed20260911,5k,5000,4980,Attentive CNP,m1,matched_neural,full_500_3000,26,3.0,3.5,79,13260,30
seed20260911_n5000,seed20260911,5k,5000,4980,Attentive CNP,m1,matched_neural,full_500_3000,27,3.5,4.0,32,13260,30
seed20260911_n5000,seed20260911,5k,5000,4980,Attentive CNP,m1,matched_neural,full_500_3000,28,4.0,4.5,59,13260,30
seed20260911_n5000,seed20260911,5k,5000,4980,Attentive CNP,m1,matched_neural,full_500_3000,29,4.5,5.0,24,13260,30
seed20260911_n5000,seed20260911,5k,5000,4980,Attentive CNP,m1,matched_neural,full_500_3000,30,5.0,5.5,16,13260,30
seed20260911_n5000,seed20260911,5k,5000,4980,Attentive CNP,m1,matched_neural,full_500_3000,31,5.5,6.0,0,13260,30
seed20260911_n5000,seed20260911,5k,5000,4980,Attentive CNP,m1,matched_neural,full_500_3000,32,6.0,6.5,0,13260,30
seed20260911_n5000,seed20260911,5k,5000,4980,Attentive CNP,m1,matched_neural,full_500_3000,33,6.5,7.0,0,13260,30
seed20260911_n5000,seed20260911,5k,5000,4980,Attentive CNP,m1,matched_neural,full_500_3000,34,7.0,7.5,0,13260,30
seed20260911_n5000,seed20260911,5k,5000,4980,Attentive CNP,m1,matched_neural,full_500_3000,35,7.5,8.0,0,13260,30
seed20260911_n5000,seed20260911,5k,5000,4980,Attentive CNP,m1,matched_neural,full_500_3000,36,8.0,8.5,0,13260,30
seed20260911_n5000,seed20260911,5k,5000,4980,Attentive CNP,m1,matched_neural,full_500_3000,37,8.5,9.0,0,13260,30
seed20260911_n5000,seed20260911,5k,5000,4980,Attentive CNP,m1,matched_neural,full_500_3000,38,9.0,9.5,0,13260,30
seed20260911_n5000,seed20260911,5k,5000,4980,Attentive CNP,m1,matched_neural,full_500_3000,39,9.5,10.0,0,13260,30
seed20260911_n5000,seed20260911,5k,5000,4980,Attentive CNP,m1,matched_neural,full_500_3000,overflow,10.0,,30,13260,30
seed20260911_n5000,seed20260911,5k,5000,4980,Attentive CNP,m1,matched_neural,figure1_1500_3000,underflow,,-10.0,80,7260,30
seed20260911_n5000,seed20260911,5k,5000,4980,Attentive CNP,m1,matched_neural,figure1_1500_3000,0,-10.0,-9.5,0,7260,30
seed20260911_n5000,seed20260911,5k,5000,4980,Attentive CNP,m1,matched_neural,figure1_1500_3000,1,-9.5,-9.0,8,7260,30
seed20260911_n5000,seed20260911,5k,5000,4980,Attentive CNP,m1,matched_neural,figure1_1500_3000,2,-9.0,-8.5,32,7260,30
seed20260911_n5000,seed20260911,5k,5000,4980,Attentive CNP,m1,matched_neural,figure1_1500_3000,3,-8.5,-8.0,0,7260,30
seed20260911_n5000,seed20260911,5k,5000,4980,Attentive CNP,m1,matched_neural,figure1_1500_3000,4,-8.0,-7.5,6,7260,30
seed20260911_n5000,seed20260911,5k,5000,4980,Attentive CNP,m1,matched_neural,figure1_1500_3000,5,-7.5,-7.0,6,7260,30
seed20260911_n5000,seed20260911,5k,5000,4980,Attentive CNP,m1,matched_neural,figure1_1500_3000,6,-7.0,-6.5,14,7260,30
seed20260911_n5000,seed20260911,5k,5000,4980,Attentive CNP,m1,matched_neural,figure1_1500_3000,7,-6.5,-6.0,16,7260,30
seed20260911_n5000,seed20260911,5k,5000,4980,Attentive CNP,m1,matched_neural,figure1_1500_3000,8,-6.0,-5.5,46,7260,30
seed20260911_n5000,seed20260911,5k,5000,4980,Attentive CNP,m1,matched_neural,figure1_1500_3000,9,-5.5,-5.0,21,7260,30
seed20260911_n5000,seed20260911,5k,5000,4980,Attentive CNP,m1,matched_neural,figure1_1500_3000,10,-5.0,-4.5,21,7260,30
seed20260911_n5000,seed20260911,5k,5000,4980,Attentive CNP,m1,matched_neural,figure1_1500_3000,11,-4.5,-4.0,40,7260,30
seed20260911_n5000,seed20260911,5k,5000,4980,Attentive CNP,m1,matched_neural,figure1_1500_3000,12,-4.0,-3.5,94,7260,30
seed20260911_n5000,seed20260911,5k,5000,4980,Attentive CNP,m1,matched_neural,figure1_1500_3000,13,-3.5,-3.0,156,7260,30
seed20260911_n5000,seed20260911,5k,5000,4980,Attentive CNP,m1,matched_neural,figure1_1500_3000,14,-3.0,-2.5,246,7260,30
seed20260911_n5000,seed20260911,5k,5000,4980,Attentive CNP,m1,matched_neural,figure1_1500_3000,15,-2.5,-2.0,416,7260,30
seed20260911_n5000,seed20260911,5k,5000,4980,Attentive CNP,m1,matched_neural,figure1_1500_3000,16,-2.0,-1.5,763,7260,30
seed20260911_n5000,seed20260911,5k,5000,4980,Attentive CNP,m1,matched_neural,figure1_1500_3000,17,-1.5,-1.0,744,7260,30
seed20260911_n5000,seed20260911,5k,5000,4980,Attentive CNP,m1,matched_neural,figure1_1500_3000,18,-1.0,-0.5,895,7260,30
seed20260911_n5000,seed20260911,5k,5000,4980,Attentive CNP,m1,matched_neural,figure1_1500_3000,19,-0.5,0.0,803,7260,30
seed20260911_n5000,seed20260911,5k,5000,4980,Attentive CNP,m1,matched_neural,figure1_1500_3000,20,0.0,0.5,828,7260,30
seed20260911_n5000,seed20260911,5k,5000,4980,Attentive CNP,m1,matched_neural,figure1_1500_3000,21,0.5,1.0,621,7260,30
seed20260911_n5000,seed20260911,5k,5000,4980,Attentive CNP,m1,matched_neural,figure1_1500_3000,22,1.0,1.5,567,7260,30
seed20260911_n5000,seed20260911,5k,5000,4980,Attentive CNP,m1,matched_neural,figure1_1500_3000,23,1.5,2.0,395,7260,30
seed20260911_n5000,seed20260911,5k,5000,4980,Attentive CNP,m1,matched_neural,figure1_1500_3000,24,2.0,2.5,146,7260,30
seed20260911_n5000,seed20260911,5k,5000,4980,Attentive CNP,m1,matched_neural,figure1_1500_3000,25,2.5,3.0,86,7260,30
seed20260911_n5000,seed20260911,5k,5000,4980,Attentive CNP,m1,matched_neural,figure1_1500_3000,26,3.0,3.5,79,7260,30
seed20260911_n5000,seed20260911,5k,5000,4980,Attentive CNP,m1,matched_neural,figure1_1500_3000,27,3.5,4.0,32,7260,30
seed20260911_n5000,seed20260911,5k,5000,4980,Attentive CNP,m1,matched_neural,figure1_1500_3000,28,4.0,4.5,49,7260,30
seed20260911_n5000,seed20260911,5k,5000,4980,Attentive CNP,m1,matched_neural,figure1_1500_3000,29,4.5,5.0,8,7260,30
seed20260911_n5000,seed20260911,5k,5000,4980,Attentive CNP,m1,matched_neural,figure1_1500_3000,30,5.0,5.5,12,7260,30
seed20260911_n5000,seed20260911,5k,5000,4980,Attentive CNP,m1,matched_neural,figure1_1500_3000,31,5.5,6.0,0,7260,30
seed20260911_n5000,seed20260911,5k,5000,4980,Attentive CNP,m1,matched_neural,figure1_1500_3000,32,6.0,6.5,0,7260,30
seed20260911_n5000,seed20260911,5k,5000,4980,Attentive CNP,m1,matched_neural,figure1_1500_3000,33,6.5,7.0,0,7260,30
seed20260911_n5000,seed20260911,5k,5000,4980,Attentive CNP,m1,matched_neural,figure1_1500_3000,34,7.0,7.5,0,7260,30
seed20260911_n5000,seed20260911,5k,5000,4980,Attentive CNP,m1,matched_neural,figure1_1500_3000,35,7.5,8.0,0,7260,30
seed20260911_n5000,seed20260911,5k,5000,4980,Attentive CNP,m1,matched_neural,figure1_1500_3000,36,8.0,8.5,0,7260,30
seed20260911_n5000,seed20260911,5k,5000,4980,Attentive CNP,m1,matched_neural,figure1_1500_3000,37,8.5,9.0,0,7260,30
seed20260911_n5000,seed20260911,5k,5000,4980,Attentive CNP,m1,matched_neural,figure1_1500_3000,38,9.0,9.5,0,7260,30
seed20260911_n5000,seed20260911,5k,5000,4980,Attentive CNP,m1,matched_neural,figure1_1500_3000,39,9.5,10.0,0,7260,30
seed20260911_n5000,seed20260911,5k,5000,4980,Attentive CNP,m1,matched_neural,figure1_1500_3000,overflow,10.0,,30,7260,30
seed20260911_n5000,seed20260911,5k,5000,4980,Attentive CNP + PE,m2,matched_neural,full_500_3000,underflow,,-10.0,1,13260,30
seed20260911_n5000,seed20260911,5k,5000,4980,Attentive CNP + PE,m2,matched_neural,full_500_3000,0,-10.0,-9.5,18,13260,30
seed20260911_n5000,seed20260911,5k,5000,4980,Attentive CNP + PE,m2,matched_neural,full_500_3000,1,-9.5,-9.0,16,13260,30
seed20260911_n5000,seed20260911,5k,5000,4980,Attentive CNP + PE,m2,matched_neural,full_500_3000,2,-9.0,-8.5,34,13260,30
seed20260911_n5000,seed20260911,5k,5000,4980,Attentive CNP + PE,m2,matched_neural,full_500_3000,3,-8.5,-8.0,16,13260,30
seed20260911_n5000,seed20260911,5k,5000,4980,Attentive CNP + PE,m2,matched_neural,full_500_3000,4,-8.0,-7.5,30,13260,30
seed20260911_n5000,seed20260911,5k,5000,4980,Attentive CNP + PE,m2,matched_neural,full_500_3000,5,-7.5,-7.0,31,13260,30
seed20260911_n5000,seed20260911,5k,5000,4980,Attentive CNP + PE,m2,matched_neural,full_500_3000,6,-7.0,-6.5,75,13260,30
seed20260911_n5000,seed20260911,5k,5000,4980,Attentive CNP + PE,m2,matched_neural,full_500_3000,7,-6.5,-6.0,142,13260,30
seed20260911_n5000,seed20260911,5k,5000,4980,Attentive CNP + PE,m2,matched_neural,full_500_3000,8,-6.0,-5.5,160,13260,30
seed20260911_n5000,seed20260911,5k,5000,4980,Attentive CNP + PE,m2,matched_neural,full_500_3000,9,-5.5,-5.0,169,13260,30
seed20260911_n5000,seed20260911,5k,5000,4980,Attentive CNP + PE,m2,matched_neural,full_500_3000,10,-5.0,-4.5,209,13260,30
seed20260911_n5000,seed20260911,5k,5000,4980,Attentive CNP + PE,m2,matched_neural,full_500_3000,11,-4.5,-4.0,230,13260,30
seed20260911_n5000,seed20260911,5k,5000,4980,Attentive CNP + PE,m2,matched_neural,full_500_3000,12,-4.0,-3.5,263,13260,30
seed20260911_n5000,seed20260911,5k,5000,4980,Attentive CNP + PE,m2,matched_neural,full_500_3000,13,-3.5,-3.0,257,13260,30
seed20260911_n5000,seed20260911,5k,5000,4980,Attentive CNP + PE,m2,matched_neural,full_500_3000,14,-3.0,-2.5,319,13260,30
seed20260911_n5000,seed20260911,5k,5000,4980,Attentive CNP + PE,m2,matched_neural,full_500_3000,15,-2.5,-2.0,484,13260,30
seed20260911_n5000,seed20260911,5k,5000,4980,Attentive CNP + PE,m2,matched_neural,full_500_3000,16,-2.0,-1.5,568,13260,30
seed20260911_n5000,seed20260911,5k,5000,4980,Attentive CNP + PE,m2,matched_neural,full_500_3000,17,-1.5,-1.0,651,13260,30
seed20260911_n5000,seed20260911,5k,5000,4980,Attentive CNP + PE,m2,matched_neural,full_500_3000,18,-1.0,-0.5,683,13260,30
seed20260911_n5000,seed20260911,5k,5000,4980,Attentive CNP + PE,m2,matched_neural,full_500_3000,19,-0.5,0.0,707,13260,30
seed20260911_n5000,seed20260911,5k,5000,4980,Attentive CNP + PE,m2,matched_neural,full_500_3000,20,0.0,0.5,727,13260,30
seed20260911_n5000,seed20260911,5k,5000,4980,Attentive CNP + PE,m2,matched_neural,full_500_3000,21,0.5,1.0,672,13260,30
seed20260911_n5000,seed20260911,5k,5000,4980,Attentive CNP + PE,m2,matched_neural,full_500_3000,22,1.0,1.5,703,13260,30
seed20260911_n5000,seed20260911,5k,5000,4980,Attentive CNP + PE,m2,matched_neural,full_500_3000,23,1.5,2.0,657,13260,30
seed20260911_n5000,seed20260911,5k,5000,4980,Attentive CNP + PE,m2,matched_neural,full_500_3000,24,2.0,2.5,643,13260,30
seed20260911_n5000,seed20260911,5k,5000,4980,Attentive CNP + PE,m2,matched_neural,full_500_3000,25,2.5,3.0,650,13260,30
seed20260911_n5000,seed20260911,5k,5000,4980,Attentive CNP + PE,m2,matched_neural,full_500_3000,26,3.0,3.5,666,13260,30
seed20260911_n5000,seed20260911,5k,5000,4980,Attentive CNP + PE,m2,matched_neural,full_500_3000,27,3.5,4.0,667,13260,30
seed20260911_n5000,seed20260911,5k,5000,4980,Attentive CNP + PE,m2,matched_neural,full_500_3000,28,4.0,4.5,497,13260,30
seed20260911_n5000,seed20260911,5k,5000,4980,Attentive CNP + PE,m2,matched_neural,full_500_3000,29,4.5,5.0,470,13260,30
seed20260911_n5000,seed20260911,5k,5000,4980,Attentive CNP + PE,m2,matched_neural,full_500_3000,30,5.0,5.5,360,13260,30
seed20260911_n5000,seed20260911,5k,5000,4980,Attentive CNP + PE,m2,matched_neural,full_500_3000,31,5.5,6.0,282,13260,30
seed20260911_n5000,seed20260911,5k,5000,4980,Attentive CNP + PE,m2,matched_neural,full_500_3000,32,6.0,6.5,230,13260,30
seed20260911_n5000,seed20260911,5k,5000,4980,Attentive CNP + PE,m2,matched_neural,full_500_3000,33,6.5,7.0,239,13260,30
seed20260911_n5000,seed20260911,5k,5000,4980,Attentive CNP + PE,m2,matched_neural,full_500_3000,34,7.0,7.5,215,13260,30
seed20260911_n5000,seed20260911,5k,5000,4980,Attentive CNP + PE,m2,matched_neural,full_500_3000,35,7.5,8.0,129,13260,30
seed20260911_n5000,seed20260911,5k,5000,4980,Attentive CNP + PE,m2,matched_neural,full_500_3000,36,8.0,8.5,78,13260,30
seed20260911_n5000,seed20260911,5k,5000,4980,Attentive CNP + PE,m2,matched_neural,full_500_3000,37,8.5,9.0,87,13260,30
seed20260911_n5000,seed20260911,5k,5000,4980,Attentive CNP + PE,m2,matched_neural,full_500_3000,38,9.0,9.5,73,13260,30
seed20260911_n5000,seed20260911,5k,5000,4980,Attentive CNP + PE,m2,matched_neural,full_500_3000,39,9.5,10.0,33,13260,30
seed20260911_n5000,seed20260911,5k,5000,4980,Attentive CNP + PE,m2,matched_neural,full_500_3000,overflow,10.0,,119,13260,30
seed20260911_n5000,seed20260911,5k,5000,4980,Attentive CNP + PE,m2,matched_neural,figure1_1500_3000,underflow,,-10.0,0,7260,30
seed20260911_n5000,seed20260911,5k,5000,4980,Attentive CNP + PE,m2,matched_neural,figure1_1500_3000,0,-10.0,-9.5,11,7260,30
seed20260911_n5000,seed20260911,5k,5000,4980,Attentive CNP + PE,m2,matched_neural,figure1_1500_3000,1,-9.5,-9.0,14,7260,30
seed20260911_n5000,seed20260911,5k,5000,4980,Attentive CNP + PE,m2,matched_neural,figure1_1500_3000,2,-9.0,-8.5,20,7260,30
seed20260911_n5000,seed20260911,5k,5000,4980,Attentive CNP + PE,m2,matched_neural,figure1_1500_3000,3,-8.5,-8.0,11,7260,30
seed20260911_n5000,seed20260911,5k,5000,4980,Attentive CNP + PE,m2,matched_neural,figure1_1500_3000,4,-8.0,-7.5,22,7260,30
seed20260911_n5000,seed20260911,5k,5000,4980,Attentive CNP + PE,m2,matched_neural,figure1_1500_3000,5,-7.5,-7.0,25,7260,30
seed20260911_n5000,seed20260911,5k,5000,4980,Attentive CNP + PE,m2,matched_neural,figure1_1500_3000,6,-7.0,-6.5,38,7260,30
seed20260911_n5000,seed20260911,5k,5000,4980,Attentive CNP + PE,m2,matched_neural,figure1_1500_3000,7,-6.5,-6.0,82,7260,30
seed20260911_n5000,seed20260911,5k,5000,4980,Attentive CNP + PE,m2,matched_neural,figure1_1500_3000,8,-6.0,-5.5,91,7260,30
seed20260911_n5000,seed20260911,5k,5000,4980,Attentive CNP + PE,m2,matched_neural,figure1_1500_3000,9,-5.5,-5.0,112,7260,30
seed20260911_n5000,seed20260911,5k,5000,4980,Attentive CNP + PE,m2,matched_neural,figure1_1500_3000,10,-5.0,-4.5,126,7260,30
seed20260911_n5000,seed20260911,5k,5000,4980,Attentive CNP + PE,m2,matched_neural,figure1_1500_3000,11,-4.5,-4.0,130,7260,30
seed20260911_n5000,seed20260911,5k,5000,4980,Attentive CNP + PE,m2,matched_neural,figure1_1500_3000,12,-4.0,-3.5,134,7260,30
seed20260911_n5000,seed20260911,5k,5000,4980,Attentive CNP + PE,m2,matched_neural,figure1_1500_3000,13,-3.5,-3.0,155,7260,30
seed20260911_n5000,seed20260911,5k,5000,4980,Attentive CNP + PE,m2,matched_neural,figure1_1500_3000,14,-3.0,-2.5,183,7260,30
seed20260911_n5000,seed20260911,5k,5000,4980,Attentive CNP + PE,m2,matched_neural,figure1_1500_3000,15,-2.5,-2.0,283,7260,30
seed20260911_n5000,seed20260911,5k,5000,4980,Attentive CNP + PE,m2,matched_neural,figure1_1500_3000,16,-2.0,-1.5,346,7260,30
seed20260911_n5000,seed20260911,5k,5000,4980,Attentive CNP + PE,m2,matched_neural,figure1_1500_3000,17,-1.5,-1.0,363,7260,30
seed20260911_n5000,seed20260911,5k,5000,4980,Attentive CNP + PE,m2,matched_neural,figure1_1500_3000,18,-1.0,-0.5,350,7260,30
seed20260911_n5000,seed20260911,5k,5000,4980,Attentive CNP + PE,m2,matched_neural,figure1_1500_3000,19,-0.5,0.0,380,7260,30
seed20260911_n5000,seed20260911,5k,5000,4980,Attentive CNP + PE,m2,matched_neural,figure1_1500_3000,20,0.0,0.5,343,7260,30
seed20260911_n5000,seed20260911,5k,5000,4980,Attentive CNP + PE,m2,matched_neural,figure1_1500_3000,21,0.5,1.0,318,7260,30
seed20260911_n5000,seed20260911,5k,5000,4980,Attentive CNP + PE,m2,matched_neural,figure1_1500_3000,22,1.0,1.5,371,7260,30
seed20260911_n5000,seed20260911,5k,5000,4980,Attentive CNP + PE,m2,matched_neural,figure1_1500_3000,23,1.5,2.0,351,7260,30
seed20260911_n5000,seed20260911,5k,5000,4980,Attentive CNP + PE,m2,matched_neural,figure1_1500_3000,24,2.0,2.5,356,7260,30
seed20260911_n5000,seed20260911,5k,5000,4980,Attentive CNP + PE,m2,matched_neural,figure1_1500_3000,25,2.5,3.0,345,7260,30
seed20260911_n5000,seed20260911,5k,5000,4980,Attentive CNP + PE,m2,matched_neural,figure1_1500_3000,26,3.0,3.5,358,7260,30
seed20260911_n5000,seed20260911,5k,5000,4980,Attentive CNP + PE,m2,matched_neural,figure1_1500_3000,27,3.5,4.0,369,7260,30
seed20260911_n5000,seed20260911,5k,5000,4980,Attentive CNP + PE,m2,matched_neural,figure1_1500_3000,28,4.0,4.5,284,7260,30
seed20260911_n5000,seed20260911,5k,5000,4980,Attentive CNP + PE,m2,matched_neural,figure1_1500_3000,29,4.5,5.0,283,7260,30
seed20260911_n5000,seed20260911,5k,5000,4980,Attentive CNP + PE,m2,matched_neural,figure1_1500_3000,30,5.0,5.5,195,7260,30
seed20260911_n5000,seed20260911,5k,5000,4980,Attentive CNP + PE,m2,matched_neural,figure1_1500_3000,31,5.5,6.0,148,7260,30
seed20260911_n5000,seed20260911,5k,5000,4980,Attentive CNP + PE,m2,matched_neural,figure1_1500_3000,32,6.0,6.5,136,7260,30
seed20260911_n5000,seed20260911,5k,5000,4980,Attentive CNP + PE,m2,matched_neural,figure1_1500_3000,33,6.5,7.0,154,7260,30
seed20260911_n5000,seed20260911,5k,5000,4980,Attentive CNP + PE,m2,matched_neural,figure1_1500_3000,34,7.0,7.5,142,7260,30
seed20260911_n5000,seed20260911,5k,5000,4980,Attentive CNP + PE,m2,matched_neural,figure1_1500_3000,35,7.5,8.0,82,7260,30
seed20260911_n5000,seed20260911,5k,5000,4980,Attentive CNP + PE,m2,matched_neural,figure1_1500_3000,36,8.0,8.5,42,7260,30
seed20260911_n5000,seed20260911,5k,5000,4980,Attentive CNP + PE,m2,matched_neural,figure1_1500_3000,37,8.5,9.0,54,7260,30
seed20260911_n5000,seed20260911,5k,5000,4980,Attentive CNP + PE,m2,matched_neural,figure1_1500_3000,38,9.0,9.5,30,7260,30
seed20260911_n5000,seed20260911,5k,5000,4980,Attentive CNP + PE,m2,matched_neural,figure1_1500_3000,39,9.5,10.0,11,7260,30
seed20260911_n5000,seed20260911,5k,5000,4980,Attentive CNP + PE,m2,matched_neural,figure1_1500_3000,overflow,10.0,,12,7260,30
seed20260911_n5000,seed20260911,5k,5000,4980,Density-guided CNP,ours,matched_neural,full_500_3000,underflow,,-10.0,9,13260,30
seed20260911_n5000,seed20260911,5k,5000,4980,Density-guided CNP,ours,matched_neural,full_500_3000,0,-10.0,-9.5,2,13260,30
seed20260911_n5000,seed20260911,5k,5000,4980,Density-guided CNP,ours,matched_neural,full_500_3000,1,-9.5,-9.0,5,13260,30
seed20260911_n5000,seed20260911,5k,5000,4980,Density-guided CNP,ours,matched_neural,full_500_3000,2,-9.0,-8.5,5,13260,30
seed20260911_n5000,seed20260911,5k,5000,4980,Density-guided CNP,ours,matched_neural,full_500_3000,3,-8.5,-8.0,3,13260,30
seed20260911_n5000,seed20260911,5k,5000,4980,Density-guided CNP,ours,matched_neural,full_500_3000,4,-8.0,-7.5,5,13260,30
seed20260911_n5000,seed20260911,5k,5000,4980,Density-guided CNP,ours,matched_neural,full_500_3000,5,-7.5,-7.0,15,13260,30
seed20260911_n5000,seed20260911,5k,5000,4980,Density-guided CNP,ours,matched_neural,full_500_3000,6,-7.0,-6.5,16,13260,30
seed20260911_n5000,seed20260911,5k,5000,4980,Density-guided CNP,ours,matched_neural,full_500_3000,7,-6.5,-6.0,28,13260,30
seed20260911_n5000,seed20260911,5k,5000,4980,Density-guided CNP,ours,matched_neural,full_500_3000,8,-6.0,-5.5,14,13260,30
seed20260911_n5000,seed20260911,5k,5000,4980,Density-guided CNP,ours,matched_neural,full_500_3000,9,-5.5,-5.0,15,13260,30
seed20260911_n5000,seed20260911,5k,5000,4980,Density-guided CNP,ours,matched_neural,full_500_3000,10,-5.0,-4.5,85,13260,30
seed20260911_n5000,seed20260911,5k,5000,4980,Density-guided CNP,ours,matched_neural,full_500_3000,11,-4.5,-4.0,101,13260,30
seed20260911_n5000,seed20260911,5k,5000,4980,Density-guided CNP,ours,matched_neural,full_500_3000,12,-4.0,-3.5,153,13260,30
seed20260911_n5000,seed20260911,5k,5000,4980,Density-guided CNP,ours,matched_neural,full_500_3000,13,-3.5,-3.0,250,13260,30
seed20260911_n5000,seed20260911,5k,5000,4980,Density-guided CNP,ours,matched_neural,full_500_3000,14,-3.0,-2.5,325,13260,30
seed20260911_n5000,seed20260911,5k,5000,4980,Density-guided CNP,ours,matched_neural,full_500_3000,15,-2.5,-2.0,599,13260,30
seed20260911_n5000,seed20260911,5k,5000,4980,Density-guided CNP,ours,matched_neural,full_500_3000,16,-2.0,-1.5,939,13260,30
seed20260911_n5000,seed20260911,5k,5000,4980,Density-guided CNP,ours,matched_neural,full_500_3000,17,-1.5,-1.0,1313,13260,30
seed20260911_n5000,seed20260911,5k,5000,4980,Density-guided CNP,ours,matched_neural,full_500_3000,18,-1.0,-0.5,1570,13260,30
seed20260911_n5000,seed20260911,5k,5000,4980,Density-guided CNP,ours,matched_neural,full_500_3000,19,-0.5,0.0,1752,13260,30
seed20260911_n5000,seed20260911,5k,5000,4980,Density-guided CNP,ours,matched_neural,full_500_3000,20,0.0,0.5,1616,13260,30
seed20260911_n5000,seed20260911,5k,5000,4980,Density-guided CNP,ours,matched_neural,full_500_3000,21,0.5,1.0,1360,13260,30
seed20260911_n5000,seed20260911,5k,5000,4980,Density-guided CNP,ours,matched_neural,full_500_3000,22,1.0,1.5,1096,13260,30
seed20260911_n5000,seed20260911,5k,5000,4980,Density-guided CNP,ours,matched_neural,full_500_3000,23,1.5,2.0,879,13260,30
seed20260911_n5000,seed20260911,5k,5000,4980,Density-guided CNP,ours,matched_neural,full_500_3000,24,2.0,2.5,601,13260,30
seed20260911_n5000,seed20260911,5k,5000,4980,Density-guided CNP,ours,matched_neural,full_500_3000,25,2.5,3.0,219,13260,30
seed20260911_n5000,seed20260911,5k,5000,4980,Density-guided CNP,ours,matched_neural,full_500_3000,26,3.0,3.5,86,13260,30
seed20260911_n5000,seed20260911,5k,5000,4980,Density-guided CNP,ours,matched_neural,full_500_3000,27,3.5,4.0,53,13260,30
seed20260911_n5000,seed20260911,5k,5000,4980,Density-guided CNP,ours,matched_neural,full_500_3000,28,4.0,4.5,23,13260,30
seed20260911_n5000,seed20260911,5k,5000,4980,Density-guided CNP,ours,matched_neural,full_500_3000,29,4.5,5.0,6,13260,30
seed20260911_n5000,seed20260911,5k,5000,4980,Density-guided CNP,ours,matched_neural,full_500_3000,30,5.0,5.5,14,13260,30
seed20260911_n5000,seed20260911,5k,5000,4980,Density-guided CNP,ours,matched_neural,full_500_3000,31,5.5,6.0,21,13260,30
seed20260911_n5000,seed20260911,5k,5000,4980,Density-guided CNP,ours,matched_neural,full_500_3000,32,6.0,6.5,20,13260,30
seed20260911_n5000,seed20260911,5k,5000,4980,Density-guided CNP,ours,matched_neural,full_500_3000,33,6.5,7.0,12,13260,30
seed20260911_n5000,seed20260911,5k,5000,4980,Density-guided CNP,ours,matched_neural,full_500_3000,34,7.0,7.5,8,13260,30
seed20260911_n5000,seed20260911,5k,5000,4980,Density-guided CNP,ours,matched_neural,full_500_3000,35,7.5,8.0,6,13260,30
seed20260911_n5000,seed20260911,5k,5000,4980,Density-guided CNP,ours,matched_neural,full_500_3000,36,8.0,8.5,4,13260,30
seed20260911_n5000,seed20260911,5k,5000,4980,Density-guided CNP,ours,matched_neural,full_500_3000,37,8.5,9.0,4,13260,30
seed20260911_n5000,seed20260911,5k,5000,4980,Density-guided CNP,ours,matched_neural,full_500_3000,38,9.0,9.5,1,13260,30
seed20260911_n5000,seed20260911,5k,5000,4980,Density-guided CNP,ours,matched_neural,full_500_3000,39,9.5,10.0,6,13260,30
seed20260911_n5000,seed20260911,5k,5000,4980,Density-guided CNP,ours,matched_neural,full_500_3000,overflow,10.0,,21,13260,30
seed20260911_n5000,seed20260911,5k,5000,4980,Density-guided CNP,ours,matched_neural,figure1_1500_3000,underflow,,-10.0,1,7260,30
seed20260911_n5000,seed20260911,5k,5000,4980,Density-guided CNP,ours,matched_neural,figure1_1500_3000,0,-10.0,-9.5,1,7260,30
seed20260911_n5000,seed20260911,5k,5000,4980,Density-guided CNP,ours,matched_neural,figure1_1500_3000,1,-9.5,-9.0,1,7260,30
seed20260911_n5000,seed20260911,5k,5000,4980,Density-guided CNP,ours,matched_neural,figure1_1500_3000,2,-9.0,-8.5,3,7260,30
seed20260911_n5000,seed20260911,5k,5000,4980,Density-guided CNP,ours,matched_neural,figure1_1500_3000,3,-8.5,-8.0,2,7260,30
seed20260911_n5000,seed20260911,5k,5000,4980,Density-guided CNP,ours,matched_neural,figure1_1500_3000,4,-8.0,-7.5,4,7260,30
seed20260911_n5000,seed20260911,5k,5000,4980,Density-guided CNP,ours,matched_neural,figure1_1500_3000,5,-7.5,-7.0,14,7260,30
seed20260911_n5000,seed20260911,5k,5000,4980,Density-guided CNP,ours,matched_neural,figure1_1500_3000,6,-7.0,-6.5,15,7260,30
seed20260911_n5000,seed20260911,5k,5000,4980,Density-guided CNP,ours,matched_neural,figure1_1500_3000,7,-6.5,-6.0,17,7260,30
seed20260911_n5000,seed20260911,5k,5000,4980,Density-guided CNP,ours,matched_neural,figure1_1500_3000,8,-6.0,-5.5,12,7260,30
seed20260911_n5000,seed20260911,5k,5000,4980,Density-guided CNP,ours,matched_neural,figure1_1500_3000,9,-5.5,-5.0,10,7260,30
seed20260911_n5000,seed20260911,5k,5000,4980,Density-guided CNP,ours,matched_neural,figure1_1500_3000,10,-5.0,-4.5,34,7260,30
seed20260911_n5000,seed20260911,5k,5000,4980,Density-guided CNP,ours,matched_neural,figure1_1500_3000,11,-4.5,-4.0,73,7260,30
seed20260911_n5000,seed20260911,5k,5000,4980,Density-guided CNP,ours,matched_neural,figure1_1500_3000,12,-4.0,-3.5,117,7260,30
seed20260911_n5000,seed20260911,5k,5000,4980,Density-guided CNP,ours,matched_neural,figure1_1500_3000,13,-3.5,-3.0,194,7260,30
seed20260911_n5000,seed20260911,5k,5000,4980,Density-guided CNP,ours,matched_neural,figure1_1500_3000,14,-3.0,-2.5,223,7260,30
seed20260911_n5000,seed20260911,5k,5000,4980,Density-guided CNP,ours,matched_neural,figure1_1500_3000,15,-2.5,-2.0,332,7260,30
seed20260911_n5000,seed20260911,5k,5000,4980,Density-guided CNP,ours,matched_neural,figure1_1500_3000,16,-2.0,-1.5,528,7260,30
seed20260911_n5000,seed20260911,5k,5000,4980,Density-guided CNP,ours,matched_neural,figure1_1500_3000,17,-1.5,-1.0,753,7260,30
seed20260911_n5000,seed20260911,5k,5000,4980,Density-guided CNP,ours,matched_neural,figure1_1500_3000,18,-1.0,-0.5,811,7260,30
seed20260911_n5000,seed20260911,5k,5000,4980,Density-guided CNP,ours,matched_neural,figure1_1500_3000,19,-0.5,0.0,1019,7260,30
seed20260911_n5000,seed20260911,5k,5000,4980,Density-guided CNP,ours,matched_neural,figure1_1500_3000,20,0.0,0.5,882,7260,30
seed20260911_n5000,seed20260911,5k,5000,4980,Density-guided CNP,ours,matched_neural,figure1_1500_3000,21,0.5,1.0,705,7260,30
seed20260911_n5000,seed20260911,5k,5000,4980,Density-guided CNP,ours,matched_neural,figure1_1500_3000,22,1.0,1.5,529,7260,30
seed20260911_n5000,seed20260911,5k,5000,4980,Density-guided CNP,ours,matched_neural,figure1_1500_3000,23,1.5,2.0,435,7260,30
seed20260911_n5000,seed20260911,5k,5000,4980,Density-guided CNP,ours,matched_neural,figure1_1500_3000,24,2.0,2.5,331,7260,30
seed20260911_n5000,seed20260911,5k,5000,4980,Density-guided CNP,ours,matched_neural,figure1_1500_3000,25,2.5,3.0,123,7260,30
seed20260911_n5000,seed20260911,5k,5000,4980,Density-guided CNP,ours,matched_neural,figure1_1500_3000,26,3.0,3.5,24,7260,30
seed20260911_n5000,seed20260911,5k,5000,4980,Density-guided CNP,ours,matched_neural,figure1_1500_3000,27,3.5,4.0,40,7260,30
seed20260911_n5000,seed20260911,5k,5000,4980,Density-guided CNP,ours,matched_neural,figure1_1500_3000,28,4.0,4.5,21,7260,30
seed20260911_n5000,seed20260911,5k,5000,4980,Density-guided CNP,ours,matched_neural,figure1_1500_3000,29,4.5,5.0,0,7260,30
seed20260911_n5000,seed20260911,5k,5000,4980,Density-guided CNP,ours,matched_neural,figure1_1500_3000,30,5.0,5.5,1,7260,30
seed20260911_n5000,seed20260911,5k,5000,4980,Density-guided CNP,ours,matched_neural,figure1_1500_3000,31,5.5,6.0,0,7260,30
seed20260911_n5000,seed20260911,5k,5000,4980,Density-guided CNP,ours,matched_neural,figure1_1500_3000,32,6.0,6.5,0,7260,30
seed20260911_n5000,seed20260911,5k,5000,4980,Density-guided CNP,ours,matched_neural,figure1_1500_3000,33,6.5,7.0,2,7260,30
seed20260911_n5000,seed20260911,5k,5000,4980,Density-guided CNP,ours,matched_neural,figure1_1500_3000,34,7.0,7.5,1,7260,30
seed20260911_n5000,seed20260911,5k,5000,4980,Density-guided CNP,ours,matched_neural,figure1_1500_3000,35,7.5,8.0,0,7260,30
seed20260911_n5000,seed20260911,5k,5000,4980,Density-guided CNP,ours,matched_neural,figure1_1500_3000,36,8.0,8.5,0,7260,30
seed20260911_n5000,seed20260911,5k,5000,4980,Density-guided CNP,ours,matched_neural,figure1_1500_3000,37,8.5,9.0,1,7260,30
seed20260911_n5000,seed20260911,5k,5000,4980,Density-guided CNP,ours,matched_neural,figure1_1500_3000,38,9.0,9.5,0,7260,30
seed20260911_n5000,seed20260911,5k,5000,4980,Density-guided CNP,ours,matched_neural,figure1_1500_3000,39,9.5,10.0,0,7260,30
seed20260911_n5000,seed20260911,5k,5000,4980,Density-guided CNP,ours,matched_neural,figure1_1500_3000,overflow,10.0,,1,7260,30
context_only,not_applicable,context-only,0,0,Kernel,kernel_context_only,context_only_classical,full_500_3000,underflow,,-10.0,65,4420,10
context_only,not_applicable,context-only,0,0,Kernel,kernel_context_only,context_only_classical,full_500_3000,0,-10.0,-9.5,2,4420,10
context_only,not_applicable,context-only,0,0,Kernel,kernel_context_only,context_only_classical,full_500_3000,1,-9.5,-9.0,4,4420,10
context_only,not_applicable,context-only,0,0,Kernel,kernel_context_only,context_only_classical,full_500_3000,2,-9.0,-8.5,6,4420,10
context_only,not_applicable,context-only,0,0,Kernel,kernel_context_only,context_only_classical,full_500_3000,3,-8.5,-8.0,5,4420,10
context_only,not_applicable,context-only,0,0,Kernel,kernel_context_only,context_only_classical,full_500_3000,4,-8.0,-7.5,3,4420,10
context_only,not_applicable,context-only,0,0,Kernel,kernel_context_only,context_only_classical,full_500_3000,5,-7.5,-7.0,5,4420,10
context_only,not_applicable,context-only,0,0,Kernel,kernel_context_only,context_only_classical,full_500_3000,6,-7.0,-6.5,4,4420,10
context_only,not_applicable,context-only,0,0,Kernel,kernel_context_only,context_only_classical,full_500_3000,7,-6.5,-6.0,9,4420,10
context_only,not_applicable,context-only,0,0,Kernel,kernel_context_only,context_only_classical,full_500_3000,8,-6.0,-5.5,10,4420,10
context_only,not_applicable,context-only,0,0,Kernel,kernel_context_only,context_only_classical,full_500_3000,9,-5.5,-5.0,14,4420,10
context_only,not_applicable,context-only,0,0,Kernel,kernel_context_only,context_only_classical,full_500_3000,10,-5.0,-4.5,26,4420,10
context_only,not_applicable,context-only,0,0,Kernel,kernel_context_only,context_only_classical,full_500_3000,11,-4.5,-4.0,48,4420,10
context_only,not_applicable,context-only,0,0,Kernel,kernel_context_only,context_only_classical,full_500_3000,12,-4.0,-3.5,69,4420,10
context_only,not_applicable,context-only,0,0,Kernel,kernel_context_only,context_only_classical,full_500_3000,13,-3.5,-3.0,117,4420,10
context_only,not_applicable,context-only,0,0,Kernel,kernel_context_only,context_only_classical,full_500_3000,14,-3.0,-2.5,142,4420,10
context_only,not_applicable,context-only,0,0,Kernel,kernel_context_only,context_only_classical,full_500_3000,15,-2.5,-2.0,219,4420,10
context_only,not_applicable,context-only,0,0,Kernel,kernel_context_only,context_only_classical,full_500_3000,16,-2.0,-1.5,232,4420,10
context_only,not_applicable,context-only,0,0,Kernel,kernel_context_only,context_only_classical,full_500_3000,17,-1.5,-1.0,281,4420,10
context_only,not_applicable,context-only,0,0,Kernel,kernel_context_only,context_only_classical,full_500_3000,18,-1.0,-0.5,317,4420,10
context_only,not_applicable,context-only,0,0,Kernel,kernel_context_only,context_only_classical,full_500_3000,19,-0.5,0.0,355,4420,10
context_only,not_applicable,context-only,0,0,Kernel,kernel_context_only,context_only_classical,full_500_3000,20,0.0,0.5,345,4420,10
context_only,not_applicable,context-only,0,0,Kernel,kernel_context_only,context_only_classical,full_500_3000,21,0.5,1.0,350,4420,10
context_only,not_applicable,context-only,0,0,Kernel,kernel_context_only,context_only_classical,full_500_3000,22,1.0,1.5,326,4420,10
context_only,not_applicable,context-only,0,0,Kernel,kernel_context_only,context_only_classical,full_500_3000,23,1.5,2.0,304,4420,10
context_only,not_applicable,context-only,0,0,Kernel,kernel_context_only,context_only_classical,full_500_3000,24,2.0,2.5,284,4420,10
context_only,not_applicable,context-only,0,0,Kernel,kernel_context_only,context_only_classical,full_500_3000,25,2.5,3.0,217,4420,10
context_only,not_applicable,context-only,0,0,Kernel,kernel_context_only,context_only_classical,full_500_3000,26,3.0,3.5,192,4420,10
context_only,not_applicable,context-only,0,0,Kernel,kernel_context_only,context_only_classical,full_500_3000,27,3.5,4.0,146,4420,10
context_only,not_applicable,context-only,0,0,Kernel,kernel_context_only,context_only_classical,full_500_3000,28,4.0,4.5,103,4420,10
context_only,not_applicable,context-only,0,0,Kernel,kernel_context_only,context_only_classical,full_500_3000,29,4.5,5.0,62,4420,10
context_only,not_applicable,context-only,0,0,Kernel,kernel_context_only,context_only_classical,full_500_3000,30,5.0,5.5,44,4420,10
context_only,not_applicable,context-only,0,0,Kernel,kernel_context_only,context_only_classical,full_500_3000,31,5.5,6.0,36,4420,10
context_only,not_applicable,context-only,0,0,Kernel,kernel_context_only,context_only_classical,full_500_3000,32,6.0,6.5,21,4420,10
context_only,not_applicable,context-only,0,0,Kernel,kernel_context_only,context_only_classical,full_500_3000,33,6.5,7.0,21,4420,10
context_only,not_applicable,context-only,0,0,Kernel,kernel_context_only,context_only_classical,full_500_3000,34,7.0,7.5,15,4420,10
context_only,not_applicable,context-only,0,0,Kernel,kernel_context_only,context_only_classical,full_500_3000,35,7.5,8.0,4,4420,10
context_only,not_applicable,context-only,0,0,Kernel,kernel_context_only,context_only_classical,full_500_3000,36,8.0,8.5,0,4420,10
context_only,not_applicable,context-only,0,0,Kernel,kernel_context_only,context_only_classical,full_500_3000,37,8.5,9.0,3,4420,10
context_only,not_applicable,context-only,0,0,Kernel,kernel_context_only,context_only_classical,full_500_3000,38,9.0,9.5,2,4420,10
context_only,not_applicable,context-only,0,0,Kernel,kernel_context_only,context_only_classical,full_500_3000,39,9.5,10.0,0,4420,10
context_only,not_applicable,context-only,0,0,Kernel,kernel_context_only,context_only_classical,full_500_3000,overflow,10.0,,12,4420,10
context_only,not_applicable,context-only,0,0,Kernel,kernel_context_only,context_only_classical,figure1_1500_3000,underflow,,-10.0,29,2420,10
context_only,not_applicable,context-only,0,0,Kernel,kernel_context_only,context_only_classical,figure1_1500_3000,0,-10.0,-9.5,0,2420,10
context_only,not_applicable,context-only,0,0,Kernel,kernel_context_only,context_only_classical,figure1_1500_3000,1,-9.5,-9.0,2,2420,10
context_only,not_applicable,context-only,0,0,Kernel,kernel_context_only,context_only_classical,figure1_1500_3000,2,-9.0,-8.5,3,2420,10
context_only,not_applicable,context-only,0,0,Kernel,kernel_context_only,context_only_classical,figure1_1500_3000,3,-8.5,-8.0,3,2420,10
context_only,not_applicable,context-only,0,0,Kernel,kernel_context_only,context_only_classical,figure1_1500_3000,4,-8.0,-7.5,1,2420,10
context_only,not_applicable,context-only,0,0,Kernel,kernel_context_only,context_only_classical,figure1_1500_3000,5,-7.5,-7.0,3,2420,10
context_only,not_applicable,context-only,0,0,Kernel,kernel_context_only,context_only_classical,figure1_1500_3000,6,-7.0,-6.5,2,2420,10
context_only,not_applicable,context-only,0,0,Kernel,kernel_context_only,context_only_classical,figure1_1500_3000,7,-6.5,-6.0,5,2420,10
context_only,not_applicable,context-only,0,0,Kernel,kernel_context_only,context_only_classical,figure1_1500_3000,8,-6.0,-5.5,6,2420,10
context_only,not_applicable,context-only,0,0,Kernel,kernel_context_only,context_only_classical,figure1_1500_3000,9,-5.5,-5.0,5,2420,10
context_only,not_applicable,context-only,0,0,Kernel,kernel_context_only,context_only_classical,figure1_1500_3000,10,-5.0,-4.5,16,2420,10
context_only,not_applicable,context-only,0,0,Kernel,kernel_context_only,context_only_classical,figure1_1500_3000,11,-4.5,-4.0,25,2420,10
context_only,not_applicable,context-only,0,0,Kernel,kernel_context_only,context_only_classical,figure1_1500_3000,12,-4.0,-3.5,41,2420,10
context_only,not_applicable,context-only,0,0,Kernel,kernel_context_only,context_only_classical,figure1_1500_3000,13,-3.5,-3.0,78,2420,10
context_only,not_applicable,context-only,0,0,Kernel,kernel_context_only,context_only_classical,figure1_1500_3000,14,-3.0,-2.5,96,2420,10
context_only,not_applicable,context-only,0,0,Kernel,kernel_context_only,context_only_classical,figure1_1500_3000,15,-2.5,-2.0,160,2420,10
context_only,not_applicable,context-only,0,0,Kernel,kernel_context_only,context_only_classical,figure1_1500_3000,16,-2.0,-1.5,167,2420,10
context_only,not_applicable,context-only,0,0,Kernel,kernel_context_only,context_only_classical,figure1_1500_3000,17,-1.5,-1.0,203,2420,10
context_only,not_applicable,context-only,0,0,Kernel,kernel_context_only,context_only_classical,figure1_1500_3000,18,-1.0,-0.5,227,2420,10
context_only,not_applicable,context-only,0,0,Kernel,kernel_context_only,context_only_classical,figure1_1500_3000,19,-0.5,0.0,239,2420,10
context_only,not_applicable,context-only,0,0,Kernel,kernel_context_only,context_only_classical,figure1_1500_3000,20,0.0,0.5,221,2420,10
context_only,not_applicable,context-only,0,0,Kernel,kernel_context_only,context_only_classical,figure1_1500_3000,21,0.5,1.0,201,2420,10
context_only,not_applicable,context-only,0,0,Kernel,kernel_context_only,context_only_classical,figure1_1500_3000,22,1.0,1.5,171,2420,10
context_only,not_applicable,context-only,0,0,Kernel,kernel_context_only,context_only_classical,figure1_1500_3000,23,1.5,2.0,141,2420,10
context_only,not_applicable,context-only,0,0,Kernel,kernel_context_only,context_only_classical,figure1_1500_3000,24,2.0,2.5,122,2420,10
context_only,not_applicable,context-only,0,0,Kernel,kernel_context_only,context_only_classical,figure1_1500_3000,25,2.5,3.0,84,2420,10
context_only,not_applicable,context-only,0,0,Kernel,kernel_context_only,context_only_classical,figure1_1500_3000,26,3.0,3.5,70,2420,10
context_only,not_applicable,context-only,0,0,Kernel,kernel_context_only,context_only_classical,figure1_1500_3000,27,3.5,4.0,29,2420,10
context_only,not_applicable,context-only,0,0,Kernel,kernel_context_only,context_only_classical,figure1_1500_3000,28,4.0,4.5,23,2420,10
context_only,not_applicable,context-only,0,0,Kernel,kernel_context_only,context_only_classical,figure1_1500_3000,29,4.5,5.0,10,2420,10
context_only,not_applicable,context-only,0,0,Kernel,kernel_context_only,context_only_classical,figure1_1500_3000,30,5.0,5.5,9,2420,10
context_only,not_applicable,context-only,0,0,Kernel,kernel_context_only,context_only_classical,figure1_1500_3000,31,5.5,6.0,7,2420,10
context_only,not_applicable,context-only,0,0,Kernel,kernel_context_only,context_only_classical,figure1_1500_3000,32,6.0,6.5,5,2420,10
context_only,not_applicable,context-only,0,0,Kernel,kernel_context_only,context_only_classical,figure1_1500_3000,33,6.5,7.0,3,2420,10
context_only,not_applicable,context-only,0,0,Kernel,kernel_context_only,context_only_classical,figure1_1500_3000,34,7.0,7.5,0,2420,10
context_only,not_applicable,context-only,0,0,Kernel,kernel_context_only,context_only_classical,figure1_1500_3000,35,7.5,8.0,0,2420,10
context_only,not_applicable,context-only,0,0,Kernel,kernel_context_only,context_only_classical,figure1_1500_3000,36,8.0,8.5,0,2420,10
context_only,not_applicable,context-only,0,0,Kernel,kernel_context_only,context_only_classical,figure1_1500_3000,37,8.5,9.0,0,2420,10
context_only,not_applicable,context-only,0,0,Kernel,kernel_context_only,context_only_classical,figure1_1500_3000,38,9.0,9.5,2,2420,10
context_only,not_applicable,context-only,0,0,Kernel,kernel_context_only,context_only_classical,figure1_1500_3000,39,9.5,10.0,0,2420,10
context_only,not_applicable,context-only,0,0,Kernel,kernel_context_only,context_only_classical,figure1_1500_3000,overflow,10.0,,11,2420,10
full_n18866_plus_context,not_applicable,18.9k+500,18866,18866,Pooled-data kernel,kernel_pooled_data,stronger_data_control,full_500_3000,underflow,,-10.0,32,4420,10
full_n18866_plus_context,not_applicable,18.9k+500,18866,18866,Pooled-data kernel,kernel_pooled_data,stronger_data_control,full_500_3000,0,-10.0,-9.5,4,4420,10
full_n18866_plus_context,not_applicable,18.9k+500,18866,18866,Pooled-data kernel,kernel_pooled_data,stronger_data_control,full_500_3000,1,-9.5,-9.0,2,4420,10
full_n18866_plus_context,not_applicable,18.9k+500,18866,18866,Pooled-data kernel,kernel_pooled_data,stronger_data_control,full_500_3000,2,-9.0,-8.5,4,4420,10
full_n18866_plus_context,not_applicable,18.9k+500,18866,18866,Pooled-data kernel,kernel_pooled_data,stronger_data_control,full_500_3000,3,-8.5,-8.0,4,4420,10
full_n18866_plus_context,not_applicable,18.9k+500,18866,18866,Pooled-data kernel,kernel_pooled_data,stronger_data_control,full_500_3000,4,-8.0,-7.5,0,4420,10
full_n18866_plus_context,not_applicable,18.9k+500,18866,18866,Pooled-data kernel,kernel_pooled_data,stronger_data_control,full_500_3000,5,-7.5,-7.0,6,4420,10
full_n18866_plus_context,not_applicable,18.9k+500,18866,18866,Pooled-data kernel,kernel_pooled_data,stronger_data_control,full_500_3000,6,-7.0,-6.5,7,4420,10
full_n18866_plus_context,not_applicable,18.9k+500,18866,18866,Pooled-data kernel,kernel_pooled_data,stronger_data_control,full_500_3000,7,-6.5,-6.0,5,4420,10
full_n18866_plus_context,not_applicable,18.9k+500,18866,18866,Pooled-data kernel,kernel_pooled_data,stronger_data_control,full_500_3000,8,-6.0,-5.5,6,4420,10
full_n18866_plus_context,not_applicable,18.9k+500,18866,18866,Pooled-data kernel,kernel_pooled_data,stronger_data_control,full_500_3000,9,-5.5,-5.0,8,4420,10
full_n18866_plus_context,not_applicable,18.9k+500,18866,18866,Pooled-data kernel,kernel_pooled_data,stronger_data_control,full_500_3000,10,-5.0,-4.5,7,4420,10
full_n18866_plus_context,not_applicable,18.9k+500,18866,18866,Pooled-data kernel,kernel_pooled_data,stronger_data_control,full_500_3000,11,-4.5,-4.0,22,4420,10
full_n18866_plus_context,not_applicable,18.9k+500,18866,18866,Pooled-data kernel,kernel_pooled_data,stronger_data_control,full_500_3000,12,-4.0,-3.5,34,4420,10
full_n18866_plus_context,not_applicable,18.9k+500,18866,18866,Pooled-data kernel,kernel_pooled_data,stronger_data_control,full_500_3000,13,-3.5,-3.0,64,4420,10
full_n18866_plus_context,not_applicable,18.9k+500,18866,18866,Pooled-data kernel,kernel_pooled_data,stronger_data_control,full_500_3000,14,-3.0,-2.5,107,4420,10
full_n18866_plus_context,not_applicable,18.9k+500,18866,18866,Pooled-data kernel,kernel_pooled_data,stronger_data_control,full_500_3000,15,-2.5,-2.0,156,4420,10
full_n18866_plus_context,not_applicable,18.9k+500,18866,18866,Pooled-data kernel,kernel_pooled_data,stronger_data_control,full_500_3000,16,-2.0,-1.5,206,4420,10
full_n18866_plus_context,not_applicable,18.9k+500,18866,18866,Pooled-data kernel,kernel_pooled_data,stronger_data_control,full_500_3000,17,-1.5,-1.0,387,4420,10
full_n18866_plus_context,not_applicable,18.9k+500,18866,18866,Pooled-data kernel,kernel_pooled_data,stronger_data_control,full_500_3000,18,-1.0,-0.5,437,4420,10
full_n18866_plus_context,not_applicable,18.9k+500,18866,18866,Pooled-data kernel,kernel_pooled_data,stronger_data_control,full_500_3000,19,-0.5,0.0,542,4420,10
full_n18866_plus_context,not_applicable,18.9k+500,18866,18866,Pooled-data kernel,kernel_pooled_data,stronger_data_control,full_500_3000,20,0.0,0.5,524,4420,10
full_n18866_plus_context,not_applicable,18.9k+500,18866,18866,Pooled-data kernel,kernel_pooled_data,stronger_data_control,full_500_3000,21,0.5,1.0,444,4420,10
full_n18866_plus_context,not_applicable,18.9k+500,18866,18866,Pooled-data kernel,kernel_pooled_data,stronger_data_control,full_500_3000,22,1.0,1.5,425,4420,10
full_n18866_plus_context,not_applicable,18.9k+500,18866,18866,Pooled-data kernel,kernel_pooled_data,stronger_data_control,full_500_3000,23,1.5,2.0,339,4420,10
full_n18866_plus_context,not_applicable,18.9k+500,18866,18866,Pooled-data kernel,kernel_pooled_data,stronger_data_control,full_500_3000,24,2.0,2.5,197,4420,10
full_n18866_plus_context,not_applicable,18.9k+500,18866,18866,Pooled-data kernel,kernel_pooled_data,stronger_data_control,full_500_3000,25,2.5,3.0,163,4420,10
full_n18866_plus_context,not_applicable,18.9k+500,18866,18866,Pooled-data kernel,kernel_pooled_data,stronger_data_control,full_500_3000,26,3.0,3.5,85,4420,10
full_n18866_plus_context,not_applicable,18.9k+500,18866,18866,Pooled-data kernel,kernel_pooled_data,stronger_data_control,full_500_3000,27,3.5,4.0,38,4420,10
full_n18866_plus_context,not_applicable,18.9k+500,18866,18866,Pooled-data kernel,kernel_pooled_data,stronger_data_control,full_500_3000,28,4.0,4.5,56,4420,10
full_n18866_plus_context,not_applicable,18.9k+500,18866,18866,Pooled-data kernel,kernel_pooled_data,stronger_data_control,full_500_3000,29,4.5,5.0,44,4420,10
full_n18866_plus_context,not_applicable,18.9k+500,18866,18866,Pooled-data kernel,kernel_pooled_data,stronger_data_control,full_500_3000,30,5.0,5.5,19,4420,10
full_n18866_plus_context,not_applicable,18.9k+500,18866,18866,Pooled-data kernel,kernel_pooled_data,stronger_data_control,full_500_3000,31,5.5,6.0,17,4420,10
full_n18866_plus_context,not_applicable,18.9k+500,18866,18866,Pooled-data kernel,kernel_pooled_data,stronger_data_control,full_500_3000,32,6.0,6.5,8,4420,10
full_n18866_plus_context,not_applicable,18.9k+500,18866,18866,Pooled-data kernel,kernel_pooled_data,stronger_data_control,full_500_3000,33,6.5,7.0,2,4420,10
full_n18866_plus_context,not_applicable,18.9k+500,18866,18866,Pooled-data kernel,kernel_pooled_data,stronger_data_control,full_500_3000,34,7.0,7.5,3,4420,10
full_n18866_plus_context,not_applicable,18.9k+500,18866,18866,Pooled-data kernel,kernel_pooled_data,stronger_data_control,full_500_3000,35,7.5,8.0,0,4420,10
full_n18866_plus_context,not_applicable,18.9k+500,18866,18866,Pooled-data kernel,kernel_pooled_data,stronger_data_control,full_500_3000,36,8.0,8.5,1,4420,10
full_n18866_plus_context,not_applicable,18.9k+500,18866,18866,Pooled-data kernel,kernel_pooled_data,stronger_data_control,full_500_3000,37,8.5,9.0,0,4420,10
full_n18866_plus_context,not_applicable,18.9k+500,18866,18866,Pooled-data kernel,kernel_pooled_data,stronger_data_control,full_500_3000,38,9.0,9.5,5,4420,10
full_n18866_plus_context,not_applicable,18.9k+500,18866,18866,Pooled-data kernel,kernel_pooled_data,stronger_data_control,full_500_3000,39,9.5,10.0,0,4420,10
full_n18866_plus_context,not_applicable,18.9k+500,18866,18866,Pooled-data kernel,kernel_pooled_data,stronger_data_control,full_500_3000,overflow,10.0,,10,4420,10
full_n18866_plus_context,not_applicable,18.9k+500,18866,18866,Pooled-data kernel,kernel_pooled_data,stronger_data_control,figure1_1500_3000,underflow,,-10.0,10,2420,10
full_n18866_plus_context,not_applicable,18.9k+500,18866,18866,Pooled-data kernel,kernel_pooled_data,stronger_data_control,figure1_1500_3000,0,-10.0,-9.5,2,2420,10
full_n18866_plus_context,not_applicable,18.9k+500,18866,18866,Pooled-data kernel,kernel_pooled_data,stronger_data_control,figure1_1500_3000,1,-9.5,-9.0,1,2420,10
full_n18866_plus_context,not_applicable,18.9k+500,18866,18866,Pooled-data kernel,kernel_pooled_data,stronger_data_control,figure1_1500_3000,2,-9.0,-8.5,1,2420,10
full_n18866_plus_context,not_applicable,18.9k+500,18866,18866,Pooled-data kernel,kernel_pooled_data,stronger_data_control,figure1_1500_3000,3,-8.5,-8.0,0,2420,10
full_n18866_plus_context,not_applicable,18.9k+500,18866,18866,Pooled-data kernel,kernel_pooled_data,stronger_data_control,figure1_1500_3000,4,-8.0,-7.5,0,2420,10
full_n18866_plus_context,not_applicable,18.9k+500,18866,18866,Pooled-data kernel,kernel_pooled_data,stronger_data_control,figure1_1500_3000,5,-7.5,-7.0,5,2420,10
full_n18866_plus_context,not_applicable,18.9k+500,18866,18866,Pooled-data kernel,kernel_pooled_data,stronger_data_control,figure1_1500_3000,6,-7.0,-6.5,3,2420,10
full_n18866_plus_context,not_applicable,18.9k+500,18866,18866,Pooled-data kernel,kernel_pooled_data,stronger_data_control,figure1_1500_3000,7,-6.5,-6.0,0,2420,10
full_n18866_plus_context,not_applicable,18.9k+500,18866,18866,Pooled-data kernel,kernel_pooled_data,stronger_data_control,figure1_1500_3000,8,-6.0,-5.5,4,2420,10
full_n18866_plus_context,not_applicable,18.9k+500,18866,18866,Pooled-data kernel,kernel_pooled_data,stronger_data_control,figure1_1500_3000,9,-5.5,-5.0,1,2420,10
full_n18866_plus_context,not_applicable,18.9k+500,18866,18866,Pooled-data kernel,kernel_pooled_data,stronger_data_control,figure1_1500_3000,10,-5.0,-4.5,0,2420,10
full_n18866_plus_context,not_applicable,18.9k+500,18866,18866,Pooled-data kernel,kernel_pooled_data,stronger_data_control,figure1_1500_3000,11,-4.5,-4.0,14,2420,10
full_n18866_plus_context,not_applicable,18.9k+500,18866,18866,Pooled-data kernel,kernel_pooled_data,stronger_data_control,figure1_1500_3000,12,-4.0,-3.5,22,2420,10
full_n18866_plus_context,not_applicable,18.9k+500,18866,18866,Pooled-data kernel,kernel_pooled_data,stronger_data_control,figure1_1500_3000,13,-3.5,-3.0,42,2420,10
full_n18866_plus_context,not_applicable,18.9k+500,18866,18866,Pooled-data kernel,kernel_pooled_data,stronger_data_control,figure1_1500_3000,14,-3.0,-2.5,56,2420,10
full_n18866_plus_context,not_applicable,18.9k+500,18866,18866,Pooled-data kernel,kernel_pooled_data,stronger_data_control,figure1_1500_3000,15,-2.5,-2.0,96,2420,10
full_n18866_plus_context,not_applicable,18.9k+500,18866,18866,Pooled-data kernel,kernel_pooled_data,stronger_data_control,figure1_1500_3000,16,-2.0,-1.5,127,2420,10
full_n18866_plus_context,not_applicable,18.9k+500,18866,18866,Pooled-data kernel,kernel_pooled_data,stronger_data_control,figure1_1500_3000,17,-1.5,-1.0,248,2420,10
full_n18866_plus_context,not_applicable,18.9k+500,18866,18866,Pooled-data kernel,kernel_pooled_data,stronger_data_control,figure1_1500_3000,18,-1.0,-0.5,247,2420,10
full_n18866_plus_context,not_applicable,18.9k+500,18866,18866,Pooled-data kernel,kernel_pooled_data,stronger_data_control,figure1_1500_3000,19,-0.5,0.0,340,2420,10
full_n18866_plus_context,not_applicable,18.9k+500,18866,18866,Pooled-data kernel,kernel_pooled_data,stronger_data_control,figure1_1500_3000,20,0.0,0.5,308,2420,10
full_n18866_plus_context,not_applicable,18.9k+500,18866,18866,Pooled-data kernel,kernel_pooled_data,stronger_data_control,figure1_1500_3000,21,0.5,1.0,239,2420,10
full_n18866_plus_context,not_applicable,18.9k+500,18866,18866,Pooled-data kernel,kernel_pooled_data,stronger_data_control,figure1_1500_3000,22,1.0,1.5,256,2420,10
full_n18866_plus_context,not_applicable,18.9k+500,18866,18866,Pooled-data kernel,kernel_pooled_data,stronger_data_control,figure1_1500_3000,23,1.5,2.0,174,2420,10
full_n18866_plus_context,not_applicable,18.9k+500,18866,18866,Pooled-data kernel,kernel_pooled_data,stronger_data_control,figure1_1500_3000,24,2.0,2.5,86,2420,10
full_n18866_plus_context,not_applicable,18.9k+500,18866,18866,Pooled-data kernel,kernel_pooled_data,stronger_data_control,figure1_1500_3000,25,2.5,3.0,71,2420,10
full_n18866_plus_context,not_applicable,18.9k+500,18866,18866,Pooled-data kernel,kernel_pooled_data,stronger_data_control,figure1_1500_3000,26,3.0,3.5,41,2420,10
full_n18866_plus_context,not_applicable,18.9k+500,18866,18866,Pooled-data kernel,kernel_pooled_data,stronger_data_control,figure1_1500_3000,27,3.5,4.0,6,2420,10
full_n18866_plus_context,not_applicable,18.9k+500,18866,18866,Pooled-data kernel,kernel_pooled_data,stronger_data_control,figure1_1500_3000,28,4.0,4.5,6,2420,10
full_n18866_plus_context,not_applicable,18.9k+500,18866,18866,Pooled-data kernel,kernel_pooled_data,stronger_data_control,figure1_1500_3000,29,4.5,5.0,3,2420,10
full_n18866_plus_context,not_applicable,18.9k+500,18866,18866,Pooled-data kernel,kernel_pooled_data,stronger_data_control,figure1_1500_3000,30,5.0,5.5,1,2420,10
full_n18866_plus_context,not_applicable,18.9k+500,18866,18866,Pooled-data kernel,kernel_pooled_data,stronger_data_control,figure1_1500_3000,31,5.5,6.0,1,2420,10
full_n18866_plus_context,not_applicable,18.9k+500,18866,18866,Pooled-data kernel,kernel_pooled_data,stronger_data_control,figure1_1500_3000,32,6.0,6.5,3,2420,10
full_n18866_plus_context,not_applicable,18.9k+500,18866,18866,Pooled-data kernel,kernel_pooled_data,stronger_data_control,figure1_1500_3000,33,6.5,7.0,0,2420,10
full_n18866_plus_context,not_applicable,18.9k+500,18866,18866,Pooled-data kernel,kernel_pooled_data,stronger_data_control,figure1_1500_3000,34,7.0,7.5,0,2420,10
full_n18866_plus_context,not_applicable,18.9k+500,18866,18866,Pooled-data kernel,kernel_pooled_data,stronger_data_control,figure1_1500_3000,35,7.5,8.0,0,2420,10
full_n18866_plus_context,not_applicable,18.9k+500,18866,18866,Pooled-data kernel,kernel_pooled_data,stronger_data_control,figure1_1500_3000,36,8.0,8.5,0,2420,10
full_n18866_plus_context,not_applicable,18.9k+500,18866,18866,Pooled-data kernel,kernel_pooled_data,stronger_data_control,figure1_1500_3000,37,8.5,9.0,0,2420,10
full_n18866_plus_context,not_applicable,18.9k+500,18866,18866,Pooled-data kernel,kernel_pooled_data,stronger_data_control,figure1_1500_3000,38,9.0,9.5,0,2420,10
full_n18866_plus_context,not_applicable,18.9k+500,18866,18866,Pooled-data kernel,kernel_pooled_data,stronger_data_control,figure1_1500_3000,39,9.5,10.0,0,2420,10
full_n18866_plus_context,not_applicable,18.9k+500,18866,18866,Pooled-data kernel,kernel_pooled_data,stronger_data_control,figure1_1500_3000,overflow,10.0,,6,2420,10
context_only,not_applicable,context-only,0,0,Bernoulli GP,bernoulli_gp_matern32,context_only_classical,full_500_3000,underflow,,-10.0,81,4420,10
context_only,not_applicable,context-only,0,0,Bernoulli GP,bernoulli_gp_matern32,context_only_classical,full_500_3000,0,-10.0,-9.5,7,4420,10
context_only,not_applicable,context-only,0,0,Bernoulli GP,bernoulli_gp_matern32,context_only_classical,full_500_3000,1,-9.5,-9.0,10,4420,10
context_only,not_applicable,context-only,0,0,Bernoulli GP,bernoulli_gp_matern32,context_only_classical,full_500_3000,2,-9.0,-8.5,12,4420,10
context_only,not_applicable,context-only,0,0,Bernoulli GP,bernoulli_gp_matern32,context_only_classical,full_500_3000,3,-8.5,-8.0,12,4420,10
context_only,not_applicable,context-only,0,0,Bernoulli GP,bernoulli_gp_matern32,context_only_classical,full_500_3000,4,-8.0,-7.5,12,4420,10
context_only,not_applicable,context-only,0,0,Bernoulli GP,bernoulli_gp_matern32,context_only_classical,full_500_3000,5,-7.5,-7.0,15,4420,10
context_only,not_applicable,context-only,0,0,Bernoulli GP,bernoulli_gp_matern32,context_only_classical,full_500_3000,6,-7.0,-6.5,28,4420,10
context_only,not_applicable,context-only,0,0,Bernoulli GP,bernoulli_gp_matern32,context_only_classical,full_500_3000,7,-6.5,-6.0,19,4420,10
context_only,not_applicable,context-only,0,0,Bernoulli GP,bernoulli_gp_matern32,context_only_classical,full_500_3000,8,-6.0,-5.5,29,4420,10
context_only,not_applicable,context-only,0,0,Bernoulli GP,bernoulli_gp_matern32,context_only_classical,full_500_3000,9,-5.5,-5.0,36,4420,10
context_only,not_applicable,context-only,0,0,Bernoulli GP,bernoulli_gp_matern32,context_only_classical,full_500_3000,10,-5.0,-4.5,77,4420,10
context_only,not_applicable,context-only,0,0,Bernoulli GP,bernoulli_gp_matern32,context_only_classical,full_500_3000,11,-4.5,-4.0,67,4420,10
context_only,not_applicable,context-only,0,0,Bernoulli GP,bernoulli_gp_matern32,context_only_classical,full_500_3000,12,-4.0,-3.5,97,4420,10
context_only,not_applicable,context-only,0,0,Bernoulli GP,bernoulli_gp_matern32,context_only_classical,full_500_3000,13,-3.5,-3.0,131,4420,10
context_only,not_applicable,context-only,0,0,Bernoulli GP,bernoulli_gp_matern32,context_only_classical,full_500_3000,14,-3.0,-2.5,159,4420,10
context_only,not_applicable,context-only,0,0,Bernoulli GP,bernoulli_gp_matern32,context_only_classical,full_500_3000,15,-2.5,-2.0,189,4420,10
context_only,not_applicable,context-only,0,0,Bernoulli GP,bernoulli_gp_matern32,context_only_classical,full_500_3000,16,-2.0,-1.5,260,4420,10
context_only,not_applicable,context-only,0,0,Bernoulli GP,bernoulli_gp_matern32,context_only_classical,full_500_3000,17,-1.5,-1.0,288,4420,10
context_only,not_applicable,context-only,0,0,Bernoulli GP,bernoulli_gp_matern32,context_only_classical,full_500_3000,18,-1.0,-0.5,289,4420,10
context_only,not_applicable,context-only,0,0,Bernoulli GP,bernoulli_gp_matern32,context_only_classical,full_500_3000,19,-0.5,0.0,341,4420,10
context_only,not_applicable,context-only,0,0,Bernoulli GP,bernoulli_gp_matern32,context_only_classical,full_500_3000,20,0.0,0.5,342,4420,10
context_only,not_applicable,context-only,0,0,Bernoulli GP,bernoulli_gp_matern32,context_only_classical,full_500_3000,21,0.5,1.0,323,4420,10
context_only,not_applicable,context-only,0,0,Bernoulli GP,bernoulli_gp_matern32,context_only_classical,full_500_3000,22,1.0,1.5,315,4420,10
context_only,not_applicable,context-only,0,0,Bernoulli GP,bernoulli_gp_matern32,context_only_classical,full_500_3000,23,1.5,2.0,295,4420,10
context_only,not_applicable,context-only,0,0,Bernoulli GP,bernoulli_gp_matern32,context_only_classical,full_500_3000,24,2.0,2.5,295,4420,10
context_only,not_applicable,context-only,0,0,Bernoulli GP,bernoulli_gp_matern32,context_only_classical,full_500_3000,25,2.5,3.0,188,4420,10
context_only,not_applicable,context-only,0,0,Bernoulli GP,bernoulli_gp_matern32,context_only_classical,full_500_3000,26,3.0,3.5,157,4420,10
context_only,not_applicable,context-only,0,0,Bernoulli GP,bernoulli_gp_matern32,context_only_classical,full_500_3000,27,3.5,4.0,115,4420,10
context_only,not_applicable,context-only,0,0,Bernoulli GP,bernoulli_gp_matern32,context_only_classical,full_500_3000,28,4.0,4.5,80,4420,10
context_only,not_applicable,context-only,0,0,Bernoulli GP,bernoulli_gp_matern32,context_only_classical,full_500_3000,29,4.5,5.0,33,4420,10
context_only,not_applicable,context-only,0,0,Bernoulli GP,bernoulli_gp_matern32,context_only_classical,full_500_3000,30,5.0,5.5,24,4420,10
context_only,not_applicable,context-only,0,0,Bernoulli GP,bernoulli_gp_matern32,context_only_classical,full_500_3000,31,5.5,6.0,20,4420,10
context_only,not_applicable,context-only,0,0,Bernoulli GP,bernoulli_gp_matern32,context_only_classical,full_500_3000,32,6.0,6.5,20,4420,10
context_only,not_applicable,context-only,0,0,Bernoulli GP,bernoulli_gp_matern32,context_only_classical,full_500_3000,33,6.5,7.0,6,4420,10
context_only,not_applicable,context-only,0,0,Bernoulli GP,bernoulli_gp_matern32,context_only_classical,full_500_3000,34,7.0,7.5,11,4420,10
context_only,not_applicable,context-only,0,0,Bernoulli GP,bernoulli_gp_matern32,context_only_classical,full_500_3000,35,7.5,8.0,14,4420,10
context_only,not_applicable,context-only,0,0,Bernoulli GP,bernoulli_gp_matern32,context_only_classical,full_500_3000,36,8.0,8.5,3,4420,10
context_only,not_applicable,context-only,0,0,Bernoulli GP,bernoulli_gp_matern32,context_only_classical,full_500_3000,37,8.5,9.0,5,4420,10
context_only,not_applicable,context-only,0,0,Bernoulli GP,bernoulli_gp_matern32,context_only_classical,full_500_3000,38,9.0,9.5,3,4420,10
context_only,not_applicable,context-only,0,0,Bernoulli GP,bernoulli_gp_matern32,context_only_classical,full_500_3000,39,9.5,10.0,2,4420,10
context_only,not_applicable,context-only,0,0,Bernoulli GP,bernoulli_gp_matern32,context_only_classical,full_500_3000,overflow,10.0,,10,4420,10
context_only,not_applicable,context-only,0,0,Bernoulli GP,bernoulli_gp_matern32,context_only_classical,figure1_1500_3000,underflow,,-10.0,37,2420,10
context_only,not_applicable,context-only,0,0,Bernoulli GP,bernoulli_gp_matern32,context_only_classical,figure1_1500_3000,0,-10.0,-9.5,3,2420,10
context_only,not_applicable,context-only,0,0,Bernoulli GP,bernoulli_gp_matern32,context_only_classical,figure1_1500_3000,1,-9.5,-9.0,7,2420,10
context_only,not_applicable,context-only,0,0,Bernoulli GP,bernoulli_gp_matern32,context_only_classical,figure1_1500_3000,2,-9.0,-8.5,4,2420,10
context_only,not_applicable,context-only,0,0,Bernoulli GP,bernoulli_gp_matern32,context_only_classical,figure1_1500_3000,3,-8.5,-8.0,4,2420,10
context_only,not_applicable,context-only,0,0,Bernoulli GP,bernoulli_gp_matern32,context_only_classical,figure1_1500_3000,4,-8.0,-7.5,6,2420,10
context_only,not_applicable,context-only,0,0,Bernoulli GP,bernoulli_gp_matern32,context_only_classical,figure1_1500_3000,5,-7.5,-7.0,6,2420,10
context_only,not_applicable,context-only,0,0,Bernoulli GP,bernoulli_gp_matern32,context_only_classical,figure1_1500_3000,6,-7.0,-6.5,22,2420,10
context_only,not_applicable,context-only,0,0,Bernoulli GP,bernoulli_gp_matern32,context_only_classical,figure1_1500_3000,7,-6.5,-6.0,11,2420,10
context_only,not_applicable,context-only,0,0,Bernoulli GP,bernoulli_gp_matern32,context_only_classical,figure1_1500_3000,8,-6.0,-5.5,24,2420,10
context_only,not_applicable,context-only,0,0,Bernoulli GP,bernoulli_gp_matern32,context_only_classical,figure1_1500_3000,9,-5.5,-5.0,25,2420,10
context_only,not_applicable,context-only,0,0,Bernoulli GP,bernoulli_gp_matern32,context_only_classical,figure1_1500_3000,10,-5.0,-4.5,60,2420,10
context_only,not_applicable,context-only,0,0,Bernoulli GP,bernoulli_gp_matern32,context_only_classical,figure1_1500_3000,11,-4.5,-4.0,52,2420,10
context_only,not_applicable,context-only,0,0,Bernoulli GP,bernoulli_gp_matern32,context_only_classical,figure1_1500_3000,12,-4.0,-3.5,61,2420,10
context_only,not_applicable,context-only,0,0,Bernoulli GP,bernoulli_gp_matern32,context_only_classical,figure1_1500_3000,13,-3.5,-3.0,81,2420,10
context_only,not_applicable,context-only,0,0,Bernoulli GP,bernoulli_gp_matern32,context_only_classical,figure1_1500_3000,14,-3.0,-2.5,98,2420,10
context_only,not_applicable,context-only,0,0,Bernoulli GP,bernoulli_gp_matern32,context_only_classical,figure1_1500_3000,15,-2.5,-2.0,118,2420,10
context_only,not_applicable,context-only,0,0,Bernoulli GP,bernoulli_gp_matern32,context_only_classical,figure1_1500_3000,16,-2.0,-1.5,171,2420,10
context_only,not_applicable,context-only,0,0,Bernoulli GP,bernoulli_gp_matern32,context_only_classical,figure1_1500_3000,17,-1.5,-1.0,185,2420,10
context_only,not_applicable,context-only,0,0,Bernoulli GP,bernoulli_gp_matern32,context_only_classical,figure1_1500_3000,18,-1.0,-0.5,182,2420,10
context_only,not_applicable,context-only,0,0,Bernoulli GP,bernoulli_gp_matern32,context_only_classical,figure1_1500_3000,19,-0.5,0.0,198,2420,10
context_only,not_applicable,context-only,0,0,Bernoulli GP,bernoulli_gp_matern32,context_only_classical,figure1_1500_3000,20,0.0,0.5,191,2420,10
context_only,not_applicable,context-only,0,0,Bernoulli GP,bernoulli_gp_matern32,context_only_classical,figure1_1500_3000,21,0.5,1.0,178,2420,10
context_only,not_applicable,context-only,0,0,Bernoulli GP,bernoulli_gp_matern32,context_only_classical,figure1_1500_3000,22,1.0,1.5,145,2420,10
context_only,not_applicable,context-only,0,0,Bernoulli GP,bernoulli_gp_matern32,context_only_classical,figure1_1500_3000,23,1.5,2.0,143,2420,10
context_only,not_applicable,context-only,0,0,Bernoulli GP,bernoulli_gp_matern32,context_only_classical,figure1_1500_3000,24,2.0,2.5,137,2420,10
context_only,not_applicable,context-only,0,0,Bernoulli GP,bernoulli_gp_matern32,context_only_classical,figure1_1500_3000,25,2.5,3.0,79,2420,10
context_only,not_applicable,context-only,0,0,Bernoulli GP,bernoulli_gp_matern32,context_only_classical,figure1_1500_3000,26,3.0,3.5,65,2420,10
context_only,not_applicable,context-only,0,0,Bernoulli GP,bernoulli_gp_matern32,context_only_classical,figure1_1500_3000,27,3.5,4.0,46,2420,10
context_only,not_applicable,context-only,0,0,Bernoulli GP,bernoulli_gp_matern32,context_only_classical,figure1_1500_3000,28,4.0,4.5,30,2420,10
context_only,not_applicable,context-only,0,0,Bernoulli GP,bernoulli_gp_matern32,context_only_classical,figure1_1500_3000,29,4.5,5.0,11,2420,10
context_only,not_applicable,context-only,0,0,Bernoulli GP,bernoulli_gp_matern32,context_only_classical,figure1_1500_3000,30,5.0,5.5,10,2420,10
context_only,not_applicable,context-only,0,0,Bernoulli GP,bernoulli_gp_matern32,context_only_classical,figure1_1500_3000,31,5.5,6.0,7,2420,10
context_only,not_applicable,context-only,0,0,Bernoulli GP,bernoulli_gp_matern32,context_only_classical,figure1_1500_3000,32,6.0,6.5,8,2420,10
context_only,not_applicable,context-only,0,0,Bernoulli GP,bernoulli_gp_matern32,context_only_classical,figure1_1500_3000,33,6.5,7.0,2,2420,10
context_only,not_applicable,context-only,0,0,Bernoulli GP,bernoulli_gp_matern32,context_only_classical,figure1_1500_3000,34,7.0,7.5,1,2420,10
context_only,not_applicable,context-only,0,0,Bernoulli GP,bernoulli_gp_matern32,context_only_classical,figure1_1500_3000,35,7.5,8.0,1,2420,10
context_only,not_applicable,context-only,0,0,Bernoulli GP,bernoulli_gp_matern32,context_only_classical,figure1_1500_3000,36,8.0,8.5,1,2420,10
context_only,not_applicable,context-only,0,0,Bernoulli GP,bernoulli_gp_matern32,context_only_classical,figure1_1500_3000,37,8.5,9.0,1,2420,10
context_only,not_applicable,context-only,0,0,Bernoulli GP,bernoulli_gp_matern32,context_only_classical,figure1_1500_3000,38,9.0,9.5,1,2420,10
context_only,not_applicable,context-only,0,0,Bernoulli GP,bernoulli_gp_matern32,context_only_classical,figure1_1500_3000,39,9.5,10.0,1,2420,10
context_only,not_applicable,context-only,0,0,Bernoulli GP,bernoulli_gp_matern32,context_only_classical,figure1_1500_3000,overflow,10.0,,7,2420,10
