sample,context_seed,context_size,bin_index,energy_lower_kev,energy_upper_kev,energy_center_kev,event_count,pass_count,empirical_fraction,wilson_z,wilson_lower,wilson_upper,supported_min_4_events
frozen_final_target,,,0,500.0,505.0,502.5,919,364,0.39608269858541895,1.0,0.3800707007989,0.41232060354892613,True
frozen_final_target,,,1,505.0,510.0,507.5,1903,653,0.34314240672622176,1.0,0.33234421644170514,0.3541053633902275,True
frozen_final_target,,,2,510.0,515.0,512.5,5911,1678,0.28387751649467097,1.0,0.278049986414991,0.289778159728446,True
frozen_final_target,,,3,515.0,520.0,517.5,837,341,0.4074074074074074,1.0,0.390544073125692,0.424491726396981,True
frozen_final_target,,,4,520.0,525.0,522.5,780,315,0.40384615384615385,1.0,0.38641138069517245,0.42152715963773413,True
frozen_final_target,,,5,525.0,530.0,527.5,789,300,0.38022813688212925,1.0,0.3631078020924538,0.3976516915784322,True
frozen_final_target,,,6,530.0,535.0,532.5,759,301,0.3965744400527009,1.0,0.37896535542534754,0.41445569720623127,True
frozen_final_target,,,7,535.0,540.0,537.5,729,290,0.39780521262002744,1.0,0.3798294992850545,0.4160609116738496,True
frozen_final_target,,,8,540.0,545.0,542.5,757,307,0.40554821664464996,1.0,0.38783854394946893,0.42350710248852597,True
frozen_final_target,,,9,545.0,550.0,547.5,754,287,0.3806366047745358,1.0,0.36312326167995135,0.3984661422935585,True
frozen_final_target,,,10,550.0,555.0,552.5,712,260,0.3651685393258427,1.0,0.3473251822068741,0.3833901053106576,True
frozen_final_target,,,11,555.0,560.0,557.5,658,233,0.3541033434650456,1.0,0.33569380637605234,0.37295566251620865,True
frozen_final_target,,,12,560.0,565.0,562.5,680,250,0.36764705882352944,1.0,0.3493638000370331,0.38631901934622687,True
frozen_final_target,,,13,565.0,570.0,567.5,646,248,0.38390092879256965,1.0,0.3649597565167406,0.4032009853688854,True
frozen_final_target,,,14,570.0,575.0,572.5,686,242,0.35276967930029157,1.0,0.3347523083334132,0.37121566837692166,True
frozen_final_target,,,15,575.0,580.0,577.5,652,242,0.37116564417177916,1.0,0.35245609491901797,0.39026978563228365,True
frozen_final_target,,,16,580.0,585.0,582.5,14374,3608,0.25100876582718795,1.0,0.24740962528808566,0.25464254862495783,True
frozen_final_target,,,17,585.0,590.0,587.5,428,222,0.5186915887850467,1.0,0.4945246257269807,0.5427714115690567,True
frozen_final_target,,,18,590.0,595.0,592.5,380,173,0.45526315789473687,1.0,0.4298672713457457,0.48089388350989754,True
frozen_final_target,,,19,595.0,600.0,597.5,395,173,0.4379746835443038,1.0,0.41319895134105994,0.46306367492156636,True
frozen_final_target,,,20,600.0,605.0,602.5,411,185,0.45012165450121655,1.0,0.4257320615054192,0.4747533753877846,True
frozen_final_target,,,21,605.0,610.0,607.5,394,170,0.43147208121827413,1.0,0.4067246408351879,0.4565664984053184,True
frozen_final_target,,,22,610.0,615.0,612.5,393,172,0.43765903307888043,1.0,0.412823682663219,0.4628108351032785,True
frozen_final_target,,,23,615.0,620.0,617.5,350,157,0.44857142857142857,1.0,0.42217106832527335,0.4752648291106241,True
frozen_final_target,,,24,620.0,625.0,622.5,367,153,0.41689373297002724,1.0,0.3914168270123384,0.44282230342244433,True
frozen_final_target,,,25,625.0,630.0,627.5,325,148,0.4553846153846154,1.0,0.42793915980948843,0.4831037849757877,True
frozen_final_target,,,26,630.0,635.0,632.5,341,158,0.4633431085043988,1.0,0.43648593421712223,0.49041465057819933,True
frozen_final_target,,,27,635.0,640.0,637.5,336,153,0.45535714285714285,1.0,0.42836133729636905,0.48261789119027787,True
frozen_final_target,,,28,640.0,645.0,642.5,357,174,0.48739495798319327,1.0,0.46101272178269365,0.5138476134128371,True
frozen_final_target,,,29,645.0,650.0,647.5,330,155,0.4696969696969697,1.0,0.44235640069207166,0.497220638582853,True
frozen_final_target,,,30,650.0,655.0,652.5,365,166,0.4547945205479452,1.0,0.4288893575500756,0.48094670802369477,True
frozen_final_target,,,31,655.0,660.0,657.5,350,150,0.42857142857142855,1.0,0.40235984982819656,0.4551900077216609,True
frozen_final_target,,,32,660.0,665.0,662.5,331,135,0.4078549848942598,1.0,0.381160050247793,0.4351050099931708,True
frozen_final_target,,,33,665.0,670.0,667.5,303,137,0.4521452145214521,1.0,0.42375687810026824,0.48084838505762656,True
frozen_final_target,,,34,670.0,675.0,672.5,316,132,0.4177215189873418,1.0,0.39027989518180783,0.4456822499286023,True
frozen_final_target,,,35,675.0,680.0,677.5,329,144,0.4376899696048632,1.0,0.41056860410919516,0.46518897164838047,True
frozen_final_target,,,36,680.0,685.0,682.5,307,131,0.42671009771986973,1.0,0.3987646296616723,0.4551314742344316,True
frozen_final_target,,,37,685.0,690.0,687.5,303,123,0.40594059405940597,1.0,0.3780833244041485,0.4344166755958516,True
frozen_final_target,,,38,690.0,695.0,692.5,298,128,0.42953020134228187,1.0,0.40113780081048883,0.458393971764762,True
frozen_final_target,,,39,695.0,700.0,697.5,275,102,0.3709090909090909,1.0,0.3422969667588736,0.40045665642953215,True
frozen_final_target,,,40,700.0,705.0,702.5,304,136,0.4473684210526316,1.0,0.41906960026639883,0.4760123669467158,True
frozen_final_target,,,41,705.0,710.0,707.5,281,117,0.41637010676156583,1.0,0.38731004054461426,0.446023292788719,True
frozen_final_target,,,42,710.0,715.0,712.5,311,124,0.3987138263665595,1.0,0.3713165138275215,0.4267604092494016,True
frozen_final_target,,,43,715.0,720.0,717.5,313,137,0.43769968051118213,1.0,0.4099006466639703,0.4658955316799789,True
frozen_final_target,,,44,720.0,725.0,722.5,339,128,0.3775811209439528,1.0,0.3516477140956808,0.40423463884549576,True
frozen_final_target,,,45,725.0,730.0,727.5,3356,766,0.22824791418355184,1.0,0.2210846095313784,0.23557312058479676,True
frozen_final_target,,,46,730.0,735.0,732.5,236,113,0.4788135593220339,1.0,0.4464535103597088,0.5113523968132869,True
frozen_final_target,,,47,735.0,740.0,737.5,252,112,0.4444444444444444,1.0,0.41342317338239953,0.47590488985870716,True
frozen_final_target,,,48,740.0,745.0,742.5,259,125,0.4826254826254826,1.0,0.45170227907271115,0.5136823363119042,True
frozen_final_target,,,49,745.0,750.0,747.5,246,118,0.4796747967479675,1.0,0.4479690370385194,0.5115451330019662,True
frozen_final_target,,,50,750.0,755.0,752.5,229,116,0.5065502183406113,1.0,0.47355553237624903,0.5394879458846205,True
frozen_final_target,,,51,755.0,760.0,757.5,201,85,0.4228855721393035,1.0,0.38850627508150926,0.45802837838383725,True
frozen_final_target,,,52,760.0,765.0,762.5,489,157,0.3210633946830266,1.0,0.3003336917536445,0.3425234511034983,True
frozen_final_target,,,53,765.0,770.0,767.5,197,80,0.40609137055837563,1.0,0.3716613350433025,0.44146997808801075,True
frozen_final_target,,,54,770.0,775.0,772.5,196,73,0.37244897959183676,1.0,0.33864547202256795,0.4075474213784473,True
frozen_final_target,,,55,775.0,780.0,777.5,247,111,0.4493927125506073,1.0,0.41800913181458266,0.4811844165725143,True
frozen_final_target,,,56,780.0,785.0,782.5,350,123,0.3514285714285714,1.0,0.32636572814905324,0.3773379755546505,True
frozen_final_target,,,57,785.0,790.0,787.5,523,150,0.28680688336520077,1.0,0.26745201893146053,0.30697546198457004,True
frozen_final_target,,,58,790.0,795.0,792.5,229,101,0.4410480349344978,1.0,0.4085642795700994,0.47404441608207454,True
frozen_final_target,,,59,795.0,800.0,797.5,193,98,0.5077720207253886,1.0,0.47183836551322145,0.5436255520125517,True
frozen_final_target,,,60,800.0,805.0,802.5,183,83,0.453551912568306,1.0,0.4171023827450585,0.49050631290711544,True
frozen_final_target,,,61,805.0,810.0,807.5,205,104,0.5073170731707317,1.0,0.47244861505102387,0.5421144917450926,True
frozen_final_target,,,62,810.0,815.0,812.5,178,82,0.4606741573033708,1.0,0.42363722413755495,0.49815048535965184,True
frozen_final_target,,,63,815.0,820.0,817.5,196,89,0.45408163265306123,1.0,0.4188409722737201,0.48978846935064546,True
frozen_final_target,,,64,820.0,825.0,822.5,183,82,0.44808743169398907,1.0,0.41170720064970545,0.48503192978507714,True
frozen_final_target,,,65,825.0,830.0,827.5,170,87,0.5117647058823529,1.0,0.4734704746867451,0.549921338178752,True
frozen_final_target,,,66,830.0,835.0,832.5,197,102,0.5177664974619289,1.0,0.4821656408281265,0.5531878945254087,True
frozen_final_target,,,67,835.0,840.0,837.5,184,87,0.47282608695652173,1.0,0.43626627795673883,0.5096796679892073,True
frozen_final_target,,,68,840.0,845.0,842.5,178,73,0.4101123595505618,1.0,0.37384821263688256,0.4473808376424471,True
frozen_final_target,,,69,845.0,850.0,847.5,190,90,0.47368421052631576,1.0,0.4376931403443757,0.5099508387132159,True
frozen_final_target,,,70,850.0,855.0,852.5,185,93,0.5027027027027027,1.0,0.46602692601137363,0.5393494180746479,True
frozen_final_target,,,71,855.0,860.0,857.5,630,162,0.2571428571428571,1.0,0.2401244407091822,0.2749310268027036,True
frozen_final_target,,,72,860.0,865.0,862.5,1538,338,0.21976592977893367,1.0,0.2093910809721187,0.23050495541514568,True
frozen_final_target,,,73,865.0,870.0,867.5,169,88,0.5207100591715976,1.0,0.48227270193439375,0.5589037686538416,True
frozen_final_target,,,74,870.0,875.0,872.5,173,93,0.5375722543352601,1.0,0.49955797312683375,0.5751546705513271,True
frozen_final_target,,,75,875.0,880.0,877.5,139,67,0.48201438848920863,1.0,0.43991229708721236,0.524373417198502,True
frozen_final_target,,,76,880.0,885.0,882.5,152,77,0.506578947368421,1.0,0.4661168200053377,0.5469550754194988,True
frozen_final_target,,,77,885.0,890.0,887.5,185,97,0.5243243243243243,1.0,0.48757494536158263,0.5608121514126109,True
frozen_final_target,,,78,890.0,895.0,892.5,332,125,0.37650602409638556,1.0,0.3503233423061693,0.40343041144758446,True
frozen_final_target,,,79,895.0,900.0,897.5,154,78,0.5064935064935064,1.0,0.46629401157323047,0.546609214233221,True
frozen_final_target,,,80,900.0,905.0,902.5,146,72,0.4931506849315068,1.0,0.4519618171552303,0.5344327406678989,True
frozen_final_target,,,81,905.0,910.0,907.5,154,73,0.474025974025974,1.0,0.43408645766532317,0.5143006391088703,True
frozen_final_target,,,82,910.0,915.0,912.5,167,92,0.5508982035928144,1.0,0.5122185964155559,0.5889718797749204,True
frozen_final_target,,,83,915.0,920.0,917.5,154,80,0.5194805194805194,1.0,0.4792241684591334,0.5594855089602213,True
frozen_final_target,,,84,920.0,925.0,922.5,170,81,0.4764705882352941,1.0,0.43841434448424343,0.5148020297847623,True
frozen_final_target,,,85,925.0,930.0,927.5,216,98,0.4537037037037037,1.0,0.420119978712937,0.48771412266955166,True
frozen_final_target,,,86,930.0,935.0,932.5,159,82,0.5157232704402516,1.0,0.47611595642297744,0.5551340435770226,True
frozen_final_target,,,87,935.0,940.0,937.5,148,75,0.5067567567567568,1.0,0.4657535285390484,0.5476692902528979,True
frozen_final_target,,,88,940.0,945.0,942.5,167,89,0.5329341317365269,1.0,0.4942455326247872,0.5712306578514033,True
frozen_final_target,,,89,945.0,950.0,947.5,159,79,0.4968553459119497,1.0,0.45734730615157465,0.5364026938484253,True
frozen_final_target,,,90,950.0,955.0,952.5,239,104,0.4351464435146444,1.0,0.4034133112993739,0.46742002203395944,True
frozen_final_target,,,91,955.0,960.0,957.5,143,66,0.46153846153846156,1.0,0.42026148734463314,0.5033496237664778,True
frozen_final_target,,,92,960.0,965.0,962.5,149,79,0.5302013422818792,1.0,0.4892492159804221,0.570750784019578,True
frozen_final_target,,,93,965.0,970.0,967.5,135,64,0.4740740740740741,1.0,0.4314473107202999,0.5170821010444062,True
frozen_final_target,,,94,970.0,975.0,972.5,166,99,0.5963855421686747,1.0,0.5578385356755136,0.6337782307915523,True
frozen_final_target,,,95,975.0,980.0,977.5,162,75,0.46296296296296297,1.0,0.4241340915035086,0.5022462765946508,True
frozen_final_target,,,96,980.0,985.0,982.5,163,80,0.49079754601226994,1.0,0.45181679109573303,0.5298905259774377,True
frozen_final_target,,,97,985.0,990.0,987.5,142,84,0.5915492957746479,1.0,0.5497988573178257,0.6320193245003561,True
frozen_final_target,,,98,990.0,995.0,992.5,149,72,0.48322147651006714,1.0,0.4425313433539353,0.5241353233127313,True
frozen_final_target,,,99,995.0,1000.0,997.5,129,65,0.5038759689922481,1.0,0.4599945603809433,0.5476977473113644,True
frozen_final_target,,,100,1000.0,1005.0,1002.5,143,75,0.5244755244755245,1.0,0.48268849268365066,0.5659226184274605,True
frozen_final_target,,,101,1005.0,1010.0,1007.5,138,79,0.572463768115942,1.0,0.5299775087027225,0.6139073833836084,True
frozen_final_target,,,102,1010.0,1015.0,1012.5,146,81,0.5547945205479452,1.0,0.5134291540353018,0.5954143833796641,True
frozen_final_target,,,103,1015.0,1020.0,1017.5,141,73,0.5177304964539007,1.0,0.4756727696725066,0.5595384979331272,True
frozen_final_target,,,104,1020.0,1025.0,1022.5,130,57,0.43846153846153846,1.0,0.3955756826309372,0.48228691278891017,True
frozen_final_target,,,105,1025.0,1030.0,1027.5,156,84,0.5384615384615384,1.0,0.49842969743676874,0.5780034235823395,True
frozen_final_target,,,106,1030.0,1035.0,1032.5,132,69,0.5227272727272727,1.0,0.4792453672933946,0.5658674146614925,True
frozen_final_target,,,107,1035.0,1040.0,1037.5,125,62,0.496,1.0,0.45148961981610014,0.540573872247392,True
frozen_final_target,,,108,1040.0,1045.0,1042.5,149,72,0.48322147651006714,1.0,0.4425313433539353,0.5241353233127313,True
frozen_final_target,,,109,1045.0,1050.0,1047.5,133,80,0.6015037593984962,1.0,0.558445473439431,0.6430470638740019,True
frozen_final_target,,,110,1050.0,1055.0,1052.5,136,80,0.5882352941176471,1.0,0.5455388438501246,0.6296436379017002,True
frozen_final_target,,,111,1055.0,1060.0,1057.5,129,68,0.5271317829457365,1.0,0.48313428937678204,0.5707118644693718,True
frozen_final_target,,,112,1060.0,1065.0,1062.5,157,81,0.5159235668789809,1.0,0.4760649701314441,0.555580599488809,True
frozen_final_target,,,113,1065.0,1070.0,1067.5,131,66,0.5038167938931297,1.0,0.46026972318558373,0.5473060343901739,True
frozen_final_target,,,114,1070.0,1075.0,1072.5,143,81,0.5664335664335665,1.0,0.5246724012991313,0.6072720431453131,True
frozen_final_target,,,115,1075.0,1080.0,1077.5,362,98,0.27071823204419887,1.0,0.24801999088007912,0.2946797336378273,True
frozen_final_target,,,116,1080.0,1085.0,1082.5,133,74,0.556390977443609,1.0,0.5130502491467481,0.5988900493607145,True
frozen_final_target,,,117,1085.0,1090.0,1087.5,138,75,0.5434782608695652,1.0,0.500915505679809,0.5854154295719894,True
frozen_final_target,,,118,1090.0,1095.0,1092.5,192,77,0.4010416666666667,1.0,0.36627182996198504,0.4368369783281705,True
frozen_final_target,,,119,1095.0,1100.0,1097.5,142,68,0.4788732394366197,1.0,0.4372459587766746,0.5207959992652834,True
frozen_final_target,,,120,1100.0,1105.0,1102.5,115,57,0.4956521739130435,1.0,0.4492675606845447,0.5421117496602829,True
frozen_final_target,,,121,1105.0,1110.0,1107.5,142,76,0.5352112676056338,1.0,0.4932560165713628,0.576674053358707,True
frozen_final_target,,,122,1110.0,1115.0,1112.5,151,72,0.4768211920529801,1.0,0.4364616426730996,0.517485725747953,True
frozen_final_target,,,123,1115.0,1120.0,1117.5,135,68,0.5037037037037037,1.0,0.4608029919287003,0.5465499492477702,True
frozen_final_target,,,124,1120.0,1125.0,1122.5,115,62,0.5391304347826087,1.0,0.492510425431074,0.5850757814654778,True
frozen_final_target,,,125,1125.0,1130.0,1127.5,118,69,0.5847457627118644,1.0,0.5388562312728891,0.6292109956178673,True
frozen_final_target,,,126,1130.0,1135.0,1132.5,132,56,0.42424242424242425,1.0,0.38195328835430375,0.4676707717960722,True
frozen_final_target,,,127,1135.0,1140.0,1137.5,124,73,0.5887096774193549,1.0,0.5439824082087994,0.6320175917912008,True
frozen_final_target,,,128,1140.0,1145.0,1142.5,143,86,0.6013986013986014,1.0,0.5598875036400839,0.641501385248805,True
frozen_final_target,,,129,1145.0,1150.0,1147.5,140,77,0.55,1.0,0.5077473603184627,0.5915434198233814,True
frozen_final_target,,,130,1150.0,1155.0,1152.5,131,83,0.6335877862595419,1.0,0.5906261577624307,0.6745253573890845,True
frozen_final_target,,,131,1155.0,1160.0,1157.5,130,76,0.5846153846153846,1.0,0.5409095135344724,0.6270294177632376,True
frozen_final_target,,,132,1160.0,1165.0,1162.5,140,90,0.6428571428571429,1.0,0.6014789197328039,0.6822090235296077,True
frozen_final_target,,,133,1165.0,1170.0,1167.5,121,76,0.628099173553719,1.0,0.5832795613076537,0.670818799348084,True
frozen_final_target,,,134,1170.0,1175.0,1172.5,145,84,0.5793103448275863,1.0,0.5379071089813071,0.6196271375940355,True
frozen_final_target,,,135,1175.0,1180.0,1177.5,133,75,0.5639097744360902,1.0,0.5205910562953349,0.6062746153464562,True
frozen_final_target,,,136,1180.0,1185.0,1182.5,147,85,0.5782312925170068,1.0,0.53710570365109,0.6182997017543153,True
frozen_final_target,,,137,1185.0,1190.0,1187.5,110,65,0.5909090909090909,1.0,0.5434160245431013,0.636764155637079,True
frozen_final_target,,,138,1190.0,1195.0,1192.5,148,77,0.5202702702702703,1.0,0.4792060808237389,0.5610623755520999,True
frozen_final_target,,,139,1195.0,1200.0,1197.5,117,56,0.47863247863247865,1.0,0.43282652188201803,0.5248005967620498,True
frozen_final_target,,,140,1200.0,1205.0,1202.5,126,64,0.5079365079365079,1.0,0.4635117359088293,0.5522362955872336,True
frozen_final_target,,,141,1205.0,1210.0,1207.5,127,70,0.5511811023622047,1.0,0.506817401246373,0.594745098753627,True
frozen_final_target,,,142,1210.0,1215.0,1212.5,130,80,0.6153846153846154,1.0,0.5719886177928242,0.6570190157949622,True
frozen_final_target,,,143,1215.0,1220.0,1217.5,107,55,0.514018691588785,1.0,0.4657951055116323,0.5619826722661454,True
frozen_final_target,,,144,1220.0,1225.0,1222.5,130,72,0.5538461538461539,1.0,0.5100020278964672,0.5968682011111663,True
frozen_final_target,,,145,1225.0,1230.0,1227.5,129,76,0.5891472868217055,1.0,0.545305837005774,0.631617239917303,True
frozen_final_target,,,146,1230.0,1235.0,1232.5,132,66,0.5,1.0,0.456644501523794,0.543355498476206,True
frozen_final_target,,,147,1235.0,1240.0,1237.5,127,69,0.5433070866141733,1.0,0.49893936096710806,0.5869981390328919,True
frozen_final_target,,,148,1240.0,1245.0,1242.5,139,78,0.5611510791366906,1.0,0.518771530856405,0.6026570405721664,True
frozen_final_target,,,149,1245.0,1250.0,1247.5,120,60,0.5,1.0,0.45454545454545453,0.5454545454545454,True
frozen_final_target,,,150,1250.0,1255.0,1252.5,108,62,0.5740740740740741,1.0,0.5260267780441861,0.620762212781502,True
frozen_final_target,,,151,1255.0,1260.0,1257.5,135,85,0.6296296296296297,1.0,0.5872568357182638,0.6700961054582067,True
frozen_final_target,,,152,1260.0,1265.0,1262.5,129,74,0.5736434108527132,1.0,0.5296985904734045,0.6164552556804418,True
frozen_final_target,,,153,1265.0,1270.0,1267.5,138,77,0.5579710144927537,1.0,0.5154284558568544,0.5996794578122105,True
frozen_final_target,,,154,1270.0,1275.0,1272.5,133,69,0.518796992481203,1.0,0.47549360078595015,0.5618198320498707,True
frozen_final_target,,,155,1275.0,1280.0,1277.5,137,78,0.5693430656934306,1.0,0.5266860689608438,0.610995090459446,True
frozen_final_target,,,156,1280.0,1285.0,1282.5,156,86,0.5512820512820513,1.0,0.51126016554887,0.5906506624766077,True
frozen_final_target,,,157,1285.0,1290.0,1287.5,132,67,0.5075757575757576,1.0,0.4641682379066046,0.5508693560783576,True
frozen_final_target,,,158,1290.0,1295.0,1292.5,132,79,0.5984848484848485,1.0,0.5552317655615369,0.6402569562429745,True
frozen_final_target,,,159,1295.0,1300.0,1297.5,146,80,0.547945205479452,1.0,0.5065684819052487,0.5886696133328464,True
frozen_final_target,,,160,1300.0,1305.0,1302.5,128,80,0.625,1.0,0.5813953488372093,0.6666666666666666,True
frozen_final_target,,,161,1305.0,1310.0,1307.5,139,69,0.49640287769784175,1.0,0.45417194446438686,0.538685198392756,True
frozen_final_target,,,162,1310.0,1315.0,1312.5,129,80,0.6201550387596899,1.0,0.5766528928609085,0.66180864560063,True
frozen_final_target,,,163,1315.0,1320.0,1317.5,122,71,0.5819672131147541,1.0,0.5368222625062756,0.6257793635099845,True
frozen_final_target,,,164,1320.0,1325.0,1322.5,128,67,0.5234375,1.0,0.4792812845162288,0.5672303433907481,True
frozen_final_target,,,165,1325.0,1330.0,1327.5,133,66,0.49624060150375937,1.0,0.4530764472549685,0.5394608661778674,True
frozen_final_target,,,166,1330.0,1335.0,1332.5,141,85,0.6028368794326241,1.0,0.5610442814502655,0.6431810706624105,True
frozen_final_target,,,167,1335.0,1340.0,1337.5,133,80,0.6015037593984962,1.0,0.558445473439431,0.6430470638740019,True
frozen_final_target,,,168,1340.0,1345.0,1342.5,129,72,0.5581395348837209,1.0,0.5141345832987911,0.6012500320858243,True
frozen_final_target,,,169,1345.0,1350.0,1347.5,129,77,0.5968992248062015,1.0,0.5531258796807257,0.6391818126269666,True
frozen_final_target,,,170,1350.0,1355.0,1352.5,121,72,0.5950413223140496,1.0,0.5498129145121391,0.6387116756517954,True
frozen_final_target,,,171,1355.0,1360.0,1357.5,134,85,0.6343283582089553,1.0,0.5918703152517273,0.6747963514149395,True
frozen_final_target,,,172,1360.0,1365.0,1362.5,115,69,0.6,1.0,0.5536438799932456,0.6446319820757199,True
frozen_final_target,,,173,1365.0,1370.0,1367.5,143,80,0.5594405594405595,1.0,0.5176545312669021,0.6004010242886535,True
frozen_final_target,,,174,1370.0,1375.0,1372.5,99,62,0.6262626262626263,1.0,0.5766040113524714,0.6733959886475286,True
frozen_final_target,,,175,1375.0,1380.0,1377.5,122,69,0.5655737704918032,1.0,0.5203433814954104,0.6097379193175978,True
frozen_final_target,,,176,1380.0,1385.0,1382.5,125,68,0.544,1.0,0.49927868698640115,0.5880229003151862,True
frozen_final_target,,,177,1385.0,1390.0,1387.5,130,63,0.4846153846153846,1.0,0.44106814794483185,0.5283975009101299,True
frozen_final_target,,,178,1390.0,1395.0,1392.5,131,69,0.5267175572519084,1.0,0.4830574413228076,0.5699728617074954,True
frozen_final_target,,,179,1395.0,1400.0,1397.5,122,74,0.6065573770491803,1.0,0.5616347516395808,0.6497473621815575,True
frozen_final_target,,,180,1400.0,1405.0,1402.5,110,63,0.5727272727272728,1.0,0.525114318895318,0.6190298252488262,True
frozen_final_target,,,181,1405.0,1410.0,1407.5,111,60,0.5405405405405406,1.0,0.4930871767229284,0.5872699661342146,True
frozen_final_target,,,182,1410.0,1415.0,1412.5,127,68,0.5354330708661418,1.0,0.49107231850081645,0.5792401814991835,True
frozen_final_target,,,183,1415.0,1420.0,1417.5,116,55,0.47413793103448276,1.0,0.4281953051027175,0.5205226436152312,True
frozen_final_target,,,184,1420.0,1425.0,1422.5,105,53,0.5047619047619047,1.0,0.45615486974754593,0.5532790925166049,True
frozen_final_target,,,185,1425.0,1430.0,1427.5,133,74,0.556390977443609,1.0,0.5130502491467481,0.5988900493607145,True
frozen_final_target,,,186,1430.0,1435.0,1432.5,114,65,0.5701754385964912,1.0,0.5233974486269093,0.6157329861556995,True
frozen_final_target,,,187,1435.0,1440.0,1437.5,127,75,0.5905511811023622,1.0,0.5463746030461301,0.6333128969538699,True
frozen_final_target,,,188,1440.0,1445.0,1442.5,120,61,0.5083333333333333,1.0,0.46281617874330083,0.5537127468765338,True
frozen_final_target,,,189,1445.0,1450.0,1447.5,123,56,0.45528455284552843,1.0,0.410922300214002,0.5003680223666432,True
frozen_final_target,,,190,1450.0,1455.0,1452.5,118,60,0.5084745762711864,1.0,0.4625749652197256,0.5542317574693499,True
frozen_final_target,,,191,1455.0,1460.0,1457.5,119,71,0.5966386554621849,1.0,0.5510431934661886,0.6406234732004781,True
frozen_final_target,,,192,1460.0,1465.0,1462.5,103,56,0.5436893203883495,1.0,0.4944259180317357,0.5921125435067258,True
frozen_final_target,,,193,1465.0,1470.0,1467.5,108,57,0.5277777777777778,1.0,0.4797049058987405,0.5753409656608927,True
frozen_final_target,,,194,1470.0,1475.0,1472.5,115,64,0.5565217391304348,1.0,0.5099056495300677,0.6021633159871737,True
frozen_final_target,,,195,1475.0,1480.0,1477.5,112,55,0.49107142857142855,1.0,0.44412183264916844,0.5381790523065837,True
frozen_final_target,,,196,1480.0,1485.0,1482.5,105,54,0.5142857142857142,1.0,0.4656062894082831,0.5626955973841696,True
frozen_final_target,,,197,1485.0,1490.0,1487.5,126,65,0.5158730158730159,1.0,0.4714023927127159,0.5600936702794103,True
frozen_final_target,,,198,1490.0,1495.0,1492.5,118,63,0.5338983050847458,1.0,0.4878830920015765,0.5793437987547261,True
frozen_final_target,,,199,1495.0,1500.0,1497.5,138,76,0.5507246376811594,1.0,0.5081674900751297,0.592551934385302,True
frozen_final_target,,,200,1500.0,1505.0,1502.5,103,50,0.4854368932038835,1.0,0.43656849020853017,0.534585355945316,True
frozen_final_target,,,201,1505.0,1510.0,1507.5,124,70,0.5645161290322581,1.0,0.5196494899472905,0.6083505100527096,True
frozen_final_target,,,202,1510.0,1515.0,1512.5,237,70,0.29535864978902954,1.0,0.26663468844795946,0.3258022863419565,True
frozen_final_target,,,203,1515.0,1520.0,1517.5,120,67,0.5583333333333333,1.0,0.5127045234390547,0.6029979558997883,True
frozen_final_target,,,204,1520.0,1525.0,1522.5,112,52,0.4642857142857143,1.0,0.41768480527430213,0.5115187345487067,True
frozen_final_target,,,205,1525.0,1530.0,1527.5,122,67,0.5491803278688525,1.0,0.5039138417096032,0.593647133900153,True
frozen_final_target,,,206,1530.0,1535.0,1532.5,97,56,0.5773195876288659,1.0,0.5266243036358449,0.6264369208539509,True
frozen_final_target,,,207,1535.0,1540.0,1537.5,111,69,0.6216216216216216,1.0,0.5746962963055395,0.6663751322658891,True
frozen_final_target,,,208,1540.0,1545.0,1542.5,110,61,0.5545454545454546,1.0,0.5068768343020604,0.6012312738060477,True
frozen_final_target,,,209,1545.0,1550.0,1547.5,124,73,0.5887096774193549,1.0,0.5439824082087994,0.6320175917912008,True
frozen_final_target,,,210,1550.0,1555.0,1552.5,117,65,0.5555555555555556,1.0,0.5093386024273966,0.6008308890980273,True
frozen_final_target,,,211,1555.0,1560.0,1557.5,115,66,0.5739130434782609,1.0,0.5273576478535513,0.6191940762843797,True
frozen_final_target,,,212,1560.0,1565.0,1562.5,139,83,0.5971223021582733,1.0,0.5549699315269414,0.6378872113302014,True
frozen_final_target,,,213,1565.0,1570.0,1567.5,102,59,0.5784313725490197,1.0,0.5290073794136345,0.6263324264116084,True
frozen_final_target,,,214,1570.0,1575.0,1572.5,111,58,0.5225225225225225,1.0,0.47512339733200754,0.5695194598108497,True
frozen_final_target,,,215,1575.0,1580.0,1577.5,129,65,0.5038759689922481,1.0,0.4599945603809433,0.5476977473113644,True
frozen_final_target,,,216,1580.0,1585.0,1582.5,125,71,0.568,1.0,0.5233273385367029,0.611593296383932,True
frozen_final_target,,,217,1585.0,1590.0,1587.5,145,85,0.5862068965517241,1.0,0.5448515534744275,0.6263813232379011,True
frozen_final_target,,,218,1590.0,1595.0,1592.5,686,551,0.8032069970845481,1.0,0.7875908133165755,0.8179404821710518,True
frozen_final_target,,,219,1595.0,1600.0,1597.5,116,63,0.5431034482758621,1.0,0.496680636754492,0.5887894487155936,True
frozen_final_target,,,220,1600.0,1605.0,1602.5,122,75,0.6147540983606558,1.0,0.5699311651069581,0.6577111113158063,True
frozen_final_target,,,221,1605.0,1610.0,1607.5,143,80,0.5594405594405595,1.0,0.5176545312669021,0.6004010242886535,True
frozen_final_target,,,222,1610.0,1615.0,1612.5,160,95,0.59375,1.0,0.5544566743406276,0.6318787293860804,True
frozen_final_target,,,223,1615.0,1620.0,1617.5,305,121,0.39672131147540984,1.0,0.36909009856490316,0.4250275484939203,True
frozen_final_target,,,224,1620.0,1625.0,1622.5,485,143,0.2948453608247423,1.0,0.2745798174059166,0.31595516201795176,True
frozen_final_target,,,225,1625.0,1630.0,1627.5,132,82,0.6212121212121212,1.0,0.5782286609857368,0.6623728427736617,True
frozen_final_target,,,226,1630.0,1635.0,1632.5,136,77,0.5661764705882353,1.0,0.5233485966388782,0.6080382646749904,True
frozen_final_target,,,227,1635.0,1640.0,1637.5,134,83,0.6194029850746269,1.0,0.5767210761811852,0.660315960855852,True
frozen_final_target,,,228,1640.0,1645.0,1642.5,99,48,0.48484848484848486,1.0,0.4350227324403657,0.5349772675596343,True
frozen_final_target,,,229,1645.0,1650.0,1647.5,132,79,0.5984848484848485,1.0,0.5552317655615369,0.6402569562429745,True
frozen_final_target,,,230,1650.0,1655.0,1652.5,148,85,0.5743243243243243,1.0,0.5333159163434854,0.614335090367924,True
frozen_final_target,,,231,1655.0,1660.0,1657.5,135,85,0.6296296296296297,1.0,0.5872568357182638,0.6700961054582067,True
frozen_final_target,,,232,1660.0,1665.0,1662.5,103,50,0.4854368932038835,1.0,0.43656849020853017,0.534585355945316,True
frozen_final_target,,,233,1665.0,1670.0,1667.5,120,75,0.625,1.0,0.5799436451391271,0.6679902391583936,True
frozen_final_target,,,234,1670.0,1675.0,1672.5,120,77,0.6416666666666667,1.0,0.5968882618343977,0.6841034737027926,True
frozen_final_target,,,235,1675.0,1680.0,1677.5,123,56,0.45528455284552843,1.0,0.410922300214002,0.5003680223666432,True
frozen_final_target,,,236,1680.0,1685.0,1682.5,141,80,0.5673758865248227,1.0,0.5253223256223856,0.6084804912790229,True
frozen_final_target,,,237,1685.0,1690.0,1687.5,130,77,0.5923076923076923,1.0,0.5486629803766336,0.6345431264935955,True
frozen_final_target,,,238,1690.0,1695.0,1692.5,139,82,0.5899280575539568,1.0,0.5477121384448916,0.630859290126537,True
frozen_final_target,,,239,1695.0,1700.0,1697.5,137,67,0.48905109489051096,1.0,0.44657774024081665,0.5316831293244006,True
frozen_final_target,,,240,1700.0,1705.0,1702.5,140,73,0.5214285714285715,1.0,0.4792074131973469,0.5633457782920148,True
frozen_final_target,,,241,1705.0,1710.0,1707.5,122,61,0.5,1.0,0.4549165182666284,0.5450834817333716,True
frozen_final_target,,,242,1710.0,1715.0,1712.5,124,61,0.49193548387096775,1.0,0.4472844113203489,0.5367155886796511,True
frozen_final_target,,,243,1715.0,1720.0,1717.5,121,64,0.5289256198347108,1.0,0.4834958435995935,0.5738812055807343,True
frozen_final_target,,,244,1720.0,1725.0,1722.5,139,74,0.5323741007194245,1.0,0.48997318253577155,0.5743125317499427,True
frozen_final_target,,,245,1725.0,1730.0,1727.5,137,87,0.635036496350365,1.0,0.5930651047840712,0.6750508372449144,True
frozen_final_target,,,246,1730.0,1735.0,1732.5,126,73,0.5793650793650794,1.0,0.534930369882238,0.6225499450783921,True
frozen_final_target,,,247,1735.0,1740.0,1737.5,132,58,0.4393939393939394,1.0,0.3968113893828581,0.48288785873744267,True
frozen_final_target,,,248,1740.0,1745.0,1742.5,135,76,0.562962962962963,1.0,0.5199641315013733,0.6050358684986267,True
frozen_final_target,,,249,1745.0,1750.0,1747.5,136,74,0.5441176470588235,1.0,0.5012431332886749,0.5863481075872374,True
frozen_final_target,,,250,1750.0,1755.0,1752.5,128,66,0.515625,1.0,0.47150266457464063,0.5595050873633439,True
frozen_final_target,,,251,1755.0,1760.0,1757.5,136,73,0.5367647058823529,1.0,0.4938932575046656,0.5790994432252613,True
frozen_final_target,,,252,1760.0,1765.0,1762.5,151,79,0.5231788079470199,1.0,0.48251427425204696,0.5635383573269004,True
frozen_final_target,,,253,1765.0,1770.0,1767.5,130,78,0.6,1.0,0.5564272522356948,0.6420460302070532,True
frozen_final_target,,,254,1770.0,1775.0,1772.5,135,64,0.4740740740740741,1.0,0.4314473107202999,0.5170821010444062,True
frozen_final_target,,,255,1775.0,1780.0,1777.5,140,74,0.5285714285714286,1.0,0.4863295132172011,0.5704080754352813,True
frozen_final_target,,,256,1780.0,1785.0,1782.5,138,75,0.5434782608695652,1.0,0.500915505679809,0.5854154295719894,True
frozen_final_target,,,257,1785.0,1790.0,1787.5,121,67,0.5537190082644629,1.0,0.5082706817969317,0.5982866952522486,True
frozen_final_target,,,258,1790.0,1795.0,1792.5,148,76,0.5135135135135135,1.0,0.4724760854646062,0.5543695521192864,True
frozen_final_target,,,259,1795.0,1800.0,1797.5,113,58,0.5132743362831859,1.0,0.466344965641019,0.5599708238326653,True
frozen_final_target,,,260,1800.0,1805.0,1802.5,135,69,0.5111111111111111,1.0,0.4681652752589364,0.5538935482704753,True
frozen_final_target,,,261,1805.0,1810.0,1807.5,165,74,0.4484848484848485,1.0,0.4101929322103932,0.48739742923539,True
frozen_final_target,,,262,1810.0,1815.0,1812.5,128,59,0.4609375,1.0,0.4173512719083594,0.5051293482466793,True
frozen_final_target,,,263,1815.0,1820.0,1817.5,127,66,0.5196850393700787,1.0,0.47537107222221414,0.5636914277777858,True
frozen_final_target,,,264,1820.0,1825.0,1822.5,139,72,0.5179856115107914,1.0,0.47562658280149817,0.5600877029127876,True
frozen_final_target,,,265,1825.0,1830.0,1827.5,128,76,0.59375,1.0,0.5497753612317415,0.6362711503961656,True
frozen_final_target,,,266,1830.0,1835.0,1832.5,128,78,0.609375,1.0,0.5655624045011718,0.6514918590647196,True
frozen_final_target,,,267,1835.0,1840.0,1837.5,128,60,0.46875,1.0,0.42505510058622237,0.5129293955378087,True
frozen_final_target,,,268,1840.0,1845.0,1842.5,130,76,0.5846153846153846,1.0,0.5409095135344724,0.6270294177632376,True
frozen_final_target,,,269,1845.0,1850.0,1847.5,137,71,0.5182481751824818,1.0,0.4755812658840388,0.5606506181739324,True
frozen_final_target,,,270,1850.0,1855.0,1852.5,148,77,0.5202702702702703,1.0,0.4792060808237389,0.5610623755520999,True
frozen_final_target,,,271,1855.0,1860.0,1857.5,125,63,0.504,1.0,0.45942612775260805,0.5485103801838999,True
frozen_final_target,,,272,1860.0,1865.0,1862.5,135,65,0.48148148148148145,1.0,0.43877220097156117,0.524463093146086,True
frozen_final_target,,,273,1865.0,1870.0,1867.5,129,61,0.4728682170542636,1.0,0.42928813553062817,0.516865710623218,True
frozen_final_target,,,274,1870.0,1875.0,1872.5,149,73,0.4899328859060403,1.0,0.44918339154551085,0.530816608454489,True
frozen_final_target,,,275,1875.0,1880.0,1877.5,152,73,0.48026315789473684,1.0,0.4400008516526507,0.5207834620728395,True
frozen_final_target,,,276,1880.0,1885.0,1882.5,147,75,0.5102040816326531,1.0,0.46904389023893195,0.5512263800313385,True
frozen_final_target,,,277,1885.0,1890.0,1887.5,143,66,0.46153846153846156,1.0,0.42026148734463314,0.5033496237664778,True
frozen_final_target,,,278,1890.0,1895.0,1892.5,151,75,0.4966887417218543,1.0,0.4561560545246689,0.53726499810691,True
frozen_final_target,,,279,1895.0,1900.0,1897.5,129,68,0.5271317829457365,1.0,0.48313428937678204,0.5707118644693718,True
frozen_final_target,,,280,1900.0,1905.0,1902.5,133,63,0.47368421052631576,1.0,0.4307465948362006,0.51701459919365,True
frozen_final_target,,,281,1905.0,1910.0,1907.5,142,86,0.6056338028169014,1.0,0.5640201008919355,0.6457701088982742,True
frozen_final_target,,,282,1910.0,1915.0,1912.5,139,64,0.460431654676259,1.0,0.4185881545899338,0.5028404168386377,True
frozen_final_target,,,283,1915.0,1920.0,1917.5,145,74,0.5103448275862069,1.0,0.46890247510791394,0.5516454700975656,True
frozen_final_target,,,284,1920.0,1925.0,1922.5,141,78,0.5531914893617021,1.0,0.5110942600097328,0.5945395428071687,True
frozen_final_target,,,285,1925.0,1930.0,1927.5,149,67,0.44966442953020136,1.0,0.4093811848624712,0.4906188151375287,True
frozen_final_target,,,286,1930.0,1935.0,1932.5,139,80,0.5755395683453237,1.0,0.5332238505865486,0.6167761494134513,True
frozen_final_target,,,287,1935.0,1940.0,1937.5,140,87,0.6214285714285714,1.0,0.5797113168651222,0.6614234349079275,True
frozen_final_target,,,288,1940.0,1945.0,1942.5,144,65,0.4513888888888889,1.0,0.41039674393483494,0.49305153192723405,True
frozen_final_target,,,289,1945.0,1950.0,1947.5,167,92,0.5508982035928144,1.0,0.5122185964155559,0.5889718797749204,True
frozen_final_target,,,290,1950.0,1955.0,1952.5,134,78,0.582089552238806,1.0,0.5390279145441853,0.6239350484187777,True
frozen_final_target,,,291,1955.0,1960.0,1957.5,131,59,0.45038167938931295,1.0,0.40745134819730205,0.49406380331784955,True
frozen_final_target,,,292,1960.0,1965.0,1962.5,135,72,0.5333333333333333,1.0,0.4903082699770916,0.5758682006111437,True
frozen_final_target,,,293,1965.0,1970.0,1967.5,163,89,0.5460122699386503,1.0,0.5068529260063329,0.5846104886278133,True
frozen_final_target,,,294,1970.0,1975.0,1972.5,135,75,0.5555555555555556,1.0,0.5125359346796233,0.5977581829674355,True
frozen_final_target,,,295,1975.0,1980.0,1977.5,142,67,0.47183098591549294,1.0,0.4302818147532793,0.5137741293026648,True
frozen_final_target,,,296,1980.0,1985.0,1982.5,144,61,0.4236111111111111,1.0,0.38309926290702945,0.4651765991619361,True
frozen_final_target,,,297,1985.0,1990.0,1987.5,138,83,0.6014492753623188,1.0,0.5591856913233884,0.642253157597475,True
frozen_final_target,,,298,1990.0,1995.0,1992.5,124,60,0.4838709677419355,1.0,0.4393017284017495,0.5286982715982506,True
frozen_final_target,,,299,1995.0,2000.0,1997.5,140,78,0.5571428571428572,1.0,0.5149039217263166,0.5985712555786479,True
frozen_final_target,,,300,2000.0,2005.0,2002.5,149,79,0.5302013422818792,1.0,0.4892492159804221,0.570750784019578,True
frozen_final_target,,,301,2005.0,2010.0,2007.5,132,76,0.5757575757575758,1.0,0.5323292282039278,0.6180467116456962,True
frozen_final_target,,,302,2010.0,2015.0,2012.5,137,76,0.5547445255474452,1.0,0.5120390273612645,0.5966566248126486,True
frozen_final_target,,,303,2015.0,2020.0,2017.5,145,85,0.5862068965517241,1.0,0.5448515534744275,0.6263813232379011,True
frozen_final_target,,,304,2020.0,2025.0,2022.5,144,67,0.4652777777777778,1.0,0.42409405263840827,0.5069404301202124,True
frozen_final_target,,,305,2025.0,2030.0,2027.5,152,75,0.4934210526315789,1.0,0.4530449245805011,0.5338831799946623,True
frozen_final_target,,,306,2030.0,2035.0,2032.5,148,80,0.5405405405405406,1.0,0.4994408194165874,0.5810960933350906,True
frozen_final_target,,,307,2035.0,2040.0,2037.5,137,73,0.5328467153284672,1.0,0.4901371440945127,0.5750802472098352,True
frozen_final_target,,,308,2040.0,2045.0,2042.5,152,77,0.506578947368421,1.0,0.4661168200053377,0.5469550754194988,True
frozen_final_target,,,309,2045.0,2050.0,2047.5,144,80,0.5555555555555556,1.0,0.5139050044344454,0.5964398231517615,True
frozen_final_target,,,310,2050.0,2055.0,2052.5,160,79,0.49375,1.0,0.45438635911740427,0.5331912806341484,True
frozen_final_target,,,311,2055.0,2060.0,2057.5,149,80,0.5369127516778524,1.0,0.4959524977620966,0.5773808355712367,True
frozen_final_target,,,312,2060.0,2065.0,2062.5,151,89,0.5894039735099338,1.0,0.5489096895318214,0.628721889415547,True
frozen_final_target,,,313,2065.0,2070.0,2067.5,149,86,0.5771812080536913,1.0,0.5363278702832661,0.6170054630500672,True
frozen_final_target,,,314,2070.0,2075.0,2072.5,157,79,0.5031847133757962,1.0,0.4633874945404094,0.5429416193836413,True
frozen_final_target,,,315,2075.0,2080.0,2077.5,137,69,0.5036496350364964,1.0,0.46106148752609977,0.5461848892854945,True
frozen_final_target,,,316,2080.0,2085.0,2082.5,165,87,0.5272727272727272,1.0,0.4883583323685775,0.565858535101302,True
frozen_final_target,,,317,2085.0,2090.0,2087.5,151,86,0.5695364238410596,1.0,0.52891509734219,0.609242797394652,True
frozen_final_target,,,318,2090.0,2095.0,2092.5,153,71,0.46405228758169936,1.0,0.42409815457656935,0.5044732739948592,True
frozen_final_target,,,319,2095.0,2100.0,2097.5,204,86,0.4215686274509804,1.0,0.38745989667122793,0.4564425423531623,True
frozen_final_target,,,320,2100.0,2105.0,2102.5,1045,199,0.19043062200956937,1.0,0.17858266588083355,0.2028704889948834,True
frozen_final_target,,,321,2105.0,2110.0,2107.5,285,100,0.3508771929824561,1.0,0.32317372134138683,0.379623481455816,True
frozen_final_target,,,322,2110.0,2115.0,2112.5,173,87,0.5028901734104047,1.0,0.46496929065237813,0.5407778357844035,True
frozen_final_target,,,323,2115.0,2120.0,2117.5,163,81,0.49693251533742333,1.0,0.4579085093222076,0.5359939297021826,True
frozen_final_target,,,324,2120.0,2125.0,2122.5,162,80,0.49382716049382713,1.0,0.45470497450929126,0.533025086840402,True
frozen_final_target,,,325,2125.0,2130.0,2127.5,186,94,0.5053763440860215,1.0,0.4687860748819932,0.5419091122837822,True
frozen_final_target,,,326,2130.0,2135.0,2132.5,155,91,0.5870967741935483,1.0,0.5471145020171826,0.6259624210597403,True
frozen_final_target,,,327,2135.0,2140.0,2137.5,178,83,0.46629213483146065,1.0,0.4291932385657989,0.5037676552889498,True
frozen_final_target,,,328,2140.0,2145.0,2142.5,162,84,0.5185185185185185,1.0,0.47926859057463267,0.5575412253762876,True
frozen_final_target,,,329,2145.0,2150.0,2147.5,171,85,0.49707602339181284,1.0,0.45896902879191087,0.5352170177197172,True
frozen_final_target,,,330,2150.0,2155.0,2152.5,144,72,0.5,1.0,0.45847726007313,0.54152273992687,True
frozen_final_target,,,331,2155.0,2160.0,2157.5,189,101,0.5343915343915344,1.0,0.49802217056223846,0.5703988820693404,True
frozen_final_target,,,332,2160.0,2165.0,2162.5,171,86,0.5029239766081871,1.0,0.4647829822802829,0.5410309712080892,True
frozen_final_target,,,333,2165.0,2170.0,2167.5,187,97,0.5187165775401069,1.0,0.4821761953670949,0.5550578471860965,True
frozen_final_target,,,334,2170.0,2175.0,2172.5,167,86,0.5149700598802395,1.0,0.47632230570291706,0.5534395990589877,True
frozen_final_target,,,335,2175.0,2180.0,2177.5,172,86,0.5,1.0,0.4619857039365147,0.5380142960634853,True
frozen_final_target,,,336,2180.0,2185.0,2182.5,165,77,0.4666666666666667,1.0,0.42814575790952053,0.5055891818495157,True
frozen_final_target,,,337,2185.0,2190.0,2187.5,200,113,0.565,1.0,0.5297071191974223,0.5996461146334233,True
frozen_final_target,,,338,2190.0,2195.0,2192.5,161,77,0.4782608695652174,1.0,0.4391482699723646,0.5176418534844256,True
frozen_final_target,,,339,2195.0,2200.0,2197.5,182,93,0.510989010989011,1.0,0.4739767772025462,0.5478811462947215,True
frozen_final_target,,,340,2200.0,2205.0,2202.5,195,108,0.5538461538461539,1.0,0.5180637846246681,0.5890790725181891,True
frozen_final_target,,,341,2205.0,2210.0,2207.5,188,107,0.5691489361702128,1.0,0.5327610499460309,0.6048050876201068,True
frozen_final_target,,,342,2210.0,2215.0,2212.5,198,99,0.5,1.0,0.4645559397495832,0.5354440602504168,True
frozen_final_target,,,343,2215.0,2220.0,2217.5,222,126,0.5675675675675675,1.0,0.5340878426973048,0.6004413052847579,True
frozen_final_target,,,344,2220.0,2225.0,2222.5,179,97,0.5418994413407822,1.0,0.5045292200105748,0.5788041133227587,True
frozen_final_target,,,345,2225.0,2230.0,2227.5,190,106,0.5578947368421052,1.0,0.5216549605936902,0.5935282854796082,True
frozen_final_target,,,346,2230.0,2235.0,2232.5,216,109,0.5046296296296297,1.0,0.4706675315903911,0.53854905827136,True
frozen_final_target,,,347,2235.0,2240.0,2237.5,207,107,0.5169082125603864,1.0,0.4821778938691966,0.5514759522846494,True
frozen_final_target,,,348,2240.0,2245.0,2242.5,217,112,0.5161290322580645,1.0,0.48220831580798507,0.5499017759351341,True
frozen_final_target,,,349,2245.0,2250.0,2247.5,226,107,0.47345132743362833,1.0,0.4404287243460939,0.5067078395305582,True
frozen_final_target,,,350,2250.0,2255.0,2252.5,193,106,0.5492227979274611,1.0,0.5132446396482542,0.5846935046816426,True
frozen_final_target,,,351,2255.0,2260.0,2257.5,218,119,0.5458715596330275,1.0,0.5120170686471415,0.5793071322661005,True
frozen_final_target,,,352,2260.0,2265.0,2262.5,183,95,0.5191256830601093,1.0,0.4821880798245845,0.5558553984362851,True
frozen_final_target,,,353,2265.0,2270.0,2267.5,211,110,0.5213270142180095,1.0,0.48691737948764086,0.5555354507010384,True
frozen_final_target,,,354,2270.0,2275.0,2272.5,186,106,0.5698924731182796,1.0,0.5333121519697614,0.6057252811853189,True
frozen_final_target,,,355,2275.0,2280.0,2277.5,204,118,0.5784313725490197,1.0,0.5435574576468377,0.6125401033287722,True
frozen_final_target,,,356,2280.0,2285.0,2282.5,223,122,0.547085201793722,1.0,0.5136151410181776,0.5801348589818224,True
frozen_final_target,,,357,2285.0,2290.0,2287.5,224,114,0.5089285714285714,1.0,0.47556084698083423,0.5422169307969434,True
frozen_final_target,,,358,2290.0,2295.0,2292.5,233,123,0.5278969957081545,1.0,0.4951424524507807,0.5604131031047749,True
frozen_final_target,,,359,2295.0,2300.0,2297.5,233,118,0.5064377682403434,1.0,0.4737269317554589,0.5390935810650539,True
frozen_final_target,,,360,2300.0,2305.0,2302.5,222,118,0.5315315315315315,1.0,0.49797400425861815,0.5648062647996778,True
frozen_final_target,,,361,2305.0,2310.0,2307.5,225,122,0.5422222222222223,1.0,0.5088941630485626,0.5751766334116144,True
frozen_final_target,,,362,2310.0,2315.0,2312.5,238,122,0.5126050420168067,1.0,0.48022022605621495,0.5448843764542453,True
frozen_final_target,,,363,2315.0,2320.0,2317.5,241,133,0.5518672199170125,1.0,0.5196843576659758,0.5836214274579912,True
frozen_final_target,,,364,2320.0,2325.0,2322.5,248,143,0.5766129032258065,1.0,0.5449916727746409,0.6076187689924275,True
frozen_final_target,,,365,2325.0,2330.0,2327.5,233,124,0.5321888412017167,1.0,0.49943277317600154,0.5646697909265626,True
frozen_final_target,,,366,2330.0,2335.0,2332.5,254,121,0.4763779527559055,1.0,0.4451941994008364,0.5077469770697518,True
frozen_final_target,,,367,2335.0,2340.0,2337.5,245,139,0.5673469387755102,1.0,0.5354836523457182,0.5986626891176966,True
frozen_final_target,,,368,2340.0,2345.0,2342.5,250,129,0.516,1.0,0.4843926331309036,0.5474798768292558,True
frozen_final_target,,,369,2345.0,2350.0,2347.5,310,179,0.5774193548387097,1.0,0.5491588496551912,0.6051819863576705,True
frozen_final_target,,,370,2350.0,2355.0,2352.5,258,138,0.5348837209302325,1.0,0.5037559589019958,0.5657421105960736,True
frozen_final_target,,,371,2355.0,2360.0,2357.5,262,146,0.5572519083969466,1.0,0.526404909659775,0.5876635314048638,True
frozen_final_target,,,372,2360.0,2365.0,2362.5,274,136,0.49635036496350365,1.0,0.46621330221202106,0.5265139705152517,True
frozen_final_target,,,373,2365.0,2370.0,2367.5,307,160,0.5211726384364821,1.0,0.4926392236019424,0.5495685686058498,True
frozen_final_target,,,374,2370.0,2375.0,2372.5,286,160,0.5594405594405595,1.0,0.5299279499622284,0.5885389489924756,True
frozen_final_target,,,375,2375.0,2380.0,2377.5,273,148,0.5421245421245421,1.0,0.5118716965998027,0.5720699092396133,True
frozen_final_target,,,376,2380.0,2385.0,2382.5,219,93,0.4246575342465753,1.0,0.3916731533916456,0.4583268466083545,True
frozen_final_target,,,377,2385.0,2390.0,2387.5,215,97,0.4511627906976744,1.0,0.41753011568145765,0.48524766209632003,True
frozen_final_target,,,378,2390.0,2395.0,2392.5,209,78,0.37320574162679426,1.0,0.3404286216449295,0.40719042597411825,True
frozen_final_target,,,379,2395.0,2400.0,2397.5,178,71,0.398876404494382,1.0,0.36283753211343395,0.43604514945081185,True
frozen_final_target,,,380,2400.0,2405.0,2402.5,178,52,0.29213483146067415,1.0,0.2592870980684081,0.3273050807025417,True
frozen_final_target,,,381,2405.0,2410.0,2407.5,162,51,0.3148148148148148,1.0,0.27955527253464685,0.3523465679561507,True
frozen_final_target,,,382,2410.0,2415.0,2412.5,151,58,0.3841059602649007,1.0,0.3454101706133591,0.42432667149190406,True
frozen_final_target,,,383,2415.0,2420.0,2417.5,163,46,0.2822085889570552,1.0,0.2483666037532334,0.3187065669784739,True
frozen_final_target,,,384,2420.0,2425.0,2422.5,134,48,0.3582089552238806,1.0,0.31797934545230383,0.4005391730662147,True
frozen_final_target,,,385,2425.0,2430.0,2427.5,159,52,0.3270440251572327,1.0,0.2910209914712794,0.3652290085287206,True
frozen_final_target,,,386,2430.0,2435.0,2432.5,166,58,0.3493975903614458,1.0,0.3133940578738466,0.38720474452136294,True
frozen_final_target,,,387,2435.0,2440.0,2437.5,161,41,0.2546583850931677,1.0,0.22190996225800788,0.2904357167543379,True
frozen_final_target,,,388,2440.0,2445.0,2442.5,167,60,0.3592814371257485,1.0,0.3230929826840822,0.39714511255401314,True
frozen_final_target,,,389,2445.0,2450.0,2447.5,134,56,0.417910447761194,1.0,0.3760649515812224,0.46097208545581475,True
frozen_final_target,,,390,2450.0,2455.0,2452.5,134,36,0.26865671641791045,1.0,0.23218207203913904,0.3085586687016018,True
frozen_final_target,,,391,2455.0,2460.0,2457.5,132,38,0.2878787878787879,1.0,0.25018078918695674,0.3287665792340959,True
frozen_final_target,,,392,2460.0,2465.0,2462.5,123,44,0.35772357723577236,1.0,0.31581055761266286,0.40193137787120825,True
frozen_final_target,,,393,2465.0,2470.0,2467.5,115,49,0.4260869565217391,1.0,0.3808059237156203,0.4726423521464487,True
frozen_final_target,,,394,2470.0,2475.0,2472.5,103,32,0.3106796116504854,1.0,0.26708498774290407,0.35791501225709593,True
frozen_final_target,,,395,2475.0,2480.0,2477.5,117,37,0.3162393162393162,1.0,0.2749608793509774,0.3606323409880056,True
frozen_final_target,,,396,2480.0,2485.0,2482.5,112,35,0.3125,1.0,0.2705241528245221,0.35779443124627436,True
frozen_final_target,,,397,2485.0,2490.0,2487.5,100,23,0.23,1.0,0.19071362356353053,0.2746329110899348,True
frozen_final_target,,,398,2490.0,2495.0,2492.5,75,18,0.24,1.0,0.19431195366704856,0.29253015159610923,True
frozen_final_target,,,399,2495.0,2500.0,2497.5,56,14,0.25,1.0,0.19686457434822807,0.31190735547633336,True
frozen_final_target,,,400,2500.0,2505.0,2502.5,65,14,0.2153846153846154,1.0,0.16891200335469936,0.2704819360392401,True
frozen_final_target,,,401,2505.0,2510.0,2507.5,49,10,0.20408163265306123,1.0,0.15269665394248122,0.2673033460575188,True
frozen_final_target,,,402,2510.0,2515.0,2512.5,44,10,0.22727272727272727,1.0,0.17056874188724852,0.2960979247794181,True
frozen_final_target,,,403,2515.0,2520.0,2517.5,40,10,0.25,1.0,0.18819799557524364,0.3239971263759759,True
frozen_final_target,,,404,2520.0,2525.0,2522.5,40,9,0.225,1.0,0.16614790216724096,0.2972667319791006,True
frozen_final_target,,,405,2525.0,2530.0,2527.5,33,8,0.24242424242424243,1.0,0.1761149420888689,0.3238850579111311,True
frozen_final_target,,,406,2530.0,2535.0,2532.5,40,6,0.15,1.0,0.10212178777453476,0.21495138295717262,True
frozen_final_target,,,407,2535.0,2540.0,2537.5,36,8,0.2222222222222222,1.0,0.1609714526014696,0.2984880068579899,True
frozen_final_target,,,408,2540.0,2545.0,2542.5,28,4,0.14285714285714285,1.0,0.08903585427538149,0.22130897331082536,True
frozen_final_target,,,409,2545.0,2550.0,2547.5,31,8,0.25806451612903225,1.0,0.18790427179482982,0.3433457282051702,True
frozen_final_target,,,410,2550.0,2555.0,2552.5,35,8,0.22857142857142856,1.0,0.16572072827032341,0.30650149395189885,True
frozen_final_target,,,411,2555.0,2560.0,2557.5,28,3,0.10714285714285714,1.0,0.061679071178763846,0.17970023916606373,True
frozen_final_target,,,412,2560.0,2565.0,2562.5,27,4,0.14814814814814814,1.0,0.09241303778548214,0.2290155336430893,True
frozen_final_target,,,413,2565.0,2570.0,2567.5,21,5,0.23809523809523808,1.0,0.1584170000084847,0.3415829999915152,True
frozen_final_target,,,414,2570.0,2575.0,2572.5,26,6,0.23076923076923078,1.0,0.15904586348182526,0.3224356179996562,True
frozen_final_target,,,415,2575.0,2580.0,2577.5,32,7,0.21875,1.0,0.15480633912989017,0.29973911541556436,True
frozen_final_target,,,416,2580.0,2585.0,2582.5,22,1,0.045454545454545456,1.0,0.017499223448025146,0.1129355591606705,True
frozen_final_target,,,417,2585.0,2590.0,2587.5,29,6,0.20689655172413793,1.0,0.1420668402619299,0.2912664930714034,True
frozen_final_target,,,418,2590.0,2595.0,2592.5,34,4,0.11764705882352941,1.0,0.0730265449759303,0.18411631216692687,True
frozen_final_target,,,419,2595.0,2600.0,2597.5,31,6,0.1935483870967742,1.0,0.132630723321997,0.273619276678003,True
frozen_final_target,,,420,2600.0,2605.0,2602.5,44,12,0.2727272727272727,1.0,0.21119533940332522,0.3443602161522302,True
frozen_final_target,,,421,2605.0,2610.0,2607.5,222,53,0.23873873873873874,1.0,0.21133827132646912,0.26848235647622154,True
frozen_final_target,,,422,2610.0,2615.0,2612.5,6129,1208,0.1970957741882852,1.0,0.1920640514957258,0.20222632370818933,True
frozen_final_target,,,423,2615.0,2620.0,2617.5,2310,499,0.21601731601731602,1.0,0.20757884838574409,0.22470154971031825,True
frozen_final_target,,,424,2620.0,2625.0,2622.5,4,1,0.25,1.0,0.09999999999999998,0.5,True
frozen_final_target,,,425,2625.0,2630.0,2627.5,3,0,0.0,1.0,0.0,0.25,False
frozen_final_target,,,426,2630.0,2635.0,2632.5,4,1,0.25,1.0,0.09999999999999998,0.5,True
frozen_final_target,,,427,2635.0,2640.0,2637.5,1,0,0.0,1.0,0.0,0.5,False
frozen_final_target,,,428,2640.0,2645.0,2642.5,1,0,0.0,1.0,0.0,0.5,False
frozen_final_target,,,429,2645.0,2650.0,2647.5,1,0,0.0,1.0,0.0,0.5,False
frozen_final_target,,,430,2650.0,2655.0,2652.5,5,0,0.0,1.0,0.0,0.16666666666666669,True
frozen_final_target,,,431,2655.0,2660.0,2657.5,2,1,0.5,1.0,0.21132486540518713,0.7886751345948129,False
frozen_final_target,,,432,2660.0,2665.0,2662.5,2,0,0.0,1.0,0.0,0.3333333333333333,False
frozen_final_target,,,433,2665.0,2670.0,2667.5,3,0,0.0,1.0,0.0,0.25,False
frozen_final_target,,,434,2670.0,2675.0,2672.5,2,2,1.0,1.0,0.6666666666666667,1.0,False
frozen_final_target,,,435,2675.0,2680.0,2677.5,0,0,nan,1.0,nan,nan,False
frozen_final_target,,,436,2680.0,2685.0,2682.5,2,0,0.0,1.0,0.0,0.3333333333333333,False
frozen_final_target,,,437,2685.0,2690.0,2687.5,4,0,0.0,1.0,0.0,0.2,True
frozen_final_target,,,438,2690.0,2695.0,2692.5,4,1,0.25,1.0,0.09999999999999998,0.5,True
frozen_final_target,,,439,2695.0,2700.0,2697.5,2,0,0.0,1.0,0.0,0.3333333333333333,False
frozen_final_target,,,440,2700.0,2705.0,2702.5,1,0,0.0,1.0,0.0,0.5,False
frozen_final_target,,,441,2705.0,2710.0,2707.5,1,0,0.0,1.0,0.0,0.5,False
frozen_final_target,,,442,2710.0,2715.0,2712.5,1,0,0.0,1.0,0.0,0.5,False
frozen_final_target,,,443,2715.0,2720.0,2717.5,1,0,0.0,1.0,0.0,0.5,False
frozen_final_target,,,444,2720.0,2725.0,2722.5,2,0,0.0,1.0,0.0,0.3333333333333333,False
frozen_final_target,,,445,2725.0,2730.0,2727.5,4,0,0.0,1.0,0.0,0.2,True
frozen_final_target,,,446,2730.0,2735.0,2732.5,2,0,0.0,1.0,0.0,0.3333333333333333,False
frozen_final_target,,,447,2735.0,2740.0,2737.5,5,0,0.0,1.0,0.0,0.16666666666666669,True
frozen_final_target,,,448,2740.0,2745.0,2742.5,2,0,0.0,1.0,0.0,0.3333333333333333,False
frozen_final_target,,,449,2745.0,2750.0,2747.5,2,0,0.0,1.0,0.0,0.3333333333333333,False
frozen_final_target,,,450,2750.0,2755.0,2752.5,7,1,0.14285714285714285,1.0,0.05597392979771218,0.3190260702022878,True
frozen_final_target,,,451,2755.0,2760.0,2757.5,2,0,0.0,1.0,0.0,0.3333333333333333,False
frozen_final_target,,,452,2760.0,2765.0,2762.5,1,0,0.0,1.0,0.0,0.5,False
frozen_final_target,,,453,2765.0,2770.0,2767.5,2,1,0.5,1.0,0.21132486540518713,0.7886751345948129,False
frozen_final_target,,,454,2770.0,2775.0,2772.5,4,0,0.0,1.0,0.0,0.2,True
frozen_final_target,,,455,2775.0,2780.0,2777.5,6,0,0.0,1.0,0.0,0.14285714285714285,True
frozen_final_target,,,456,2780.0,2785.0,2782.5,3,0,0.0,1.0,0.0,0.25,False
frozen_final_target,,,457,2785.0,2790.0,2787.5,2,0,0.0,1.0,0.0,0.3333333333333333,False
frozen_final_target,,,458,2790.0,2795.0,2792.5,1,0,0.0,1.0,0.0,0.5,False
frozen_final_target,,,459,2795.0,2800.0,2797.5,10,0,0.0,1.0,0.0,0.09090909090909091,True
frozen_final_target,,,460,2800.0,2805.0,2802.5,4,0,0.0,1.0,0.0,0.2,True
frozen_final_target,,,461,2805.0,2810.0,2807.5,2,0,0.0,1.0,0.0,0.3333333333333333,False
frozen_final_target,,,462,2810.0,2815.0,2812.5,3,0,0.0,1.0,0.0,0.25,False
frozen_final_target,,,463,2815.0,2820.0,2817.5,4,0,0.0,1.0,0.0,0.2,True
frozen_final_target,,,464,2820.0,2825.0,2822.5,1,0,0.0,1.0,0.0,0.5,False
frozen_final_target,,,465,2825.0,2830.0,2827.5,2,0,0.0,1.0,0.0,0.3333333333333333,False
frozen_final_target,,,466,2830.0,2835.0,2832.5,2,0,0.0,1.0,0.0,0.3333333333333333,False
frozen_final_target,,,467,2835.0,2840.0,2837.5,3,0,0.0,1.0,0.0,0.25,False
frozen_final_target,,,468,2840.0,2845.0,2842.5,5,0,0.0,1.0,0.0,0.16666666666666669,True
frozen_final_target,,,469,2845.0,2850.0,2847.5,2,0,0.0,1.0,0.0,0.3333333333333333,False
frozen_final_target,,,470,2850.0,2855.0,2852.5,3,0,0.0,1.0,0.0,0.25,False
frozen_final_target,,,471,2855.0,2860.0,2857.5,4,0,0.0,1.0,0.0,0.2,True
frozen_final_target,,,472,2860.0,2865.0,2862.5,2,0,0.0,1.0,0.0,0.3333333333333333,False
frozen_final_target,,,473,2865.0,2870.0,2867.5,0,0,nan,1.0,nan,nan,False
frozen_final_target,,,474,2870.0,2875.0,2872.5,2,0,0.0,1.0,0.0,0.3333333333333333,False
frozen_final_target,,,475,2875.0,2880.0,2877.5,2,0,0.0,1.0,0.0,0.3333333333333333,False
frozen_final_target,,,476,2880.0,2885.0,2882.5,0,0,nan,1.0,nan,nan,False
frozen_final_target,,,477,2885.0,2890.0,2887.5,2,0,0.0,1.0,0.0,0.3333333333333333,False
frozen_final_target,,,478,2890.0,2895.0,2892.5,6,0,0.0,1.0,0.0,0.14285714285714285,True
frozen_final_target,,,479,2895.0,2900.0,2897.5,2,0,0.0,1.0,0.0,0.3333333333333333,False
frozen_final_target,,,480,2900.0,2905.0,2902.5,2,0,0.0,1.0,0.0,0.3333333333333333,False
frozen_final_target,,,481,2905.0,2910.0,2907.5,1,0,0.0,1.0,0.0,0.5,False
frozen_final_target,,,482,2910.0,2915.0,2912.5,0,0,nan,1.0,nan,nan,False
frozen_final_target,,,483,2915.0,2920.0,2917.5,3,0,0.0,1.0,0.0,0.25,False
frozen_final_target,,,484,2920.0,2925.0,2922.5,2,1,0.5,1.0,0.21132486540518713,0.7886751345948129,False
frozen_final_target,,,485,2925.0,2930.0,2927.5,3,0,0.0,1.0,0.0,0.25,False
frozen_final_target,,,486,2930.0,2935.0,2932.5,0,0,nan,1.0,nan,nan,False
frozen_final_target,,,487,2935.0,2940.0,2937.5,2,0,0.0,1.0,0.0,0.3333333333333333,False
frozen_final_target,,,488,2940.0,2945.0,2942.5,2,0,0.0,1.0,0.0,0.3333333333333333,False
frozen_final_target,,,489,2945.0,2950.0,2947.5,2,0,0.0,1.0,0.0,0.3333333333333333,False
frozen_final_target,,,490,2950.0,2955.0,2952.5,5,1,0.2,1.0,0.07921748723400673,0.4207825127659934,True
frozen_final_target,,,491,2955.0,2960.0,2957.5,2,0,0.0,1.0,0.0,0.3333333333333333,False
frozen_final_target,,,492,2960.0,2965.0,2962.5,3,0,0.0,1.0,0.0,0.25,False
frozen_final_target,,,493,2965.0,2970.0,2967.5,3,0,0.0,1.0,0.0,0.25,False
frozen_final_target,,,494,2970.0,2975.0,2972.5,1,0,0.0,1.0,0.0,0.5,False
frozen_final_target,,,495,2975.0,2980.0,2977.5,4,0,0.0,1.0,0.0,0.2,True
frozen_final_target,,,496,2980.0,2985.0,2982.5,1,0,0.0,1.0,0.0,0.5,False
frozen_final_target,,,497,2985.0,2990.0,2987.5,3,0,0.0,1.0,0.0,0.25,False
frozen_final_target,,,498,2990.0,2995.0,2992.5,1,0,0.0,1.0,0.0,0.5,False
frozen_final_target,,,499,2995.0,3000.0,2997.5,0,0,nan,1.0,nan,nan,False
context,100,500,0,500.0,505.0,502.5,4,3,0.75,1.0,0.49999999999999994,0.8999999999999999,True
context,100,500,1,505.0,510.0,507.5,8,1,0.125,1.0,0.04881553646890875,0.2845177968644246,True
context,100,500,2,510.0,515.0,512.5,25,9,0.36,1.0,0.2710949948297595,0.4596742359394712,True
context,100,500,3,515.0,520.0,517.5,9,4,0.4444444444444444,1.0,0.29276698113238986,0.60723301886761,True
context,100,500,4,520.0,525.0,522.5,0,0,nan,1.0,nan,nan,False
context,100,500,5,525.0,530.0,527.5,6,2,0.3333333333333333,1.0,0.17738489439831545,0.5369008198873988,True
context,100,500,6,530.0,535.0,532.5,1,1,1.0,1.0,0.5,1.0,False
context,100,500,7,535.0,540.0,537.5,3,2,0.6666666666666666,1.0,0.3856432230609155,0.8643567769390845,False
context,100,500,8,540.0,545.0,542.5,4,4,1.0,1.0,0.8,1.0,True
context,100,500,9,545.0,550.0,547.5,1,0,0.0,1.0,0.0,0.5,False
context,100,500,10,550.0,555.0,552.5,7,4,0.5714285714285714,1.0,0.3873087779433162,0.7376912220566838,True
context,100,500,11,555.0,560.0,557.5,6,3,0.5,1.0,0.31101776349538646,0.6889822365046135,True
context,100,500,12,560.0,565.0,562.5,2,0,0.0,1.0,0.0,0.3333333333333333,False
context,100,500,13,565.0,570.0,567.5,2,1,0.5,1.0,0.21132486540518713,0.7886751345948129,False
context,100,500,14,570.0,575.0,572.5,1,1,1.0,1.0,0.5,1.0,False
context,100,500,15,575.0,580.0,577.5,2,0,0.0,1.0,0.0,0.3333333333333333,False
context,100,500,16,580.0,585.0,582.5,76,23,0.3026315789473684,1.0,0.25277893490448633,0.35761067548512415,True
context,100,500,17,585.0,590.0,587.5,1,1,1.0,1.0,0.5,1.0,False
context,100,500,18,590.0,595.0,592.5,5,0,0.0,1.0,0.0,0.16666666666666669,True
context,100,500,19,595.0,600.0,597.5,1,0,0.0,1.0,0.0,0.5,False
context,100,500,20,600.0,605.0,602.5,0,0,nan,1.0,nan,nan,False
context,100,500,21,605.0,610.0,607.5,2,0,0.0,1.0,0.0,0.3333333333333333,False
context,100,500,22,610.0,615.0,612.5,2,0,0.0,1.0,0.0,0.3333333333333333,False
context,100,500,23,615.0,620.0,617.5,1,1,1.0,1.0,0.5,1.0,False
context,100,500,24,620.0,625.0,622.5,1,1,1.0,1.0,0.5,1.0,False
context,100,500,25,625.0,630.0,627.5,3,3,1.0,1.0,0.7500000000000001,1.0,False
context,100,500,26,630.0,635.0,632.5,3,2,0.6666666666666666,1.0,0.3856432230609155,0.8643567769390845,False
context,100,500,27,635.0,640.0,637.5,1,1,1.0,1.0,0.5,1.0,False
context,100,500,28,640.0,645.0,642.5,0,0,nan,1.0,nan,nan,False
context,100,500,29,645.0,650.0,647.5,4,1,0.25,1.0,0.09999999999999998,0.5,True
context,100,500,30,650.0,655.0,652.5,1,1,1.0,1.0,0.5,1.0,False
context,100,500,31,655.0,660.0,657.5,3,2,0.6666666666666666,1.0,0.3856432230609155,0.8643567769390845,False
context,100,500,32,660.0,665.0,662.5,5,2,0.4,1.0,0.2159734236867951,0.6173599096465383,True
context,100,500,33,665.0,670.0,667.5,2,1,0.5,1.0,0.21132486540518713,0.7886751345948129,False
context,100,500,34,670.0,675.0,672.5,0,0,nan,1.0,nan,nan,False
context,100,500,35,675.0,680.0,677.5,1,1,1.0,1.0,0.5,1.0,False
context,100,500,36,680.0,685.0,682.5,1,0,0.0,1.0,0.0,0.5,False
context,100,500,37,685.0,690.0,687.5,0,0,nan,1.0,nan,nan,False
context,100,500,38,690.0,695.0,692.5,2,0,0.0,1.0,0.0,0.3333333333333333,False
context,100,500,39,695.0,700.0,697.5,1,0,0.0,1.0,0.0,0.5,False
context,100,500,40,700.0,705.0,702.5,2,0,0.0,1.0,0.0,0.3333333333333333,False
context,100,500,41,705.0,710.0,707.5,0,0,nan,1.0,nan,nan,False
context,100,500,42,710.0,715.0,712.5,2,0,0.0,1.0,0.0,0.3333333333333333,False
context,100,500,43,715.0,720.0,717.5,1,0,0.0,1.0,0.0,0.5,False
context,100,500,44,720.0,725.0,722.5,2,0,0.0,1.0,0.0,0.3333333333333333,False
context,100,500,45,725.0,730.0,727.5,10,0,0.0,1.0,0.0,0.09090909090909091,True
context,100,500,46,730.0,735.0,732.5,2,1,0.5,1.0,0.21132486540518713,0.7886751345948129,False
context,100,500,47,735.0,740.0,737.5,1,0,0.0,1.0,0.0,0.5,False
context,100,500,48,740.0,745.0,742.5,1,0,0.0,1.0,0.0,0.5,False
context,100,500,49,745.0,750.0,747.5,1,0,0.0,1.0,0.0,0.5,False
context,100,500,50,750.0,755.0,752.5,1,0,0.0,1.0,0.0,0.5,False
context,100,500,51,755.0,760.0,757.5,2,1,0.5,1.0,0.21132486540518713,0.7886751345948129,False
context,100,500,52,760.0,765.0,762.5,2,0,0.0,1.0,0.0,0.3333333333333333,False
context,100,500,53,765.0,770.0,767.5,1,0,0.0,1.0,0.0,0.5,False
context,100,500,54,770.0,775.0,772.5,1,1,1.0,1.0,0.5,1.0,False
context,100,500,55,775.0,780.0,777.5,1,0,0.0,1.0,0.0,0.5,False
context,100,500,56,780.0,785.0,782.5,1,0,0.0,1.0,0.0,0.5,False
context,100,500,57,785.0,790.0,787.5,3,1,0.3333333333333333,1.0,0.13564322306091547,0.6143567769390845,False
context,100,500,58,790.0,795.0,792.5,0,0,nan,1.0,nan,nan,False
context,100,500,59,795.0,800.0,797.5,1,0,0.0,1.0,0.0,0.5,False
context,100,500,60,800.0,805.0,802.5,1,0,0.0,1.0,0.0,0.5,False
context,100,500,61,805.0,810.0,807.5,0,0,nan,1.0,nan,nan,False
context,100,500,62,810.0,815.0,812.5,2,0,0.0,1.0,0.0,0.3333333333333333,False
context,100,500,63,815.0,820.0,817.5,1,0,0.0,1.0,0.0,0.5,False
context,100,500,64,820.0,825.0,822.5,1,0,0.0,1.0,0.0,0.5,False
context,100,500,65,825.0,830.0,827.5,3,2,0.6666666666666666,1.0,0.3856432230609155,0.8643567769390845,False
context,100,500,66,830.0,835.0,832.5,1,0,0.0,1.0,0.0,0.5,False
context,100,500,67,835.0,840.0,837.5,1,1,1.0,1.0,0.5,1.0,False
context,100,500,68,840.0,845.0,842.5,1,1,1.0,1.0,0.5,1.0,False
context,100,500,69,845.0,850.0,847.5,0,0,nan,1.0,nan,nan,False
context,100,500,70,850.0,855.0,852.5,2,0,0.0,1.0,0.0,0.3333333333333333,False
context,100,500,71,855.0,860.0,857.5,3,1,0.3333333333333333,1.0,0.13564322306091547,0.6143567769390845,False
context,100,500,72,860.0,865.0,862.5,7,0,0.0,1.0,0.0,0.125,True
context,100,500,73,865.0,870.0,867.5,0,0,nan,1.0,nan,nan,False
context,100,500,74,870.0,875.0,872.5,0,0,nan,1.0,nan,nan,False
context,100,500,75,875.0,880.0,877.5,0,0,nan,1.0,nan,nan,False
context,100,500,76,880.0,885.0,882.5,0,0,nan,1.0,nan,nan,False
context,100,500,77,885.0,890.0,887.5,0,0,nan,1.0,nan,nan,False
context,100,500,78,890.0,895.0,892.5,0,0,nan,1.0,nan,nan,False
context,100,500,79,895.0,900.0,897.5,1,0,0.0,1.0,0.0,0.5,False
context,100,500,80,900.0,905.0,902.5,2,1,0.5,1.0,0.21132486540518713,0.7886751345948129,False
context,100,500,81,905.0,910.0,907.5,0,0,nan,1.0,nan,nan,False
context,100,500,82,910.0,915.0,912.5,0,0,nan,1.0,nan,nan,False
context,100,500,83,915.0,920.0,917.5,0,0,nan,1.0,nan,nan,False
context,100,500,84,920.0,925.0,922.5,1,0,0.0,1.0,0.0,0.5,False
context,100,500,85,925.0,930.0,927.5,1,1,1.0,1.0,0.5,1.0,False
context,100,500,86,930.0,935.0,932.5,0,0,nan,1.0,nan,nan,False
context,100,500,87,935.0,940.0,937.5,2,1,0.5,1.0,0.21132486540518713,0.7886751345948129,False
context,100,500,88,940.0,945.0,942.5,1,1,1.0,1.0,0.5,1.0,False
context,100,500,89,945.0,950.0,947.5,1,1,1.0,1.0,0.5,1.0,False
context,100,500,90,950.0,955.0,952.5,1,0,0.0,1.0,0.0,0.5,False
context,100,500,91,955.0,960.0,957.5,0,0,nan,1.0,nan,nan,False
context,100,500,92,960.0,965.0,962.5,1,1,1.0,1.0,0.5,1.0,False
context,100,500,93,965.0,970.0,967.5,1,0,0.0,1.0,0.0,0.5,False
context,100,500,94,970.0,975.0,972.5,0,0,nan,1.0,nan,nan,False
context,100,500,95,975.0,980.0,977.5,1,1,1.0,1.0,0.5,1.0,False
context,100,500,96,980.0,985.0,982.5,0,0,nan,1.0,nan,nan,False
context,100,500,97,985.0,990.0,987.5,1,0,0.0,1.0,0.0,0.5,False
context,100,500,98,990.0,995.0,992.5,2,1,0.5,1.0,0.21132486540518713,0.7886751345948129,False
context,100,500,99,995.0,1000.0,997.5,1,0,0.0,1.0,0.0,0.5,False
context,100,500,100,1000.0,1005.0,1002.5,1,0,0.0,1.0,0.0,0.5,False
context,100,500,101,1005.0,1010.0,1007.5,0,0,nan,1.0,nan,nan,False
context,100,500,102,1010.0,1015.0,1012.5,0,0,nan,1.0,nan,nan,False
context,100,500,103,1015.0,1020.0,1017.5,0,0,nan,1.0,nan,nan,False
context,100,500,104,1020.0,1025.0,1022.5,1,1,1.0,1.0,0.5,1.0,False
context,100,500,105,1025.0,1030.0,1027.5,0,0,nan,1.0,nan,nan,False
context,100,500,106,1030.0,1035.0,1032.5,1,0,0.0,1.0,0.0,0.5,False
context,100,500,107,1035.0,1040.0,1037.5,0,0,nan,1.0,nan,nan,False
context,100,500,108,1040.0,1045.0,1042.5,0,0,nan,1.0,nan,nan,False
context,100,500,109,1045.0,1050.0,1047.5,1,1,1.0,1.0,0.5,1.0,False
context,100,500,110,1050.0,1055.0,1052.5,0,0,nan,1.0,nan,nan,False
context,100,500,111,1055.0,1060.0,1057.5,2,0,0.0,1.0,0.0,0.3333333333333333,False
context,100,500,112,1060.0,1065.0,1062.5,0,0,nan,1.0,nan,nan,False
context,100,500,113,1065.0,1070.0,1067.5,1,1,1.0,1.0,0.5,1.0,False
context,100,500,114,1070.0,1075.0,1072.5,2,2,1.0,1.0,0.6666666666666667,1.0,False
context,100,500,115,1075.0,1080.0,1077.5,4,2,0.5,1.0,0.276393202250021,0.7236067977499789,True
context,100,500,116,1080.0,1085.0,1082.5,0,0,nan,1.0,nan,nan,False
context,100,500,117,1085.0,1090.0,1087.5,0,0,nan,1.0,nan,nan,False
context,100,500,118,1090.0,1095.0,1092.5,2,1,0.5,1.0,0.21132486540518713,0.7886751345948129,False
context,100,500,119,1095.0,1100.0,1097.5,0,0,nan,1.0,nan,nan,False
context,100,500,120,1100.0,1105.0,1102.5,1,1,1.0,1.0,0.5,1.0,False
context,100,500,121,1105.0,1110.0,1107.5,0,0,nan,1.0,nan,nan,False
context,100,500,122,1110.0,1115.0,1112.5,1,0,0.0,1.0,0.0,0.5,False
context,100,500,123,1115.0,1120.0,1117.5,0,0,nan,1.0,nan,nan,False
context,100,500,124,1120.0,1125.0,1122.5,1,0,0.0,1.0,0.0,0.5,False
context,100,500,125,1125.0,1130.0,1127.5,0,0,nan,1.0,nan,nan,False
context,100,500,126,1130.0,1135.0,1132.5,0,0,nan,1.0,nan,nan,False
context,100,500,127,1135.0,1140.0,1137.5,1,1,1.0,1.0,0.5,1.0,False
context,100,500,128,1140.0,1145.0,1142.5,0,0,nan,1.0,nan,nan,False
context,100,500,129,1145.0,1150.0,1147.5,1,0,0.0,1.0,0.0,0.5,False
context,100,500,130,1150.0,1155.0,1152.5,0,0,nan,1.0,nan,nan,False
context,100,500,131,1155.0,1160.0,1157.5,0,0,nan,1.0,nan,nan,False
context,100,500,132,1160.0,1165.0,1162.5,0,0,nan,1.0,nan,nan,False
context,100,500,133,1165.0,1170.0,1167.5,0,0,nan,1.0,nan,nan,False
context,100,500,134,1170.0,1175.0,1172.5,1,0,0.0,1.0,0.0,0.5,False
context,100,500,135,1175.0,1180.0,1177.5,0,0,nan,1.0,nan,nan,False
context,100,500,136,1180.0,1185.0,1182.5,0,0,nan,1.0,nan,nan,False
context,100,500,137,1185.0,1190.0,1187.5,1,1,1.0,1.0,0.5,1.0,False
context,100,500,138,1190.0,1195.0,1192.5,0,0,nan,1.0,nan,nan,False
context,100,500,139,1195.0,1200.0,1197.5,1,0,0.0,1.0,0.0,0.5,False
context,100,500,140,1200.0,1205.0,1202.5,0,0,nan,1.0,nan,nan,False
context,100,500,141,1205.0,1210.0,1207.5,0,0,nan,1.0,nan,nan,False
context,100,500,142,1210.0,1215.0,1212.5,1,1,1.0,1.0,0.5,1.0,False
context,100,500,143,1215.0,1220.0,1217.5,0,0,nan,1.0,nan,nan,False
context,100,500,144,1220.0,1225.0,1222.5,1,1,1.0,1.0,0.5,1.0,False
context,100,500,145,1225.0,1230.0,1227.5,0,0,nan,1.0,nan,nan,False
context,100,500,146,1230.0,1235.0,1232.5,1,1,1.0,1.0,0.5,1.0,False
context,100,500,147,1235.0,1240.0,1237.5,3,2,0.6666666666666666,1.0,0.3856432230609155,0.8643567769390845,False
context,100,500,148,1240.0,1245.0,1242.5,1,1,1.0,1.0,0.5,1.0,False
context,100,500,149,1245.0,1250.0,1247.5,0,0,nan,1.0,nan,nan,False
context,100,500,150,1250.0,1255.0,1252.5,0,0,nan,1.0,nan,nan,False
context,100,500,151,1255.0,1260.0,1257.5,0,0,nan,1.0,nan,nan,False
context,100,500,152,1260.0,1265.0,1262.5,0,0,nan,1.0,nan,nan,False
context,100,500,153,1265.0,1270.0,1267.5,1,0,0.0,1.0,0.0,0.5,False
context,100,500,154,1270.0,1275.0,1272.5,0,0,nan,1.0,nan,nan,False
context,100,500,155,1275.0,1280.0,1277.5,2,1,0.5,1.0,0.21132486540518713,0.7886751345948129,False
context,100,500,156,1280.0,1285.0,1282.5,1,1,1.0,1.0,0.5,1.0,False
context,100,500,157,1285.0,1290.0,1287.5,0,0,nan,1.0,nan,nan,False
context,100,500,158,1290.0,1295.0,1292.5,1,0,0.0,1.0,0.0,0.5,False
context,100,500,159,1295.0,1300.0,1297.5,1,0,0.0,1.0,0.0,0.5,False
context,100,500,160,1300.0,1305.0,1302.5,0,0,nan,1.0,nan,nan,False
context,100,500,161,1305.0,1310.0,1307.5,1,0,0.0,1.0,0.0,0.5,False
context,100,500,162,1310.0,1315.0,1312.5,0,0,nan,1.0,nan,nan,False
context,100,500,163,1315.0,1320.0,1317.5,1,0,0.0,1.0,0.0,0.5,False
context,100,500,164,1320.0,1325.0,1322.5,1,0,0.0,1.0,0.0,0.5,False
context,100,500,165,1325.0,1330.0,1327.5,0,0,nan,1.0,nan,nan,False
context,100,500,166,1330.0,1335.0,1332.5,1,1,1.0,1.0,0.5,1.0,False
context,100,500,167,1335.0,1340.0,1337.5,0,0,nan,1.0,nan,nan,False
context,100,500,168,1340.0,1345.0,1342.5,1,0,0.0,1.0,0.0,0.5,False
context,100,500,169,1345.0,1350.0,1347.5,1,1,1.0,1.0,0.5,1.0,False
context,100,500,170,1350.0,1355.0,1352.5,0,0,nan,1.0,nan,nan,False
context,100,500,171,1355.0,1360.0,1357.5,1,1,1.0,1.0,0.5,1.0,False
context,100,500,172,1360.0,1365.0,1362.5,0,0,nan,1.0,nan,nan,False
context,100,500,173,1365.0,1370.0,1367.5,1,0,0.0,1.0,0.0,0.5,False
context,100,500,174,1370.0,1375.0,1372.5,1,0,0.0,1.0,0.0,0.5,False
context,100,500,175,1375.0,1380.0,1377.5,0,0,nan,1.0,nan,nan,False
context,100,500,176,1380.0,1385.0,1382.5,1,0,0.0,1.0,0.0,0.5,False
context,100,500,177,1385.0,1390.0,1387.5,1,1,1.0,1.0,0.5,1.0,False
context,100,500,178,1390.0,1395.0,1392.5,0,0,nan,1.0,nan,nan,False
context,100,500,179,1395.0,1400.0,1397.5,1,0,0.0,1.0,0.0,0.5,False
context,100,500,180,1400.0,1405.0,1402.5,2,1,0.5,1.0,0.21132486540518713,0.7886751345948129,False
context,100,500,181,1405.0,1410.0,1407.5,1,0,0.0,1.0,0.0,0.5,False
context,100,500,182,1410.0,1415.0,1412.5,0,0,nan,1.0,nan,nan,False
context,100,500,183,1415.0,1420.0,1417.5,0,0,nan,1.0,nan,nan,False
context,100,500,184,1420.0,1425.0,1422.5,0,0,nan,1.0,nan,nan,False
context,100,500,185,1425.0,1430.0,1427.5,0,0,nan,1.0,nan,nan,False
context,100,500,186,1430.0,1435.0,1432.5,0,0,nan,1.0,nan,nan,False
context,100,500,187,1435.0,1440.0,1437.5,0,0,nan,1.0,nan,nan,False
context,100,500,188,1440.0,1445.0,1442.5,2,0,0.0,1.0,0.0,0.3333333333333333,False
context,100,500,189,1445.0,1450.0,1447.5,0,0,nan,1.0,nan,nan,False
context,100,500,190,1450.0,1455.0,1452.5,0,0,nan,1.0,nan,nan,False
context,100,500,191,1455.0,1460.0,1457.5,2,2,1.0,1.0,0.6666666666666667,1.0,False
context,100,500,192,1460.0,1465.0,1462.5,0,0,nan,1.0,nan,nan,False
context,100,500,193,1465.0,1470.0,1467.5,0,0,nan,1.0,nan,nan,False
context,100,500,194,1470.0,1475.0,1472.5,1,0,0.0,1.0,0.0,0.5,False
context,100,500,195,1475.0,1480.0,1477.5,0,0,nan,1.0,nan,nan,False
context,100,500,196,1480.0,1485.0,1482.5,0,0,nan,1.0,nan,nan,False
context,100,500,197,1485.0,1490.0,1487.5,0,0,nan,1.0,nan,nan,False
context,100,500,198,1490.0,1495.0,1492.5,0,0,nan,1.0,nan,nan,False
context,100,500,199,1495.0,1500.0,1497.5,0,0,nan,1.0,nan,nan,False
context,100,500,200,1500.0,1505.0,1502.5,0,0,nan,1.0,nan,nan,False
context,100,500,201,1505.0,1510.0,1507.5,0,0,nan,1.0,nan,nan,False
context,100,500,202,1510.0,1515.0,1512.5,0,0,nan,1.0,nan,nan,False
context,100,500,203,1515.0,1520.0,1517.5,1,1,1.0,1.0,0.5,1.0,False
context,100,500,204,1520.0,1525.0,1522.5,0,0,nan,1.0,nan,nan,False
context,100,500,205,1525.0,1530.0,1527.5,0,0,nan,1.0,nan,nan,False
context,100,500,206,1530.0,1535.0,1532.5,0,0,nan,1.0,nan,nan,False
context,100,500,207,1535.0,1540.0,1537.5,0,0,nan,1.0,nan,nan,False
context,100,500,208,1540.0,1545.0,1542.5,0,0,nan,1.0,nan,nan,False
context,100,500,209,1545.0,1550.0,1547.5,0,0,nan,1.0,nan,nan,False
context,100,500,210,1550.0,1555.0,1552.5,1,0,0.0,1.0,0.0,0.5,False
context,100,500,211,1555.0,1560.0,1557.5,0,0,nan,1.0,nan,nan,False
context,100,500,212,1560.0,1565.0,1562.5,0,0,nan,1.0,nan,nan,False
context,100,500,213,1565.0,1570.0,1567.5,0,0,nan,1.0,nan,nan,False
context,100,500,214,1570.0,1575.0,1572.5,1,0,0.0,1.0,0.0,0.5,False
context,100,500,215,1575.0,1580.0,1577.5,0,0,nan,1.0,nan,nan,False
context,100,500,216,1580.0,1585.0,1582.5,0,0,nan,1.0,nan,nan,False
context,100,500,217,1585.0,1590.0,1587.5,0,0,nan,1.0,nan,nan,False
context,100,500,218,1590.0,1595.0,1592.5,1,1,1.0,1.0,0.5,1.0,False
context,100,500,219,1595.0,1600.0,1597.5,2,1,0.5,1.0,0.21132486540518713,0.7886751345948129,False
context,100,500,220,1600.0,1605.0,1602.5,0,0,nan,1.0,nan,nan,False
context,100,500,221,1605.0,1610.0,1607.5,0,0,nan,1.0,nan,nan,False
context,100,500,222,1610.0,1615.0,1612.5,1,1,1.0,1.0,0.5,1.0,False
context,100,500,223,1615.0,1620.0,1617.5,0,0,nan,1.0,nan,nan,False
context,100,500,224,1620.0,1625.0,1622.5,3,2,0.6666666666666666,1.0,0.3856432230609155,0.8643567769390845,False
context,100,500,225,1625.0,1630.0,1627.5,0,0,nan,1.0,nan,nan,False
context,100,500,226,1630.0,1635.0,1632.5,0,0,nan,1.0,nan,nan,False
context,100,500,227,1635.0,1640.0,1637.5,1,1,1.0,1.0,0.5,1.0,False
context,100,500,228,1640.0,1645.0,1642.5,1,0,0.0,1.0,0.0,0.5,False
context,100,500,229,1645.0,1650.0,1647.5,0,0,nan,1.0,nan,nan,False
context,100,500,230,1650.0,1655.0,1652.5,0,0,nan,1.0,nan,nan,False
context,100,500,231,1655.0,1660.0,1657.5,2,1,0.5,1.0,0.21132486540518713,0.7886751345948129,False
context,100,500,232,1660.0,1665.0,1662.5,0,0,nan,1.0,nan,nan,False
context,100,500,233,1665.0,1670.0,1667.5,1,0,0.0,1.0,0.0,0.5,False
context,100,500,234,1670.0,1675.0,1672.5,0,0,nan,1.0,nan,nan,False
context,100,500,235,1675.0,1680.0,1677.5,0,0,nan,1.0,nan,nan,False
context,100,500,236,1680.0,1685.0,1682.5,1,1,1.0,1.0,0.5,1.0,False
context,100,500,237,1685.0,1690.0,1687.5,0,0,nan,1.0,nan,nan,False
context,100,500,238,1690.0,1695.0,1692.5,0,0,nan,1.0,nan,nan,False
context,100,500,239,1695.0,1700.0,1697.5,2,1,0.5,1.0,0.21132486540518713,0.7886751345948129,False
context,100,500,240,1700.0,1705.0,1702.5,0,0,nan,1.0,nan,nan,False
context,100,500,241,1705.0,1710.0,1707.5,1,0,0.0,1.0,0.0,0.5,False
context,100,500,242,1710.0,1715.0,1712.5,1,1,1.0,1.0,0.5,1.0,False
context,100,500,243,1715.0,1720.0,1717.5,0,0,nan,1.0,nan,nan,False
context,100,500,244,1720.0,1725.0,1722.5,1,1,1.0,1.0,0.5,1.0,False
context,100,500,245,1725.0,1730.0,1727.5,1,0,0.0,1.0,0.0,0.5,False
context,100,500,246,1730.0,1735.0,1732.5,0,0,nan,1.0,nan,nan,False
context,100,500,247,1735.0,1740.0,1737.5,0,0,nan,1.0,nan,nan,False
context,100,500,248,1740.0,1745.0,1742.5,0,0,nan,1.0,nan,nan,False
context,100,500,249,1745.0,1750.0,1747.5,0,0,nan,1.0,nan,nan,False
context,100,500,250,1750.0,1755.0,1752.5,0,0,nan,1.0,nan,nan,False
context,100,500,251,1755.0,1760.0,1757.5,1,1,1.0,1.0,0.5,1.0,False
context,100,500,252,1760.0,1765.0,1762.5,2,0,0.0,1.0,0.0,0.3333333333333333,False
context,100,500,253,1765.0,1770.0,1767.5,0,0,nan,1.0,nan,nan,False
context,100,500,254,1770.0,1775.0,1772.5,1,0,0.0,1.0,0.0,0.5,False
context,100,500,255,1775.0,1780.0,1777.5,0,0,nan,1.0,nan,nan,False
context,100,500,256,1780.0,1785.0,1782.5,1,0,0.0,1.0,0.0,0.5,False
context,100,500,257,1785.0,1790.0,1787.5,0,0,nan,1.0,nan,nan,False
context,100,500,258,1790.0,1795.0,1792.5,1,0,0.0,1.0,0.0,0.5,False
context,100,500,259,1795.0,1800.0,1797.5,0,0,nan,1.0,nan,nan,False
context,100,500,260,1800.0,1805.0,1802.5,0,0,nan,1.0,nan,nan,False
context,100,500,261,1805.0,1810.0,1807.5,0,0,nan,1.0,nan,nan,False
context,100,500,262,1810.0,1815.0,1812.5,0,0,nan,1.0,nan,nan,False
context,100,500,263,1815.0,1820.0,1817.5,1,1,1.0,1.0,0.5,1.0,False
context,100,500,264,1820.0,1825.0,1822.5,0,0,nan,1.0,nan,nan,False
context,100,500,265,1825.0,1830.0,1827.5,0,0,nan,1.0,nan,nan,False
context,100,500,266,1830.0,1835.0,1832.5,0,0,nan,1.0,nan,nan,False
context,100,500,267,1835.0,1840.0,1837.5,1,1,1.0,1.0,0.5,1.0,False
context,100,500,268,1840.0,1845.0,1842.5,0,0,nan,1.0,nan,nan,False
context,100,500,269,1845.0,1850.0,1847.5,2,1,0.5,1.0,0.21132486540518713,0.7886751345948129,False
context,100,500,270,1850.0,1855.0,1852.5,0,0,nan,1.0,nan,nan,False
context,100,500,271,1855.0,1860.0,1857.5,1,0,0.0,1.0,0.0,0.5,False
context,100,500,272,1860.0,1865.0,1862.5,1,0,0.0,1.0,0.0,0.5,False
context,100,500,273,1865.0,1870.0,1867.5,0,0,nan,1.0,nan,nan,False
context,100,500,274,1870.0,1875.0,1872.5,0,0,nan,1.0,nan,nan,False
context,100,500,275,1875.0,1880.0,1877.5,0,0,nan,1.0,nan,nan,False
context,100,500,276,1880.0,1885.0,1882.5,0,0,nan,1.0,nan,nan,False
context,100,500,277,1885.0,1890.0,1887.5,0,0,nan,1.0,nan,nan,False
context,100,500,278,1890.0,1895.0,1892.5,2,0,0.0,1.0,0.0,0.3333333333333333,False
context,100,500,279,1895.0,1900.0,1897.5,0,0,nan,1.0,nan,nan,False
context,100,500,280,1900.0,1905.0,1902.5,2,1,0.5,1.0,0.21132486540518713,0.7886751345948129,False
context,100,500,281,1905.0,1910.0,1907.5,1,0,0.0,1.0,0.0,0.5,False
context,100,500,282,1910.0,1915.0,1912.5,1,1,1.0,1.0,0.5,1.0,False
context,100,500,283,1915.0,1920.0,1917.5,0,0,nan,1.0,nan,nan,False
context,100,500,284,1920.0,1925.0,1922.5,1,0,0.0,1.0,0.0,0.5,False
context,100,500,285,1925.0,1930.0,1927.5,0,0,nan,1.0,nan,nan,False
context,100,500,286,1930.0,1935.0,1932.5,2,2,1.0,1.0,0.6666666666666667,1.0,False
context,100,500,287,1935.0,1940.0,1937.5,0,0,nan,1.0,nan,nan,False
context,100,500,288,1940.0,1945.0,1942.5,1,0,0.0,1.0,0.0,0.5,False
context,100,500,289,1945.0,1950.0,1947.5,1,0,0.0,1.0,0.0,0.5,False
context,100,500,290,1950.0,1955.0,1952.5,1,0,0.0,1.0,0.0,0.5,False
context,100,500,291,1955.0,1960.0,1957.5,1,1,1.0,1.0,0.5,1.0,False
context,100,500,292,1960.0,1965.0,1962.5,0,0,nan,1.0,nan,nan,False
context,100,500,293,1965.0,1970.0,1967.5,1,0,0.0,1.0,0.0,0.5,False
context,100,500,294,1970.0,1975.0,1972.5,0,0,nan,1.0,nan,nan,False
context,100,500,295,1975.0,1980.0,1977.5,0,0,nan,1.0,nan,nan,False
context,100,500,296,1980.0,1985.0,1982.5,0,0,nan,1.0,nan,nan,False
context,100,500,297,1985.0,1990.0,1987.5,0,0,nan,1.0,nan,nan,False
context,100,500,298,1990.0,1995.0,1992.5,1,1,1.0,1.0,0.5,1.0,False
context,100,500,299,1995.0,2000.0,1997.5,0,0,nan,1.0,nan,nan,False
context,100,500,300,2000.0,2005.0,2002.5,0,0,nan,1.0,nan,nan,False
context,100,500,301,2005.0,2010.0,2007.5,0,0,nan,1.0,nan,nan,False
context,100,500,302,2010.0,2015.0,2012.5,1,1,1.0,1.0,0.5,1.0,False
context,100,500,303,2015.0,2020.0,2017.5,1,1,1.0,1.0,0.5,1.0,False
context,100,500,304,2020.0,2025.0,2022.5,0,0,nan,1.0,nan,nan,False
context,100,500,305,2025.0,2030.0,2027.5,1,0,0.0,1.0,0.0,0.5,False
context,100,500,306,2030.0,2035.0,2032.5,0,0,nan,1.0,nan,nan,False
context,100,500,307,2035.0,2040.0,2037.5,0,0,nan,1.0,nan,nan,False
context,100,500,308,2040.0,2045.0,2042.5,1,1,1.0,1.0,0.5,1.0,False
context,100,500,309,2045.0,2050.0,2047.5,1,1,1.0,1.0,0.5,1.0,False
context,100,500,310,2050.0,2055.0,2052.5,0,0,nan,1.0,nan,nan,False
context,100,500,311,2055.0,2060.0,2057.5,0,0,nan,1.0,nan,nan,False
context,100,500,312,2060.0,2065.0,2062.5,1,0,0.0,1.0,0.0,0.5,False
context,100,500,313,2065.0,2070.0,2067.5,0,0,nan,1.0,nan,nan,False
context,100,500,314,2070.0,2075.0,2072.5,0,0,nan,1.0,nan,nan,False
context,100,500,315,2075.0,2080.0,2077.5,0,0,nan,1.0,nan,nan,False
context,100,500,316,2080.0,2085.0,2082.5,1,1,1.0,1.0,0.5,1.0,False
context,100,500,317,2085.0,2090.0,2087.5,0,0,nan,1.0,nan,nan,False
context,100,500,318,2090.0,2095.0,2092.5,1,1,1.0,1.0,0.5,1.0,False
context,100,500,319,2095.0,2100.0,2097.5,0,0,nan,1.0,nan,nan,False
context,100,500,320,2100.0,2105.0,2102.5,2,0,0.0,1.0,0.0,0.3333333333333333,False
context,100,500,321,2105.0,2110.0,2107.5,1,1,1.0,1.0,0.5,1.0,False
context,100,500,322,2110.0,2115.0,2112.5,1,1,1.0,1.0,0.5,1.0,False
context,100,500,323,2115.0,2120.0,2117.5,3,2,0.6666666666666666,1.0,0.3856432230609155,0.8643567769390845,False
context,100,500,324,2120.0,2125.0,2122.5,0,0,nan,1.0,nan,nan,False
context,100,500,325,2125.0,2130.0,2127.5,1,1,1.0,1.0,0.5,1.0,False
context,100,500,326,2130.0,2135.0,2132.5,1,1,1.0,1.0,0.5,1.0,False
context,100,500,327,2135.0,2140.0,2137.5,3,2,0.6666666666666666,1.0,0.3856432230609155,0.8643567769390845,False
context,100,500,328,2140.0,2145.0,2142.5,0,0,nan,1.0,nan,nan,False
context,100,500,329,2145.0,2150.0,2147.5,0,0,nan,1.0,nan,nan,False
context,100,500,330,2150.0,2155.0,2152.5,1,0,0.0,1.0,0.0,0.5,False
context,100,500,331,2155.0,2160.0,2157.5,0,0,nan,1.0,nan,nan,False
context,100,500,332,2160.0,2165.0,2162.5,1,0,0.0,1.0,0.0,0.5,False
context,100,500,333,2165.0,2170.0,2167.5,0,0,nan,1.0,nan,nan,False
context,100,500,334,2170.0,2175.0,2172.5,2,1,0.5,1.0,0.21132486540518713,0.7886751345948129,False
context,100,500,335,2175.0,2180.0,2177.5,1,0,0.0,1.0,0.0,0.5,False
context,100,500,336,2180.0,2185.0,2182.5,1,1,1.0,1.0,0.5,1.0,False
context,100,500,337,2185.0,2190.0,2187.5,0,0,nan,1.0,nan,nan,False
context,100,500,338,2190.0,2195.0,2192.5,1,0,0.0,1.0,0.0,0.5,False
context,100,500,339,2195.0,2200.0,2197.5,1,0,0.0,1.0,0.0,0.5,False
context,100,500,340,2200.0,2205.0,2202.5,2,0,0.0,1.0,0.0,0.3333333333333333,False
context,100,500,341,2205.0,2210.0,2207.5,1,1,1.0,1.0,0.5,1.0,False
context,100,500,342,2210.0,2215.0,2212.5,2,1,0.5,1.0,0.21132486540518713,0.7886751345948129,False
context,100,500,343,2215.0,2220.0,2217.5,0,0,nan,1.0,nan,nan,False
context,100,500,344,2220.0,2225.0,2222.5,1,0,0.0,1.0,0.0,0.5,False
context,100,500,345,2225.0,2230.0,2227.5,1,1,1.0,1.0,0.5,1.0,False
context,100,500,346,2230.0,2235.0,2232.5,1,1,1.0,1.0,0.5,1.0,False
context,100,500,347,2235.0,2240.0,2237.5,1,0,0.0,1.0,0.0,0.5,False
context,100,500,348,2240.0,2245.0,2242.5,1,1,1.0,1.0,0.5,1.0,False
context,100,500,349,2245.0,2250.0,2247.5,2,1,0.5,1.0,0.21132486540518713,0.7886751345948129,False
context,100,500,350,2250.0,2255.0,2252.5,1,0,0.0,1.0,0.0,0.5,False
context,100,500,351,2255.0,2260.0,2257.5,1,1,1.0,1.0,0.5,1.0,False
context,100,500,352,2260.0,2265.0,2262.5,0,0,nan,1.0,nan,nan,False
context,100,500,353,2265.0,2270.0,2267.5,0,0,nan,1.0,nan,nan,False
context,100,500,354,2270.0,2275.0,2272.5,1,0,0.0,1.0,0.0,0.5,False
context,100,500,355,2275.0,2280.0,2277.5,0,0,nan,1.0,nan,nan,False
context,100,500,356,2280.0,2285.0,2282.5,0,0,nan,1.0,nan,nan,False
context,100,500,357,2285.0,2290.0,2287.5,3,2,0.6666666666666666,1.0,0.3856432230609155,0.8643567769390845,False
context,100,500,358,2290.0,2295.0,2292.5,0,0,nan,1.0,nan,nan,False
context,100,500,359,2295.0,2300.0,2297.5,2,1,0.5,1.0,0.21132486540518713,0.7886751345948129,False
context,100,500,360,2300.0,2305.0,2302.5,1,0,0.0,1.0,0.0,0.5,False
context,100,500,361,2305.0,2310.0,2307.5,3,1,0.3333333333333333,1.0,0.13564322306091547,0.6143567769390845,False
context,100,500,362,2310.0,2315.0,2312.5,1,0,0.0,1.0,0.0,0.5,False
context,100,500,363,2315.0,2320.0,2317.5,0,0,nan,1.0,nan,nan,False
context,100,500,364,2320.0,2325.0,2322.5,0,0,nan,1.0,nan,nan,False
context,100,500,365,2325.0,2330.0,2327.5,0,0,nan,1.0,nan,nan,False
context,100,500,366,2330.0,2335.0,2332.5,1,0,0.0,1.0,0.0,0.5,False
context,100,500,367,2335.0,2340.0,2337.5,2,1,0.5,1.0,0.21132486540518713,0.7886751345948129,False
context,100,500,368,2340.0,2345.0,2342.5,2,2,1.0,1.0,0.6666666666666667,1.0,False
context,100,500,369,2345.0,2350.0,2347.5,0,0,nan,1.0,nan,nan,False
context,100,500,370,2350.0,2355.0,2352.5,0,0,nan,1.0,nan,nan,False
context,100,500,371,2355.0,2360.0,2357.5,0,0,nan,1.0,nan,nan,False
context,100,500,372,2360.0,2365.0,2362.5,2,1,0.5,1.0,0.21132486540518713,0.7886751345948129,False
context,100,500,373,2365.0,2370.0,2367.5,2,2,1.0,1.0,0.6666666666666667,1.0,False
context,100,500,374,2370.0,2375.0,2372.5,0,0,nan,1.0,nan,nan,False
context,100,500,375,2375.0,2380.0,2377.5,2,2,1.0,1.0,0.6666666666666667,1.0,False
context,100,500,376,2380.0,2385.0,2382.5,3,1,0.3333333333333333,1.0,0.13564322306091547,0.6143567769390845,False
context,100,500,377,2385.0,2390.0,2387.5,2,1,0.5,1.0,0.21132486540518713,0.7886751345948129,False
context,100,500,378,2390.0,2395.0,2392.5,2,2,1.0,1.0,0.6666666666666667,1.0,False
context,100,500,379,2395.0,2400.0,2397.5,0,0,nan,1.0,nan,nan,False
context,100,500,380,2400.0,2405.0,2402.5,0,0,nan,1.0,nan,nan,False
context,100,500,381,2405.0,2410.0,2407.5,0,0,nan,1.0,nan,nan,False
context,100,500,382,2410.0,2415.0,2412.5,1,1,1.0,1.0,0.5,1.0,False
context,100,500,383,2415.0,2420.0,2417.5,2,2,1.0,1.0,0.6666666666666667,1.0,False
context,100,500,384,2420.0,2425.0,2422.5,1,1,1.0,1.0,0.5,1.0,False
context,100,500,385,2425.0,2430.0,2427.5,1,1,1.0,1.0,0.5,1.0,False
context,100,500,386,2430.0,2435.0,2432.5,0,0,nan,1.0,nan,nan,False
context,100,500,387,2435.0,2440.0,2437.5,2,0,0.0,1.0,0.0,0.3333333333333333,False
context,100,500,388,2440.0,2445.0,2442.5,1,0,0.0,1.0,0.0,0.5,False
context,100,500,389,2445.0,2450.0,2447.5,0,0,nan,1.0,nan,nan,False
context,100,500,390,2450.0,2455.0,2452.5,1,0,0.0,1.0,0.0,0.5,False
context,100,500,391,2455.0,2460.0,2457.5,1,0,0.0,1.0,0.0,0.5,False
context,100,500,392,2460.0,2465.0,2462.5,0,0,nan,1.0,nan,nan,False
context,100,500,393,2465.0,2470.0,2467.5,0,0,nan,1.0,nan,nan,False
context,100,500,394,2470.0,2475.0,2472.5,2,1,0.5,1.0,0.21132486540518713,0.7886751345948129,False
context,100,500,395,2475.0,2480.0,2477.5,0,0,nan,1.0,nan,nan,False
context,100,500,396,2480.0,2485.0,2482.5,0,0,nan,1.0,nan,nan,False
context,100,500,397,2485.0,2490.0,2487.5,0,0,nan,1.0,nan,nan,False
context,100,500,398,2490.0,2495.0,2492.5,2,0,0.0,1.0,0.0,0.3333333333333333,False
context,100,500,399,2495.0,2500.0,2497.5,0,0,nan,1.0,nan,nan,False
context,100,500,400,2500.0,2505.0,2502.5,0,0,nan,1.0,nan,nan,False
context,100,500,401,2505.0,2510.0,2507.5,0,0,nan,1.0,nan,nan,False
context,100,500,402,2510.0,2515.0,2512.5,0,0,nan,1.0,nan,nan,False
context,100,500,403,2515.0,2520.0,2517.5,0,0,nan,1.0,nan,nan,False
context,100,500,404,2520.0,2525.0,2522.5,0,0,nan,1.0,nan,nan,False
context,100,500,405,2525.0,2530.0,2527.5,0,0,nan,1.0,nan,nan,False
context,100,500,406,2530.0,2535.0,2532.5,0,0,nan,1.0,nan,nan,False
context,100,500,407,2535.0,2540.0,2537.5,0,0,nan,1.0,nan,nan,False
context,100,500,408,2540.0,2545.0,2542.5,0,0,nan,1.0,nan,nan,False
context,100,500,409,2545.0,2550.0,2547.5,0,0,nan,1.0,nan,nan,False
context,100,500,410,2550.0,2555.0,2552.5,0,0,nan,1.0,nan,nan,False
context,100,500,411,2555.0,2560.0,2557.5,0,0,nan,1.0,nan,nan,False
context,100,500,412,2560.0,2565.0,2562.5,0,0,nan,1.0,nan,nan,False
context,100,500,413,2565.0,2570.0,2567.5,0,0,nan,1.0,nan,nan,False
context,100,500,414,2570.0,2575.0,2572.5,0,0,nan,1.0,nan,nan,False
context,100,500,415,2575.0,2580.0,2577.5,0,0,nan,1.0,nan,nan,False
context,100,500,416,2580.0,2585.0,2582.5,0,0,nan,1.0,nan,nan,False
context,100,500,417,2585.0,2590.0,2587.5,0,0,nan,1.0,nan,nan,False
context,100,500,418,2590.0,2595.0,2592.5,0,0,nan,1.0,nan,nan,False
context,100,500,419,2595.0,2600.0,2597.5,0,0,nan,1.0,nan,nan,False
context,100,500,420,2600.0,2605.0,2602.5,1,0,0.0,1.0,0.0,0.5,False
context,100,500,421,2605.0,2610.0,2607.5,1,1,1.0,1.0,0.5,1.0,False
context,100,500,422,2610.0,2615.0,2612.5,30,6,0.2,1.0,0.13718643530888958,0.2821684034007878,True
context,100,500,423,2615.0,2620.0,2617.5,5,1,0.2,1.0,0.07921748723400673,0.4207825127659934,True
context,100,500,424,2620.0,2625.0,2622.5,0,0,nan,1.0,nan,nan,False
context,100,500,425,2625.0,2630.0,2627.5,0,0,nan,1.0,nan,nan,False
context,100,500,426,2630.0,2635.0,2632.5,0,0,nan,1.0,nan,nan,False
context,100,500,427,2635.0,2640.0,2637.5,0,0,nan,1.0,nan,nan,False
context,100,500,428,2640.0,2645.0,2642.5,0,0,nan,1.0,nan,nan,False
context,100,500,429,2645.0,2650.0,2647.5,0,0,nan,1.0,nan,nan,False
context,100,500,430,2650.0,2655.0,2652.5,0,0,nan,1.0,nan,nan,False
context,100,500,431,2655.0,2660.0,2657.5,0,0,nan,1.0,nan,nan,False
context,100,500,432,2660.0,2665.0,2662.5,0,0,nan,1.0,nan,nan,False
context,100,500,433,2665.0,2670.0,2667.5,0,0,nan,1.0,nan,nan,False
context,100,500,434,2670.0,2675.0,2672.5,0,0,nan,1.0,nan,nan,False
context,100,500,435,2675.0,2680.0,2677.5,0,0,nan,1.0,nan,nan,False
context,100,500,436,2680.0,2685.0,2682.5,0,0,nan,1.0,nan,nan,False
context,100,500,437,2685.0,2690.0,2687.5,0,0,nan,1.0,nan,nan,False
context,100,500,438,2690.0,2695.0,2692.5,0,0,nan,1.0,nan,nan,False
context,100,500,439,2695.0,2700.0,2697.5,0,0,nan,1.0,nan,nan,False
context,100,500,440,2700.0,2705.0,2702.5,0,0,nan,1.0,nan,nan,False
context,100,500,441,2705.0,2710.0,2707.5,0,0,nan,1.0,nan,nan,False
context,100,500,442,2710.0,2715.0,2712.5,0,0,nan,1.0,nan,nan,False
context,100,500,443,2715.0,2720.0,2717.5,0,0,nan,1.0,nan,nan,False
context,100,500,444,2720.0,2725.0,2722.5,0,0,nan,1.0,nan,nan,False
context,100,500,445,2725.0,2730.0,2727.5,0,0,nan,1.0,nan,nan,False
context,100,500,446,2730.0,2735.0,2732.5,0,0,nan,1.0,nan,nan,False
context,100,500,447,2735.0,2740.0,2737.5,0,0,nan,1.0,nan,nan,False
context,100,500,448,2740.0,2745.0,2742.5,0,0,nan,1.0,nan,nan,False
context,100,500,449,2745.0,2750.0,2747.5,0,0,nan,1.0,nan,nan,False
context,100,500,450,2750.0,2755.0,2752.5,0,0,nan,1.0,nan,nan,False
context,100,500,451,2755.0,2760.0,2757.5,0,0,nan,1.0,nan,nan,False
context,100,500,452,2760.0,2765.0,2762.5,0,0,nan,1.0,nan,nan,False
context,100,500,453,2765.0,2770.0,2767.5,0,0,nan,1.0,nan,nan,False
context,100,500,454,2770.0,2775.0,2772.5,0,0,nan,1.0,nan,nan,False
context,100,500,455,2775.0,2780.0,2777.5,0,0,nan,1.0,nan,nan,False
context,100,500,456,2780.0,2785.0,2782.5,0,0,nan,1.0,nan,nan,False
context,100,500,457,2785.0,2790.0,2787.5,0,0,nan,1.0,nan,nan,False
context,100,500,458,2790.0,2795.0,2792.5,0,0,nan,1.0,nan,nan,False
context,100,500,459,2795.0,2800.0,2797.5,0,0,nan,1.0,nan,nan,False
context,100,500,460,2800.0,2805.0,2802.5,0,0,nan,1.0,nan,nan,False
context,100,500,461,2805.0,2810.0,2807.5,0,0,nan,1.0,nan,nan,False
context,100,500,462,2810.0,2815.0,2812.5,0,0,nan,1.0,nan,nan,False
context,100,500,463,2815.0,2820.0,2817.5,0,0,nan,1.0,nan,nan,False
context,100,500,464,2820.0,2825.0,2822.5,0,0,nan,1.0,nan,nan,False
context,100,500,465,2825.0,2830.0,2827.5,0,0,nan,1.0,nan,nan,False
context,100,500,466,2830.0,2835.0,2832.5,0,0,nan,1.0,nan,nan,False
context,100,500,467,2835.0,2840.0,2837.5,0,0,nan,1.0,nan,nan,False
context,100,500,468,2840.0,2845.0,2842.5,0,0,nan,1.0,nan,nan,False
context,100,500,469,2845.0,2850.0,2847.5,0,0,nan,1.0,nan,nan,False
context,100,500,470,2850.0,2855.0,2852.5,0,0,nan,1.0,nan,nan,False
context,100,500,471,2855.0,2860.0,2857.5,0,0,nan,1.0,nan,nan,False
context,100,500,472,2860.0,2865.0,2862.5,0,0,nan,1.0,nan,nan,False
context,100,500,473,2865.0,2870.0,2867.5,0,0,nan,1.0,nan,nan,False
context,100,500,474,2870.0,2875.0,2872.5,0,0,nan,1.0,nan,nan,False
context,100,500,475,2875.0,2880.0,2877.5,0,0,nan,1.0,nan,nan,False
context,100,500,476,2880.0,2885.0,2882.5,0,0,nan,1.0,nan,nan,False
context,100,500,477,2885.0,2890.0,2887.5,0,0,nan,1.0,nan,nan,False
context,100,500,478,2890.0,2895.0,2892.5,0,0,nan,1.0,nan,nan,False
context,100,500,479,2895.0,2900.0,2897.5,0,0,nan,1.0,nan,nan,False
context,100,500,480,2900.0,2905.0,2902.5,0,0,nan,1.0,nan,nan,False
context,100,500,481,2905.0,2910.0,2907.5,0,0,nan,1.0,nan,nan,False
context,100,500,482,2910.0,2915.0,2912.5,0,0,nan,1.0,nan,nan,False
context,100,500,483,2915.0,2920.0,2917.5,0,0,nan,1.0,nan,nan,False
context,100,500,484,2920.0,2925.0,2922.5,0,0,nan,1.0,nan,nan,False
context,100,500,485,2925.0,2930.0,2927.5,0,0,nan,1.0,nan,nan,False
context,100,500,486,2930.0,2935.0,2932.5,0,0,nan,1.0,nan,nan,False
context,100,500,487,2935.0,2940.0,2937.5,0,0,nan,1.0,nan,nan,False
context,100,500,488,2940.0,2945.0,2942.5,0,0,nan,1.0,nan,nan,False
context,100,500,489,2945.0,2950.0,2947.5,0,0,nan,1.0,nan,nan,False
context,100,500,490,2950.0,2955.0,2952.5,0,0,nan,1.0,nan,nan,False
context,100,500,491,2955.0,2960.0,2957.5,0,0,nan,1.0,nan,nan,False
context,100,500,492,2960.0,2965.0,2962.5,0,0,nan,1.0,nan,nan,False
context,100,500,493,2965.0,2970.0,2967.5,0,0,nan,1.0,nan,nan,False
context,100,500,494,2970.0,2975.0,2972.5,0,0,nan,1.0,nan,nan,False
context,100,500,495,2975.0,2980.0,2977.5,1,0,0.0,1.0,0.0,0.5,False
context,100,500,496,2980.0,2985.0,2982.5,0,0,nan,1.0,nan,nan,False
context,100,500,497,2985.0,2990.0,2987.5,0,0,nan,1.0,nan,nan,False
context,100,500,498,2990.0,2995.0,2992.5,0,0,nan,1.0,nan,nan,False
context,100,500,499,2995.0,3000.0,2997.5,0,0,nan,1.0,nan,nan,False
context,101,500,0,500.0,505.0,502.5,3,2,0.6666666666666666,1.0,0.3856432230609155,0.8643567769390845,False
context,101,500,1,505.0,510.0,507.5,7,2,0.2857142857142857,1.0,0.15055038261413342,0.47444961738586655,True
context,101,500,2,510.0,515.0,512.5,18,4,0.2222222222222222,1.0,0.14035087719298245,0.3333333333333333,True
context,101,500,3,515.0,520.0,517.5,3,0,0.0,1.0,0.0,0.25,False
context,101,500,4,520.0,525.0,522.5,1,0,0.0,1.0,0.0,0.5,False
context,101,500,5,525.0,530.0,527.5,6,5,0.8333333333333334,1.0,0.6370238571809905,0.9344047142475809,True
context,101,500,6,530.0,535.0,532.5,1,1,1.0,1.0,0.5,1.0,False
context,101,500,7,535.0,540.0,537.5,6,0,0.0,1.0,0.0,0.14285714285714285,True
context,101,500,8,540.0,545.0,542.5,2,1,0.5,1.0,0.21132486540518713,0.7886751345948129,False
context,101,500,9,545.0,550.0,547.5,5,3,0.6,1.0,0.3826400903534618,0.7840265763132049,True
context,101,500,10,550.0,555.0,552.5,2,2,1.0,1.0,0.6666666666666667,1.0,False
context,101,500,11,555.0,560.0,557.5,3,1,0.3333333333333333,1.0,0.13564322306091547,0.6143567769390845,False
context,101,500,12,560.0,565.0,562.5,5,4,0.8,1.0,0.5792174872340067,0.9207825127659933,True
context,101,500,13,565.0,570.0,567.5,3,1,0.3333333333333333,1.0,0.13564322306091547,0.6143567769390845,False
context,101,500,14,570.0,575.0,572.5,3,0,0.0,1.0,0.0,0.25,False
context,101,500,15,575.0,580.0,577.5,3,2,0.6666666666666666,1.0,0.3856432230609155,0.8643567769390845,False
context,101,500,16,580.0,585.0,582.5,60,18,0.3,1.0,0.24451328416742654,0.3620440928817539,True
context,101,500,17,585.0,590.0,587.5,1,0,0.0,1.0,0.0,0.5,False
context,101,500,18,590.0,595.0,592.5,0,0,nan,1.0,nan,nan,False
context,101,500,19,595.0,600.0,597.5,1,0,0.0,1.0,0.0,0.5,False
context,101,500,20,600.0,605.0,602.5,3,1,0.3333333333333333,1.0,0.13564322306091547,0.6143567769390845,False
context,101,500,21,605.0,610.0,607.5,1,0,0.0,1.0,0.0,0.5,False
context,101,500,22,610.0,615.0,612.5,0,0,nan,1.0,nan,nan,False
context,101,500,23,615.0,620.0,617.5,2,0,0.0,1.0,0.0,0.3333333333333333,False
context,101,500,24,620.0,625.0,622.5,2,2,1.0,1.0,0.6666666666666667,1.0,False
context,101,500,25,625.0,630.0,627.5,3,0,0.0,1.0,0.0,0.25,False
context,101,500,26,630.0,635.0,632.5,0,0,nan,1.0,nan,nan,False
context,101,500,27,635.0,640.0,637.5,2,2,1.0,1.0,0.6666666666666667,1.0,False
context,101,500,28,640.0,645.0,642.5,0,0,nan,1.0,nan,nan,False
context,101,500,29,645.0,650.0,647.5,2,0,0.0,1.0,0.0,0.3333333333333333,False
context,101,500,30,650.0,655.0,652.5,2,1,0.5,1.0,0.21132486540518713,0.7886751345948129,False
context,101,500,31,655.0,660.0,657.5,5,2,0.4,1.0,0.2159734236867951,0.6173599096465383,True
context,101,500,32,660.0,665.0,662.5,2,0,0.0,1.0,0.0,0.3333333333333333,False
context,101,500,33,665.0,670.0,667.5,1,0,0.0,1.0,0.0,0.5,False
context,101,500,34,670.0,675.0,672.5,1,1,1.0,1.0,0.5,1.0,False
context,101,500,35,675.0,680.0,677.5,1,1,1.0,1.0,0.5,1.0,False
context,101,500,36,680.0,685.0,682.5,3,2,0.6666666666666666,1.0,0.3856432230609155,0.8643567769390845,False
context,101,500,37,685.0,690.0,687.5,0,0,nan,1.0,nan,nan,False
context,101,500,38,690.0,695.0,692.5,0,0,nan,1.0,nan,nan,False
context,101,500,39,695.0,700.0,697.5,3,1,0.3333333333333333,1.0,0.13564322306091547,0.6143567769390845,False
context,101,500,40,700.0,705.0,702.5,0,0,nan,1.0,nan,nan,False
context,101,500,41,705.0,710.0,707.5,0,0,nan,1.0,nan,nan,False
context,101,500,42,710.0,715.0,712.5,1,0,0.0,1.0,0.0,0.5,False
context,101,500,43,715.0,720.0,717.5,0,0,nan,1.0,nan,nan,False
context,101,500,44,720.0,725.0,722.5,0,0,nan,1.0,nan,nan,False
context,101,500,45,725.0,730.0,727.5,16,5,0.3125,1.0,0.2105713860607558,0.43648743746865604,True
context,101,500,46,730.0,735.0,732.5,2,1,0.5,1.0,0.21132486540518713,0.7886751345948129,False
context,101,500,47,735.0,740.0,737.5,1,0,0.0,1.0,0.0,0.5,False
context,101,500,48,740.0,745.0,742.5,1,1,1.0,1.0,0.5,1.0,False
context,101,500,49,745.0,750.0,747.5,0,0,nan,1.0,nan,nan,False
context,101,500,50,750.0,755.0,752.5,1,1,1.0,1.0,0.5,1.0,False
context,101,500,51,755.0,760.0,757.5,1,0,0.0,1.0,0.0,0.5,False
context,101,500,52,760.0,765.0,762.5,5,0,0.0,1.0,0.0,0.16666666666666669,True
context,101,500,53,765.0,770.0,767.5,1,1,1.0,1.0,0.5,1.0,False
context,101,500,54,770.0,775.0,772.5,1,1,1.0,1.0,0.5,1.0,False
context,101,500,55,775.0,780.0,777.5,1,1,1.0,1.0,0.5,1.0,False
context,101,500,56,780.0,785.0,782.5,1,1,1.0,1.0,0.5,1.0,False
context,101,500,57,785.0,790.0,787.5,2,0,0.0,1.0,0.0,0.3333333333333333,False
context,101,500,58,790.0,795.0,792.5,1,1,1.0,1.0,0.5,1.0,False
context,101,500,59,795.0,800.0,797.5,1,0,0.0,1.0,0.0,0.5,False
context,101,500,60,800.0,805.0,802.5,0,0,nan,1.0,nan,nan,False
context,101,500,61,805.0,810.0,807.5,2,1,0.5,1.0,0.21132486540518713,0.7886751345948129,False
context,101,500,62,810.0,815.0,812.5,2,2,1.0,1.0,0.6666666666666667,1.0,False
context,101,500,63,815.0,820.0,817.5,3,0,0.0,1.0,0.0,0.25,False
context,101,500,64,820.0,825.0,822.5,1,0,0.0,1.0,0.0,0.5,False
context,101,500,65,825.0,830.0,827.5,1,1,1.0,1.0,0.5,1.0,False
context,101,500,66,830.0,835.0,832.5,0,0,nan,1.0,nan,nan,False
context,101,500,67,835.0,840.0,837.5,1,1,1.0,1.0,0.5,1.0,False
context,101,500,68,840.0,845.0,842.5,0,0,nan,1.0,nan,nan,False
context,101,500,69,845.0,850.0,847.5,3,2,0.6666666666666666,1.0,0.3856432230609155,0.8643567769390845,False
context,101,500,70,850.0,855.0,852.5,0,0,nan,1.0,nan,nan,False
context,101,500,71,855.0,860.0,857.5,1,1,1.0,1.0,0.5,1.0,False
context,101,500,72,860.0,865.0,862.5,9,0,0.0,1.0,0.0,0.09999999999999999,True
context,101,500,73,865.0,870.0,867.5,1,0,0.0,1.0,0.0,0.5,False
context,101,500,74,870.0,875.0,872.5,1,0,0.0,1.0,0.0,0.5,False
context,101,500,75,875.0,880.0,877.5,2,2,1.0,1.0,0.6666666666666667,1.0,False
context,101,500,76,880.0,885.0,882.5,0,0,nan,1.0,nan,nan,False
context,101,500,77,885.0,890.0,887.5,2,0,0.0,1.0,0.0,0.3333333333333333,False
context,101,500,78,890.0,895.0,892.5,1,0,0.0,1.0,0.0,0.5,False
context,101,500,79,895.0,900.0,897.5,0,0,nan,1.0,nan,nan,False
context,101,500,80,900.0,905.0,902.5,1,0,0.0,1.0,0.0,0.5,False
context,101,500,81,905.0,910.0,907.5,1,1,1.0,1.0,0.5,1.0,False
context,101,500,82,910.0,915.0,912.5,1,0,0.0,1.0,0.0,0.5,False
context,101,500,83,915.0,920.0,917.5,0,0,nan,1.0,nan,nan,False
context,101,500,84,920.0,925.0,922.5,1,0,0.0,1.0,0.0,0.5,False
context,101,500,85,925.0,930.0,927.5,0,0,nan,1.0,nan,nan,False
context,101,500,86,930.0,935.0,932.5,1,1,1.0,1.0,0.5,1.0,False
context,101,500,87,935.0,940.0,937.5,0,0,nan,1.0,nan,nan,False
context,101,500,88,940.0,945.0,942.5,0,0,nan,1.0,nan,nan,False
context,101,500,89,945.0,950.0,947.5,3,1,0.3333333333333333,1.0,0.13564322306091547,0.6143567769390845,False
context,101,500,90,950.0,955.0,952.5,0,0,nan,1.0,nan,nan,False
context,101,500,91,955.0,960.0,957.5,0,0,nan,1.0,nan,nan,False
context,101,500,92,960.0,965.0,962.5,0,0,nan,1.0,nan,nan,False
context,101,500,93,965.0,970.0,967.5,0,0,nan,1.0,nan,nan,False
context,101,500,94,970.0,975.0,972.5,0,0,nan,1.0,nan,nan,False
context,101,500,95,975.0,980.0,977.5,0,0,nan,1.0,nan,nan,False
context,101,500,96,980.0,985.0,982.5,0,0,nan,1.0,nan,nan,False
context,101,500,97,985.0,990.0,987.5,0,0,nan,1.0,nan,nan,False
context,101,500,98,990.0,995.0,992.5,1,0,0.0,1.0,0.0,0.5,False
context,101,500,99,995.0,1000.0,997.5,1,0,0.0,1.0,0.0,0.5,False
context,101,500,100,1000.0,1005.0,1002.5,0,0,nan,1.0,nan,nan,False
context,101,500,101,1005.0,1010.0,1007.5,0,0,nan,1.0,nan,nan,False
context,101,500,102,1010.0,1015.0,1012.5,0,0,nan,1.0,nan,nan,False
context,101,500,103,1015.0,1020.0,1017.5,1,0,0.0,1.0,0.0,0.5,False
context,101,500,104,1020.0,1025.0,1022.5,0,0,nan,1.0,nan,nan,False
context,101,500,105,1025.0,1030.0,1027.5,1,1,1.0,1.0,0.5,1.0,False
context,101,500,106,1030.0,1035.0,1032.5,1,1,1.0,1.0,0.5,1.0,False
context,101,500,107,1035.0,1040.0,1037.5,0,0,nan,1.0,nan,nan,False
context,101,500,108,1040.0,1045.0,1042.5,0,0,nan,1.0,nan,nan,False
context,101,500,109,1045.0,1050.0,1047.5,0,0,nan,1.0,nan,nan,False
context,101,500,110,1050.0,1055.0,1052.5,0,0,nan,1.0,nan,nan,False
context,101,500,111,1055.0,1060.0,1057.5,0,0,nan,1.0,nan,nan,False
context,101,500,112,1060.0,1065.0,1062.5,0,0,nan,1.0,nan,nan,False
context,101,500,113,1065.0,1070.0,1067.5,0,0,nan,1.0,nan,nan,False
context,101,500,114,1070.0,1075.0,1072.5,1,0,0.0,1.0,0.0,0.5,False
context,101,500,115,1075.0,1080.0,1077.5,2,1,0.5,1.0,0.21132486540518713,0.7886751345948129,False
context,101,500,116,1080.0,1085.0,1082.5,2,1,0.5,1.0,0.21132486540518713,0.7886751345948129,False
context,101,500,117,1085.0,1090.0,1087.5,0,0,nan,1.0,nan,nan,False
context,101,500,118,1090.0,1095.0,1092.5,0,0,nan,1.0,nan,nan,False
context,101,500,119,1095.0,1100.0,1097.5,0,0,nan,1.0,nan,nan,False
context,101,500,120,1100.0,1105.0,1102.5,0,0,nan,1.0,nan,nan,False
context,101,500,121,1105.0,1110.0,1107.5,0,0,nan,1.0,nan,nan,False
context,101,500,122,1110.0,1115.0,1112.5,1,1,1.0,1.0,0.5,1.0,False
context,101,500,123,1115.0,1120.0,1117.5,0,0,nan,1.0,nan,nan,False
context,101,500,124,1120.0,1125.0,1122.5,1,0,0.0,1.0,0.0,0.5,False
context,101,500,125,1125.0,1130.0,1127.5,0,0,nan,1.0,nan,nan,False
context,101,500,126,1130.0,1135.0,1132.5,2,2,1.0,1.0,0.6666666666666667,1.0,False
context,101,500,127,1135.0,1140.0,1137.5,1,1,1.0,1.0,0.5,1.0,False
context,101,500,128,1140.0,1145.0,1142.5,0,0,nan,1.0,nan,nan,False
context,101,500,129,1145.0,1150.0,1147.5,0,0,nan,1.0,nan,nan,False
context,101,500,130,1150.0,1155.0,1152.5,0,0,nan,1.0,nan,nan,False
context,101,500,131,1155.0,1160.0,1157.5,1,0,0.0,1.0,0.0,0.5,False
context,101,500,132,1160.0,1165.0,1162.5,0,0,nan,1.0,nan,nan,False
context,101,500,133,1165.0,1170.0,1167.5,0,0,nan,1.0,nan,nan,False
context,101,500,134,1170.0,1175.0,1172.5,1,1,1.0,1.0,0.5,1.0,False
context,101,500,135,1175.0,1180.0,1177.5,0,0,nan,1.0,nan,nan,False
context,101,500,136,1180.0,1185.0,1182.5,1,0,0.0,1.0,0.0,0.5,False
context,101,500,137,1185.0,1190.0,1187.5,3,2,0.6666666666666666,1.0,0.3856432230609155,0.8643567769390845,False
context,101,500,138,1190.0,1195.0,1192.5,0,0,nan,1.0,nan,nan,False
context,101,500,139,1195.0,1200.0,1197.5,2,1,0.5,1.0,0.21132486540518713,0.7886751345948129,False
context,101,500,140,1200.0,1205.0,1202.5,1,0,0.0,1.0,0.0,0.5,False
context,101,500,141,1205.0,1210.0,1207.5,0,0,nan,1.0,nan,nan,False
context,101,500,142,1210.0,1215.0,1212.5,1,1,1.0,1.0,0.5,1.0,False
context,101,500,143,1215.0,1220.0,1217.5,1,1,1.0,1.0,0.5,1.0,False
context,101,500,144,1220.0,1225.0,1222.5,1,1,1.0,1.0,0.5,1.0,False
context,101,500,145,1225.0,1230.0,1227.5,0,0,nan,1.0,nan,nan,False
context,101,500,146,1230.0,1235.0,1232.5,1,0,0.0,1.0,0.0,0.5,False
context,101,500,147,1235.0,1240.0,1237.5,0,0,nan,1.0,nan,nan,False
context,101,500,148,1240.0,1245.0,1242.5,1,1,1.0,1.0,0.5,1.0,False
context,101,500,149,1245.0,1250.0,1247.5,1,1,1.0,1.0,0.5,1.0,False
context,101,500,150,1250.0,1255.0,1252.5,0,0,nan,1.0,nan,nan,False
context,101,500,151,1255.0,1260.0,1257.5,0,0,nan,1.0,nan,nan,False
context,101,500,152,1260.0,1265.0,1262.5,0,0,nan,1.0,nan,nan,False
context,101,500,153,1265.0,1270.0,1267.5,0,0,nan,1.0,nan,nan,False
context,101,500,154,1270.0,1275.0,1272.5,0,0,nan,1.0,nan,nan,False
context,101,500,155,1275.0,1280.0,1277.5,0,0,nan,1.0,nan,nan,False
context,101,500,156,1280.0,1285.0,1282.5,0,0,nan,1.0,nan,nan,False
context,101,500,157,1285.0,1290.0,1287.5,1,1,1.0,1.0,0.5,1.0,False
context,101,500,158,1290.0,1295.0,1292.5,0,0,nan,1.0,nan,nan,False
context,101,500,159,1295.0,1300.0,1297.5,0,0,nan,1.0,nan,nan,False
context,101,500,160,1300.0,1305.0,1302.5,0,0,nan,1.0,nan,nan,False
context,101,500,161,1305.0,1310.0,1307.5,0,0,nan,1.0,nan,nan,False
context,101,500,162,1310.0,1315.0,1312.5,0,0,nan,1.0,nan,nan,False
context,101,500,163,1315.0,1320.0,1317.5,2,1,0.5,1.0,0.21132486540518713,0.7886751345948129,False
context,101,500,164,1320.0,1325.0,1322.5,3,2,0.6666666666666666,1.0,0.3856432230609155,0.8643567769390845,False
context,101,500,165,1325.0,1330.0,1327.5,1,0,0.0,1.0,0.0,0.5,False
context,101,500,166,1330.0,1335.0,1332.5,1,1,1.0,1.0,0.5,1.0,False
context,101,500,167,1335.0,1340.0,1337.5,0,0,nan,1.0,nan,nan,False
context,101,500,168,1340.0,1345.0,1342.5,1,1,1.0,1.0,0.5,1.0,False
context,101,500,169,1345.0,1350.0,1347.5,0,0,nan,1.0,nan,nan,False
context,101,500,170,1350.0,1355.0,1352.5,1,1,1.0,1.0,0.5,1.0,False
context,101,500,171,1355.0,1360.0,1357.5,0,0,nan,1.0,nan,nan,False
context,101,500,172,1360.0,1365.0,1362.5,0,0,nan,1.0,nan,nan,False
context,101,500,173,1365.0,1370.0,1367.5,0,0,nan,1.0,nan,nan,False
context,101,500,174,1370.0,1375.0,1372.5,0,0,nan,1.0,nan,nan,False
context,101,500,175,1375.0,1380.0,1377.5,1,1,1.0,1.0,0.5,1.0,False
context,101,500,176,1380.0,1385.0,1382.5,0,0,nan,1.0,nan,nan,False
context,101,500,177,1385.0,1390.0,1387.5,0,0,nan,1.0,nan,nan,False
context,101,500,178,1390.0,1395.0,1392.5,1,1,1.0,1.0,0.5,1.0,False
context,101,500,179,1395.0,1400.0,1397.5,0,0,nan,1.0,nan,nan,False
context,101,500,180,1400.0,1405.0,1402.5,0,0,nan,1.0,nan,nan,False
context,101,500,181,1405.0,1410.0,1407.5,0,0,nan,1.0,nan,nan,False
context,101,500,182,1410.0,1415.0,1412.5,0,0,nan,1.0,nan,nan,False
context,101,500,183,1415.0,1420.0,1417.5,1,1,1.0,1.0,0.5,1.0,False
context,101,500,184,1420.0,1425.0,1422.5,1,1,1.0,1.0,0.5,1.0,False
context,101,500,185,1425.0,1430.0,1427.5,1,0,0.0,1.0,0.0,0.5,False
context,101,500,186,1430.0,1435.0,1432.5,0,0,nan,1.0,nan,nan,False
context,101,500,187,1435.0,1440.0,1437.5,0,0,nan,1.0,nan,nan,False
context,101,500,188,1440.0,1445.0,1442.5,1,1,1.0,1.0,0.5,1.0,False
context,101,500,189,1445.0,1450.0,1447.5,0,0,nan,1.0,nan,nan,False
context,101,500,190,1450.0,1455.0,1452.5,0,0,nan,1.0,nan,nan,False
context,101,500,191,1455.0,1460.0,1457.5,1,1,1.0,1.0,0.5,1.0,False
context,101,500,192,1460.0,1465.0,1462.5,0,0,nan,1.0,nan,nan,False
context,101,500,193,1465.0,1470.0,1467.5,1,1,1.0,1.0,0.5,1.0,False
context,101,500,194,1470.0,1475.0,1472.5,0,0,nan,1.0,nan,nan,False
context,101,500,195,1475.0,1480.0,1477.5,2,0,0.0,1.0,0.0,0.3333333333333333,False
context,101,500,196,1480.0,1485.0,1482.5,0,0,nan,1.0,nan,nan,False
context,101,500,197,1485.0,1490.0,1487.5,0,0,nan,1.0,nan,nan,False
context,101,500,198,1490.0,1495.0,1492.5,0,0,nan,1.0,nan,nan,False
context,101,500,199,1495.0,1500.0,1497.5,1,1,1.0,1.0,0.5,1.0,False
context,101,500,200,1500.0,1505.0,1502.5,1,0,0.0,1.0,0.0,0.5,False
context,101,500,201,1505.0,1510.0,1507.5,1,1,1.0,1.0,0.5,1.0,False
context,101,500,202,1510.0,1515.0,1512.5,0,0,nan,1.0,nan,nan,False
context,101,500,203,1515.0,1520.0,1517.5,0,0,nan,1.0,nan,nan,False
context,101,500,204,1520.0,1525.0,1522.5,0,0,nan,1.0,nan,nan,False
context,101,500,205,1525.0,1530.0,1527.5,0,0,nan,1.0,nan,nan,False
context,101,500,206,1530.0,1535.0,1532.5,0,0,nan,1.0,nan,nan,False
context,101,500,207,1535.0,1540.0,1537.5,0,0,nan,1.0,nan,nan,False
context,101,500,208,1540.0,1545.0,1542.5,1,1,1.0,1.0,0.5,1.0,False
context,101,500,209,1545.0,1550.0,1547.5,0,0,nan,1.0,nan,nan,False
context,101,500,210,1550.0,1555.0,1552.5,0,0,nan,1.0,nan,nan,False
context,101,500,211,1555.0,1560.0,1557.5,0,0,nan,1.0,nan,nan,False
context,101,500,212,1560.0,1565.0,1562.5,0,0,nan,1.0,nan,nan,False
context,101,500,213,1565.0,1570.0,1567.5,0,0,nan,1.0,nan,nan,False
context,101,500,214,1570.0,1575.0,1572.5,0,0,nan,1.0,nan,nan,False
context,101,500,215,1575.0,1580.0,1577.5,0,0,nan,1.0,nan,nan,False
context,101,500,216,1580.0,1585.0,1582.5,1,1,1.0,1.0,0.5,1.0,False
context,101,500,217,1585.0,1590.0,1587.5,1,1,1.0,1.0,0.5,1.0,False
context,101,500,218,1590.0,1595.0,1592.5,5,4,0.8,1.0,0.5792174872340067,0.9207825127659933,True
context,101,500,219,1595.0,1600.0,1597.5,1,0,0.0,1.0,0.0,0.5,False
context,101,500,220,1600.0,1605.0,1602.5,0,0,nan,1.0,nan,nan,False
context,101,500,221,1605.0,1610.0,1607.5,1,0,0.0,1.0,0.0,0.5,False
context,101,500,222,1610.0,1615.0,1612.5,0,0,nan,1.0,nan,nan,False
context,101,500,223,1615.0,1620.0,1617.5,1,1,1.0,1.0,0.5,1.0,False
context,101,500,224,1620.0,1625.0,1622.5,2,1,0.5,1.0,0.21132486540518713,0.7886751345948129,False
context,101,500,225,1625.0,1630.0,1627.5,0,0,nan,1.0,nan,nan,False
context,101,500,226,1630.0,1635.0,1632.5,0,0,nan,1.0,nan,nan,False
context,101,500,227,1635.0,1640.0,1637.5,0,0,nan,1.0,nan,nan,False
context,101,500,228,1640.0,1645.0,1642.5,0,0,nan,1.0,nan,nan,False
context,101,500,229,1645.0,1650.0,1647.5,0,0,nan,1.0,nan,nan,False
context,101,500,230,1650.0,1655.0,1652.5,0,0,nan,1.0,nan,nan,False
context,101,500,231,1655.0,1660.0,1657.5,0,0,nan,1.0,nan,nan,False
context,101,500,232,1660.0,1665.0,1662.5,0,0,nan,1.0,nan,nan,False
context,101,500,233,1665.0,1670.0,1667.5,1,1,1.0,1.0,0.5,1.0,False
context,101,500,234,1670.0,1675.0,1672.5,1,0,0.0,1.0,0.0,0.5,False
context,101,500,235,1675.0,1680.0,1677.5,1,1,1.0,1.0,0.5,1.0,False
context,101,500,236,1680.0,1685.0,1682.5,1,0,0.0,1.0,0.0,0.5,False
context,101,500,237,1685.0,1690.0,1687.5,1,1,1.0,1.0,0.5,1.0,False
context,101,500,238,1690.0,1695.0,1692.5,0,0,nan,1.0,nan,nan,False
context,101,500,239,1695.0,1700.0,1697.5,1,0,0.0,1.0,0.0,0.5,False
context,101,500,240,1700.0,1705.0,1702.5,0,0,nan,1.0,nan,nan,False
context,101,500,241,1705.0,1710.0,1707.5,2,2,1.0,1.0,0.6666666666666667,1.0,False
context,101,500,242,1710.0,1715.0,1712.5,0,0,nan,1.0,nan,nan,False
context,101,500,243,1715.0,1720.0,1717.5,0,0,nan,1.0,nan,nan,False
context,101,500,244,1720.0,1725.0,1722.5,0,0,nan,1.0,nan,nan,False
context,101,500,245,1725.0,1730.0,1727.5,1,0,0.0,1.0,0.0,0.5,False
context,101,500,246,1730.0,1735.0,1732.5,1,1,1.0,1.0,0.5,1.0,False
context,101,500,247,1735.0,1740.0,1737.5,0,0,nan,1.0,nan,nan,False
context,101,500,248,1740.0,1745.0,1742.5,0,0,nan,1.0,nan,nan,False
context,101,500,249,1745.0,1750.0,1747.5,0,0,nan,1.0,nan,nan,False
context,101,500,250,1750.0,1755.0,1752.5,1,1,1.0,1.0,0.5,1.0,False
context,101,500,251,1755.0,1760.0,1757.5,0,0,nan,1.0,nan,nan,False
context,101,500,252,1760.0,1765.0,1762.5,1,0,0.0,1.0,0.0,0.5,False
context,101,500,253,1765.0,1770.0,1767.5,0,0,nan,1.0,nan,nan,False
context,101,500,254,1770.0,1775.0,1772.5,0,0,nan,1.0,nan,nan,False
context,101,500,255,1775.0,1780.0,1777.5,1,0,0.0,1.0,0.0,0.5,False
context,101,500,256,1780.0,1785.0,1782.5,1,1,1.0,1.0,0.5,1.0,False
context,101,500,257,1785.0,1790.0,1787.5,0,0,nan,1.0,nan,nan,False
context,101,500,258,1790.0,1795.0,1792.5,1,1,1.0,1.0,0.5,1.0,False
context,101,500,259,1795.0,1800.0,1797.5,0,0,nan,1.0,nan,nan,False
context,101,500,260,1800.0,1805.0,1802.5,1,0,0.0,1.0,0.0,0.5,False
context,101,500,261,1805.0,1810.0,1807.5,0,0,nan,1.0,nan,nan,False
context,101,500,262,1810.0,1815.0,1812.5,0,0,nan,1.0,nan,nan,False
context,101,500,263,1815.0,1820.0,1817.5,0,0,nan,1.0,nan,nan,False
context,101,500,264,1820.0,1825.0,1822.5,1,1,1.0,1.0,0.5,1.0,False
context,101,500,265,1825.0,1830.0,1827.5,1,1,1.0,1.0,0.5,1.0,False
context,101,500,266,1830.0,1835.0,1832.5,2,1,0.5,1.0,0.21132486540518713,0.7886751345948129,False
context,101,500,267,1835.0,1840.0,1837.5,3,3,1.0,1.0,0.7500000000000001,1.0,False
context,101,500,268,1840.0,1845.0,1842.5,0,0,nan,1.0,nan,nan,False
context,101,500,269,1845.0,1850.0,1847.5,3,2,0.6666666666666666,1.0,0.3856432230609155,0.8643567769390845,False
context,101,500,270,1850.0,1855.0,1852.5,2,1,0.5,1.0,0.21132486540518713,0.7886751345948129,False
context,101,500,271,1855.0,1860.0,1857.5,3,2,0.6666666666666666,1.0,0.3856432230609155,0.8643567769390845,False
context,101,500,272,1860.0,1865.0,1862.5,0,0,nan,1.0,nan,nan,False
context,101,500,273,1865.0,1870.0,1867.5,2,1,0.5,1.0,0.21132486540518713,0.7886751345948129,False
context,101,500,274,1870.0,1875.0,1872.5,2,0,0.0,1.0,0.0,0.3333333333333333,False
context,101,500,275,1875.0,1880.0,1877.5,0,0,nan,1.0,nan,nan,False
context,101,500,276,1880.0,1885.0,1882.5,2,1,0.5,1.0,0.21132486540518713,0.7886751345948129,False
context,101,500,277,1885.0,1890.0,1887.5,0,0,nan,1.0,nan,nan,False
context,101,500,278,1890.0,1895.0,1892.5,0,0,nan,1.0,nan,nan,False
context,101,500,279,1895.0,1900.0,1897.5,0,0,nan,1.0,nan,nan,False
context,101,500,280,1900.0,1905.0,1902.5,1,1,1.0,1.0,0.5,1.0,False
context,101,500,281,1905.0,1910.0,1907.5,0,0,nan,1.0,nan,nan,False
context,101,500,282,1910.0,1915.0,1912.5,1,1,1.0,1.0,0.5,1.0,False
context,101,500,283,1915.0,1920.0,1917.5,0,0,nan,1.0,nan,nan,False
context,101,500,284,1920.0,1925.0,1922.5,0,0,nan,1.0,nan,nan,False
context,101,500,285,1925.0,1930.0,1927.5,0,0,nan,1.0,nan,nan,False
context,101,500,286,1930.0,1935.0,1932.5,1,0,0.0,1.0,0.0,0.5,False
context,101,500,287,1935.0,1940.0,1937.5,1,1,1.0,1.0,0.5,1.0,False
context,101,500,288,1940.0,1945.0,1942.5,0,0,nan,1.0,nan,nan,False
context,101,500,289,1945.0,1950.0,1947.5,0,0,nan,1.0,nan,nan,False
context,101,500,290,1950.0,1955.0,1952.5,0,0,nan,1.0,nan,nan,False
context,101,500,291,1955.0,1960.0,1957.5,1,1,1.0,1.0,0.5,1.0,False
context,101,500,292,1960.0,1965.0,1962.5,1,1,1.0,1.0,0.5,1.0,False
context,101,500,293,1965.0,1970.0,1967.5,0,0,nan,1.0,nan,nan,False
context,101,500,294,1970.0,1975.0,1972.5,1,1,1.0,1.0,0.5,1.0,False
context,101,500,295,1975.0,1980.0,1977.5,0,0,nan,1.0,nan,nan,False
context,101,500,296,1980.0,1985.0,1982.5,1,1,1.0,1.0,0.5,1.0,False
context,101,500,297,1985.0,1990.0,1987.5,0,0,nan,1.0,nan,nan,False
context,101,500,298,1990.0,1995.0,1992.5,1,0,0.0,1.0,0.0,0.5,False
context,101,500,299,1995.0,2000.0,1997.5,1,1,1.0,1.0,0.5,1.0,False
context,101,500,300,2000.0,2005.0,2002.5,1,0,0.0,1.0,0.0,0.5,False
context,101,500,301,2005.0,2010.0,2007.5,2,1,0.5,1.0,0.21132486540518713,0.7886751345948129,False
context,101,500,302,2010.0,2015.0,2012.5,0,0,nan,1.0,nan,nan,False
context,101,500,303,2015.0,2020.0,2017.5,0,0,nan,1.0,nan,nan,False
context,101,500,304,2020.0,2025.0,2022.5,1,0,0.0,1.0,0.0,0.5,False
context,101,500,305,2025.0,2030.0,2027.5,0,0,nan,1.0,nan,nan,False
context,101,500,306,2030.0,2035.0,2032.5,0,0,nan,1.0,nan,nan,False
context,101,500,307,2035.0,2040.0,2037.5,0,0,nan,1.0,nan,nan,False
context,101,500,308,2040.0,2045.0,2042.5,0,0,nan,1.0,nan,nan,False
context,101,500,309,2045.0,2050.0,2047.5,1,0,0.0,1.0,0.0,0.5,False
context,101,500,310,2050.0,2055.0,2052.5,1,0,0.0,1.0,0.0,0.5,False
context,101,500,311,2055.0,2060.0,2057.5,0,0,nan,1.0,nan,nan,False
context,101,500,312,2060.0,2065.0,2062.5,1,1,1.0,1.0,0.5,1.0,False
context,101,500,313,2065.0,2070.0,2067.5,0,0,nan,1.0,nan,nan,False
context,101,500,314,2070.0,2075.0,2072.5,1,1,1.0,1.0,0.5,1.0,False
context,101,500,315,2075.0,2080.0,2077.5,1,0,0.0,1.0,0.0,0.5,False
context,101,500,316,2080.0,2085.0,2082.5,0,0,nan,1.0,nan,nan,False
context,101,500,317,2085.0,2090.0,2087.5,1,0,0.0,1.0,0.0,0.5,False
context,101,500,318,2090.0,2095.0,2092.5,1,1,1.0,1.0,0.5,1.0,False
context,101,500,319,2095.0,2100.0,2097.5,2,1,0.5,1.0,0.21132486540518713,0.7886751345948129,False
context,101,500,320,2100.0,2105.0,2102.5,4,1,0.25,1.0,0.09999999999999998,0.5,True
context,101,500,321,2105.0,2110.0,2107.5,2,0,0.0,1.0,0.0,0.3333333333333333,False
context,101,500,322,2110.0,2115.0,2112.5,1,0,0.0,1.0,0.0,0.5,False
context,101,500,323,2115.0,2120.0,2117.5,0,0,nan,1.0,nan,nan,False
context,101,500,324,2120.0,2125.0,2122.5,0,0,nan,1.0,nan,nan,False
context,101,500,325,2125.0,2130.0,2127.5,2,0,0.0,1.0,0.0,0.3333333333333333,False
context,101,500,326,2130.0,2135.0,2132.5,0,0,nan,1.0,nan,nan,False
context,101,500,327,2135.0,2140.0,2137.5,1,0,0.0,1.0,0.0,0.5,False
context,101,500,328,2140.0,2145.0,2142.5,1,0,0.0,1.0,0.0,0.5,False
context,101,500,329,2145.0,2150.0,2147.5,2,2,1.0,1.0,0.6666666666666667,1.0,False
context,101,500,330,2150.0,2155.0,2152.5,1,1,1.0,1.0,0.5,1.0,False
context,101,500,331,2155.0,2160.0,2157.5,0,0,nan,1.0,nan,nan,False
context,101,500,332,2160.0,2165.0,2162.5,2,1,0.5,1.0,0.21132486540518713,0.7886751345948129,False
context,101,500,333,2165.0,2170.0,2167.5,0,0,nan,1.0,nan,nan,False
context,101,500,334,2170.0,2175.0,2172.5,1,0,0.0,1.0,0.0,0.5,False
context,101,500,335,2175.0,2180.0,2177.5,0,0,nan,1.0,nan,nan,False
context,101,500,336,2180.0,2185.0,2182.5,3,1,0.3333333333333333,1.0,0.13564322306091547,0.6143567769390845,False
context,101,500,337,2185.0,2190.0,2187.5,0,0,nan,1.0,nan,nan,False
context,101,500,338,2190.0,2195.0,2192.5,1,1,1.0,1.0,0.5,1.0,False
context,101,500,339,2195.0,2200.0,2197.5,1,0,0.0,1.0,0.0,0.5,False
context,101,500,340,2200.0,2205.0,2202.5,3,0,0.0,1.0,0.0,0.25,False
context,101,500,341,2205.0,2210.0,2207.5,0,0,nan,1.0,nan,nan,False
context,101,500,342,2210.0,2215.0,2212.5,0,0,nan,1.0,nan,nan,False
context,101,500,343,2215.0,2220.0,2217.5,1,1,1.0,1.0,0.5,1.0,False
context,101,500,344,2220.0,2225.0,2222.5,1,1,1.0,1.0,0.5,1.0,False
context,101,500,345,2225.0,2230.0,2227.5,1,0,0.0,1.0,0.0,0.5,False
context,101,500,346,2230.0,2235.0,2232.5,1,0,0.0,1.0,0.0,0.5,False
context,101,500,347,2235.0,2240.0,2237.5,0,0,nan,1.0,nan,nan,False
context,101,500,348,2240.0,2245.0,2242.5,0,0,nan,1.0,nan,nan,False
context,101,500,349,2245.0,2250.0,2247.5,2,0,0.0,1.0,0.0,0.3333333333333333,False
context,101,500,350,2250.0,2255.0,2252.5,3,2,0.6666666666666666,1.0,0.3856432230609155,0.8643567769390845,False
context,101,500,351,2255.0,2260.0,2257.5,1,0,0.0,1.0,0.0,0.5,False
context,101,500,352,2260.0,2265.0,2262.5,0,0,nan,1.0,nan,nan,False
context,101,500,353,2265.0,2270.0,2267.5,3,1,0.3333333333333333,1.0,0.13564322306091547,0.6143567769390845,False
context,101,500,354,2270.0,2275.0,2272.5,0,0,nan,1.0,nan,nan,False
context,101,500,355,2275.0,2280.0,2277.5,1,1,1.0,1.0,0.5,1.0,False
context,101,500,356,2280.0,2285.0,2282.5,3,3,1.0,1.0,0.7500000000000001,1.0,False
context,101,500,357,2285.0,2290.0,2287.5,0,0,nan,1.0,nan,nan,False
context,101,500,358,2290.0,2295.0,2292.5,2,0,0.0,1.0,0.0,0.3333333333333333,False
context,101,500,359,2295.0,2300.0,2297.5,0,0,nan,1.0,nan,nan,False
context,101,500,360,2300.0,2305.0,2302.5,1,0,0.0,1.0,0.0,0.5,False
context,101,500,361,2305.0,2310.0,2307.5,1,0,0.0,1.0,0.0,0.5,False
context,101,500,362,2310.0,2315.0,2312.5,3,2,0.6666666666666666,1.0,0.3856432230609155,0.8643567769390845,False
context,101,500,363,2315.0,2320.0,2317.5,1,1,1.0,1.0,0.5,1.0,False
context,101,500,364,2320.0,2325.0,2322.5,1,0,0.0,1.0,0.0,0.5,False
context,101,500,365,2325.0,2330.0,2327.5,2,2,1.0,1.0,0.6666666666666667,1.0,False
context,101,500,366,2330.0,2335.0,2332.5,0,0,nan,1.0,nan,nan,False
context,101,500,367,2335.0,2340.0,2337.5,0,0,nan,1.0,nan,nan,False
context,101,500,368,2340.0,2345.0,2342.5,0,0,nan,1.0,nan,nan,False
context,101,500,369,2345.0,2350.0,2347.5,1,1,1.0,1.0,0.5,1.0,False
context,101,500,370,2350.0,2355.0,2352.5,0,0,nan,1.0,nan,nan,False
context,101,500,371,2355.0,2360.0,2357.5,0,0,nan,1.0,nan,nan,False
context,101,500,372,2360.0,2365.0,2362.5,1,1,1.0,1.0,0.5,1.0,False
context,101,500,373,2365.0,2370.0,2367.5,1,1,1.0,1.0,0.5,1.0,False
context,101,500,374,2370.0,2375.0,2372.5,3,2,0.6666666666666666,1.0,0.3856432230609155,0.8643567769390845,False
context,101,500,375,2375.0,2380.0,2377.5,1,0,0.0,1.0,0.0,0.5,False
context,101,500,376,2380.0,2385.0,2382.5,2,2,1.0,1.0,0.6666666666666667,1.0,False
context,101,500,377,2385.0,2390.0,2387.5,2,0,0.0,1.0,0.0,0.3333333333333333,False
context,101,500,378,2390.0,2395.0,2392.5,1,0,0.0,1.0,0.0,0.5,False
context,101,500,379,2395.0,2400.0,2397.5,0,0,nan,1.0,nan,nan,False
context,101,500,380,2400.0,2405.0,2402.5,1,0,0.0,1.0,0.0,0.5,False
context,101,500,381,2405.0,2410.0,2407.5,0,0,nan,1.0,nan,nan,False
context,101,500,382,2410.0,2415.0,2412.5,2,1,0.5,1.0,0.21132486540518713,0.7886751345948129,False
context,101,500,383,2415.0,2420.0,2417.5,1,0,0.0,1.0,0.0,0.5,False
context,101,500,384,2420.0,2425.0,2422.5,0,0,nan,1.0,nan,nan,False
context,101,500,385,2425.0,2430.0,2427.5,0,0,nan,1.0,nan,nan,False
context,101,500,386,2430.0,2435.0,2432.5,0,0,nan,1.0,nan,nan,False
context,101,500,387,2435.0,2440.0,2437.5,1,1,1.0,1.0,0.5,1.0,False
context,101,500,388,2440.0,2445.0,2442.5,2,0,0.0,1.0,0.0,0.3333333333333333,False
context,101,500,389,2445.0,2450.0,2447.5,2,0,0.0,1.0,0.0,0.3333333333333333,False
context,101,500,390,2450.0,2455.0,2452.5,1,0,0.0,1.0,0.0,0.5,False
context,101,500,391,2455.0,2460.0,2457.5,0,0,nan,1.0,nan,nan,False
context,101,500,392,2460.0,2465.0,2462.5,0,0,nan,1.0,nan,nan,False
context,101,500,393,2465.0,2470.0,2467.5,1,0,0.0,1.0,0.0,0.5,False
context,101,500,394,2470.0,2475.0,2472.5,1,1,1.0,1.0,0.5,1.0,False
context,101,500,395,2475.0,2480.0,2477.5,0,0,nan,1.0,nan,nan,False
context,101,500,396,2480.0,2485.0,2482.5,0,0,nan,1.0,nan,nan,False
context,101,500,397,2485.0,2490.0,2487.5,0,0,nan,1.0,nan,nan,False
context,101,500,398,2490.0,2495.0,2492.5,0,0,nan,1.0,nan,nan,False
context,101,500,399,2495.0,2500.0,2497.5,0,0,nan,1.0,nan,nan,False
context,101,500,400,2500.0,2505.0,2502.5,1,0,0.0,1.0,0.0,0.5,False
context,101,500,401,2505.0,2510.0,2507.5,0,0,nan,1.0,nan,nan,False
context,101,500,402,2510.0,2515.0,2512.5,0,0,nan,1.0,nan,nan,False
context,101,500,403,2515.0,2520.0,2517.5,0,0,nan,1.0,nan,nan,False
context,101,500,404,2520.0,2525.0,2522.5,0,0,nan,1.0,nan,nan,False
context,101,500,405,2525.0,2530.0,2527.5,0,0,nan,1.0,nan,nan,False
context,101,500,406,2530.0,2535.0,2532.5,0,0,nan,1.0,nan,nan,False
context,101,500,407,2535.0,2540.0,2537.5,1,0,0.0,1.0,0.0,0.5,False
context,101,500,408,2540.0,2545.0,2542.5,0,0,nan,1.0,nan,nan,False
context,101,500,409,2545.0,2550.0,2547.5,1,0,0.0,1.0,0.0,0.5,False
context,101,500,410,2550.0,2555.0,2552.5,0,0,nan,1.0,nan,nan,False
context,101,500,411,2555.0,2560.0,2557.5,0,0,nan,1.0,nan,nan,False
context,101,500,412,2560.0,2565.0,2562.5,0,0,nan,1.0,nan,nan,False
context,101,500,413,2565.0,2570.0,2567.5,0,0,nan,1.0,nan,nan,False
context,101,500,414,2570.0,2575.0,2572.5,1,0,0.0,1.0,0.0,0.5,False
context,101,500,415,2575.0,2580.0,2577.5,1,0,0.0,1.0,0.0,0.5,False
context,101,500,416,2580.0,2585.0,2582.5,0,0,nan,1.0,nan,nan,False
context,101,500,417,2585.0,2590.0,2587.5,0,0,nan,1.0,nan,nan,False
context,101,500,418,2590.0,2595.0,2592.5,0,0,nan,1.0,nan,nan,False
context,101,500,419,2595.0,2600.0,2597.5,0,0,nan,1.0,nan,nan,False
context,101,500,420,2600.0,2605.0,2602.5,0,0,nan,1.0,nan,nan,False
context,101,500,421,2605.0,2610.0,2607.5,0,0,nan,1.0,nan,nan,False
context,101,500,422,2610.0,2615.0,2612.5,35,2,0.05714285714285714,1.0,0.028849768813342815,0.11003912007554609,True
context,101,500,423,2615.0,2620.0,2617.5,15,3,0.2,1.0,0.11700737127437683,0.3204926287256232,True
context,101,500,424,2620.0,2625.0,2622.5,0,0,nan,1.0,nan,nan,False
context,101,500,425,2625.0,2630.0,2627.5,0,0,nan,1.0,nan,nan,False
context,101,500,426,2630.0,2635.0,2632.5,0,0,nan,1.0,nan,nan,False
context,101,500,427,2635.0,2640.0,2637.5,0,0,nan,1.0,nan,nan,False
context,101,500,428,2640.0,2645.0,2642.5,0,0,nan,1.0,nan,nan,False
context,101,500,429,2645.0,2650.0,2647.5,0,0,nan,1.0,nan,nan,False
context,101,500,430,2650.0,2655.0,2652.5,0,0,nan,1.0,nan,nan,False
context,101,500,431,2655.0,2660.0,2657.5,0,0,nan,1.0,nan,nan,False
context,101,500,432,2660.0,2665.0,2662.5,0,0,nan,1.0,nan,nan,False
context,101,500,433,2665.0,2670.0,2667.5,0,0,nan,1.0,nan,nan,False
context,101,500,434,2670.0,2675.0,2672.5,0,0,nan,1.0,nan,nan,False
context,101,500,435,2675.0,2680.0,2677.5,0,0,nan,1.0,nan,nan,False
context,101,500,436,2680.0,2685.0,2682.5,0,0,nan,1.0,nan,nan,False
context,101,500,437,2685.0,2690.0,2687.5,0,0,nan,1.0,nan,nan,False
context,101,500,438,2690.0,2695.0,2692.5,0,0,nan,1.0,nan,nan,False
context,101,500,439,2695.0,2700.0,2697.5,0,0,nan,1.0,nan,nan,False
context,101,500,440,2700.0,2705.0,2702.5,0,0,nan,1.0,nan,nan,False
context,101,500,441,2705.0,2710.0,2707.5,0,0,nan,1.0,nan,nan,False
context,101,500,442,2710.0,2715.0,2712.5,0,0,nan,1.0,nan,nan,False
context,101,500,443,2715.0,2720.0,2717.5,0,0,nan,1.0,nan,nan,False
context,101,500,444,2720.0,2725.0,2722.5,0,0,nan,1.0,nan,nan,False
context,101,500,445,2725.0,2730.0,2727.5,0,0,nan,1.0,nan,nan,False
context,101,500,446,2730.0,2735.0,2732.5,0,0,nan,1.0,nan,nan,False
context,101,500,447,2735.0,2740.0,2737.5,0,0,nan,1.0,nan,nan,False
context,101,500,448,2740.0,2745.0,2742.5,0,0,nan,1.0,nan,nan,False
context,101,500,449,2745.0,2750.0,2747.5,0,0,nan,1.0,nan,nan,False
context,101,500,450,2750.0,2755.0,2752.5,0,0,nan,1.0,nan,nan,False
context,101,500,451,2755.0,2760.0,2757.5,0,0,nan,1.0,nan,nan,False
context,101,500,452,2760.0,2765.0,2762.5,0,0,nan,1.0,nan,nan,False
context,101,500,453,2765.0,2770.0,2767.5,0,0,nan,1.0,nan,nan,False
context,101,500,454,2770.0,2775.0,2772.5,0,0,nan,1.0,nan,nan,False
context,101,500,455,2775.0,2780.0,2777.5,0,0,nan,1.0,nan,nan,False
context,101,500,456,2780.0,2785.0,2782.5,1,0,0.0,1.0,0.0,0.5,False
context,101,500,457,2785.0,2790.0,2787.5,0,0,nan,1.0,nan,nan,False
context,101,500,458,2790.0,2795.0,2792.5,0,0,nan,1.0,nan,nan,False
context,101,500,459,2795.0,2800.0,2797.5,0,0,nan,1.0,nan,nan,False
context,101,500,460,2800.0,2805.0,2802.5,0,0,nan,1.0,nan,nan,False
context,101,500,461,2805.0,2810.0,2807.5,0,0,nan,1.0,nan,nan,False
context,101,500,462,2810.0,2815.0,2812.5,0,0,nan,1.0,nan,nan,False
context,101,500,463,2815.0,2820.0,2817.5,0,0,nan,1.0,nan,nan,False
context,101,500,464,2820.0,2825.0,2822.5,0,0,nan,1.0,nan,nan,False
context,101,500,465,2825.0,2830.0,2827.5,0,0,nan,1.0,nan,nan,False
context,101,500,466,2830.0,2835.0,2832.5,1,0,0.0,1.0,0.0,0.5,False
context,101,500,467,2835.0,2840.0,2837.5,0,0,nan,1.0,nan,nan,False
context,101,500,468,2840.0,2845.0,2842.5,0,0,nan,1.0,nan,nan,False
context,101,500,469,2845.0,2850.0,2847.5,0,0,nan,1.0,nan,nan,False
context,101,500,470,2850.0,2855.0,2852.5,0,0,nan,1.0,nan,nan,False
context,101,500,471,2855.0,2860.0,2857.5,0,0,nan,1.0,nan,nan,False
context,101,500,472,2860.0,2865.0,2862.5,0,0,nan,1.0,nan,nan,False
context,101,500,473,2865.0,2870.0,2867.5,0,0,nan,1.0,nan,nan,False
context,101,500,474,2870.0,2875.0,2872.5,0,0,nan,1.0,nan,nan,False
context,101,500,475,2875.0,2880.0,2877.5,0,0,nan,1.0,nan,nan,False
context,101,500,476,2880.0,2885.0,2882.5,0,0,nan,1.0,nan,nan,False
context,101,500,477,2885.0,2890.0,2887.5,0,0,nan,1.0,nan,nan,False
context,101,500,478,2890.0,2895.0,2892.5,0,0,nan,1.0,nan,nan,False
context,101,500,479,2895.0,2900.0,2897.5,0,0,nan,1.0,nan,nan,False
context,101,500,480,2900.0,2905.0,2902.5,0,0,nan,1.0,nan,nan,False
context,101,500,481,2905.0,2910.0,2907.5,0,0,nan,1.0,nan,nan,False
context,101,500,482,2910.0,2915.0,2912.5,0,0,nan,1.0,nan,nan,False
context,101,500,483,2915.0,2920.0,2917.5,0,0,nan,1.0,nan,nan,False
context,101,500,484,2920.0,2925.0,2922.5,0,0,nan,1.0,nan,nan,False
context,101,500,485,2925.0,2930.0,2927.5,0,0,nan,1.0,nan,nan,False
context,101,500,486,2930.0,2935.0,2932.5,0,0,nan,1.0,nan,nan,False
context,101,500,487,2935.0,2940.0,2937.5,0,0,nan,1.0,nan,nan,False
context,101,500,488,2940.0,2945.0,2942.5,0,0,nan,1.0,nan,nan,False
context,101,500,489,2945.0,2950.0,2947.5,0,0,nan,1.0,nan,nan,False
context,101,500,490,2950.0,2955.0,2952.5,0,0,nan,1.0,nan,nan,False
context,101,500,491,2955.0,2960.0,2957.5,0,0,nan,1.0,nan,nan,False
context,101,500,492,2960.0,2965.0,2962.5,0,0,nan,1.0,nan,nan,False
context,101,500,493,2965.0,2970.0,2967.5,0,0,nan,1.0,nan,nan,False
context,101,500,494,2970.0,2975.0,2972.5,0,0,nan,1.0,nan,nan,False
context,101,500,495,2975.0,2980.0,2977.5,0,0,nan,1.0,nan,nan,False
context,101,500,496,2980.0,2985.0,2982.5,0,0,nan,1.0,nan,nan,False
context,101,500,497,2985.0,2990.0,2987.5,0,0,nan,1.0,nan,nan,False
context,101,500,498,2990.0,2995.0,2992.5,0,0,nan,1.0,nan,nan,False
context,101,500,499,2995.0,3000.0,2997.5,0,0,nan,1.0,nan,nan,False
context,102,500,0,500.0,505.0,502.5,5,2,0.4,1.0,0.2159734236867951,0.6173599096465383,True
context,102,500,1,505.0,510.0,507.5,6,0,0.0,1.0,0.0,0.14285714285714285,True
context,102,500,2,510.0,515.0,512.5,31,7,0.22580645161290322,1.0,0.15996747796978172,0.3087825220302183,True
context,102,500,3,515.0,520.0,517.5,3,0,0.0,1.0,0.0,0.25,False
context,102,500,4,520.0,525.0,522.5,4,1,0.25,1.0,0.09999999999999998,0.5,True
context,102,500,5,525.0,530.0,527.5,6,5,0.8333333333333334,1.0,0.6370238571809905,0.9344047142475809,True
context,102,500,6,530.0,535.0,532.5,3,1,0.3333333333333333,1.0,0.13564322306091547,0.6143567769390845,False
context,102,500,7,535.0,540.0,537.5,3,0,0.0,1.0,0.0,0.25,False
context,102,500,8,540.0,545.0,542.5,5,5,1.0,1.0,0.8333333333333334,1.0,True
context,102,500,9,545.0,550.0,547.5,6,3,0.5,1.0,0.31101776349538646,0.6889822365046135,True
context,102,500,10,550.0,555.0,552.5,3,2,0.6666666666666666,1.0,0.3856432230609155,0.8643567769390845,False
context,102,500,11,555.0,560.0,557.5,1,0,0.0,1.0,0.0,0.5,False
context,102,500,12,560.0,565.0,562.5,1,0,0.0,1.0,0.0,0.5,False
context,102,500,13,565.0,570.0,567.5,2,2,1.0,1.0,0.6666666666666667,1.0,False
context,102,500,14,570.0,575.0,572.5,1,0,0.0,1.0,0.0,0.5,False
context,102,500,15,575.0,580.0,577.5,8,4,0.5,1.0,0.33333333333333337,0.6666666666666666,True
context,102,500,16,580.0,585.0,582.5,65,12,0.18461538461538463,1.0,0.14139778629057476,0.23739009249730408,True
context,102,500,17,585.0,590.0,587.5,4,0,0.0,1.0,0.0,0.2,True
context,102,500,18,590.0,595.0,592.5,1,0,0.0,1.0,0.0,0.5,False
context,102,500,19,595.0,600.0,597.5,3,1,0.3333333333333333,1.0,0.13564322306091547,0.6143567769390845,False
context,102,500,20,600.0,605.0,602.5,3,2,0.6666666666666666,1.0,0.3856432230609155,0.8643567769390845,False
context,102,500,21,605.0,610.0,607.5,1,0,0.0,1.0,0.0,0.5,False
context,102,500,22,610.0,615.0,612.5,0,0,nan,1.0,nan,nan,False
context,102,500,23,615.0,620.0,617.5,0,0,nan,1.0,nan,nan,False
context,102,500,24,620.0,625.0,622.5,0,0,nan,1.0,nan,nan,False
context,102,500,25,625.0,630.0,627.5,3,1,0.3333333333333333,1.0,0.13564322306091547,0.6143567769390845,False
context,102,500,26,630.0,635.0,632.5,1,0,0.0,1.0,0.0,0.5,False
context,102,500,27,635.0,640.0,637.5,0,0,nan,1.0,nan,nan,False
context,102,500,28,640.0,645.0,642.5,2,2,1.0,1.0,0.6666666666666667,1.0,False
context,102,500,29,645.0,650.0,647.5,1,1,1.0,1.0,0.5,1.0,False
context,102,500,30,650.0,655.0,652.5,0,0,nan,1.0,nan,nan,False
context,102,500,31,655.0,660.0,657.5,3,1,0.3333333333333333,1.0,0.13564322306091547,0.6143567769390845,False
context,102,500,32,660.0,665.0,662.5,2,0,0.0,1.0,0.0,0.3333333333333333,False
context,102,500,33,665.0,670.0,667.5,1,0,0.0,1.0,0.0,0.5,False
context,102,500,34,670.0,675.0,672.5,3,3,1.0,1.0,0.7500000000000001,1.0,False
context,102,500,35,675.0,680.0,677.5,1,0,0.0,1.0,0.0,0.5,False
context,102,500,36,680.0,685.0,682.5,1,0,0.0,1.0,0.0,0.5,False
context,102,500,37,685.0,690.0,687.5,1,0,0.0,1.0,0.0,0.5,False
context,102,500,38,690.0,695.0,692.5,1,1,1.0,1.0,0.5,1.0,False
context,102,500,39,695.0,700.0,697.5,3,2,0.6666666666666666,1.0,0.3856432230609155,0.8643567769390845,False
context,102,500,40,700.0,705.0,702.5,3,3,1.0,1.0,0.7500000000000001,1.0,False
context,102,500,41,705.0,710.0,707.5,1,1,1.0,1.0,0.5,1.0,False
context,102,500,42,710.0,715.0,712.5,1,0,0.0,1.0,0.0,0.5,False
context,102,500,43,715.0,720.0,717.5,1,1,1.0,1.0,0.5,1.0,False
context,102,500,44,720.0,725.0,722.5,1,1,1.0,1.0,0.5,1.0,False
context,102,500,45,725.0,730.0,727.5,17,3,0.17647058823529413,1.0,0.10280996802084999,0.2860789208680389,True
context,102,500,46,730.0,735.0,732.5,3,2,0.6666666666666666,1.0,0.3856432230609155,0.8643567769390845,False
context,102,500,47,735.0,740.0,737.5,2,1,0.5,1.0,0.21132486540518713,0.7886751345948129,False
context,102,500,48,740.0,745.0,742.5,0,0,nan,1.0,nan,nan,False
context,102,500,49,745.0,750.0,747.5,2,0,0.0,1.0,0.0,0.3333333333333333,False
context,102,500,50,750.0,755.0,752.5,1,1,1.0,1.0,0.5,1.0,False
context,102,500,51,755.0,760.0,757.5,2,1,0.5,1.0,0.21132486540518713,0.7886751345948129,False
context,102,500,52,760.0,765.0,762.5,0,0,nan,1.0,nan,nan,False
context,102,500,53,765.0,770.0,767.5,0,0,nan,1.0,nan,nan,False
context,102,500,54,770.0,775.0,772.5,2,1,0.5,1.0,0.21132486540518713,0.7886751345948129,False
context,102,500,55,775.0,780.0,777.5,1,0,0.0,1.0,0.0,0.5,False
context,102,500,56,780.0,785.0,782.5,0,0,nan,1.0,nan,nan,False
context,102,500,57,785.0,790.0,787.5,3,0,0.0,1.0,0.0,0.25,False
context,102,500,58,790.0,795.0,792.5,2,1,0.5,1.0,0.21132486540518713,0.7886751345948129,False
context,102,500,59,795.0,800.0,797.5,0,0,nan,1.0,nan,nan,False
context,102,500,60,800.0,805.0,802.5,1,1,1.0,1.0,0.5,1.0,False
context,102,500,61,805.0,810.0,807.5,0,0,nan,1.0,nan,nan,False
context,102,500,62,810.0,815.0,812.5,1,1,1.0,1.0,0.5,1.0,False
context,102,500,63,815.0,820.0,817.5,1,1,1.0,1.0,0.5,1.0,False
context,102,500,64,820.0,825.0,822.5,1,0,0.0,1.0,0.0,0.5,False
context,102,500,65,825.0,830.0,827.5,0,0,nan,1.0,nan,nan,False
context,102,500,66,830.0,835.0,832.5,0,0,nan,1.0,nan,nan,False
context,102,500,67,835.0,840.0,837.5,0,0,nan,1.0,nan,nan,False
context,102,500,68,840.0,845.0,842.5,3,2,0.6666666666666666,1.0,0.3856432230609155,0.8643567769390845,False
context,102,500,69,845.0,850.0,847.5,0,0,nan,1.0,nan,nan,False
context,102,500,70,850.0,855.0,852.5,2,0,0.0,1.0,0.0,0.3333333333333333,False
context,102,500,71,855.0,860.0,857.5,3,0,0.0,1.0,0.0,0.25,False
context,102,500,72,860.0,865.0,862.5,5,1,0.2,1.0,0.07921748723400673,0.4207825127659934,True
context,102,500,73,865.0,870.0,867.5,0,0,nan,1.0,nan,nan,False
context,102,500,74,870.0,875.0,872.5,1,0,0.0,1.0,0.0,0.5,False
context,102,500,75,875.0,880.0,877.5,0,0,nan,1.0,nan,nan,False
context,102,500,76,880.0,885.0,882.5,2,2,1.0,1.0,0.6666666666666667,1.0,False
context,102,500,77,885.0,890.0,887.5,0,0,nan,1.0,nan,nan,False
context,102,500,78,890.0,895.0,892.5,2,1,0.5,1.0,0.21132486540518713,0.7886751345948129,False
context,102,500,79,895.0,900.0,897.5,1,0,0.0,1.0,0.0,0.5,False
context,102,500,80,900.0,905.0,902.5,0,0,nan,1.0,nan,nan,False
context,102,500,81,905.0,910.0,907.5,0,0,nan,1.0,nan,nan,False
context,102,500,82,910.0,915.0,912.5,0,0,nan,1.0,nan,nan,False
context,102,500,83,915.0,920.0,917.5,0,0,nan,1.0,nan,nan,False
context,102,500,84,920.0,925.0,922.5,1,0,0.0,1.0,0.0,0.5,False
context,102,500,85,925.0,930.0,927.5,0,0,nan,1.0,nan,nan,False
context,102,500,86,930.0,935.0,932.5,0,0,nan,1.0,nan,nan,False
context,102,500,87,935.0,940.0,937.5,2,1,0.5,1.0,0.21132486540518713,0.7886751345948129,False
context,102,500,88,940.0,945.0,942.5,0,0,nan,1.0,nan,nan,False
context,102,500,89,945.0,950.0,947.5,0,0,nan,1.0,nan,nan,False
context,102,500,90,950.0,955.0,952.5,0,0,nan,1.0,nan,nan,False
context,102,500,91,955.0,960.0,957.5,2,1,0.5,1.0,0.21132486540518713,0.7886751345948129,False
context,102,500,92,960.0,965.0,962.5,0,0,nan,1.0,nan,nan,False
context,102,500,93,965.0,970.0,967.5,1,0,0.0,1.0,0.0,0.5,False
context,102,500,94,970.0,975.0,972.5,2,1,0.5,1.0,0.21132486540518713,0.7886751345948129,False
context,102,500,95,975.0,980.0,977.5,0,0,nan,1.0,nan,nan,False
context,102,500,96,980.0,985.0,982.5,0,0,nan,1.0,nan,nan,False
context,102,500,97,985.0,990.0,987.5,1,1,1.0,1.0,0.5,1.0,False
context,102,500,98,990.0,995.0,992.5,1,1,1.0,1.0,0.5,1.0,False
context,102,500,99,995.0,1000.0,997.5,1,1,1.0,1.0,0.5,1.0,False
context,102,500,100,1000.0,1005.0,1002.5,1,1,1.0,1.0,0.5,1.0,False
context,102,500,101,1005.0,1010.0,1007.5,0,0,nan,1.0,nan,nan,False
context,102,500,102,1010.0,1015.0,1012.5,0,0,nan,1.0,nan,nan,False
context,102,500,103,1015.0,1020.0,1017.5,1,0,0.0,1.0,0.0,0.5,False
context,102,500,104,1020.0,1025.0,1022.5,0,0,nan,1.0,nan,nan,False
context,102,500,105,1025.0,1030.0,1027.5,0,0,nan,1.0,nan,nan,False
context,102,500,106,1030.0,1035.0,1032.5,0,0,nan,1.0,nan,nan,False
context,102,500,107,1035.0,1040.0,1037.5,2,1,0.5,1.0,0.21132486540518713,0.7886751345948129,False
context,102,500,108,1040.0,1045.0,1042.5,0,0,nan,1.0,nan,nan,False
context,102,500,109,1045.0,1050.0,1047.5,0,0,nan,1.0,nan,nan,False
context,102,500,110,1050.0,1055.0,1052.5,0,0,nan,1.0,nan,nan,False
context,102,500,111,1055.0,1060.0,1057.5,1,1,1.0,1.0,0.5,1.0,False
context,102,500,112,1060.0,1065.0,1062.5,1,1,1.0,1.0,0.5,1.0,False
context,102,500,113,1065.0,1070.0,1067.5,1,1,1.0,1.0,0.5,1.0,False
context,102,500,114,1070.0,1075.0,1072.5,1,0,0.0,1.0,0.0,0.5,False
context,102,500,115,1075.0,1080.0,1077.5,2,2,1.0,1.0,0.6666666666666667,1.0,False
context,102,500,116,1080.0,1085.0,1082.5,0,0,nan,1.0,nan,nan,False
context,102,500,117,1085.0,1090.0,1087.5,0,0,nan,1.0,nan,nan,False
context,102,500,118,1090.0,1095.0,1092.5,0,0,nan,1.0,nan,nan,False
context,102,500,119,1095.0,1100.0,1097.5,1,1,1.0,1.0,0.5,1.0,False
context,102,500,120,1100.0,1105.0,1102.5,0,0,nan,1.0,nan,nan,False
context,102,500,121,1105.0,1110.0,1107.5,1,0,0.0,1.0,0.0,0.5,False
context,102,500,122,1110.0,1115.0,1112.5,0,0,nan,1.0,nan,nan,False
context,102,500,123,1115.0,1120.0,1117.5,1,1,1.0,1.0,0.5,1.0,False
context,102,500,124,1120.0,1125.0,1122.5,0,0,nan,1.0,nan,nan,False
context,102,500,125,1125.0,1130.0,1127.5,1,1,1.0,1.0,0.5,1.0,False
context,102,500,126,1130.0,1135.0,1132.5,2,1,0.5,1.0,0.21132486540518713,0.7886751345948129,False
context,102,500,127,1135.0,1140.0,1137.5,0,0,nan,1.0,nan,nan,False
context,102,500,128,1140.0,1145.0,1142.5,1,1,1.0,1.0,0.5,1.0,False
context,102,500,129,1145.0,1150.0,1147.5,1,0,0.0,1.0,0.0,0.5,False
context,102,500,130,1150.0,1155.0,1152.5,0,0,nan,1.0,nan,nan,False
context,102,500,131,1155.0,1160.0,1157.5,0,0,nan,1.0,nan,nan,False
context,102,500,132,1160.0,1165.0,1162.5,0,0,nan,1.0,nan,nan,False
context,102,500,133,1165.0,1170.0,1167.5,0,0,nan,1.0,nan,nan,False
context,102,500,134,1170.0,1175.0,1172.5,2,2,1.0,1.0,0.6666666666666667,1.0,False
context,102,500,135,1175.0,1180.0,1177.5,0,0,nan,1.0,nan,nan,False
context,102,500,136,1180.0,1185.0,1182.5,0,0,nan,1.0,nan,nan,False
context,102,500,137,1185.0,1190.0,1187.5,1,0,0.0,1.0,0.0,0.5,False
context,102,500,138,1190.0,1195.0,1192.5,0,0,nan,1.0,nan,nan,False
context,102,500,139,1195.0,1200.0,1197.5,1,0,0.0,1.0,0.0,0.5,False
context,102,500,140,1200.0,1205.0,1202.5,0,0,nan,1.0,nan,nan,False
context,102,500,141,1205.0,1210.0,1207.5,0,0,nan,1.0,nan,nan,False
context,102,500,142,1210.0,1215.0,1212.5,1,0,0.0,1.0,0.0,0.5,False
context,102,500,143,1215.0,1220.0,1217.5,0,0,nan,1.0,nan,nan,False
context,102,500,144,1220.0,1225.0,1222.5,0,0,nan,1.0,nan,nan,False
context,102,500,145,1225.0,1230.0,1227.5,0,0,nan,1.0,nan,nan,False
context,102,500,146,1230.0,1235.0,1232.5,0,0,nan,1.0,nan,nan,False
context,102,500,147,1235.0,1240.0,1237.5,0,0,nan,1.0,nan,nan,False
context,102,500,148,1240.0,1245.0,1242.5,0,0,nan,1.0,nan,nan,False
context,102,500,149,1245.0,1250.0,1247.5,1,1,1.0,1.0,0.5,1.0,False
context,102,500,150,1250.0,1255.0,1252.5,0,0,nan,1.0,nan,nan,False
context,102,500,151,1255.0,1260.0,1257.5,3,2,0.6666666666666666,1.0,0.3856432230609155,0.8643567769390845,False
context,102,500,152,1260.0,1265.0,1262.5,1,0,0.0,1.0,0.0,0.5,False
context,102,500,153,1265.0,1270.0,1267.5,0,0,nan,1.0,nan,nan,False
context,102,500,154,1270.0,1275.0,1272.5,1,1,1.0,1.0,0.5,1.0,False
context,102,500,155,1275.0,1280.0,1277.5,0,0,nan,1.0,nan,nan,False
context,102,500,156,1280.0,1285.0,1282.5,1,1,1.0,1.0,0.5,1.0,False
context,102,500,157,1285.0,1290.0,1287.5,1,0,0.0,1.0,0.0,0.5,False
context,102,500,158,1290.0,1295.0,1292.5,1,0,0.0,1.0,0.0,0.5,False
context,102,500,159,1295.0,1300.0,1297.5,1,1,1.0,1.0,0.5,1.0,False
context,102,500,160,1300.0,1305.0,1302.5,0,0,nan,1.0,nan,nan,False
context,102,500,161,1305.0,1310.0,1307.5,1,0,0.0,1.0,0.0,0.5,False
context,102,500,162,1310.0,1315.0,1312.5,0,0,nan,1.0,nan,nan,False
context,102,500,163,1315.0,1320.0,1317.5,0,0,nan,1.0,nan,nan,False
context,102,500,164,1320.0,1325.0,1322.5,1,1,1.0,1.0,0.5,1.0,False
context,102,500,165,1325.0,1330.0,1327.5,1,0,0.0,1.0,0.0,0.5,False
context,102,500,166,1330.0,1335.0,1332.5,0,0,nan,1.0,nan,nan,False
context,102,500,167,1335.0,1340.0,1337.5,1,1,1.0,1.0,0.5,1.0,False
context,102,500,168,1340.0,1345.0,1342.5,0,0,nan,1.0,nan,nan,False
context,102,500,169,1345.0,1350.0,1347.5,2,1,0.5,1.0,0.21132486540518713,0.7886751345948129,False
context,102,500,170,1350.0,1355.0,1352.5,0,0,nan,1.0,nan,nan,False
context,102,500,171,1355.0,1360.0,1357.5,1,0,0.0,1.0,0.0,0.5,False
context,102,500,172,1360.0,1365.0,1362.5,1,0,0.0,1.0,0.0,0.5,False
context,102,500,173,1365.0,1370.0,1367.5,0,0,nan,1.0,nan,nan,False
context,102,500,174,1370.0,1375.0,1372.5,0,0,nan,1.0,nan,nan,False
context,102,500,175,1375.0,1380.0,1377.5,0,0,nan,1.0,nan,nan,False
context,102,500,176,1380.0,1385.0,1382.5,3,1,0.3333333333333333,1.0,0.13564322306091547,0.6143567769390845,False
context,102,500,177,1385.0,1390.0,1387.5,1,0,0.0,1.0,0.0,0.5,False
context,102,500,178,1390.0,1395.0,1392.5,0,0,nan,1.0,nan,nan,False
context,102,500,179,1395.0,1400.0,1397.5,0,0,nan,1.0,nan,nan,False
context,102,500,180,1400.0,1405.0,1402.5,1,1,1.0,1.0,0.5,1.0,False
context,102,500,181,1405.0,1410.0,1407.5,1,0,0.0,1.0,0.0,0.5,False
context,102,500,182,1410.0,1415.0,1412.5,1,0,0.0,1.0,0.0,0.5,False
context,102,500,183,1415.0,1420.0,1417.5,0,0,nan,1.0,nan,nan,False
context,102,500,184,1420.0,1425.0,1422.5,0,0,nan,1.0,nan,nan,False
context,102,500,185,1425.0,1430.0,1427.5,0,0,nan,1.0,nan,nan,False
context,102,500,186,1430.0,1435.0,1432.5,1,0,0.0,1.0,0.0,0.5,False
context,102,500,187,1435.0,1440.0,1437.5,0,0,nan,1.0,nan,nan,False
context,102,500,188,1440.0,1445.0,1442.5,0,0,nan,1.0,nan,nan,False
context,102,500,189,1445.0,1450.0,1447.5,0,0,nan,1.0,nan,nan,False
context,102,500,190,1450.0,1455.0,1452.5,0,0,nan,1.0,nan,nan,False
context,102,500,191,1455.0,1460.0,1457.5,0,0,nan,1.0,nan,nan,False
context,102,500,192,1460.0,1465.0,1462.5,0,0,nan,1.0,nan,nan,False
context,102,500,193,1465.0,1470.0,1467.5,0,0,nan,1.0,nan,nan,False
context,102,500,194,1470.0,1475.0,1472.5,1,1,1.0,1.0,0.5,1.0,False
context,102,500,195,1475.0,1480.0,1477.5,1,1,1.0,1.0,0.5,1.0,False
context,102,500,196,1480.0,1485.0,1482.5,1,1,1.0,1.0,0.5,1.0,False
context,102,500,197,1485.0,1490.0,1487.5,2,1,0.5,1.0,0.21132486540518713,0.7886751345948129,False
context,102,500,198,1490.0,1495.0,1492.5,1,1,1.0,1.0,0.5,1.0,False
context,102,500,199,1495.0,1500.0,1497.5,1,1,1.0,1.0,0.5,1.0,False
context,102,500,200,1500.0,1505.0,1502.5,0,0,nan,1.0,nan,nan,False
context,102,500,201,1505.0,1510.0,1507.5,0,0,nan,1.0,nan,nan,False
context,102,500,202,1510.0,1515.0,1512.5,1,0,0.0,1.0,0.0,0.5,False
context,102,500,203,1515.0,1520.0,1517.5,1,0,0.0,1.0,0.0,0.5,False
context,102,500,204,1520.0,1525.0,1522.5,1,1,1.0,1.0,0.5,1.0,False
context,102,500,205,1525.0,1530.0,1527.5,0,0,nan,1.0,nan,nan,False
context,102,500,206,1530.0,1535.0,1532.5,1,1,1.0,1.0,0.5,1.0,False
context,102,500,207,1535.0,1540.0,1537.5,0,0,nan,1.0,nan,nan,False
context,102,500,208,1540.0,1545.0,1542.5,0,0,nan,1.0,nan,nan,False
context,102,500,209,1545.0,1550.0,1547.5,1,0,0.0,1.0,0.0,0.5,False
context,102,500,210,1550.0,1555.0,1552.5,0,0,nan,1.0,nan,nan,False
context,102,500,211,1555.0,1560.0,1557.5,0,0,nan,1.0,nan,nan,False
context,102,500,212,1560.0,1565.0,1562.5,0,0,nan,1.0,nan,nan,False
context,102,500,213,1565.0,1570.0,1567.5,1,1,1.0,1.0,0.5,1.0,False
context,102,500,214,1570.0,1575.0,1572.5,0,0,nan,1.0,nan,nan,False
context,102,500,215,1575.0,1580.0,1577.5,0,0,nan,1.0,nan,nan,False
context,102,500,216,1580.0,1585.0,1582.5,0,0,nan,1.0,nan,nan,False
context,102,500,217,1585.0,1590.0,1587.5,0,0,nan,1.0,nan,nan,False
context,102,500,218,1590.0,1595.0,1592.5,3,3,1.0,1.0,0.7500000000000001,1.0,False
context,102,500,219,1595.0,1600.0,1597.5,1,1,1.0,1.0,0.5,1.0,False
context,102,500,220,1600.0,1605.0,1602.5,1,1,1.0,1.0,0.5,1.0,False
context,102,500,221,1605.0,1610.0,1607.5,0,0,nan,1.0,nan,nan,False
context,102,500,222,1610.0,1615.0,1612.5,0,0,nan,1.0,nan,nan,False
context,102,500,223,1615.0,1620.0,1617.5,0,0,nan,1.0,nan,nan,False
context,102,500,224,1620.0,1625.0,1622.5,1,0,0.0,1.0,0.0,0.5,False
context,102,500,225,1625.0,1630.0,1627.5,1,1,1.0,1.0,0.5,1.0,False
context,102,500,226,1630.0,1635.0,1632.5,0,0,nan,1.0,nan,nan,False
context,102,500,227,1635.0,1640.0,1637.5,1,1,1.0,1.0,0.5,1.0,False
context,102,500,228,1640.0,1645.0,1642.5,3,1,0.3333333333333333,1.0,0.13564322306091547,0.6143567769390845,False
context,102,500,229,1645.0,1650.0,1647.5,0,0,nan,1.0,nan,nan,False
context,102,500,230,1650.0,1655.0,1652.5,1,0,0.0,1.0,0.0,0.5,False
context,102,500,231,1655.0,1660.0,1657.5,1,1,1.0,1.0,0.5,1.0,False
context,102,500,232,1660.0,1665.0,1662.5,0,0,nan,1.0,nan,nan,False
context,102,500,233,1665.0,1670.0,1667.5,1,0,0.0,1.0,0.0,0.5,False
context,102,500,234,1670.0,1675.0,1672.5,0,0,nan,1.0,nan,nan,False
context,102,500,235,1675.0,1680.0,1677.5,0,0,nan,1.0,nan,nan,False
context,102,500,236,1680.0,1685.0,1682.5,0,0,nan,1.0,nan,nan,False
context,102,500,237,1685.0,1690.0,1687.5,0,0,nan,1.0,nan,nan,False
context,102,500,238,1690.0,1695.0,1692.5,0,0,nan,1.0,nan,nan,False
context,102,500,239,1695.0,1700.0,1697.5,2,2,1.0,1.0,0.6666666666666667,1.0,False
context,102,500,240,1700.0,1705.0,1702.5,0,0,nan,1.0,nan,nan,False
context,102,500,241,1705.0,1710.0,1707.5,0,0,nan,1.0,nan,nan,False
context,102,500,242,1710.0,1715.0,1712.5,0,0,nan,1.0,nan,nan,False
context,102,500,243,1715.0,1720.0,1717.5,0,0,nan,1.0,nan,nan,False
context,102,500,244,1720.0,1725.0,1722.5,1,1,1.0,1.0,0.5,1.0,False
context,102,500,245,1725.0,1730.0,1727.5,0,0,nan,1.0,nan,nan,False
context,102,500,246,1730.0,1735.0,1732.5,0,0,nan,1.0,nan,nan,False
context,102,500,247,1735.0,1740.0,1737.5,1,0,0.0,1.0,0.0,0.5,False
context,102,500,248,1740.0,1745.0,1742.5,1,0,0.0,1.0,0.0,0.5,False
context,102,500,249,1745.0,1750.0,1747.5,0,0,nan,1.0,nan,nan,False
context,102,500,250,1750.0,1755.0,1752.5,1,0,0.0,1.0,0.0,0.5,False
context,102,500,251,1755.0,1760.0,1757.5,0,0,nan,1.0,nan,nan,False
context,102,500,252,1760.0,1765.0,1762.5,0,0,nan,1.0,nan,nan,False
context,102,500,253,1765.0,1770.0,1767.5,0,0,nan,1.0,nan,nan,False
context,102,500,254,1770.0,1775.0,1772.5,0,0,nan,1.0,nan,nan,False
context,102,500,255,1775.0,1780.0,1777.5,0,0,nan,1.0,nan,nan,False
context,102,500,256,1780.0,1785.0,1782.5,1,0,0.0,1.0,0.0,0.5,False
context,102,500,257,1785.0,1790.0,1787.5,0,0,nan,1.0,nan,nan,False
context,102,500,258,1790.0,1795.0,1792.5,3,2,0.6666666666666666,1.0,0.3856432230609155,0.8643567769390845,False
context,102,500,259,1795.0,1800.0,1797.5,0,0,nan,1.0,nan,nan,False
context,102,500,260,1800.0,1805.0,1802.5,1,1,1.0,1.0,0.5,1.0,False
context,102,500,261,1805.0,1810.0,1807.5,0,0,nan,1.0,nan,nan,False
context,102,500,262,1810.0,1815.0,1812.5,1,0,0.0,1.0,0.0,0.5,False
context,102,500,263,1815.0,1820.0,1817.5,2,2,1.0,1.0,0.6666666666666667,1.0,False
context,102,500,264,1820.0,1825.0,1822.5,2,1,0.5,1.0,0.21132486540518713,0.7886751345948129,False
context,102,500,265,1825.0,1830.0,1827.5,1,0,0.0,1.0,0.0,0.5,False
context,102,500,266,1830.0,1835.0,1832.5,1,1,1.0,1.0,0.5,1.0,False
context,102,500,267,1835.0,1840.0,1837.5,1,0,0.0,1.0,0.0,0.5,False
context,102,500,268,1840.0,1845.0,1842.5,0,0,nan,1.0,nan,nan,False
context,102,500,269,1845.0,1850.0,1847.5,3,1,0.3333333333333333,1.0,0.13564322306091547,0.6143567769390845,False
context,102,500,270,1850.0,1855.0,1852.5,3,2,0.6666666666666666,1.0,0.3856432230609155,0.8643567769390845,False
context,102,500,271,1855.0,1860.0,1857.5,1,0,0.0,1.0,0.0,0.5,False
context,102,500,272,1860.0,1865.0,1862.5,1,0,0.0,1.0,0.0,0.5,False
context,102,500,273,1865.0,1870.0,1867.5,1,0,0.0,1.0,0.0,0.5,False
context,102,500,274,1870.0,1875.0,1872.5,0,0,nan,1.0,nan,nan,False
context,102,500,275,1875.0,1880.0,1877.5,0,0,nan,1.0,nan,nan,False
context,102,500,276,1880.0,1885.0,1882.5,0,0,nan,1.0,nan,nan,False
context,102,500,277,1885.0,1890.0,1887.5,0,0,nan,1.0,nan,nan,False
context,102,500,278,1890.0,1895.0,1892.5,0,0,nan,1.0,nan,nan,False
context,102,500,279,1895.0,1900.0,1897.5,0,0,nan,1.0,nan,nan,False
context,102,500,280,1900.0,1905.0,1902.5,1,1,1.0,1.0,0.5,1.0,False
context,102,500,281,1905.0,1910.0,1907.5,0,0,nan,1.0,nan,nan,False
context,102,500,282,1910.0,1915.0,1912.5,2,1,0.5,1.0,0.21132486540518713,0.7886751345948129,False
context,102,500,283,1915.0,1920.0,1917.5,0,0,nan,1.0,nan,nan,False
context,102,500,284,1920.0,1925.0,1922.5,0,0,nan,1.0,nan,nan,False
context,102,500,285,1925.0,1930.0,1927.5,0,0,nan,1.0,nan,nan,False
context,102,500,286,1930.0,1935.0,1932.5,1,0,0.0,1.0,0.0,0.5,False
context,102,500,287,1935.0,1940.0,1937.5,1,0,0.0,1.0,0.0,0.5,False
context,102,500,288,1940.0,1945.0,1942.5,0,0,nan,1.0,nan,nan,False
context,102,500,289,1945.0,1950.0,1947.5,0,0,nan,1.0,nan,nan,False
context,102,500,290,1950.0,1955.0,1952.5,0,0,nan,1.0,nan,nan,False
context,102,500,291,1955.0,1960.0,1957.5,2,0,0.0,1.0,0.0,0.3333333333333333,False
context,102,500,292,1960.0,1965.0,1962.5,0,0,nan,1.0,nan,nan,False
context,102,500,293,1965.0,1970.0,1967.5,0,0,nan,1.0,nan,nan,False
context,102,500,294,1970.0,1975.0,1972.5,0,0,nan,1.0,nan,nan,False
context,102,500,295,1975.0,1980.0,1977.5,0,0,nan,1.0,nan,nan,False
context,102,500,296,1980.0,1985.0,1982.5,2,2,1.0,1.0,0.6666666666666667,1.0,False
context,102,500,297,1985.0,1990.0,1987.5,1,0,0.0,1.0,0.0,0.5,False
context,102,500,298,1990.0,1995.0,1992.5,2,1,0.5,1.0,0.21132486540518713,0.7886751345948129,False
context,102,500,299,1995.0,2000.0,1997.5,0,0,nan,1.0,nan,nan,False
context,102,500,300,2000.0,2005.0,2002.5,0,0,nan,1.0,nan,nan,False
context,102,500,301,2005.0,2010.0,2007.5,0,0,nan,1.0,nan,nan,False
context,102,500,302,2010.0,2015.0,2012.5,0,0,nan,1.0,nan,nan,False
context,102,500,303,2015.0,2020.0,2017.5,0,0,nan,1.0,nan,nan,False
context,102,500,304,2020.0,2025.0,2022.5,0,0,nan,1.0,nan,nan,False
context,102,500,305,2025.0,2030.0,2027.5,1,1,1.0,1.0,0.5,1.0,False
context,102,500,306,2030.0,2035.0,2032.5,0,0,nan,1.0,nan,nan,False
context,102,500,307,2035.0,2040.0,2037.5,1,0,0.0,1.0,0.0,0.5,False
context,102,500,308,2040.0,2045.0,2042.5,0,0,nan,1.0,nan,nan,False
context,102,500,309,2045.0,2050.0,2047.5,0,0,nan,1.0,nan,nan,False
context,102,500,310,2050.0,2055.0,2052.5,1,0,0.0,1.0,0.0,0.5,False
context,102,500,311,2055.0,2060.0,2057.5,0,0,nan,1.0,nan,nan,False
context,102,500,312,2060.0,2065.0,2062.5,1,1,1.0,1.0,0.5,1.0,False
context,102,500,313,2065.0,2070.0,2067.5,0,0,nan,1.0,nan,nan,False
context,102,500,314,2070.0,2075.0,2072.5,1,0,0.0,1.0,0.0,0.5,False
context,102,500,315,2075.0,2080.0,2077.5,1,1,1.0,1.0,0.5,1.0,False
context,102,500,316,2080.0,2085.0,2082.5,1,1,1.0,1.0,0.5,1.0,False
context,102,500,317,2085.0,2090.0,2087.5,0,0,nan,1.0,nan,nan,False
context,102,500,318,2090.0,2095.0,2092.5,0,0,nan,1.0,nan,nan,False
context,102,500,319,2095.0,2100.0,2097.5,3,2,0.6666666666666666,1.0,0.3856432230609155,0.8643567769390845,False
context,102,500,320,2100.0,2105.0,2102.5,7,1,0.14285714285714285,1.0,0.05597392979771218,0.3190260702022878,True
context,102,500,321,2105.0,2110.0,2107.5,1,1,1.0,1.0,0.5,1.0,False
context,102,500,322,2110.0,2115.0,2112.5,1,1,1.0,1.0,0.5,1.0,False
context,102,500,323,2115.0,2120.0,2117.5,2,2,1.0,1.0,0.6666666666666667,1.0,False
context,102,500,324,2120.0,2125.0,2122.5,0,0,nan,1.0,nan,nan,False
context,102,500,325,2125.0,2130.0,2127.5,2,1,0.5,1.0,0.21132486540518713,0.7886751345948129,False
context,102,500,326,2130.0,2135.0,2132.5,0,0,nan,1.0,nan,nan,False
context,102,500,327,2135.0,2140.0,2137.5,1,0,0.0,1.0,0.0,0.5,False
context,102,500,328,2140.0,2145.0,2142.5,1,1,1.0,1.0,0.5,1.0,False
context,102,500,329,2145.0,2150.0,2147.5,3,2,0.6666666666666666,1.0,0.3856432230609155,0.8643567769390845,False
context,102,500,330,2150.0,2155.0,2152.5,0,0,nan,1.0,nan,nan,False
context,102,500,331,2155.0,2160.0,2157.5,0,0,nan,1.0,nan,nan,False
context,102,500,332,2160.0,2165.0,2162.5,0,0,nan,1.0,nan,nan,False
context,102,500,333,2165.0,2170.0,2167.5,3,1,0.3333333333333333,1.0,0.13564322306091547,0.6143567769390845,False
context,102,500,334,2170.0,2175.0,2172.5,0,0,nan,1.0,nan,nan,False
context,102,500,335,2175.0,2180.0,2177.5,1,0,0.0,1.0,0.0,0.5,False
context,102,500,336,2180.0,2185.0,2182.5,0,0,nan,1.0,nan,nan,False
context,102,500,337,2185.0,2190.0,2187.5,0,0,nan,1.0,nan,nan,False
context,102,500,338,2190.0,2195.0,2192.5,1,1,1.0,1.0,0.5,1.0,False
context,102,500,339,2195.0,2200.0,2197.5,0,0,nan,1.0,nan,nan,False
context,102,500,340,2200.0,2205.0,2202.5,1,1,1.0,1.0,0.5,1.0,False
context,102,500,341,2205.0,2210.0,2207.5,0,0,nan,1.0,nan,nan,False
context,102,500,342,2210.0,2215.0,2212.5,2,0,0.0,1.0,0.0,0.3333333333333333,False
context,102,500,343,2215.0,2220.0,2217.5,0,0,nan,1.0,nan,nan,False
context,102,500,344,2220.0,2225.0,2222.5,1,1,1.0,1.0,0.5,1.0,False
context,102,500,345,2225.0,2230.0,2227.5,3,1,0.3333333333333333,1.0,0.13564322306091547,0.6143567769390845,False
context,102,500,346,2230.0,2235.0,2232.5,0,0,nan,1.0,nan,nan,False
context,102,500,347,2235.0,2240.0,2237.5,0,0,nan,1.0,nan,nan,False
context,102,500,348,2240.0,2245.0,2242.5,0,0,nan,1.0,nan,nan,False
context,102,500,349,2245.0,2250.0,2247.5,0,0,nan,1.0,nan,nan,False
context,102,500,350,2250.0,2255.0,2252.5,0,0,nan,1.0,nan,nan,False
context,102,500,351,2255.0,2260.0,2257.5,1,1,1.0,1.0,0.5,1.0,False
context,102,500,352,2260.0,2265.0,2262.5,1,1,1.0,1.0,0.5,1.0,False
context,102,500,353,2265.0,2270.0,2267.5,0,0,nan,1.0,nan,nan,False
context,102,500,354,2270.0,2275.0,2272.5,1,1,1.0,1.0,0.5,1.0,False
context,102,500,355,2275.0,2280.0,2277.5,0,0,nan,1.0,nan,nan,False
context,102,500,356,2280.0,2285.0,2282.5,0,0,nan,1.0,nan,nan,False
context,102,500,357,2285.0,2290.0,2287.5,1,1,1.0,1.0,0.5,1.0,False
context,102,500,358,2290.0,2295.0,2292.5,1,0,0.0,1.0,0.0,0.5,False
context,102,500,359,2295.0,2300.0,2297.5,0,0,nan,1.0,nan,nan,False
context,102,500,360,2300.0,2305.0,2302.5,1,1,1.0,1.0,0.5,1.0,False
context,102,500,361,2305.0,2310.0,2307.5,1,1,1.0,1.0,0.5,1.0,False
context,102,500,362,2310.0,2315.0,2312.5,0,0,nan,1.0,nan,nan,False
context,102,500,363,2315.0,2320.0,2317.5,1,0,0.0,1.0,0.0,0.5,False
context,102,500,364,2320.0,2325.0,2322.5,1,0,0.0,1.0,0.0,0.5,False
context,102,500,365,2325.0,2330.0,2327.5,1,1,1.0,1.0,0.5,1.0,False
context,102,500,366,2330.0,2335.0,2332.5,1,0,0.0,1.0,0.0,0.5,False
context,102,500,367,2335.0,2340.0,2337.5,1,0,0.0,1.0,0.0,0.5,False
context,102,500,368,2340.0,2345.0,2342.5,0,0,nan,1.0,nan,nan,False
context,102,500,369,2345.0,2350.0,2347.5,0,0,nan,1.0,nan,nan,False
context,102,500,370,2350.0,2355.0,2352.5,1,0,0.0,1.0,0.0,0.5,False
context,102,500,371,2355.0,2360.0,2357.5,3,2,0.6666666666666666,1.0,0.3856432230609155,0.8643567769390845,False
context,102,500,372,2360.0,2365.0,2362.5,1,1,1.0,1.0,0.5,1.0,False
context,102,500,373,2365.0,2370.0,2367.5,0,0,nan,1.0,nan,nan,False
context,102,500,374,2370.0,2375.0,2372.5,0,0,nan,1.0,nan,nan,False
context,102,500,375,2375.0,2380.0,2377.5,2,2,1.0,1.0,0.6666666666666667,1.0,False
context,102,500,376,2380.0,2385.0,2382.5,1,0,0.0,1.0,0.0,0.5,False
context,102,500,377,2385.0,2390.0,2387.5,0,0,nan,1.0,nan,nan,False
context,102,500,378,2390.0,2395.0,2392.5,3,0,0.0,1.0,0.0,0.25,False
context,102,500,379,2395.0,2400.0,2397.5,0,0,nan,1.0,nan,nan,False
context,102,500,380,2400.0,2405.0,2402.5,2,1,0.5,1.0,0.21132486540518713,0.7886751345948129,False
context,102,500,381,2405.0,2410.0,2407.5,0,0,nan,1.0,nan,nan,False
context,102,500,382,2410.0,2415.0,2412.5,1,0,0.0,1.0,0.0,0.5,False
context,102,500,383,2415.0,2420.0,2417.5,1,1,1.0,1.0,0.5,1.0,False
context,102,500,384,2420.0,2425.0,2422.5,1,1,1.0,1.0,0.5,1.0,False
context,102,500,385,2425.0,2430.0,2427.5,0,0,nan,1.0,nan,nan,False
context,102,500,386,2430.0,2435.0,2432.5,0,0,nan,1.0,nan,nan,False
context,102,500,387,2435.0,2440.0,2437.5,0,0,nan,1.0,nan,nan,False
context,102,500,388,2440.0,2445.0,2442.5,2,0,0.0,1.0,0.0,0.3333333333333333,False
context,102,500,389,2445.0,2450.0,2447.5,1,0,0.0,1.0,0.0,0.5,False
context,102,500,390,2450.0,2455.0,2452.5,1,0,0.0,1.0,0.0,0.5,False
context,102,500,391,2455.0,2460.0,2457.5,2,2,1.0,1.0,0.6666666666666667,1.0,False
context,102,500,392,2460.0,2465.0,2462.5,1,0,0.0,1.0,0.0,0.5,False
context,102,500,393,2465.0,2470.0,2467.5,2,1,0.5,1.0,0.21132486540518713,0.7886751345948129,False
context,102,500,394,2470.0,2475.0,2472.5,1,0,0.0,1.0,0.0,0.5,False
context,102,500,395,2475.0,2480.0,2477.5,0,0,nan,1.0,nan,nan,False
context,102,500,396,2480.0,2485.0,2482.5,1,0,0.0,1.0,0.0,0.5,False
context,102,500,397,2485.0,2490.0,2487.5,0,0,nan,1.0,nan,nan,False
context,102,500,398,2490.0,2495.0,2492.5,0,0,nan,1.0,nan,nan,False
context,102,500,399,2495.0,2500.0,2497.5,2,1,0.5,1.0,0.21132486540518713,0.7886751345948129,False
context,102,500,400,2500.0,2505.0,2502.5,0,0,nan,1.0,nan,nan,False
context,102,500,401,2505.0,2510.0,2507.5,0,0,nan,1.0,nan,nan,False
context,102,500,402,2510.0,2515.0,2512.5,0,0,nan,1.0,nan,nan,False
context,102,500,403,2515.0,2520.0,2517.5,0,0,nan,1.0,nan,nan,False
context,102,500,404,2520.0,2525.0,2522.5,0,0,nan,1.0,nan,nan,False
context,102,500,405,2525.0,2530.0,2527.5,0,0,nan,1.0,nan,nan,False
context,102,500,406,2530.0,2535.0,2532.5,0,0,nan,1.0,nan,nan,False
context,102,500,407,2535.0,2540.0,2537.5,0,0,nan,1.0,nan,nan,False
context,102,500,408,2540.0,2545.0,2542.5,0,0,nan,1.0,nan,nan,False
context,102,500,409,2545.0,2550.0,2547.5,0,0,nan,1.0,nan,nan,False
context,102,500,410,2550.0,2555.0,2552.5,0,0,nan,1.0,nan,nan,False
context,102,500,411,2555.0,2560.0,2557.5,0,0,nan,1.0,nan,nan,False
context,102,500,412,2560.0,2565.0,2562.5,0,0,nan,1.0,nan,nan,False
context,102,500,413,2565.0,2570.0,2567.5,1,0,0.0,1.0,0.0,0.5,False
context,102,500,414,2570.0,2575.0,2572.5,0,0,nan,1.0,nan,nan,False
context,102,500,415,2575.0,2580.0,2577.5,0,0,nan,1.0,nan,nan,False
context,102,500,416,2580.0,2585.0,2582.5,0,0,nan,1.0,nan,nan,False
context,102,500,417,2585.0,2590.0,2587.5,0,0,nan,1.0,nan,nan,False
context,102,500,418,2590.0,2595.0,2592.5,0,0,nan,1.0,nan,nan,False
context,102,500,419,2595.0,2600.0,2597.5,0,0,nan,1.0,nan,nan,False
context,102,500,420,2600.0,2605.0,2602.5,0,0,nan,1.0,nan,nan,False
context,102,500,421,2605.0,2610.0,2607.5,2,1,0.5,1.0,0.21132486540518713,0.7886751345948129,False
context,102,500,422,2610.0,2615.0,2612.5,23,1,0.043478260869565216,1.0,0.016732590229493548,0.10826740977050645,True
context,102,500,423,2615.0,2620.0,2617.5,12,2,0.16666666666666666,1.0,0.08581251457797337,0.29880287003741124,True
context,102,500,424,2620.0,2625.0,2622.5,0,0,nan,1.0,nan,nan,False
context,102,500,425,2625.0,2630.0,2627.5,0,0,nan,1.0,nan,nan,False
context,102,500,426,2630.0,2635.0,2632.5,0,0,nan,1.0,nan,nan,False
context,102,500,427,2635.0,2640.0,2637.5,0,0,nan,1.0,nan,nan,False
context,102,500,428,2640.0,2645.0,2642.5,0,0,nan,1.0,nan,nan,False
context,102,500,429,2645.0,2650.0,2647.5,0,0,nan,1.0,nan,nan,False
context,102,500,430,2650.0,2655.0,2652.5,0,0,nan,1.0,nan,nan,False
context,102,500,431,2655.0,2660.0,2657.5,0,0,nan,1.0,nan,nan,False
context,102,500,432,2660.0,2665.0,2662.5,1,0,0.0,1.0,0.0,0.5,False
context,102,500,433,2665.0,2670.0,2667.5,0,0,nan,1.0,nan,nan,False
context,102,500,434,2670.0,2675.0,2672.5,0,0,nan,1.0,nan,nan,False
context,102,500,435,2675.0,2680.0,2677.5,0,0,nan,1.0,nan,nan,False
context,102,500,436,2680.0,2685.0,2682.5,0,0,nan,1.0,nan,nan,False
context,102,500,437,2685.0,2690.0,2687.5,0,0,nan,1.0,nan,nan,False
context,102,500,438,2690.0,2695.0,2692.5,0,0,nan,1.0,nan,nan,False
context,102,500,439,2695.0,2700.0,2697.5,0,0,nan,1.0,nan,nan,False
context,102,500,440,2700.0,2705.0,2702.5,0,0,nan,1.0,nan,nan,False
context,102,500,441,2705.0,2710.0,2707.5,0,0,nan,1.0,nan,nan,False
context,102,500,442,2710.0,2715.0,2712.5,0,0,nan,1.0,nan,nan,False
context,102,500,443,2715.0,2720.0,2717.5,0,0,nan,1.0,nan,nan,False
context,102,500,444,2720.0,2725.0,2722.5,0,0,nan,1.0,nan,nan,False
context,102,500,445,2725.0,2730.0,2727.5,0,0,nan,1.0,nan,nan,False
context,102,500,446,2730.0,2735.0,2732.5,0,0,nan,1.0,nan,nan,False
context,102,500,447,2735.0,2740.0,2737.5,0,0,nan,1.0,nan,nan,False
context,102,500,448,2740.0,2745.0,2742.5,0,0,nan,1.0,nan,nan,False
context,102,500,449,2745.0,2750.0,2747.5,0,0,nan,1.0,nan,nan,False
context,102,500,450,2750.0,2755.0,2752.5,0,0,nan,1.0,nan,nan,False
context,102,500,451,2755.0,2760.0,2757.5,0,0,nan,1.0,nan,nan,False
context,102,500,452,2760.0,2765.0,2762.5,0,0,nan,1.0,nan,nan,False
context,102,500,453,2765.0,2770.0,2767.5,0,0,nan,1.0,nan,nan,False
context,102,500,454,2770.0,2775.0,2772.5,0,0,nan,1.0,nan,nan,False
context,102,500,455,2775.0,2780.0,2777.5,0,0,nan,1.0,nan,nan,False
context,102,500,456,2780.0,2785.0,2782.5,0,0,nan,1.0,nan,nan,False
context,102,500,457,2785.0,2790.0,2787.5,0,0,nan,1.0,nan,nan,False
context,102,500,458,2790.0,2795.0,2792.5,0,0,nan,1.0,nan,nan,False
context,102,500,459,2795.0,2800.0,2797.5,0,0,nan,1.0,nan,nan,False
context,102,500,460,2800.0,2805.0,2802.5,0,0,nan,1.0,nan,nan,False
context,102,500,461,2805.0,2810.0,2807.5,0,0,nan,1.0,nan,nan,False
context,102,500,462,2810.0,2815.0,2812.5,0,0,nan,1.0,nan,nan,False
context,102,500,463,2815.0,2820.0,2817.5,0,0,nan,1.0,nan,nan,False
context,102,500,464,2820.0,2825.0,2822.5,0,0,nan,1.0,nan,nan,False
context,102,500,465,2825.0,2830.0,2827.5,0,0,nan,1.0,nan,nan,False
context,102,500,466,2830.0,2835.0,2832.5,0,0,nan,1.0,nan,nan,False
context,102,500,467,2835.0,2840.0,2837.5,0,0,nan,1.0,nan,nan,False
context,102,500,468,2840.0,2845.0,2842.5,0,0,nan,1.0,nan,nan,False
context,102,500,469,2845.0,2850.0,2847.5,0,0,nan,1.0,nan,nan,False
context,102,500,470,2850.0,2855.0,2852.5,0,0,nan,1.0,nan,nan,False
context,102,500,471,2855.0,2860.0,2857.5,0,0,nan,1.0,nan,nan,False
context,102,500,472,2860.0,2865.0,2862.5,0,0,nan,1.0,nan,nan,False
context,102,500,473,2865.0,2870.0,2867.5,0,0,nan,1.0,nan,nan,False
context,102,500,474,2870.0,2875.0,2872.5,0,0,nan,1.0,nan,nan,False
context,102,500,475,2875.0,2880.0,2877.5,0,0,nan,1.0,nan,nan,False
context,102,500,476,2880.0,2885.0,2882.5,0,0,nan,1.0,nan,nan,False
context,102,500,477,2885.0,2890.0,2887.5,0,0,nan,1.0,nan,nan,False
context,102,500,478,2890.0,2895.0,2892.5,0,0,nan,1.0,nan,nan,False
context,102,500,479,2895.0,2900.0,2897.5,0,0,nan,1.0,nan,nan,False
context,102,500,480,2900.0,2905.0,2902.5,0,0,nan,1.0,nan,nan,False
context,102,500,481,2905.0,2910.0,2907.5,0,0,nan,1.0,nan,nan,False
context,102,500,482,2910.0,2915.0,2912.5,0,0,nan,1.0,nan,nan,False
context,102,500,483,2915.0,2920.0,2917.5,0,0,nan,1.0,nan,nan,False
context,102,500,484,2920.0,2925.0,2922.5,0,0,nan,1.0,nan,nan,False
context,102,500,485,2925.0,2930.0,2927.5,0,0,nan,1.0,nan,nan,False
context,102,500,486,2930.0,2935.0,2932.5,0,0,nan,1.0,nan,nan,False
context,102,500,487,2935.0,2940.0,2937.5,0,0,nan,1.0,nan,nan,False
context,102,500,488,2940.0,2945.0,2942.5,0,0,nan,1.0,nan,nan,False
context,102,500,489,2945.0,2950.0,2947.5,0,0,nan,1.0,nan,nan,False
context,102,500,490,2950.0,2955.0,2952.5,0,0,nan,1.0,nan,nan,False
context,102,500,491,2955.0,2960.0,2957.5,0,0,nan,1.0,nan,nan,False
context,102,500,492,2960.0,2965.0,2962.5,0,0,nan,1.0,nan,nan,False
context,102,500,493,2965.0,2970.0,2967.5,0,0,nan,1.0,nan,nan,False
context,102,500,494,2970.0,2975.0,2972.5,0,0,nan,1.0,nan,nan,False
context,102,500,495,2975.0,2980.0,2977.5,0,0,nan,1.0,nan,nan,False
context,102,500,496,2980.0,2985.0,2982.5,0,0,nan,1.0,nan,nan,False
context,102,500,497,2985.0,2990.0,2987.5,0,0,nan,1.0,nan,nan,False
context,102,500,498,2990.0,2995.0,2992.5,0,0,nan,1.0,nan,nan,False
context,102,500,499,2995.0,3000.0,2997.5,0,0,nan,1.0,nan,nan,False
context,103,500,0,500.0,505.0,502.5,2,0,0.0,1.0,0.0,0.3333333333333333,False
context,103,500,1,505.0,510.0,507.5,9,2,0.2222222222222222,1.0,0.11562903752835751,0.3843709624716425,True
context,103,500,2,510.0,515.0,512.5,24,8,0.3333333333333333,1.0,0.24548368747494775,0.4345163125250521,True
context,103,500,3,515.0,520.0,517.5,2,1,0.5,1.0,0.21132486540518713,0.7886751345948129,False
context,103,500,4,520.0,525.0,522.5,2,1,0.5,1.0,0.21132486540518713,0.7886751345948129,False
context,103,500,5,525.0,530.0,527.5,4,4,1.0,1.0,0.8,1.0,True
context,103,500,6,530.0,535.0,532.5,1,0,0.0,1.0,0.0,0.5,False
context,103,500,7,535.0,540.0,537.5,3,3,1.0,1.0,0.7500000000000001,1.0,False
context,103,500,8,540.0,545.0,542.5,3,1,0.3333333333333333,1.0,0.13564322306091547,0.6143567769390845,False
context,103,500,9,545.0,550.0,547.5,1,0,0.0,1.0,0.0,0.5,False
context,103,500,10,550.0,555.0,552.5,1,1,1.0,1.0,0.5,1.0,False
context,103,500,11,555.0,560.0,557.5,5,2,0.4,1.0,0.2159734236867951,0.6173599096465383,True
context,103,500,12,560.0,565.0,562.5,4,2,0.5,1.0,0.276393202250021,0.7236067977499789,True
context,103,500,13,565.0,570.0,567.5,6,3,0.5,1.0,0.31101776349538646,0.6889822365046135,True
context,103,500,14,570.0,575.0,572.5,5,3,0.6,1.0,0.3826400903534618,0.7840265763132049,True
context,103,500,15,575.0,580.0,577.5,1,1,1.0,1.0,0.5,1.0,False
context,103,500,16,580.0,585.0,582.5,57,18,0.3157894736842105,1.0,0.25784783219854324,0.3800832022842153,True
context,103,500,17,585.0,590.0,587.5,5,3,0.6,1.0,0.3826400903534618,0.7840265763132049,True
context,103,500,18,590.0,595.0,592.5,3,1,0.3333333333333333,1.0,0.13564322306091547,0.6143567769390845,False
context,103,500,19,595.0,600.0,597.5,1,1,1.0,1.0,0.5,1.0,False
context,103,500,20,600.0,605.0,602.5,1,1,1.0,1.0,0.5,1.0,False
context,103,500,21,605.0,610.0,607.5,4,2,0.5,1.0,0.276393202250021,0.7236067977499789,True
context,103,500,22,610.0,615.0,612.5,0,0,nan,1.0,nan,nan,False
context,103,500,23,615.0,620.0,617.5,1,0,0.0,1.0,0.0,0.5,False
context,103,500,24,620.0,625.0,622.5,3,1,0.3333333333333333,1.0,0.13564322306091547,0.6143567769390845,False
context,103,500,25,625.0,630.0,627.5,1,0,0.0,1.0,0.0,0.5,False
context,103,500,26,630.0,635.0,632.5,1,0,0.0,1.0,0.0,0.5,False
context,103,500,27,635.0,640.0,637.5,3,1,0.3333333333333333,1.0,0.13564322306091547,0.6143567769390845,False
context,103,500,28,640.0,645.0,642.5,3,3,1.0,1.0,0.7500000000000001,1.0,False
context,103,500,29,645.0,650.0,647.5,1,1,1.0,1.0,0.5,1.0,False
context,103,500,30,650.0,655.0,652.5,0,0,nan,1.0,nan,nan,False
context,103,500,31,655.0,660.0,657.5,0,0,nan,1.0,nan,nan,False
context,103,500,32,660.0,665.0,662.5,0,0,nan,1.0,nan,nan,False
context,103,500,33,665.0,670.0,667.5,0,0,nan,1.0,nan,nan,False
context,103,500,34,670.0,675.0,672.5,3,1,0.3333333333333333,1.0,0.13564322306091547,0.6143567769390845,False
context,103,500,35,675.0,680.0,677.5,2,1,0.5,1.0,0.21132486540518713,0.7886751345948129,False
context,103,500,36,680.0,685.0,682.5,1,0,0.0,1.0,0.0,0.5,False
context,103,500,37,685.0,690.0,687.5,4,1,0.25,1.0,0.09999999999999998,0.5,True
context,103,500,38,690.0,695.0,692.5,1,0,0.0,1.0,0.0,0.5,False
context,103,500,39,695.0,700.0,697.5,0,0,nan,1.0,nan,nan,False
context,103,500,40,700.0,705.0,702.5,3,3,1.0,1.0,0.7500000000000001,1.0,False
context,103,500,41,705.0,710.0,707.5,2,1,0.5,1.0,0.21132486540518713,0.7886751345948129,False
context,103,500,42,710.0,715.0,712.5,3,1,0.3333333333333333,1.0,0.13564322306091547,0.6143567769390845,False
context,103,500,43,715.0,720.0,717.5,1,0,0.0,1.0,0.0,0.5,False
context,103,500,44,720.0,725.0,722.5,3,2,0.6666666666666666,1.0,0.3856432230609155,0.8643567769390845,False
context,103,500,45,725.0,730.0,727.5,13,3,0.23076923076923078,1.0,0.13576580831707813,0.364234191682922,True
context,103,500,46,730.0,735.0,732.5,2,0,0.0,1.0,0.0,0.3333333333333333,False
context,103,500,47,735.0,740.0,737.5,0,0,nan,1.0,nan,nan,False
context,103,500,48,740.0,745.0,742.5,0,0,nan,1.0,nan,nan,False
context,103,500,49,745.0,750.0,747.5,1,0,0.0,1.0,0.0,0.5,False
context,103,500,50,750.0,755.0,752.5,0,0,nan,1.0,nan,nan,False
context,103,500,51,755.0,760.0,757.5,3,2,0.6666666666666666,1.0,0.3856432230609155,0.8643567769390845,False
context,103,500,52,760.0,765.0,762.5,1,0,0.0,1.0,0.0,0.5,False
context,103,500,53,765.0,770.0,767.5,1,0,0.0,1.0,0.0,0.5,False
context,103,500,54,770.0,775.0,772.5,1,0,0.0,1.0,0.0,0.5,False
context,103,500,55,775.0,780.0,777.5,2,1,0.5,1.0,0.21132486540518713,0.7886751345948129,False
context,103,500,56,780.0,785.0,782.5,0,0,nan,1.0,nan,nan,False
context,103,500,57,785.0,790.0,787.5,3,0,0.0,1.0,0.0,0.25,False
context,103,500,58,790.0,795.0,792.5,0,0,nan,1.0,nan,nan,False
context,103,500,59,795.0,800.0,797.5,0,0,nan,1.0,nan,nan,False
context,103,500,60,800.0,805.0,802.5,1,0,0.0,1.0,0.0,0.5,False
context,103,500,61,805.0,810.0,807.5,2,1,0.5,1.0,0.21132486540518713,0.7886751345948129,False
context,103,500,62,810.0,815.0,812.5,1,0,0.0,1.0,0.0,0.5,False
context,103,500,63,815.0,820.0,817.5,0,0,nan,1.0,nan,nan,False
context,103,500,64,820.0,825.0,822.5,3,1,0.3333333333333333,1.0,0.13564322306091547,0.6143567769390845,False
context,103,500,65,825.0,830.0,827.5,2,2,1.0,1.0,0.6666666666666667,1.0,False
context,103,500,66,830.0,835.0,832.5,2,0,0.0,1.0,0.0,0.3333333333333333,False
context,103,500,67,835.0,840.0,837.5,3,2,0.6666666666666666,1.0,0.3856432230609155,0.8643567769390845,False
context,103,500,68,840.0,845.0,842.5,0,0,nan,1.0,nan,nan,False
context,103,500,69,845.0,850.0,847.5,1,1,1.0,1.0,0.5,1.0,False
context,103,500,70,850.0,855.0,852.5,0,0,nan,1.0,nan,nan,False
context,103,500,71,855.0,860.0,857.5,0,0,nan,1.0,nan,nan,False
context,103,500,72,860.0,865.0,862.5,7,1,0.14285714285714285,1.0,0.05597392979771218,0.3190260702022878,True
context,103,500,73,865.0,870.0,867.5,1,0,0.0,1.0,0.0,0.5,False
context,103,500,74,870.0,875.0,872.5,0,0,nan,1.0,nan,nan,False
context,103,500,75,875.0,880.0,877.5,0,0,nan,1.0,nan,nan,False
context,103,500,76,880.0,885.0,882.5,0,0,nan,1.0,nan,nan,False
context,103,500,77,885.0,890.0,887.5,3,3,1.0,1.0,0.7500000000000001,1.0,False
context,103,500,78,890.0,895.0,892.5,2,1,0.5,1.0,0.21132486540518713,0.7886751345948129,False
context,103,500,79,895.0,900.0,897.5,0,0,nan,1.0,nan,nan,False
context,103,500,80,900.0,905.0,902.5,0,0,nan,1.0,nan,nan,False
context,103,500,81,905.0,910.0,907.5,1,1,1.0,1.0,0.5,1.0,False
context,103,500,82,910.0,915.0,912.5,2,0,0.0,1.0,0.0,0.3333333333333333,False
context,103,500,83,915.0,920.0,917.5,1,1,1.0,1.0,0.5,1.0,False
context,103,500,84,920.0,925.0,922.5,1,0,0.0,1.0,0.0,0.5,False
context,103,500,85,925.0,930.0,927.5,1,0,0.0,1.0,0.0,0.5,False
context,103,500,86,930.0,935.0,932.5,0,0,nan,1.0,nan,nan,False
context,103,500,87,935.0,940.0,937.5,0,0,nan,1.0,nan,nan,False
context,103,500,88,940.0,945.0,942.5,0,0,nan,1.0,nan,nan,False
context,103,500,89,945.0,950.0,947.5,1,1,1.0,1.0,0.5,1.0,False
context,103,500,90,950.0,955.0,952.5,2,1,0.5,1.0,0.21132486540518713,0.7886751345948129,False
context,103,500,91,955.0,960.0,957.5,1,0,0.0,1.0,0.0,0.5,False
context,103,500,92,960.0,965.0,962.5,0,0,nan,1.0,nan,nan,False
context,103,500,93,965.0,970.0,967.5,0,0,nan,1.0,nan,nan,False
context,103,500,94,970.0,975.0,972.5,0,0,nan,1.0,nan,nan,False
context,103,500,95,975.0,980.0,977.5,0,0,nan,1.0,nan,nan,False
context,103,500,96,980.0,985.0,982.5,1,0,0.0,1.0,0.0,0.5,False
context,103,500,97,985.0,990.0,987.5,2,1,0.5,1.0,0.21132486540518713,0.7886751345948129,False
context,103,500,98,990.0,995.0,992.5,1,1,1.0,1.0,0.5,1.0,False
context,103,500,99,995.0,1000.0,997.5,2,0,0.0,1.0,0.0,0.3333333333333333,False
context,103,500,100,1000.0,1005.0,1002.5,0,0,nan,1.0,nan,nan,False
context,103,500,101,1005.0,1010.0,1007.5,0,0,nan,1.0,nan,nan,False
context,103,500,102,1010.0,1015.0,1012.5,1,1,1.0,1.0,0.5,1.0,False
context,103,500,103,1015.0,1020.0,1017.5,0,0,nan,1.0,nan,nan,False
context,103,500,104,1020.0,1025.0,1022.5,1,0,0.0,1.0,0.0,0.5,False
context,103,500,105,1025.0,1030.0,1027.5,0,0,nan,1.0,nan,nan,False
context,103,500,106,1030.0,1035.0,1032.5,0,0,nan,1.0,nan,nan,False
context,103,500,107,1035.0,1040.0,1037.5,0,0,nan,1.0,nan,nan,False
context,103,500,108,1040.0,1045.0,1042.5,0,0,nan,1.0,nan,nan,False
context,103,500,109,1045.0,1050.0,1047.5,0,0,nan,1.0,nan,nan,False
context,103,500,110,1050.0,1055.0,1052.5,1,1,1.0,1.0,0.5,1.0,False
context,103,500,111,1055.0,1060.0,1057.5,3,1,0.3333333333333333,1.0,0.13564322306091547,0.6143567769390845,False
context,103,500,112,1060.0,1065.0,1062.5,1,0,0.0,1.0,0.0,0.5,False
context,103,500,113,1065.0,1070.0,1067.5,0,0,nan,1.0,nan,nan,False
context,103,500,114,1070.0,1075.0,1072.5,1,1,1.0,1.0,0.5,1.0,False
context,103,500,115,1075.0,1080.0,1077.5,0,0,nan,1.0,nan,nan,False
context,103,500,116,1080.0,1085.0,1082.5,0,0,nan,1.0,nan,nan,False
context,103,500,117,1085.0,1090.0,1087.5,1,0,0.0,1.0,0.0,0.5,False
context,103,500,118,1090.0,1095.0,1092.5,2,2,1.0,1.0,0.6666666666666667,1.0,False
context,103,500,119,1095.0,1100.0,1097.5,0,0,nan,1.0,nan,nan,False
context,103,500,120,1100.0,1105.0,1102.5,1,0,0.0,1.0,0.0,0.5,False
context,103,500,121,1105.0,1110.0,1107.5,1,0,0.0,1.0,0.0,0.5,False
context,103,500,122,1110.0,1115.0,1112.5,0,0,nan,1.0,nan,nan,False
context,103,500,123,1115.0,1120.0,1117.5,0,0,nan,1.0,nan,nan,False
context,103,500,124,1120.0,1125.0,1122.5,2,1,0.5,1.0,0.21132486540518713,0.7886751345948129,False
context,103,500,125,1125.0,1130.0,1127.5,0,0,nan,1.0,nan,nan,False
context,103,500,126,1130.0,1135.0,1132.5,0,0,nan,1.0,nan,nan,False
context,103,500,127,1135.0,1140.0,1137.5,2,1,0.5,1.0,0.21132486540518713,0.7886751345948129,False
context,103,500,128,1140.0,1145.0,1142.5,0,0,nan,1.0,nan,nan,False
context,103,500,129,1145.0,1150.0,1147.5,1,1,1.0,1.0,0.5,1.0,False
context,103,500,130,1150.0,1155.0,1152.5,0,0,nan,1.0,nan,nan,False
context,103,500,131,1155.0,1160.0,1157.5,0,0,nan,1.0,nan,nan,False
context,103,500,132,1160.0,1165.0,1162.5,0,0,nan,1.0,nan,nan,False
context,103,500,133,1165.0,1170.0,1167.5,1,0,0.0,1.0,0.0,0.5,False
context,103,500,134,1170.0,1175.0,1172.5,0,0,nan,1.0,nan,nan,False
context,103,500,135,1175.0,1180.0,1177.5,0,0,nan,1.0,nan,nan,False
context,103,500,136,1180.0,1185.0,1182.5,0,0,nan,1.0,nan,nan,False
context,103,500,137,1185.0,1190.0,1187.5,1,0,0.0,1.0,0.0,0.5,False
context,103,500,138,1190.0,1195.0,1192.5,0,0,nan,1.0,nan,nan,False
context,103,500,139,1195.0,1200.0,1197.5,0,0,nan,1.0,nan,nan,False
context,103,500,140,1200.0,1205.0,1202.5,2,2,1.0,1.0,0.6666666666666667,1.0,False
context,103,500,141,1205.0,1210.0,1207.5,0,0,nan,1.0,nan,nan,False
context,103,500,142,1210.0,1215.0,1212.5,0,0,nan,1.0,nan,nan,False
context,103,500,143,1215.0,1220.0,1217.5,0,0,nan,1.0,nan,nan,False
context,103,500,144,1220.0,1225.0,1222.5,0,0,nan,1.0,nan,nan,False
context,103,500,145,1225.0,1230.0,1227.5,1,0,0.0,1.0,0.0,0.5,False
context,103,500,146,1230.0,1235.0,1232.5,1,0,0.0,1.0,0.0,0.5,False
context,103,500,147,1235.0,1240.0,1237.5,0,0,nan,1.0,nan,nan,False
context,103,500,148,1240.0,1245.0,1242.5,1,1,1.0,1.0,0.5,1.0,False
context,103,500,149,1245.0,1250.0,1247.5,0,0,nan,1.0,nan,nan,False
context,103,500,150,1250.0,1255.0,1252.5,0,0,nan,1.0,nan,nan,False
context,103,500,151,1255.0,1260.0,1257.5,1,0,0.0,1.0,0.0,0.5,False
context,103,500,152,1260.0,1265.0,1262.5,2,2,1.0,1.0,0.6666666666666667,1.0,False
context,103,500,153,1265.0,1270.0,1267.5,0,0,nan,1.0,nan,nan,False
context,103,500,154,1270.0,1275.0,1272.5,0,0,nan,1.0,nan,nan,False
context,103,500,155,1275.0,1280.0,1277.5,1,0,0.0,1.0,0.0,0.5,False
context,103,500,156,1280.0,1285.0,1282.5,0,0,nan,1.0,nan,nan,False
context,103,500,157,1285.0,1290.0,1287.5,0,0,nan,1.0,nan,nan,False
context,103,500,158,1290.0,1295.0,1292.5,2,0,0.0,1.0,0.0,0.3333333333333333,False
context,103,500,159,1295.0,1300.0,1297.5,0,0,nan,1.0,nan,nan,False
context,103,500,160,1300.0,1305.0,1302.5,2,1,0.5,1.0,0.21132486540518713,0.7886751345948129,False
context,103,500,161,1305.0,1310.0,1307.5,0,0,nan,1.0,nan,nan,False
context,103,500,162,1310.0,1315.0,1312.5,0,0,nan,1.0,nan,nan,False
context,103,500,163,1315.0,1320.0,1317.5,0,0,nan,1.0,nan,nan,False
context,103,500,164,1320.0,1325.0,1322.5,1,0,0.0,1.0,0.0,0.5,False
context,103,500,165,1325.0,1330.0,1327.5,1,1,1.0,1.0,0.5,1.0,False
context,103,500,166,1330.0,1335.0,1332.5,0,0,nan,1.0,nan,nan,False
context,103,500,167,1335.0,1340.0,1337.5,1,0,0.0,1.0,0.0,0.5,False
context,103,500,168,1340.0,1345.0,1342.5,0,0,nan,1.0,nan,nan,False
context,103,500,169,1345.0,1350.0,1347.5,0,0,nan,1.0,nan,nan,False
context,103,500,170,1350.0,1355.0,1352.5,0,0,nan,1.0,nan,nan,False
context,103,500,171,1355.0,1360.0,1357.5,1,1,1.0,1.0,0.5,1.0,False
context,103,500,172,1360.0,1365.0,1362.5,1,0,0.0,1.0,0.0,0.5,False
context,103,500,173,1365.0,1370.0,1367.5,2,2,1.0,1.0,0.6666666666666667,1.0,False
context,103,500,174,1370.0,1375.0,1372.5,0,0,nan,1.0,nan,nan,False
context,103,500,175,1375.0,1380.0,1377.5,0,0,nan,1.0,nan,nan,False
context,103,500,176,1380.0,1385.0,1382.5,0,0,nan,1.0,nan,nan,False
context,103,500,177,1385.0,1390.0,1387.5,1,1,1.0,1.0,0.5,1.0,False
context,103,500,178,1390.0,1395.0,1392.5,0,0,nan,1.0,nan,nan,False
context,103,500,179,1395.0,1400.0,1397.5,1,0,0.0,1.0,0.0,0.5,False
context,103,500,180,1400.0,1405.0,1402.5,0,0,nan,1.0,nan,nan,False
context,103,500,181,1405.0,1410.0,1407.5,0,0,nan,1.0,nan,nan,False
context,103,500,182,1410.0,1415.0,1412.5,0,0,nan,1.0,nan,nan,False
context,103,500,183,1415.0,1420.0,1417.5,0,0,nan,1.0,nan,nan,False
context,103,500,184,1420.0,1425.0,1422.5,0,0,nan,1.0,nan,nan,False
context,103,500,185,1425.0,1430.0,1427.5,1,1,1.0,1.0,0.5,1.0,False
context,103,500,186,1430.0,1435.0,1432.5,0,0,nan,1.0,nan,nan,False
context,103,500,187,1435.0,1440.0,1437.5,1,0,0.0,1.0,0.0,0.5,False
context,103,500,188,1440.0,1445.0,1442.5,1,0,0.0,1.0,0.0,0.5,False
context,103,500,189,1445.0,1450.0,1447.5,1,1,1.0,1.0,0.5,1.0,False
context,103,500,190,1450.0,1455.0,1452.5,2,1,0.5,1.0,0.21132486540518713,0.7886751345948129,False
context,103,500,191,1455.0,1460.0,1457.5,0,0,nan,1.0,nan,nan,False
context,103,500,192,1460.0,1465.0,1462.5,2,0,0.0,1.0,0.0,0.3333333333333333,False
context,103,500,193,1465.0,1470.0,1467.5,1,0,0.0,1.0,0.0,0.5,False
context,103,500,194,1470.0,1475.0,1472.5,0,0,nan,1.0,nan,nan,False
context,103,500,195,1475.0,1480.0,1477.5,0,0,nan,1.0,nan,nan,False
context,103,500,196,1480.0,1485.0,1482.5,0,0,nan,1.0,nan,nan,False
context,103,500,197,1485.0,1490.0,1487.5,0,0,nan,1.0,nan,nan,False
context,103,500,198,1490.0,1495.0,1492.5,0,0,nan,1.0,nan,nan,False
context,103,500,199,1495.0,1500.0,1497.5,0,0,nan,1.0,nan,nan,False
context,103,500,200,1500.0,1505.0,1502.5,1,1,1.0,1.0,0.5,1.0,False
context,103,500,201,1505.0,1510.0,1507.5,1,0,0.0,1.0,0.0,0.5,False
context,103,500,202,1510.0,1515.0,1512.5,1,0,0.0,1.0,0.0,0.5,False
context,103,500,203,1515.0,1520.0,1517.5,0,0,nan,1.0,nan,nan,False
context,103,500,204,1520.0,1525.0,1522.5,1,0,0.0,1.0,0.0,0.5,False
context,103,500,205,1525.0,1530.0,1527.5,1,1,1.0,1.0,0.5,1.0,False
context,103,500,206,1530.0,1535.0,1532.5,0,0,nan,1.0,nan,nan,False
context,103,500,207,1535.0,1540.0,1537.5,0,0,nan,1.0,nan,nan,False
context,103,500,208,1540.0,1545.0,1542.5,0,0,nan,1.0,nan,nan,False
context,103,500,209,1545.0,1550.0,1547.5,0,0,nan,1.0,nan,nan,False
context,103,500,210,1550.0,1555.0,1552.5,0,0,nan,1.0,nan,nan,False
context,103,500,211,1555.0,1560.0,1557.5,0,0,nan,1.0,nan,nan,False
context,103,500,212,1560.0,1565.0,1562.5,2,1,0.5,1.0,0.21132486540518713,0.7886751345948129,False
context,103,500,213,1565.0,1570.0,1567.5,1,1,1.0,1.0,0.5,1.0,False
context,103,500,214,1570.0,1575.0,1572.5,1,0,0.0,1.0,0.0,0.5,False
context,103,500,215,1575.0,1580.0,1577.5,2,1,0.5,1.0,0.21132486540518713,0.7886751345948129,False
context,103,500,216,1580.0,1585.0,1582.5,1,0,0.0,1.0,0.0,0.5,False
context,103,500,217,1585.0,1590.0,1587.5,1,1,1.0,1.0,0.5,1.0,False
context,103,500,218,1590.0,1595.0,1592.5,5,4,0.8,1.0,0.5792174872340067,0.9207825127659933,True
context,103,500,219,1595.0,1600.0,1597.5,0,0,nan,1.0,nan,nan,False
context,103,500,220,1600.0,1605.0,1602.5,0,0,nan,1.0,nan,nan,False
context,103,500,221,1605.0,1610.0,1607.5,0,0,nan,1.0,nan,nan,False
context,103,500,222,1610.0,1615.0,1612.5,1,1,1.0,1.0,0.5,1.0,False
context,103,500,223,1615.0,1620.0,1617.5,2,0,0.0,1.0,0.0,0.3333333333333333,False
context,103,500,224,1620.0,1625.0,1622.5,4,1,0.25,1.0,0.09999999999999998,0.5,True
context,103,500,225,1625.0,1630.0,1627.5,0,0,nan,1.0,nan,nan,False
context,103,500,226,1630.0,1635.0,1632.5,1,0,0.0,1.0,0.0,0.5,False
context,103,500,227,1635.0,1640.0,1637.5,1,1,1.0,1.0,0.5,1.0,False
context,103,500,228,1640.0,1645.0,1642.5,1,0,0.0,1.0,0.0,0.5,False
context,103,500,229,1645.0,1650.0,1647.5,0,0,nan,1.0,nan,nan,False
context,103,500,230,1650.0,1655.0,1652.5,0,0,nan,1.0,nan,nan,False
context,103,500,231,1655.0,1660.0,1657.5,2,2,1.0,1.0,0.6666666666666667,1.0,False
context,103,500,232,1660.0,1665.0,1662.5,0,0,nan,1.0,nan,nan,False
context,103,500,233,1665.0,1670.0,1667.5,0,0,nan,1.0,nan,nan,False
context,103,500,234,1670.0,1675.0,1672.5,0,0,nan,1.0,nan,nan,False
context,103,500,235,1675.0,1680.0,1677.5,0,0,nan,1.0,nan,nan,False
context,103,500,236,1680.0,1685.0,1682.5,0,0,nan,1.0,nan,nan,False
context,103,500,237,1685.0,1690.0,1687.5,0,0,nan,1.0,nan,nan,False
context,103,500,238,1690.0,1695.0,1692.5,2,0,0.0,1.0,0.0,0.3333333333333333,False
context,103,500,239,1695.0,1700.0,1697.5,0,0,nan,1.0,nan,nan,False
context,103,500,240,1700.0,1705.0,1702.5,0,0,nan,1.0,nan,nan,False
context,103,500,241,1705.0,1710.0,1707.5,0,0,nan,1.0,nan,nan,False
context,103,500,242,1710.0,1715.0,1712.5,1,1,1.0,1.0,0.5,1.0,False
context,103,500,243,1715.0,1720.0,1717.5,0,0,nan,1.0,nan,nan,False
context,103,500,244,1720.0,1725.0,1722.5,0,0,nan,1.0,nan,nan,False
context,103,500,245,1725.0,1730.0,1727.5,0,0,nan,1.0,nan,nan,False
context,103,500,246,1730.0,1735.0,1732.5,0,0,nan,1.0,nan,nan,False
context,103,500,247,1735.0,1740.0,1737.5,1,1,1.0,1.0,0.5,1.0,False
context,103,500,248,1740.0,1745.0,1742.5,1,0,0.0,1.0,0.0,0.5,False
context,103,500,249,1745.0,1750.0,1747.5,0,0,nan,1.0,nan,nan,False
context,103,500,250,1750.0,1755.0,1752.5,0,0,nan,1.0,nan,nan,False
context,103,500,251,1755.0,1760.0,1757.5,0,0,nan,1.0,nan,nan,False
context,103,500,252,1760.0,1765.0,1762.5,2,1,0.5,1.0,0.21132486540518713,0.7886751345948129,False
context,103,500,253,1765.0,1770.0,1767.5,1,1,1.0,1.0,0.5,1.0,False
context,103,500,254,1770.0,1775.0,1772.5,1,1,1.0,1.0,0.5,1.0,False
context,103,500,255,1775.0,1780.0,1777.5,0,0,nan,1.0,nan,nan,False
context,103,500,256,1780.0,1785.0,1782.5,0,0,nan,1.0,nan,nan,False
context,103,500,257,1785.0,1790.0,1787.5,0,0,nan,1.0,nan,nan,False
context,103,500,258,1790.0,1795.0,1792.5,1,0,0.0,1.0,0.0,0.5,False
context,103,500,259,1795.0,1800.0,1797.5,1,0,0.0,1.0,0.0,0.5,False
context,103,500,260,1800.0,1805.0,1802.5,1,1,1.0,1.0,0.5,1.0,False
context,103,500,261,1805.0,1810.0,1807.5,0,0,nan,1.0,nan,nan,False
context,103,500,262,1810.0,1815.0,1812.5,0,0,nan,1.0,nan,nan,False
context,103,500,263,1815.0,1820.0,1817.5,0,0,nan,1.0,nan,nan,False
context,103,500,264,1820.0,1825.0,1822.5,0,0,nan,1.0,nan,nan,False
context,103,500,265,1825.0,1830.0,1827.5,0,0,nan,1.0,nan,nan,False
context,103,500,266,1830.0,1835.0,1832.5,1,1,1.0,1.0,0.5,1.0,False
context,103,500,267,1835.0,1840.0,1837.5,2,1,0.5,1.0,0.21132486540518713,0.7886751345948129,False
context,103,500,268,1840.0,1845.0,1842.5,0,0,nan,1.0,nan,nan,False
context,103,500,269,1845.0,1850.0,1847.5,0,0,nan,1.0,nan,nan,False
context,103,500,270,1850.0,1855.0,1852.5,0,0,nan,1.0,nan,nan,False
context,103,500,271,1855.0,1860.0,1857.5,1,1,1.0,1.0,0.5,1.0,False
context,103,500,272,1860.0,1865.0,1862.5,0,0,nan,1.0,nan,nan,False
context,103,500,273,1865.0,1870.0,1867.5,1,0,0.0,1.0,0.0,0.5,False
context,103,500,274,1870.0,1875.0,1872.5,2,0,0.0,1.0,0.0,0.3333333333333333,False
context,103,500,275,1875.0,1880.0,1877.5,2,1,0.5,1.0,0.21132486540518713,0.7886751345948129,False
context,103,500,276,1880.0,1885.0,1882.5,0,0,nan,1.0,nan,nan,False
context,103,500,277,1885.0,1890.0,1887.5,0,0,nan,1.0,nan,nan,False
context,103,500,278,1890.0,1895.0,1892.5,0,0,nan,1.0,nan,nan,False
context,103,500,279,1895.0,1900.0,1897.5,0,0,nan,1.0,nan,nan,False
context,103,500,280,1900.0,1905.0,1902.5,1,1,1.0,1.0,0.5,1.0,False
context,103,500,281,1905.0,1910.0,1907.5,0,0,nan,1.0,nan,nan,False
context,103,500,282,1910.0,1915.0,1912.5,0,0,nan,1.0,nan,nan,False
context,103,500,283,1915.0,1920.0,1917.5,1,0,0.0,1.0,0.0,0.5,False
context,103,500,284,1920.0,1925.0,1922.5,0,0,nan,1.0,nan,nan,False
context,103,500,285,1925.0,1930.0,1927.5,0,0,nan,1.0,nan,nan,False
context,103,500,286,1930.0,1935.0,1932.5,0,0,nan,1.0,nan,nan,False
context,103,500,287,1935.0,1940.0,1937.5,1,0,0.0,1.0,0.0,0.5,False
context,103,500,288,1940.0,1945.0,1942.5,0,0,nan,1.0,nan,nan,False
context,103,500,289,1945.0,1950.0,1947.5,1,0,0.0,1.0,0.0,0.5,False
context,103,500,290,1950.0,1955.0,1952.5,1,1,1.0,1.0,0.5,1.0,False
context,103,500,291,1955.0,1960.0,1957.5,0,0,nan,1.0,nan,nan,False
context,103,500,292,1960.0,1965.0,1962.5,0,0,nan,1.0,nan,nan,False
context,103,500,293,1965.0,1970.0,1967.5,1,1,1.0,1.0,0.5,1.0,False
context,103,500,294,1970.0,1975.0,1972.5,1,0,0.0,1.0,0.0,0.5,False
context,103,500,295,1975.0,1980.0,1977.5,0,0,nan,1.0,nan,nan,False
context,103,500,296,1980.0,1985.0,1982.5,2,1,0.5,1.0,0.21132486540518713,0.7886751345948129,False
context,103,500,297,1985.0,1990.0,1987.5,0,0,nan,1.0,nan,nan,False
context,103,500,298,1990.0,1995.0,1992.5,1,0,0.0,1.0,0.0,0.5,False
context,103,500,299,1995.0,2000.0,1997.5,0,0,nan,1.0,nan,nan,False
context,103,500,300,2000.0,2005.0,2002.5,2,2,1.0,1.0,0.6666666666666667,1.0,False
context,103,500,301,2005.0,2010.0,2007.5,0,0,nan,1.0,nan,nan,False
context,103,500,302,2010.0,2015.0,2012.5,2,1,0.5,1.0,0.21132486540518713,0.7886751345948129,False
context,103,500,303,2015.0,2020.0,2017.5,1,0,0.0,1.0,0.0,0.5,False
context,103,500,304,2020.0,2025.0,2022.5,0,0,nan,1.0,nan,nan,False
context,103,500,305,2025.0,2030.0,2027.5,1,1,1.0,1.0,0.5,1.0,False
context,103,500,306,2030.0,2035.0,2032.5,0,0,nan,1.0,nan,nan,False
context,103,500,307,2035.0,2040.0,2037.5,1,1,1.0,1.0,0.5,1.0,False
context,103,500,308,2040.0,2045.0,2042.5,3,3,1.0,1.0,0.7500000000000001,1.0,False
context,103,500,309,2045.0,2050.0,2047.5,1,1,1.0,1.0,0.5,1.0,False
context,103,500,310,2050.0,2055.0,2052.5,1,1,1.0,1.0,0.5,1.0,False
context,103,500,311,2055.0,2060.0,2057.5,1,0,0.0,1.0,0.0,0.5,False
context,103,500,312,2060.0,2065.0,2062.5,0,0,nan,1.0,nan,nan,False
context,103,500,313,2065.0,2070.0,2067.5,1,1,1.0,1.0,0.5,1.0,False
context,103,500,314,2070.0,2075.0,2072.5,1,1,1.0,1.0,0.5,1.0,False
context,103,500,315,2075.0,2080.0,2077.5,0,0,nan,1.0,nan,nan,False
context,103,500,316,2080.0,2085.0,2082.5,2,1,0.5,1.0,0.21132486540518713,0.7886751345948129,False
context,103,500,317,2085.0,2090.0,2087.5,0,0,nan,1.0,nan,nan,False
context,103,500,318,2090.0,2095.0,2092.5,1,0,0.0,1.0,0.0,0.5,False
context,103,500,319,2095.0,2100.0,2097.5,2,2,1.0,1.0,0.6666666666666667,1.0,False
context,103,500,320,2100.0,2105.0,2102.5,4,2,0.5,1.0,0.276393202250021,0.7236067977499789,True
context,103,500,321,2105.0,2110.0,2107.5,0,0,nan,1.0,nan,nan,False
context,103,500,322,2110.0,2115.0,2112.5,0,0,nan,1.0,nan,nan,False
context,103,500,323,2115.0,2120.0,2117.5,0,0,nan,1.0,nan,nan,False
context,103,500,324,2120.0,2125.0,2122.5,1,0,0.0,1.0,0.0,0.5,False
context,103,500,325,2125.0,2130.0,2127.5,2,1,0.5,1.0,0.21132486540518713,0.7886751345948129,False
context,103,500,326,2130.0,2135.0,2132.5,1,1,1.0,1.0,0.5,1.0,False
context,103,500,327,2135.0,2140.0,2137.5,0,0,nan,1.0,nan,nan,False
context,103,500,328,2140.0,2145.0,2142.5,1,1,1.0,1.0,0.5,1.0,False
context,103,500,329,2145.0,2150.0,2147.5,2,1,0.5,1.0,0.21132486540518713,0.7886751345948129,False
context,103,500,330,2150.0,2155.0,2152.5,0,0,nan,1.0,nan,nan,False
context,103,500,331,2155.0,2160.0,2157.5,2,0,0.0,1.0,0.0,0.3333333333333333,False
context,103,500,332,2160.0,2165.0,2162.5,2,1,0.5,1.0,0.21132486540518713,0.7886751345948129,False
context,103,500,333,2165.0,2170.0,2167.5,0,0,nan,1.0,nan,nan,False
context,103,500,334,2170.0,2175.0,2172.5,1,0,0.0,1.0,0.0,0.5,False
context,103,500,335,2175.0,2180.0,2177.5,1,1,1.0,1.0,0.5,1.0,False
context,103,500,336,2180.0,2185.0,2182.5,0,0,nan,1.0,nan,nan,False
context,103,500,337,2185.0,2190.0,2187.5,3,1,0.3333333333333333,1.0,0.13564322306091547,0.6143567769390845,False
context,103,500,338,2190.0,2195.0,2192.5,3,1,0.3333333333333333,1.0,0.13564322306091547,0.6143567769390845,False
context,103,500,339,2195.0,2200.0,2197.5,0,0,nan,1.0,nan,nan,False
context,103,500,340,2200.0,2205.0,2202.5,1,1,1.0,1.0,0.5,1.0,False
context,103,500,341,2205.0,2210.0,2207.5,0,0,nan,1.0,nan,nan,False
context,103,500,342,2210.0,2215.0,2212.5,0,0,nan,1.0,nan,nan,False
context,103,500,343,2215.0,2220.0,2217.5,1,1,1.0,1.0,0.5,1.0,False
context,103,500,344,2220.0,2225.0,2222.5,1,1,1.0,1.0,0.5,1.0,False
context,103,500,345,2225.0,2230.0,2227.5,1,1,1.0,1.0,0.5,1.0,False
context,103,500,346,2230.0,2235.0,2232.5,1,1,1.0,1.0,0.5,1.0,False
context,103,500,347,2235.0,2240.0,2237.5,0,0,nan,1.0,nan,nan,False
context,103,500,348,2240.0,2245.0,2242.5,1,1,1.0,1.0,0.5,1.0,False
context,103,500,349,2245.0,2250.0,2247.5,1,0,0.0,1.0,0.0,0.5,False
context,103,500,350,2250.0,2255.0,2252.5,0,0,nan,1.0,nan,nan,False
context,103,500,351,2255.0,2260.0,2257.5,0,0,nan,1.0,nan,nan,False
context,103,500,352,2260.0,2265.0,2262.5,2,2,1.0,1.0,0.6666666666666667,1.0,False
context,103,500,353,2265.0,2270.0,2267.5,1,1,1.0,1.0,0.5,1.0,False
context,103,500,354,2270.0,2275.0,2272.5,1,0,0.0,1.0,0.0,0.5,False
context,103,500,355,2275.0,2280.0,2277.5,4,2,0.5,1.0,0.276393202250021,0.7236067977499789,True
context,103,500,356,2280.0,2285.0,2282.5,0,0,nan,1.0,nan,nan,False
context,103,500,357,2285.0,2290.0,2287.5,0,0,nan,1.0,nan,nan,False
context,103,500,358,2290.0,2295.0,2292.5,0,0,nan,1.0,nan,nan,False
context,103,500,359,2295.0,2300.0,2297.5,3,2,0.6666666666666666,1.0,0.3856432230609155,0.8643567769390845,False
context,103,500,360,2300.0,2305.0,2302.5,1,0,0.0,1.0,0.0,0.5,False
context,103,500,361,2305.0,2310.0,2307.5,1,0,0.0,1.0,0.0,0.5,False
context,103,500,362,2310.0,2315.0,2312.5,1,0,0.0,1.0,0.0,0.5,False
context,103,500,363,2315.0,2320.0,2317.5,1,1,1.0,1.0,0.5,1.0,False
context,103,500,364,2320.0,2325.0,2322.5,2,2,1.0,1.0,0.6666666666666667,1.0,False
context,103,500,365,2325.0,2330.0,2327.5,2,1,0.5,1.0,0.21132486540518713,0.7886751345948129,False
context,103,500,366,2330.0,2335.0,2332.5,0,0,nan,1.0,nan,nan,False
context,103,500,367,2335.0,2340.0,2337.5,1,1,1.0,1.0,0.5,1.0,False
context,103,500,368,2340.0,2345.0,2342.5,2,2,1.0,1.0,0.6666666666666667,1.0,False
context,103,500,369,2345.0,2350.0,2347.5,0,0,nan,1.0,nan,nan,False
context,103,500,370,2350.0,2355.0,2352.5,2,0,0.0,1.0,0.0,0.3333333333333333,False
context,103,500,371,2355.0,2360.0,2357.5,0,0,nan,1.0,nan,nan,False
context,103,500,372,2360.0,2365.0,2362.5,1,0,0.0,1.0,0.0,0.5,False
context,103,500,373,2365.0,2370.0,2367.5,0,0,nan,1.0,nan,nan,False
context,103,500,374,2370.0,2375.0,2372.5,1,1,1.0,1.0,0.5,1.0,False
context,103,500,375,2375.0,2380.0,2377.5,2,2,1.0,1.0,0.6666666666666667,1.0,False
context,103,500,376,2380.0,2385.0,2382.5,1,1,1.0,1.0,0.5,1.0,False
context,103,500,377,2385.0,2390.0,2387.5,0,0,nan,1.0,nan,nan,False
context,103,500,378,2390.0,2395.0,2392.5,1,0,0.0,1.0,0.0,0.5,False
context,103,500,379,2395.0,2400.0,2397.5,1,1,1.0,1.0,0.5,1.0,False
context,103,500,380,2400.0,2405.0,2402.5,1,0,0.0,1.0,0.0,0.5,False
context,103,500,381,2405.0,2410.0,2407.5,1,0,0.0,1.0,0.0,0.5,False
context,103,500,382,2410.0,2415.0,2412.5,0,0,nan,1.0,nan,nan,False
context,103,500,383,2415.0,2420.0,2417.5,0,0,nan,1.0,nan,nan,False
context,103,500,384,2420.0,2425.0,2422.5,0,0,nan,1.0,nan,nan,False
context,103,500,385,2425.0,2430.0,2427.5,1,0,0.0,1.0,0.0,0.5,False
context,103,500,386,2430.0,2435.0,2432.5,0,0,nan,1.0,nan,nan,False
context,103,500,387,2435.0,2440.0,2437.5,1,0,0.0,1.0,0.0,0.5,False
context,103,500,388,2440.0,2445.0,2442.5,0,0,nan,1.0,nan,nan,False
context,103,500,389,2445.0,2450.0,2447.5,0,0,nan,1.0,nan,nan,False
context,103,500,390,2450.0,2455.0,2452.5,1,0,0.0,1.0,0.0,0.5,False
context,103,500,391,2455.0,2460.0,2457.5,0,0,nan,1.0,nan,nan,False
context,103,500,392,2460.0,2465.0,2462.5,0,0,nan,1.0,nan,nan,False
context,103,500,393,2465.0,2470.0,2467.5,0,0,nan,1.0,nan,nan,False
context,103,500,394,2470.0,2475.0,2472.5,0,0,nan,1.0,nan,nan,False
context,103,500,395,2475.0,2480.0,2477.5,0,0,nan,1.0,nan,nan,False
context,103,500,396,2480.0,2485.0,2482.5,0,0,nan,1.0,nan,nan,False
context,103,500,397,2485.0,2490.0,2487.5,0,0,nan,1.0,nan,nan,False
context,103,500,398,2490.0,2495.0,2492.5,0,0,nan,1.0,nan,nan,False
context,103,500,399,2495.0,2500.0,2497.5,1,0,0.0,1.0,0.0,0.5,False
context,103,500,400,2500.0,2505.0,2502.5,0,0,nan,1.0,nan,nan,False
context,103,500,401,2505.0,2510.0,2507.5,0,0,nan,1.0,nan,nan,False
context,103,500,402,2510.0,2515.0,2512.5,0,0,nan,1.0,nan,nan,False
context,103,500,403,2515.0,2520.0,2517.5,0,0,nan,1.0,nan,nan,False
context,103,500,404,2520.0,2525.0,2522.5,0,0,nan,1.0,nan,nan,False
context,103,500,405,2525.0,2530.0,2527.5,0,0,nan,1.0,nan,nan,False
context,103,500,406,2530.0,2535.0,2532.5,0,0,nan,1.0,nan,nan,False
context,103,500,407,2535.0,2540.0,2537.5,0,0,nan,1.0,nan,nan,False
context,103,500,408,2540.0,2545.0,2542.5,0,0,nan,1.0,nan,nan,False
context,103,500,409,2545.0,2550.0,2547.5,0,0,nan,1.0,nan,nan,False
context,103,500,410,2550.0,2555.0,2552.5,0,0,nan,1.0,nan,nan,False
context,103,500,411,2555.0,2560.0,2557.5,0,0,nan,1.0,nan,nan,False
context,103,500,412,2560.0,2565.0,2562.5,0,0,nan,1.0,nan,nan,False
context,103,500,413,2565.0,2570.0,2567.5,0,0,nan,1.0,nan,nan,False
context,103,500,414,2570.0,2575.0,2572.5,1,0,0.0,1.0,0.0,0.5,False
context,103,500,415,2575.0,2580.0,2577.5,0,0,nan,1.0,nan,nan,False
context,103,500,416,2580.0,2585.0,2582.5,0,0,nan,1.0,nan,nan,False
context,103,500,417,2585.0,2590.0,2587.5,0,0,nan,1.0,nan,nan,False
context,103,500,418,2590.0,2595.0,2592.5,0,0,nan,1.0,nan,nan,False
context,103,500,419,2595.0,2600.0,2597.5,0,0,nan,1.0,nan,nan,False
context,103,500,420,2600.0,2605.0,2602.5,0,0,nan,1.0,nan,nan,False
context,103,500,421,2605.0,2610.0,2607.5,1,0,0.0,1.0,0.0,0.5,False
context,103,500,422,2610.0,2615.0,2612.5,33,8,0.24242424242424243,1.0,0.1761149420888689,0.3238850579111311,True
context,103,500,423,2615.0,2620.0,2617.5,15,4,0.26666666666666666,1.0,0.16973813590772802,0.392761864092272,True
context,103,500,424,2620.0,2625.0,2622.5,0,0,nan,1.0,nan,nan,False
context,103,500,425,2625.0,2630.0,2627.5,0,0,nan,1.0,nan,nan,False
context,103,500,426,2630.0,2635.0,2632.5,0,0,nan,1.0,nan,nan,False
context,103,500,427,2635.0,2640.0,2637.5,0,0,nan,1.0,nan,nan,False
context,103,500,428,2640.0,2645.0,2642.5,0,0,nan,1.0,nan,nan,False
context,103,500,429,2645.0,2650.0,2647.5,0,0,nan,1.0,nan,nan,False
context,103,500,430,2650.0,2655.0,2652.5,0,0,nan,1.0,nan,nan,False
context,103,500,431,2655.0,2660.0,2657.5,0,0,nan,1.0,nan,nan,False
context,103,500,432,2660.0,2665.0,2662.5,0,0,nan,1.0,nan,nan,False
context,103,500,433,2665.0,2670.0,2667.5,0,0,nan,1.0,nan,nan,False
context,103,500,434,2670.0,2675.0,2672.5,0,0,nan,1.0,nan,nan,False
context,103,500,435,2675.0,2680.0,2677.5,0,0,nan,1.0,nan,nan,False
context,103,500,436,2680.0,2685.0,2682.5,0,0,nan,1.0,nan,nan,False
context,103,500,437,2685.0,2690.0,2687.5,0,0,nan,1.0,nan,nan,False
context,103,500,438,2690.0,2695.0,2692.5,0,0,nan,1.0,nan,nan,False
context,103,500,439,2695.0,2700.0,2697.5,0,0,nan,1.0,nan,nan,False
context,103,500,440,2700.0,2705.0,2702.5,0,0,nan,1.0,nan,nan,False
context,103,500,441,2705.0,2710.0,2707.5,0,0,nan,1.0,nan,nan,False
context,103,500,442,2710.0,2715.0,2712.5,0,0,nan,1.0,nan,nan,False
context,103,500,443,2715.0,2720.0,2717.5,0,0,nan,1.0,nan,nan,False
context,103,500,444,2720.0,2725.0,2722.5,0,0,nan,1.0,nan,nan,False
context,103,500,445,2725.0,2730.0,2727.5,0,0,nan,1.0,nan,nan,False
context,103,500,446,2730.0,2735.0,2732.5,0,0,nan,1.0,nan,nan,False
context,103,500,447,2735.0,2740.0,2737.5,0,0,nan,1.0,nan,nan,False
context,103,500,448,2740.0,2745.0,2742.5,0,0,nan,1.0,nan,nan,False
context,103,500,449,2745.0,2750.0,2747.5,0,0,nan,1.0,nan,nan,False
context,103,500,450,2750.0,2755.0,2752.5,0,0,nan,1.0,nan,nan,False
context,103,500,451,2755.0,2760.0,2757.5,0,0,nan,1.0,nan,nan,False
context,103,500,452,2760.0,2765.0,2762.5,0,0,nan,1.0,nan,nan,False
context,103,500,453,2765.0,2770.0,2767.5,0,0,nan,1.0,nan,nan,False
context,103,500,454,2770.0,2775.0,2772.5,0,0,nan,1.0,nan,nan,False
context,103,500,455,2775.0,2780.0,2777.5,0,0,nan,1.0,nan,nan,False
context,103,500,456,2780.0,2785.0,2782.5,0,0,nan,1.0,nan,nan,False
context,103,500,457,2785.0,2790.0,2787.5,0,0,nan,1.0,nan,nan,False
context,103,500,458,2790.0,2795.0,2792.5,0,0,nan,1.0,nan,nan,False
context,103,500,459,2795.0,2800.0,2797.5,0,0,nan,1.0,nan,nan,False
context,103,500,460,2800.0,2805.0,2802.5,0,0,nan,1.0,nan,nan,False
context,103,500,461,2805.0,2810.0,2807.5,0,0,nan,1.0,nan,nan,False
context,103,500,462,2810.0,2815.0,2812.5,0,0,nan,1.0,nan,nan,False
context,103,500,463,2815.0,2820.0,2817.5,0,0,nan,1.0,nan,nan,False
context,103,500,464,2820.0,2825.0,2822.5,0,0,nan,1.0,nan,nan,False
context,103,500,465,2825.0,2830.0,2827.5,0,0,nan,1.0,nan,nan,False
context,103,500,466,2830.0,2835.0,2832.5,0,0,nan,1.0,nan,nan,False
context,103,500,467,2835.0,2840.0,2837.5,0,0,nan,1.0,nan,nan,False
context,103,500,468,2840.0,2845.0,2842.5,0,0,nan,1.0,nan,nan,False
context,103,500,469,2845.0,2850.0,2847.5,0,0,nan,1.0,nan,nan,False
context,103,500,470,2850.0,2855.0,2852.5,0,0,nan,1.0,nan,nan,False
context,103,500,471,2855.0,2860.0,2857.5,0,0,nan,1.0,nan,nan,False
context,103,500,472,2860.0,2865.0,2862.5,0,0,nan,1.0,nan,nan,False
context,103,500,473,2865.0,2870.0,2867.5,0,0,nan,1.0,nan,nan,False
context,103,500,474,2870.0,2875.0,2872.5,0,0,nan,1.0,nan,nan,False
context,103,500,475,2875.0,2880.0,2877.5,0,0,nan,1.0,nan,nan,False
context,103,500,476,2880.0,2885.0,2882.5,0,0,nan,1.0,nan,nan,False
context,103,500,477,2885.0,2890.0,2887.5,0,0,nan,1.0,nan,nan,False
context,103,500,478,2890.0,2895.0,2892.5,0,0,nan,1.0,nan,nan,False
context,103,500,479,2895.0,2900.0,2897.5,0,0,nan,1.0,nan,nan,False
context,103,500,480,2900.0,2905.0,2902.5,0,0,nan,1.0,nan,nan,False
context,103,500,481,2905.0,2910.0,2907.5,0,0,nan,1.0,nan,nan,False
context,103,500,482,2910.0,2915.0,2912.5,0,0,nan,1.0,nan,nan,False
context,103,500,483,2915.0,2920.0,2917.5,0,0,nan,1.0,nan,nan,False
context,103,500,484,2920.0,2925.0,2922.5,0,0,nan,1.0,nan,nan,False
context,103,500,485,2925.0,2930.0,2927.5,0,0,nan,1.0,nan,nan,False
context,103,500,486,2930.0,2935.0,2932.5,0,0,nan,1.0,nan,nan,False
context,103,500,487,2935.0,2940.0,2937.5,0,0,nan,1.0,nan,nan,False
context,103,500,488,2940.0,2945.0,2942.5,0,0,nan,1.0,nan,nan,False
context,103,500,489,2945.0,2950.0,2947.5,0,0,nan,1.0,nan,nan,False
context,103,500,490,2950.0,2955.0,2952.5,0,0,nan,1.0,nan,nan,False
context,103,500,491,2955.0,2960.0,2957.5,0,0,nan,1.0,nan,nan,False
context,103,500,492,2960.0,2965.0,2962.5,0,0,nan,1.0,nan,nan,False
context,103,500,493,2965.0,2970.0,2967.5,0,0,nan,1.0,nan,nan,False
context,103,500,494,2970.0,2975.0,2972.5,0,0,nan,1.0,nan,nan,False
context,103,500,495,2975.0,2980.0,2977.5,0,0,nan,1.0,nan,nan,False
context,103,500,496,2980.0,2985.0,2982.5,0,0,nan,1.0,nan,nan,False
context,103,500,497,2985.0,2990.0,2987.5,0,0,nan,1.0,nan,nan,False
context,103,500,498,2990.0,2995.0,2992.5,0,0,nan,1.0,nan,nan,False
context,103,500,499,2995.0,3000.0,2997.5,0,0,nan,1.0,nan,nan,False
context,104,500,0,500.0,505.0,502.5,3,1,0.3333333333333333,1.0,0.13564322306091547,0.6143567769390845,False
context,104,500,1,505.0,510.0,507.5,3,2,0.6666666666666666,1.0,0.3856432230609155,0.8643567769390845,False
context,104,500,2,510.0,515.0,512.5,26,7,0.2692307692307692,1.0,0.19198777820562077,0.36356777734993473,True
context,104,500,3,515.0,520.0,517.5,4,1,0.25,1.0,0.09999999999999998,0.5,True
context,104,500,4,520.0,525.0,522.5,3,1,0.3333333333333333,1.0,0.13564322306091547,0.6143567769390845,False
context,104,500,5,525.0,530.0,527.5,1,0,0.0,1.0,0.0,0.5,False
context,104,500,6,530.0,535.0,532.5,3,0,0.0,1.0,0.0,0.25,False
context,104,500,7,535.0,540.0,537.5,2,1,0.5,1.0,0.21132486540518713,0.7886751345948129,False
context,104,500,8,540.0,545.0,542.5,3,1,0.3333333333333333,1.0,0.13564322306091547,0.6143567769390845,False
context,104,500,9,545.0,550.0,547.5,2,1,0.5,1.0,0.21132486540518713,0.7886751345948129,False
context,104,500,10,550.0,555.0,552.5,1,0,0.0,1.0,0.0,0.5,False
context,104,500,11,555.0,560.0,557.5,1,1,1.0,1.0,0.5,1.0,False
context,104,500,12,560.0,565.0,562.5,2,0,0.0,1.0,0.0,0.3333333333333333,False
context,104,500,13,565.0,570.0,567.5,2,1,0.5,1.0,0.21132486540518713,0.7886751345948129,False
context,104,500,14,570.0,575.0,572.5,4,2,0.5,1.0,0.276393202250021,0.7236067977499789,True
context,104,500,15,575.0,580.0,577.5,1,1,1.0,1.0,0.5,1.0,False
context,104,500,16,580.0,585.0,582.5,66,16,0.24242424242424243,1.0,0.19377203891022204,0.2987652745226138,True
context,104,500,17,585.0,590.0,587.5,1,1,1.0,1.0,0.5,1.0,False
context,104,500,18,590.0,595.0,592.5,2,1,0.5,1.0,0.21132486540518713,0.7886751345948129,False
context,104,500,19,595.0,600.0,597.5,5,2,0.4,1.0,0.2159734236867951,0.6173599096465383,True
context,104,500,20,600.0,605.0,602.5,1,1,1.0,1.0,0.5,1.0,False
context,104,500,21,605.0,610.0,607.5,3,2,0.6666666666666666,1.0,0.3856432230609155,0.8643567769390845,False
context,104,500,22,610.0,615.0,612.5,1,0,0.0,1.0,0.0,0.5,False
context,104,500,23,615.0,620.0,617.5,2,1,0.5,1.0,0.21132486540518713,0.7886751345948129,False
context,104,500,24,620.0,625.0,622.5,1,1,1.0,1.0,0.5,1.0,False
context,104,500,25,625.0,630.0,627.5,1,1,1.0,1.0,0.5,1.0,False
context,104,500,26,630.0,635.0,632.5,2,1,0.5,1.0,0.21132486540518713,0.7886751345948129,False
context,104,500,27,635.0,640.0,637.5,1,0,0.0,1.0,0.0,0.5,False
context,104,500,28,640.0,645.0,642.5,0,0,nan,1.0,nan,nan,False
context,104,500,29,645.0,650.0,647.5,0,0,nan,1.0,nan,nan,False
context,104,500,30,650.0,655.0,652.5,3,2,0.6666666666666666,1.0,0.3856432230609155,0.8643567769390845,False
context,104,500,31,655.0,660.0,657.5,1,0,0.0,1.0,0.0,0.5,False
context,104,500,32,660.0,665.0,662.5,1,1,1.0,1.0,0.5,1.0,False
context,104,500,33,665.0,670.0,667.5,1,0,0.0,1.0,0.0,0.5,False
context,104,500,34,670.0,675.0,672.5,0,0,nan,1.0,nan,nan,False
context,104,500,35,675.0,680.0,677.5,1,1,1.0,1.0,0.5,1.0,False
context,104,500,36,680.0,685.0,682.5,1,1,1.0,1.0,0.5,1.0,False
context,104,500,37,685.0,690.0,687.5,1,1,1.0,1.0,0.5,1.0,False
context,104,500,38,690.0,695.0,692.5,2,0,0.0,1.0,0.0,0.3333333333333333,False
context,104,500,39,695.0,700.0,697.5,0,0,nan,1.0,nan,nan,False
context,104,500,40,700.0,705.0,702.5,2,0,0.0,1.0,0.0,0.3333333333333333,False
context,104,500,41,705.0,710.0,707.5,2,1,0.5,1.0,0.21132486540518713,0.7886751345948129,False
context,104,500,42,710.0,715.0,712.5,1,0,0.0,1.0,0.0,0.5,False
context,104,500,43,715.0,720.0,717.5,1,0,0.0,1.0,0.0,0.5,False
context,104,500,44,720.0,725.0,722.5,2,1,0.5,1.0,0.21132486540518713,0.7886751345948129,False
context,104,500,45,725.0,730.0,727.5,12,5,0.4166666666666667,1.0,0.2861913044611371,0.5599625416927092,True
context,104,500,46,730.0,735.0,732.5,1,0,0.0,1.0,0.0,0.5,False
context,104,500,47,735.0,740.0,737.5,1,1,1.0,1.0,0.5,1.0,False
context,104,500,48,740.0,745.0,742.5,0,0,nan,1.0,nan,nan,False
context,104,500,49,745.0,750.0,747.5,3,0,0.0,1.0,0.0,0.25,False
context,104,500,50,750.0,755.0,752.5,3,2,0.6666666666666666,1.0,0.3856432230609155,0.8643567769390845,False
context,104,500,51,755.0,760.0,757.5,1,0,0.0,1.0,0.0,0.5,False
context,104,500,52,760.0,765.0,762.5,2,0,0.0,1.0,0.0,0.3333333333333333,False
context,104,500,53,765.0,770.0,767.5,2,1,0.5,1.0,0.21132486540518713,0.7886751345948129,False
context,104,500,54,770.0,775.0,772.5,1,0,0.0,1.0,0.0,0.5,False
context,104,500,55,775.0,780.0,777.5,2,1,0.5,1.0,0.21132486540518713,0.7886751345948129,False
context,104,500,56,780.0,785.0,782.5,0,0,nan,1.0,nan,nan,False
context,104,500,57,785.0,790.0,787.5,2,1,0.5,1.0,0.21132486540518713,0.7886751345948129,False
context,104,500,58,790.0,795.0,792.5,2,0,0.0,1.0,0.0,0.3333333333333333,False
context,104,500,59,795.0,800.0,797.5,2,0,0.0,1.0,0.0,0.3333333333333333,False
context,104,500,60,800.0,805.0,802.5,0,0,nan,1.0,nan,nan,False
context,104,500,61,805.0,810.0,807.5,0,0,nan,1.0,nan,nan,False
context,104,500,62,810.0,815.0,812.5,3,0,0.0,1.0,0.0,0.25,False
context,104,500,63,815.0,820.0,817.5,0,0,nan,1.0,nan,nan,False
context,104,500,64,820.0,825.0,822.5,1,0,0.0,1.0,0.0,0.5,False
context,104,500,65,825.0,830.0,827.5,1,1,1.0,1.0,0.5,1.0,False
context,104,500,66,830.0,835.0,832.5,2,1,0.5,1.0,0.21132486540518713,0.7886751345948129,False
context,104,500,67,835.0,840.0,837.5,0,0,nan,1.0,nan,nan,False
context,104,500,68,840.0,845.0,842.5,0,0,nan,1.0,nan,nan,False
context,104,500,69,845.0,850.0,847.5,0,0,nan,1.0,nan,nan,False
context,104,500,70,850.0,855.0,852.5,0,0,nan,1.0,nan,nan,False
context,104,500,71,855.0,860.0,857.5,2,1,0.5,1.0,0.21132486540518713,0.7886751345948129,False
context,104,500,72,860.0,865.0,862.5,11,0,0.0,1.0,0.0,0.08333333333333334,True
context,104,500,73,865.0,870.0,867.5,1,0,0.0,1.0,0.0,0.5,False
context,104,500,74,870.0,875.0,872.5,0,0,nan,1.0,nan,nan,False
context,104,500,75,875.0,880.0,877.5,0,0,nan,1.0,nan,nan,False
context,104,500,76,880.0,885.0,882.5,0,0,nan,1.0,nan,nan,False
context,104,500,77,885.0,890.0,887.5,1,1,1.0,1.0,0.5,1.0,False
context,104,500,78,890.0,895.0,892.5,2,1,0.5,1.0,0.21132486540518713,0.7886751345948129,False
context,104,500,79,895.0,900.0,897.5,1,0,0.0,1.0,0.0,0.5,False
context,104,500,80,900.0,905.0,902.5,2,1,0.5,1.0,0.21132486540518713,0.7886751345948129,False
context,104,500,81,905.0,910.0,907.5,0,0,nan,1.0,nan,nan,False
context,104,500,82,910.0,915.0,912.5,0,0,nan,1.0,nan,nan,False
context,104,500,83,915.0,920.0,917.5,0,0,nan,1.0,nan,nan,False
context,104,500,84,920.0,925.0,922.5,1,1,1.0,1.0,0.5,1.0,False
context,104,500,85,925.0,930.0,927.5,1,0,0.0,1.0,0.0,0.5,False
context,104,500,86,930.0,935.0,932.5,0,0,nan,1.0,nan,nan,False
context,104,500,87,935.0,940.0,937.5,1,1,1.0,1.0,0.5,1.0,False
context,104,500,88,940.0,945.0,942.5,0,0,nan,1.0,nan,nan,False
context,104,500,89,945.0,950.0,947.5,0,0,nan,1.0,nan,nan,False
context,104,500,90,950.0,955.0,952.5,1,1,1.0,1.0,0.5,1.0,False
context,104,500,91,955.0,960.0,957.5,0,0,nan,1.0,nan,nan,False
context,104,500,92,960.0,965.0,962.5,0,0,nan,1.0,nan,nan,False
context,104,500,93,965.0,970.0,967.5,0,0,nan,1.0,nan,nan,False
context,104,500,94,970.0,975.0,972.5,0,0,nan,1.0,nan,nan,False
context,104,500,95,975.0,980.0,977.5,0,0,nan,1.0,nan,nan,False
context,104,500,96,980.0,985.0,982.5,2,1,0.5,1.0,0.21132486540518713,0.7886751345948129,False
context,104,500,97,985.0,990.0,987.5,0,0,nan,1.0,nan,nan,False
context,104,500,98,990.0,995.0,992.5,1,1,1.0,1.0,0.5,1.0,False
context,104,500,99,995.0,1000.0,997.5,2,1,0.5,1.0,0.21132486540518713,0.7886751345948129,False
context,104,500,100,1000.0,1005.0,1002.5,0,0,nan,1.0,nan,nan,False
context,104,500,101,1005.0,1010.0,1007.5,0,0,nan,1.0,nan,nan,False
context,104,500,102,1010.0,1015.0,1012.5,0,0,nan,1.0,nan,nan,False
context,104,500,103,1015.0,1020.0,1017.5,1,1,1.0,1.0,0.5,1.0,False
context,104,500,104,1020.0,1025.0,1022.5,1,0,0.0,1.0,0.0,0.5,False
context,104,500,105,1025.0,1030.0,1027.5,0,0,nan,1.0,nan,nan,False
context,104,500,106,1030.0,1035.0,1032.5,1,1,1.0,1.0,0.5,1.0,False
context,104,500,107,1035.0,1040.0,1037.5,0,0,nan,1.0,nan,nan,False
context,104,500,108,1040.0,1045.0,1042.5,2,2,1.0,1.0,0.6666666666666667,1.0,False
context,104,500,109,1045.0,1050.0,1047.5,0,0,nan,1.0,nan,nan,False
context,104,500,110,1050.0,1055.0,1052.5,0,0,nan,1.0,nan,nan,False
context,104,500,111,1055.0,1060.0,1057.5,0,0,nan,1.0,nan,nan,False
context,104,500,112,1060.0,1065.0,1062.5,0,0,nan,1.0,nan,nan,False
context,104,500,113,1065.0,1070.0,1067.5,1,1,1.0,1.0,0.5,1.0,False
context,104,500,114,1070.0,1075.0,1072.5,1,0,0.0,1.0,0.0,0.5,False
context,104,500,115,1075.0,1080.0,1077.5,3,3,1.0,1.0,0.7500000000000001,1.0,False
context,104,500,116,1080.0,1085.0,1082.5,0,0,nan,1.0,nan,nan,False
context,104,500,117,1085.0,1090.0,1087.5,0,0,nan,1.0,nan,nan,False
context,104,500,118,1090.0,1095.0,1092.5,2,1,0.5,1.0,0.21132486540518713,0.7886751345948129,False
context,104,500,119,1095.0,1100.0,1097.5,0,0,nan,1.0,nan,nan,False
context,104,500,120,1100.0,1105.0,1102.5,1,1,1.0,1.0,0.5,1.0,False
context,104,500,121,1105.0,1110.0,1107.5,0,0,nan,1.0,nan,nan,False
context,104,500,122,1110.0,1115.0,1112.5,2,2,1.0,1.0,0.6666666666666667,1.0,False
context,104,500,123,1115.0,1120.0,1117.5,0,0,nan,1.0,nan,nan,False
context,104,500,124,1120.0,1125.0,1122.5,1,0,0.0,1.0,0.0,0.5,False
context,104,500,125,1125.0,1130.0,1127.5,0,0,nan,1.0,nan,nan,False
context,104,500,126,1130.0,1135.0,1132.5,0,0,nan,1.0,nan,nan,False
context,104,500,127,1135.0,1140.0,1137.5,0,0,nan,1.0,nan,nan,False
context,104,500,128,1140.0,1145.0,1142.5,3,1,0.3333333333333333,1.0,0.13564322306091547,0.6143567769390845,False
context,104,500,129,1145.0,1150.0,1147.5,0,0,nan,1.0,nan,nan,False
context,104,500,130,1150.0,1155.0,1152.5,0,0,nan,1.0,nan,nan,False
context,104,500,131,1155.0,1160.0,1157.5,1,0,0.0,1.0,0.0,0.5,False
context,104,500,132,1160.0,1165.0,1162.5,0,0,nan,1.0,nan,nan,False
context,104,500,133,1165.0,1170.0,1167.5,1,0,0.0,1.0,0.0,0.5,False
context,104,500,134,1170.0,1175.0,1172.5,0,0,nan,1.0,nan,nan,False
context,104,500,135,1175.0,1180.0,1177.5,0,0,nan,1.0,nan,nan,False
context,104,500,136,1180.0,1185.0,1182.5,1,1,1.0,1.0,0.5,1.0,False
context,104,500,137,1185.0,1190.0,1187.5,0,0,nan,1.0,nan,nan,False
context,104,500,138,1190.0,1195.0,1192.5,1,1,1.0,1.0,0.5,1.0,False
context,104,500,139,1195.0,1200.0,1197.5,3,1,0.3333333333333333,1.0,0.13564322306091547,0.6143567769390845,False
context,104,500,140,1200.0,1205.0,1202.5,1,1,1.0,1.0,0.5,1.0,False
context,104,500,141,1205.0,1210.0,1207.5,0,0,nan,1.0,nan,nan,False
context,104,500,142,1210.0,1215.0,1212.5,1,0,0.0,1.0,0.0,0.5,False
context,104,500,143,1215.0,1220.0,1217.5,0,0,nan,1.0,nan,nan,False
context,104,500,144,1220.0,1225.0,1222.5,4,2,0.5,1.0,0.276393202250021,0.7236067977499789,True
context,104,500,145,1225.0,1230.0,1227.5,1,1,1.0,1.0,0.5,1.0,False
context,104,500,146,1230.0,1235.0,1232.5,1,1,1.0,1.0,0.5,1.0,False
context,104,500,147,1235.0,1240.0,1237.5,2,1,0.5,1.0,0.21132486540518713,0.7886751345948129,False
context,104,500,148,1240.0,1245.0,1242.5,0,0,nan,1.0,nan,nan,False
context,104,500,149,1245.0,1250.0,1247.5,0,0,nan,1.0,nan,nan,False
context,104,500,150,1250.0,1255.0,1252.5,1,1,1.0,1.0,0.5,1.0,False
context,104,500,151,1255.0,1260.0,1257.5,0,0,nan,1.0,nan,nan,False
context,104,500,152,1260.0,1265.0,1262.5,2,2,1.0,1.0,0.6666666666666667,1.0,False
context,104,500,153,1265.0,1270.0,1267.5,1,0,0.0,1.0,0.0,0.5,False
context,104,500,154,1270.0,1275.0,1272.5,0,0,nan,1.0,nan,nan,False
context,104,500,155,1275.0,1280.0,1277.5,0,0,nan,1.0,nan,nan,False
context,104,500,156,1280.0,1285.0,1282.5,0,0,nan,1.0,nan,nan,False
context,104,500,157,1285.0,1290.0,1287.5,0,0,nan,1.0,nan,nan,False
context,104,500,158,1290.0,1295.0,1292.5,0,0,nan,1.0,nan,nan,False
context,104,500,159,1295.0,1300.0,1297.5,0,0,nan,1.0,nan,nan,False
context,104,500,160,1300.0,1305.0,1302.5,1,1,1.0,1.0,0.5,1.0,False
context,104,500,161,1305.0,1310.0,1307.5,0,0,nan,1.0,nan,nan,False
context,104,500,162,1310.0,1315.0,1312.5,0,0,nan,1.0,nan,nan,False
context,104,500,163,1315.0,1320.0,1317.5,0,0,nan,1.0,nan,nan,False
context,104,500,164,1320.0,1325.0,1322.5,0,0,nan,1.0,nan,nan,False
context,104,500,165,1325.0,1330.0,1327.5,0,0,nan,1.0,nan,nan,False
context,104,500,166,1330.0,1335.0,1332.5,1,0,0.0,1.0,0.0,0.5,False
context,104,500,167,1335.0,1340.0,1337.5,1,1,1.0,1.0,0.5,1.0,False
context,104,500,168,1340.0,1345.0,1342.5,0,0,nan,1.0,nan,nan,False
context,104,500,169,1345.0,1350.0,1347.5,0,0,nan,1.0,nan,nan,False
context,104,500,170,1350.0,1355.0,1352.5,0,0,nan,1.0,nan,nan,False
context,104,500,171,1355.0,1360.0,1357.5,0,0,nan,1.0,nan,nan,False
context,104,500,172,1360.0,1365.0,1362.5,0,0,nan,1.0,nan,nan,False
context,104,500,173,1365.0,1370.0,1367.5,1,1,1.0,1.0,0.5,1.0,False
context,104,500,174,1370.0,1375.0,1372.5,1,1,1.0,1.0,0.5,1.0,False
context,104,500,175,1375.0,1380.0,1377.5,0,0,nan,1.0,nan,nan,False
context,104,500,176,1380.0,1385.0,1382.5,0,0,nan,1.0,nan,nan,False
context,104,500,177,1385.0,1390.0,1387.5,0,0,nan,1.0,nan,nan,False
context,104,500,178,1390.0,1395.0,1392.5,0,0,nan,1.0,nan,nan,False
context,104,500,179,1395.0,1400.0,1397.5,1,1,1.0,1.0,0.5,1.0,False
context,104,500,180,1400.0,1405.0,1402.5,1,1,1.0,1.0,0.5,1.0,False
context,104,500,181,1405.0,1410.0,1407.5,0,0,nan,1.0,nan,nan,False
context,104,500,182,1410.0,1415.0,1412.5,0,0,nan,1.0,nan,nan,False
context,104,500,183,1415.0,1420.0,1417.5,0,0,nan,1.0,nan,nan,False
context,104,500,184,1420.0,1425.0,1422.5,1,0,0.0,1.0,0.0,0.5,False
context,104,500,185,1425.0,1430.0,1427.5,0,0,nan,1.0,nan,nan,False
context,104,500,186,1430.0,1435.0,1432.5,1,1,1.0,1.0,0.5,1.0,False
context,104,500,187,1435.0,1440.0,1437.5,0,0,nan,1.0,nan,nan,False
context,104,500,188,1440.0,1445.0,1442.5,0,0,nan,1.0,nan,nan,False
context,104,500,189,1445.0,1450.0,1447.5,2,2,1.0,1.0,0.6666666666666667,1.0,False
context,104,500,190,1450.0,1455.0,1452.5,0,0,nan,1.0,nan,nan,False
context,104,500,191,1455.0,1460.0,1457.5,0,0,nan,1.0,nan,nan,False
context,104,500,192,1460.0,1465.0,1462.5,0,0,nan,1.0,nan,nan,False
context,104,500,193,1465.0,1470.0,1467.5,0,0,nan,1.0,nan,nan,False
context,104,500,194,1470.0,1475.0,1472.5,0,0,nan,1.0,nan,nan,False
context,104,500,195,1475.0,1480.0,1477.5,0,0,nan,1.0,nan,nan,False
context,104,500,196,1480.0,1485.0,1482.5,1,1,1.0,1.0,0.5,1.0,False
context,104,500,197,1485.0,1490.0,1487.5,1,0,0.0,1.0,0.0,0.5,False
context,104,500,198,1490.0,1495.0,1492.5,0,0,nan,1.0,nan,nan,False
context,104,500,199,1495.0,1500.0,1497.5,0,0,nan,1.0,nan,nan,False
context,104,500,200,1500.0,1505.0,1502.5,0,0,nan,1.0,nan,nan,False
context,104,500,201,1505.0,1510.0,1507.5,0,0,nan,1.0,nan,nan,False
context,104,500,202,1510.0,1515.0,1512.5,1,0,0.0,1.0,0.0,0.5,False
context,104,500,203,1515.0,1520.0,1517.5,0,0,nan,1.0,nan,nan,False
context,104,500,204,1520.0,1525.0,1522.5,1,1,1.0,1.0,0.5,1.0,False
context,104,500,205,1525.0,1530.0,1527.5,0,0,nan,1.0,nan,nan,False
context,104,500,206,1530.0,1535.0,1532.5,0,0,nan,1.0,nan,nan,False
context,104,500,207,1535.0,1540.0,1537.5,0,0,nan,1.0,nan,nan,False
context,104,500,208,1540.0,1545.0,1542.5,0,0,nan,1.0,nan,nan,False
context,104,500,209,1545.0,1550.0,1547.5,1,1,1.0,1.0,0.5,1.0,False
context,104,500,210,1550.0,1555.0,1552.5,1,1,1.0,1.0,0.5,1.0,False
context,104,500,211,1555.0,1560.0,1557.5,0,0,nan,1.0,nan,nan,False
context,104,500,212,1560.0,1565.0,1562.5,1,0,0.0,1.0,0.0,0.5,False
context,104,500,213,1565.0,1570.0,1567.5,1,1,1.0,1.0,0.5,1.0,False
context,104,500,214,1570.0,1575.0,1572.5,1,1,1.0,1.0,0.5,1.0,False
context,104,500,215,1575.0,1580.0,1577.5,0,0,nan,1.0,nan,nan,False
context,104,500,216,1580.0,1585.0,1582.5,1,0,0.0,1.0,0.0,0.5,False
context,104,500,217,1585.0,1590.0,1587.5,0,0,nan,1.0,nan,nan,False
context,104,500,218,1590.0,1595.0,1592.5,5,5,1.0,1.0,0.8333333333333334,1.0,True
context,104,500,219,1595.0,1600.0,1597.5,0,0,nan,1.0,nan,nan,False
context,104,500,220,1600.0,1605.0,1602.5,3,2,0.6666666666666666,1.0,0.3856432230609155,0.8643567769390845,False
context,104,500,221,1605.0,1610.0,1607.5,1,0,0.0,1.0,0.0,0.5,False
context,104,500,222,1610.0,1615.0,1612.5,1,1,1.0,1.0,0.5,1.0,False
context,104,500,223,1615.0,1620.0,1617.5,1,0,0.0,1.0,0.0,0.5,False
context,104,500,224,1620.0,1625.0,1622.5,1,1,1.0,1.0,0.5,1.0,False
context,104,500,225,1625.0,1630.0,1627.5,0,0,nan,1.0,nan,nan,False
context,104,500,226,1630.0,1635.0,1632.5,0,0,nan,1.0,nan,nan,False
context,104,500,227,1635.0,1640.0,1637.5,1,0,0.0,1.0,0.0,0.5,False
context,104,500,228,1640.0,1645.0,1642.5,1,1,1.0,1.0,0.5,1.0,False
context,104,500,229,1645.0,1650.0,1647.5,0,0,nan,1.0,nan,nan,False
context,104,500,230,1650.0,1655.0,1652.5,1,1,1.0,1.0,0.5,1.0,False
context,104,500,231,1655.0,1660.0,1657.5,1,1,1.0,1.0,0.5,1.0,False
context,104,500,232,1660.0,1665.0,1662.5,0,0,nan,1.0,nan,nan,False
context,104,500,233,1665.0,1670.0,1667.5,0,0,nan,1.0,nan,nan,False
context,104,500,234,1670.0,1675.0,1672.5,1,1,1.0,1.0,0.5,1.0,False
context,104,500,235,1675.0,1680.0,1677.5,1,1,1.0,1.0,0.5,1.0,False
context,104,500,236,1680.0,1685.0,1682.5,1,1,1.0,1.0,0.5,1.0,False
context,104,500,237,1685.0,1690.0,1687.5,1,1,1.0,1.0,0.5,1.0,False
context,104,500,238,1690.0,1695.0,1692.5,1,0,0.0,1.0,0.0,0.5,False
context,104,500,239,1695.0,1700.0,1697.5,1,1,1.0,1.0,0.5,1.0,False
context,104,500,240,1700.0,1705.0,1702.5,0,0,nan,1.0,nan,nan,False
context,104,500,241,1705.0,1710.0,1707.5,0,0,nan,1.0,nan,nan,False
context,104,500,242,1710.0,1715.0,1712.5,2,1,0.5,1.0,0.21132486540518713,0.7886751345948129,False
context,104,500,243,1715.0,1720.0,1717.5,0,0,nan,1.0,nan,nan,False
context,104,500,244,1720.0,1725.0,1722.5,0,0,nan,1.0,nan,nan,False
context,104,500,245,1725.0,1730.0,1727.5,0,0,nan,1.0,nan,nan,False
context,104,500,246,1730.0,1735.0,1732.5,0,0,nan,1.0,nan,nan,False
context,104,500,247,1735.0,1740.0,1737.5,1,0,0.0,1.0,0.0,0.5,False
context,104,500,248,1740.0,1745.0,1742.5,1,1,1.0,1.0,0.5,1.0,False
context,104,500,249,1745.0,1750.0,1747.5,0,0,nan,1.0,nan,nan,False
context,104,500,250,1750.0,1755.0,1752.5,0,0,nan,1.0,nan,nan,False
context,104,500,251,1755.0,1760.0,1757.5,0,0,nan,1.0,nan,nan,False
context,104,500,252,1760.0,1765.0,1762.5,1,1,1.0,1.0,0.5,1.0,False
context,104,500,253,1765.0,1770.0,1767.5,1,0,0.0,1.0,0.0,0.5,False
context,104,500,254,1770.0,1775.0,1772.5,0,0,nan,1.0,nan,nan,False
context,104,500,255,1775.0,1780.0,1777.5,0,0,nan,1.0,nan,nan,False
context,104,500,256,1780.0,1785.0,1782.5,0,0,nan,1.0,nan,nan,False
context,104,500,257,1785.0,1790.0,1787.5,1,0,0.0,1.0,0.0,0.5,False
context,104,500,258,1790.0,1795.0,1792.5,0,0,nan,1.0,nan,nan,False
context,104,500,259,1795.0,1800.0,1797.5,0,0,nan,1.0,nan,nan,False
context,104,500,260,1800.0,1805.0,1802.5,0,0,nan,1.0,nan,nan,False
context,104,500,261,1805.0,1810.0,1807.5,2,2,1.0,1.0,0.6666666666666667,1.0,False
context,104,500,262,1810.0,1815.0,1812.5,1,0,0.0,1.0,0.0,0.5,False
context,104,500,263,1815.0,1820.0,1817.5,0,0,nan,1.0,nan,nan,False
context,104,500,264,1820.0,1825.0,1822.5,1,0,0.0,1.0,0.0,0.5,False
context,104,500,265,1825.0,1830.0,1827.5,0,0,nan,1.0,nan,nan,False
context,104,500,266,1830.0,1835.0,1832.5,1,1,1.0,1.0,0.5,1.0,False
context,104,500,267,1835.0,1840.0,1837.5,2,0,0.0,1.0,0.0,0.3333333333333333,False
context,104,500,268,1840.0,1845.0,1842.5,0,0,nan,1.0,nan,nan,False
context,104,500,269,1845.0,1850.0,1847.5,0,0,nan,1.0,nan,nan,False
context,104,500,270,1850.0,1855.0,1852.5,1,1,1.0,1.0,0.5,1.0,False
context,104,500,271,1855.0,1860.0,1857.5,0,0,nan,1.0,nan,nan,False
context,104,500,272,1860.0,1865.0,1862.5,1,0,0.0,1.0,0.0,0.5,False
context,104,500,273,1865.0,1870.0,1867.5,2,2,1.0,1.0,0.6666666666666667,1.0,False
context,104,500,274,1870.0,1875.0,1872.5,0,0,nan,1.0,nan,nan,False
context,104,500,275,1875.0,1880.0,1877.5,1,1,1.0,1.0,0.5,1.0,False
context,104,500,276,1880.0,1885.0,1882.5,1,1,1.0,1.0,0.5,1.0,False
context,104,500,277,1885.0,1890.0,1887.5,0,0,nan,1.0,nan,nan,False
context,104,500,278,1890.0,1895.0,1892.5,1,0,0.0,1.0,0.0,0.5,False
context,104,500,279,1895.0,1900.0,1897.5,0,0,nan,1.0,nan,nan,False
context,104,500,280,1900.0,1905.0,1902.5,0,0,nan,1.0,nan,nan,False
context,104,500,281,1905.0,1910.0,1907.5,0,0,nan,1.0,nan,nan,False
context,104,500,282,1910.0,1915.0,1912.5,3,2,0.6666666666666666,1.0,0.3856432230609155,0.8643567769390845,False
context,104,500,283,1915.0,1920.0,1917.5,2,2,1.0,1.0,0.6666666666666667,1.0,False
context,104,500,284,1920.0,1925.0,1922.5,0,0,nan,1.0,nan,nan,False
context,104,500,285,1925.0,1930.0,1927.5,0,0,nan,1.0,nan,nan,False
context,104,500,286,1930.0,1935.0,1932.5,3,2,0.6666666666666666,1.0,0.3856432230609155,0.8643567769390845,False
context,104,500,287,1935.0,1940.0,1937.5,3,1,0.3333333333333333,1.0,0.13564322306091547,0.6143567769390845,False
context,104,500,288,1940.0,1945.0,1942.5,2,1,0.5,1.0,0.21132486540518713,0.7886751345948129,False
context,104,500,289,1945.0,1950.0,1947.5,0,0,nan,1.0,nan,nan,False
context,104,500,290,1950.0,1955.0,1952.5,1,0,0.0,1.0,0.0,0.5,False
context,104,500,291,1955.0,1960.0,1957.5,1,0,0.0,1.0,0.0,0.5,False
context,104,500,292,1960.0,1965.0,1962.5,0,0,nan,1.0,nan,nan,False
context,104,500,293,1965.0,1970.0,1967.5,1,0,0.0,1.0,0.0,0.5,False
context,104,500,294,1970.0,1975.0,1972.5,0,0,nan,1.0,nan,nan,False
context,104,500,295,1975.0,1980.0,1977.5,2,1,0.5,1.0,0.21132486540518713,0.7886751345948129,False
context,104,500,296,1980.0,1985.0,1982.5,0,0,nan,1.0,nan,nan,False
context,104,500,297,1985.0,1990.0,1987.5,1,1,1.0,1.0,0.5,1.0,False
context,104,500,298,1990.0,1995.0,1992.5,1,0,0.0,1.0,0.0,0.5,False
context,104,500,299,1995.0,2000.0,1997.5,2,1,0.5,1.0,0.21132486540518713,0.7886751345948129,False
context,104,500,300,2000.0,2005.0,2002.5,0,0,nan,1.0,nan,nan,False
context,104,500,301,2005.0,2010.0,2007.5,1,0,0.0,1.0,0.0,0.5,False
context,104,500,302,2010.0,2015.0,2012.5,0,0,nan,1.0,nan,nan,False
context,104,500,303,2015.0,2020.0,2017.5,0,0,nan,1.0,nan,nan,False
context,104,500,304,2020.0,2025.0,2022.5,3,1,0.3333333333333333,1.0,0.13564322306091547,0.6143567769390845,False
context,104,500,305,2025.0,2030.0,2027.5,1,1,1.0,1.0,0.5,1.0,False
context,104,500,306,2030.0,2035.0,2032.5,1,1,1.0,1.0,0.5,1.0,False
context,104,500,307,2035.0,2040.0,2037.5,0,0,nan,1.0,nan,nan,False
context,104,500,308,2040.0,2045.0,2042.5,0,0,nan,1.0,nan,nan,False
context,104,500,309,2045.0,2050.0,2047.5,2,1,0.5,1.0,0.21132486540518713,0.7886751345948129,False
context,104,500,310,2050.0,2055.0,2052.5,0,0,nan,1.0,nan,nan,False
context,104,500,311,2055.0,2060.0,2057.5,2,1,0.5,1.0,0.21132486540518713,0.7886751345948129,False
context,104,500,312,2060.0,2065.0,2062.5,2,2,1.0,1.0,0.6666666666666667,1.0,False
context,104,500,313,2065.0,2070.0,2067.5,0,0,nan,1.0,nan,nan,False
context,104,500,314,2070.0,2075.0,2072.5,1,0,0.0,1.0,0.0,0.5,False
context,104,500,315,2075.0,2080.0,2077.5,0,0,nan,1.0,nan,nan,False
context,104,500,316,2080.0,2085.0,2082.5,2,1,0.5,1.0,0.21132486540518713,0.7886751345948129,False
context,104,500,317,2085.0,2090.0,2087.5,2,1,0.5,1.0,0.21132486540518713,0.7886751345948129,False
context,104,500,318,2090.0,2095.0,2092.5,0,0,nan,1.0,nan,nan,False
context,104,500,319,2095.0,2100.0,2097.5,0,0,nan,1.0,nan,nan,False
context,104,500,320,2100.0,2105.0,2102.5,5,0,0.0,1.0,0.0,0.16666666666666669,True
context,104,500,321,2105.0,2110.0,2107.5,0,0,nan,1.0,nan,nan,False
context,104,500,322,2110.0,2115.0,2112.5,1,0,0.0,1.0,0.0,0.5,False
context,104,500,323,2115.0,2120.0,2117.5,0,0,nan,1.0,nan,nan,False
context,104,500,324,2120.0,2125.0,2122.5,0,0,nan,1.0,nan,nan,False
context,104,500,325,2125.0,2130.0,2127.5,1,0,0.0,1.0,0.0,0.5,False
context,104,500,326,2130.0,2135.0,2132.5,0,0,nan,1.0,nan,nan,False
context,104,500,327,2135.0,2140.0,2137.5,1,1,1.0,1.0,0.5,1.0,False
context,104,500,328,2140.0,2145.0,2142.5,1,1,1.0,1.0,0.5,1.0,False
context,104,500,329,2145.0,2150.0,2147.5,2,2,1.0,1.0,0.6666666666666667,1.0,False
context,104,500,330,2150.0,2155.0,2152.5,2,0,0.0,1.0,0.0,0.3333333333333333,False
context,104,500,331,2155.0,2160.0,2157.5,2,1,0.5,1.0,0.21132486540518713,0.7886751345948129,False
context,104,500,332,2160.0,2165.0,2162.5,0,0,nan,1.0,nan,nan,False
context,104,500,333,2165.0,2170.0,2167.5,3,3,1.0,1.0,0.7500000000000001,1.0,False
context,104,500,334,2170.0,2175.0,2172.5,1,0,0.0,1.0,0.0,0.5,False
context,104,500,335,2175.0,2180.0,2177.5,0,0,nan,1.0,nan,nan,False
context,104,500,336,2180.0,2185.0,2182.5,2,1,0.5,1.0,0.21132486540518713,0.7886751345948129,False
context,104,500,337,2185.0,2190.0,2187.5,0,0,nan,1.0,nan,nan,False
context,104,500,338,2190.0,2195.0,2192.5,0,0,nan,1.0,nan,nan,False
context,104,500,339,2195.0,2200.0,2197.5,0,0,nan,1.0,nan,nan,False
context,104,500,340,2200.0,2205.0,2202.5,0,0,nan,1.0,nan,nan,False
context,104,500,341,2205.0,2210.0,2207.5,3,1,0.3333333333333333,1.0,0.13564322306091547,0.6143567769390845,False
context,104,500,342,2210.0,2215.0,2212.5,2,2,1.0,1.0,0.6666666666666667,1.0,False
context,104,500,343,2215.0,2220.0,2217.5,0,0,nan,1.0,nan,nan,False
context,104,500,344,2220.0,2225.0,2222.5,1,1,1.0,1.0,0.5,1.0,False
context,104,500,345,2225.0,2230.0,2227.5,3,1,0.3333333333333333,1.0,0.13564322306091547,0.6143567769390845,False
context,104,500,346,2230.0,2235.0,2232.5,1,0,0.0,1.0,0.0,0.5,False
context,104,500,347,2235.0,2240.0,2237.5,2,0,0.0,1.0,0.0,0.3333333333333333,False
context,104,500,348,2240.0,2245.0,2242.5,1,0,0.0,1.0,0.0,0.5,False
context,104,500,349,2245.0,2250.0,2247.5,1,1,1.0,1.0,0.5,1.0,False
context,104,500,350,2250.0,2255.0,2252.5,1,1,1.0,1.0,0.5,1.0,False
context,104,500,351,2255.0,2260.0,2257.5,2,0,0.0,1.0,0.0,0.3333333333333333,False
context,104,500,352,2260.0,2265.0,2262.5,1,0,0.0,1.0,0.0,0.5,False
context,104,500,353,2265.0,2270.0,2267.5,0,0,nan,1.0,nan,nan,False
context,104,500,354,2270.0,2275.0,2272.5,0,0,nan,1.0,nan,nan,False
context,104,500,355,2275.0,2280.0,2277.5,0,0,nan,1.0,nan,nan,False
context,104,500,356,2280.0,2285.0,2282.5,0,0,nan,1.0,nan,nan,False
context,104,500,357,2285.0,2290.0,2287.5,1,1,1.0,1.0,0.5,1.0,False
context,104,500,358,2290.0,2295.0,2292.5,2,2,1.0,1.0,0.6666666666666667,1.0,False
context,104,500,359,2295.0,2300.0,2297.5,2,1,0.5,1.0,0.21132486540518713,0.7886751345948129,False
context,104,500,360,2300.0,2305.0,2302.5,3,1,0.3333333333333333,1.0,0.13564322306091547,0.6143567769390845,False
context,104,500,361,2305.0,2310.0,2307.5,1,0,0.0,1.0,0.0,0.5,False
context,104,500,362,2310.0,2315.0,2312.5,0,0,nan,1.0,nan,nan,False
context,104,500,363,2315.0,2320.0,2317.5,1,0,0.0,1.0,0.0,0.5,False
context,104,500,364,2320.0,2325.0,2322.5,1,0,0.0,1.0,0.0,0.5,False
context,104,500,365,2325.0,2330.0,2327.5,1,1,1.0,1.0,0.5,1.0,False
context,104,500,366,2330.0,2335.0,2332.5,1,1,1.0,1.0,0.5,1.0,False
context,104,500,367,2335.0,2340.0,2337.5,1,1,1.0,1.0,0.5,1.0,False
context,104,500,368,2340.0,2345.0,2342.5,0,0,nan,1.0,nan,nan,False
context,104,500,369,2345.0,2350.0,2347.5,0,0,nan,1.0,nan,nan,False
context,104,500,370,2350.0,2355.0,2352.5,1,0,0.0,1.0,0.0,0.5,False
context,104,500,371,2355.0,2360.0,2357.5,1,0,0.0,1.0,0.0,0.5,False
context,104,500,372,2360.0,2365.0,2362.5,2,1,0.5,1.0,0.21132486540518713,0.7886751345948129,False
context,104,500,373,2365.0,2370.0,2367.5,2,1,0.5,1.0,0.21132486540518713,0.7886751345948129,False
context,104,500,374,2370.0,2375.0,2372.5,3,2,0.6666666666666666,1.0,0.3856432230609155,0.8643567769390845,False
context,104,500,375,2375.0,2380.0,2377.5,1,0,0.0,1.0,0.0,0.5,False
context,104,500,376,2380.0,2385.0,2382.5,0,0,nan,1.0,nan,nan,False
context,104,500,377,2385.0,2390.0,2387.5,0,0,nan,1.0,nan,nan,False
context,104,500,378,2390.0,2395.0,2392.5,3,2,0.6666666666666666,1.0,0.3856432230609155,0.8643567769390845,False
context,104,500,379,2395.0,2400.0,2397.5,1,0,0.0,1.0,0.0,0.5,False
context,104,500,380,2400.0,2405.0,2402.5,3,0,0.0,1.0,0.0,0.25,False
context,104,500,381,2405.0,2410.0,2407.5,2,1,0.5,1.0,0.21132486540518713,0.7886751345948129,False
context,104,500,382,2410.0,2415.0,2412.5,0,0,nan,1.0,nan,nan,False
context,104,500,383,2415.0,2420.0,2417.5,0,0,nan,1.0,nan,nan,False
context,104,500,384,2420.0,2425.0,2422.5,1,0,0.0,1.0,0.0,0.5,False
context,104,500,385,2425.0,2430.0,2427.5,1,0,0.0,1.0,0.0,0.5,False
context,104,500,386,2430.0,2435.0,2432.5,1,0,0.0,1.0,0.0,0.5,False
context,104,500,387,2435.0,2440.0,2437.5,1,0,0.0,1.0,0.0,0.5,False
context,104,500,388,2440.0,2445.0,2442.5,0,0,nan,1.0,nan,nan,False
context,104,500,389,2445.0,2450.0,2447.5,0,0,nan,1.0,nan,nan,False
context,104,500,390,2450.0,2455.0,2452.5,0,0,nan,1.0,nan,nan,False
context,104,500,391,2455.0,2460.0,2457.5,0,0,nan,1.0,nan,nan,False
context,104,500,392,2460.0,2465.0,2462.5,0,0,nan,1.0,nan,nan,False
context,104,500,393,2465.0,2470.0,2467.5,0,0,nan,1.0,nan,nan,False
context,104,500,394,2470.0,2475.0,2472.5,1,0,0.0,1.0,0.0,0.5,False
context,104,500,395,2475.0,2480.0,2477.5,0,0,nan,1.0,nan,nan,False
context,104,500,396,2480.0,2485.0,2482.5,0,0,nan,1.0,nan,nan,False
context,104,500,397,2485.0,2490.0,2487.5,0,0,nan,1.0,nan,nan,False
context,104,500,398,2490.0,2495.0,2492.5,1,0,0.0,1.0,0.0,0.5,False
context,104,500,399,2495.0,2500.0,2497.5,1,0,0.0,1.0,0.0,0.5,False
context,104,500,400,2500.0,2505.0,2502.5,0,0,nan,1.0,nan,nan,False
context,104,500,401,2505.0,2510.0,2507.5,0,0,nan,1.0,nan,nan,False
context,104,500,402,2510.0,2515.0,2512.5,0,0,nan,1.0,nan,nan,False
context,104,500,403,2515.0,2520.0,2517.5,2,0,0.0,1.0,0.0,0.3333333333333333,False
context,104,500,404,2520.0,2525.0,2522.5,0,0,nan,1.0,nan,nan,False
context,104,500,405,2525.0,2530.0,2527.5,0,0,nan,1.0,nan,nan,False
context,104,500,406,2530.0,2535.0,2532.5,0,0,nan,1.0,nan,nan,False
context,104,500,407,2535.0,2540.0,2537.5,0,0,nan,1.0,nan,nan,False
context,104,500,408,2540.0,2545.0,2542.5,0,0,nan,1.0,nan,nan,False
context,104,500,409,2545.0,2550.0,2547.5,0,0,nan,1.0,nan,nan,False
context,104,500,410,2550.0,2555.0,2552.5,0,0,nan,1.0,nan,nan,False
context,104,500,411,2555.0,2560.0,2557.5,0,0,nan,1.0,nan,nan,False
context,104,500,412,2560.0,2565.0,2562.5,0,0,nan,1.0,nan,nan,False
context,104,500,413,2565.0,2570.0,2567.5,0,0,nan,1.0,nan,nan,False
context,104,500,414,2570.0,2575.0,2572.5,0,0,nan,1.0,nan,nan,False
context,104,500,415,2575.0,2580.0,2577.5,0,0,nan,1.0,nan,nan,False
context,104,500,416,2580.0,2585.0,2582.5,0,0,nan,1.0,nan,nan,False
context,104,500,417,2585.0,2590.0,2587.5,0,0,nan,1.0,nan,nan,False
context,104,500,418,2590.0,2595.0,2592.5,0,0,nan,1.0,nan,nan,False
context,104,500,419,2595.0,2600.0,2597.5,0,0,nan,1.0,nan,nan,False
context,104,500,420,2600.0,2605.0,2602.5,0,0,nan,1.0,nan,nan,False
context,104,500,421,2605.0,2610.0,2607.5,0,0,nan,1.0,nan,nan,False
context,104,500,422,2610.0,2615.0,2612.5,25,5,0.2,1.0,0.1322479687381219,0.2908289543388012,True
context,104,500,423,2615.0,2620.0,2617.5,14,5,0.35714285714285715,1.0,0.24258272170671066,0.4907506116266227,True
context,104,500,424,2620.0,2625.0,2622.5,0,0,nan,1.0,nan,nan,False
context,104,500,425,2625.0,2630.0,2627.5,0,0,nan,1.0,nan,nan,False
context,104,500,426,2630.0,2635.0,2632.5,0,0,nan,1.0,nan,nan,False
context,104,500,427,2635.0,2640.0,2637.5,0,0,nan,1.0,nan,nan,False
context,104,500,428,2640.0,2645.0,2642.5,0,0,nan,1.0,nan,nan,False
context,104,500,429,2645.0,2650.0,2647.5,0,0,nan,1.0,nan,nan,False
context,104,500,430,2650.0,2655.0,2652.5,0,0,nan,1.0,nan,nan,False
context,104,500,431,2655.0,2660.0,2657.5,0,0,nan,1.0,nan,nan,False
context,104,500,432,2660.0,2665.0,2662.5,0,0,nan,1.0,nan,nan,False
context,104,500,433,2665.0,2670.0,2667.5,0,0,nan,1.0,nan,nan,False
context,104,500,434,2670.0,2675.0,2672.5,0,0,nan,1.0,nan,nan,False
context,104,500,435,2675.0,2680.0,2677.5,0,0,nan,1.0,nan,nan,False
context,104,500,436,2680.0,2685.0,2682.5,0,0,nan,1.0,nan,nan,False
context,104,500,437,2685.0,2690.0,2687.5,0,0,nan,1.0,nan,nan,False
context,104,500,438,2690.0,2695.0,2692.5,0,0,nan,1.0,nan,nan,False
context,104,500,439,2695.0,2700.0,2697.5,0,0,nan,1.0,nan,nan,False
context,104,500,440,2700.0,2705.0,2702.5,0,0,nan,1.0,nan,nan,False
context,104,500,441,2705.0,2710.0,2707.5,0,0,nan,1.0,nan,nan,False
context,104,500,442,2710.0,2715.0,2712.5,0,0,nan,1.0,nan,nan,False
context,104,500,443,2715.0,2720.0,2717.5,0,0,nan,1.0,nan,nan,False
context,104,500,444,2720.0,2725.0,2722.5,0,0,nan,1.0,nan,nan,False
context,104,500,445,2725.0,2730.0,2727.5,0,0,nan,1.0,nan,nan,False
context,104,500,446,2730.0,2735.0,2732.5,0,0,nan,1.0,nan,nan,False
context,104,500,447,2735.0,2740.0,2737.5,0,0,nan,1.0,nan,nan,False
context,104,500,448,2740.0,2745.0,2742.5,0,0,nan,1.0,nan,nan,False
context,104,500,449,2745.0,2750.0,2747.5,0,0,nan,1.0,nan,nan,False
context,104,500,450,2750.0,2755.0,2752.5,0,0,nan,1.0,nan,nan,False
context,104,500,451,2755.0,2760.0,2757.5,0,0,nan,1.0,nan,nan,False
context,104,500,452,2760.0,2765.0,2762.5,0,0,nan,1.0,nan,nan,False
context,104,500,453,2765.0,2770.0,2767.5,0,0,nan,1.0,nan,nan,False
context,104,500,454,2770.0,2775.0,2772.5,0,0,nan,1.0,nan,nan,False
context,104,500,455,2775.0,2780.0,2777.5,0,0,nan,1.0,nan,nan,False
context,104,500,456,2780.0,2785.0,2782.5,1,0,0.0,1.0,0.0,0.5,False
context,104,500,457,2785.0,2790.0,2787.5,0,0,nan,1.0,nan,nan,False
context,104,500,458,2790.0,2795.0,2792.5,0,0,nan,1.0,nan,nan,False
context,104,500,459,2795.0,2800.0,2797.5,0,0,nan,1.0,nan,nan,False
context,104,500,460,2800.0,2805.0,2802.5,0,0,nan,1.0,nan,nan,False
context,104,500,461,2805.0,2810.0,2807.5,0,0,nan,1.0,nan,nan,False
context,104,500,462,2810.0,2815.0,2812.5,0,0,nan,1.0,nan,nan,False
context,104,500,463,2815.0,2820.0,2817.5,0,0,nan,1.0,nan,nan,False
context,104,500,464,2820.0,2825.0,2822.5,0,0,nan,1.0,nan,nan,False
context,104,500,465,2825.0,2830.0,2827.5,0,0,nan,1.0,nan,nan,False
context,104,500,466,2830.0,2835.0,2832.5,0,0,nan,1.0,nan,nan,False
context,104,500,467,2835.0,2840.0,2837.5,0,0,nan,1.0,nan,nan,False
context,104,500,468,2840.0,2845.0,2842.5,0,0,nan,1.0,nan,nan,False
context,104,500,469,2845.0,2850.0,2847.5,0,0,nan,1.0,nan,nan,False
context,104,500,470,2850.0,2855.0,2852.5,0,0,nan,1.0,nan,nan,False
context,104,500,471,2855.0,2860.0,2857.5,0,0,nan,1.0,nan,nan,False
context,104,500,472,2860.0,2865.0,2862.5,0,0,nan,1.0,nan,nan,False
context,104,500,473,2865.0,2870.0,2867.5,0,0,nan,1.0,nan,nan,False
context,104,500,474,2870.0,2875.0,2872.5,0,0,nan,1.0,nan,nan,False
context,104,500,475,2875.0,2880.0,2877.5,0,0,nan,1.0,nan,nan,False
context,104,500,476,2880.0,2885.0,2882.5,0,0,nan,1.0,nan,nan,False
context,104,500,477,2885.0,2890.0,2887.5,0,0,nan,1.0,nan,nan,False
context,104,500,478,2890.0,2895.0,2892.5,0,0,nan,1.0,nan,nan,False
context,104,500,479,2895.0,2900.0,2897.5,0,0,nan,1.0,nan,nan,False
context,104,500,480,2900.0,2905.0,2902.5,0,0,nan,1.0,nan,nan,False
context,104,500,481,2905.0,2910.0,2907.5,0,0,nan,1.0,nan,nan,False
context,104,500,482,2910.0,2915.0,2912.5,0,0,nan,1.0,nan,nan,False
context,104,500,483,2915.0,2920.0,2917.5,0,0,nan,1.0,nan,nan,False
context,104,500,484,2920.0,2925.0,2922.5,0,0,nan,1.0,nan,nan,False
context,104,500,485,2925.0,2930.0,2927.5,0,0,nan,1.0,nan,nan,False
context,104,500,486,2930.0,2935.0,2932.5,0,0,nan,1.0,nan,nan,False
context,104,500,487,2935.0,2940.0,2937.5,0,0,nan,1.0,nan,nan,False
context,104,500,488,2940.0,2945.0,2942.5,0,0,nan,1.0,nan,nan,False
context,104,500,489,2945.0,2950.0,2947.5,0,0,nan,1.0,nan,nan,False
context,104,500,490,2950.0,2955.0,2952.5,0,0,nan,1.0,nan,nan,False
context,104,500,491,2955.0,2960.0,2957.5,0,0,nan,1.0,nan,nan,False
context,104,500,492,2960.0,2965.0,2962.5,0,0,nan,1.0,nan,nan,False
context,104,500,493,2965.0,2970.0,2967.5,0,0,nan,1.0,nan,nan,False
context,104,500,494,2970.0,2975.0,2972.5,0,0,nan,1.0,nan,nan,False
context,104,500,495,2975.0,2980.0,2977.5,0,0,nan,1.0,nan,nan,False
context,104,500,496,2980.0,2985.0,2982.5,0,0,nan,1.0,nan,nan,False
context,104,500,497,2985.0,2990.0,2987.5,0,0,nan,1.0,nan,nan,False
context,104,500,498,2990.0,2995.0,2992.5,0,0,nan,1.0,nan,nan,False
context,104,500,499,2995.0,3000.0,2997.5,0,0,nan,1.0,nan,nan,False
context,105,500,0,500.0,505.0,502.5,3,1,0.3333333333333333,1.0,0.13564322306091547,0.6143567769390845,False
context,105,500,1,505.0,510.0,507.5,6,2,0.3333333333333333,1.0,0.17738489439831545,0.5369008198873988,True
context,105,500,2,510.0,515.0,512.5,29,9,0.3103448275862069,1.0,0.2319652528536983,0.401368080479635,True
context,105,500,3,515.0,520.0,517.5,3,1,0.3333333333333333,1.0,0.13564322306091547,0.6143567769390845,False
context,105,500,4,520.0,525.0,522.5,6,2,0.3333333333333333,1.0,0.17738489439831545,0.5369008198873988,True
context,105,500,5,525.0,530.0,527.5,2,0,0.0,1.0,0.0,0.3333333333333333,False
context,105,500,6,530.0,535.0,532.5,5,2,0.4,1.0,0.2159734236867951,0.6173599096465383,True
context,105,500,7,535.0,540.0,537.5,5,1,0.2,1.0,0.07921748723400673,0.4207825127659934,True
context,105,500,8,540.0,545.0,542.5,2,1,0.5,1.0,0.21132486540518713,0.7886751345948129,False
context,105,500,9,545.0,550.0,547.5,2,2,1.0,1.0,0.6666666666666667,1.0,False
context,105,500,10,550.0,555.0,552.5,3,2,0.6666666666666666,1.0,0.3856432230609155,0.8643567769390845,False
context,105,500,11,555.0,560.0,557.5,3,1,0.3333333333333333,1.0,0.13564322306091547,0.6143567769390845,False
context,105,500,12,560.0,565.0,562.5,3,2,0.6666666666666666,1.0,0.3856432230609155,0.8643567769390845,False
context,105,500,13,565.0,570.0,567.5,3,3,1.0,1.0,0.7500000000000001,1.0,False
context,105,500,14,570.0,575.0,572.5,4,2,0.5,1.0,0.276393202250021,0.7236067977499789,True
context,105,500,15,575.0,580.0,577.5,0,0,nan,1.0,nan,nan,False
context,105,500,16,580.0,585.0,582.5,82,20,0.24390243902439024,1.0,0.19975050602678798,0.2942253975876698,True
context,105,500,17,585.0,590.0,587.5,1,0,0.0,1.0,0.0,0.5,False
context,105,500,18,590.0,595.0,592.5,0,0,nan,1.0,nan,nan,False
context,105,500,19,595.0,600.0,597.5,2,1,0.5,1.0,0.21132486540518713,0.7886751345948129,False
context,105,500,20,600.0,605.0,602.5,1,0,0.0,1.0,0.0,0.5,False
context,105,500,21,605.0,610.0,607.5,3,2,0.6666666666666666,1.0,0.3856432230609155,0.8643567769390845,False
context,105,500,22,610.0,615.0,612.5,2,0,0.0,1.0,0.0,0.3333333333333333,False
context,105,500,23,615.0,620.0,617.5,2,1,0.5,1.0,0.21132486540518713,0.7886751345948129,False
context,105,500,24,620.0,625.0,622.5,1,1,1.0,1.0,0.5,1.0,False
context,105,500,25,625.0,630.0,627.5,1,1,1.0,1.0,0.5,1.0,False
context,105,500,26,630.0,635.0,632.5,2,2,1.0,1.0,0.6666666666666667,1.0,False
context,105,500,27,635.0,640.0,637.5,0,0,nan,1.0,nan,nan,False
context,105,500,28,640.0,645.0,642.5,2,1,0.5,1.0,0.21132486540518713,0.7886751345948129,False
context,105,500,29,645.0,650.0,647.5,0,0,nan,1.0,nan,nan,False
context,105,500,30,650.0,655.0,652.5,4,3,0.75,1.0,0.49999999999999994,0.8999999999999999,True
context,105,500,31,655.0,660.0,657.5,0,0,nan,1.0,nan,nan,False
context,105,500,32,660.0,665.0,662.5,0,0,nan,1.0,nan,nan,False
context,105,500,33,665.0,670.0,667.5,2,0,0.0,1.0,0.0,0.3333333333333333,False
context,105,500,34,670.0,675.0,672.5,2,1,0.5,1.0,0.21132486540518713,0.7886751345948129,False
context,105,500,35,675.0,680.0,677.5,2,0,0.0,1.0,0.0,0.3333333333333333,False
context,105,500,36,680.0,685.0,682.5,0,0,nan,1.0,nan,nan,False
context,105,500,37,685.0,690.0,687.5,2,1,0.5,1.0,0.21132486540518713,0.7886751345948129,False
context,105,500,38,690.0,695.0,692.5,1,0,0.0,1.0,0.0,0.5,False
context,105,500,39,695.0,700.0,697.5,0,0,nan,1.0,nan,nan,False
context,105,500,40,700.0,705.0,702.5,2,1,0.5,1.0,0.21132486540518713,0.7886751345948129,False
context,105,500,41,705.0,710.0,707.5,0,0,nan,1.0,nan,nan,False
context,105,500,42,710.0,715.0,712.5,0,0,nan,1.0,nan,nan,False
context,105,500,43,715.0,720.0,717.5,2,2,1.0,1.0,0.6666666666666667,1.0,False
context,105,500,44,720.0,725.0,722.5,1,1,1.0,1.0,0.5,1.0,False
context,105,500,45,725.0,730.0,727.5,12,2,0.16666666666666666,1.0,0.08581251457797337,0.29880287003741124,True
context,105,500,46,730.0,735.0,732.5,1,1,1.0,1.0,0.5,1.0,False
context,105,500,47,735.0,740.0,737.5,1,1,1.0,1.0,0.5,1.0,False
context,105,500,48,740.0,745.0,742.5,2,0,0.0,1.0,0.0,0.3333333333333333,False
context,105,500,49,745.0,750.0,747.5,1,0,0.0,1.0,0.0,0.5,False
context,105,500,50,750.0,755.0,752.5,0,0,nan,1.0,nan,nan,False
context,105,500,51,755.0,760.0,757.5,1,0,0.0,1.0,0.0,0.5,False
context,105,500,52,760.0,765.0,762.5,2,0,0.0,1.0,0.0,0.3333333333333333,False
context,105,500,53,765.0,770.0,767.5,2,0,0.0,1.0,0.0,0.3333333333333333,False
context,105,500,54,770.0,775.0,772.5,0,0,nan,1.0,nan,nan,False
context,105,500,55,775.0,780.0,777.5,1,0,0.0,1.0,0.0,0.5,False
context,105,500,56,780.0,785.0,782.5,0,0,nan,1.0,nan,nan,False
context,105,500,57,785.0,790.0,787.5,3,0,0.0,1.0,0.0,0.25,False
context,105,500,58,790.0,795.0,792.5,2,1,0.5,1.0,0.21132486540518713,0.7886751345948129,False
context,105,500,59,795.0,800.0,797.5,0,0,nan,1.0,nan,nan,False
context,105,500,60,800.0,805.0,802.5,0,0,nan,1.0,nan,nan,False
context,105,500,61,805.0,810.0,807.5,0,0,nan,1.0,nan,nan,False
context,105,500,62,810.0,815.0,812.5,0,0,nan,1.0,nan,nan,False
context,105,500,63,815.0,820.0,817.5,2,2,1.0,1.0,0.6666666666666667,1.0,False
context,105,500,64,820.0,825.0,822.5,0,0,nan,1.0,nan,nan,False
context,105,500,65,825.0,830.0,827.5,0,0,nan,1.0,nan,nan,False
context,105,500,66,830.0,835.0,832.5,0,0,nan,1.0,nan,nan,False
context,105,500,67,835.0,840.0,837.5,0,0,nan,1.0,nan,nan,False
context,105,500,68,840.0,845.0,842.5,1,0,0.0,1.0,0.0,0.5,False
context,105,500,69,845.0,850.0,847.5,1,0,0.0,1.0,0.0,0.5,False
context,105,500,70,850.0,855.0,852.5,0,0,nan,1.0,nan,nan,False
context,105,500,71,855.0,860.0,857.5,4,1,0.25,1.0,0.09999999999999998,0.5,True
context,105,500,72,860.0,865.0,862.5,13,4,0.3076923076923077,1.0,0.1973147582628954,0.4455423845942475,True
context,105,500,73,865.0,870.0,867.5,1,0,0.0,1.0,0.0,0.5,False
context,105,500,74,870.0,875.0,872.5,1,1,1.0,1.0,0.5,1.0,False
context,105,500,75,875.0,880.0,877.5,0,0,nan,1.0,nan,nan,False
context,105,500,76,880.0,885.0,882.5,0,0,nan,1.0,nan,nan,False
context,105,500,77,885.0,890.0,887.5,0,0,nan,1.0,nan,nan,False
context,105,500,78,890.0,895.0,892.5,4,1,0.25,1.0,0.09999999999999998,0.5,True
context,105,500,79,895.0,900.0,897.5,1,1,1.0,1.0,0.5,1.0,False
context,105,500,80,900.0,905.0,902.5,1,0,0.0,1.0,0.0,0.5,False
context,105,500,81,905.0,910.0,907.5,0,0,nan,1.0,nan,nan,False
context,105,500,82,910.0,915.0,912.5,0,0,nan,1.0,nan,nan,False
context,105,500,83,915.0,920.0,917.5,0,0,nan,1.0,nan,nan,False
context,105,500,84,920.0,925.0,922.5,1,1,1.0,1.0,0.5,1.0,False
context,105,500,85,925.0,930.0,927.5,2,1,0.5,1.0,0.21132486540518713,0.7886751345948129,False
context,105,500,86,930.0,935.0,932.5,1,1,1.0,1.0,0.5,1.0,False
context,105,500,87,935.0,940.0,937.5,0,0,nan,1.0,nan,nan,False
context,105,500,88,940.0,945.0,942.5,1,1,1.0,1.0,0.5,1.0,False
context,105,500,89,945.0,950.0,947.5,0,0,nan,1.0,nan,nan,False
context,105,500,90,950.0,955.0,952.5,1,1,1.0,1.0,0.5,1.0,False
context,105,500,91,955.0,960.0,957.5,1,0,0.0,1.0,0.0,0.5,False
context,105,500,92,960.0,965.0,962.5,2,0,0.0,1.0,0.0,0.3333333333333333,False
context,105,500,93,965.0,970.0,967.5,0,0,nan,1.0,nan,nan,False
context,105,500,94,970.0,975.0,972.5,0,0,nan,1.0,nan,nan,False
context,105,500,95,975.0,980.0,977.5,1,1,1.0,1.0,0.5,1.0,False
context,105,500,96,980.0,985.0,982.5,0,0,nan,1.0,nan,nan,False
context,105,500,97,985.0,990.0,987.5,0,0,nan,1.0,nan,nan,False
context,105,500,98,990.0,995.0,992.5,0,0,nan,1.0,nan,nan,False
context,105,500,99,995.0,1000.0,997.5,3,2,0.6666666666666666,1.0,0.3856432230609155,0.8643567769390845,False
context,105,500,100,1000.0,1005.0,1002.5,1,1,1.0,1.0,0.5,1.0,False
context,105,500,101,1005.0,1010.0,1007.5,0,0,nan,1.0,nan,nan,False
context,105,500,102,1010.0,1015.0,1012.5,1,0,0.0,1.0,0.0,0.5,False
context,105,500,103,1015.0,1020.0,1017.5,1,0,0.0,1.0,0.0,0.5,False
context,105,500,104,1020.0,1025.0,1022.5,1,1,1.0,1.0,0.5,1.0,False
context,105,500,105,1025.0,1030.0,1027.5,0,0,nan,1.0,nan,nan,False
context,105,500,106,1030.0,1035.0,1032.5,1,1,1.0,1.0,0.5,1.0,False
context,105,500,107,1035.0,1040.0,1037.5,2,1,0.5,1.0,0.21132486540518713,0.7886751345948129,False
context,105,500,108,1040.0,1045.0,1042.5,0,0,nan,1.0,nan,nan,False
context,105,500,109,1045.0,1050.0,1047.5,2,1,0.5,1.0,0.21132486540518713,0.7886751345948129,False
context,105,500,110,1050.0,1055.0,1052.5,0,0,nan,1.0,nan,nan,False
context,105,500,111,1055.0,1060.0,1057.5,0,0,nan,1.0,nan,nan,False
context,105,500,112,1060.0,1065.0,1062.5,1,1,1.0,1.0,0.5,1.0,False
context,105,500,113,1065.0,1070.0,1067.5,0,0,nan,1.0,nan,nan,False
context,105,500,114,1070.0,1075.0,1072.5,0,0,nan,1.0,nan,nan,False
context,105,500,115,1075.0,1080.0,1077.5,1,1,1.0,1.0,0.5,1.0,False
context,105,500,116,1080.0,1085.0,1082.5,0,0,nan,1.0,nan,nan,False
context,105,500,117,1085.0,1090.0,1087.5,1,0,0.0,1.0,0.0,0.5,False
context,105,500,118,1090.0,1095.0,1092.5,0,0,nan,1.0,nan,nan,False
context,105,500,119,1095.0,1100.0,1097.5,1,0,0.0,1.0,0.0,0.5,False
context,105,500,120,1100.0,1105.0,1102.5,0,0,nan,1.0,nan,nan,False
context,105,500,121,1105.0,1110.0,1107.5,0,0,nan,1.0,nan,nan,False
context,105,500,122,1110.0,1115.0,1112.5,0,0,nan,1.0,nan,nan,False
context,105,500,123,1115.0,1120.0,1117.5,1,1,1.0,1.0,0.5,1.0,False
context,105,500,124,1120.0,1125.0,1122.5,1,0,0.0,1.0,0.0,0.5,False
context,105,500,125,1125.0,1130.0,1127.5,2,1,0.5,1.0,0.21132486540518713,0.7886751345948129,False
context,105,500,126,1130.0,1135.0,1132.5,0,0,nan,1.0,nan,nan,False
context,105,500,127,1135.0,1140.0,1137.5,0,0,nan,1.0,nan,nan,False
context,105,500,128,1140.0,1145.0,1142.5,0,0,nan,1.0,nan,nan,False
context,105,500,129,1145.0,1150.0,1147.5,1,1,1.0,1.0,0.5,1.0,False
context,105,500,130,1150.0,1155.0,1152.5,1,0,0.0,1.0,0.0,0.5,False
context,105,500,131,1155.0,1160.0,1157.5,0,0,nan,1.0,nan,nan,False
context,105,500,132,1160.0,1165.0,1162.5,1,0,0.0,1.0,0.0,0.5,False
context,105,500,133,1165.0,1170.0,1167.5,1,1,1.0,1.0,0.5,1.0,False
context,105,500,134,1170.0,1175.0,1172.5,0,0,nan,1.0,nan,nan,False
context,105,500,135,1175.0,1180.0,1177.5,1,0,0.0,1.0,0.0,0.5,False
context,105,500,136,1180.0,1185.0,1182.5,0,0,nan,1.0,nan,nan,False
context,105,500,137,1185.0,1190.0,1187.5,1,1,1.0,1.0,0.5,1.0,False
context,105,500,138,1190.0,1195.0,1192.5,0,0,nan,1.0,nan,nan,False
context,105,500,139,1195.0,1200.0,1197.5,0,0,nan,1.0,nan,nan,False
context,105,500,140,1200.0,1205.0,1202.5,1,1,1.0,1.0,0.5,1.0,False
context,105,500,141,1205.0,1210.0,1207.5,0,0,nan,1.0,nan,nan,False
context,105,500,142,1210.0,1215.0,1212.5,0,0,nan,1.0,nan,nan,False
context,105,500,143,1215.0,1220.0,1217.5,1,1,1.0,1.0,0.5,1.0,False
context,105,500,144,1220.0,1225.0,1222.5,1,0,0.0,1.0,0.0,0.5,False
context,105,500,145,1225.0,1230.0,1227.5,1,0,0.0,1.0,0.0,0.5,False
context,105,500,146,1230.0,1235.0,1232.5,0,0,nan,1.0,nan,nan,False
context,105,500,147,1235.0,1240.0,1237.5,1,0,0.0,1.0,0.0,0.5,False
context,105,500,148,1240.0,1245.0,1242.5,0,0,nan,1.0,nan,nan,False
context,105,500,149,1245.0,1250.0,1247.5,0,0,nan,1.0,nan,nan,False
context,105,500,150,1250.0,1255.0,1252.5,1,1,1.0,1.0,0.5,1.0,False
context,105,500,151,1255.0,1260.0,1257.5,1,0,0.0,1.0,0.0,0.5,False
context,105,500,152,1260.0,1265.0,1262.5,0,0,nan,1.0,nan,nan,False
context,105,500,153,1265.0,1270.0,1267.5,1,0,0.0,1.0,0.0,0.5,False
context,105,500,154,1270.0,1275.0,1272.5,1,1,1.0,1.0,0.5,1.0,False
context,105,500,155,1275.0,1280.0,1277.5,1,1,1.0,1.0,0.5,1.0,False
context,105,500,156,1280.0,1285.0,1282.5,0,0,nan,1.0,nan,nan,False
context,105,500,157,1285.0,1290.0,1287.5,1,0,0.0,1.0,0.0,0.5,False
context,105,500,158,1290.0,1295.0,1292.5,0,0,nan,1.0,nan,nan,False
context,105,500,159,1295.0,1300.0,1297.5,0,0,nan,1.0,nan,nan,False
context,105,500,160,1300.0,1305.0,1302.5,1,0,0.0,1.0,0.0,0.5,False
context,105,500,161,1305.0,1310.0,1307.5,1,0,0.0,1.0,0.0,0.5,False
context,105,500,162,1310.0,1315.0,1312.5,1,1,1.0,1.0,0.5,1.0,False
context,105,500,163,1315.0,1320.0,1317.5,0,0,nan,1.0,nan,nan,False
context,105,500,164,1320.0,1325.0,1322.5,3,2,0.6666666666666666,1.0,0.3856432230609155,0.8643567769390845,False
context,105,500,165,1325.0,1330.0,1327.5,1,0,0.0,1.0,0.0,0.5,False
context,105,500,166,1330.0,1335.0,1332.5,0,0,nan,1.0,nan,nan,False
context,105,500,167,1335.0,1340.0,1337.5,0,0,nan,1.0,nan,nan,False
context,105,500,168,1340.0,1345.0,1342.5,0,0,nan,1.0,nan,nan,False
context,105,500,169,1345.0,1350.0,1347.5,2,2,1.0,1.0,0.6666666666666667,1.0,False
context,105,500,170,1350.0,1355.0,1352.5,0,0,nan,1.0,nan,nan,False
context,105,500,171,1355.0,1360.0,1357.5,0,0,nan,1.0,nan,nan,False
context,105,500,172,1360.0,1365.0,1362.5,1,0,0.0,1.0,0.0,0.5,False
context,105,500,173,1365.0,1370.0,1367.5,0,0,nan,1.0,nan,nan,False
context,105,500,174,1370.0,1375.0,1372.5,2,2,1.0,1.0,0.6666666666666667,1.0,False
context,105,500,175,1375.0,1380.0,1377.5,1,1,1.0,1.0,0.5,1.0,False
context,105,500,176,1380.0,1385.0,1382.5,0,0,nan,1.0,nan,nan,False
context,105,500,177,1385.0,1390.0,1387.5,0,0,nan,1.0,nan,nan,False
context,105,500,178,1390.0,1395.0,1392.5,0,0,nan,1.0,nan,nan,False
context,105,500,179,1395.0,1400.0,1397.5,1,0,0.0,1.0,0.0,0.5,False
context,105,500,180,1400.0,1405.0,1402.5,1,1,1.0,1.0,0.5,1.0,False
context,105,500,181,1405.0,1410.0,1407.5,1,0,0.0,1.0,0.0,0.5,False
context,105,500,182,1410.0,1415.0,1412.5,1,1,1.0,1.0,0.5,1.0,False
context,105,500,183,1415.0,1420.0,1417.5,0,0,nan,1.0,nan,nan,False
context,105,500,184,1420.0,1425.0,1422.5,1,0,0.0,1.0,0.0,0.5,False
context,105,500,185,1425.0,1430.0,1427.5,1,0,0.0,1.0,0.0,0.5,False
context,105,500,186,1430.0,1435.0,1432.5,1,0,0.0,1.0,0.0,0.5,False
context,105,500,187,1435.0,1440.0,1437.5,0,0,nan,1.0,nan,nan,False
context,105,500,188,1440.0,1445.0,1442.5,1,0,0.0,1.0,0.0,0.5,False
context,105,500,189,1445.0,1450.0,1447.5,2,1,0.5,1.0,0.21132486540518713,0.7886751345948129,False
context,105,500,190,1450.0,1455.0,1452.5,1,1,1.0,1.0,0.5,1.0,False
context,105,500,191,1455.0,1460.0,1457.5,1,1,1.0,1.0,0.5,1.0,False
context,105,500,192,1460.0,1465.0,1462.5,0,0,nan,1.0,nan,nan,False
context,105,500,193,1465.0,1470.0,1467.5,0,0,nan,1.0,nan,nan,False
context,105,500,194,1470.0,1475.0,1472.5,0,0,nan,1.0,nan,nan,False
context,105,500,195,1475.0,1480.0,1477.5,0,0,nan,1.0,nan,nan,False
context,105,500,196,1480.0,1485.0,1482.5,0,0,nan,1.0,nan,nan,False
context,105,500,197,1485.0,1490.0,1487.5,0,0,nan,1.0,nan,nan,False
context,105,500,198,1490.0,1495.0,1492.5,2,1,0.5,1.0,0.21132486540518713,0.7886751345948129,False
context,105,500,199,1495.0,1500.0,1497.5,2,1,0.5,1.0,0.21132486540518713,0.7886751345948129,False
context,105,500,200,1500.0,1505.0,1502.5,1,1,1.0,1.0,0.5,1.0,False
context,105,500,201,1505.0,1510.0,1507.5,1,1,1.0,1.0,0.5,1.0,False
context,105,500,202,1510.0,1515.0,1512.5,0,0,nan,1.0,nan,nan,False
context,105,500,203,1515.0,1520.0,1517.5,0,0,nan,1.0,nan,nan,False
context,105,500,204,1520.0,1525.0,1522.5,0,0,nan,1.0,nan,nan,False
context,105,500,205,1525.0,1530.0,1527.5,0,0,nan,1.0,nan,nan,False
context,105,500,206,1530.0,1535.0,1532.5,0,0,nan,1.0,nan,nan,False
context,105,500,207,1535.0,1540.0,1537.5,1,0,0.0,1.0,0.0,0.5,False
context,105,500,208,1540.0,1545.0,1542.5,1,0,0.0,1.0,0.0,0.5,False
context,105,500,209,1545.0,1550.0,1547.5,1,1,1.0,1.0,0.5,1.0,False
context,105,500,210,1550.0,1555.0,1552.5,0,0,nan,1.0,nan,nan,False
context,105,500,211,1555.0,1560.0,1557.5,0,0,nan,1.0,nan,nan,False
context,105,500,212,1560.0,1565.0,1562.5,0,0,nan,1.0,nan,nan,False
context,105,500,213,1565.0,1570.0,1567.5,0,0,nan,1.0,nan,nan,False
context,105,500,214,1570.0,1575.0,1572.5,0,0,nan,1.0,nan,nan,False
context,105,500,215,1575.0,1580.0,1577.5,2,1,0.5,1.0,0.21132486540518713,0.7886751345948129,False
context,105,500,216,1580.0,1585.0,1582.5,0,0,nan,1.0,nan,nan,False
context,105,500,217,1585.0,1590.0,1587.5,1,1,1.0,1.0,0.5,1.0,False
context,105,500,218,1590.0,1595.0,1592.5,2,2,1.0,1.0,0.6666666666666667,1.0,False
context,105,500,219,1595.0,1600.0,1597.5,0,0,nan,1.0,nan,nan,False
context,105,500,220,1600.0,1605.0,1602.5,1,1,1.0,1.0,0.5,1.0,False
context,105,500,221,1605.0,1610.0,1607.5,0,0,nan,1.0,nan,nan,False
context,105,500,222,1610.0,1615.0,1612.5,0,0,nan,1.0,nan,nan,False
context,105,500,223,1615.0,1620.0,1617.5,2,0,0.0,1.0,0.0,0.3333333333333333,False
context,105,500,224,1620.0,1625.0,1622.5,2,0,0.0,1.0,0.0,0.3333333333333333,False
context,105,500,225,1625.0,1630.0,1627.5,1,0,0.0,1.0,0.0,0.5,False
context,105,500,226,1630.0,1635.0,1632.5,0,0,nan,1.0,nan,nan,False
context,105,500,227,1635.0,1640.0,1637.5,1,0,0.0,1.0,0.0,0.5,False
context,105,500,228,1640.0,1645.0,1642.5,0,0,nan,1.0,nan,nan,False
context,105,500,229,1645.0,1650.0,1647.5,2,0,0.0,1.0,0.0,0.3333333333333333,False
context,105,500,230,1650.0,1655.0,1652.5,0,0,nan,1.0,nan,nan,False
context,105,500,231,1655.0,1660.0,1657.5,0,0,nan,1.0,nan,nan,False
context,105,500,232,1660.0,1665.0,1662.5,1,1,1.0,1.0,0.5,1.0,False
context,105,500,233,1665.0,1670.0,1667.5,0,0,nan,1.0,nan,nan,False
context,105,500,234,1670.0,1675.0,1672.5,0,0,nan,1.0,nan,nan,False
context,105,500,235,1675.0,1680.0,1677.5,0,0,nan,1.0,nan,nan,False
context,105,500,236,1680.0,1685.0,1682.5,3,2,0.6666666666666666,1.0,0.3856432230609155,0.8643567769390845,False
context,105,500,237,1685.0,1690.0,1687.5,0,0,nan,1.0,nan,nan,False
context,105,500,238,1690.0,1695.0,1692.5,0,0,nan,1.0,nan,nan,False
context,105,500,239,1695.0,1700.0,1697.5,1,1,1.0,1.0,0.5,1.0,False
context,105,500,240,1700.0,1705.0,1702.5,1,1,1.0,1.0,0.5,1.0,False
context,105,500,241,1705.0,1710.0,1707.5,1,0,0.0,1.0,0.0,0.5,False
context,105,500,242,1710.0,1715.0,1712.5,0,0,nan,1.0,nan,nan,False
context,105,500,243,1715.0,1720.0,1717.5,1,0,0.0,1.0,0.0,0.5,False
context,105,500,244,1720.0,1725.0,1722.5,1,1,1.0,1.0,0.5,1.0,False
context,105,500,245,1725.0,1730.0,1727.5,2,2,1.0,1.0,0.6666666666666667,1.0,False
context,105,500,246,1730.0,1735.0,1732.5,1,1,1.0,1.0,0.5,1.0,False
context,105,500,247,1735.0,1740.0,1737.5,1,1,1.0,1.0,0.5,1.0,False
context,105,500,248,1740.0,1745.0,1742.5,0,0,nan,1.0,nan,nan,False
context,105,500,249,1745.0,1750.0,1747.5,1,0,0.0,1.0,0.0,0.5,False
context,105,500,250,1750.0,1755.0,1752.5,0,0,nan,1.0,nan,nan,False
context,105,500,251,1755.0,1760.0,1757.5,1,1,1.0,1.0,0.5,1.0,False
context,105,500,252,1760.0,1765.0,1762.5,0,0,nan,1.0,nan,nan,False
context,105,500,253,1765.0,1770.0,1767.5,0,0,nan,1.0,nan,nan,False
context,105,500,254,1770.0,1775.0,1772.5,0,0,nan,1.0,nan,nan,False
context,105,500,255,1775.0,1780.0,1777.5,0,0,nan,1.0,nan,nan,False
context,105,500,256,1780.0,1785.0,1782.5,0,0,nan,1.0,nan,nan,False
context,105,500,257,1785.0,1790.0,1787.5,0,0,nan,1.0,nan,nan,False
context,105,500,258,1790.0,1795.0,1792.5,1,1,1.0,1.0,0.5,1.0,False
context,105,500,259,1795.0,1800.0,1797.5,0,0,nan,1.0,nan,nan,False
context,105,500,260,1800.0,1805.0,1802.5,1,1,1.0,1.0,0.5,1.0,False
context,105,500,261,1805.0,1810.0,1807.5,0,0,nan,1.0,nan,nan,False
context,105,500,262,1810.0,1815.0,1812.5,0,0,nan,1.0,nan,nan,False
context,105,500,263,1815.0,1820.0,1817.5,2,1,0.5,1.0,0.21132486540518713,0.7886751345948129,False
context,105,500,264,1820.0,1825.0,1822.5,3,2,0.6666666666666666,1.0,0.3856432230609155,0.8643567769390845,False
context,105,500,265,1825.0,1830.0,1827.5,0,0,nan,1.0,nan,nan,False
context,105,500,266,1830.0,1835.0,1832.5,1,0,0.0,1.0,0.0,0.5,False
context,105,500,267,1835.0,1840.0,1837.5,0,0,nan,1.0,nan,nan,False
context,105,500,268,1840.0,1845.0,1842.5,0,0,nan,1.0,nan,nan,False
context,105,500,269,1845.0,1850.0,1847.5,3,2,0.6666666666666666,1.0,0.3856432230609155,0.8643567769390845,False
context,105,500,270,1850.0,1855.0,1852.5,1,0,0.0,1.0,0.0,0.5,False
context,105,500,271,1855.0,1860.0,1857.5,0,0,nan,1.0,nan,nan,False
context,105,500,272,1860.0,1865.0,1862.5,1,0,0.0,1.0,0.0,0.5,False
context,105,500,273,1865.0,1870.0,1867.5,1,1,1.0,1.0,0.5,1.0,False
context,105,500,274,1870.0,1875.0,1872.5,1,0,0.0,1.0,0.0,0.5,False
context,105,500,275,1875.0,1880.0,1877.5,0,0,nan,1.0,nan,nan,False
context,105,500,276,1880.0,1885.0,1882.5,0,0,nan,1.0,nan,nan,False
context,105,500,277,1885.0,1890.0,1887.5,0,0,nan,1.0,nan,nan,False
context,105,500,278,1890.0,1895.0,1892.5,1,1,1.0,1.0,0.5,1.0,False
context,105,500,279,1895.0,1900.0,1897.5,0,0,nan,1.0,nan,nan,False
context,105,500,280,1900.0,1905.0,1902.5,0,0,nan,1.0,nan,nan,False
context,105,500,281,1905.0,1910.0,1907.5,1,0,0.0,1.0,0.0,0.5,False
context,105,500,282,1910.0,1915.0,1912.5,0,0,nan,1.0,nan,nan,False
context,105,500,283,1915.0,1920.0,1917.5,1,0,0.0,1.0,0.0,0.5,False
context,105,500,284,1920.0,1925.0,1922.5,1,1,1.0,1.0,0.5,1.0,False
context,105,500,285,1925.0,1930.0,1927.5,0,0,nan,1.0,nan,nan,False
context,105,500,286,1930.0,1935.0,1932.5,1,0,0.0,1.0,0.0,0.5,False
context,105,500,287,1935.0,1940.0,1937.5,1,0,0.0,1.0,0.0,0.5,False
context,105,500,288,1940.0,1945.0,1942.5,1,1,1.0,1.0,0.5,1.0,False
context,105,500,289,1945.0,1950.0,1947.5,0,0,nan,1.0,nan,nan,False
context,105,500,290,1950.0,1955.0,1952.5,0,0,nan,1.0,nan,nan,False
context,105,500,291,1955.0,1960.0,1957.5,0,0,nan,1.0,nan,nan,False
context,105,500,292,1960.0,1965.0,1962.5,0,0,nan,1.0,nan,nan,False
context,105,500,293,1965.0,1970.0,1967.5,0,0,nan,1.0,nan,nan,False
context,105,500,294,1970.0,1975.0,1972.5,0,0,nan,1.0,nan,nan,False
context,105,500,295,1975.0,1980.0,1977.5,0,0,nan,1.0,nan,nan,False
context,105,500,296,1980.0,1985.0,1982.5,0,0,nan,1.0,nan,nan,False
context,105,500,297,1985.0,1990.0,1987.5,0,0,nan,1.0,nan,nan,False
context,105,500,298,1990.0,1995.0,1992.5,0,0,nan,1.0,nan,nan,False
context,105,500,299,1995.0,2000.0,1997.5,0,0,nan,1.0,nan,nan,False
context,105,500,300,2000.0,2005.0,2002.5,0,0,nan,1.0,nan,nan,False
context,105,500,301,2005.0,2010.0,2007.5,1,1,1.0,1.0,0.5,1.0,False
context,105,500,302,2010.0,2015.0,2012.5,0,0,nan,1.0,nan,nan,False
context,105,500,303,2015.0,2020.0,2017.5,0,0,nan,1.0,nan,nan,False
context,105,500,304,2020.0,2025.0,2022.5,0,0,nan,1.0,nan,nan,False
context,105,500,305,2025.0,2030.0,2027.5,3,2,0.6666666666666666,1.0,0.3856432230609155,0.8643567769390845,False
context,105,500,306,2030.0,2035.0,2032.5,3,2,0.6666666666666666,1.0,0.3856432230609155,0.8643567769390845,False
context,105,500,307,2035.0,2040.0,2037.5,0,0,nan,1.0,nan,nan,False
context,105,500,308,2040.0,2045.0,2042.5,0,0,nan,1.0,nan,nan,False
context,105,500,309,2045.0,2050.0,2047.5,1,1,1.0,1.0,0.5,1.0,False
context,105,500,310,2050.0,2055.0,2052.5,0,0,nan,1.0,nan,nan,False
context,105,500,311,2055.0,2060.0,2057.5,0,0,nan,1.0,nan,nan,False
context,105,500,312,2060.0,2065.0,2062.5,3,2,0.6666666666666666,1.0,0.3856432230609155,0.8643567769390845,False
context,105,500,313,2065.0,2070.0,2067.5,0,0,nan,1.0,nan,nan,False
context,105,500,314,2070.0,2075.0,2072.5,0,0,nan,1.0,nan,nan,False
context,105,500,315,2075.0,2080.0,2077.5,0,0,nan,1.0,nan,nan,False
context,105,500,316,2080.0,2085.0,2082.5,0,0,nan,1.0,nan,nan,False
context,105,500,317,2085.0,2090.0,2087.5,1,1,1.0,1.0,0.5,1.0,False
context,105,500,318,2090.0,2095.0,2092.5,0,0,nan,1.0,nan,nan,False
context,105,500,319,2095.0,2100.0,2097.5,1,0,0.0,1.0,0.0,0.5,False
context,105,500,320,2100.0,2105.0,2102.5,4,0,0.0,1.0,0.0,0.2,True
context,105,500,321,2105.0,2110.0,2107.5,6,3,0.5,1.0,0.31101776349538646,0.6889822365046135,True
context,105,500,322,2110.0,2115.0,2112.5,0,0,nan,1.0,nan,nan,False
context,105,500,323,2115.0,2120.0,2117.5,0,0,nan,1.0,nan,nan,False
context,105,500,324,2120.0,2125.0,2122.5,1,0,0.0,1.0,0.0,0.5,False
context,105,500,325,2125.0,2130.0,2127.5,0,0,nan,1.0,nan,nan,False
context,105,500,326,2130.0,2135.0,2132.5,0,0,nan,1.0,nan,nan,False
context,105,500,327,2135.0,2140.0,2137.5,1,0,0.0,1.0,0.0,0.5,False
context,105,500,328,2140.0,2145.0,2142.5,0,0,nan,1.0,nan,nan,False
context,105,500,329,2145.0,2150.0,2147.5,1,1,1.0,1.0,0.5,1.0,False
context,105,500,330,2150.0,2155.0,2152.5,0,0,nan,1.0,nan,nan,False
context,105,500,331,2155.0,2160.0,2157.5,0,0,nan,1.0,nan,nan,False
context,105,500,332,2160.0,2165.0,2162.5,0,0,nan,1.0,nan,nan,False
context,105,500,333,2165.0,2170.0,2167.5,2,1,0.5,1.0,0.21132486540518713,0.7886751345948129,False
context,105,500,334,2170.0,2175.0,2172.5,0,0,nan,1.0,nan,nan,False
context,105,500,335,2175.0,2180.0,2177.5,0,0,nan,1.0,nan,nan,False
context,105,500,336,2180.0,2185.0,2182.5,0,0,nan,1.0,nan,nan,False
context,105,500,337,2185.0,2190.0,2187.5,0,0,nan,1.0,nan,nan,False
context,105,500,338,2190.0,2195.0,2192.5,0,0,nan,1.0,nan,nan,False
context,105,500,339,2195.0,2200.0,2197.5,0,0,nan,1.0,nan,nan,False
context,105,500,340,2200.0,2205.0,2202.5,4,1,0.25,1.0,0.09999999999999998,0.5,True
context,105,500,341,2205.0,2210.0,2207.5,1,0,0.0,1.0,0.0,0.5,False
context,105,500,342,2210.0,2215.0,2212.5,0,0,nan,1.0,nan,nan,False
context,105,500,343,2215.0,2220.0,2217.5,2,2,1.0,1.0,0.6666666666666667,1.0,False
context,105,500,344,2220.0,2225.0,2222.5,2,1,0.5,1.0,0.21132486540518713,0.7886751345948129,False
context,105,500,345,2225.0,2230.0,2227.5,1,1,1.0,1.0,0.5,1.0,False
context,105,500,346,2230.0,2235.0,2232.5,0,0,nan,1.0,nan,nan,False
context,105,500,347,2235.0,2240.0,2237.5,1,1,1.0,1.0,0.5,1.0,False
context,105,500,348,2240.0,2245.0,2242.5,1,1,1.0,1.0,0.5,1.0,False
context,105,500,349,2245.0,2250.0,2247.5,0,0,nan,1.0,nan,nan,False
context,105,500,350,2250.0,2255.0,2252.5,1,1,1.0,1.0,0.5,1.0,False
context,105,500,351,2255.0,2260.0,2257.5,2,0,0.0,1.0,0.0,0.3333333333333333,False
context,105,500,352,2260.0,2265.0,2262.5,4,4,1.0,1.0,0.8,1.0,True
context,105,500,353,2265.0,2270.0,2267.5,1,1,1.0,1.0,0.5,1.0,False
context,105,500,354,2270.0,2275.0,2272.5,0,0,nan,1.0,nan,nan,False
context,105,500,355,2275.0,2280.0,2277.5,0,0,nan,1.0,nan,nan,False
context,105,500,356,2280.0,2285.0,2282.5,0,0,nan,1.0,nan,nan,False
context,105,500,357,2285.0,2290.0,2287.5,1,1,1.0,1.0,0.5,1.0,False
context,105,500,358,2290.0,2295.0,2292.5,1,1,1.0,1.0,0.5,1.0,False
context,105,500,359,2295.0,2300.0,2297.5,2,2,1.0,1.0,0.6666666666666667,1.0,False
context,105,500,360,2300.0,2305.0,2302.5,1,0,0.0,1.0,0.0,0.5,False
context,105,500,361,2305.0,2310.0,2307.5,1,1,1.0,1.0,0.5,1.0,False
context,105,500,362,2310.0,2315.0,2312.5,1,1,1.0,1.0,0.5,1.0,False
context,105,500,363,2315.0,2320.0,2317.5,0,0,nan,1.0,nan,nan,False
context,105,500,364,2320.0,2325.0,2322.5,1,0,0.0,1.0,0.0,0.5,False
context,105,500,365,2325.0,2330.0,2327.5,3,1,0.3333333333333333,1.0,0.13564322306091547,0.6143567769390845,False
context,105,500,366,2330.0,2335.0,2332.5,2,0,0.0,1.0,0.0,0.3333333333333333,False
context,105,500,367,2335.0,2340.0,2337.5,0,0,nan,1.0,nan,nan,False
context,105,500,368,2340.0,2345.0,2342.5,1,0,0.0,1.0,0.0,0.5,False
context,105,500,369,2345.0,2350.0,2347.5,2,2,1.0,1.0,0.6666666666666667,1.0,False
context,105,500,370,2350.0,2355.0,2352.5,1,0,0.0,1.0,0.0,0.5,False
context,105,500,371,2355.0,2360.0,2357.5,2,1,0.5,1.0,0.21132486540518713,0.7886751345948129,False
context,105,500,372,2360.0,2365.0,2362.5,4,3,0.75,1.0,0.49999999999999994,0.8999999999999999,True
context,105,500,373,2365.0,2370.0,2367.5,1,0,0.0,1.0,0.0,0.5,False
context,105,500,374,2370.0,2375.0,2372.5,1,1,1.0,1.0,0.5,1.0,False
context,105,500,375,2375.0,2380.0,2377.5,3,2,0.6666666666666666,1.0,0.3856432230609155,0.8643567769390845,False
context,105,500,376,2380.0,2385.0,2382.5,1,0,0.0,1.0,0.0,0.5,False
context,105,500,377,2385.0,2390.0,2387.5,2,0,0.0,1.0,0.0,0.3333333333333333,False
context,105,500,378,2390.0,2395.0,2392.5,0,0,nan,1.0,nan,nan,False
context,105,500,379,2395.0,2400.0,2397.5,2,0,0.0,1.0,0.0,0.3333333333333333,False
context,105,500,380,2400.0,2405.0,2402.5,1,0,0.0,1.0,0.0,0.5,False
context,105,500,381,2405.0,2410.0,2407.5,0,0,nan,1.0,nan,nan,False
context,105,500,382,2410.0,2415.0,2412.5,2,0,0.0,1.0,0.0,0.3333333333333333,False
context,105,500,383,2415.0,2420.0,2417.5,1,1,1.0,1.0,0.5,1.0,False
context,105,500,384,2420.0,2425.0,2422.5,0,0,nan,1.0,nan,nan,False
context,105,500,385,2425.0,2430.0,2427.5,1,0,0.0,1.0,0.0,0.5,False
context,105,500,386,2430.0,2435.0,2432.5,1,1,1.0,1.0,0.5,1.0,False
context,105,500,387,2435.0,2440.0,2437.5,1,1,1.0,1.0,0.5,1.0,False
context,105,500,388,2440.0,2445.0,2442.5,1,0,0.0,1.0,0.0,0.5,False
context,105,500,389,2445.0,2450.0,2447.5,1,1,1.0,1.0,0.5,1.0,False
context,105,500,390,2450.0,2455.0,2452.5,1,0,0.0,1.0,0.0,0.5,False
context,105,500,391,2455.0,2460.0,2457.5,1,0,0.0,1.0,0.0,0.5,False
context,105,500,392,2460.0,2465.0,2462.5,1,0,0.0,1.0,0.0,0.5,False
context,105,500,393,2465.0,2470.0,2467.5,0,0,nan,1.0,nan,nan,False
context,105,500,394,2470.0,2475.0,2472.5,0,0,nan,1.0,nan,nan,False
context,105,500,395,2475.0,2480.0,2477.5,0,0,nan,1.0,nan,nan,False
context,105,500,396,2480.0,2485.0,2482.5,0,0,nan,1.0,nan,nan,False
context,105,500,397,2485.0,2490.0,2487.5,0,0,nan,1.0,nan,nan,False
context,105,500,398,2490.0,2495.0,2492.5,0,0,nan,1.0,nan,nan,False
context,105,500,399,2495.0,2500.0,2497.5,0,0,nan,1.0,nan,nan,False
context,105,500,400,2500.0,2505.0,2502.5,0,0,nan,1.0,nan,nan,False
context,105,500,401,2505.0,2510.0,2507.5,1,0,0.0,1.0,0.0,0.5,False
context,105,500,402,2510.0,2515.0,2512.5,0,0,nan,1.0,nan,nan,False
context,105,500,403,2515.0,2520.0,2517.5,0,0,nan,1.0,nan,nan,False
context,105,500,404,2520.0,2525.0,2522.5,0,0,nan,1.0,nan,nan,False
context,105,500,405,2525.0,2530.0,2527.5,0,0,nan,1.0,nan,nan,False
context,105,500,406,2530.0,2535.0,2532.5,0,0,nan,1.0,nan,nan,False
context,105,500,407,2535.0,2540.0,2537.5,0,0,nan,1.0,nan,nan,False
context,105,500,408,2540.0,2545.0,2542.5,0,0,nan,1.0,nan,nan,False
context,105,500,409,2545.0,2550.0,2547.5,0,0,nan,1.0,nan,nan,False
context,105,500,410,2550.0,2555.0,2552.5,0,0,nan,1.0,nan,nan,False
context,105,500,411,2555.0,2560.0,2557.5,0,0,nan,1.0,nan,nan,False
context,105,500,412,2560.0,2565.0,2562.5,0,0,nan,1.0,nan,nan,False
context,105,500,413,2565.0,2570.0,2567.5,0,0,nan,1.0,nan,nan,False
context,105,500,414,2570.0,2575.0,2572.5,0,0,nan,1.0,nan,nan,False
context,105,500,415,2575.0,2580.0,2577.5,0,0,nan,1.0,nan,nan,False
context,105,500,416,2580.0,2585.0,2582.5,0,0,nan,1.0,nan,nan,False
context,105,500,417,2585.0,2590.0,2587.5,0,0,nan,1.0,nan,nan,False
context,105,500,418,2590.0,2595.0,2592.5,0,0,nan,1.0,nan,nan,False
context,105,500,419,2595.0,2600.0,2597.5,0,0,nan,1.0,nan,nan,False
context,105,500,420,2600.0,2605.0,2602.5,0,0,nan,1.0,nan,nan,False
context,105,500,421,2605.0,2610.0,2607.5,0,0,nan,1.0,nan,nan,False
context,105,500,422,2610.0,2615.0,2612.5,13,6,0.46153846153846156,1.0,0.33102271609192413,0.5975487124795045,True
context,105,500,423,2615.0,2620.0,2617.5,8,1,0.125,1.0,0.04881553646890875,0.2845177968644246,True
context,105,500,424,2620.0,2625.0,2622.5,0,0,nan,1.0,nan,nan,False
context,105,500,425,2625.0,2630.0,2627.5,0,0,nan,1.0,nan,nan,False
context,105,500,426,2630.0,2635.0,2632.5,0,0,nan,1.0,nan,nan,False
context,105,500,427,2635.0,2640.0,2637.5,0,0,nan,1.0,nan,nan,False
context,105,500,428,2640.0,2645.0,2642.5,0,0,nan,1.0,nan,nan,False
context,105,500,429,2645.0,2650.0,2647.5,0,0,nan,1.0,nan,nan,False
context,105,500,430,2650.0,2655.0,2652.5,0,0,nan,1.0,nan,nan,False
context,105,500,431,2655.0,2660.0,2657.5,0,0,nan,1.0,nan,nan,False
context,105,500,432,2660.0,2665.0,2662.5,0,0,nan,1.0,nan,nan,False
context,105,500,433,2665.0,2670.0,2667.5,0,0,nan,1.0,nan,nan,False
context,105,500,434,2670.0,2675.0,2672.5,0,0,nan,1.0,nan,nan,False
context,105,500,435,2675.0,2680.0,2677.5,0,0,nan,1.0,nan,nan,False
context,105,500,436,2680.0,2685.0,2682.5,0,0,nan,1.0,nan,nan,False
context,105,500,437,2685.0,2690.0,2687.5,0,0,nan,1.0,nan,nan,False
context,105,500,438,2690.0,2695.0,2692.5,0,0,nan,1.0,nan,nan,False
context,105,500,439,2695.0,2700.0,2697.5,0,0,nan,1.0,nan,nan,False
context,105,500,440,2700.0,2705.0,2702.5,0,0,nan,1.0,nan,nan,False
context,105,500,441,2705.0,2710.0,2707.5,0,0,nan,1.0,nan,nan,False
context,105,500,442,2710.0,2715.0,2712.5,0,0,nan,1.0,nan,nan,False
context,105,500,443,2715.0,2720.0,2717.5,0,0,nan,1.0,nan,nan,False
context,105,500,444,2720.0,2725.0,2722.5,0,0,nan,1.0,nan,nan,False
context,105,500,445,2725.0,2730.0,2727.5,0,0,nan,1.0,nan,nan,False
context,105,500,446,2730.0,2735.0,2732.5,0,0,nan,1.0,nan,nan,False
context,105,500,447,2735.0,2740.0,2737.5,0,0,nan,1.0,nan,nan,False
context,105,500,448,2740.0,2745.0,2742.5,0,0,nan,1.0,nan,nan,False
context,105,500,449,2745.0,2750.0,2747.5,0,0,nan,1.0,nan,nan,False
context,105,500,450,2750.0,2755.0,2752.5,0,0,nan,1.0,nan,nan,False
context,105,500,451,2755.0,2760.0,2757.5,0,0,nan,1.0,nan,nan,False
context,105,500,452,2760.0,2765.0,2762.5,0,0,nan,1.0,nan,nan,False
context,105,500,453,2765.0,2770.0,2767.5,0,0,nan,1.0,nan,nan,False
context,105,500,454,2770.0,2775.0,2772.5,0,0,nan,1.0,nan,nan,False
context,105,500,455,2775.0,2780.0,2777.5,0,0,nan,1.0,nan,nan,False
context,105,500,456,2780.0,2785.0,2782.5,0,0,nan,1.0,nan,nan,False
context,105,500,457,2785.0,2790.0,2787.5,0,0,nan,1.0,nan,nan,False
context,105,500,458,2790.0,2795.0,2792.5,0,0,nan,1.0,nan,nan,False
context,105,500,459,2795.0,2800.0,2797.5,0,0,nan,1.0,nan,nan,False
context,105,500,460,2800.0,2805.0,2802.5,0,0,nan,1.0,nan,nan,False
context,105,500,461,2805.0,2810.0,2807.5,0,0,nan,1.0,nan,nan,False
context,105,500,462,2810.0,2815.0,2812.5,0,0,nan,1.0,nan,nan,False
context,105,500,463,2815.0,2820.0,2817.5,0,0,nan,1.0,nan,nan,False
context,105,500,464,2820.0,2825.0,2822.5,0,0,nan,1.0,nan,nan,False
context,105,500,465,2825.0,2830.0,2827.5,0,0,nan,1.0,nan,nan,False
context,105,500,466,2830.0,2835.0,2832.5,0,0,nan,1.0,nan,nan,False
context,105,500,467,2835.0,2840.0,2837.5,0,0,nan,1.0,nan,nan,False
context,105,500,468,2840.0,2845.0,2842.5,0,0,nan,1.0,nan,nan,False
context,105,500,469,2845.0,2850.0,2847.5,0,0,nan,1.0,nan,nan,False
context,105,500,470,2850.0,2855.0,2852.5,0,0,nan,1.0,nan,nan,False
context,105,500,471,2855.0,2860.0,2857.5,0,0,nan,1.0,nan,nan,False
context,105,500,472,2860.0,2865.0,2862.5,0,0,nan,1.0,nan,nan,False
context,105,500,473,2865.0,2870.0,2867.5,0,0,nan,1.0,nan,nan,False
context,105,500,474,2870.0,2875.0,2872.5,0,0,nan,1.0,nan,nan,False
context,105,500,475,2875.0,2880.0,2877.5,0,0,nan,1.0,nan,nan,False
context,105,500,476,2880.0,2885.0,2882.5,0,0,nan,1.0,nan,nan,False
context,105,500,477,2885.0,2890.0,2887.5,0,0,nan,1.0,nan,nan,False
context,105,500,478,2890.0,2895.0,2892.5,0,0,nan,1.0,nan,nan,False
context,105,500,479,2895.0,2900.0,2897.5,0,0,nan,1.0,nan,nan,False
context,105,500,480,2900.0,2905.0,2902.5,0,0,nan,1.0,nan,nan,False
context,105,500,481,2905.0,2910.0,2907.5,0,0,nan,1.0,nan,nan,False
context,105,500,482,2910.0,2915.0,2912.5,0,0,nan,1.0,nan,nan,False
context,105,500,483,2915.0,2920.0,2917.5,0,0,nan,1.0,nan,nan,False
context,105,500,484,2920.0,2925.0,2922.5,0,0,nan,1.0,nan,nan,False
context,105,500,485,2925.0,2930.0,2927.5,0,0,nan,1.0,nan,nan,False
context,105,500,486,2930.0,2935.0,2932.5,0,0,nan,1.0,nan,nan,False
context,105,500,487,2935.0,2940.0,2937.5,0,0,nan,1.0,nan,nan,False
context,105,500,488,2940.0,2945.0,2942.5,0,0,nan,1.0,nan,nan,False
context,105,500,489,2945.0,2950.0,2947.5,0,0,nan,1.0,nan,nan,False
context,105,500,490,2950.0,2955.0,2952.5,0,0,nan,1.0,nan,nan,False
context,105,500,491,2955.0,2960.0,2957.5,0,0,nan,1.0,nan,nan,False
context,105,500,492,2960.0,2965.0,2962.5,0,0,nan,1.0,nan,nan,False
context,105,500,493,2965.0,2970.0,2967.5,0,0,nan,1.0,nan,nan,False
context,105,500,494,2970.0,2975.0,2972.5,0,0,nan,1.0,nan,nan,False
context,105,500,495,2975.0,2980.0,2977.5,0,0,nan,1.0,nan,nan,False
context,105,500,496,2980.0,2985.0,2982.5,0,0,nan,1.0,nan,nan,False
context,105,500,497,2985.0,2990.0,2987.5,0,0,nan,1.0,nan,nan,False
context,105,500,498,2990.0,2995.0,2992.5,0,0,nan,1.0,nan,nan,False
context,105,500,499,2995.0,3000.0,2997.5,0,0,nan,1.0,nan,nan,False
context,106,500,0,500.0,505.0,502.5,4,1,0.25,1.0,0.09999999999999998,0.5,True
context,106,500,1,505.0,510.0,507.5,5,2,0.4,1.0,0.2159734236867951,0.6173599096465383,True
context,106,500,2,510.0,515.0,512.5,24,2,0.08333333333333333,1.0,0.0422649730810374,0.15773502691896255,True
context,106,500,3,515.0,520.0,517.5,1,0,0.0,1.0,0.0,0.5,False
context,106,500,4,520.0,525.0,522.5,3,1,0.3333333333333333,1.0,0.13564322306091547,0.6143567769390845,False
context,106,500,5,525.0,530.0,527.5,4,2,0.5,1.0,0.276393202250021,0.7236067977499789,True
context,106,500,6,530.0,535.0,532.5,0,0,nan,1.0,nan,nan,False
context,106,500,7,535.0,540.0,537.5,3,2,0.6666666666666666,1.0,0.3856432230609155,0.8643567769390845,False
context,106,500,8,540.0,545.0,542.5,7,2,0.2857142857142857,1.0,0.15055038261413342,0.47444961738586655,True
context,106,500,9,545.0,550.0,547.5,1,0,0.0,1.0,0.0,0.5,False
context,106,500,10,550.0,555.0,552.5,6,3,0.5,1.0,0.31101776349538646,0.6889822365046135,True
context,106,500,11,555.0,560.0,557.5,3,1,0.3333333333333333,1.0,0.13564322306091547,0.6143567769390845,False
context,106,500,12,560.0,565.0,562.5,5,1,0.2,1.0,0.07921748723400673,0.4207825127659934,True
context,106,500,13,565.0,570.0,567.5,5,0,0.0,1.0,0.0,0.16666666666666669,True
context,106,500,14,570.0,575.0,572.5,4,2,0.5,1.0,0.276393202250021,0.7236067977499789,True
context,106,500,15,575.0,580.0,577.5,2,1,0.5,1.0,0.21132486540518713,0.7886751345948129,False
context,106,500,16,580.0,585.0,582.5,67,15,0.22388059701492538,1.0,0.17722871134927948,0.278653641591897,True
context,106,500,17,585.0,590.0,587.5,5,2,0.4,1.0,0.2159734236867951,0.6173599096465383,True
context,106,500,18,590.0,595.0,592.5,2,1,0.5,1.0,0.21132486540518713,0.7886751345948129,False
context,106,500,19,595.0,600.0,597.5,3,0,0.0,1.0,0.0,0.25,False
context,106,500,20,600.0,605.0,602.5,2,1,0.5,1.0,0.21132486540518713,0.7886751345948129,False
context,106,500,21,605.0,610.0,607.5,2,0,0.0,1.0,0.0,0.3333333333333333,False
context,106,500,22,610.0,615.0,612.5,2,2,1.0,1.0,0.6666666666666667,1.0,False
context,106,500,23,615.0,620.0,617.5,1,1,1.0,1.0,0.5,1.0,False
context,106,500,24,620.0,625.0,622.5,1,1,1.0,1.0,0.5,1.0,False
context,106,500,25,625.0,630.0,627.5,5,4,0.8,1.0,0.5792174872340067,0.9207825127659933,True
context,106,500,26,630.0,635.0,632.5,2,0,0.0,1.0,0.0,0.3333333333333333,False
context,106,500,27,635.0,640.0,637.5,1,0,0.0,1.0,0.0,0.5,False
context,106,500,28,640.0,645.0,642.5,0,0,nan,1.0,nan,nan,False
context,106,500,29,645.0,650.0,647.5,2,2,1.0,1.0,0.6666666666666667,1.0,False
context,106,500,30,650.0,655.0,652.5,1,1,1.0,1.0,0.5,1.0,False
context,106,500,31,655.0,660.0,657.5,0,0,nan,1.0,nan,nan,False
context,106,500,32,660.0,665.0,662.5,3,2,0.6666666666666666,1.0,0.3856432230609155,0.8643567769390845,False
context,106,500,33,665.0,670.0,667.5,0,0,nan,1.0,nan,nan,False
context,106,500,34,670.0,675.0,672.5,1,1,1.0,1.0,0.5,1.0,False
context,106,500,35,675.0,680.0,677.5,3,2,0.6666666666666666,1.0,0.3856432230609155,0.8643567769390845,False
context,106,500,36,680.0,685.0,682.5,0,0,nan,1.0,nan,nan,False
context,106,500,37,685.0,690.0,687.5,3,1,0.3333333333333333,1.0,0.13564322306091547,0.6143567769390845,False
context,106,500,38,690.0,695.0,692.5,1,0,0.0,1.0,0.0,0.5,False
context,106,500,39,695.0,700.0,697.5,1,1,1.0,1.0,0.5,1.0,False
context,106,500,40,700.0,705.0,702.5,1,0,0.0,1.0,0.0,0.5,False
context,106,500,41,705.0,710.0,707.5,0,0,nan,1.0,nan,nan,False
context,106,500,42,710.0,715.0,712.5,1,0,0.0,1.0,0.0,0.5,False
context,106,500,43,715.0,720.0,717.5,1,0,0.0,1.0,0.0,0.5,False
context,106,500,44,720.0,725.0,722.5,1,0,0.0,1.0,0.0,0.5,False
context,106,500,45,725.0,730.0,727.5,9,2,0.2222222222222222,1.0,0.11562903752835751,0.3843709624716425,True
context,106,500,46,730.0,735.0,732.5,1,1,1.0,1.0,0.5,1.0,False
context,106,500,47,735.0,740.0,737.5,1,0,0.0,1.0,0.0,0.5,False
context,106,500,48,740.0,745.0,742.5,1,0,0.0,1.0,0.0,0.5,False
context,106,500,49,745.0,750.0,747.5,3,2,0.6666666666666666,1.0,0.3856432230609155,0.8643567769390845,False
context,106,500,50,750.0,755.0,752.5,0,0,nan,1.0,nan,nan,False
context,106,500,51,755.0,760.0,757.5,2,1,0.5,1.0,0.21132486540518713,0.7886751345948129,False
context,106,500,52,760.0,765.0,762.5,1,0,0.0,1.0,0.0,0.5,False
context,106,500,53,765.0,770.0,767.5,0,0,nan,1.0,nan,nan,False
context,106,500,54,770.0,775.0,772.5,1,0,0.0,1.0,0.0,0.5,False
context,106,500,55,775.0,780.0,777.5,2,2,1.0,1.0,0.6666666666666667,1.0,False
context,106,500,56,780.0,785.0,782.5,3,3,1.0,1.0,0.7500000000000001,1.0,False
context,106,500,57,785.0,790.0,787.5,1,0,0.0,1.0,0.0,0.5,False
context,106,500,58,790.0,795.0,792.5,1,0,0.0,1.0,0.0,0.5,False
context,106,500,59,795.0,800.0,797.5,1,1,1.0,1.0,0.5,1.0,False
context,106,500,60,800.0,805.0,802.5,1,1,1.0,1.0,0.5,1.0,False
context,106,500,61,805.0,810.0,807.5,1,1,1.0,1.0,0.5,1.0,False
context,106,500,62,810.0,815.0,812.5,0,0,nan,1.0,nan,nan,False
context,106,500,63,815.0,820.0,817.5,1,0,0.0,1.0,0.0,0.5,False
context,106,500,64,820.0,825.0,822.5,0,0,nan,1.0,nan,nan,False
context,106,500,65,825.0,830.0,827.5,1,1,1.0,1.0,0.5,1.0,False
context,106,500,66,830.0,835.0,832.5,0,0,nan,1.0,nan,nan,False
context,106,500,67,835.0,840.0,837.5,1,0,0.0,1.0,0.0,0.5,False
context,106,500,68,840.0,845.0,842.5,0,0,nan,1.0,nan,nan,False
context,106,500,69,845.0,850.0,847.5,1,0,0.0,1.0,0.0,0.5,False
context,106,500,70,850.0,855.0,852.5,0,0,nan,1.0,nan,nan,False
context,106,500,71,855.0,860.0,857.5,2,1,0.5,1.0,0.21132486540518713,0.7886751345948129,False
context,106,500,72,860.0,865.0,862.5,5,1,0.2,1.0,0.07921748723400673,0.4207825127659934,True
context,106,500,73,865.0,870.0,867.5,0,0,nan,1.0,nan,nan,False
context,106,500,74,870.0,875.0,872.5,1,1,1.0,1.0,0.5,1.0,False
context,106,500,75,875.0,880.0,877.5,1,0,0.0,1.0,0.0,0.5,False
context,106,500,76,880.0,885.0,882.5,2,2,1.0,1.0,0.6666666666666667,1.0,False
context,106,500,77,885.0,890.0,887.5,1,1,1.0,1.0,0.5,1.0,False
context,106,500,78,890.0,895.0,892.5,0,0,nan,1.0,nan,nan,False
context,106,500,79,895.0,900.0,897.5,1,0,0.0,1.0,0.0,0.5,False
context,106,500,80,900.0,905.0,902.5,0,0,nan,1.0,nan,nan,False
context,106,500,81,905.0,910.0,907.5,1,0,0.0,1.0,0.0,0.5,False
context,106,500,82,910.0,915.0,912.5,1,1,1.0,1.0,0.5,1.0,False
context,106,500,83,915.0,920.0,917.5,0,0,nan,1.0,nan,nan,False
context,106,500,84,920.0,925.0,922.5,0,0,nan,1.0,nan,nan,False
context,106,500,85,925.0,930.0,927.5,0,0,nan,1.0,nan,nan,False
context,106,500,86,930.0,935.0,932.5,0,0,nan,1.0,nan,nan,False
context,106,500,87,935.0,940.0,937.5,0,0,nan,1.0,nan,nan,False
context,106,500,88,940.0,945.0,942.5,1,0,0.0,1.0,0.0,0.5,False
context,106,500,89,945.0,950.0,947.5,1,1,1.0,1.0,0.5,1.0,False
context,106,500,90,950.0,955.0,952.5,1,0,0.0,1.0,0.0,0.5,False
context,106,500,91,955.0,960.0,957.5,0,0,nan,1.0,nan,nan,False
context,106,500,92,960.0,965.0,962.5,0,0,nan,1.0,nan,nan,False
context,106,500,93,965.0,970.0,967.5,0,0,nan,1.0,nan,nan,False
context,106,500,94,970.0,975.0,972.5,1,0,0.0,1.0,0.0,0.5,False
context,106,500,95,975.0,980.0,977.5,0,0,nan,1.0,nan,nan,False
context,106,500,96,980.0,985.0,982.5,1,0,0.0,1.0,0.0,0.5,False
context,106,500,97,985.0,990.0,987.5,0,0,nan,1.0,nan,nan,False
context,106,500,98,990.0,995.0,992.5,1,0,0.0,1.0,0.0,0.5,False
context,106,500,99,995.0,1000.0,997.5,1,1,1.0,1.0,0.5,1.0,False
context,106,500,100,1000.0,1005.0,1002.5,0,0,nan,1.0,nan,nan,False
context,106,500,101,1005.0,1010.0,1007.5,0,0,nan,1.0,nan,nan,False
context,106,500,102,1010.0,1015.0,1012.5,1,1,1.0,1.0,0.5,1.0,False
context,106,500,103,1015.0,1020.0,1017.5,1,1,1.0,1.0,0.5,1.0,False
context,106,500,104,1020.0,1025.0,1022.5,0,0,nan,1.0,nan,nan,False
context,106,500,105,1025.0,1030.0,1027.5,2,1,0.5,1.0,0.21132486540518713,0.7886751345948129,False
context,106,500,106,1030.0,1035.0,1032.5,0,0,nan,1.0,nan,nan,False
context,106,500,107,1035.0,1040.0,1037.5,1,0,0.0,1.0,0.0,0.5,False
context,106,500,108,1040.0,1045.0,1042.5,1,1,1.0,1.0,0.5,1.0,False
context,106,500,109,1045.0,1050.0,1047.5,1,1,1.0,1.0,0.5,1.0,False
context,106,500,110,1050.0,1055.0,1052.5,0,0,nan,1.0,nan,nan,False
context,106,500,111,1055.0,1060.0,1057.5,1,0,0.0,1.0,0.0,0.5,False
context,106,500,112,1060.0,1065.0,1062.5,1,0,0.0,1.0,0.0,0.5,False
context,106,500,113,1065.0,1070.0,1067.5,1,0,0.0,1.0,0.0,0.5,False
context,106,500,114,1070.0,1075.0,1072.5,1,1,1.0,1.0,0.5,1.0,False
context,106,500,115,1075.0,1080.0,1077.5,2,1,0.5,1.0,0.21132486540518713,0.7886751345948129,False
context,106,500,116,1080.0,1085.0,1082.5,0,0,nan,1.0,nan,nan,False
context,106,500,117,1085.0,1090.0,1087.5,1,1,1.0,1.0,0.5,1.0,False
context,106,500,118,1090.0,1095.0,1092.5,1,0,0.0,1.0,0.0,0.5,False
context,106,500,119,1095.0,1100.0,1097.5,3,0,0.0,1.0,0.0,0.25,False
context,106,500,120,1100.0,1105.0,1102.5,1,0,0.0,1.0,0.0,0.5,False
context,106,500,121,1105.0,1110.0,1107.5,0,0,nan,1.0,nan,nan,False
context,106,500,122,1110.0,1115.0,1112.5,1,1,1.0,1.0,0.5,1.0,False
context,106,500,123,1115.0,1120.0,1117.5,0,0,nan,1.0,nan,nan,False
context,106,500,124,1120.0,1125.0,1122.5,0,0,nan,1.0,nan,nan,False
context,106,500,125,1125.0,1130.0,1127.5,0,0,nan,1.0,nan,nan,False
context,106,500,126,1130.0,1135.0,1132.5,3,2,0.6666666666666666,1.0,0.3856432230609155,0.8643567769390845,False
context,106,500,127,1135.0,1140.0,1137.5,0,0,nan,1.0,nan,nan,False
context,106,500,128,1140.0,1145.0,1142.5,1,1,1.0,1.0,0.5,1.0,False
context,106,500,129,1145.0,1150.0,1147.5,1,0,0.0,1.0,0.0,0.5,False
context,106,500,130,1150.0,1155.0,1152.5,0,0,nan,1.0,nan,nan,False
context,106,500,131,1155.0,1160.0,1157.5,0,0,nan,1.0,nan,nan,False
context,106,500,132,1160.0,1165.0,1162.5,0,0,nan,1.0,nan,nan,False
context,106,500,133,1165.0,1170.0,1167.5,0,0,nan,1.0,nan,nan,False
context,106,500,134,1170.0,1175.0,1172.5,0,0,nan,1.0,nan,nan,False
context,106,500,135,1175.0,1180.0,1177.5,1,1,1.0,1.0,0.5,1.0,False
context,106,500,136,1180.0,1185.0,1182.5,1,0,0.0,1.0,0.0,0.5,False
context,106,500,137,1185.0,1190.0,1187.5,1,1,1.0,1.0,0.5,1.0,False
context,106,500,138,1190.0,1195.0,1192.5,0,0,nan,1.0,nan,nan,False
context,106,500,139,1195.0,1200.0,1197.5,0,0,nan,1.0,nan,nan,False
context,106,500,140,1200.0,1205.0,1202.5,0,0,nan,1.0,nan,nan,False
context,106,500,141,1205.0,1210.0,1207.5,1,1,1.0,1.0,0.5,1.0,False
context,106,500,142,1210.0,1215.0,1212.5,0,0,nan,1.0,nan,nan,False
context,106,500,143,1215.0,1220.0,1217.5,0,0,nan,1.0,nan,nan,False
context,106,500,144,1220.0,1225.0,1222.5,0,0,nan,1.0,nan,nan,False
context,106,500,145,1225.0,1230.0,1227.5,1,1,1.0,1.0,0.5,1.0,False
context,106,500,146,1230.0,1235.0,1232.5,0,0,nan,1.0,nan,nan,False
context,106,500,147,1235.0,1240.0,1237.5,0,0,nan,1.0,nan,nan,False
context,106,500,148,1240.0,1245.0,1242.5,0,0,nan,1.0,nan,nan,False
context,106,500,149,1245.0,1250.0,1247.5,0,0,nan,1.0,nan,nan,False
context,106,500,150,1250.0,1255.0,1252.5,1,0,0.0,1.0,0.0,0.5,False
context,106,500,151,1255.0,1260.0,1257.5,1,1,1.0,1.0,0.5,1.0,False
context,106,500,152,1260.0,1265.0,1262.5,0,0,nan,1.0,nan,nan,False
context,106,500,153,1265.0,1270.0,1267.5,1,1,1.0,1.0,0.5,1.0,False
context,106,500,154,1270.0,1275.0,1272.5,0,0,nan,1.0,nan,nan,False
context,106,500,155,1275.0,1280.0,1277.5,0,0,nan,1.0,nan,nan,False
context,106,500,156,1280.0,1285.0,1282.5,0,0,nan,1.0,nan,nan,False
context,106,500,157,1285.0,1290.0,1287.5,0,0,nan,1.0,nan,nan,False
context,106,500,158,1290.0,1295.0,1292.5,1,1,1.0,1.0,0.5,1.0,False
context,106,500,159,1295.0,1300.0,1297.5,1,1,1.0,1.0,0.5,1.0,False
context,106,500,160,1300.0,1305.0,1302.5,0,0,nan,1.0,nan,nan,False
context,106,500,161,1305.0,1310.0,1307.5,0,0,nan,1.0,nan,nan,False
context,106,500,162,1310.0,1315.0,1312.5,1,0,0.0,1.0,0.0,0.5,False
context,106,500,163,1315.0,1320.0,1317.5,0,0,nan,1.0,nan,nan,False
context,106,500,164,1320.0,1325.0,1322.5,0,0,nan,1.0,nan,nan,False
context,106,500,165,1325.0,1330.0,1327.5,1,1,1.0,1.0,0.5,1.0,False
context,106,500,166,1330.0,1335.0,1332.5,1,0,0.0,1.0,0.0,0.5,False
context,106,500,167,1335.0,1340.0,1337.5,0,0,nan,1.0,nan,nan,False
context,106,500,168,1340.0,1345.0,1342.5,1,0,0.0,1.0,0.0,0.5,False
context,106,500,169,1345.0,1350.0,1347.5,2,1,0.5,1.0,0.21132486540518713,0.7886751345948129,False
context,106,500,170,1350.0,1355.0,1352.5,0,0,nan,1.0,nan,nan,False
context,106,500,171,1355.0,1360.0,1357.5,1,1,1.0,1.0,0.5,1.0,False
context,106,500,172,1360.0,1365.0,1362.5,0,0,nan,1.0,nan,nan,False
context,106,500,173,1365.0,1370.0,1367.5,0,0,nan,1.0,nan,nan,False
context,106,500,174,1370.0,1375.0,1372.5,1,1,1.0,1.0,0.5,1.0,False
context,106,500,175,1375.0,1380.0,1377.5,0,0,nan,1.0,nan,nan,False
context,106,500,176,1380.0,1385.0,1382.5,2,0,0.0,1.0,0.0,0.3333333333333333,False
context,106,500,177,1385.0,1390.0,1387.5,0,0,nan,1.0,nan,nan,False
context,106,500,178,1390.0,1395.0,1392.5,0,0,nan,1.0,nan,nan,False
context,106,500,179,1395.0,1400.0,1397.5,0,0,nan,1.0,nan,nan,False
context,106,500,180,1400.0,1405.0,1402.5,0,0,nan,1.0,nan,nan,False
context,106,500,181,1405.0,1410.0,1407.5,2,1,0.5,1.0,0.21132486540518713,0.7886751345948129,False
context,106,500,182,1410.0,1415.0,1412.5,0,0,nan,1.0,nan,nan,False
context,106,500,183,1415.0,1420.0,1417.5,1,1,1.0,1.0,0.5,1.0,False
context,106,500,184,1420.0,1425.0,1422.5,0,0,nan,1.0,nan,nan,False
context,106,500,185,1425.0,1430.0,1427.5,0,0,nan,1.0,nan,nan,False
context,106,500,186,1430.0,1435.0,1432.5,1,0,0.0,1.0,0.0,0.5,False
context,106,500,187,1435.0,1440.0,1437.5,0,0,nan,1.0,nan,nan,False
context,106,500,188,1440.0,1445.0,1442.5,0,0,nan,1.0,nan,nan,False
context,106,500,189,1445.0,1450.0,1447.5,0,0,nan,1.0,nan,nan,False
context,106,500,190,1450.0,1455.0,1452.5,0,0,nan,1.0,nan,nan,False
context,106,500,191,1455.0,1460.0,1457.5,0,0,nan,1.0,nan,nan,False
context,106,500,192,1460.0,1465.0,1462.5,0,0,nan,1.0,nan,nan,False
context,106,500,193,1465.0,1470.0,1467.5,1,0,0.0,1.0,0.0,0.5,False
context,106,500,194,1470.0,1475.0,1472.5,1,1,1.0,1.0,0.5,1.0,False
context,106,500,195,1475.0,1480.0,1477.5,0,0,nan,1.0,nan,nan,False
context,106,500,196,1480.0,1485.0,1482.5,1,1,1.0,1.0,0.5,1.0,False
context,106,500,197,1485.0,1490.0,1487.5,0,0,nan,1.0,nan,nan,False
context,106,500,198,1490.0,1495.0,1492.5,0,0,nan,1.0,nan,nan,False
context,106,500,199,1495.0,1500.0,1497.5,0,0,nan,1.0,nan,nan,False
context,106,500,200,1500.0,1505.0,1502.5,0,0,nan,1.0,nan,nan,False
context,106,500,201,1505.0,1510.0,1507.5,0,0,nan,1.0,nan,nan,False
context,106,500,202,1510.0,1515.0,1512.5,1,1,1.0,1.0,0.5,1.0,False
context,106,500,203,1515.0,1520.0,1517.5,0,0,nan,1.0,nan,nan,False
context,106,500,204,1520.0,1525.0,1522.5,1,0,0.0,1.0,0.0,0.5,False
context,106,500,205,1525.0,1530.0,1527.5,0,0,nan,1.0,nan,nan,False
context,106,500,206,1530.0,1535.0,1532.5,2,2,1.0,1.0,0.6666666666666667,1.0,False
context,106,500,207,1535.0,1540.0,1537.5,0,0,nan,1.0,nan,nan,False
context,106,500,208,1540.0,1545.0,1542.5,2,1,0.5,1.0,0.21132486540518713,0.7886751345948129,False
context,106,500,209,1545.0,1550.0,1547.5,0,0,nan,1.0,nan,nan,False
context,106,500,210,1550.0,1555.0,1552.5,0,0,nan,1.0,nan,nan,False
context,106,500,211,1555.0,1560.0,1557.5,1,0,0.0,1.0,0.0,0.5,False
context,106,500,212,1560.0,1565.0,1562.5,0,0,nan,1.0,nan,nan,False
context,106,500,213,1565.0,1570.0,1567.5,0,0,nan,1.0,nan,nan,False
context,106,500,214,1570.0,1575.0,1572.5,1,0,0.0,1.0,0.0,0.5,False
context,106,500,215,1575.0,1580.0,1577.5,0,0,nan,1.0,nan,nan,False
context,106,500,216,1580.0,1585.0,1582.5,1,0,0.0,1.0,0.0,0.5,False
context,106,500,217,1585.0,1590.0,1587.5,0,0,nan,1.0,nan,nan,False
context,106,500,218,1590.0,1595.0,1592.5,3,3,1.0,1.0,0.7500000000000001,1.0,False
context,106,500,219,1595.0,1600.0,1597.5,1,0,0.0,1.0,0.0,0.5,False
context,106,500,220,1600.0,1605.0,1602.5,1,1,1.0,1.0,0.5,1.0,False
context,106,500,221,1605.0,1610.0,1607.5,3,1,0.3333333333333333,1.0,0.13564322306091547,0.6143567769390845,False
context,106,500,222,1610.0,1615.0,1612.5,0,0,nan,1.0,nan,nan,False
context,106,500,223,1615.0,1620.0,1617.5,0,0,nan,1.0,nan,nan,False
context,106,500,224,1620.0,1625.0,1622.5,1,1,1.0,1.0,0.5,1.0,False
context,106,500,225,1625.0,1630.0,1627.5,1,1,1.0,1.0,0.5,1.0,False
context,106,500,226,1630.0,1635.0,1632.5,1,0,0.0,1.0,0.0,0.5,False
context,106,500,227,1635.0,1640.0,1637.5,1,1,1.0,1.0,0.5,1.0,False
context,106,500,228,1640.0,1645.0,1642.5,0,0,nan,1.0,nan,nan,False
context,106,500,229,1645.0,1650.0,1647.5,0,0,nan,1.0,nan,nan,False
context,106,500,230,1650.0,1655.0,1652.5,0,0,nan,1.0,nan,nan,False
context,106,500,231,1655.0,1660.0,1657.5,0,0,nan,1.0,nan,nan,False
context,106,500,232,1660.0,1665.0,1662.5,0,0,nan,1.0,nan,nan,False
context,106,500,233,1665.0,1670.0,1667.5,1,1,1.0,1.0,0.5,1.0,False
context,106,500,234,1670.0,1675.0,1672.5,0,0,nan,1.0,nan,nan,False
context,106,500,235,1675.0,1680.0,1677.5,1,1,1.0,1.0,0.5,1.0,False
context,106,500,236,1680.0,1685.0,1682.5,1,1,1.0,1.0,0.5,1.0,False
context,106,500,237,1685.0,1690.0,1687.5,0,0,nan,1.0,nan,nan,False
context,106,500,238,1690.0,1695.0,1692.5,0,0,nan,1.0,nan,nan,False
context,106,500,239,1695.0,1700.0,1697.5,0,0,nan,1.0,nan,nan,False
context,106,500,240,1700.0,1705.0,1702.5,1,0,0.0,1.0,0.0,0.5,False
context,106,500,241,1705.0,1710.0,1707.5,1,0,0.0,1.0,0.0,0.5,False
context,106,500,242,1710.0,1715.0,1712.5,1,1,1.0,1.0,0.5,1.0,False
context,106,500,243,1715.0,1720.0,1717.5,1,1,1.0,1.0,0.5,1.0,False
context,106,500,244,1720.0,1725.0,1722.5,0,0,nan,1.0,nan,nan,False
context,106,500,245,1725.0,1730.0,1727.5,1,0,0.0,1.0,0.0,0.5,False
context,106,500,246,1730.0,1735.0,1732.5,0,0,nan,1.0,nan,nan,False
context,106,500,247,1735.0,1740.0,1737.5,1,0,0.0,1.0,0.0,0.5,False
context,106,500,248,1740.0,1745.0,1742.5,1,0,0.0,1.0,0.0,0.5,False
context,106,500,249,1745.0,1750.0,1747.5,0,0,nan,1.0,nan,nan,False
context,106,500,250,1750.0,1755.0,1752.5,0,0,nan,1.0,nan,nan,False
context,106,500,251,1755.0,1760.0,1757.5,1,1,1.0,1.0,0.5,1.0,False
context,106,500,252,1760.0,1765.0,1762.5,0,0,nan,1.0,nan,nan,False
context,106,500,253,1765.0,1770.0,1767.5,1,0,0.0,1.0,0.0,0.5,False
context,106,500,254,1770.0,1775.0,1772.5,0,0,nan,1.0,nan,nan,False
context,106,500,255,1775.0,1780.0,1777.5,1,0,0.0,1.0,0.0,0.5,False
context,106,500,256,1780.0,1785.0,1782.5,0,0,nan,1.0,nan,nan,False
context,106,500,257,1785.0,1790.0,1787.5,3,2,0.6666666666666666,1.0,0.3856432230609155,0.8643567769390845,False
context,106,500,258,1790.0,1795.0,1792.5,0,0,nan,1.0,nan,nan,False
context,106,500,259,1795.0,1800.0,1797.5,1,0,0.0,1.0,0.0,0.5,False
context,106,500,260,1800.0,1805.0,1802.5,0,0,nan,1.0,nan,nan,False
context,106,500,261,1805.0,1810.0,1807.5,1,0,0.0,1.0,0.0,0.5,False
context,106,500,262,1810.0,1815.0,1812.5,0,0,nan,1.0,nan,nan,False
context,106,500,263,1815.0,1820.0,1817.5,2,0,0.0,1.0,0.0,0.3333333333333333,False
context,106,500,264,1820.0,1825.0,1822.5,0,0,nan,1.0,nan,nan,False
context,106,500,265,1825.0,1830.0,1827.5,0,0,nan,1.0,nan,nan,False
context,106,500,266,1830.0,1835.0,1832.5,2,1,0.5,1.0,0.21132486540518713,0.7886751345948129,False
context,106,500,267,1835.0,1840.0,1837.5,0,0,nan,1.0,nan,nan,False
context,106,500,268,1840.0,1845.0,1842.5,3,1,0.3333333333333333,1.0,0.13564322306091547,0.6143567769390845,False
context,106,500,269,1845.0,1850.0,1847.5,0,0,nan,1.0,nan,nan,False
context,106,500,270,1850.0,1855.0,1852.5,1,1,1.0,1.0,0.5,1.0,False
context,106,500,271,1855.0,1860.0,1857.5,1,0,0.0,1.0,0.0,0.5,False
context,106,500,272,1860.0,1865.0,1862.5,0,0,nan,1.0,nan,nan,False
context,106,500,273,1865.0,1870.0,1867.5,2,1,0.5,1.0,0.21132486540518713,0.7886751345948129,False
context,106,500,274,1870.0,1875.0,1872.5,0,0,nan,1.0,nan,nan,False
context,106,500,275,1875.0,1880.0,1877.5,1,1,1.0,1.0,0.5,1.0,False
context,106,500,276,1880.0,1885.0,1882.5,0,0,nan,1.0,nan,nan,False
context,106,500,277,1885.0,1890.0,1887.5,0,0,nan,1.0,nan,nan,False
context,106,500,278,1890.0,1895.0,1892.5,1,1,1.0,1.0,0.5,1.0,False
context,106,500,279,1895.0,1900.0,1897.5,2,2,1.0,1.0,0.6666666666666667,1.0,False
context,106,500,280,1900.0,1905.0,1902.5,0,0,nan,1.0,nan,nan,False
context,106,500,281,1905.0,1910.0,1907.5,1,1,1.0,1.0,0.5,1.0,False
context,106,500,282,1910.0,1915.0,1912.5,0,0,nan,1.0,nan,nan,False
context,106,500,283,1915.0,1920.0,1917.5,1,1,1.0,1.0,0.5,1.0,False
context,106,500,284,1920.0,1925.0,1922.5,0,0,nan,1.0,nan,nan,False
context,106,500,285,1925.0,1930.0,1927.5,1,1,1.0,1.0,0.5,1.0,False
context,106,500,286,1930.0,1935.0,1932.5,1,1,1.0,1.0,0.5,1.0,False
context,106,500,287,1935.0,1940.0,1937.5,0,0,nan,1.0,nan,nan,False
context,106,500,288,1940.0,1945.0,1942.5,1,1,1.0,1.0,0.5,1.0,False
context,106,500,289,1945.0,1950.0,1947.5,1,0,0.0,1.0,0.0,0.5,False
context,106,500,290,1950.0,1955.0,1952.5,0,0,nan,1.0,nan,nan,False
context,106,500,291,1955.0,1960.0,1957.5,1,1,1.0,1.0,0.5,1.0,False
context,106,500,292,1960.0,1965.0,1962.5,0,0,nan,1.0,nan,nan,False
context,106,500,293,1965.0,1970.0,1967.5,0,0,nan,1.0,nan,nan,False
context,106,500,294,1970.0,1975.0,1972.5,1,1,1.0,1.0,0.5,1.0,False
context,106,500,295,1975.0,1980.0,1977.5,0,0,nan,1.0,nan,nan,False
context,106,500,296,1980.0,1985.0,1982.5,2,1,0.5,1.0,0.21132486540518713,0.7886751345948129,False
context,106,500,297,1985.0,1990.0,1987.5,0,0,nan,1.0,nan,nan,False
context,106,500,298,1990.0,1995.0,1992.5,0,0,nan,1.0,nan,nan,False
context,106,500,299,1995.0,2000.0,1997.5,0,0,nan,1.0,nan,nan,False
context,106,500,300,2000.0,2005.0,2002.5,0,0,nan,1.0,nan,nan,False
context,106,500,301,2005.0,2010.0,2007.5,1,1,1.0,1.0,0.5,1.0,False
context,106,500,302,2010.0,2015.0,2012.5,2,1,0.5,1.0,0.21132486540518713,0.7886751345948129,False
context,106,500,303,2015.0,2020.0,2017.5,0,0,nan,1.0,nan,nan,False
context,106,500,304,2020.0,2025.0,2022.5,0,0,nan,1.0,nan,nan,False
context,106,500,305,2025.0,2030.0,2027.5,3,2,0.6666666666666666,1.0,0.3856432230609155,0.8643567769390845,False
context,106,500,306,2030.0,2035.0,2032.5,0,0,nan,1.0,nan,nan,False
context,106,500,307,2035.0,2040.0,2037.5,1,1,1.0,1.0,0.5,1.0,False
context,106,500,308,2040.0,2045.0,2042.5,0,0,nan,1.0,nan,nan,False
context,106,500,309,2045.0,2050.0,2047.5,1,1,1.0,1.0,0.5,1.0,False
context,106,500,310,2050.0,2055.0,2052.5,1,0,0.0,1.0,0.0,0.5,False
context,106,500,311,2055.0,2060.0,2057.5,0,0,nan,1.0,nan,nan,False
context,106,500,312,2060.0,2065.0,2062.5,1,1,1.0,1.0,0.5,1.0,False
context,106,500,313,2065.0,2070.0,2067.5,1,0,0.0,1.0,0.0,0.5,False
context,106,500,314,2070.0,2075.0,2072.5,3,0,0.0,1.0,0.0,0.25,False
context,106,500,315,2075.0,2080.0,2077.5,1,1,1.0,1.0,0.5,1.0,False
context,106,500,316,2080.0,2085.0,2082.5,1,1,1.0,1.0,0.5,1.0,False
context,106,500,317,2085.0,2090.0,2087.5,0,0,nan,1.0,nan,nan,False
context,106,500,318,2090.0,2095.0,2092.5,1,0,0.0,1.0,0.0,0.5,False
context,106,500,319,2095.0,2100.0,2097.5,1,1,1.0,1.0,0.5,1.0,False
context,106,500,320,2100.0,2105.0,2102.5,6,1,0.16666666666666666,1.0,0.06559528575241907,0.3629761428190095,True
context,106,500,321,2105.0,2110.0,2107.5,0,0,nan,1.0,nan,nan,False
context,106,500,322,2110.0,2115.0,2112.5,1,0,0.0,1.0,0.0,0.5,False
context,106,500,323,2115.0,2120.0,2117.5,2,2,1.0,1.0,0.6666666666666667,1.0,False
context,106,500,324,2120.0,2125.0,2122.5,1,0,0.0,1.0,0.0,0.5,False
context,106,500,325,2125.0,2130.0,2127.5,1,1,1.0,1.0,0.5,1.0,False
context,106,500,326,2130.0,2135.0,2132.5,0,0,nan,1.0,nan,nan,False
context,106,500,327,2135.0,2140.0,2137.5,2,2,1.0,1.0,0.6666666666666667,1.0,False
context,106,500,328,2140.0,2145.0,2142.5,0,0,nan,1.0,nan,nan,False
context,106,500,329,2145.0,2150.0,2147.5,0,0,nan,1.0,nan,nan,False
context,106,500,330,2150.0,2155.0,2152.5,0,0,nan,1.0,nan,nan,False
context,106,500,331,2155.0,2160.0,2157.5,1,1,1.0,1.0,0.5,1.0,False
context,106,500,332,2160.0,2165.0,2162.5,3,2,0.6666666666666666,1.0,0.3856432230609155,0.8643567769390845,False
context,106,500,333,2165.0,2170.0,2167.5,0,0,nan,1.0,nan,nan,False
context,106,500,334,2170.0,2175.0,2172.5,0,0,nan,1.0,nan,nan,False
context,106,500,335,2175.0,2180.0,2177.5,1,0,0.0,1.0,0.0,0.5,False
context,106,500,336,2180.0,2185.0,2182.5,1,1,1.0,1.0,0.5,1.0,False
context,106,500,337,2185.0,2190.0,2187.5,0,0,nan,1.0,nan,nan,False
context,106,500,338,2190.0,2195.0,2192.5,1,1,1.0,1.0,0.5,1.0,False
context,106,500,339,2195.0,2200.0,2197.5,0,0,nan,1.0,nan,nan,False
context,106,500,340,2200.0,2205.0,2202.5,0,0,nan,1.0,nan,nan,False
context,106,500,341,2205.0,2210.0,2207.5,1,0,0.0,1.0,0.0,0.5,False
context,106,500,342,2210.0,2215.0,2212.5,0,0,nan,1.0,nan,nan,False
context,106,500,343,2215.0,2220.0,2217.5,0,0,nan,1.0,nan,nan,False
context,106,500,344,2220.0,2225.0,2222.5,2,1,0.5,1.0,0.21132486540518713,0.7886751345948129,False
context,106,500,345,2225.0,2230.0,2227.5,1,0,0.0,1.0,0.0,0.5,False
context,106,500,346,2230.0,2235.0,2232.5,1,1,1.0,1.0,0.5,1.0,False
context,106,500,347,2235.0,2240.0,2237.5,1,0,0.0,1.0,0.0,0.5,False
context,106,500,348,2240.0,2245.0,2242.5,1,0,0.0,1.0,0.0,0.5,False
context,106,500,349,2245.0,2250.0,2247.5,2,1,0.5,1.0,0.21132486540518713,0.7886751345948129,False
context,106,500,350,2250.0,2255.0,2252.5,0,0,nan,1.0,nan,nan,False
context,106,500,351,2255.0,2260.0,2257.5,1,1,1.0,1.0,0.5,1.0,False
context,106,500,352,2260.0,2265.0,2262.5,0,0,nan,1.0,nan,nan,False
context,106,500,353,2265.0,2270.0,2267.5,1,0,0.0,1.0,0.0,0.5,False
context,106,500,354,2270.0,2275.0,2272.5,2,0,0.0,1.0,0.0,0.3333333333333333,False
context,106,500,355,2275.0,2280.0,2277.5,0,0,nan,1.0,nan,nan,False
context,106,500,356,2280.0,2285.0,2282.5,1,1,1.0,1.0,0.5,1.0,False
context,106,500,357,2285.0,2290.0,2287.5,3,2,0.6666666666666666,1.0,0.3856432230609155,0.8643567769390845,False
context,106,500,358,2290.0,2295.0,2292.5,2,1,0.5,1.0,0.21132486540518713,0.7886751345948129,False
context,106,500,359,2295.0,2300.0,2297.5,0,0,nan,1.0,nan,nan,False
context,106,500,360,2300.0,2305.0,2302.5,1,1,1.0,1.0,0.5,1.0,False
context,106,500,361,2305.0,2310.0,2307.5,3,1,0.3333333333333333,1.0,0.13564322306091547,0.6143567769390845,False
context,106,500,362,2310.0,2315.0,2312.5,2,1,0.5,1.0,0.21132486540518713,0.7886751345948129,False
context,106,500,363,2315.0,2320.0,2317.5,1,1,1.0,1.0,0.5,1.0,False
context,106,500,364,2320.0,2325.0,2322.5,0,0,nan,1.0,nan,nan,False
context,106,500,365,2325.0,2330.0,2327.5,0,0,nan,1.0,nan,nan,False
context,106,500,366,2330.0,2335.0,2332.5,2,2,1.0,1.0,0.6666666666666667,1.0,False
context,106,500,367,2335.0,2340.0,2337.5,1,0,0.0,1.0,0.0,0.5,False
context,106,500,368,2340.0,2345.0,2342.5,3,3,1.0,1.0,0.7500000000000001,1.0,False
context,106,500,369,2345.0,2350.0,2347.5,1,0,0.0,1.0,0.0,0.5,False
context,106,500,370,2350.0,2355.0,2352.5,0,0,nan,1.0,nan,nan,False
context,106,500,371,2355.0,2360.0,2357.5,1,1,1.0,1.0,0.5,1.0,False
context,106,500,372,2360.0,2365.0,2362.5,1,0,0.0,1.0,0.0,0.5,False
context,106,500,373,2365.0,2370.0,2367.5,0,0,nan,1.0,nan,nan,False
context,106,500,374,2370.0,2375.0,2372.5,2,1,0.5,1.0,0.21132486540518713,0.7886751345948129,False
context,106,500,375,2375.0,2380.0,2377.5,1,1,1.0,1.0,0.5,1.0,False
context,106,500,376,2380.0,2385.0,2382.5,0,0,nan,1.0,nan,nan,False
context,106,500,377,2385.0,2390.0,2387.5,1,0,0.0,1.0,0.0,0.5,False
context,106,500,378,2390.0,2395.0,2392.5,0,0,nan,1.0,nan,nan,False
context,106,500,379,2395.0,2400.0,2397.5,1,1,1.0,1.0,0.5,1.0,False
context,106,500,380,2400.0,2405.0,2402.5,0,0,nan,1.0,nan,nan,False
context,106,500,381,2405.0,2410.0,2407.5,1,1,1.0,1.0,0.5,1.0,False
context,106,500,382,2410.0,2415.0,2412.5,1,0,0.0,1.0,0.0,0.5,False
context,106,500,383,2415.0,2420.0,2417.5,3,0,0.0,1.0,0.0,0.25,False
context,106,500,384,2420.0,2425.0,2422.5,0,0,nan,1.0,nan,nan,False
context,106,500,385,2425.0,2430.0,2427.5,0,0,nan,1.0,nan,nan,False
context,106,500,386,2430.0,2435.0,2432.5,0,0,nan,1.0,nan,nan,False
context,106,500,387,2435.0,2440.0,2437.5,2,1,0.5,1.0,0.21132486540518713,0.7886751345948129,False
context,106,500,388,2440.0,2445.0,2442.5,0,0,nan,1.0,nan,nan,False
context,106,500,389,2445.0,2450.0,2447.5,0,0,nan,1.0,nan,nan,False
context,106,500,390,2450.0,2455.0,2452.5,0,0,nan,1.0,nan,nan,False
context,106,500,391,2455.0,2460.0,2457.5,0,0,nan,1.0,nan,nan,False
context,106,500,392,2460.0,2465.0,2462.5,1,0,0.0,1.0,0.0,0.5,False
context,106,500,393,2465.0,2470.0,2467.5,0,0,nan,1.0,nan,nan,False
context,106,500,394,2470.0,2475.0,2472.5,3,0,0.0,1.0,0.0,0.25,False
context,106,500,395,2475.0,2480.0,2477.5,0,0,nan,1.0,nan,nan,False
context,106,500,396,2480.0,2485.0,2482.5,0,0,nan,1.0,nan,nan,False
context,106,500,397,2485.0,2490.0,2487.5,1,1,1.0,1.0,0.5,1.0,False
context,106,500,398,2490.0,2495.0,2492.5,1,0,0.0,1.0,0.0,0.5,False
context,106,500,399,2495.0,2500.0,2497.5,2,1,0.5,1.0,0.21132486540518713,0.7886751345948129,False
context,106,500,400,2500.0,2505.0,2502.5,0,0,nan,1.0,nan,nan,False
context,106,500,401,2505.0,2510.0,2507.5,0,0,nan,1.0,nan,nan,False
context,106,500,402,2510.0,2515.0,2512.5,0,0,nan,1.0,nan,nan,False
context,106,500,403,2515.0,2520.0,2517.5,0,0,nan,1.0,nan,nan,False
context,106,500,404,2520.0,2525.0,2522.5,0,0,nan,1.0,nan,nan,False
context,106,500,405,2525.0,2530.0,2527.5,0,0,nan,1.0,nan,nan,False
context,106,500,406,2530.0,2535.0,2532.5,0,0,nan,1.0,nan,nan,False
context,106,500,407,2535.0,2540.0,2537.5,1,0,0.0,1.0,0.0,0.5,False
context,106,500,408,2540.0,2545.0,2542.5,0,0,nan,1.0,nan,nan,False
context,106,500,409,2545.0,2550.0,2547.5,0,0,nan,1.0,nan,nan,False
context,106,500,410,2550.0,2555.0,2552.5,0,0,nan,1.0,nan,nan,False
context,106,500,411,2555.0,2560.0,2557.5,0,0,nan,1.0,nan,nan,False
context,106,500,412,2560.0,2565.0,2562.5,0,0,nan,1.0,nan,nan,False
context,106,500,413,2565.0,2570.0,2567.5,0,0,nan,1.0,nan,nan,False
context,106,500,414,2570.0,2575.0,2572.5,0,0,nan,1.0,nan,nan,False
context,106,500,415,2575.0,2580.0,2577.5,0,0,nan,1.0,nan,nan,False
context,106,500,416,2580.0,2585.0,2582.5,0,0,nan,1.0,nan,nan,False
context,106,500,417,2585.0,2590.0,2587.5,0,0,nan,1.0,nan,nan,False
context,106,500,418,2590.0,2595.0,2592.5,0,0,nan,1.0,nan,nan,False
context,106,500,419,2595.0,2600.0,2597.5,0,0,nan,1.0,nan,nan,False
context,106,500,420,2600.0,2605.0,2602.5,0,0,nan,1.0,nan,nan,False
context,106,500,421,2605.0,2610.0,2607.5,0,0,nan,1.0,nan,nan,False
context,106,500,422,2610.0,2615.0,2612.5,35,6,0.17142857142857143,1.0,0.11708209597955062,0.24402901513156056,True
context,106,500,423,2615.0,2620.0,2617.5,10,5,0.5,1.0,0.34924432771111824,0.6507556722888818,True
context,106,500,424,2620.0,2625.0,2622.5,0,0,nan,1.0,nan,nan,False
context,106,500,425,2625.0,2630.0,2627.5,0,0,nan,1.0,nan,nan,False
context,106,500,426,2630.0,2635.0,2632.5,0,0,nan,1.0,nan,nan,False
context,106,500,427,2635.0,2640.0,2637.5,0,0,nan,1.0,nan,nan,False
context,106,500,428,2640.0,2645.0,2642.5,0,0,nan,1.0,nan,nan,False
context,106,500,429,2645.0,2650.0,2647.5,0,0,nan,1.0,nan,nan,False
context,106,500,430,2650.0,2655.0,2652.5,0,0,nan,1.0,nan,nan,False
context,106,500,431,2655.0,2660.0,2657.5,0,0,nan,1.0,nan,nan,False
context,106,500,432,2660.0,2665.0,2662.5,0,0,nan,1.0,nan,nan,False
context,106,500,433,2665.0,2670.0,2667.5,0,0,nan,1.0,nan,nan,False
context,106,500,434,2670.0,2675.0,2672.5,0,0,nan,1.0,nan,nan,False
context,106,500,435,2675.0,2680.0,2677.5,0,0,nan,1.0,nan,nan,False
context,106,500,436,2680.0,2685.0,2682.5,0,0,nan,1.0,nan,nan,False
context,106,500,437,2685.0,2690.0,2687.5,0,0,nan,1.0,nan,nan,False
context,106,500,438,2690.0,2695.0,2692.5,0,0,nan,1.0,nan,nan,False
context,106,500,439,2695.0,2700.0,2697.5,0,0,nan,1.0,nan,nan,False
context,106,500,440,2700.0,2705.0,2702.5,0,0,nan,1.0,nan,nan,False
context,106,500,441,2705.0,2710.0,2707.5,0,0,nan,1.0,nan,nan,False
context,106,500,442,2710.0,2715.0,2712.5,0,0,nan,1.0,nan,nan,False
context,106,500,443,2715.0,2720.0,2717.5,0,0,nan,1.0,nan,nan,False
context,106,500,444,2720.0,2725.0,2722.5,0,0,nan,1.0,nan,nan,False
context,106,500,445,2725.0,2730.0,2727.5,0,0,nan,1.0,nan,nan,False
context,106,500,446,2730.0,2735.0,2732.5,0,0,nan,1.0,nan,nan,False
context,106,500,447,2735.0,2740.0,2737.5,0,0,nan,1.0,nan,nan,False
context,106,500,448,2740.0,2745.0,2742.5,0,0,nan,1.0,nan,nan,False
context,106,500,449,2745.0,2750.0,2747.5,0,0,nan,1.0,nan,nan,False
context,106,500,450,2750.0,2755.0,2752.5,0,0,nan,1.0,nan,nan,False
context,106,500,451,2755.0,2760.0,2757.5,0,0,nan,1.0,nan,nan,False
context,106,500,452,2760.0,2765.0,2762.5,0,0,nan,1.0,nan,nan,False
context,106,500,453,2765.0,2770.0,2767.5,0,0,nan,1.0,nan,nan,False
context,106,500,454,2770.0,2775.0,2772.5,0,0,nan,1.0,nan,nan,False
context,106,500,455,2775.0,2780.0,2777.5,0,0,nan,1.0,nan,nan,False
context,106,500,456,2780.0,2785.0,2782.5,0,0,nan,1.0,nan,nan,False
context,106,500,457,2785.0,2790.0,2787.5,0,0,nan,1.0,nan,nan,False
context,106,500,458,2790.0,2795.0,2792.5,0,0,nan,1.0,nan,nan,False
context,106,500,459,2795.0,2800.0,2797.5,0,0,nan,1.0,nan,nan,False
context,106,500,460,2800.0,2805.0,2802.5,0,0,nan,1.0,nan,nan,False
context,106,500,461,2805.0,2810.0,2807.5,0,0,nan,1.0,nan,nan,False
context,106,500,462,2810.0,2815.0,2812.5,0,0,nan,1.0,nan,nan,False
context,106,500,463,2815.0,2820.0,2817.5,0,0,nan,1.0,nan,nan,False
context,106,500,464,2820.0,2825.0,2822.5,0,0,nan,1.0,nan,nan,False
context,106,500,465,2825.0,2830.0,2827.5,0,0,nan,1.0,nan,nan,False
context,106,500,466,2830.0,2835.0,2832.5,0,0,nan,1.0,nan,nan,False
context,106,500,467,2835.0,2840.0,2837.5,1,0,0.0,1.0,0.0,0.5,False
context,106,500,468,2840.0,2845.0,2842.5,0,0,nan,1.0,nan,nan,False
context,106,500,469,2845.0,2850.0,2847.5,0,0,nan,1.0,nan,nan,False
context,106,500,470,2850.0,2855.0,2852.5,0,0,nan,1.0,nan,nan,False
context,106,500,471,2855.0,2860.0,2857.5,0,0,nan,1.0,nan,nan,False
context,106,500,472,2860.0,2865.0,2862.5,0,0,nan,1.0,nan,nan,False
context,106,500,473,2865.0,2870.0,2867.5,0,0,nan,1.0,nan,nan,False
context,106,500,474,2870.0,2875.0,2872.5,0,0,nan,1.0,nan,nan,False
context,106,500,475,2875.0,2880.0,2877.5,0,0,nan,1.0,nan,nan,False
context,106,500,476,2880.0,2885.0,2882.5,0,0,nan,1.0,nan,nan,False
context,106,500,477,2885.0,2890.0,2887.5,0,0,nan,1.0,nan,nan,False
context,106,500,478,2890.0,2895.0,2892.5,0,0,nan,1.0,nan,nan,False
context,106,500,479,2895.0,2900.0,2897.5,0,0,nan,1.0,nan,nan,False
context,106,500,480,2900.0,2905.0,2902.5,0,0,nan,1.0,nan,nan,False
context,106,500,481,2905.0,2910.0,2907.5,0,0,nan,1.0,nan,nan,False
context,106,500,482,2910.0,2915.0,2912.5,0,0,nan,1.0,nan,nan,False
context,106,500,483,2915.0,2920.0,2917.5,0,0,nan,1.0,nan,nan,False
context,106,500,484,2920.0,2925.0,2922.5,0,0,nan,1.0,nan,nan,False
context,106,500,485,2925.0,2930.0,2927.5,0,0,nan,1.0,nan,nan,False
context,106,500,486,2930.0,2935.0,2932.5,0,0,nan,1.0,nan,nan,False
context,106,500,487,2935.0,2940.0,2937.5,0,0,nan,1.0,nan,nan,False
context,106,500,488,2940.0,2945.0,2942.5,0,0,nan,1.0,nan,nan,False
context,106,500,489,2945.0,2950.0,2947.5,0,0,nan,1.0,nan,nan,False
context,106,500,490,2950.0,2955.0,2952.5,0,0,nan,1.0,nan,nan,False
context,106,500,491,2955.0,2960.0,2957.5,0,0,nan,1.0,nan,nan,False
context,106,500,492,2960.0,2965.0,2962.5,0,0,nan,1.0,nan,nan,False
context,106,500,493,2965.0,2970.0,2967.5,0,0,nan,1.0,nan,nan,False
context,106,500,494,2970.0,2975.0,2972.5,0,0,nan,1.0,nan,nan,False
context,106,500,495,2975.0,2980.0,2977.5,0,0,nan,1.0,nan,nan,False
context,106,500,496,2980.0,2985.0,2982.5,0,0,nan,1.0,nan,nan,False
context,106,500,497,2985.0,2990.0,2987.5,0,0,nan,1.0,nan,nan,False
context,106,500,498,2990.0,2995.0,2992.5,0,0,nan,1.0,nan,nan,False
context,106,500,499,2995.0,3000.0,2997.5,0,0,nan,1.0,nan,nan,False
context,107,500,0,500.0,505.0,502.5,7,4,0.5714285714285714,1.0,0.3873087779433162,0.7376912220566838,True
context,107,500,1,505.0,510.0,507.5,7,2,0.2857142857142857,1.0,0.15055038261413342,0.47444961738586655,True
context,107,500,2,510.0,515.0,512.5,25,10,0.4,1.0,0.3076923076923077,0.5,True
context,107,500,3,515.0,520.0,517.5,2,1,0.5,1.0,0.21132486540518713,0.7886751345948129,False
context,107,500,4,520.0,525.0,522.5,3,2,0.6666666666666666,1.0,0.3856432230609155,0.8643567769390845,False
context,107,500,5,525.0,530.0,527.5,2,0,0.0,1.0,0.0,0.3333333333333333,False
context,107,500,6,530.0,535.0,532.5,2,0,0.0,1.0,0.0,0.3333333333333333,False
context,107,500,7,535.0,540.0,537.5,3,0,0.0,1.0,0.0,0.25,False
context,107,500,8,540.0,545.0,542.5,5,3,0.6,1.0,0.3826400903534618,0.7840265763132049,True
context,107,500,9,545.0,550.0,547.5,3,2,0.6666666666666666,1.0,0.3856432230609155,0.8643567769390845,False
context,107,500,10,550.0,555.0,552.5,4,2,0.5,1.0,0.276393202250021,0.7236067977499789,True
context,107,500,11,555.0,560.0,557.5,3,3,1.0,1.0,0.7500000000000001,1.0,False
context,107,500,12,560.0,565.0,562.5,5,1,0.2,1.0,0.07921748723400673,0.4207825127659934,True
context,107,500,13,565.0,570.0,567.5,1,0,0.0,1.0,0.0,0.5,False
context,107,500,14,570.0,575.0,572.5,6,3,0.5,1.0,0.31101776349538646,0.6889822365046135,True
context,107,500,15,575.0,580.0,577.5,2,1,0.5,1.0,0.21132486540518713,0.7886751345948129,False
context,107,500,16,580.0,585.0,582.5,65,18,0.27692307692307694,1.0,0.2251186731663743,0.33548738743968637,True
context,107,500,17,585.0,590.0,587.5,1,0,0.0,1.0,0.0,0.5,False
context,107,500,18,590.0,595.0,592.5,4,0,0.0,1.0,0.0,0.2,True
context,107,500,19,595.0,600.0,597.5,2,1,0.5,1.0,0.21132486540518713,0.7886751345948129,False
context,107,500,20,600.0,605.0,602.5,0,0,nan,1.0,nan,nan,False
context,107,500,21,605.0,610.0,607.5,1,0,0.0,1.0,0.0,0.5,False
context,107,500,22,610.0,615.0,612.5,1,0,0.0,1.0,0.0,0.5,False
context,107,500,23,615.0,620.0,617.5,2,0,0.0,1.0,0.0,0.3333333333333333,False
context,107,500,24,620.0,625.0,622.5,1,0,0.0,1.0,0.0,0.5,False
context,107,500,25,625.0,630.0,627.5,2,1,0.5,1.0,0.21132486540518713,0.7886751345948129,False
context,107,500,26,630.0,635.0,632.5,0,0,nan,1.0,nan,nan,False
context,107,500,27,635.0,640.0,637.5,1,0,0.0,1.0,0.0,0.5,False
context,107,500,28,640.0,645.0,642.5,1,0,0.0,1.0,0.0,0.5,False
context,107,500,29,645.0,650.0,647.5,2,0,0.0,1.0,0.0,0.3333333333333333,False
context,107,500,30,650.0,655.0,652.5,3,1,0.3333333333333333,1.0,0.13564322306091547,0.6143567769390845,False
context,107,500,31,655.0,660.0,657.5,2,1,0.5,1.0,0.21132486540518713,0.7886751345948129,False
context,107,500,32,660.0,665.0,662.5,3,1,0.3333333333333333,1.0,0.13564322306091547,0.6143567769390845,False
context,107,500,33,665.0,670.0,667.5,2,1,0.5,1.0,0.21132486540518713,0.7886751345948129,False
context,107,500,34,670.0,675.0,672.5,0,0,nan,1.0,nan,nan,False
context,107,500,35,675.0,680.0,677.5,3,1,0.3333333333333333,1.0,0.13564322306091547,0.6143567769390845,False
context,107,500,36,680.0,685.0,682.5,1,0,0.0,1.0,0.0,0.5,False
context,107,500,37,685.0,690.0,687.5,2,1,0.5,1.0,0.21132486540518713,0.7886751345948129,False
context,107,500,38,690.0,695.0,692.5,1,1,1.0,1.0,0.5,1.0,False
context,107,500,39,695.0,700.0,697.5,2,1,0.5,1.0,0.21132486540518713,0.7886751345948129,False
context,107,500,40,700.0,705.0,702.5,1,1,1.0,1.0,0.5,1.0,False
context,107,500,41,705.0,710.0,707.5,1,1,1.0,1.0,0.5,1.0,False
context,107,500,42,710.0,715.0,712.5,0,0,nan,1.0,nan,nan,False
context,107,500,43,715.0,720.0,717.5,0,0,nan,1.0,nan,nan,False
context,107,500,44,720.0,725.0,722.5,1,1,1.0,1.0,0.5,1.0,False
context,107,500,45,725.0,730.0,727.5,14,5,0.35714285714285715,1.0,0.24258272170671066,0.4907506116266227,True
context,107,500,46,730.0,735.0,732.5,3,1,0.3333333333333333,1.0,0.13564322306091547,0.6143567769390845,False
context,107,500,47,735.0,740.0,737.5,1,1,1.0,1.0,0.5,1.0,False
context,107,500,48,740.0,745.0,742.5,1,1,1.0,1.0,0.5,1.0,False
context,107,500,49,745.0,750.0,747.5,0,0,nan,1.0,nan,nan,False
context,107,500,50,750.0,755.0,752.5,0,0,nan,1.0,nan,nan,False
context,107,500,51,755.0,760.0,757.5,0,0,nan,1.0,nan,nan,False
context,107,500,52,760.0,765.0,762.5,2,1,0.5,1.0,0.21132486540518713,0.7886751345948129,False
context,107,500,53,765.0,770.0,767.5,2,1,0.5,1.0,0.21132486540518713,0.7886751345948129,False
context,107,500,54,770.0,775.0,772.5,2,0,0.0,1.0,0.0,0.3333333333333333,False
context,107,500,55,775.0,780.0,777.5,2,0,0.0,1.0,0.0,0.3333333333333333,False
context,107,500,56,780.0,785.0,782.5,1,1,1.0,1.0,0.5,1.0,False
context,107,500,57,785.0,790.0,787.5,1,0,0.0,1.0,0.0,0.5,False
context,107,500,58,790.0,795.0,792.5,0,0,nan,1.0,nan,nan,False
context,107,500,59,795.0,800.0,797.5,2,1,0.5,1.0,0.21132486540518713,0.7886751345948129,False
context,107,500,60,800.0,805.0,802.5,2,1,0.5,1.0,0.21132486540518713,0.7886751345948129,False
context,107,500,61,805.0,810.0,807.5,1,0,0.0,1.0,0.0,0.5,False
context,107,500,62,810.0,815.0,812.5,1,0,0.0,1.0,0.0,0.5,False
context,107,500,63,815.0,820.0,817.5,0,0,nan,1.0,nan,nan,False
context,107,500,64,820.0,825.0,822.5,1,1,1.0,1.0,0.5,1.0,False
context,107,500,65,825.0,830.0,827.5,0,0,nan,1.0,nan,nan,False
context,107,500,66,830.0,835.0,832.5,0,0,nan,1.0,nan,nan,False
context,107,500,67,835.0,840.0,837.5,1,0,0.0,1.0,0.0,0.5,False
context,107,500,68,840.0,845.0,842.5,1,0,0.0,1.0,0.0,0.5,False
context,107,500,69,845.0,850.0,847.5,0,0,nan,1.0,nan,nan,False
context,107,500,70,850.0,855.0,852.5,1,1,1.0,1.0,0.5,1.0,False
context,107,500,71,855.0,860.0,857.5,4,1,0.25,1.0,0.09999999999999998,0.5,True
context,107,500,72,860.0,865.0,862.5,5,2,0.4,1.0,0.2159734236867951,0.6173599096465383,True
context,107,500,73,865.0,870.0,867.5,0,0,nan,1.0,nan,nan,False
context,107,500,74,870.0,875.0,872.5,0,0,nan,1.0,nan,nan,False
context,107,500,75,875.0,880.0,877.5,1,0,0.0,1.0,0.0,0.5,False
context,107,500,76,880.0,885.0,882.5,0,0,nan,1.0,nan,nan,False
context,107,500,77,885.0,890.0,887.5,1,0,0.0,1.0,0.0,0.5,False
context,107,500,78,890.0,895.0,892.5,3,1,0.3333333333333333,1.0,0.13564322306091547,0.6143567769390845,False
context,107,500,79,895.0,900.0,897.5,0,0,nan,1.0,nan,nan,False
context,107,500,80,900.0,905.0,902.5,1,0,0.0,1.0,0.0,0.5,False
context,107,500,81,905.0,910.0,907.5,2,0,0.0,1.0,0.0,0.3333333333333333,False
context,107,500,82,910.0,915.0,912.5,1,1,1.0,1.0,0.5,1.0,False
context,107,500,83,915.0,920.0,917.5,0,0,nan,1.0,nan,nan,False
context,107,500,84,920.0,925.0,922.5,2,2,1.0,1.0,0.6666666666666667,1.0,False
context,107,500,85,925.0,930.0,927.5,0,0,nan,1.0,nan,nan,False
context,107,500,86,930.0,935.0,932.5,0,0,nan,1.0,nan,nan,False
context,107,500,87,935.0,940.0,937.5,1,1,1.0,1.0,0.5,1.0,False
context,107,500,88,940.0,945.0,942.5,2,0,0.0,1.0,0.0,0.3333333333333333,False
context,107,500,89,945.0,950.0,947.5,0,0,nan,1.0,nan,nan,False
context,107,500,90,950.0,955.0,952.5,2,2,1.0,1.0,0.6666666666666667,1.0,False
context,107,500,91,955.0,960.0,957.5,0,0,nan,1.0,nan,nan,False
context,107,500,92,960.0,965.0,962.5,2,1,0.5,1.0,0.21132486540518713,0.7886751345948129,False
context,107,500,93,965.0,970.0,967.5,1,1,1.0,1.0,0.5,1.0,False
context,107,500,94,970.0,975.0,972.5,2,1,0.5,1.0,0.21132486540518713,0.7886751345948129,False
context,107,500,95,975.0,980.0,977.5,0,0,nan,1.0,nan,nan,False
context,107,500,96,980.0,985.0,982.5,0,0,nan,1.0,nan,nan,False
context,107,500,97,985.0,990.0,987.5,1,0,0.0,1.0,0.0,0.5,False
context,107,500,98,990.0,995.0,992.5,0,0,nan,1.0,nan,nan,False
context,107,500,99,995.0,1000.0,997.5,2,1,0.5,1.0,0.21132486540518713,0.7886751345948129,False
context,107,500,100,1000.0,1005.0,1002.5,0,0,nan,1.0,nan,nan,False
context,107,500,101,1005.0,1010.0,1007.5,0,0,nan,1.0,nan,nan,False
context,107,500,102,1010.0,1015.0,1012.5,1,0,0.0,1.0,0.0,0.5,False
context,107,500,103,1015.0,1020.0,1017.5,0,0,nan,1.0,nan,nan,False
context,107,500,104,1020.0,1025.0,1022.5,2,1,0.5,1.0,0.21132486540518713,0.7886751345948129,False
context,107,500,105,1025.0,1030.0,1027.5,0,0,nan,1.0,nan,nan,False
context,107,500,106,1030.0,1035.0,1032.5,0,0,nan,1.0,nan,nan,False
context,107,500,107,1035.0,1040.0,1037.5,1,0,0.0,1.0,0.0,0.5,False
context,107,500,108,1040.0,1045.0,1042.5,2,1,0.5,1.0,0.21132486540518713,0.7886751345948129,False
context,107,500,109,1045.0,1050.0,1047.5,0,0,nan,1.0,nan,nan,False
context,107,500,110,1050.0,1055.0,1052.5,1,0,0.0,1.0,0.0,0.5,False
context,107,500,111,1055.0,1060.0,1057.5,0,0,nan,1.0,nan,nan,False
context,107,500,112,1060.0,1065.0,1062.5,0,0,nan,1.0,nan,nan,False
context,107,500,113,1065.0,1070.0,1067.5,2,1,0.5,1.0,0.21132486540518713,0.7886751345948129,False
context,107,500,114,1070.0,1075.0,1072.5,2,2,1.0,1.0,0.6666666666666667,1.0,False
context,107,500,115,1075.0,1080.0,1077.5,6,2,0.3333333333333333,1.0,0.17738489439831545,0.5369008198873988,True
context,107,500,116,1080.0,1085.0,1082.5,1,0,0.0,1.0,0.0,0.5,False
context,107,500,117,1085.0,1090.0,1087.5,1,1,1.0,1.0,0.5,1.0,False
context,107,500,118,1090.0,1095.0,1092.5,0,0,nan,1.0,nan,nan,False
context,107,500,119,1095.0,1100.0,1097.5,2,1,0.5,1.0,0.21132486540518713,0.7886751345948129,False
context,107,500,120,1100.0,1105.0,1102.5,0,0,nan,1.0,nan,nan,False
context,107,500,121,1105.0,1110.0,1107.5,1,1,1.0,1.0,0.5,1.0,False
context,107,500,122,1110.0,1115.0,1112.5,0,0,nan,1.0,nan,nan,False
context,107,500,123,1115.0,1120.0,1117.5,0,0,nan,1.0,nan,nan,False
context,107,500,124,1120.0,1125.0,1122.5,1,1,1.0,1.0,0.5,1.0,False
context,107,500,125,1125.0,1130.0,1127.5,0,0,nan,1.0,nan,nan,False
context,107,500,126,1130.0,1135.0,1132.5,0,0,nan,1.0,nan,nan,False
context,107,500,127,1135.0,1140.0,1137.5,0,0,nan,1.0,nan,nan,False
context,107,500,128,1140.0,1145.0,1142.5,0,0,nan,1.0,nan,nan,False
context,107,500,129,1145.0,1150.0,1147.5,1,1,1.0,1.0,0.5,1.0,False
context,107,500,130,1150.0,1155.0,1152.5,2,1,0.5,1.0,0.21132486540518713,0.7886751345948129,False
context,107,500,131,1155.0,1160.0,1157.5,1,0,0.0,1.0,0.0,0.5,False
context,107,500,132,1160.0,1165.0,1162.5,0,0,nan,1.0,nan,nan,False
context,107,500,133,1165.0,1170.0,1167.5,2,1,0.5,1.0,0.21132486540518713,0.7886751345948129,False
context,107,500,134,1170.0,1175.0,1172.5,1,1,1.0,1.0,0.5,1.0,False
context,107,500,135,1175.0,1180.0,1177.5,1,1,1.0,1.0,0.5,1.0,False
context,107,500,136,1180.0,1185.0,1182.5,1,0,0.0,1.0,0.0,0.5,False
context,107,500,137,1185.0,1190.0,1187.5,0,0,nan,1.0,nan,nan,False
context,107,500,138,1190.0,1195.0,1192.5,1,1,1.0,1.0,0.5,1.0,False
context,107,500,139,1195.0,1200.0,1197.5,0,0,nan,1.0,nan,nan,False
context,107,500,140,1200.0,1205.0,1202.5,0,0,nan,1.0,nan,nan,False
context,107,500,141,1205.0,1210.0,1207.5,1,0,0.0,1.0,0.0,0.5,False
context,107,500,142,1210.0,1215.0,1212.5,2,2,1.0,1.0,0.6666666666666667,1.0,False
context,107,500,143,1215.0,1220.0,1217.5,0,0,nan,1.0,nan,nan,False
context,107,500,144,1220.0,1225.0,1222.5,1,1,1.0,1.0,0.5,1.0,False
context,107,500,145,1225.0,1230.0,1227.5,3,1,0.3333333333333333,1.0,0.13564322306091547,0.6143567769390845,False
context,107,500,146,1230.0,1235.0,1232.5,0,0,nan,1.0,nan,nan,False
context,107,500,147,1235.0,1240.0,1237.5,0,0,nan,1.0,nan,nan,False
context,107,500,148,1240.0,1245.0,1242.5,0,0,nan,1.0,nan,nan,False
context,107,500,149,1245.0,1250.0,1247.5,1,0,0.0,1.0,0.0,0.5,False
context,107,500,150,1250.0,1255.0,1252.5,1,0,0.0,1.0,0.0,0.5,False
context,107,500,151,1255.0,1260.0,1257.5,0,0,nan,1.0,nan,nan,False
context,107,500,152,1260.0,1265.0,1262.5,0,0,nan,1.0,nan,nan,False
context,107,500,153,1265.0,1270.0,1267.5,1,0,0.0,1.0,0.0,0.5,False
context,107,500,154,1270.0,1275.0,1272.5,0,0,nan,1.0,nan,nan,False
context,107,500,155,1275.0,1280.0,1277.5,1,0,0.0,1.0,0.0,0.5,False
context,107,500,156,1280.0,1285.0,1282.5,0,0,nan,1.0,nan,nan,False
context,107,500,157,1285.0,1290.0,1287.5,0,0,nan,1.0,nan,nan,False
context,107,500,158,1290.0,1295.0,1292.5,0,0,nan,1.0,nan,nan,False
context,107,500,159,1295.0,1300.0,1297.5,1,1,1.0,1.0,0.5,1.0,False
context,107,500,160,1300.0,1305.0,1302.5,0,0,nan,1.0,nan,nan,False
context,107,500,161,1305.0,1310.0,1307.5,0,0,nan,1.0,nan,nan,False
context,107,500,162,1310.0,1315.0,1312.5,0,0,nan,1.0,nan,nan,False
context,107,500,163,1315.0,1320.0,1317.5,1,0,0.0,1.0,0.0,0.5,False
context,107,500,164,1320.0,1325.0,1322.5,0,0,nan,1.0,nan,nan,False
context,107,500,165,1325.0,1330.0,1327.5,1,1,1.0,1.0,0.5,1.0,False
context,107,500,166,1330.0,1335.0,1332.5,0,0,nan,1.0,nan,nan,False
context,107,500,167,1335.0,1340.0,1337.5,1,0,0.0,1.0,0.0,0.5,False
context,107,500,168,1340.0,1345.0,1342.5,0,0,nan,1.0,nan,nan,False
context,107,500,169,1345.0,1350.0,1347.5,1,1,1.0,1.0,0.5,1.0,False
context,107,500,170,1350.0,1355.0,1352.5,2,2,1.0,1.0,0.6666666666666667,1.0,False
context,107,500,171,1355.0,1360.0,1357.5,0,0,nan,1.0,nan,nan,False
context,107,500,172,1360.0,1365.0,1362.5,0,0,nan,1.0,nan,nan,False
context,107,500,173,1365.0,1370.0,1367.5,1,0,0.0,1.0,0.0,0.5,False
context,107,500,174,1370.0,1375.0,1372.5,0,0,nan,1.0,nan,nan,False
context,107,500,175,1375.0,1380.0,1377.5,0,0,nan,1.0,nan,nan,False
context,107,500,176,1380.0,1385.0,1382.5,0,0,nan,1.0,nan,nan,False
context,107,500,177,1385.0,1390.0,1387.5,0,0,nan,1.0,nan,nan,False
context,107,500,178,1390.0,1395.0,1392.5,0,0,nan,1.0,nan,nan,False
context,107,500,179,1395.0,1400.0,1397.5,0,0,nan,1.0,nan,nan,False
context,107,500,180,1400.0,1405.0,1402.5,0,0,nan,1.0,nan,nan,False
context,107,500,181,1405.0,1410.0,1407.5,0,0,nan,1.0,nan,nan,False
context,107,500,182,1410.0,1415.0,1412.5,1,1,1.0,1.0,0.5,1.0,False
context,107,500,183,1415.0,1420.0,1417.5,0,0,nan,1.0,nan,nan,False
context,107,500,184,1420.0,1425.0,1422.5,1,0,0.0,1.0,0.0,0.5,False
context,107,500,185,1425.0,1430.0,1427.5,0,0,nan,1.0,nan,nan,False
context,107,500,186,1430.0,1435.0,1432.5,0,0,nan,1.0,nan,nan,False
context,107,500,187,1435.0,1440.0,1437.5,0,0,nan,1.0,nan,nan,False
context,107,500,188,1440.0,1445.0,1442.5,0,0,nan,1.0,nan,nan,False
context,107,500,189,1445.0,1450.0,1447.5,0,0,nan,1.0,nan,nan,False
context,107,500,190,1450.0,1455.0,1452.5,1,1,1.0,1.0,0.5,1.0,False
context,107,500,191,1455.0,1460.0,1457.5,0,0,nan,1.0,nan,nan,False
context,107,500,192,1460.0,1465.0,1462.5,2,1,0.5,1.0,0.21132486540518713,0.7886751345948129,False
context,107,500,193,1465.0,1470.0,1467.5,0,0,nan,1.0,nan,nan,False
context,107,500,194,1470.0,1475.0,1472.5,2,2,1.0,1.0,0.6666666666666667,1.0,False
context,107,500,195,1475.0,1480.0,1477.5,0,0,nan,1.0,nan,nan,False
context,107,500,196,1480.0,1485.0,1482.5,2,2,1.0,1.0,0.6666666666666667,1.0,False
context,107,500,197,1485.0,1490.0,1487.5,1,1,1.0,1.0,0.5,1.0,False
context,107,500,198,1490.0,1495.0,1492.5,1,1,1.0,1.0,0.5,1.0,False
context,107,500,199,1495.0,1500.0,1497.5,0,0,nan,1.0,nan,nan,False
context,107,500,200,1500.0,1505.0,1502.5,1,1,1.0,1.0,0.5,1.0,False
context,107,500,201,1505.0,1510.0,1507.5,0,0,nan,1.0,nan,nan,False
context,107,500,202,1510.0,1515.0,1512.5,1,1,1.0,1.0,0.5,1.0,False
context,107,500,203,1515.0,1520.0,1517.5,1,0,0.0,1.0,0.0,0.5,False
context,107,500,204,1520.0,1525.0,1522.5,0,0,nan,1.0,nan,nan,False
context,107,500,205,1525.0,1530.0,1527.5,1,1,1.0,1.0,0.5,1.0,False
context,107,500,206,1530.0,1535.0,1532.5,1,0,0.0,1.0,0.0,0.5,False
context,107,500,207,1535.0,1540.0,1537.5,1,1,1.0,1.0,0.5,1.0,False
context,107,500,208,1540.0,1545.0,1542.5,2,1,0.5,1.0,0.21132486540518713,0.7886751345948129,False
context,107,500,209,1545.0,1550.0,1547.5,2,2,1.0,1.0,0.6666666666666667,1.0,False
context,107,500,210,1550.0,1555.0,1552.5,0,0,nan,1.0,nan,nan,False
context,107,500,211,1555.0,1560.0,1557.5,1,0,0.0,1.0,0.0,0.5,False
context,107,500,212,1560.0,1565.0,1562.5,0,0,nan,1.0,nan,nan,False
context,107,500,213,1565.0,1570.0,1567.5,0,0,nan,1.0,nan,nan,False
context,107,500,214,1570.0,1575.0,1572.5,0,0,nan,1.0,nan,nan,False
context,107,500,215,1575.0,1580.0,1577.5,0,0,nan,1.0,nan,nan,False
context,107,500,216,1580.0,1585.0,1582.5,1,1,1.0,1.0,0.5,1.0,False
context,107,500,217,1585.0,1590.0,1587.5,1,1,1.0,1.0,0.5,1.0,False
context,107,500,218,1590.0,1595.0,1592.5,2,1,0.5,1.0,0.21132486540518713,0.7886751345948129,False
context,107,500,219,1595.0,1600.0,1597.5,0,0,nan,1.0,nan,nan,False
context,107,500,220,1600.0,1605.0,1602.5,0,0,nan,1.0,nan,nan,False
context,107,500,221,1605.0,1610.0,1607.5,0,0,nan,1.0,nan,nan,False
context,107,500,222,1610.0,1615.0,1612.5,0,0,nan,1.0,nan,nan,False
context,107,500,223,1615.0,1620.0,1617.5,2,1,0.5,1.0,0.21132486540518713,0.7886751345948129,False
context,107,500,224,1620.0,1625.0,1622.5,1,0,0.0,1.0,0.0,0.5,False
context,107,500,225,1625.0,1630.0,1627.5,0,0,nan,1.0,nan,nan,False
context,107,500,226,1630.0,1635.0,1632.5,1,1,1.0,1.0,0.5,1.0,False
context,107,500,227,1635.0,1640.0,1637.5,0,0,nan,1.0,nan,nan,False
context,107,500,228,1640.0,1645.0,1642.5,0,0,nan,1.0,nan,nan,False
context,107,500,229,1645.0,1650.0,1647.5,0,0,nan,1.0,nan,nan,False
context,107,500,230,1650.0,1655.0,1652.5,2,0,0.0,1.0,0.0,0.3333333333333333,False
context,107,500,231,1655.0,1660.0,1657.5,1,1,1.0,1.0,0.5,1.0,False
context,107,500,232,1660.0,1665.0,1662.5,0,0,nan,1.0,nan,nan,False
context,107,500,233,1665.0,1670.0,1667.5,1,1,1.0,1.0,0.5,1.0,False
context,107,500,234,1670.0,1675.0,1672.5,2,1,0.5,1.0,0.21132486540518713,0.7886751345948129,False
context,107,500,235,1675.0,1680.0,1677.5,0,0,nan,1.0,nan,nan,False
context,107,500,236,1680.0,1685.0,1682.5,0,0,nan,1.0,nan,nan,False
context,107,500,237,1685.0,1690.0,1687.5,1,1,1.0,1.0,0.5,1.0,False
context,107,500,238,1690.0,1695.0,1692.5,0,0,nan,1.0,nan,nan,False
context,107,500,239,1695.0,1700.0,1697.5,1,1,1.0,1.0,0.5,1.0,False
context,107,500,240,1700.0,1705.0,1702.5,0,0,nan,1.0,nan,nan,False
context,107,500,241,1705.0,1710.0,1707.5,0,0,nan,1.0,nan,nan,False
context,107,500,242,1710.0,1715.0,1712.5,0,0,nan,1.0,nan,nan,False
context,107,500,243,1715.0,1720.0,1717.5,1,1,1.0,1.0,0.5,1.0,False
context,107,500,244,1720.0,1725.0,1722.5,0,0,nan,1.0,nan,nan,False
context,107,500,245,1725.0,1730.0,1727.5,0,0,nan,1.0,nan,nan,False
context,107,500,246,1730.0,1735.0,1732.5,0,0,nan,1.0,nan,nan,False
context,107,500,247,1735.0,1740.0,1737.5,0,0,nan,1.0,nan,nan,False
context,107,500,248,1740.0,1745.0,1742.5,0,0,nan,1.0,nan,nan,False
context,107,500,249,1745.0,1750.0,1747.5,0,0,nan,1.0,nan,nan,False
context,107,500,250,1750.0,1755.0,1752.5,0,0,nan,1.0,nan,nan,False
context,107,500,251,1755.0,1760.0,1757.5,1,1,1.0,1.0,0.5,1.0,False
context,107,500,252,1760.0,1765.0,1762.5,0,0,nan,1.0,nan,nan,False
context,107,500,253,1765.0,1770.0,1767.5,0,0,nan,1.0,nan,nan,False
context,107,500,254,1770.0,1775.0,1772.5,0,0,nan,1.0,nan,nan,False
context,107,500,255,1775.0,1780.0,1777.5,0,0,nan,1.0,nan,nan,False
context,107,500,256,1780.0,1785.0,1782.5,0,0,nan,1.0,nan,nan,False
context,107,500,257,1785.0,1790.0,1787.5,0,0,nan,1.0,nan,nan,False
context,107,500,258,1790.0,1795.0,1792.5,1,0,0.0,1.0,0.0,0.5,False
context,107,500,259,1795.0,1800.0,1797.5,1,1,1.0,1.0,0.5,1.0,False
context,107,500,260,1800.0,1805.0,1802.5,1,0,0.0,1.0,0.0,0.5,False
context,107,500,261,1805.0,1810.0,1807.5,1,1,1.0,1.0,0.5,1.0,False
context,107,500,262,1810.0,1815.0,1812.5,1,1,1.0,1.0,0.5,1.0,False
context,107,500,263,1815.0,1820.0,1817.5,0,0,nan,1.0,nan,nan,False
context,107,500,264,1820.0,1825.0,1822.5,0,0,nan,1.0,nan,nan,False
context,107,500,265,1825.0,1830.0,1827.5,0,0,nan,1.0,nan,nan,False
context,107,500,266,1830.0,1835.0,1832.5,1,0,0.0,1.0,0.0,0.5,False
context,107,500,267,1835.0,1840.0,1837.5,0,0,nan,1.0,nan,nan,False
context,107,500,268,1840.0,1845.0,1842.5,0,0,nan,1.0,nan,nan,False
context,107,500,269,1845.0,1850.0,1847.5,1,0,0.0,1.0,0.0,0.5,False
context,107,500,270,1850.0,1855.0,1852.5,1,0,0.0,1.0,0.0,0.5,False
context,107,500,271,1855.0,1860.0,1857.5,2,2,1.0,1.0,0.6666666666666667,1.0,False
context,107,500,272,1860.0,1865.0,1862.5,0,0,nan,1.0,nan,nan,False
context,107,500,273,1865.0,1870.0,1867.5,0,0,nan,1.0,nan,nan,False
context,107,500,274,1870.0,1875.0,1872.5,0,0,nan,1.0,nan,nan,False
context,107,500,275,1875.0,1880.0,1877.5,2,2,1.0,1.0,0.6666666666666667,1.0,False
context,107,500,276,1880.0,1885.0,1882.5,1,1,1.0,1.0,0.5,1.0,False
context,107,500,277,1885.0,1890.0,1887.5,1,0,0.0,1.0,0.0,0.5,False
context,107,500,278,1890.0,1895.0,1892.5,0,0,nan,1.0,nan,nan,False
context,107,500,279,1895.0,1900.0,1897.5,0,0,nan,1.0,nan,nan,False
context,107,500,280,1900.0,1905.0,1902.5,0,0,nan,1.0,nan,nan,False
context,107,500,281,1905.0,1910.0,1907.5,0,0,nan,1.0,nan,nan,False
context,107,500,282,1910.0,1915.0,1912.5,3,1,0.3333333333333333,1.0,0.13564322306091547,0.6143567769390845,False
context,107,500,283,1915.0,1920.0,1917.5,1,1,1.0,1.0,0.5,1.0,False
context,107,500,284,1920.0,1925.0,1922.5,1,0,0.0,1.0,0.0,0.5,False
context,107,500,285,1925.0,1930.0,1927.5,1,1,1.0,1.0,0.5,1.0,False
context,107,500,286,1930.0,1935.0,1932.5,2,0,0.0,1.0,0.0,0.3333333333333333,False
context,107,500,287,1935.0,1940.0,1937.5,2,1,0.5,1.0,0.21132486540518713,0.7886751345948129,False
context,107,500,288,1940.0,1945.0,1942.5,0,0,nan,1.0,nan,nan,False
context,107,500,289,1945.0,1950.0,1947.5,1,0,0.0,1.0,0.0,0.5,False
context,107,500,290,1950.0,1955.0,1952.5,1,1,1.0,1.0,0.5,1.0,False
context,107,500,291,1955.0,1960.0,1957.5,0,0,nan,1.0,nan,nan,False
context,107,500,292,1960.0,1965.0,1962.5,1,1,1.0,1.0,0.5,1.0,False
context,107,500,293,1965.0,1970.0,1967.5,1,1,1.0,1.0,0.5,1.0,False
context,107,500,294,1970.0,1975.0,1972.5,1,1,1.0,1.0,0.5,1.0,False
context,107,500,295,1975.0,1980.0,1977.5,1,0,0.0,1.0,0.0,0.5,False
context,107,500,296,1980.0,1985.0,1982.5,1,1,1.0,1.0,0.5,1.0,False
context,107,500,297,1985.0,1990.0,1987.5,1,0,0.0,1.0,0.0,0.5,False
context,107,500,298,1990.0,1995.0,1992.5,0,0,nan,1.0,nan,nan,False
context,107,500,299,1995.0,2000.0,1997.5,1,1,1.0,1.0,0.5,1.0,False
context,107,500,300,2000.0,2005.0,2002.5,1,1,1.0,1.0,0.5,1.0,False
context,107,500,301,2005.0,2010.0,2007.5,1,1,1.0,1.0,0.5,1.0,False
context,107,500,302,2010.0,2015.0,2012.5,2,0,0.0,1.0,0.0,0.3333333333333333,False
context,107,500,303,2015.0,2020.0,2017.5,1,0,0.0,1.0,0.0,0.5,False
context,107,500,304,2020.0,2025.0,2022.5,0,0,nan,1.0,nan,nan,False
context,107,500,305,2025.0,2030.0,2027.5,1,1,1.0,1.0,0.5,1.0,False
context,107,500,306,2030.0,2035.0,2032.5,0,0,nan,1.0,nan,nan,False
context,107,500,307,2035.0,2040.0,2037.5,0,0,nan,1.0,nan,nan,False
context,107,500,308,2040.0,2045.0,2042.5,1,1,1.0,1.0,0.5,1.0,False
context,107,500,309,2045.0,2050.0,2047.5,2,2,1.0,1.0,0.6666666666666667,1.0,False
context,107,500,310,2050.0,2055.0,2052.5,1,1,1.0,1.0,0.5,1.0,False
context,107,500,311,2055.0,2060.0,2057.5,0,0,nan,1.0,nan,nan,False
context,107,500,312,2060.0,2065.0,2062.5,1,0,0.0,1.0,0.0,0.5,False
context,107,500,313,2065.0,2070.0,2067.5,0,0,nan,1.0,nan,nan,False
context,107,500,314,2070.0,2075.0,2072.5,0,0,nan,1.0,nan,nan,False
context,107,500,315,2075.0,2080.0,2077.5,0,0,nan,1.0,nan,nan,False
context,107,500,316,2080.0,2085.0,2082.5,2,2,1.0,1.0,0.6666666666666667,1.0,False
context,107,500,317,2085.0,2090.0,2087.5,0,0,nan,1.0,nan,nan,False
context,107,500,318,2090.0,2095.0,2092.5,2,1,0.5,1.0,0.21132486540518713,0.7886751345948129,False
context,107,500,319,2095.0,2100.0,2097.5,1,0,0.0,1.0,0.0,0.5,False
context,107,500,320,2100.0,2105.0,2102.5,4,0,0.0,1.0,0.0,0.2,True
context,107,500,321,2105.0,2110.0,2107.5,1,1,1.0,1.0,0.5,1.0,False
context,107,500,322,2110.0,2115.0,2112.5,2,0,0.0,1.0,0.0,0.3333333333333333,False
context,107,500,323,2115.0,2120.0,2117.5,0,0,nan,1.0,nan,nan,False
context,107,500,324,2120.0,2125.0,2122.5,0,0,nan,1.0,nan,nan,False
context,107,500,325,2125.0,2130.0,2127.5,1,0,0.0,1.0,0.0,0.5,False
context,107,500,326,2130.0,2135.0,2132.5,0,0,nan,1.0,nan,nan,False
context,107,500,327,2135.0,2140.0,2137.5,1,0,0.0,1.0,0.0,0.5,False
context,107,500,328,2140.0,2145.0,2142.5,0,0,nan,1.0,nan,nan,False
context,107,500,329,2145.0,2150.0,2147.5,2,1,0.5,1.0,0.21132486540518713,0.7886751345948129,False
context,107,500,330,2150.0,2155.0,2152.5,2,0,0.0,1.0,0.0,0.3333333333333333,False
context,107,500,331,2155.0,2160.0,2157.5,1,0,0.0,1.0,0.0,0.5,False
context,107,500,332,2160.0,2165.0,2162.5,0,0,nan,1.0,nan,nan,False
context,107,500,333,2165.0,2170.0,2167.5,0,0,nan,1.0,nan,nan,False
context,107,500,334,2170.0,2175.0,2172.5,1,1,1.0,1.0,0.5,1.0,False
context,107,500,335,2175.0,2180.0,2177.5,0,0,nan,1.0,nan,nan,False
context,107,500,336,2180.0,2185.0,2182.5,1,1,1.0,1.0,0.5,1.0,False
context,107,500,337,2185.0,2190.0,2187.5,1,1,1.0,1.0,0.5,1.0,False
context,107,500,338,2190.0,2195.0,2192.5,0,0,nan,1.0,nan,nan,False
context,107,500,339,2195.0,2200.0,2197.5,0,0,nan,1.0,nan,nan,False
context,107,500,340,2200.0,2205.0,2202.5,2,2,1.0,1.0,0.6666666666666667,1.0,False
context,107,500,341,2205.0,2210.0,2207.5,4,1,0.25,1.0,0.09999999999999998,0.5,True
context,107,500,342,2210.0,2215.0,2212.5,1,1,1.0,1.0,0.5,1.0,False
context,107,500,343,2215.0,2220.0,2217.5,0,0,nan,1.0,nan,nan,False
context,107,500,344,2220.0,2225.0,2222.5,0,0,nan,1.0,nan,nan,False
context,107,500,345,2225.0,2230.0,2227.5,1,1,1.0,1.0,0.5,1.0,False
context,107,500,346,2230.0,2235.0,2232.5,1,0,0.0,1.0,0.0,0.5,False
context,107,500,347,2235.0,2240.0,2237.5,1,1,1.0,1.0,0.5,1.0,False
context,107,500,348,2240.0,2245.0,2242.5,0,0,nan,1.0,nan,nan,False
context,107,500,349,2245.0,2250.0,2247.5,0,0,nan,1.0,nan,nan,False
context,107,500,350,2250.0,2255.0,2252.5,1,1,1.0,1.0,0.5,1.0,False
context,107,500,351,2255.0,2260.0,2257.5,2,1,0.5,1.0,0.21132486540518713,0.7886751345948129,False
context,107,500,352,2260.0,2265.0,2262.5,1,0,0.0,1.0,0.0,0.5,False
context,107,500,353,2265.0,2270.0,2267.5,1,0,0.0,1.0,0.0,0.5,False
context,107,500,354,2270.0,2275.0,2272.5,2,1,0.5,1.0,0.21132486540518713,0.7886751345948129,False
context,107,500,355,2275.0,2280.0,2277.5,0,0,nan,1.0,nan,nan,False
context,107,500,356,2280.0,2285.0,2282.5,1,1,1.0,1.0,0.5,1.0,False
context,107,500,357,2285.0,2290.0,2287.5,0,0,nan,1.0,nan,nan,False
context,107,500,358,2290.0,2295.0,2292.5,1,0,0.0,1.0,0.0,0.5,False
context,107,500,359,2295.0,2300.0,2297.5,0,0,nan,1.0,nan,nan,False
context,107,500,360,2300.0,2305.0,2302.5,0,0,nan,1.0,nan,nan,False
context,107,500,361,2305.0,2310.0,2307.5,1,0,0.0,1.0,0.0,0.5,False
context,107,500,362,2310.0,2315.0,2312.5,1,0,0.0,1.0,0.0,0.5,False
context,107,500,363,2315.0,2320.0,2317.5,1,0,0.0,1.0,0.0,0.5,False
context,107,500,364,2320.0,2325.0,2322.5,2,0,0.0,1.0,0.0,0.3333333333333333,False
context,107,500,365,2325.0,2330.0,2327.5,0,0,nan,1.0,nan,nan,False
context,107,500,366,2330.0,2335.0,2332.5,1,1,1.0,1.0,0.5,1.0,False
context,107,500,367,2335.0,2340.0,2337.5,1,1,1.0,1.0,0.5,1.0,False
context,107,500,368,2340.0,2345.0,2342.5,2,1,0.5,1.0,0.21132486540518713,0.7886751345948129,False
context,107,500,369,2345.0,2350.0,2347.5,0,0,nan,1.0,nan,nan,False
context,107,500,370,2350.0,2355.0,2352.5,0,0,nan,1.0,nan,nan,False
context,107,500,371,2355.0,2360.0,2357.5,0,0,nan,1.0,nan,nan,False
context,107,500,372,2360.0,2365.0,2362.5,1,0,0.0,1.0,0.0,0.5,False
context,107,500,373,2365.0,2370.0,2367.5,2,2,1.0,1.0,0.6666666666666667,1.0,False
context,107,500,374,2370.0,2375.0,2372.5,0,0,nan,1.0,nan,nan,False
context,107,500,375,2375.0,2380.0,2377.5,0,0,nan,1.0,nan,nan,False
context,107,500,376,2380.0,2385.0,2382.5,2,1,0.5,1.0,0.21132486540518713,0.7886751345948129,False
context,107,500,377,2385.0,2390.0,2387.5,0,0,nan,1.0,nan,nan,False
context,107,500,378,2390.0,2395.0,2392.5,4,1,0.25,1.0,0.09999999999999998,0.5,True
context,107,500,379,2395.0,2400.0,2397.5,2,0,0.0,1.0,0.0,0.3333333333333333,False
context,107,500,380,2400.0,2405.0,2402.5,0,0,nan,1.0,nan,nan,False
context,107,500,381,2405.0,2410.0,2407.5,0,0,nan,1.0,nan,nan,False
context,107,500,382,2410.0,2415.0,2412.5,1,0,0.0,1.0,0.0,0.5,False
context,107,500,383,2415.0,2420.0,2417.5,0,0,nan,1.0,nan,nan,False
context,107,500,384,2420.0,2425.0,2422.5,0,0,nan,1.0,nan,nan,False
context,107,500,385,2425.0,2430.0,2427.5,0,0,nan,1.0,nan,nan,False
context,107,500,386,2430.0,2435.0,2432.5,1,0,0.0,1.0,0.0,0.5,False
context,107,500,387,2435.0,2440.0,2437.5,1,0,0.0,1.0,0.0,0.5,False
context,107,500,388,2440.0,2445.0,2442.5,0,0,nan,1.0,nan,nan,False
context,107,500,389,2445.0,2450.0,2447.5,1,0,0.0,1.0,0.0,0.5,False
context,107,500,390,2450.0,2455.0,2452.5,1,0,0.0,1.0,0.0,0.5,False
context,107,500,391,2455.0,2460.0,2457.5,0,0,nan,1.0,nan,nan,False
context,107,500,392,2460.0,2465.0,2462.5,0,0,nan,1.0,nan,nan,False
context,107,500,393,2465.0,2470.0,2467.5,0,0,nan,1.0,nan,nan,False
context,107,500,394,2470.0,2475.0,2472.5,0,0,nan,1.0,nan,nan,False
context,107,500,395,2475.0,2480.0,2477.5,0,0,nan,1.0,nan,nan,False
context,107,500,396,2480.0,2485.0,2482.5,0,0,nan,1.0,nan,nan,False
context,107,500,397,2485.0,2490.0,2487.5,0,0,nan,1.0,nan,nan,False
context,107,500,398,2490.0,2495.0,2492.5,0,0,nan,1.0,nan,nan,False
context,107,500,399,2495.0,2500.0,2497.5,1,1,1.0,1.0,0.5,1.0,False
context,107,500,400,2500.0,2505.0,2502.5,0,0,nan,1.0,nan,nan,False
context,107,500,401,2505.0,2510.0,2507.5,1,1,1.0,1.0,0.5,1.0,False
context,107,500,402,2510.0,2515.0,2512.5,0,0,nan,1.0,nan,nan,False
context,107,500,403,2515.0,2520.0,2517.5,0,0,nan,1.0,nan,nan,False
context,107,500,404,2520.0,2525.0,2522.5,1,1,1.0,1.0,0.5,1.0,False
context,107,500,405,2525.0,2530.0,2527.5,0,0,nan,1.0,nan,nan,False
context,107,500,406,2530.0,2535.0,2532.5,1,0,0.0,1.0,0.0,0.5,False
context,107,500,407,2535.0,2540.0,2537.5,0,0,nan,1.0,nan,nan,False
context,107,500,408,2540.0,2545.0,2542.5,0,0,nan,1.0,nan,nan,False
context,107,500,409,2545.0,2550.0,2547.5,1,0,0.0,1.0,0.0,0.5,False
context,107,500,410,2550.0,2555.0,2552.5,1,0,0.0,1.0,0.0,0.5,False
context,107,500,411,2555.0,2560.0,2557.5,0,0,nan,1.0,nan,nan,False
context,107,500,412,2560.0,2565.0,2562.5,0,0,nan,1.0,nan,nan,False
context,107,500,413,2565.0,2570.0,2567.5,0,0,nan,1.0,nan,nan,False
context,107,500,414,2570.0,2575.0,2572.5,0,0,nan,1.0,nan,nan,False
context,107,500,415,2575.0,2580.0,2577.5,0,0,nan,1.0,nan,nan,False
context,107,500,416,2580.0,2585.0,2582.5,0,0,nan,1.0,nan,nan,False
context,107,500,417,2585.0,2590.0,2587.5,0,0,nan,1.0,nan,nan,False
context,107,500,418,2590.0,2595.0,2592.5,0,0,nan,1.0,nan,nan,False
context,107,500,419,2595.0,2600.0,2597.5,0,0,nan,1.0,nan,nan,False
context,107,500,420,2600.0,2605.0,2602.5,0,0,nan,1.0,nan,nan,False
context,107,500,421,2605.0,2610.0,2607.5,0,0,nan,1.0,nan,nan,False
context,107,500,422,2610.0,2615.0,2612.5,27,7,0.25925925925925924,1.0,0.1845947013557251,0.3511195843585607,True
context,107,500,423,2615.0,2620.0,2617.5,8,2,0.25,1.0,0.13079159382974498,0.4247639617258106,True
context,107,500,424,2620.0,2625.0,2622.5,0,0,nan,1.0,nan,nan,False
context,107,500,425,2625.0,2630.0,2627.5,0,0,nan,1.0,nan,nan,False
context,107,500,426,2630.0,2635.0,2632.5,0,0,nan,1.0,nan,nan,False
context,107,500,427,2635.0,2640.0,2637.5,0,0,nan,1.0,nan,nan,False
context,107,500,428,2640.0,2645.0,2642.5,0,0,nan,1.0,nan,nan,False
context,107,500,429,2645.0,2650.0,2647.5,0,0,nan,1.0,nan,nan,False
context,107,500,430,2650.0,2655.0,2652.5,0,0,nan,1.0,nan,nan,False
context,107,500,431,2655.0,2660.0,2657.5,0,0,nan,1.0,nan,nan,False
context,107,500,432,2660.0,2665.0,2662.5,0,0,nan,1.0,nan,nan,False
context,107,500,433,2665.0,2670.0,2667.5,0,0,nan,1.0,nan,nan,False
context,107,500,434,2670.0,2675.0,2672.5,0,0,nan,1.0,nan,nan,False
context,107,500,435,2675.0,2680.0,2677.5,0,0,nan,1.0,nan,nan,False
context,107,500,436,2680.0,2685.0,2682.5,0,0,nan,1.0,nan,nan,False
context,107,500,437,2685.0,2690.0,2687.5,0,0,nan,1.0,nan,nan,False
context,107,500,438,2690.0,2695.0,2692.5,0,0,nan,1.0,nan,nan,False
context,107,500,439,2695.0,2700.0,2697.5,0,0,nan,1.0,nan,nan,False
context,107,500,440,2700.0,2705.0,2702.5,0,0,nan,1.0,nan,nan,False
context,107,500,441,2705.0,2710.0,2707.5,0,0,nan,1.0,nan,nan,False
context,107,500,442,2710.0,2715.0,2712.5,0,0,nan,1.0,nan,nan,False
context,107,500,443,2715.0,2720.0,2717.5,0,0,nan,1.0,nan,nan,False
context,107,500,444,2720.0,2725.0,2722.5,0,0,nan,1.0,nan,nan,False
context,107,500,445,2725.0,2730.0,2727.5,0,0,nan,1.0,nan,nan,False
context,107,500,446,2730.0,2735.0,2732.5,0,0,nan,1.0,nan,nan,False
context,107,500,447,2735.0,2740.0,2737.5,0,0,nan,1.0,nan,nan,False
context,107,500,448,2740.0,2745.0,2742.5,0,0,nan,1.0,nan,nan,False
context,107,500,449,2745.0,2750.0,2747.5,0,0,nan,1.0,nan,nan,False
context,107,500,450,2750.0,2755.0,2752.5,0,0,nan,1.0,nan,nan,False
context,107,500,451,2755.0,2760.0,2757.5,0,0,nan,1.0,nan,nan,False
context,107,500,452,2760.0,2765.0,2762.5,0,0,nan,1.0,nan,nan,False
context,107,500,453,2765.0,2770.0,2767.5,0,0,nan,1.0,nan,nan,False
context,107,500,454,2770.0,2775.0,2772.5,0,0,nan,1.0,nan,nan,False
context,107,500,455,2775.0,2780.0,2777.5,0,0,nan,1.0,nan,nan,False
context,107,500,456,2780.0,2785.0,2782.5,0,0,nan,1.0,nan,nan,False
context,107,500,457,2785.0,2790.0,2787.5,0,0,nan,1.0,nan,nan,False
context,107,500,458,2790.0,2795.0,2792.5,0,0,nan,1.0,nan,nan,False
context,107,500,459,2795.0,2800.0,2797.5,0,0,nan,1.0,nan,nan,False
context,107,500,460,2800.0,2805.0,2802.5,0,0,nan,1.0,nan,nan,False
context,107,500,461,2805.0,2810.0,2807.5,0,0,nan,1.0,nan,nan,False
context,107,500,462,2810.0,2815.0,2812.5,0,0,nan,1.0,nan,nan,False
context,107,500,463,2815.0,2820.0,2817.5,0,0,nan,1.0,nan,nan,False
context,107,500,464,2820.0,2825.0,2822.5,0,0,nan,1.0,nan,nan,False
context,107,500,465,2825.0,2830.0,2827.5,0,0,nan,1.0,nan,nan,False
context,107,500,466,2830.0,2835.0,2832.5,0,0,nan,1.0,nan,nan,False
context,107,500,467,2835.0,2840.0,2837.5,0,0,nan,1.0,nan,nan,False
context,107,500,468,2840.0,2845.0,2842.5,0,0,nan,1.0,nan,nan,False
context,107,500,469,2845.0,2850.0,2847.5,0,0,nan,1.0,nan,nan,False
context,107,500,470,2850.0,2855.0,2852.5,0,0,nan,1.0,nan,nan,False
context,107,500,471,2855.0,2860.0,2857.5,0,0,nan,1.0,nan,nan,False
context,107,500,472,2860.0,2865.0,2862.5,0,0,nan,1.0,nan,nan,False
context,107,500,473,2865.0,2870.0,2867.5,0,0,nan,1.0,nan,nan,False
context,107,500,474,2870.0,2875.0,2872.5,0,0,nan,1.0,nan,nan,False
context,107,500,475,2875.0,2880.0,2877.5,0,0,nan,1.0,nan,nan,False
context,107,500,476,2880.0,2885.0,2882.5,0,0,nan,1.0,nan,nan,False
context,107,500,477,2885.0,2890.0,2887.5,0,0,nan,1.0,nan,nan,False
context,107,500,478,2890.0,2895.0,2892.5,0,0,nan,1.0,nan,nan,False
context,107,500,479,2895.0,2900.0,2897.5,0,0,nan,1.0,nan,nan,False
context,107,500,480,2900.0,2905.0,2902.5,0,0,nan,1.0,nan,nan,False
context,107,500,481,2905.0,2910.0,2907.5,0,0,nan,1.0,nan,nan,False
context,107,500,482,2910.0,2915.0,2912.5,0,0,nan,1.0,nan,nan,False
context,107,500,483,2915.0,2920.0,2917.5,0,0,nan,1.0,nan,nan,False
context,107,500,484,2920.0,2925.0,2922.5,0,0,nan,1.0,nan,nan,False
context,107,500,485,2925.0,2930.0,2927.5,0,0,nan,1.0,nan,nan,False
context,107,500,486,2930.0,2935.0,2932.5,0,0,nan,1.0,nan,nan,False
context,107,500,487,2935.0,2940.0,2937.5,0,0,nan,1.0,nan,nan,False
context,107,500,488,2940.0,2945.0,2942.5,0,0,nan,1.0,nan,nan,False
context,107,500,489,2945.0,2950.0,2947.5,0,0,nan,1.0,nan,nan,False
context,107,500,490,2950.0,2955.0,2952.5,0,0,nan,1.0,nan,nan,False
context,107,500,491,2955.0,2960.0,2957.5,0,0,nan,1.0,nan,nan,False
context,107,500,492,2960.0,2965.0,2962.5,0,0,nan,1.0,nan,nan,False
context,107,500,493,2965.0,2970.0,2967.5,0,0,nan,1.0,nan,nan,False
context,107,500,494,2970.0,2975.0,2972.5,0,0,nan,1.0,nan,nan,False
context,107,500,495,2975.0,2980.0,2977.5,0,0,nan,1.0,nan,nan,False
context,107,500,496,2980.0,2985.0,2982.5,0,0,nan,1.0,nan,nan,False
context,107,500,497,2985.0,2990.0,2987.5,0,0,nan,1.0,nan,nan,False
context,107,500,498,2990.0,2995.0,2992.5,0,0,nan,1.0,nan,nan,False
context,107,500,499,2995.0,3000.0,2997.5,0,0,nan,1.0,nan,nan,False
context,108,500,0,500.0,505.0,502.5,6,2,0.3333333333333333,1.0,0.17738489439831545,0.5369008198873988,True
context,108,500,1,505.0,510.0,507.5,9,4,0.4444444444444444,1.0,0.29276698113238986,0.60723301886761,True
context,108,500,2,510.0,515.0,512.5,25,8,0.32,1.0,0.2351779966009495,0.41866815724520434,True
context,108,500,3,515.0,520.0,517.5,2,0,0.0,1.0,0.0,0.3333333333333333,False
context,108,500,4,520.0,525.0,522.5,2,1,0.5,1.0,0.21132486540518713,0.7886751345948129,False
context,108,500,5,525.0,530.0,527.5,2,0,0.0,1.0,0.0,0.3333333333333333,False
context,108,500,6,530.0,535.0,532.5,3,2,0.6666666666666666,1.0,0.3856432230609155,0.8643567769390845,False
context,108,500,7,535.0,540.0,537.5,3,3,1.0,1.0,0.7500000000000001,1.0,False
context,108,500,8,540.0,545.0,542.5,2,2,1.0,1.0,0.6666666666666667,1.0,False
context,108,500,9,545.0,550.0,547.5,1,0,0.0,1.0,0.0,0.5,False
context,108,500,10,550.0,555.0,552.5,2,2,1.0,1.0,0.6666666666666667,1.0,False
context,108,500,11,555.0,560.0,557.5,2,1,0.5,1.0,0.21132486540518713,0.7886751345948129,False
context,108,500,12,560.0,565.0,562.5,2,2,1.0,1.0,0.6666666666666667,1.0,False
context,108,500,13,565.0,570.0,567.5,1,1,1.0,1.0,0.5,1.0,False
context,108,500,14,570.0,575.0,572.5,4,1,0.25,1.0,0.09999999999999998,0.5,True
context,108,500,15,575.0,580.0,577.5,3,3,1.0,1.0,0.7500000000000001,1.0,False
context,108,500,16,580.0,585.0,582.5,67,21,0.31343283582089554,1.0,0.2598548409785901,0.3724981001978806,True
context,108,500,17,585.0,590.0,587.5,2,1,0.5,1.0,0.21132486540518713,0.7886751345948129,False
context,108,500,18,590.0,595.0,592.5,0,0,nan,1.0,nan,nan,False
context,108,500,19,595.0,600.0,597.5,4,2,0.5,1.0,0.276393202250021,0.7236067977499789,True
context,108,500,20,600.0,605.0,602.5,1,0,0.0,1.0,0.0,0.5,False
context,108,500,21,605.0,610.0,607.5,2,2,1.0,1.0,0.6666666666666667,1.0,False
context,108,500,22,610.0,615.0,612.5,2,0,0.0,1.0,0.0,0.3333333333333333,False
context,108,500,23,615.0,620.0,617.5,5,2,0.4,1.0,0.2159734236867951,0.6173599096465383,True
context,108,500,24,620.0,625.0,622.5,2,0,0.0,1.0,0.0,0.3333333333333333,False
context,108,500,25,625.0,630.0,627.5,2,1,0.5,1.0,0.21132486540518713,0.7886751345948129,False
context,108,500,26,630.0,635.0,632.5,1,0,0.0,1.0,0.0,0.5,False
context,108,500,27,635.0,640.0,637.5,1,0,0.0,1.0,0.0,0.5,False
context,108,500,28,640.0,645.0,642.5,0,0,nan,1.0,nan,nan,False
context,108,500,29,645.0,650.0,647.5,1,1,1.0,1.0,0.5,1.0,False
context,108,500,30,650.0,655.0,652.5,3,2,0.6666666666666666,1.0,0.3856432230609155,0.8643567769390845,False
context,108,500,31,655.0,660.0,657.5,2,1,0.5,1.0,0.21132486540518713,0.7886751345948129,False
context,108,500,32,660.0,665.0,662.5,0,0,nan,1.0,nan,nan,False
context,108,500,33,665.0,670.0,667.5,0,0,nan,1.0,nan,nan,False
context,108,500,34,670.0,675.0,672.5,0,0,nan,1.0,nan,nan,False
context,108,500,35,675.0,680.0,677.5,1,1,1.0,1.0,0.5,1.0,False
context,108,500,36,680.0,685.0,682.5,1,0,0.0,1.0,0.0,0.5,False
context,108,500,37,685.0,690.0,687.5,0,0,nan,1.0,nan,nan,False
context,108,500,38,690.0,695.0,692.5,3,2,0.6666666666666666,1.0,0.3856432230609155,0.8643567769390845,False
context,108,500,39,695.0,700.0,697.5,1,1,1.0,1.0,0.5,1.0,False
context,108,500,40,700.0,705.0,702.5,2,2,1.0,1.0,0.6666666666666667,1.0,False
context,108,500,41,705.0,710.0,707.5,0,0,nan,1.0,nan,nan,False
context,108,500,42,710.0,715.0,712.5,2,1,0.5,1.0,0.21132486540518713,0.7886751345948129,False
context,108,500,43,715.0,720.0,717.5,1,1,1.0,1.0,0.5,1.0,False
context,108,500,44,720.0,725.0,722.5,4,2,0.5,1.0,0.276393202250021,0.7236067977499789,True
context,108,500,45,725.0,730.0,727.5,17,3,0.17647058823529413,1.0,0.10280996802084999,0.2860789208680389,True
context,108,500,46,730.0,735.0,732.5,0,0,nan,1.0,nan,nan,False
context,108,500,47,735.0,740.0,737.5,3,2,0.6666666666666666,1.0,0.3856432230609155,0.8643567769390845,False
context,108,500,48,740.0,745.0,742.5,2,1,0.5,1.0,0.21132486540518713,0.7886751345948129,False
context,108,500,49,745.0,750.0,747.5,1,0,0.0,1.0,0.0,0.5,False
context,108,500,50,750.0,755.0,752.5,2,2,1.0,1.0,0.6666666666666667,1.0,False
context,108,500,51,755.0,760.0,757.5,1,0,0.0,1.0,0.0,0.5,False
context,108,500,52,760.0,765.0,762.5,4,0,0.0,1.0,0.0,0.2,True
context,108,500,53,765.0,770.0,767.5,1,0,0.0,1.0,0.0,0.5,False
context,108,500,54,770.0,775.0,772.5,4,2,0.5,1.0,0.276393202250021,0.7236067977499789,True
context,108,500,55,775.0,780.0,777.5,0,0,nan,1.0,nan,nan,False
context,108,500,56,780.0,785.0,782.5,3,1,0.3333333333333333,1.0,0.13564322306091547,0.6143567769390845,False
context,108,500,57,785.0,790.0,787.5,1,0,0.0,1.0,0.0,0.5,False
context,108,500,58,790.0,795.0,792.5,0,0,nan,1.0,nan,nan,False
context,108,500,59,795.0,800.0,797.5,0,0,nan,1.0,nan,nan,False
context,108,500,60,800.0,805.0,802.5,1,0,0.0,1.0,0.0,0.5,False
context,108,500,61,805.0,810.0,807.5,0,0,nan,1.0,nan,nan,False
context,108,500,62,810.0,815.0,812.5,2,1,0.5,1.0,0.21132486540518713,0.7886751345948129,False
context,108,500,63,815.0,820.0,817.5,1,1,1.0,1.0,0.5,1.0,False
context,108,500,64,820.0,825.0,822.5,1,1,1.0,1.0,0.5,1.0,False
context,108,500,65,825.0,830.0,827.5,1,1,1.0,1.0,0.5,1.0,False
context,108,500,66,830.0,835.0,832.5,0,0,nan,1.0,nan,nan,False
context,108,500,67,835.0,840.0,837.5,3,1,0.3333333333333333,1.0,0.13564322306091547,0.6143567769390845,False
context,108,500,68,840.0,845.0,842.5,0,0,nan,1.0,nan,nan,False
context,108,500,69,845.0,850.0,847.5,1,1,1.0,1.0,0.5,1.0,False
context,108,500,70,850.0,855.0,852.5,0,0,nan,1.0,nan,nan,False
context,108,500,71,855.0,860.0,857.5,3,1,0.3333333333333333,1.0,0.13564322306091547,0.6143567769390845,False
context,108,500,72,860.0,865.0,862.5,7,2,0.2857142857142857,1.0,0.15055038261413342,0.47444961738586655,True
context,108,500,73,865.0,870.0,867.5,0,0,nan,1.0,nan,nan,False
context,108,500,74,870.0,875.0,872.5,0,0,nan,1.0,nan,nan,False
context,108,500,75,875.0,880.0,877.5,0,0,nan,1.0,nan,nan,False
context,108,500,76,880.0,885.0,882.5,0,0,nan,1.0,nan,nan,False
context,108,500,77,885.0,890.0,887.5,0,0,nan,1.0,nan,nan,False
context,108,500,78,890.0,895.0,892.5,1,1,1.0,1.0,0.5,1.0,False
context,108,500,79,895.0,900.0,897.5,2,1,0.5,1.0,0.21132486540518713,0.7886751345948129,False
context,108,500,80,900.0,905.0,902.5,0,0,nan,1.0,nan,nan,False
context,108,500,81,905.0,910.0,907.5,0,0,nan,1.0,nan,nan,False
context,108,500,82,910.0,915.0,912.5,1,0,0.0,1.0,0.0,0.5,False
context,108,500,83,915.0,920.0,917.5,1,1,1.0,1.0,0.5,1.0,False
context,108,500,84,920.0,925.0,922.5,0,0,nan,1.0,nan,nan,False
context,108,500,85,925.0,930.0,927.5,0,0,nan,1.0,nan,nan,False
context,108,500,86,930.0,935.0,932.5,0,0,nan,1.0,nan,nan,False
context,108,500,87,935.0,940.0,937.5,0,0,nan,1.0,nan,nan,False
context,108,500,88,940.0,945.0,942.5,0,0,nan,1.0,nan,nan,False
context,108,500,89,945.0,950.0,947.5,1,0,0.0,1.0,0.0,0.5,False
context,108,500,90,950.0,955.0,952.5,0,0,nan,1.0,nan,nan,False
context,108,500,91,955.0,960.0,957.5,1,1,1.0,1.0,0.5,1.0,False
context,108,500,92,960.0,965.0,962.5,0,0,nan,1.0,nan,nan,False
context,108,500,93,965.0,970.0,967.5,0,0,nan,1.0,nan,nan,False
context,108,500,94,970.0,975.0,972.5,1,0,0.0,1.0,0.0,0.5,False
context,108,500,95,975.0,980.0,977.5,0,0,nan,1.0,nan,nan,False
context,108,500,96,980.0,985.0,982.5,0,0,nan,1.0,nan,nan,False
context,108,500,97,985.0,990.0,987.5,0,0,nan,1.0,nan,nan,False
context,108,500,98,990.0,995.0,992.5,2,1,0.5,1.0,0.21132486540518713,0.7886751345948129,False
context,108,500,99,995.0,1000.0,997.5,1,1,1.0,1.0,0.5,1.0,False
context,108,500,100,1000.0,1005.0,1002.5,0,0,nan,1.0,nan,nan,False
context,108,500,101,1005.0,1010.0,1007.5,0,0,nan,1.0,nan,nan,False
context,108,500,102,1010.0,1015.0,1012.5,0,0,nan,1.0,nan,nan,False
context,108,500,103,1015.0,1020.0,1017.5,1,1,1.0,1.0,0.5,1.0,False
context,108,500,104,1020.0,1025.0,1022.5,0,0,nan,1.0,nan,nan,False
context,108,500,105,1025.0,1030.0,1027.5,1,1,1.0,1.0,0.5,1.0,False
context,108,500,106,1030.0,1035.0,1032.5,0,0,nan,1.0,nan,nan,False
context,108,500,107,1035.0,1040.0,1037.5,0,0,nan,1.0,nan,nan,False
context,108,500,108,1040.0,1045.0,1042.5,0,0,nan,1.0,nan,nan,False
context,108,500,109,1045.0,1050.0,1047.5,1,0,0.0,1.0,0.0,0.5,False
context,108,500,110,1050.0,1055.0,1052.5,2,1,0.5,1.0,0.21132486540518713,0.7886751345948129,False
context,108,500,111,1055.0,1060.0,1057.5,0,0,nan,1.0,nan,nan,False
context,108,500,112,1060.0,1065.0,1062.5,1,1,1.0,1.0,0.5,1.0,False
context,108,500,113,1065.0,1070.0,1067.5,0,0,nan,1.0,nan,nan,False
context,108,500,114,1070.0,1075.0,1072.5,1,0,0.0,1.0,0.0,0.5,False
context,108,500,115,1075.0,1080.0,1077.5,0,0,nan,1.0,nan,nan,False
context,108,500,116,1080.0,1085.0,1082.5,0,0,nan,1.0,nan,nan,False
context,108,500,117,1085.0,1090.0,1087.5,2,0,0.0,1.0,0.0,0.3333333333333333,False
context,108,500,118,1090.0,1095.0,1092.5,1,0,0.0,1.0,0.0,0.5,False
context,108,500,119,1095.0,1100.0,1097.5,1,0,0.0,1.0,0.0,0.5,False
context,108,500,120,1100.0,1105.0,1102.5,0,0,nan,1.0,nan,nan,False
context,108,500,121,1105.0,1110.0,1107.5,0,0,nan,1.0,nan,nan,False
context,108,500,122,1110.0,1115.0,1112.5,0,0,nan,1.0,nan,nan,False
context,108,500,123,1115.0,1120.0,1117.5,0,0,nan,1.0,nan,nan,False
context,108,500,124,1120.0,1125.0,1122.5,0,0,nan,1.0,nan,nan,False
context,108,500,125,1125.0,1130.0,1127.5,1,0,0.0,1.0,0.0,0.5,False
context,108,500,126,1130.0,1135.0,1132.5,1,1,1.0,1.0,0.5,1.0,False
context,108,500,127,1135.0,1140.0,1137.5,0,0,nan,1.0,nan,nan,False
context,108,500,128,1140.0,1145.0,1142.5,0,0,nan,1.0,nan,nan,False
context,108,500,129,1145.0,1150.0,1147.5,0,0,nan,1.0,nan,nan,False
context,108,500,130,1150.0,1155.0,1152.5,1,1,1.0,1.0,0.5,1.0,False
context,108,500,131,1155.0,1160.0,1157.5,1,0,0.0,1.0,0.0,0.5,False
context,108,500,132,1160.0,1165.0,1162.5,0,0,nan,1.0,nan,nan,False
context,108,500,133,1165.0,1170.0,1167.5,1,1,1.0,1.0,0.5,1.0,False
context,108,500,134,1170.0,1175.0,1172.5,1,0,0.0,1.0,0.0,0.5,False
context,108,500,135,1175.0,1180.0,1177.5,1,0,0.0,1.0,0.0,0.5,False
context,108,500,136,1180.0,1185.0,1182.5,0,0,nan,1.0,nan,nan,False
context,108,500,137,1185.0,1190.0,1187.5,0,0,nan,1.0,nan,nan,False
context,108,500,138,1190.0,1195.0,1192.5,0,0,nan,1.0,nan,nan,False
context,108,500,139,1195.0,1200.0,1197.5,0,0,nan,1.0,nan,nan,False
context,108,500,140,1200.0,1205.0,1202.5,0,0,nan,1.0,nan,nan,False
context,108,500,141,1205.0,1210.0,1207.5,1,1,1.0,1.0,0.5,1.0,False
context,108,500,142,1210.0,1215.0,1212.5,1,0,0.0,1.0,0.0,0.5,False
context,108,500,143,1215.0,1220.0,1217.5,0,0,nan,1.0,nan,nan,False
context,108,500,144,1220.0,1225.0,1222.5,0,0,nan,1.0,nan,nan,False
context,108,500,145,1225.0,1230.0,1227.5,1,1,1.0,1.0,0.5,1.0,False
context,108,500,146,1230.0,1235.0,1232.5,0,0,nan,1.0,nan,nan,False
context,108,500,147,1235.0,1240.0,1237.5,0,0,nan,1.0,nan,nan,False
context,108,500,148,1240.0,1245.0,1242.5,0,0,nan,1.0,nan,nan,False
context,108,500,149,1245.0,1250.0,1247.5,0,0,nan,1.0,nan,nan,False
context,108,500,150,1250.0,1255.0,1252.5,1,1,1.0,1.0,0.5,1.0,False
context,108,500,151,1255.0,1260.0,1257.5,1,0,0.0,1.0,0.0,0.5,False
context,108,500,152,1260.0,1265.0,1262.5,1,0,0.0,1.0,0.0,0.5,False
context,108,500,153,1265.0,1270.0,1267.5,0,0,nan,1.0,nan,nan,False
context,108,500,154,1270.0,1275.0,1272.5,0,0,nan,1.0,nan,nan,False
context,108,500,155,1275.0,1280.0,1277.5,1,1,1.0,1.0,0.5,1.0,False
context,108,500,156,1280.0,1285.0,1282.5,1,0,0.0,1.0,0.0,0.5,False
context,108,500,157,1285.0,1290.0,1287.5,2,1,0.5,1.0,0.21132486540518713,0.7886751345948129,False
context,108,500,158,1290.0,1295.0,1292.5,1,1,1.0,1.0,0.5,1.0,False
context,108,500,159,1295.0,1300.0,1297.5,1,1,1.0,1.0,0.5,1.0,False
context,108,500,160,1300.0,1305.0,1302.5,1,1,1.0,1.0,0.5,1.0,False
context,108,500,161,1305.0,1310.0,1307.5,0,0,nan,1.0,nan,nan,False
context,108,500,162,1310.0,1315.0,1312.5,1,1,1.0,1.0,0.5,1.0,False
context,108,500,163,1315.0,1320.0,1317.5,3,1,0.3333333333333333,1.0,0.13564322306091547,0.6143567769390845,False
context,108,500,164,1320.0,1325.0,1322.5,3,3,1.0,1.0,0.7500000000000001,1.0,False
context,108,500,165,1325.0,1330.0,1327.5,0,0,nan,1.0,nan,nan,False
context,108,500,166,1330.0,1335.0,1332.5,2,1,0.5,1.0,0.21132486540518713,0.7886751345948129,False
context,108,500,167,1335.0,1340.0,1337.5,0,0,nan,1.0,nan,nan,False
context,108,500,168,1340.0,1345.0,1342.5,1,0,0.0,1.0,0.0,0.5,False
context,108,500,169,1345.0,1350.0,1347.5,1,1,1.0,1.0,0.5,1.0,False
context,108,500,170,1350.0,1355.0,1352.5,0,0,nan,1.0,nan,nan,False
context,108,500,171,1355.0,1360.0,1357.5,0,0,nan,1.0,nan,nan,False
context,108,500,172,1360.0,1365.0,1362.5,2,0,0.0,1.0,0.0,0.3333333333333333,False
context,108,500,173,1365.0,1370.0,1367.5,1,0,0.0,1.0,0.0,0.5,False
context,108,500,174,1370.0,1375.0,1372.5,1,1,1.0,1.0,0.5,1.0,False
context,108,500,175,1375.0,1380.0,1377.5,0,0,nan,1.0,nan,nan,False
context,108,500,176,1380.0,1385.0,1382.5,2,1,0.5,1.0,0.21132486540518713,0.7886751345948129,False
context,108,500,177,1385.0,1390.0,1387.5,1,1,1.0,1.0,0.5,1.0,False
context,108,500,178,1390.0,1395.0,1392.5,1,1,1.0,1.0,0.5,1.0,False
context,108,500,179,1395.0,1400.0,1397.5,0,0,nan,1.0,nan,nan,False
context,108,500,180,1400.0,1405.0,1402.5,0,0,nan,1.0,nan,nan,False
context,108,500,181,1405.0,1410.0,1407.5,2,1,0.5,1.0,0.21132486540518713,0.7886751345948129,False
context,108,500,182,1410.0,1415.0,1412.5,0,0,nan,1.0,nan,nan,False
context,108,500,183,1415.0,1420.0,1417.5,0,0,nan,1.0,nan,nan,False
context,108,500,184,1420.0,1425.0,1422.5,1,1,1.0,1.0,0.5,1.0,False
context,108,500,185,1425.0,1430.0,1427.5,0,0,nan,1.0,nan,nan,False
context,108,500,186,1430.0,1435.0,1432.5,1,1,1.0,1.0,0.5,1.0,False
context,108,500,187,1435.0,1440.0,1437.5,1,1,1.0,1.0,0.5,1.0,False
context,108,500,188,1440.0,1445.0,1442.5,0,0,nan,1.0,nan,nan,False
context,108,500,189,1445.0,1450.0,1447.5,2,1,0.5,1.0,0.21132486540518713,0.7886751345948129,False
context,108,500,190,1450.0,1455.0,1452.5,0,0,nan,1.0,nan,nan,False
context,108,500,191,1455.0,1460.0,1457.5,0,0,nan,1.0,nan,nan,False
context,108,500,192,1460.0,1465.0,1462.5,0,0,nan,1.0,nan,nan,False
context,108,500,193,1465.0,1470.0,1467.5,1,1,1.0,1.0,0.5,1.0,False
context,108,500,194,1470.0,1475.0,1472.5,2,1,0.5,1.0,0.21132486540518713,0.7886751345948129,False
context,108,500,195,1475.0,1480.0,1477.5,1,1,1.0,1.0,0.5,1.0,False
context,108,500,196,1480.0,1485.0,1482.5,0,0,nan,1.0,nan,nan,False
context,108,500,197,1485.0,1490.0,1487.5,0,0,nan,1.0,nan,nan,False
context,108,500,198,1490.0,1495.0,1492.5,0,0,nan,1.0,nan,nan,False
context,108,500,199,1495.0,1500.0,1497.5,0,0,nan,1.0,nan,nan,False
context,108,500,200,1500.0,1505.0,1502.5,2,2,1.0,1.0,0.6666666666666667,1.0,False
context,108,500,201,1505.0,1510.0,1507.5,0,0,nan,1.0,nan,nan,False
context,108,500,202,1510.0,1515.0,1512.5,0,0,nan,1.0,nan,nan,False
context,108,500,203,1515.0,1520.0,1517.5,0,0,nan,1.0,nan,nan,False
context,108,500,204,1520.0,1525.0,1522.5,0,0,nan,1.0,nan,nan,False
context,108,500,205,1525.0,1530.0,1527.5,0,0,nan,1.0,nan,nan,False
context,108,500,206,1530.0,1535.0,1532.5,0,0,nan,1.0,nan,nan,False
context,108,500,207,1535.0,1540.0,1537.5,1,0,0.0,1.0,0.0,0.5,False
context,108,500,208,1540.0,1545.0,1542.5,0,0,nan,1.0,nan,nan,False
context,108,500,209,1545.0,1550.0,1547.5,0,0,nan,1.0,nan,nan,False
context,108,500,210,1550.0,1555.0,1552.5,0,0,nan,1.0,nan,nan,False
context,108,500,211,1555.0,1560.0,1557.5,1,0,0.0,1.0,0.0,0.5,False
context,108,500,212,1560.0,1565.0,1562.5,0,0,nan,1.0,nan,nan,False
context,108,500,213,1565.0,1570.0,1567.5,0,0,nan,1.0,nan,nan,False
context,108,500,214,1570.0,1575.0,1572.5,0,0,nan,1.0,nan,nan,False
context,108,500,215,1575.0,1580.0,1577.5,0,0,nan,1.0,nan,nan,False
context,108,500,216,1580.0,1585.0,1582.5,2,1,0.5,1.0,0.21132486540518713,0.7886751345948129,False
context,108,500,217,1585.0,1590.0,1587.5,1,0,0.0,1.0,0.0,0.5,False
context,108,500,218,1590.0,1595.0,1592.5,3,2,0.6666666666666666,1.0,0.3856432230609155,0.8643567769390845,False
context,108,500,219,1595.0,1600.0,1597.5,0,0,nan,1.0,nan,nan,False
context,108,500,220,1600.0,1605.0,1602.5,1,1,1.0,1.0,0.5,1.0,False
context,108,500,221,1605.0,1610.0,1607.5,0,0,nan,1.0,nan,nan,False
context,108,500,222,1610.0,1615.0,1612.5,0,0,nan,1.0,nan,nan,False
context,108,500,223,1615.0,1620.0,1617.5,2,1,0.5,1.0,0.21132486540518713,0.7886751345948129,False
context,108,500,224,1620.0,1625.0,1622.5,2,1,0.5,1.0,0.21132486540518713,0.7886751345948129,False
context,108,500,225,1625.0,1630.0,1627.5,1,1,1.0,1.0,0.5,1.0,False
context,108,500,226,1630.0,1635.0,1632.5,2,1,0.5,1.0,0.21132486540518713,0.7886751345948129,False
context,108,500,227,1635.0,1640.0,1637.5,2,1,0.5,1.0,0.21132486540518713,0.7886751345948129,False
context,108,500,228,1640.0,1645.0,1642.5,0,0,nan,1.0,nan,nan,False
context,108,500,229,1645.0,1650.0,1647.5,0,0,nan,1.0,nan,nan,False
context,108,500,230,1650.0,1655.0,1652.5,1,0,0.0,1.0,0.0,0.5,False
context,108,500,231,1655.0,1660.0,1657.5,0,0,nan,1.0,nan,nan,False
context,108,500,232,1660.0,1665.0,1662.5,0,0,nan,1.0,nan,nan,False
context,108,500,233,1665.0,1670.0,1667.5,1,1,1.0,1.0,0.5,1.0,False
context,108,500,234,1670.0,1675.0,1672.5,1,0,0.0,1.0,0.0,0.5,False
context,108,500,235,1675.0,1680.0,1677.5,0,0,nan,1.0,nan,nan,False
context,108,500,236,1680.0,1685.0,1682.5,1,0,0.0,1.0,0.0,0.5,False
context,108,500,237,1685.0,1690.0,1687.5,1,1,1.0,1.0,0.5,1.0,False
context,108,500,238,1690.0,1695.0,1692.5,0,0,nan,1.0,nan,nan,False
context,108,500,239,1695.0,1700.0,1697.5,1,0,0.0,1.0,0.0,0.5,False
context,108,500,240,1700.0,1705.0,1702.5,1,0,0.0,1.0,0.0,0.5,False
context,108,500,241,1705.0,1710.0,1707.5,0,0,nan,1.0,nan,nan,False
context,108,500,242,1710.0,1715.0,1712.5,1,0,0.0,1.0,0.0,0.5,False
context,108,500,243,1715.0,1720.0,1717.5,1,1,1.0,1.0,0.5,1.0,False
context,108,500,244,1720.0,1725.0,1722.5,0,0,nan,1.0,nan,nan,False
context,108,500,245,1725.0,1730.0,1727.5,0,0,nan,1.0,nan,nan,False
context,108,500,246,1730.0,1735.0,1732.5,0,0,nan,1.0,nan,nan,False
context,108,500,247,1735.0,1740.0,1737.5,0,0,nan,1.0,nan,nan,False
context,108,500,248,1740.0,1745.0,1742.5,1,1,1.0,1.0,0.5,1.0,False
context,108,500,249,1745.0,1750.0,1747.5,0,0,nan,1.0,nan,nan,False
context,108,500,250,1750.0,1755.0,1752.5,0,0,nan,1.0,nan,nan,False
context,108,500,251,1755.0,1760.0,1757.5,0,0,nan,1.0,nan,nan,False
context,108,500,252,1760.0,1765.0,1762.5,0,0,nan,1.0,nan,nan,False
context,108,500,253,1765.0,1770.0,1767.5,0,0,nan,1.0,nan,nan,False
context,108,500,254,1770.0,1775.0,1772.5,1,0,0.0,1.0,0.0,0.5,False
context,108,500,255,1775.0,1780.0,1777.5,1,1,1.0,1.0,0.5,1.0,False
context,108,500,256,1780.0,1785.0,1782.5,0,0,nan,1.0,nan,nan,False
context,108,500,257,1785.0,1790.0,1787.5,0,0,nan,1.0,nan,nan,False
context,108,500,258,1790.0,1795.0,1792.5,0,0,nan,1.0,nan,nan,False
context,108,500,259,1795.0,1800.0,1797.5,1,0,0.0,1.0,0.0,0.5,False
context,108,500,260,1800.0,1805.0,1802.5,0,0,nan,1.0,nan,nan,False
context,108,500,261,1805.0,1810.0,1807.5,0,0,nan,1.0,nan,nan,False
context,108,500,262,1810.0,1815.0,1812.5,0,0,nan,1.0,nan,nan,False
context,108,500,263,1815.0,1820.0,1817.5,0,0,nan,1.0,nan,nan,False
context,108,500,264,1820.0,1825.0,1822.5,0,0,nan,1.0,nan,nan,False
context,108,500,265,1825.0,1830.0,1827.5,0,0,nan,1.0,nan,nan,False
context,108,500,266,1830.0,1835.0,1832.5,1,0,0.0,1.0,0.0,0.5,False
context,108,500,267,1835.0,1840.0,1837.5,0,0,nan,1.0,nan,nan,False
context,108,500,268,1840.0,1845.0,1842.5,1,1,1.0,1.0,0.5,1.0,False
context,108,500,269,1845.0,1850.0,1847.5,0,0,nan,1.0,nan,nan,False
context,108,500,270,1850.0,1855.0,1852.5,1,1,1.0,1.0,0.5,1.0,False
context,108,500,271,1855.0,1860.0,1857.5,0,0,nan,1.0,nan,nan,False
context,108,500,272,1860.0,1865.0,1862.5,0,0,nan,1.0,nan,nan,False
context,108,500,273,1865.0,1870.0,1867.5,0,0,nan,1.0,nan,nan,False
context,108,500,274,1870.0,1875.0,1872.5,1,0,0.0,1.0,0.0,0.5,False
context,108,500,275,1875.0,1880.0,1877.5,2,2,1.0,1.0,0.6666666666666667,1.0,False
context,108,500,276,1880.0,1885.0,1882.5,0,0,nan,1.0,nan,nan,False
context,108,500,277,1885.0,1890.0,1887.5,0,0,nan,1.0,nan,nan,False
context,108,500,278,1890.0,1895.0,1892.5,2,1,0.5,1.0,0.21132486540518713,0.7886751345948129,False
context,108,500,279,1895.0,1900.0,1897.5,3,3,1.0,1.0,0.7500000000000001,1.0,False
context,108,500,280,1900.0,1905.0,1902.5,1,0,0.0,1.0,0.0,0.5,False
context,108,500,281,1905.0,1910.0,1907.5,0,0,nan,1.0,nan,nan,False
context,108,500,282,1910.0,1915.0,1912.5,0,0,nan,1.0,nan,nan,False
context,108,500,283,1915.0,1920.0,1917.5,3,2,0.6666666666666666,1.0,0.3856432230609155,0.8643567769390845,False
context,108,500,284,1920.0,1925.0,1922.5,1,1,1.0,1.0,0.5,1.0,False
context,108,500,285,1925.0,1930.0,1927.5,0,0,nan,1.0,nan,nan,False
context,108,500,286,1930.0,1935.0,1932.5,0,0,nan,1.0,nan,nan,False
context,108,500,287,1935.0,1940.0,1937.5,0,0,nan,1.0,nan,nan,False
context,108,500,288,1940.0,1945.0,1942.5,0,0,nan,1.0,nan,nan,False
context,108,500,289,1945.0,1950.0,1947.5,0,0,nan,1.0,nan,nan,False
context,108,500,290,1950.0,1955.0,1952.5,1,1,1.0,1.0,0.5,1.0,False
context,108,500,291,1955.0,1960.0,1957.5,3,2,0.6666666666666666,1.0,0.3856432230609155,0.8643567769390845,False
context,108,500,292,1960.0,1965.0,1962.5,0,0,nan,1.0,nan,nan,False
context,108,500,293,1965.0,1970.0,1967.5,0,0,nan,1.0,nan,nan,False
context,108,500,294,1970.0,1975.0,1972.5,0,0,nan,1.0,nan,nan,False
context,108,500,295,1975.0,1980.0,1977.5,0,0,nan,1.0,nan,nan,False
context,108,500,296,1980.0,1985.0,1982.5,2,1,0.5,1.0,0.21132486540518713,0.7886751345948129,False
context,108,500,297,1985.0,1990.0,1987.5,0,0,nan,1.0,nan,nan,False
context,108,500,298,1990.0,1995.0,1992.5,1,0,0.0,1.0,0.0,0.5,False
context,108,500,299,1995.0,2000.0,1997.5,2,2,1.0,1.0,0.6666666666666667,1.0,False
context,108,500,300,2000.0,2005.0,2002.5,0,0,nan,1.0,nan,nan,False
context,108,500,301,2005.0,2010.0,2007.5,3,2,0.6666666666666666,1.0,0.3856432230609155,0.8643567769390845,False
context,108,500,302,2010.0,2015.0,2012.5,0,0,nan,1.0,nan,nan,False
context,108,500,303,2015.0,2020.0,2017.5,0,0,nan,1.0,nan,nan,False
context,108,500,304,2020.0,2025.0,2022.5,0,0,nan,1.0,nan,nan,False
context,108,500,305,2025.0,2030.0,2027.5,0,0,nan,1.0,nan,nan,False
context,108,500,306,2030.0,2035.0,2032.5,2,2,1.0,1.0,0.6666666666666667,1.0,False
context,108,500,307,2035.0,2040.0,2037.5,0,0,nan,1.0,nan,nan,False
context,108,500,308,2040.0,2045.0,2042.5,0,0,nan,1.0,nan,nan,False
context,108,500,309,2045.0,2050.0,2047.5,2,1,0.5,1.0,0.21132486540518713,0.7886751345948129,False
context,108,500,310,2050.0,2055.0,2052.5,0,0,nan,1.0,nan,nan,False
context,108,500,311,2055.0,2060.0,2057.5,0,0,nan,1.0,nan,nan,False
context,108,500,312,2060.0,2065.0,2062.5,1,0,0.0,1.0,0.0,0.5,False
context,108,500,313,2065.0,2070.0,2067.5,0,0,nan,1.0,nan,nan,False
context,108,500,314,2070.0,2075.0,2072.5,3,1,0.3333333333333333,1.0,0.13564322306091547,0.6143567769390845,False
context,108,500,315,2075.0,2080.0,2077.5,1,0,0.0,1.0,0.0,0.5,False
context,108,500,316,2080.0,2085.0,2082.5,0,0,nan,1.0,nan,nan,False
context,108,500,317,2085.0,2090.0,2087.5,2,1,0.5,1.0,0.21132486540518713,0.7886751345948129,False
context,108,500,318,2090.0,2095.0,2092.5,1,0,0.0,1.0,0.0,0.5,False
context,108,500,319,2095.0,2100.0,2097.5,0,0,nan,1.0,nan,nan,False
context,108,500,320,2100.0,2105.0,2102.5,7,2,0.2857142857142857,1.0,0.15055038261413342,0.47444961738586655,True
context,108,500,321,2105.0,2110.0,2107.5,3,1,0.3333333333333333,1.0,0.13564322306091547,0.6143567769390845,False
context,108,500,322,2110.0,2115.0,2112.5,0,0,nan,1.0,nan,nan,False
context,108,500,323,2115.0,2120.0,2117.5,1,0,0.0,1.0,0.0,0.5,False
context,108,500,324,2120.0,2125.0,2122.5,1,1,1.0,1.0,0.5,1.0,False
context,108,500,325,2125.0,2130.0,2127.5,0,0,nan,1.0,nan,nan,False
context,108,500,326,2130.0,2135.0,2132.5,1,1,1.0,1.0,0.5,1.0,False
context,108,500,327,2135.0,2140.0,2137.5,0,0,nan,1.0,nan,nan,False
context,108,500,328,2140.0,2145.0,2142.5,0,0,nan,1.0,nan,nan,False
context,108,500,329,2145.0,2150.0,2147.5,0,0,nan,1.0,nan,nan,False
context,108,500,330,2150.0,2155.0,2152.5,0,0,nan,1.0,nan,nan,False
context,108,500,331,2155.0,2160.0,2157.5,1,0,0.0,1.0,0.0,0.5,False
context,108,500,332,2160.0,2165.0,2162.5,0,0,nan,1.0,nan,nan,False
context,108,500,333,2165.0,2170.0,2167.5,0,0,nan,1.0,nan,nan,False
context,108,500,334,2170.0,2175.0,2172.5,2,2,1.0,1.0,0.6666666666666667,1.0,False
context,108,500,335,2175.0,2180.0,2177.5,1,0,0.0,1.0,0.0,0.5,False
context,108,500,336,2180.0,2185.0,2182.5,2,1,0.5,1.0,0.21132486540518713,0.7886751345948129,False
context,108,500,337,2185.0,2190.0,2187.5,0,0,nan,1.0,nan,nan,False
context,108,500,338,2190.0,2195.0,2192.5,0,0,nan,1.0,nan,nan,False
context,108,500,339,2195.0,2200.0,2197.5,0,0,nan,1.0,nan,nan,False
context,108,500,340,2200.0,2205.0,2202.5,1,0,0.0,1.0,0.0,0.5,False
context,108,500,341,2205.0,2210.0,2207.5,0,0,nan,1.0,nan,nan,False
context,108,500,342,2210.0,2215.0,2212.5,0,0,nan,1.0,nan,nan,False
context,108,500,343,2215.0,2220.0,2217.5,0,0,nan,1.0,nan,nan,False
context,108,500,344,2220.0,2225.0,2222.5,0,0,nan,1.0,nan,nan,False
context,108,500,345,2225.0,2230.0,2227.5,0,0,nan,1.0,nan,nan,False
context,108,500,346,2230.0,2235.0,2232.5,0,0,nan,1.0,nan,nan,False
context,108,500,347,2235.0,2240.0,2237.5,0,0,nan,1.0,nan,nan,False
context,108,500,348,2240.0,2245.0,2242.5,0,0,nan,1.0,nan,nan,False
context,108,500,349,2245.0,2250.0,2247.5,2,1,0.5,1.0,0.21132486540518713,0.7886751345948129,False
context,108,500,350,2250.0,2255.0,2252.5,1,1,1.0,1.0,0.5,1.0,False
context,108,500,351,2255.0,2260.0,2257.5,1,1,1.0,1.0,0.5,1.0,False
context,108,500,352,2260.0,2265.0,2262.5,2,1,0.5,1.0,0.21132486540518713,0.7886751345948129,False
context,108,500,353,2265.0,2270.0,2267.5,2,0,0.0,1.0,0.0,0.3333333333333333,False
context,108,500,354,2270.0,2275.0,2272.5,0,0,nan,1.0,nan,nan,False
context,108,500,355,2275.0,2280.0,2277.5,0,0,nan,1.0,nan,nan,False
context,108,500,356,2280.0,2285.0,2282.5,0,0,nan,1.0,nan,nan,False
context,108,500,357,2285.0,2290.0,2287.5,3,2,0.6666666666666666,1.0,0.3856432230609155,0.8643567769390845,False
context,108,500,358,2290.0,2295.0,2292.5,0,0,nan,1.0,nan,nan,False
context,108,500,359,2295.0,2300.0,2297.5,0,0,nan,1.0,nan,nan,False
context,108,500,360,2300.0,2305.0,2302.5,1,0,0.0,1.0,0.0,0.5,False
context,108,500,361,2305.0,2310.0,2307.5,0,0,nan,1.0,nan,nan,False
context,108,500,362,2310.0,2315.0,2312.5,2,0,0.0,1.0,0.0,0.3333333333333333,False
context,108,500,363,2315.0,2320.0,2317.5,2,0,0.0,1.0,0.0,0.3333333333333333,False
context,108,500,364,2320.0,2325.0,2322.5,1,1,1.0,1.0,0.5,1.0,False
context,108,500,365,2325.0,2330.0,2327.5,3,2,0.6666666666666666,1.0,0.3856432230609155,0.8643567769390845,False
context,108,500,366,2330.0,2335.0,2332.5,1,1,1.0,1.0,0.5,1.0,False
context,108,500,367,2335.0,2340.0,2337.5,0,0,nan,1.0,nan,nan,False
context,108,500,368,2340.0,2345.0,2342.5,1,1,1.0,1.0,0.5,1.0,False
context,108,500,369,2345.0,2350.0,2347.5,0,0,nan,1.0,nan,nan,False
context,108,500,370,2350.0,2355.0,2352.5,1,1,1.0,1.0,0.5,1.0,False
context,108,500,371,2355.0,2360.0,2357.5,2,1,0.5,1.0,0.21132486540518713,0.7886751345948129,False
context,108,500,372,2360.0,2365.0,2362.5,1,1,1.0,1.0,0.5,1.0,False
context,108,500,373,2365.0,2370.0,2367.5,0,0,nan,1.0,nan,nan,False
context,108,500,374,2370.0,2375.0,2372.5,0,0,nan,1.0,nan,nan,False
context,108,500,375,2375.0,2380.0,2377.5,1,1,1.0,1.0,0.5,1.0,False
context,108,500,376,2380.0,2385.0,2382.5,0,0,nan,1.0,nan,nan,False
context,108,500,377,2385.0,2390.0,2387.5,2,0,0.0,1.0,0.0,0.3333333333333333,False
context,108,500,378,2390.0,2395.0,2392.5,1,0,0.0,1.0,0.0,0.5,False
context,108,500,379,2395.0,2400.0,2397.5,3,1,0.3333333333333333,1.0,0.13564322306091547,0.6143567769390845,False
context,108,500,380,2400.0,2405.0,2402.5,2,0,0.0,1.0,0.0,0.3333333333333333,False
context,108,500,381,2405.0,2410.0,2407.5,0,0,nan,1.0,nan,nan,False
context,108,500,382,2410.0,2415.0,2412.5,1,0,0.0,1.0,0.0,0.5,False
context,108,500,383,2415.0,2420.0,2417.5,1,0,0.0,1.0,0.0,0.5,False
context,108,500,384,2420.0,2425.0,2422.5,1,0,0.0,1.0,0.0,0.5,False
context,108,500,385,2425.0,2430.0,2427.5,0,0,nan,1.0,nan,nan,False
context,108,500,386,2430.0,2435.0,2432.5,1,0,0.0,1.0,0.0,0.5,False
context,108,500,387,2435.0,2440.0,2437.5,1,1,1.0,1.0,0.5,1.0,False
context,108,500,388,2440.0,2445.0,2442.5,0,0,nan,1.0,nan,nan,False
context,108,500,389,2445.0,2450.0,2447.5,2,0,0.0,1.0,0.0,0.3333333333333333,False
context,108,500,390,2450.0,2455.0,2452.5,1,0,0.0,1.0,0.0,0.5,False
context,108,500,391,2455.0,2460.0,2457.5,0,0,nan,1.0,nan,nan,False
context,108,500,392,2460.0,2465.0,2462.5,0,0,nan,1.0,nan,nan,False
context,108,500,393,2465.0,2470.0,2467.5,1,0,0.0,1.0,0.0,0.5,False
context,108,500,394,2470.0,2475.0,2472.5,0,0,nan,1.0,nan,nan,False
context,108,500,395,2475.0,2480.0,2477.5,0,0,nan,1.0,nan,nan,False
context,108,500,396,2480.0,2485.0,2482.5,0,0,nan,1.0,nan,nan,False
context,108,500,397,2485.0,2490.0,2487.5,0,0,nan,1.0,nan,nan,False
context,108,500,398,2490.0,2495.0,2492.5,2,1,0.5,1.0,0.21132486540518713,0.7886751345948129,False
context,108,500,399,2495.0,2500.0,2497.5,0,0,nan,1.0,nan,nan,False
context,108,500,400,2500.0,2505.0,2502.5,0,0,nan,1.0,nan,nan,False
context,108,500,401,2505.0,2510.0,2507.5,0,0,nan,1.0,nan,nan,False
context,108,500,402,2510.0,2515.0,2512.5,0,0,nan,1.0,nan,nan,False
context,108,500,403,2515.0,2520.0,2517.5,0,0,nan,1.0,nan,nan,False
context,108,500,404,2520.0,2525.0,2522.5,0,0,nan,1.0,nan,nan,False
context,108,500,405,2525.0,2530.0,2527.5,0,0,nan,1.0,nan,nan,False
context,108,500,406,2530.0,2535.0,2532.5,0,0,nan,1.0,nan,nan,False
context,108,500,407,2535.0,2540.0,2537.5,0,0,nan,1.0,nan,nan,False
context,108,500,408,2540.0,2545.0,2542.5,0,0,nan,1.0,nan,nan,False
context,108,500,409,2545.0,2550.0,2547.5,1,0,0.0,1.0,0.0,0.5,False
context,108,500,410,2550.0,2555.0,2552.5,0,0,nan,1.0,nan,nan,False
context,108,500,411,2555.0,2560.0,2557.5,0,0,nan,1.0,nan,nan,False
context,108,500,412,2560.0,2565.0,2562.5,0,0,nan,1.0,nan,nan,False
context,108,500,413,2565.0,2570.0,2567.5,0,0,nan,1.0,nan,nan,False
context,108,500,414,2570.0,2575.0,2572.5,1,0,0.0,1.0,0.0,0.5,False
context,108,500,415,2575.0,2580.0,2577.5,0,0,nan,1.0,nan,nan,False
context,108,500,416,2580.0,2585.0,2582.5,0,0,nan,1.0,nan,nan,False
context,108,500,417,2585.0,2590.0,2587.5,0,0,nan,1.0,nan,nan,False
context,108,500,418,2590.0,2595.0,2592.5,0,0,nan,1.0,nan,nan,False
context,108,500,419,2595.0,2600.0,2597.5,1,1,1.0,1.0,0.5,1.0,False
context,108,500,420,2600.0,2605.0,2602.5,0,0,nan,1.0,nan,nan,False
context,108,500,421,2605.0,2610.0,2607.5,1,0,0.0,1.0,0.0,0.5,False
context,108,500,422,2610.0,2615.0,2612.5,33,5,0.15151515151515152,1.0,0.09942547152303957,0.22410394024166638,True
context,108,500,423,2615.0,2620.0,2617.5,12,4,0.3333333333333333,1.0,0.2147826824876975,0.4775250098199949,True
context,108,500,424,2620.0,2625.0,2622.5,0,0,nan,1.0,nan,nan,False
context,108,500,425,2625.0,2630.0,2627.5,0,0,nan,1.0,nan,nan,False
context,108,500,426,2630.0,2635.0,2632.5,0,0,nan,1.0,nan,nan,False
context,108,500,427,2635.0,2640.0,2637.5,0,0,nan,1.0,nan,nan,False
context,108,500,428,2640.0,2645.0,2642.5,0,0,nan,1.0,nan,nan,False
context,108,500,429,2645.0,2650.0,2647.5,0,0,nan,1.0,nan,nan,False
context,108,500,430,2650.0,2655.0,2652.5,0,0,nan,1.0,nan,nan,False
context,108,500,431,2655.0,2660.0,2657.5,0,0,nan,1.0,nan,nan,False
context,108,500,432,2660.0,2665.0,2662.5,0,0,nan,1.0,nan,nan,False
context,108,500,433,2665.0,2670.0,2667.5,0,0,nan,1.0,nan,nan,False
context,108,500,434,2670.0,2675.0,2672.5,0,0,nan,1.0,nan,nan,False
context,108,500,435,2675.0,2680.0,2677.5,0,0,nan,1.0,nan,nan,False
context,108,500,436,2680.0,2685.0,2682.5,0,0,nan,1.0,nan,nan,False
context,108,500,437,2685.0,2690.0,2687.5,0,0,nan,1.0,nan,nan,False
context,108,500,438,2690.0,2695.0,2692.5,0,0,nan,1.0,nan,nan,False
context,108,500,439,2695.0,2700.0,2697.5,0,0,nan,1.0,nan,nan,False
context,108,500,440,2700.0,2705.0,2702.5,0,0,nan,1.0,nan,nan,False
context,108,500,441,2705.0,2710.0,2707.5,0,0,nan,1.0,nan,nan,False
context,108,500,442,2710.0,2715.0,2712.5,0,0,nan,1.0,nan,nan,False
context,108,500,443,2715.0,2720.0,2717.5,0,0,nan,1.0,nan,nan,False
context,108,500,444,2720.0,2725.0,2722.5,0,0,nan,1.0,nan,nan,False
context,108,500,445,2725.0,2730.0,2727.5,0,0,nan,1.0,nan,nan,False
context,108,500,446,2730.0,2735.0,2732.5,0,0,nan,1.0,nan,nan,False
context,108,500,447,2735.0,2740.0,2737.5,0,0,nan,1.0,nan,nan,False
context,108,500,448,2740.0,2745.0,2742.5,0,0,nan,1.0,nan,nan,False
context,108,500,449,2745.0,2750.0,2747.5,0,0,nan,1.0,nan,nan,False
context,108,500,450,2750.0,2755.0,2752.5,0,0,nan,1.0,nan,nan,False
context,108,500,451,2755.0,2760.0,2757.5,0,0,nan,1.0,nan,nan,False
context,108,500,452,2760.0,2765.0,2762.5,0,0,nan,1.0,nan,nan,False
context,108,500,453,2765.0,2770.0,2767.5,0,0,nan,1.0,nan,nan,False
context,108,500,454,2770.0,2775.0,2772.5,0,0,nan,1.0,nan,nan,False
context,108,500,455,2775.0,2780.0,2777.5,0,0,nan,1.0,nan,nan,False
context,108,500,456,2780.0,2785.0,2782.5,0,0,nan,1.0,nan,nan,False
context,108,500,457,2785.0,2790.0,2787.5,0,0,nan,1.0,nan,nan,False
context,108,500,458,2790.0,2795.0,2792.5,0,0,nan,1.0,nan,nan,False
context,108,500,459,2795.0,2800.0,2797.5,0,0,nan,1.0,nan,nan,False
context,108,500,460,2800.0,2805.0,2802.5,0,0,nan,1.0,nan,nan,False
context,108,500,461,2805.0,2810.0,2807.5,0,0,nan,1.0,nan,nan,False
context,108,500,462,2810.0,2815.0,2812.5,0,0,nan,1.0,nan,nan,False
context,108,500,463,2815.0,2820.0,2817.5,0,0,nan,1.0,nan,nan,False
context,108,500,464,2820.0,2825.0,2822.5,0,0,nan,1.0,nan,nan,False
context,108,500,465,2825.0,2830.0,2827.5,0,0,nan,1.0,nan,nan,False
context,108,500,466,2830.0,2835.0,2832.5,1,0,0.0,1.0,0.0,0.5,False
context,108,500,467,2835.0,2840.0,2837.5,0,0,nan,1.0,nan,nan,False
context,108,500,468,2840.0,2845.0,2842.5,0,0,nan,1.0,nan,nan,False
context,108,500,469,2845.0,2850.0,2847.5,0,0,nan,1.0,nan,nan,False
context,108,500,470,2850.0,2855.0,2852.5,0,0,nan,1.0,nan,nan,False
context,108,500,471,2855.0,2860.0,2857.5,0,0,nan,1.0,nan,nan,False
context,108,500,472,2860.0,2865.0,2862.5,0,0,nan,1.0,nan,nan,False
context,108,500,473,2865.0,2870.0,2867.5,0,0,nan,1.0,nan,nan,False
context,108,500,474,2870.0,2875.0,2872.5,1,0,0.0,1.0,0.0,0.5,False
context,108,500,475,2875.0,2880.0,2877.5,0,0,nan,1.0,nan,nan,False
context,108,500,476,2880.0,2885.0,2882.5,0,0,nan,1.0,nan,nan,False
context,108,500,477,2885.0,2890.0,2887.5,0,0,nan,1.0,nan,nan,False
context,108,500,478,2890.0,2895.0,2892.5,0,0,nan,1.0,nan,nan,False
context,108,500,479,2895.0,2900.0,2897.5,0,0,nan,1.0,nan,nan,False
context,108,500,480,2900.0,2905.0,2902.5,0,0,nan,1.0,nan,nan,False
context,108,500,481,2905.0,2910.0,2907.5,0,0,nan,1.0,nan,nan,False
context,108,500,482,2910.0,2915.0,2912.5,0,0,nan,1.0,nan,nan,False
context,108,500,483,2915.0,2920.0,2917.5,0,0,nan,1.0,nan,nan,False
context,108,500,484,2920.0,2925.0,2922.5,0,0,nan,1.0,nan,nan,False
context,108,500,485,2925.0,2930.0,2927.5,0,0,nan,1.0,nan,nan,False
context,108,500,486,2930.0,2935.0,2932.5,0,0,nan,1.0,nan,nan,False
context,108,500,487,2935.0,2940.0,2937.5,0,0,nan,1.0,nan,nan,False
context,108,500,488,2940.0,2945.0,2942.5,0,0,nan,1.0,nan,nan,False
context,108,500,489,2945.0,2950.0,2947.5,0,0,nan,1.0,nan,nan,False
context,108,500,490,2950.0,2955.0,2952.5,0,0,nan,1.0,nan,nan,False
context,108,500,491,2955.0,2960.0,2957.5,0,0,nan,1.0,nan,nan,False
context,108,500,492,2960.0,2965.0,2962.5,0,0,nan,1.0,nan,nan,False
context,108,500,493,2965.0,2970.0,2967.5,0,0,nan,1.0,nan,nan,False
context,108,500,494,2970.0,2975.0,2972.5,0,0,nan,1.0,nan,nan,False
context,108,500,495,2975.0,2980.0,2977.5,0,0,nan,1.0,nan,nan,False
context,108,500,496,2980.0,2985.0,2982.5,0,0,nan,1.0,nan,nan,False
context,108,500,497,2985.0,2990.0,2987.5,0,0,nan,1.0,nan,nan,False
context,108,500,498,2990.0,2995.0,2992.5,0,0,nan,1.0,nan,nan,False
context,108,500,499,2995.0,3000.0,2997.5,0,0,nan,1.0,nan,nan,False
context,109,500,0,500.0,505.0,502.5,4,1,0.25,1.0,0.09999999999999998,0.5,True
context,109,500,1,505.0,510.0,507.5,8,4,0.5,1.0,0.33333333333333337,0.6666666666666666,True
context,109,500,2,510.0,515.0,512.5,24,7,0.2916666666666667,1.0,0.2087129070824723,0.39128709291752767,True
context,109,500,3,515.0,520.0,517.5,2,1,0.5,1.0,0.21132486540518713,0.7886751345948129,False
context,109,500,4,520.0,525.0,522.5,4,1,0.25,1.0,0.09999999999999998,0.5,True
context,109,500,5,525.0,530.0,527.5,5,1,0.2,1.0,0.07921748723400673,0.4207825127659934,True
context,109,500,6,530.0,535.0,532.5,4,3,0.75,1.0,0.49999999999999994,0.8999999999999999,True
context,109,500,7,535.0,540.0,537.5,2,1,0.5,1.0,0.21132486540518713,0.7886751345948129,False
context,109,500,8,540.0,545.0,542.5,0,0,nan,1.0,nan,nan,False
context,109,500,9,545.0,550.0,547.5,0,0,nan,1.0,nan,nan,False
context,109,500,10,550.0,555.0,552.5,1,0,0.0,1.0,0.0,0.5,False
context,109,500,11,555.0,560.0,557.5,4,1,0.25,1.0,0.09999999999999998,0.5,True
context,109,500,12,560.0,565.0,562.5,2,0,0.0,1.0,0.0,0.3333333333333333,False
context,109,500,13,565.0,570.0,567.5,0,0,nan,1.0,nan,nan,False
context,109,500,14,570.0,575.0,572.5,6,2,0.3333333333333333,1.0,0.17738489439831545,0.5369008198873988,True
context,109,500,15,575.0,580.0,577.5,7,1,0.14285714285714285,1.0,0.05597392979771218,0.3190260702022878,True
context,109,500,16,580.0,585.0,582.5,59,11,0.1864406779661017,1.0,0.1411164920808244,0.24221684125250895,True
context,109,500,17,585.0,590.0,587.5,2,1,0.5,1.0,0.21132486540518713,0.7886751345948129,False
context,109,500,18,590.0,595.0,592.5,2,1,0.5,1.0,0.21132486540518713,0.7886751345948129,False
context,109,500,19,595.0,600.0,597.5,3,1,0.3333333333333333,1.0,0.13564322306091547,0.6143567769390845,False
context,109,500,20,600.0,605.0,602.5,5,3,0.6,1.0,0.3826400903534618,0.7840265763132049,True
context,109,500,21,605.0,610.0,607.5,0,0,nan,1.0,nan,nan,False
context,109,500,22,610.0,615.0,612.5,1,0,0.0,1.0,0.0,0.5,False
context,109,500,23,615.0,620.0,617.5,2,0,0.0,1.0,0.0,0.3333333333333333,False
context,109,500,24,620.0,625.0,622.5,1,0,0.0,1.0,0.0,0.5,False
context,109,500,25,625.0,630.0,627.5,2,1,0.5,1.0,0.21132486540518713,0.7886751345948129,False
context,109,500,26,630.0,635.0,632.5,2,1,0.5,1.0,0.21132486540518713,0.7886751345948129,False
context,109,500,27,635.0,640.0,637.5,0,0,nan,1.0,nan,nan,False
context,109,500,28,640.0,645.0,642.5,0,0,nan,1.0,nan,nan,False
context,109,500,29,645.0,650.0,647.5,4,0,0.0,1.0,0.0,0.2,True
context,109,500,30,650.0,655.0,652.5,8,4,0.5,1.0,0.33333333333333337,0.6666666666666666,True
context,109,500,31,655.0,660.0,657.5,1,1,1.0,1.0,0.5,1.0,False
context,109,500,32,660.0,665.0,662.5,2,0,0.0,1.0,0.0,0.3333333333333333,False
context,109,500,33,665.0,670.0,667.5,0,0,nan,1.0,nan,nan,False
context,109,500,34,670.0,675.0,672.5,2,0,0.0,1.0,0.0,0.3333333333333333,False
context,109,500,35,675.0,680.0,677.5,2,0,0.0,1.0,0.0,0.3333333333333333,False
context,109,500,36,680.0,685.0,682.5,2,0,0.0,1.0,0.0,0.3333333333333333,False
context,109,500,37,685.0,690.0,687.5,3,0,0.0,1.0,0.0,0.25,False
context,109,500,38,690.0,695.0,692.5,2,0,0.0,1.0,0.0,0.3333333333333333,False
context,109,500,39,695.0,700.0,697.5,1,0,0.0,1.0,0.0,0.5,False
context,109,500,40,700.0,705.0,702.5,1,1,1.0,1.0,0.5,1.0,False
context,109,500,41,705.0,710.0,707.5,3,2,0.6666666666666666,1.0,0.3856432230609155,0.8643567769390845,False
context,109,500,42,710.0,715.0,712.5,1,0,0.0,1.0,0.0,0.5,False
context,109,500,43,715.0,720.0,717.5,0,0,nan,1.0,nan,nan,False
context,109,500,44,720.0,725.0,722.5,1,0,0.0,1.0,0.0,0.5,False
context,109,500,45,725.0,730.0,727.5,12,4,0.3333333333333333,1.0,0.2147826824876975,0.4775250098199949,True
context,109,500,46,730.0,735.0,732.5,1,0,0.0,1.0,0.0,0.5,False
context,109,500,47,735.0,740.0,737.5,2,0,0.0,1.0,0.0,0.3333333333333333,False
context,109,500,48,740.0,745.0,742.5,0,0,nan,1.0,nan,nan,False
context,109,500,49,745.0,750.0,747.5,0,0,nan,1.0,nan,nan,False
context,109,500,50,750.0,755.0,752.5,1,0,0.0,1.0,0.0,0.5,False
context,109,500,51,755.0,760.0,757.5,2,0,0.0,1.0,0.0,0.3333333333333333,False
context,109,500,52,760.0,765.0,762.5,3,1,0.3333333333333333,1.0,0.13564322306091547,0.6143567769390845,False
context,109,500,53,765.0,770.0,767.5,2,0,0.0,1.0,0.0,0.3333333333333333,False
context,109,500,54,770.0,775.0,772.5,1,1,1.0,1.0,0.5,1.0,False
context,109,500,55,775.0,780.0,777.5,2,0,0.0,1.0,0.0,0.3333333333333333,False
context,109,500,56,780.0,785.0,782.5,1,0,0.0,1.0,0.0,0.5,False
context,109,500,57,785.0,790.0,787.5,2,1,0.5,1.0,0.21132486540518713,0.7886751345948129,False
context,109,500,58,790.0,795.0,792.5,1,0,0.0,1.0,0.0,0.5,False
context,109,500,59,795.0,800.0,797.5,1,0,0.0,1.0,0.0,0.5,False
context,109,500,60,800.0,805.0,802.5,3,2,0.6666666666666666,1.0,0.3856432230609155,0.8643567769390845,False
context,109,500,61,805.0,810.0,807.5,3,1,0.3333333333333333,1.0,0.13564322306091547,0.6143567769390845,False
context,109,500,62,810.0,815.0,812.5,0,0,nan,1.0,nan,nan,False
context,109,500,63,815.0,820.0,817.5,1,0,0.0,1.0,0.0,0.5,False
context,109,500,64,820.0,825.0,822.5,0,0,nan,1.0,nan,nan,False
context,109,500,65,825.0,830.0,827.5,0,0,nan,1.0,nan,nan,False
context,109,500,66,830.0,835.0,832.5,0,0,nan,1.0,nan,nan,False
context,109,500,67,835.0,840.0,837.5,1,1,1.0,1.0,0.5,1.0,False
context,109,500,68,840.0,845.0,842.5,2,0,0.0,1.0,0.0,0.3333333333333333,False
context,109,500,69,845.0,850.0,847.5,1,1,1.0,1.0,0.5,1.0,False
context,109,500,70,850.0,855.0,852.5,0,0,nan,1.0,nan,nan,False
context,109,500,71,855.0,860.0,857.5,2,2,1.0,1.0,0.6666666666666667,1.0,False
context,109,500,72,860.0,865.0,862.5,6,1,0.16666666666666666,1.0,0.06559528575241907,0.3629761428190095,True
context,109,500,73,865.0,870.0,867.5,0,0,nan,1.0,nan,nan,False
context,109,500,74,870.0,875.0,872.5,1,0,0.0,1.0,0.0,0.5,False
context,109,500,75,875.0,880.0,877.5,0,0,nan,1.0,nan,nan,False
context,109,500,76,880.0,885.0,882.5,1,1,1.0,1.0,0.5,1.0,False
context,109,500,77,885.0,890.0,887.5,1,0,0.0,1.0,0.0,0.5,False
context,109,500,78,890.0,895.0,892.5,1,1,1.0,1.0,0.5,1.0,False
context,109,500,79,895.0,900.0,897.5,0,0,nan,1.0,nan,nan,False
context,109,500,80,900.0,905.0,902.5,2,1,0.5,1.0,0.21132486540518713,0.7886751345948129,False
context,109,500,81,905.0,910.0,907.5,1,1,1.0,1.0,0.5,1.0,False
context,109,500,82,910.0,915.0,912.5,2,1,0.5,1.0,0.21132486540518713,0.7886751345948129,False
context,109,500,83,915.0,920.0,917.5,1,1,1.0,1.0,0.5,1.0,False
context,109,500,84,920.0,925.0,922.5,1,0,0.0,1.0,0.0,0.5,False
context,109,500,85,925.0,930.0,927.5,0,0,nan,1.0,nan,nan,False
context,109,500,86,930.0,935.0,932.5,1,1,1.0,1.0,0.5,1.0,False
context,109,500,87,935.0,940.0,937.5,0,0,nan,1.0,nan,nan,False
context,109,500,88,940.0,945.0,942.5,3,1,0.3333333333333333,1.0,0.13564322306091547,0.6143567769390845,False
context,109,500,89,945.0,950.0,947.5,3,3,1.0,1.0,0.7500000000000001,1.0,False
context,109,500,90,950.0,955.0,952.5,2,2,1.0,1.0,0.6666666666666667,1.0,False
context,109,500,91,955.0,960.0,957.5,1,0,0.0,1.0,0.0,0.5,False
context,109,500,92,960.0,965.0,962.5,0,0,nan,1.0,nan,nan,False
context,109,500,93,965.0,970.0,967.5,2,1,0.5,1.0,0.21132486540518713,0.7886751345948129,False
context,109,500,94,970.0,975.0,972.5,0,0,nan,1.0,nan,nan,False
context,109,500,95,975.0,980.0,977.5,1,1,1.0,1.0,0.5,1.0,False
context,109,500,96,980.0,985.0,982.5,0,0,nan,1.0,nan,nan,False
context,109,500,97,985.0,990.0,987.5,0,0,nan,1.0,nan,nan,False
context,109,500,98,990.0,995.0,992.5,1,1,1.0,1.0,0.5,1.0,False
context,109,500,99,995.0,1000.0,997.5,2,1,0.5,1.0,0.21132486540518713,0.7886751345948129,False
context,109,500,100,1000.0,1005.0,1002.5,0,0,nan,1.0,nan,nan,False
context,109,500,101,1005.0,1010.0,1007.5,0,0,nan,1.0,nan,nan,False
context,109,500,102,1010.0,1015.0,1012.5,1,1,1.0,1.0,0.5,1.0,False
context,109,500,103,1015.0,1020.0,1017.5,0,0,nan,1.0,nan,nan,False
context,109,500,104,1020.0,1025.0,1022.5,1,1,1.0,1.0,0.5,1.0,False
context,109,500,105,1025.0,1030.0,1027.5,0,0,nan,1.0,nan,nan,False
context,109,500,106,1030.0,1035.0,1032.5,0,0,nan,1.0,nan,nan,False
context,109,500,107,1035.0,1040.0,1037.5,0,0,nan,1.0,nan,nan,False
context,109,500,108,1040.0,1045.0,1042.5,0,0,nan,1.0,nan,nan,False
context,109,500,109,1045.0,1050.0,1047.5,1,1,1.0,1.0,0.5,1.0,False
context,109,500,110,1050.0,1055.0,1052.5,0,0,nan,1.0,nan,nan,False
context,109,500,111,1055.0,1060.0,1057.5,0,0,nan,1.0,nan,nan,False
context,109,500,112,1060.0,1065.0,1062.5,0,0,nan,1.0,nan,nan,False
context,109,500,113,1065.0,1070.0,1067.5,0,0,nan,1.0,nan,nan,False
context,109,500,114,1070.0,1075.0,1072.5,0,0,nan,1.0,nan,nan,False
context,109,500,115,1075.0,1080.0,1077.5,2,1,0.5,1.0,0.21132486540518713,0.7886751345948129,False
context,109,500,116,1080.0,1085.0,1082.5,0,0,nan,1.0,nan,nan,False
context,109,500,117,1085.0,1090.0,1087.5,0,0,nan,1.0,nan,nan,False
context,109,500,118,1090.0,1095.0,1092.5,2,0,0.0,1.0,0.0,0.3333333333333333,False
context,109,500,119,1095.0,1100.0,1097.5,1,1,1.0,1.0,0.5,1.0,False
context,109,500,120,1100.0,1105.0,1102.5,0,0,nan,1.0,nan,nan,False
context,109,500,121,1105.0,1110.0,1107.5,1,1,1.0,1.0,0.5,1.0,False
context,109,500,122,1110.0,1115.0,1112.5,0,0,nan,1.0,nan,nan,False
context,109,500,123,1115.0,1120.0,1117.5,0,0,nan,1.0,nan,nan,False
context,109,500,124,1120.0,1125.0,1122.5,1,1,1.0,1.0,0.5,1.0,False
context,109,500,125,1125.0,1130.0,1127.5,0,0,nan,1.0,nan,nan,False
context,109,500,126,1130.0,1135.0,1132.5,0,0,nan,1.0,nan,nan,False
context,109,500,127,1135.0,1140.0,1137.5,1,0,0.0,1.0,0.0,0.5,False
context,109,500,128,1140.0,1145.0,1142.5,2,2,1.0,1.0,0.6666666666666667,1.0,False
context,109,500,129,1145.0,1150.0,1147.5,1,0,0.0,1.0,0.0,0.5,False
context,109,500,130,1150.0,1155.0,1152.5,2,1,0.5,1.0,0.21132486540518713,0.7886751345948129,False
context,109,500,131,1155.0,1160.0,1157.5,2,1,0.5,1.0,0.21132486540518713,0.7886751345948129,False
context,109,500,132,1160.0,1165.0,1162.5,0,0,nan,1.0,nan,nan,False
context,109,500,133,1165.0,1170.0,1167.5,1,1,1.0,1.0,0.5,1.0,False
context,109,500,134,1170.0,1175.0,1172.5,1,1,1.0,1.0,0.5,1.0,False
context,109,500,135,1175.0,1180.0,1177.5,0,0,nan,1.0,nan,nan,False
context,109,500,136,1180.0,1185.0,1182.5,1,1,1.0,1.0,0.5,1.0,False
context,109,500,137,1185.0,1190.0,1187.5,1,0,0.0,1.0,0.0,0.5,False
context,109,500,138,1190.0,1195.0,1192.5,0,0,nan,1.0,nan,nan,False
context,109,500,139,1195.0,1200.0,1197.5,0,0,nan,1.0,nan,nan,False
context,109,500,140,1200.0,1205.0,1202.5,2,2,1.0,1.0,0.6666666666666667,1.0,False
context,109,500,141,1205.0,1210.0,1207.5,0,0,nan,1.0,nan,nan,False
context,109,500,142,1210.0,1215.0,1212.5,1,1,1.0,1.0,0.5,1.0,False
context,109,500,143,1215.0,1220.0,1217.5,1,1,1.0,1.0,0.5,1.0,False
context,109,500,144,1220.0,1225.0,1222.5,0,0,nan,1.0,nan,nan,False
context,109,500,145,1225.0,1230.0,1227.5,0,0,nan,1.0,nan,nan,False
context,109,500,146,1230.0,1235.0,1232.5,0,0,nan,1.0,nan,nan,False
context,109,500,147,1235.0,1240.0,1237.5,1,1,1.0,1.0,0.5,1.0,False
context,109,500,148,1240.0,1245.0,1242.5,1,0,0.0,1.0,0.0,0.5,False
context,109,500,149,1245.0,1250.0,1247.5,0,0,nan,1.0,nan,nan,False
context,109,500,150,1250.0,1255.0,1252.5,0,0,nan,1.0,nan,nan,False
context,109,500,151,1255.0,1260.0,1257.5,0,0,nan,1.0,nan,nan,False
context,109,500,152,1260.0,1265.0,1262.5,0,0,nan,1.0,nan,nan,False
context,109,500,153,1265.0,1270.0,1267.5,0,0,nan,1.0,nan,nan,False
context,109,500,154,1270.0,1275.0,1272.5,0,0,nan,1.0,nan,nan,False
context,109,500,155,1275.0,1280.0,1277.5,3,1,0.3333333333333333,1.0,0.13564322306091547,0.6143567769390845,False
context,109,500,156,1280.0,1285.0,1282.5,0,0,nan,1.0,nan,nan,False
context,109,500,157,1285.0,1290.0,1287.5,0,0,nan,1.0,nan,nan,False
context,109,500,158,1290.0,1295.0,1292.5,0,0,nan,1.0,nan,nan,False
context,109,500,159,1295.0,1300.0,1297.5,1,1,1.0,1.0,0.5,1.0,False
context,109,500,160,1300.0,1305.0,1302.5,1,1,1.0,1.0,0.5,1.0,False
context,109,500,161,1305.0,1310.0,1307.5,2,0,0.0,1.0,0.0,0.3333333333333333,False
context,109,500,162,1310.0,1315.0,1312.5,1,1,1.0,1.0,0.5,1.0,False
context,109,500,163,1315.0,1320.0,1317.5,0,0,nan,1.0,nan,nan,False
context,109,500,164,1320.0,1325.0,1322.5,0,0,nan,1.0,nan,nan,False
context,109,500,165,1325.0,1330.0,1327.5,0,0,nan,1.0,nan,nan,False
context,109,500,166,1330.0,1335.0,1332.5,0,0,nan,1.0,nan,nan,False
context,109,500,167,1335.0,1340.0,1337.5,0,0,nan,1.0,nan,nan,False
context,109,500,168,1340.0,1345.0,1342.5,0,0,nan,1.0,nan,nan,False
context,109,500,169,1345.0,1350.0,1347.5,1,0,0.0,1.0,0.0,0.5,False
context,109,500,170,1350.0,1355.0,1352.5,0,0,nan,1.0,nan,nan,False
context,109,500,171,1355.0,1360.0,1357.5,0,0,nan,1.0,nan,nan,False
context,109,500,172,1360.0,1365.0,1362.5,0,0,nan,1.0,nan,nan,False
context,109,500,173,1365.0,1370.0,1367.5,0,0,nan,1.0,nan,nan,False
context,109,500,174,1370.0,1375.0,1372.5,1,0,0.0,1.0,0.0,0.5,False
context,109,500,175,1375.0,1380.0,1377.5,0,0,nan,1.0,nan,nan,False
context,109,500,176,1380.0,1385.0,1382.5,0,0,nan,1.0,nan,nan,False
context,109,500,177,1385.0,1390.0,1387.5,1,1,1.0,1.0,0.5,1.0,False
context,109,500,178,1390.0,1395.0,1392.5,1,0,0.0,1.0,0.0,0.5,False
context,109,500,179,1395.0,1400.0,1397.5,0,0,nan,1.0,nan,nan,False
context,109,500,180,1400.0,1405.0,1402.5,0,0,nan,1.0,nan,nan,False
context,109,500,181,1405.0,1410.0,1407.5,0,0,nan,1.0,nan,nan,False
context,109,500,182,1410.0,1415.0,1412.5,1,0,0.0,1.0,0.0,0.5,False
context,109,500,183,1415.0,1420.0,1417.5,0,0,nan,1.0,nan,nan,False
context,109,500,184,1420.0,1425.0,1422.5,1,1,1.0,1.0,0.5,1.0,False
context,109,500,185,1425.0,1430.0,1427.5,0,0,nan,1.0,nan,nan,False
context,109,500,186,1430.0,1435.0,1432.5,2,2,1.0,1.0,0.6666666666666667,1.0,False
context,109,500,187,1435.0,1440.0,1437.5,0,0,nan,1.0,nan,nan,False
context,109,500,188,1440.0,1445.0,1442.5,0,0,nan,1.0,nan,nan,False
context,109,500,189,1445.0,1450.0,1447.5,0,0,nan,1.0,nan,nan,False
context,109,500,190,1450.0,1455.0,1452.5,1,1,1.0,1.0,0.5,1.0,False
context,109,500,191,1455.0,1460.0,1457.5,1,1,1.0,1.0,0.5,1.0,False
context,109,500,192,1460.0,1465.0,1462.5,0,0,nan,1.0,nan,nan,False
context,109,500,193,1465.0,1470.0,1467.5,0,0,nan,1.0,nan,nan,False
context,109,500,194,1470.0,1475.0,1472.5,4,2,0.5,1.0,0.276393202250021,0.7236067977499789,True
context,109,500,195,1475.0,1480.0,1477.5,2,2,1.0,1.0,0.6666666666666667,1.0,False
context,109,500,196,1480.0,1485.0,1482.5,0,0,nan,1.0,nan,nan,False
context,109,500,197,1485.0,1490.0,1487.5,0,0,nan,1.0,nan,nan,False
context,109,500,198,1490.0,1495.0,1492.5,0,0,nan,1.0,nan,nan,False
context,109,500,199,1495.0,1500.0,1497.5,1,0,0.0,1.0,0.0,0.5,False
context,109,500,200,1500.0,1505.0,1502.5,1,1,1.0,1.0,0.5,1.0,False
context,109,500,201,1505.0,1510.0,1507.5,0,0,nan,1.0,nan,nan,False
context,109,500,202,1510.0,1515.0,1512.5,2,0,0.0,1.0,0.0,0.3333333333333333,False
context,109,500,203,1515.0,1520.0,1517.5,2,1,0.5,1.0,0.21132486540518713,0.7886751345948129,False
context,109,500,204,1520.0,1525.0,1522.5,1,0,0.0,1.0,0.0,0.5,False
context,109,500,205,1525.0,1530.0,1527.5,0,0,nan,1.0,nan,nan,False
context,109,500,206,1530.0,1535.0,1532.5,0,0,nan,1.0,nan,nan,False
context,109,500,207,1535.0,1540.0,1537.5,0,0,nan,1.0,nan,nan,False
context,109,500,208,1540.0,1545.0,1542.5,0,0,nan,1.0,nan,nan,False
context,109,500,209,1545.0,1550.0,1547.5,0,0,nan,1.0,nan,nan,False
context,109,500,210,1550.0,1555.0,1552.5,0,0,nan,1.0,nan,nan,False
context,109,500,211,1555.0,1560.0,1557.5,0,0,nan,1.0,nan,nan,False
context,109,500,212,1560.0,1565.0,1562.5,0,0,nan,1.0,nan,nan,False
context,109,500,213,1565.0,1570.0,1567.5,1,1,1.0,1.0,0.5,1.0,False
context,109,500,214,1570.0,1575.0,1572.5,1,0,0.0,1.0,0.0,0.5,False
context,109,500,215,1575.0,1580.0,1577.5,0,0,nan,1.0,nan,nan,False
context,109,500,216,1580.0,1585.0,1582.5,1,0,0.0,1.0,0.0,0.5,False
context,109,500,217,1585.0,1590.0,1587.5,0,0,nan,1.0,nan,nan,False
context,109,500,218,1590.0,1595.0,1592.5,5,5,1.0,1.0,0.8333333333333334,1.0,True
context,109,500,219,1595.0,1600.0,1597.5,0,0,nan,1.0,nan,nan,False
context,109,500,220,1600.0,1605.0,1602.5,0,0,nan,1.0,nan,nan,False
context,109,500,221,1605.0,1610.0,1607.5,1,1,1.0,1.0,0.5,1.0,False
context,109,500,222,1610.0,1615.0,1612.5,1,0,0.0,1.0,0.0,0.5,False
context,109,500,223,1615.0,1620.0,1617.5,2,0,0.0,1.0,0.0,0.3333333333333333,False
context,109,500,224,1620.0,1625.0,1622.5,6,3,0.5,1.0,0.31101776349538646,0.6889822365046135,True
context,109,500,225,1625.0,1630.0,1627.5,1,1,1.0,1.0,0.5,1.0,False
context,109,500,226,1630.0,1635.0,1632.5,0,0,nan,1.0,nan,nan,False
context,109,500,227,1635.0,1640.0,1637.5,0,0,nan,1.0,nan,nan,False
context,109,500,228,1640.0,1645.0,1642.5,1,0,0.0,1.0,0.0,0.5,False
context,109,500,229,1645.0,1650.0,1647.5,1,1,1.0,1.0,0.5,1.0,False
context,109,500,230,1650.0,1655.0,1652.5,1,0,0.0,1.0,0.0,0.5,False
context,109,500,231,1655.0,1660.0,1657.5,0,0,nan,1.0,nan,nan,False
context,109,500,232,1660.0,1665.0,1662.5,1,1,1.0,1.0,0.5,1.0,False
context,109,500,233,1665.0,1670.0,1667.5,0,0,nan,1.0,nan,nan,False
context,109,500,234,1670.0,1675.0,1672.5,0,0,nan,1.0,nan,nan,False
context,109,500,235,1675.0,1680.0,1677.5,0,0,nan,1.0,nan,nan,False
context,109,500,236,1680.0,1685.0,1682.5,1,1,1.0,1.0,0.5,1.0,False
context,109,500,237,1685.0,1690.0,1687.5,0,0,nan,1.0,nan,nan,False
context,109,500,238,1690.0,1695.0,1692.5,1,0,0.0,1.0,0.0,0.5,False
context,109,500,239,1695.0,1700.0,1697.5,0,0,nan,1.0,nan,nan,False
context,109,500,240,1700.0,1705.0,1702.5,2,1,0.5,1.0,0.21132486540518713,0.7886751345948129,False
context,109,500,241,1705.0,1710.0,1707.5,1,0,0.0,1.0,0.0,0.5,False
context,109,500,242,1710.0,1715.0,1712.5,0,0,nan,1.0,nan,nan,False
context,109,500,243,1715.0,1720.0,1717.5,0,0,nan,1.0,nan,nan,False
context,109,500,244,1720.0,1725.0,1722.5,0,0,nan,1.0,nan,nan,False
context,109,500,245,1725.0,1730.0,1727.5,0,0,nan,1.0,nan,nan,False
context,109,500,246,1730.0,1735.0,1732.5,1,1,1.0,1.0,0.5,1.0,False
context,109,500,247,1735.0,1740.0,1737.5,1,0,0.0,1.0,0.0,0.5,False
context,109,500,248,1740.0,1745.0,1742.5,1,0,0.0,1.0,0.0,0.5,False
context,109,500,249,1745.0,1750.0,1747.5,0,0,nan,1.0,nan,nan,False
context,109,500,250,1750.0,1755.0,1752.5,2,0,0.0,1.0,0.0,0.3333333333333333,False
context,109,500,251,1755.0,1760.0,1757.5,0,0,nan,1.0,nan,nan,False
context,109,500,252,1760.0,1765.0,1762.5,1,1,1.0,1.0,0.5,1.0,False
context,109,500,253,1765.0,1770.0,1767.5,0,0,nan,1.0,nan,nan,False
context,109,500,254,1770.0,1775.0,1772.5,1,0,0.0,1.0,0.0,0.5,False
context,109,500,255,1775.0,1780.0,1777.5,0,0,nan,1.0,nan,nan,False
context,109,500,256,1780.0,1785.0,1782.5,0,0,nan,1.0,nan,nan,False
context,109,500,257,1785.0,1790.0,1787.5,0,0,nan,1.0,nan,nan,False
context,109,500,258,1790.0,1795.0,1792.5,1,0,0.0,1.0,0.0,0.5,False
context,109,500,259,1795.0,1800.0,1797.5,1,1,1.0,1.0,0.5,1.0,False
context,109,500,260,1800.0,1805.0,1802.5,0,0,nan,1.0,nan,nan,False
context,109,500,261,1805.0,1810.0,1807.5,1,1,1.0,1.0,0.5,1.0,False
context,109,500,262,1810.0,1815.0,1812.5,0,0,nan,1.0,nan,nan,False
context,109,500,263,1815.0,1820.0,1817.5,1,0,0.0,1.0,0.0,0.5,False
context,109,500,264,1820.0,1825.0,1822.5,2,0,0.0,1.0,0.0,0.3333333333333333,False
context,109,500,265,1825.0,1830.0,1827.5,0,0,nan,1.0,nan,nan,False
context,109,500,266,1830.0,1835.0,1832.5,1,1,1.0,1.0,0.5,1.0,False
context,109,500,267,1835.0,1840.0,1837.5,1,0,0.0,1.0,0.0,0.5,False
context,109,500,268,1840.0,1845.0,1842.5,1,1,1.0,1.0,0.5,1.0,False
context,109,500,269,1845.0,1850.0,1847.5,1,0,0.0,1.0,0.0,0.5,False
context,109,500,270,1850.0,1855.0,1852.5,0,0,nan,1.0,nan,nan,False
context,109,500,271,1855.0,1860.0,1857.5,1,1,1.0,1.0,0.5,1.0,False
context,109,500,272,1860.0,1865.0,1862.5,0,0,nan,1.0,nan,nan,False
context,109,500,273,1865.0,1870.0,1867.5,0,0,nan,1.0,nan,nan,False
context,109,500,274,1870.0,1875.0,1872.5,0,0,nan,1.0,nan,nan,False
context,109,500,275,1875.0,1880.0,1877.5,0,0,nan,1.0,nan,nan,False
context,109,500,276,1880.0,1885.0,1882.5,0,0,nan,1.0,nan,nan,False
context,109,500,277,1885.0,1890.0,1887.5,1,1,1.0,1.0,0.5,1.0,False
context,109,500,278,1890.0,1895.0,1892.5,0,0,nan,1.0,nan,nan,False
context,109,500,279,1895.0,1900.0,1897.5,1,1,1.0,1.0,0.5,1.0,False
context,109,500,280,1900.0,1905.0,1902.5,0,0,nan,1.0,nan,nan,False
context,109,500,281,1905.0,1910.0,1907.5,0,0,nan,1.0,nan,nan,False
context,109,500,282,1910.0,1915.0,1912.5,1,1,1.0,1.0,0.5,1.0,False
context,109,500,283,1915.0,1920.0,1917.5,0,0,nan,1.0,nan,nan,False
context,109,500,284,1920.0,1925.0,1922.5,0,0,nan,1.0,nan,nan,False
context,109,500,285,1925.0,1930.0,1927.5,0,0,nan,1.0,nan,nan,False
context,109,500,286,1930.0,1935.0,1932.5,0,0,nan,1.0,nan,nan,False
context,109,500,287,1935.0,1940.0,1937.5,0,0,nan,1.0,nan,nan,False
context,109,500,288,1940.0,1945.0,1942.5,0,0,nan,1.0,nan,nan,False
context,109,500,289,1945.0,1950.0,1947.5,0,0,nan,1.0,nan,nan,False
context,109,500,290,1950.0,1955.0,1952.5,3,3,1.0,1.0,0.7500000000000001,1.0,False
context,109,500,291,1955.0,1960.0,1957.5,2,1,0.5,1.0,0.21132486540518713,0.7886751345948129,False
context,109,500,292,1960.0,1965.0,1962.5,1,0,0.0,1.0,0.0,0.5,False
context,109,500,293,1965.0,1970.0,1967.5,1,1,1.0,1.0,0.5,1.0,False
context,109,500,294,1970.0,1975.0,1972.5,0,0,nan,1.0,nan,nan,False
context,109,500,295,1975.0,1980.0,1977.5,0,0,nan,1.0,nan,nan,False
context,109,500,296,1980.0,1985.0,1982.5,0,0,nan,1.0,nan,nan,False
context,109,500,297,1985.0,1990.0,1987.5,1,0,0.0,1.0,0.0,0.5,False
context,109,500,298,1990.0,1995.0,1992.5,1,1,1.0,1.0,0.5,1.0,False
context,109,500,299,1995.0,2000.0,1997.5,0,0,nan,1.0,nan,nan,False
context,109,500,300,2000.0,2005.0,2002.5,1,1,1.0,1.0,0.5,1.0,False
context,109,500,301,2005.0,2010.0,2007.5,1,1,1.0,1.0,0.5,1.0,False
context,109,500,302,2010.0,2015.0,2012.5,1,0,0.0,1.0,0.0,0.5,False
context,109,500,303,2015.0,2020.0,2017.5,0,0,nan,1.0,nan,nan,False
context,109,500,304,2020.0,2025.0,2022.5,0,0,nan,1.0,nan,nan,False
context,109,500,305,2025.0,2030.0,2027.5,0,0,nan,1.0,nan,nan,False
context,109,500,306,2030.0,2035.0,2032.5,0,0,nan,1.0,nan,nan,False
context,109,500,307,2035.0,2040.0,2037.5,0,0,nan,1.0,nan,nan,False
context,109,500,308,2040.0,2045.0,2042.5,1,0,0.0,1.0,0.0,0.5,False
context,109,500,309,2045.0,2050.0,2047.5,2,1,0.5,1.0,0.21132486540518713,0.7886751345948129,False
context,109,500,310,2050.0,2055.0,2052.5,1,0,0.0,1.0,0.0,0.5,False
context,109,500,311,2055.0,2060.0,2057.5,0,0,nan,1.0,nan,nan,False
context,109,500,312,2060.0,2065.0,2062.5,1,0,0.0,1.0,0.0,0.5,False
context,109,500,313,2065.0,2070.0,2067.5,0,0,nan,1.0,nan,nan,False
context,109,500,314,2070.0,2075.0,2072.5,0,0,nan,1.0,nan,nan,False
context,109,500,315,2075.0,2080.0,2077.5,0,0,nan,1.0,nan,nan,False
context,109,500,316,2080.0,2085.0,2082.5,1,1,1.0,1.0,0.5,1.0,False
context,109,500,317,2085.0,2090.0,2087.5,0,0,nan,1.0,nan,nan,False
context,109,500,318,2090.0,2095.0,2092.5,0,0,nan,1.0,nan,nan,False
context,109,500,319,2095.0,2100.0,2097.5,2,1,0.5,1.0,0.21132486540518713,0.7886751345948129,False
context,109,500,320,2100.0,2105.0,2102.5,5,1,0.2,1.0,0.07921748723400673,0.4207825127659934,True
context,109,500,321,2105.0,2110.0,2107.5,0,0,nan,1.0,nan,nan,False
context,109,500,322,2110.0,2115.0,2112.5,0,0,nan,1.0,nan,nan,False
context,109,500,323,2115.0,2120.0,2117.5,0,0,nan,1.0,nan,nan,False
context,109,500,324,2120.0,2125.0,2122.5,0,0,nan,1.0,nan,nan,False
context,109,500,325,2125.0,2130.0,2127.5,0,0,nan,1.0,nan,nan,False
context,109,500,326,2130.0,2135.0,2132.5,2,1,0.5,1.0,0.21132486540518713,0.7886751345948129,False
context,109,500,327,2135.0,2140.0,2137.5,1,1,1.0,1.0,0.5,1.0,False
context,109,500,328,2140.0,2145.0,2142.5,3,3,1.0,1.0,0.7500000000000001,1.0,False
context,109,500,329,2145.0,2150.0,2147.5,1,1,1.0,1.0,0.5,1.0,False
context,109,500,330,2150.0,2155.0,2152.5,2,1,0.5,1.0,0.21132486540518713,0.7886751345948129,False
context,109,500,331,2155.0,2160.0,2157.5,0,0,nan,1.0,nan,nan,False
context,109,500,332,2160.0,2165.0,2162.5,1,0,0.0,1.0,0.0,0.5,False
context,109,500,333,2165.0,2170.0,2167.5,1,1,1.0,1.0,0.5,1.0,False
context,109,500,334,2170.0,2175.0,2172.5,0,0,nan,1.0,nan,nan,False
context,109,500,335,2175.0,2180.0,2177.5,0,0,nan,1.0,nan,nan,False
context,109,500,336,2180.0,2185.0,2182.5,0,0,nan,1.0,nan,nan,False
context,109,500,337,2185.0,2190.0,2187.5,0,0,nan,1.0,nan,nan,False
context,109,500,338,2190.0,2195.0,2192.5,0,0,nan,1.0,nan,nan,False
context,109,500,339,2195.0,2200.0,2197.5,0,0,nan,1.0,nan,nan,False
context,109,500,340,2200.0,2205.0,2202.5,2,1,0.5,1.0,0.21132486540518713,0.7886751345948129,False
context,109,500,341,2205.0,2210.0,2207.5,4,2,0.5,1.0,0.276393202250021,0.7236067977499789,True
context,109,500,342,2210.0,2215.0,2212.5,0,0,nan,1.0,nan,nan,False
context,109,500,343,2215.0,2220.0,2217.5,2,2,1.0,1.0,0.6666666666666667,1.0,False
context,109,500,344,2220.0,2225.0,2222.5,2,1,0.5,1.0,0.21132486540518713,0.7886751345948129,False
context,109,500,345,2225.0,2230.0,2227.5,2,1,0.5,1.0,0.21132486540518713,0.7886751345948129,False
context,109,500,346,2230.0,2235.0,2232.5,0,0,nan,1.0,nan,nan,False
context,109,500,347,2235.0,2240.0,2237.5,0,0,nan,1.0,nan,nan,False
context,109,500,348,2240.0,2245.0,2242.5,1,1,1.0,1.0,0.5,1.0,False
context,109,500,349,2245.0,2250.0,2247.5,1,0,0.0,1.0,0.0,0.5,False
context,109,500,350,2250.0,2255.0,2252.5,0,0,nan,1.0,nan,nan,False
context,109,500,351,2255.0,2260.0,2257.5,2,1,0.5,1.0,0.21132486540518713,0.7886751345948129,False
context,109,500,352,2260.0,2265.0,2262.5,0,0,nan,1.0,nan,nan,False
context,109,500,353,2265.0,2270.0,2267.5,2,0,0.0,1.0,0.0,0.3333333333333333,False
context,109,500,354,2270.0,2275.0,2272.5,1,1,1.0,1.0,0.5,1.0,False
context,109,500,355,2275.0,2280.0,2277.5,0,0,nan,1.0,nan,nan,False
context,109,500,356,2280.0,2285.0,2282.5,0,0,nan,1.0,nan,nan,False
context,109,500,357,2285.0,2290.0,2287.5,1,0,0.0,1.0,0.0,0.5,False
context,109,500,358,2290.0,2295.0,2292.5,1,1,1.0,1.0,0.5,1.0,False
context,109,500,359,2295.0,2300.0,2297.5,3,2,0.6666666666666666,1.0,0.3856432230609155,0.8643567769390845,False
context,109,500,360,2300.0,2305.0,2302.5,1,1,1.0,1.0,0.5,1.0,False
context,109,500,361,2305.0,2310.0,2307.5,1,0,0.0,1.0,0.0,0.5,False
context,109,500,362,2310.0,2315.0,2312.5,2,2,1.0,1.0,0.6666666666666667,1.0,False
context,109,500,363,2315.0,2320.0,2317.5,0,0,nan,1.0,nan,nan,False
context,109,500,364,2320.0,2325.0,2322.5,1,1,1.0,1.0,0.5,1.0,False
context,109,500,365,2325.0,2330.0,2327.5,3,2,0.6666666666666666,1.0,0.3856432230609155,0.8643567769390845,False
context,109,500,366,2330.0,2335.0,2332.5,1,0,0.0,1.0,0.0,0.5,False
context,109,500,367,2335.0,2340.0,2337.5,2,1,0.5,1.0,0.21132486540518713,0.7886751345948129,False
context,109,500,368,2340.0,2345.0,2342.5,3,3,1.0,1.0,0.7500000000000001,1.0,False
context,109,500,369,2345.0,2350.0,2347.5,0,0,nan,1.0,nan,nan,False
context,109,500,370,2350.0,2355.0,2352.5,1,1,1.0,1.0,0.5,1.0,False
context,109,500,371,2355.0,2360.0,2357.5,1,0,0.0,1.0,0.0,0.5,False
context,109,500,372,2360.0,2365.0,2362.5,2,2,1.0,1.0,0.6666666666666667,1.0,False
context,109,500,373,2365.0,2370.0,2367.5,3,2,0.6666666666666666,1.0,0.3856432230609155,0.8643567769390845,False
context,109,500,374,2370.0,2375.0,2372.5,2,1,0.5,1.0,0.21132486540518713,0.7886751345948129,False
context,109,500,375,2375.0,2380.0,2377.5,0,0,nan,1.0,nan,nan,False
context,109,500,376,2380.0,2385.0,2382.5,0,0,nan,1.0,nan,nan,False
context,109,500,377,2385.0,2390.0,2387.5,0,0,nan,1.0,nan,nan,False
context,109,500,378,2390.0,2395.0,2392.5,1,0,0.0,1.0,0.0,0.5,False
context,109,500,379,2395.0,2400.0,2397.5,0,0,nan,1.0,nan,nan,False
context,109,500,380,2400.0,2405.0,2402.5,1,0,0.0,1.0,0.0,0.5,False
context,109,500,381,2405.0,2410.0,2407.5,0,0,nan,1.0,nan,nan,False
context,109,500,382,2410.0,2415.0,2412.5,2,0,0.0,1.0,0.0,0.3333333333333333,False
context,109,500,383,2415.0,2420.0,2417.5,1,0,0.0,1.0,0.0,0.5,False
context,109,500,384,2420.0,2425.0,2422.5,0,0,nan,1.0,nan,nan,False
context,109,500,385,2425.0,2430.0,2427.5,0,0,nan,1.0,nan,nan,False
context,109,500,386,2430.0,2435.0,2432.5,0,0,nan,1.0,nan,nan,False
context,109,500,387,2435.0,2440.0,2437.5,2,1,0.5,1.0,0.21132486540518713,0.7886751345948129,False
context,109,500,388,2440.0,2445.0,2442.5,0,0,nan,1.0,nan,nan,False
context,109,500,389,2445.0,2450.0,2447.5,1,1,1.0,1.0,0.5,1.0,False
context,109,500,390,2450.0,2455.0,2452.5,2,0,0.0,1.0,0.0,0.3333333333333333,False
context,109,500,391,2455.0,2460.0,2457.5,1,0,0.0,1.0,0.0,0.5,False
context,109,500,392,2460.0,2465.0,2462.5,1,0,0.0,1.0,0.0,0.5,False
context,109,500,393,2465.0,2470.0,2467.5,0,0,nan,1.0,nan,nan,False
context,109,500,394,2470.0,2475.0,2472.5,1,0,0.0,1.0,0.0,0.5,False
context,109,500,395,2475.0,2480.0,2477.5,0,0,nan,1.0,nan,nan,False
context,109,500,396,2480.0,2485.0,2482.5,0,0,nan,1.0,nan,nan,False
context,109,500,397,2485.0,2490.0,2487.5,0,0,nan,1.0,nan,nan,False
context,109,500,398,2490.0,2495.0,2492.5,1,0,0.0,1.0,0.0,0.5,False
context,109,500,399,2495.0,2500.0,2497.5,0,0,nan,1.0,nan,nan,False
context,109,500,400,2500.0,2505.0,2502.5,0,0,nan,1.0,nan,nan,False
context,109,500,401,2505.0,2510.0,2507.5,0,0,nan,1.0,nan,nan,False
context,109,500,402,2510.0,2515.0,2512.5,0,0,nan,1.0,nan,nan,False
context,109,500,403,2515.0,2520.0,2517.5,0,0,nan,1.0,nan,nan,False
context,109,500,404,2520.0,2525.0,2522.5,0,0,nan,1.0,nan,nan,False
context,109,500,405,2525.0,2530.0,2527.5,0,0,nan,1.0,nan,nan,False
context,109,500,406,2530.0,2535.0,2532.5,0,0,nan,1.0,nan,nan,False
context,109,500,407,2535.0,2540.0,2537.5,0,0,nan,1.0,nan,nan,False
context,109,500,408,2540.0,2545.0,2542.5,0,0,nan,1.0,nan,nan,False
context,109,500,409,2545.0,2550.0,2547.5,0,0,nan,1.0,nan,nan,False
context,109,500,410,2550.0,2555.0,2552.5,0,0,nan,1.0,nan,nan,False
context,109,500,411,2555.0,2560.0,2557.5,2,0,0.0,1.0,0.0,0.3333333333333333,False
context,109,500,412,2560.0,2565.0,2562.5,0,0,nan,1.0,nan,nan,False
context,109,500,413,2565.0,2570.0,2567.5,0,0,nan,1.0,nan,nan,False
context,109,500,414,2570.0,2575.0,2572.5,0,0,nan,1.0,nan,nan,False
context,109,500,415,2575.0,2580.0,2577.5,0,0,nan,1.0,nan,nan,False
context,109,500,416,2580.0,2585.0,2582.5,0,0,nan,1.0,nan,nan,False
context,109,500,417,2585.0,2590.0,2587.5,0,0,nan,1.0,nan,nan,False
context,109,500,418,2590.0,2595.0,2592.5,0,0,nan,1.0,nan,nan,False
context,109,500,419,2595.0,2600.0,2597.5,0,0,nan,1.0,nan,nan,False
context,109,500,420,2600.0,2605.0,2602.5,0,0,nan,1.0,nan,nan,False
context,109,500,421,2605.0,2610.0,2607.5,1,1,1.0,1.0,0.5,1.0,False
context,109,500,422,2610.0,2615.0,2612.5,21,3,0.14285714285714285,1.0,0.08274041547853993,0.23544140270327818,True
context,109,500,423,2615.0,2620.0,2617.5,9,3,0.3333333333333333,1.0,0.1999999999999999,0.49999999999999994,True
context,109,500,424,2620.0,2625.0,2622.5,0,0,nan,1.0,nan,nan,False
context,109,500,425,2625.0,2630.0,2627.5,0,0,nan,1.0,nan,nan,False
context,109,500,426,2630.0,2635.0,2632.5,0,0,nan,1.0,nan,nan,False
context,109,500,427,2635.0,2640.0,2637.5,0,0,nan,1.0,nan,nan,False
context,109,500,428,2640.0,2645.0,2642.5,0,0,nan,1.0,nan,nan,False
context,109,500,429,2645.0,2650.0,2647.5,0,0,nan,1.0,nan,nan,False
context,109,500,430,2650.0,2655.0,2652.5,0,0,nan,1.0,nan,nan,False
context,109,500,431,2655.0,2660.0,2657.5,0,0,nan,1.0,nan,nan,False
context,109,500,432,2660.0,2665.0,2662.5,0,0,nan,1.0,nan,nan,False
context,109,500,433,2665.0,2670.0,2667.5,0,0,nan,1.0,nan,nan,False
context,109,500,434,2670.0,2675.0,2672.5,0,0,nan,1.0,nan,nan,False
context,109,500,435,2675.0,2680.0,2677.5,0,0,nan,1.0,nan,nan,False
context,109,500,436,2680.0,2685.0,2682.5,0,0,nan,1.0,nan,nan,False
context,109,500,437,2685.0,2690.0,2687.5,0,0,nan,1.0,nan,nan,False
context,109,500,438,2690.0,2695.0,2692.5,0,0,nan,1.0,nan,nan,False
context,109,500,439,2695.0,2700.0,2697.5,0,0,nan,1.0,nan,nan,False
context,109,500,440,2700.0,2705.0,2702.5,0,0,nan,1.0,nan,nan,False
context,109,500,441,2705.0,2710.0,2707.5,0,0,nan,1.0,nan,nan,False
context,109,500,442,2710.0,2715.0,2712.5,0,0,nan,1.0,nan,nan,False
context,109,500,443,2715.0,2720.0,2717.5,0,0,nan,1.0,nan,nan,False
context,109,500,444,2720.0,2725.0,2722.5,0,0,nan,1.0,nan,nan,False
context,109,500,445,2725.0,2730.0,2727.5,0,0,nan,1.0,nan,nan,False
context,109,500,446,2730.0,2735.0,2732.5,0,0,nan,1.0,nan,nan,False
context,109,500,447,2735.0,2740.0,2737.5,0,0,nan,1.0,nan,nan,False
context,109,500,448,2740.0,2745.0,2742.5,0,0,nan,1.0,nan,nan,False
context,109,500,449,2745.0,2750.0,2747.5,0,0,nan,1.0,nan,nan,False
context,109,500,450,2750.0,2755.0,2752.5,0,0,nan,1.0,nan,nan,False
context,109,500,451,2755.0,2760.0,2757.5,0,0,nan,1.0,nan,nan,False
context,109,500,452,2760.0,2765.0,2762.5,0,0,nan,1.0,nan,nan,False
context,109,500,453,2765.0,2770.0,2767.5,0,0,nan,1.0,nan,nan,False
context,109,500,454,2770.0,2775.0,2772.5,0,0,nan,1.0,nan,nan,False
context,109,500,455,2775.0,2780.0,2777.5,0,0,nan,1.0,nan,nan,False
context,109,500,456,2780.0,2785.0,2782.5,0,0,nan,1.0,nan,nan,False
context,109,500,457,2785.0,2790.0,2787.5,0,0,nan,1.0,nan,nan,False
context,109,500,458,2790.0,2795.0,2792.5,0,0,nan,1.0,nan,nan,False
context,109,500,459,2795.0,2800.0,2797.5,0,0,nan,1.0,nan,nan,False
context,109,500,460,2800.0,2805.0,2802.5,0,0,nan,1.0,nan,nan,False
context,109,500,461,2805.0,2810.0,2807.5,0,0,nan,1.0,nan,nan,False
context,109,500,462,2810.0,2815.0,2812.5,0,0,nan,1.0,nan,nan,False
context,109,500,463,2815.0,2820.0,2817.5,0,0,nan,1.0,nan,nan,False
context,109,500,464,2820.0,2825.0,2822.5,0,0,nan,1.0,nan,nan,False
context,109,500,465,2825.0,2830.0,2827.5,0,0,nan,1.0,nan,nan,False
context,109,500,466,2830.0,2835.0,2832.5,0,0,nan,1.0,nan,nan,False
context,109,500,467,2835.0,2840.0,2837.5,0,0,nan,1.0,nan,nan,False
context,109,500,468,2840.0,2845.0,2842.5,0,0,nan,1.0,nan,nan,False
context,109,500,469,2845.0,2850.0,2847.5,0,0,nan,1.0,nan,nan,False
context,109,500,470,2850.0,2855.0,2852.5,0,0,nan,1.0,nan,nan,False
context,109,500,471,2855.0,2860.0,2857.5,0,0,nan,1.0,nan,nan,False
context,109,500,472,2860.0,2865.0,2862.5,0,0,nan,1.0,nan,nan,False
context,109,500,473,2865.0,2870.0,2867.5,0,0,nan,1.0,nan,nan,False
context,109,500,474,2870.0,2875.0,2872.5,0,0,nan,1.0,nan,nan,False
context,109,500,475,2875.0,2880.0,2877.5,0,0,nan,1.0,nan,nan,False
context,109,500,476,2880.0,2885.0,2882.5,0,0,nan,1.0,nan,nan,False
context,109,500,477,2885.0,2890.0,2887.5,0,0,nan,1.0,nan,nan,False
context,109,500,478,2890.0,2895.0,2892.5,0,0,nan,1.0,nan,nan,False
context,109,500,479,2895.0,2900.0,2897.5,0,0,nan,1.0,nan,nan,False
context,109,500,480,2900.0,2905.0,2902.5,0,0,nan,1.0,nan,nan,False
context,109,500,481,2905.0,2910.0,2907.5,0,0,nan,1.0,nan,nan,False
context,109,500,482,2910.0,2915.0,2912.5,0,0,nan,1.0,nan,nan,False
context,109,500,483,2915.0,2920.0,2917.5,0,0,nan,1.0,nan,nan,False
context,109,500,484,2920.0,2925.0,2922.5,0,0,nan,1.0,nan,nan,False
context,109,500,485,2925.0,2930.0,2927.5,0,0,nan,1.0,nan,nan,False
context,109,500,486,2930.0,2935.0,2932.5,0,0,nan,1.0,nan,nan,False
context,109,500,487,2935.0,2940.0,2937.5,0,0,nan,1.0,nan,nan,False
context,109,500,488,2940.0,2945.0,2942.5,0,0,nan,1.0,nan,nan,False
context,109,500,489,2945.0,2950.0,2947.5,0,0,nan,1.0,nan,nan,False
context,109,500,490,2950.0,2955.0,2952.5,0,0,nan,1.0,nan,nan,False
context,109,500,491,2955.0,2960.0,2957.5,0,0,nan,1.0,nan,nan,False
context,109,500,492,2960.0,2965.0,2962.5,0,0,nan,1.0,nan,nan,False
context,109,500,493,2965.0,2970.0,2967.5,0,0,nan,1.0,nan,nan,False
context,109,500,494,2970.0,2975.0,2972.5,0,0,nan,1.0,nan,nan,False
context,109,500,495,2975.0,2980.0,2977.5,0,0,nan,1.0,nan,nan,False
context,109,500,496,2980.0,2985.0,2982.5,0,0,nan,1.0,nan,nan,False
context,109,500,497,2985.0,2990.0,2987.5,0,0,nan,1.0,nan,nan,False
context,109,500,498,2990.0,2995.0,2992.5,0,0,nan,1.0,nan,nan,False
context,109,500,499,2995.0,3000.0,2997.5,0,0,nan,1.0,nan,nan,False
