scope,supported_bin_count,excluded_bin_count,target_events_in_supported_bins,reference_pull_mean,reference_pull_sd,reference_pull_RMS,reference_C1,reference_C2,reference_C3,mean_reference_full_width_pp,combined_pull_status,subset_id,ordering_id,budget_label,training_budget_nominal_events,training_budget_sampling_eligible_events,method,architecture_id,comparison_role,training_seed,context_seed,context_size,run_id,source_event_predictions_sha256,source_curve_sha256,headline_original_5k
full_500_3000,442,58,114299,0.9250896162218646,3.0061677586652036,3.142035898749813,0.3665158371040724,0.6447963800904978,0.8257918552036199,8.450284101648322,unavailable: saved per-pass bin means/covariances are absent,original_n2000,original,2k,2000,1895,CNP,m0,matched_neural,0,100,500,20260909-phase2-b2000-m0-seed0-final-ctx-s100-n500-drop10100-mc50,0fbae80cd5b52cf7e606ea25e5b702a1e398458858f00f3c98ca6dfec9850c9f,1420663af4eaaac49e1ad7992023d3aae165aac3b39f1af3ce61b66a27543d14,False
figure1_1500_3000,242,58,43073,0.559797968096014,2.630096790481556,2.6836912186667496,0.4462809917355372,0.7479338842975206,0.9173553719008265,9.42379762621796,unavailable: saved per-pass bin means/covariances are absent,original_n2000,original,2k,2000,1895,CNP,m0,matched_neural,0,100,500,20260909-phase2-b2000-m0-seed0-final-ctx-s100-n500-drop10100-mc50,0fbae80cd5b52cf7e606ea25e5b702a1e398458858f00f3c98ca6dfec9850c9f,1420663af4eaaac49e1ad7992023d3aae165aac3b39f1af3ce61b66a27543d14,False
full_500_3000,442,58,114299,0.7235137633540724,3.073471758839105,3.1540972179226263,0.39592760180995473,0.669683257918552,0.8552036199095022,8.450284101648322,unavailable: saved per-pass bin means/covariances are absent,original_n2000,original,2k,2000,1895,CNP,m0,matched_neural,0,101,500,20260909-phase2-b2000-m0-seed0-final-ctx-s101-n500-drop10100-mc50,487ea3dc61738b6de41389aa3ebbd8122b8d118dad4360008e9a23610f048669,578d0498e18f665ff9b8d9419ec60e1805aba903598bb8415466e316a07c2ac5,False
figure1_1500_3000,242,58,43073,0.380549857197401,2.6296448025766015,2.6516552321166484,0.47520661157024796,0.768595041322314,0.9297520661157025,9.42379762621796,unavailable: saved per-pass bin means/covariances are absent,original_n2000,original,2k,2000,1895,CNP,m0,matched_neural,0,101,500,20260909-phase2-b2000-m0-seed0-final-ctx-s101-n500-drop10100-mc50,487ea3dc61738b6de41389aa3ebbd8122b8d118dad4360008e9a23610f048669,578d0498e18f665ff9b8d9419ec60e1805aba903598bb8415466e316a07c2ac5,False
full_500_3000,442,58,114299,0.9445949682301221,3.000182839377977,3.1421318003380123,0.36877828054298645,0.6402714932126696,0.8235294117647058,8.450284101648322,unavailable: saved per-pass bin means/covariances are absent,original_n2000,original,2k,2000,1895,CNP,m0,matched_neural,0,102,500,20260909-phase2-b2000-m0-seed0-final-ctx-s102-n500-drop10100-mc50,c886032f6c45bc861c7974a9ded3602df9eab57d5b5377011f5d03cb6e443641,8c68230daecc0f7298011332ad033f5d6c391c34f9115c957e5779c731877d0e,False
figure1_1500_3000,242,58,43073,0.5767420564785478,2.6303862063304284,2.687558811959494,0.4462809917355372,0.743801652892562,0.9173553719008265,9.42379762621796,unavailable: saved per-pass bin means/covariances are absent,original_n2000,original,2k,2000,1895,CNP,m0,matched_neural,0,102,500,20260909-phase2-b2000-m0-seed0-final-ctx-s102-n500-drop10100-mc50,c886032f6c45bc861c7974a9ded3602df9eab57d5b5377011f5d03cb6e443641,8c68230daecc0f7298011332ad033f5d6c391c34f9115c957e5779c731877d0e,False
full_500_3000,442,58,114299,0.37199411857067066,3.2097065616479923,3.227582323452415,0.4253393665158371,0.7217194570135747,0.8891402714932126,8.450284101648322,unavailable: saved per-pass bin means/covariances are absent,original_n2000,original,2k,2000,1895,CNP,m0,matched_neural,0,103,500,20260909-phase2-b2000-m0-seed0-final-ctx-s103-n500-drop10100-mc50,e8d8fbb96d2421eb87cffc94d45309b2693c8b0d280e9604de964c5660ad6b4f,aba1a9173f5452595919085aa9f8d1c30c1c6f2bd4127a44bd0eac3987135f5f,False
figure1_1500_3000,242,58,43073,0.06298640598891446,2.643788667611104,2.639072391044901,0.5041322314049587,0.8099173553719008,0.9380165289256198,9.42379762621796,unavailable: saved per-pass bin means/covariances are absent,original_n2000,original,2k,2000,1895,CNP,m0,matched_neural,0,103,500,20260909-phase2-b2000-m0-seed0-final-ctx-s103-n500-drop10100-mc50,e8d8fbb96d2421eb87cffc94d45309b2693c8b0d280e9604de964c5660ad6b4f,aba1a9173f5452595919085aa9f8d1c30c1c6f2bd4127a44bd0eac3987135f5f,False
full_500_3000,442,58,114299,0.5871225486012879,3.1244138153423577,3.175624141866117,0.41855203619909503,0.6990950226244343,0.8687782805429864,8.450284101648322,unavailable: saved per-pass bin means/covariances are absent,original_n2000,original,2k,2000,1895,CNP,m0,matched_neural,0,104,500,20260909-phase2-b2000-m0-seed0-final-ctx-s104-n500-drop10100-mc50,d833c0c52dd1cb0c5003250ea9b73718509750112f9bc46374a7dc17c279002f,df630f9d767fca02debdbd416f9bb6afc16ae4c9f38662474df5913683ab0b24,False
figure1_1500_3000,242,58,43073,0.2554349159255262,2.6333991736180606,2.6403374863587494,0.49586776859504134,0.7975206611570248,0.9297520661157025,9.42379762621796,unavailable: saved per-pass bin means/covariances are absent,original_n2000,original,2k,2000,1895,CNP,m0,matched_neural,0,104,500,20260909-phase2-b2000-m0-seed0-final-ctx-s104-n500-drop10100-mc50,d833c0c52dd1cb0c5003250ea9b73718509750112f9bc46374a7dc17c279002f,df630f9d767fca02debdbd416f9bb6afc16ae4c9f38662474df5913683ab0b24,False
full_500_3000,442,58,114299,0.6112290750741446,3.1169250888573714,3.172828840557182,0.41402714932126694,0.6923076923076923,0.8665158371040724,8.450284101648322,unavailable: saved per-pass bin means/covariances are absent,original_n2000,original,2k,2000,1895,CNP,m0,matched_neural,0,105,500,20260909-phase2-b2000-m0-seed0-final-ctx-s105-n500-drop10100-mc50,dc4a3b0a1d009c2529a673753f0a514b72bf9df423924953800eeae1dce95445,b28a2372be3e58526215e8856ab8ec1cc7ca530616ac201396a48ac1bf8b8d0f,False
figure1_1500_3000,242,58,43073,0.27434258185821536,2.6336118796933743,2.642444813733031,0.49586776859504134,0.7933884297520661,0.9297520661157025,9.42379762621796,unavailable: saved per-pass bin means/covariances are absent,original_n2000,original,2k,2000,1895,CNP,m0,matched_neural,0,105,500,20260909-phase2-b2000-m0-seed0-final-ctx-s105-n500-drop10100-mc50,dc4a3b0a1d009c2529a673753f0a514b72bf9df423924953800eeae1dce95445,b28a2372be3e58526215e8856ab8ec1cc7ca530616ac201396a48ac1bf8b8d0f,False
full_500_3000,442,58,114299,0.6983979178348521,3.0830978574784447,3.157807215697777,0.39592760180995473,0.6719457013574661,0.8597285067873304,8.450284101648322,unavailable: saved per-pass bin means/covariances are absent,original_n2000,original,2k,2000,1895,CNP,m0,matched_neural,0,106,500,20260909-phase2-b2000-m0-seed0-final-ctx-s106-n500-drop10100-mc50,206d6448b8acfe8f96ec933be289467e015ad1c871572c6867788f782b2b49ec,5ff893a90ad8a59583e1ef545270d0756a539ce3340b39de87b69f6d976f8ead,False
figure1_1500_3000,242,58,43073,0.3565401911722086,2.630290067122379,2.648954172613486,0.47520661157024796,0.7727272727272727,0.9297520661157025,9.42379762621796,unavailable: saved per-pass bin means/covariances are absent,original_n2000,original,2k,2000,1895,CNP,m0,matched_neural,0,106,500,20260909-phase2-b2000-m0-seed0-final-ctx-s106-n500-drop10100-mc50,206d6448b8acfe8f96ec933be289467e015ad1c871572c6867788f782b2b49ec,5ff893a90ad8a59583e1ef545270d0756a539ce3340b39de87b69f6d976f8ead,False
full_500_3000,442,58,114299,0.4845064697035395,3.1648114013276105,3.198142745574673,0.4276018099547511,0.7171945701357466,0.8755656108597285,8.450284101648322,unavailable: saved per-pass bin means/covariances are absent,original_n2000,original,2k,2000,1895,CNP,m0,matched_neural,0,107,500,20260909-phase2-b2000-m0-seed0-final-ctx-s107-n500-drop10100-mc50,22f34d08b881358c48683066e478ec1dbbf906dfaf235c973ddbad48f369db93,2f485d06ab3d0ab575ba1c1beba38bc879c393ebf6f49893167e15199ba9d8cb,False
figure1_1500_3000,242,58,43073,0.16218693643694404,2.6381588837470433,2.637693510255947,0.5,0.8181818181818182,0.9338842975206612,9.42379762621796,unavailable: saved per-pass bin means/covariances are absent,original_n2000,original,2k,2000,1895,CNP,m0,matched_neural,0,107,500,20260909-phase2-b2000-m0-seed0-final-ctx-s107-n500-drop10100-mc50,22f34d08b881358c48683066e478ec1dbbf906dfaf235c973ddbad48f369db93,2f485d06ab3d0ab575ba1c1beba38bc879c393ebf6f49893167e15199ba9d8cb,False
full_500_3000,442,58,114299,0.35560277143741426,3.216844823124601,3.232821055579463,0.4253393665158371,0.7285067873303167,0.8914027149321267,8.450284101648322,unavailable: saved per-pass bin means/covariances are absent,original_n2000,original,2k,2000,1895,CNP,m0,matched_neural,0,108,500,20260909-phase2-b2000-m0-seed0-final-ctx-s108-n500-drop10100-mc50,0e0ad1e0b55b9dbdfcce06205ed9603bc6ba1c9b5ad4ded8c9bc259810fbab8d,4ef212bf57f6358219f0baeba12bbd05be367b1a3411bf637ce3b6fde1b22711,False
figure1_1500_3000,242,58,43073,0.049238535335091475,2.6446898238667425,2.6396792008708703,0.5041322314049587,0.8140495867768595,0.9380165289256198,9.42379762621796,unavailable: saved per-pass bin means/covariances are absent,original_n2000,original,2k,2000,1895,CNP,m0,matched_neural,0,108,500,20260909-phase2-b2000-m0-seed0-final-ctx-s108-n500-drop10100-mc50,0e0ad1e0b55b9dbdfcce06205ed9603bc6ba1c9b5ad4ded8c9bc259810fbab8d,4ef212bf57f6358219f0baeba12bbd05be367b1a3411bf637ce3b6fde1b22711,False
full_500_3000,442,58,114299,0.8371801181949778,3.0352744948063766,3.1453009655263693,0.3778280542986425,0.6538461538461539,0.832579185520362,8.450284101648322,unavailable: saved per-pass bin means/covariances are absent,original_n2000,original,2k,2000,1895,CNP,m0,matched_neural,0,109,500,20260909-phase2-b2000-m0-seed0-final-ctx-s109-n500-drop10100-mc50,ba113a144f33678576b16d4cfb64ba5cafdb705db2900bd8b02fa998bf1d0900,a7899c4d8bfe7ccc6aafc8137c2de1d42563155cbc1fc81378e0f056b98cafa3,False
figure1_1500_3000,242,58,43073,0.47871248843238423,2.629445723888484,2.667317055820534,0.4628099173553719,0.7520661157024794,0.9173553719008265,9.42379762621796,unavailable: saved per-pass bin means/covariances are absent,original_n2000,original,2k,2000,1895,CNP,m0,matched_neural,0,109,500,20260909-phase2-b2000-m0-seed0-final-ctx-s109-n500-drop10100-mc50,ba113a144f33678576b16d4cfb64ba5cafdb705db2900bd8b02fa998bf1d0900,a7899c4d8bfe7ccc6aafc8137c2de1d42563155cbc1fc81378e0f056b98cafa3,False
full_500_3000,442,58,114299,-0.7147402036483625,3.719436685250368,3.7833534989919566,0.4841628959276018,0.8212669683257918,0.9343891402714932,8.450284101648322,unavailable: saved per-pass bin means/covariances are absent,original_n2000,original,2k,2000,1895,CNP,m0,matched_neural,1,100,500,20260909-phase2-b2000-m0-seed1-final-ctx-s100-n500-drop10100-mc50,3ea46bc328dde97afe0845bb9dfab2c685752411ea1672a5f0fa60b27c227a21,521bbf02ec5c0cfbe4c23e58fbefa6fec0f005e5ce69e85683e914e327338bb7,False
figure1_1500_3000,242,58,43073,-0.8007739302247999,2.734267895287886,2.8436888605542716,0.5041322314049587,0.8347107438016529,0.9462809917355371,9.42379762621796,unavailable: saved per-pass bin means/covariances are absent,original_n2000,original,2k,2000,1895,CNP,m0,matched_neural,1,100,500,20260909-phase2-b2000-m0-seed1-final-ctx-s100-n500-drop10100-mc50,3ea46bc328dde97afe0845bb9dfab2c685752411ea1672a5f0fa60b27c227a21,521bbf02ec5c0cfbe4c23e58fbefa6fec0f005e5ce69e85683e914e327338bb7,False
full_500_3000,442,58,114299,-0.7396663543516411,3.740935954250356,3.8092054466133765,0.4796380090497738,0.8076923076923077,0.9298642533936652,8.450284101648322,unavailable: saved per-pass bin means/covariances are absent,original_n2000,original,2k,2000,1895,CNP,m0,matched_neural,1,101,500,20260909-phase2-b2000-m0-seed1-final-ctx-s101-n500-drop10100-mc50,25694e091ffaae4742776e1678f85126d0017cba81242fd9a8689aa5e71280fa,ffafa69e19ab0a1fb5a88104bf21d60c7cd0b001e8a87869e241531ae3963a56,False
figure1_1500_3000,242,58,43073,-0.8389694756864643,2.736704996549655,2.8570046286349426,0.5,0.8181818181818182,0.9421487603305785,9.42379762621796,unavailable: saved per-pass bin means/covariances are absent,original_n2000,original,2k,2000,1895,CNP,m0,matched_neural,1,101,500,20260909-phase2-b2000-m0-seed1-final-ctx-s101-n500-drop10100-mc50,25694e091ffaae4742776e1678f85126d0017cba81242fd9a8689aa5e71280fa,ffafa69e19ab0a1fb5a88104bf21d60c7cd0b001e8a87869e241531ae3963a56,False
full_500_3000,442,58,114299,-0.700435353850288,3.7135984057776623,3.774946604875162,0.4819004524886878,0.8212669683257918,0.9343891402714932,8.450284101648322,unavailable: saved per-pass bin means/covariances are absent,original_n2000,original,2k,2000,1895,CNP,m0,matched_neural,1,102,500,20260909-phase2-b2000-m0-seed1-final-ctx-s102-n500-drop10100-mc50,54cfeb84247eba880c9150f0c63bdff3e7192443db9983e6f6c92a5304a960ce,785913ecac643ba0abdc50c7aa06704b4f0e7cb7be428e3af0bf164f5015ee25,False
figure1_1500_3000,242,58,43073,-0.7841435190595948,2.7330837141107596,2.837914890440025,0.5041322314049587,0.8347107438016529,0.9462809917355371,9.42379762621796,unavailable: saved per-pass bin means/covariances are absent,original_n2000,original,2k,2000,1895,CNP,m0,matched_neural,1,102,500,20260909-phase2-b2000-m0-seed1-final-ctx-s102-n500-drop10100-mc50,54cfeb84247eba880c9150f0c63bdff3e7192443db9983e6f6c92a5304a960ce,785913ecac643ba0abdc50c7aa06704b4f0e7cb7be428e3af0bf164f5015ee25,False
full_500_3000,442,58,114299,-0.7697966194617062,3.7709877722946166,3.844575773650005,0.47737556561085975,0.8076923076923077,0.9253393665158371,8.450284101648322,unavailable: saved per-pass bin means/covariances are absent,original_n2000,original,2k,2000,1895,CNP,m0,matched_neural,1,103,500,20260909-phase2-b2000-m0-seed1-final-ctx-s103-n500-drop10100-mc50,27595d186bfe0b483aa41d86fb8d7dc57969b136e6254112afaa607a27a020b5,2721bfe74b2da736d30423d5d14859728cc36d7734d53f6b332a0067b93f2f54,False
figure1_1500_3000,242,58,43073,-0.9024579477888706,2.7468676181717964,2.885919820306777,0.5,0.8140495867768595,0.9380165289256198,9.42379762621796,unavailable: saved per-pass bin means/covariances are absent,original_n2000,original,2k,2000,1895,CNP,m0,matched_neural,1,103,500,20260909-phase2-b2000-m0-seed1-final-ctx-s103-n500-drop10100-mc50,27595d186bfe0b483aa41d86fb8d7dc57969b136e6254112afaa607a27a020b5,2721bfe74b2da736d30423d5d14859728cc36d7734d53f6b332a0067b93f2f54,False
full_500_3000,442,58,114299,-0.7074265994622222,3.735417107720111,3.7976604268350944,0.4841628959276018,0.8144796380090498,0.9276018099547512,8.450284101648322,unavailable: saved per-pass bin means/covariances are absent,original_n2000,original,2k,2000,1895,CNP,m0,matched_neural,1,104,500,20260909-phase2-b2000-m0-seed1-final-ctx-s104-n500-drop10100-mc50,3ec5757dc928ed9ff0645ddf0da96910233af11c613a26d9b56e3648b08574dd,886fefa05942785acd4789d68d37d59a7cb29ce457abbefdd6d33797e2413bec,False
figure1_1500_3000,242,58,43073,-0.8208980376976146,2.735062881729945,2.8501808913295728,0.5041322314049587,0.8223140495867769,0.9380165289256198,9.42379762621796,unavailable: saved per-pass bin means/covariances are absent,original_n2000,original,2k,2000,1895,CNP,m0,matched_neural,1,104,500,20260909-phase2-b2000-m0-seed1-final-ctx-s104-n500-drop10100-mc50,3ec5757dc928ed9ff0645ddf0da96910233af11c613a26d9b56e3648b08574dd,886fefa05942785acd4789d68d37d59a7cb29ce457abbefdd6d33797e2413bec,False
full_500_3000,442,58,114299,-0.7089200111240053,3.7318131623475748,3.7944023642519977,0.4819004524886878,0.8167420814479638,0.9276018099547512,8.450284101648322,unavailable: saved per-pass bin means/covariances are absent,original_n2000,original,2k,2000,1895,CNP,m0,matched_neural,1,105,500,20260909-phase2-b2000-m0-seed1-final-ctx-s105-n500-drop10100-mc50,c7b52bb1ba3bb4b9802dfbe718a847ce05e12ef7bc465ab4ac2b137db87e4bf2,441c5e41249c40bda7a8af5a9df109fa0c0d47415baf16528c8fb5e40973ed3a,False
figure1_1500_3000,242,58,43073,-0.8240771856078132,2.7354367352408286,2.851455320925574,0.5,0.8264462809917356,0.9380165289256198,9.42379762621796,unavailable: saved per-pass bin means/covariances are absent,original_n2000,original,2k,2000,1895,CNP,m0,matched_neural,1,105,500,20260909-phase2-b2000-m0-seed1-final-ctx-s105-n500-drop10100-mc50,c7b52bb1ba3bb4b9802dfbe718a847ce05e12ef7bc465ab4ac2b137db87e4bf2,441c5e41249c40bda7a8af5a9df109fa0c0d47415baf16528c8fb5e40973ed3a,False
full_500_3000,442,58,114299,-0.7309735587843934,3.73907268628406,3.8057005181920336,0.4841628959276018,0.8076923076923077,0.9276018099547512,8.450284101648322,unavailable: saved per-pass bin means/covariances are absent,original_n2000,original,2k,2000,1895,CNP,m0,matched_neural,1,106,500,20260909-phase2-b2000-m0-seed1-final-ctx-s106-n500-drop10100-mc50,57e91ccb59a4116a5f35c4fd6e90d2dac5a1dbbbb252ca41128972dd93556b16,2e6fcf0856faab94ca48cca95bd6c6cba26f0ec5f31f63a8c1f024f255f7b7b7,False
figure1_1500_3000,242,58,43073,-0.8364729185916671,2.736337126304696,2.855921490658797,0.5041322314049587,0.8181818181818182,0.9380165289256198,9.42379762621796,unavailable: saved per-pass bin means/covariances are absent,original_n2000,original,2k,2000,1895,CNP,m0,matched_neural,1,106,500,20260909-phase2-b2000-m0-seed1-final-ctx-s106-n500-drop10100-mc50,57e91ccb59a4116a5f35c4fd6e90d2dac5a1dbbbb252ca41128972dd93556b16,2e6fcf0856faab94ca48cca95bd6c6cba26f0ec5f31f63a8c1f024f255f7b7b7,False
full_500_3000,442,58,114299,-0.7417912457366332,3.752686200001877,3.8211316073166715,0.48642533936651583,0.8099547511312217,0.9276018099547512,8.450284101648322,unavailable: saved per-pass bin means/covariances are absent,original_n2000,original,2k,2000,1895,CNP,m0,matched_neural,1,107,500,20260909-phase2-b2000-m0-seed1-final-ctx-s107-n500-drop10100-mc50,e196f3189429f019226b2df529343e434fb624cf846e37d8ff40270281f0ceb5,f9cb5063c7c6309f0e4ccf088981976758d9ee0d5f13b0c40fafdd9bbc40cac0,False
figure1_1500_3000,242,58,43073,-0.8661509208751883,2.74122937824395,2.869408464531727,0.5082644628099173,0.8140495867768595,0.9380165289256198,9.42379762621796,unavailable: saved per-pass bin means/covariances are absent,original_n2000,original,2k,2000,1895,CNP,m0,matched_neural,1,107,500,20260909-phase2-b2000-m0-seed1-final-ctx-s107-n500-drop10100-mc50,e196f3189429f019226b2df529343e434fb624cf846e37d8ff40270281f0ceb5,f9cb5063c7c6309f0e4ccf088981976758d9ee0d5f13b0c40fafdd9bbc40cac0,False
full_500_3000,442,58,114299,-0.7912557993259286,3.781272598561694,3.858984288318088,0.4751131221719457,0.8054298642533937,0.9253393665158371,8.450284101648322,unavailable: saved per-pass bin means/covariances are absent,original_n2000,original,2k,2000,1895,CNP,m0,matched_neural,1,108,500,20260909-phase2-b2000-m0-seed1-final-ctx-s108-n500-drop10100-mc50,12b9739cca95e6dee7295e6e9a8f0972344f118e75512cef7ea3b96ff1e644df,db3cefc8b80accf49fb348abb25cb19fb73463e2dcf2e2369847cca182efe5b0,False
figure1_1500_3000,242,58,43073,-0.9250263443146247,2.7499526935459904,2.895973865481931,0.5,0.8099173553719008,0.9380165289256198,9.42379762621796,unavailable: saved per-pass bin means/covariances are absent,original_n2000,original,2k,2000,1895,CNP,m0,matched_neural,1,108,500,20260909-phase2-b2000-m0-seed1-final-ctx-s108-n500-drop10100-mc50,12b9739cca95e6dee7295e6e9a8f0972344f118e75512cef7ea3b96ff1e644df,db3cefc8b80accf49fb348abb25cb19fb73463e2dcf2e2369847cca182efe5b0,False
full_500_3000,442,58,114299,-0.6835102650806275,3.7128928725556634,3.771149782926526,0.4841628959276018,0.8167420814479638,0.9321266968325792,8.450284101648322,unavailable: saved per-pass bin means/covariances are absent,original_n2000,original,2k,2000,1895,CNP,m0,matched_neural,1,109,500,20260909-phase2-b2000-m0-seed1-final-ctx-s109-n500-drop10100-mc50,ae85917c9bfc5dd10ba7d239fd5eb4b2a2efe52059484cba814a3409c2b705a5,6e5abc1419dfa7bcde427229c315ad8f7a04169914e808853819fe1542bb1a22,False
figure1_1500_3000,242,58,43073,-0.7780441234870636,2.7309206240038475,2.834159880927411,0.5041322314049587,0.8347107438016529,0.9462809917355371,9.42379762621796,unavailable: saved per-pass bin means/covariances are absent,original_n2000,original,2k,2000,1895,CNP,m0,matched_neural,1,109,500,20260909-phase2-b2000-m0-seed1-final-ctx-s109-n500-drop10100-mc50,ae85917c9bfc5dd10ba7d239fd5eb4b2a2efe52059484cba814a3409c2b705a5,6e5abc1419dfa7bcde427229c315ad8f7a04169914e808853819fe1542bb1a22,False
full_500_3000,442,58,114299,-0.8042968447583728,3.695878993370938,3.7782947282148807,0.48642533936651583,0.8122171945701357,0.9343891402714932,8.450284101648322,unavailable: saved per-pass bin means/covariances are absent,original_n2000,original,2k,2000,1895,CNP,m0,matched_neural,2,100,500,20260909-phase2-b2000-m0-seed2-final-ctx-s100-n500-drop10100-mc50,aac8365e257007d3b21ab041e585729cef78d6532a4644bfda8fc9186869c435,09451d8148d6fbfd7a8cd63c4785ef65466a27e331bd69ce56aff5a8e8adc997,False
figure1_1500_3000,242,58,43073,-0.9881847672542834,2.7590011372207894,2.925259219850987,0.4669421487603306,0.8057851239669421,0.9338842975206612,9.42379762621796,unavailable: saved per-pass bin means/covariances are absent,original_n2000,original,2k,2000,1895,CNP,m0,matched_neural,2,100,500,20260909-phase2-b2000-m0-seed2-final-ctx-s100-n500-drop10100-mc50,aac8365e257007d3b21ab041e585729cef78d6532a4644bfda8fc9186869c435,09451d8148d6fbfd7a8cd63c4785ef65466a27e331bd69ce56aff5a8e8adc997,False
full_500_3000,442,58,114299,-0.757214754244346,3.6714190276304786,3.7446222328366225,0.4751131221719457,0.8099547511312217,0.9343891402714932,8.450284101648322,unavailable: saved per-pass bin means/covariances are absent,original_n2000,original,2k,2000,1895,CNP,m0,matched_neural,2,101,500,20260909-phase2-b2000-m0-seed2-final-ctx-s101-n500-drop10100-mc50,50e1b84930acff550890b5e38ca02acd81228cba071c2e25d5fb73889f38e118,3e825ac760bea646bcf9eb44afcdc1a6ba677c96651a53c756156785b280cf36,False
figure1_1500_3000,242,58,43073,-0.9529548542892354,2.7551011275343082,2.9098692642472233,0.45867768595041325,0.8099173553719008,0.9338842975206612,9.42379762621796,unavailable: saved per-pass bin means/covariances are absent,original_n2000,original,2k,2000,1895,CNP,m0,matched_neural,2,101,500,20260909-phase2-b2000-m0-seed2-final-ctx-s101-n500-drop10100-mc50,50e1b84930acff550890b5e38ca02acd81228cba071c2e25d5fb73889f38e118,3e825ac760bea646bcf9eb44afcdc1a6ba677c96651a53c756156785b280cf36,False
full_500_3000,442,58,114299,-0.765609936493133,3.675695563135176,3.7505105209095624,0.4751131221719457,0.8122171945701357,0.9343891402714932,8.450284101648322,unavailable: saved per-pass bin means/covariances are absent,original_n2000,original,2k,2000,1895,CNP,m0,matched_neural,2,102,500,20260909-phase2-b2000-m0-seed2-final-ctx-s102-n500-drop10100-mc50,872b0b05d40969fa4b08cb1340202dae0bfac9aa4cde57ec04c24829871c9964,4e8b6d9cd00ba271f921dba76ab61232c9f3a6a921ac8442983bbd5fa4f49637,False
figure1_1500_3000,242,58,43073,-0.953807834050411,2.7544430494449905,2.9095282842691503,0.45867768595041325,0.8099173553719008,0.9338842975206612,9.42379762621796,unavailable: saved per-pass bin means/covariances are absent,original_n2000,original,2k,2000,1895,CNP,m0,matched_neural,2,102,500,20260909-phase2-b2000-m0-seed2-final-ctx-s102-n500-drop10100-mc50,872b0b05d40969fa4b08cb1340202dae0bfac9aa4cde57ec04c24829871c9964,4e8b6d9cd00ba271f921dba76ab61232c9f3a6a921ac8442983bbd5fa4f49637,False
full_500_3000,442,58,114299,-0.8391102227913241,3.711414002941146,3.800991400624972,0.47058823529411764,0.8076923076923077,0.9343891402714932,8.450284101648322,unavailable: saved per-pass bin means/covariances are absent,original_n2000,original,2k,2000,1895,CNP,m0,matched_neural,2,103,500,20260909-phase2-b2000-m0-seed2-final-ctx-s103-n500-drop10100-mc50,f2fbe9c4f3c4925e2de53f8df12c4136fbe4bc93569c4a08d0b9d4967698df14,08087a2e2b88e7f6fd2e2d2d9315c533b012535e53b0e2e7979762e8512a8848,False
figure1_1500_3000,242,58,43073,-1.0411148288353982,2.7748786059502373,2.9583869564502003,0.45454545454545453,0.7975206611570248,0.9338842975206612,9.42379762621796,unavailable: saved per-pass bin means/covariances are absent,original_n2000,original,2k,2000,1895,CNP,m0,matched_neural,2,103,500,20260909-phase2-b2000-m0-seed2-final-ctx-s103-n500-drop10100-mc50,f2fbe9c4f3c4925e2de53f8df12c4136fbe4bc93569c4a08d0b9d4967698df14,08087a2e2b88e7f6fd2e2d2d9315c533b012535e53b0e2e7979762e8512a8848,False
full_500_3000,442,58,114299,-0.730210078567998,3.654876619957532,3.723050881733231,0.47737556561085975,0.8122171945701357,0.9389140271493213,8.450284101648322,unavailable: saved per-pass bin means/covariances are absent,original_n2000,original,2k,2000,1895,CNP,m0,matched_neural,2,104,500,20260909-phase2-b2000-m0-seed2-final-ctx-s104-n500-drop10100-mc50,e4824add27499560e31e90d9c966c04ff54929cfa12de76b95db39da4baca1e7,5fbcfea51017f463bfbcc4f26e49aed2ee19231a0d31ca07e17e7480f83832b6,False
figure1_1500_3000,242,58,43073,-0.9394597976184661,2.7553489314547375,2.9057117476719134,0.47107438016528924,0.8140495867768595,0.9380165289256198,9.42379762621796,unavailable: saved per-pass bin means/covariances are absent,original_n2000,original,2k,2000,1895,CNP,m0,matched_neural,2,104,500,20260909-phase2-b2000-m0-seed2-final-ctx-s104-n500-drop10100-mc50,e4824add27499560e31e90d9c966c04ff54929cfa12de76b95db39da4baca1e7,5fbcfea51017f463bfbcc4f26e49aed2ee19231a0d31ca07e17e7480f83832b6,False
full_500_3000,442,58,114299,-0.8213038169735882,3.7021435368246673,3.7880599227950245,0.47737556561085975,0.8122171945701357,0.9343891402714932,8.450284101648322,unavailable: saved per-pass bin means/covariances are absent,original_n2000,original,2k,2000,1895,CNP,m0,matched_neural,2,105,500,20260909-phase2-b2000-m0-seed2-final-ctx-s105-n500-drop10100-mc50,0f8b97f82f592f5610cceef7542b143ad2645ee5ea87c2a797febfa086fd2f80,15bb37f163732428ad2038855913d41982bc817e59f2cb7f730bfb6f8be3871f,False
figure1_1500_3000,242,58,43073,-1.0201278623016246,2.768497308566366,2.945091916352028,0.4628099173553719,0.8099173553719008,0.9338842975206612,9.42379762621796,unavailable: saved per-pass bin means/covariances are absent,original_n2000,original,2k,2000,1895,CNP,m0,matched_neural,2,105,500,20260909-phase2-b2000-m0-seed2-final-ctx-s105-n500-drop10100-mc50,0f8b97f82f592f5610cceef7542b143ad2645ee5ea87c2a797febfa086fd2f80,15bb37f163732428ad2038855913d41982bc817e59f2cb7f730bfb6f8be3871f,False
full_500_3000,442,58,114299,-0.7895134010136883,3.6865840466413045,3.7660967454943655,0.4796380090497738,0.8144796380090498,0.9343891402714932,8.450284101648322,unavailable: saved per-pass bin means/covariances are absent,original_n2000,original,2k,2000,1895,CNP,m0,matched_neural,2,106,500,20260909-phase2-b2000-m0-seed2-final-ctx-s106-n500-drop10100-mc50,66e126c277c31575d359bfcfea8f96d2c77b4d8aab1ef5ac92965918ead43164,d7026f62b4dffac5483cb1122cef75f2d954a4e6a9ee3ad210e15da5bf6b71e7,False
figure1_1500_3000,242,58,43073,-0.9843173136774251,2.759894035636666,2.9247940770231238,0.4628099173553719,0.8099173553719008,0.9338842975206612,9.42379762621796,unavailable: saved per-pass bin means/covariances are absent,original_n2000,original,2k,2000,1895,CNP,m0,matched_neural,2,106,500,20260909-phase2-b2000-m0-seed2-final-ctx-s106-n500-drop10100-mc50,66e126c277c31575d359bfcfea8f96d2c77b4d8aab1ef5ac92965918ead43164,d7026f62b4dffac5483cb1122cef75f2d954a4e6a9ee3ad210e15da5bf6b71e7,False
full_500_3000,442,58,114299,-0.8059150082795036,3.692873533928914,3.775706594063927,0.47737556561085975,0.8144796380090498,0.9343891402714932,8.450284101648322,unavailable: saved per-pass bin means/covariances are absent,original_n2000,original,2k,2000,1895,CNP,m0,matched_neural,2,107,500,20260909-phase2-b2000-m0-seed2-final-ctx-s107-n500-drop10100-mc50,30b324a3b9ae229be6c1fdd0c12eafe277cc07d51d50bb8362a304f24888c6f9,86ba178634bc137ddfc72536e17797a8e4cc35f629e429bf8c857787dfe596dc,False
figure1_1500_3000,242,58,43073,-1.008751163048535,2.7670977106911154,2.9398586457766336,0.4628099173553719,0.8140495867768595,0.9338842975206612,9.42379762621796,unavailable: saved per-pass bin means/covariances are absent,original_n2000,original,2k,2000,1895,CNP,m0,matched_neural,2,107,500,20260909-phase2-b2000-m0-seed2-final-ctx-s107-n500-drop10100-mc50,30b324a3b9ae229be6c1fdd0c12eafe277cc07d51d50bb8362a304f24888c6f9,86ba178634bc137ddfc72536e17797a8e4cc35f629e429bf8c857787dfe596dc,False
full_500_3000,442,58,114299,-0.8521518381774199,3.717469562084135,3.8097869602322914,0.47285067873303166,0.8076923076923077,0.9321266968325792,8.450284101648322,unavailable: saved per-pass bin means/covariances are absent,original_n2000,original,2k,2000,1895,CNP,m0,matched_neural,2,108,500,20260909-phase2-b2000-m0-seed2-final-ctx-s108-n500-drop10100-mc50,ad92dcd4ad8c02eee10aa8971890443bd56b13f8d85ee7157dbf1e86800e758d,85833c2b7624aa4419fe5e24f40eed14cfa0173d8be290238cb8da6cb3fa04b0,False
figure1_1500_3000,242,58,43073,-1.050968318317232,2.7753308228712292,2.9622908754065893,0.45454545454545453,0.7975206611570248,0.9297520661157025,9.42379762621796,unavailable: saved per-pass bin means/covariances are absent,original_n2000,original,2k,2000,1895,CNP,m0,matched_neural,2,108,500,20260909-phase2-b2000-m0-seed2-final-ctx-s108-n500-drop10100-mc50,ad92dcd4ad8c02eee10aa8971890443bd56b13f8d85ee7157dbf1e86800e758d,85833c2b7624aa4419fe5e24f40eed14cfa0173d8be290238cb8da6cb3fa04b0,False
full_500_3000,442,58,114299,-0.733155129598884,3.659068829341257,3.727735207041838,0.4819004524886878,0.8099547511312217,0.9366515837104072,8.450284101648322,unavailable: saved per-pass bin means/covariances are absent,original_n2000,original,2k,2000,1895,CNP,m0,matched_neural,2,109,500,20260909-phase2-b2000-m0-seed2-final-ctx-s109-n500-drop10100-mc50,a7a4d249da3b05644b43ee6fe2e0c7bce463bc827a95be769e787b4f28d82546,ddb215b5e2568ded7de34a302982dc0e9db860973f8c26166111b37a1a6bce54,False
figure1_1500_3000,242,58,43073,-0.9317286877096134,2.752324785585938,2.9003632900866982,0.47107438016528924,0.8140495867768595,0.9338842975206612,9.42379762621796,unavailable: saved per-pass bin means/covariances are absent,original_n2000,original,2k,2000,1895,CNP,m0,matched_neural,2,109,500,20260909-phase2-b2000-m0-seed2-final-ctx-s109-n500-drop10100-mc50,a7a4d249da3b05644b43ee6fe2e0c7bce463bc827a95be769e787b4f28d82546,ddb215b5e2568ded7de34a302982dc0e9db860973f8c26166111b37a1a6bce54,False
full_500_3000,442,58,114299,0.04606439962572175,3.4632206244118886,3.4596074211503947,0.3733031674208145,0.7058823529411765,0.8800904977375565,8.450284101648322,unavailable: saved per-pass bin means/covariances are absent,original_n2000,original,2k,2000,1895,Attentive CNP,m1,matched_neural,0,100,500,20260909-phase2-b2000-m1-seed0-final-ctx-s100-n500-drop10100-mc50,cc6776eb2bfe3d1b2c5f4cb0684997a8d34d5d51c75ff5ffedb6c1fa158a3a92,4766a496682c4189ba9fe1e39ddb2c840f9907566766864cd47218f30d9271ad,False
figure1_1500_3000,242,58,43073,-0.5066561717172161,2.9944286571669134,3.0308829374886797,0.4090909090909091,0.7644628099173554,0.8884297520661157,9.42379762621796,unavailable: saved per-pass bin means/covariances are absent,original_n2000,original,2k,2000,1895,Attentive CNP,m1,matched_neural,0,100,500,20260909-phase2-b2000-m1-seed0-final-ctx-s100-n500-drop10100-mc50,cc6776eb2bfe3d1b2c5f4cb0684997a8d34d5d51c75ff5ffedb6c1fa158a3a92,4766a496682c4189ba9fe1e39ddb2c840f9907566766864cd47218f30d9271ad,False
full_500_3000,442,58,114299,0.052346766010970984,3.4368931027435305,3.4334020842065476,0.3665158371040724,0.6968325791855203,0.8800904977375565,8.450284101648322,unavailable: saved per-pass bin means/covariances are absent,original_n2000,original,2k,2000,1895,Attentive CNP,m1,matched_neural,0,101,500,20260909-phase2-b2000-m1-seed0-final-ctx-s101-n500-drop10100-mc50,f2ac36fba1100bea973c0c4876541aaafd7aa7a5b9e03ad76766194237d87427,0f9eeddc9bbc84a067cc269f171aac04777776b6e986f9a774f3d66203eca148,False
figure1_1500_3000,242,58,43073,-0.5406682050475947,2.9882396650057017,3.030676381249156,0.4049586776859504,0.7644628099173554,0.8884297520661157,9.42379762621796,unavailable: saved per-pass bin means/covariances are absent,original_n2000,original,2k,2000,1895,Attentive CNP,m1,matched_neural,0,101,500,20260909-phase2-b2000-m1-seed0-final-ctx-s101-n500-drop10100-mc50,f2ac36fba1100bea973c0c4876541aaafd7aa7a5b9e03ad76766194237d87427,0f9eeddc9bbc84a067cc269f171aac04777776b6e986f9a774f3d66203eca148,False
full_500_3000,442,58,114299,-0.031946716998361394,3.4500599718789604,3.446303052988235,0.37104072398190047,0.7081447963800905,0.8891402714932126,8.450284101648322,unavailable: saved per-pass bin means/covariances are absent,original_n2000,original,2k,2000,1895,Attentive CNP,m1,matched_neural,0,102,500,20260909-phase2-b2000-m1-seed0-final-ctx-s102-n500-drop10100-mc50,1f0d7d38e32eaa07230ef0a1fbc075e6a82d411608fe5b5744e743e9ced6eea7,48b73197d34b06ca9497225a5a13570d44db59abf1148927a63da0522b15bdab,False
figure1_1500_3000,242,58,43073,-0.6152809685655161,2.976066676728098,3.032976174187243,0.4049586776859504,0.7603305785123967,0.8925619834710744,9.42379762621796,unavailable: saved per-pass bin means/covariances are absent,original_n2000,original,2k,2000,1895,Attentive CNP,m1,matched_neural,0,102,500,20260909-phase2-b2000-m1-seed0-final-ctx-s102-n500-drop10100-mc50,1f0d7d38e32eaa07230ef0a1fbc075e6a82d411608fe5b5744e743e9ced6eea7,48b73197d34b06ca9497225a5a13570d44db59abf1148927a63da0522b15bdab,False
full_500_3000,442,58,114299,-0.0003183271417514523,3.51434035497248,3.5103626201344915,0.3733031674208145,0.6968325791855203,0.8800904977375565,8.450284101648322,unavailable: saved per-pass bin means/covariances are absent,original_n2000,original,2k,2000,1895,Attentive CNP,m1,matched_neural,0,103,500,20260909-phase2-b2000-m1-seed0-final-ctx-s103-n500-drop10100-mc50,5d610c0dd21a4f531817b79718be3a4ba8514e35181ed21aaa3ef4cc5789678a,eaf861a1ff8071fdbf7b76b9c5f0f492df64efb4c9fe323fd1ffe581b4b7c462,False
figure1_1500_3000,242,58,43073,-0.5729290716452923,3.0449837933454025,3.092225780538025,0.4049586776859504,0.7520661157024794,0.8842975206611571,9.42379762621796,unavailable: saved per-pass bin means/covariances are absent,original_n2000,original,2k,2000,1895,Attentive CNP,m1,matched_neural,0,103,500,20260909-phase2-b2000-m1-seed0-final-ctx-s103-n500-drop10100-mc50,5d610c0dd21a4f531817b79718be3a4ba8514e35181ed21aaa3ef4cc5789678a,eaf861a1ff8071fdbf7b76b9c5f0f492df64efb4c9fe323fd1ffe581b4b7c462,False
full_500_3000,442,58,114299,-0.005208605361908618,3.4810700934420087,3.477133902666483,0.37104072398190047,0.7058823529411765,0.8823529411764706,8.450284101648322,unavailable: saved per-pass bin means/covariances are absent,original_n2000,original,2k,2000,1895,Attentive CNP,m1,matched_neural,0,104,500,20260909-phase2-b2000-m1-seed0-final-ctx-s104-n500-drop10100-mc50,195efd964523405d5c180b725c078f567140ad44a95d843c8e9157145ae760b2,16a9ce5458e14246bb0b2bcec8a425fb3c2f52751665a4f9c9e43991507b918e,False
figure1_1500_3000,242,58,43073,-0.5832723705412242,3.009878162162215,3.0597610707907315,0.40082644628099173,0.7644628099173554,0.8884297520661157,9.42379762621796,unavailable: saved per-pass bin means/covariances are absent,original_n2000,original,2k,2000,1895,Attentive CNP,m1,matched_neural,0,104,500,20260909-phase2-b2000-m1-seed0-final-ctx-s104-n500-drop10100-mc50,195efd964523405d5c180b725c078f567140ad44a95d843c8e9157145ae760b2,16a9ce5458e14246bb0b2bcec8a425fb3c2f52751665a4f9c9e43991507b918e,False
full_500_3000,442,58,114299,-0.09235633783516338,3.5187153166265452,3.5159458260340575,0.36877828054298645,0.7013574660633484,0.8981900452488688,8.450284101648322,unavailable: saved per-pass bin means/covariances are absent,original_n2000,original,2k,2000,1895,Attentive CNP,m1,matched_neural,0,105,500,20260909-phase2-b2000-m1-seed0-final-ctx-s105-n500-drop10100-mc50,b50d3b115ab2f80e53a6de53381d57ee1013d3b92f814b90244136b448e6b69b,fd28a93f506106cf7d6628b71ae4083dc912798c403a08efcac07134b4d213b6,False
figure1_1500_3000,242,58,43073,-0.6567208574895984,3.0210118244344955,3.085462990654508,0.40082644628099173,0.756198347107438,0.8966942148760331,9.42379762621796,unavailable: saved per-pass bin means/covariances are absent,original_n2000,original,2k,2000,1895,Attentive CNP,m1,matched_neural,0,105,500,20260909-phase2-b2000-m1-seed0-final-ctx-s105-n500-drop10100-mc50,b50d3b115ab2f80e53a6de53381d57ee1013d3b92f814b90244136b448e6b69b,fd28a93f506106cf7d6628b71ae4083dc912798c403a08efcac07134b4d213b6,False
full_500_3000,442,58,114299,0.022356442642773387,3.4828294364496637,3.4789591872815793,0.3755656108597285,0.7013574660633484,0.8800904977375565,8.450284101648322,unavailable: saved per-pass bin means/covariances are absent,original_n2000,original,2k,2000,1895,Attentive CNP,m1,matched_neural,0,106,500,20260909-phase2-b2000-m1-seed0-final-ctx-s106-n500-drop10100-mc50,62b0103487df074e3d65e8480fd51cecd73b3a4c1c33bc877187aff6ac825234,807b398477df00f0e04aa02684773d8dd1696c71918dd60fccae9ccd7c019e5b,False
figure1_1500_3000,242,58,43073,-0.5498139819544595,3.0138386749655233,3.057447463460814,0.4090909090909091,0.7603305785123967,0.8884297520661157,9.42379762621796,unavailable: saved per-pass bin means/covariances are absent,original_n2000,original,2k,2000,1895,Attentive CNP,m1,matched_neural,0,106,500,20260909-phase2-b2000-m1-seed0-final-ctx-s106-n500-drop10100-mc50,62b0103487df074e3d65e8480fd51cecd73b3a4c1c33bc877187aff6ac825234,807b398477df00f0e04aa02684773d8dd1696c71918dd60fccae9ccd7c019e5b,False
full_500_3000,442,58,114299,-0.0442282013133225,3.508374811016381,3.504682899322456,0.3733031674208145,0.7058823529411765,0.8914027149321267,8.450284101648322,unavailable: saved per-pass bin means/covariances are absent,original_n2000,original,2k,2000,1895,Attentive CNP,m1,matched_neural,0,107,500,20260909-phase2-b2000-m1-seed0-final-ctx-s107-n500-drop10100-mc50,6bffeeb7205e3e7a8065a2a6d45db0356add629c77eb1235ab25dba0af8a2146,ccf8c207226520ff17504c0f36bb792452023cce2be83c652b5f8e8e9cd4dafe,False
figure1_1500_3000,242,58,43073,-0.6163200254953045,3.0274197861279784,3.0833825446118075,0.4049586776859504,0.7644628099173554,0.8966942148760331,9.42379762621796,unavailable: saved per-pass bin means/covariances are absent,original_n2000,original,2k,2000,1895,Attentive CNP,m1,matched_neural,0,107,500,20260909-phase2-b2000-m1-seed0-final-ctx-s107-n500-drop10100-mc50,6bffeeb7205e3e7a8065a2a6d45db0356add629c77eb1235ab25dba0af8a2146,ccf8c207226520ff17504c0f36bb792452023cce2be83c652b5f8e8e9cd4dafe,False
full_500_3000,442,58,114299,0.05470157274277022,3.489909848189811,3.486388912165192,0.3665158371040724,0.6923076923076923,0.8778280542986425,8.450284101648322,unavailable: saved per-pass bin means/covariances are absent,original_n2000,original,2k,2000,1895,Attentive CNP,m1,matched_neural,0,108,500,20260909-phase2-b2000-m1-seed0-final-ctx-s108-n500-drop10100-mc50,09cf612f50c0fa638fb635834983fc9bffc0e75c8b23185536da15a52d52a396,ddf3f4131f3519ec2cd1b2ac6c1edb06b4d15e7ee93c6f7244b94bd9922b63eb,False
figure1_1500_3000,242,58,43073,-0.5193794733324203,3.036507267950889,3.0744155048984982,0.40082644628099173,0.7479338842975206,0.8842975206611571,9.42379762621796,unavailable: saved per-pass bin means/covariances are absent,original_n2000,original,2k,2000,1895,Attentive CNP,m1,matched_neural,0,108,500,20260909-phase2-b2000-m1-seed0-final-ctx-s108-n500-drop10100-mc50,09cf612f50c0fa638fb635834983fc9bffc0e75c8b23185536da15a52d52a396,ddf3f4131f3519ec2cd1b2ac6c1edb06b4d15e7ee93c6f7244b94bd9922b63eb,False
full_500_3000,442,58,114299,-0.041837672278697134,3.4754802527551036,3.4717985839551377,0.3733031674208145,0.7036199095022625,0.8914027149321267,8.450284101648322,unavailable: saved per-pass bin means/covariances are absent,original_n2000,original,2k,2000,1895,Attentive CNP,m1,matched_neural,0,109,500,20260909-phase2-b2000-m1-seed0-final-ctx-s109-n500-drop10100-mc50,f2650bcca23968ad1086ab7fff5def7c420cc84d6d469f7e99b1c4cf630af295,9cde2753f3b8c5d1982053f2f3369685b9a120f69feea2135fe31a125ada8048,False
figure1_1500_3000,242,58,43073,-0.6159415493676298,2.991877802823712,3.0485615953770453,0.4049586776859504,0.7603305785123967,0.9008264462809917,9.42379762621796,unavailable: saved per-pass bin means/covariances are absent,original_n2000,original,2k,2000,1895,Attentive CNP,m1,matched_neural,0,109,500,20260909-phase2-b2000-m1-seed0-final-ctx-s109-n500-drop10100-mc50,f2650bcca23968ad1086ab7fff5def7c420cc84d6d469f7e99b1c4cf630af295,9cde2753f3b8c5d1982053f2f3369685b9a120f69feea2135fe31a125ada8048,False
full_500_3000,442,58,114299,-0.5964449452275451,3.820213135180541,3.8622217449411913,0.45475113122171945,0.7828054298642534,0.916289592760181,8.450284101648322,unavailable: saved per-pass bin means/covariances are absent,original_n2000,original,2k,2000,1895,Attentive CNP,m1,matched_neural,1,100,500,20260909-phase2-b2000-m1-seed1-final-ctx-s100-n500-drop10100-mc50,e0650ac65084dfb670c7a75064e582e1d35ef2c81feacad49b4ff0049ce13efc,6c117b2cc2c7267edc1c201cfcbae25aa28b081d28df5ca1a7ffd3bbb79fb440,False
figure1_1500_3000,242,58,43073,-0.8122627428094208,2.8005214513707126,2.910374958826103,0.4793388429752066,0.8057851239669421,0.9256198347107438,9.42379762621796,unavailable: saved per-pass bin means/covariances are absent,original_n2000,original,2k,2000,1895,Attentive CNP,m1,matched_neural,1,100,500,20260909-phase2-b2000-m1-seed1-final-ctx-s100-n500-drop10100-mc50,e0650ac65084dfb670c7a75064e582e1d35ef2c81feacad49b4ff0049ce13efc,6c117b2cc2c7267edc1c201cfcbae25aa28b081d28df5ca1a7ffd3bbb79fb440,False
full_500_3000,442,58,114299,-0.5623869754507198,3.802171875143073,3.83928157861548,0.45475113122171945,0.7850678733031674,0.916289592760181,8.450284101648322,unavailable: saved per-pass bin means/covariances are absent,original_n2000,original,2k,2000,1895,Attentive CNP,m1,matched_neural,1,101,500,20260909-phase2-b2000-m1-seed1-final-ctx-s101-n500-drop10100-mc50,51d2432599be6063e6d60ed3b3b79581a3a79cf7b24cbcbe40ce6765b8291748,2d76bf3103da0003deb4273d933a8914a8dd67df70b341c81307aee529cf8b96,False
figure1_1500_3000,242,58,43073,-0.7846078893789844,2.797823049790508,2.9001856871455916,0.48760330578512395,0.8140495867768595,0.9256198347107438,9.42379762621796,unavailable: saved per-pass bin means/covariances are absent,original_n2000,original,2k,2000,1895,Attentive CNP,m1,matched_neural,1,101,500,20260909-phase2-b2000-m1-seed1-final-ctx-s101-n500-drop10100-mc50,51d2432599be6063e6d60ed3b3b79581a3a79cf7b24cbcbe40ce6765b8291748,2d76bf3103da0003deb4273d933a8914a8dd67df70b341c81307aee529cf8b96,False
full_500_3000,442,58,114299,-0.6029754755186597,3.817310404207475,3.8603717618888806,0.46153846153846156,0.7782805429864253,0.916289592760181,8.450284101648322,unavailable: saved per-pass bin means/covariances are absent,original_n2000,original,2k,2000,1895,Attentive CNP,m1,matched_neural,1,102,500,20260909-phase2-b2000-m1-seed1-final-ctx-s102-n500-drop10100-mc50,f4cfec5fe7653a29c7e3e696860128eadcdddefc31c13ecc4b3c2bf629be4098,bc0a32c11f5a23916bb2573ae3a8a2e8b227d073df1ed035e73175e267fd9937,False
figure1_1500_3000,242,58,43073,-0.8209040782142861,2.799225849620958,2.911558015967964,0.4834710743801653,0.7975206611570248,0.9256198347107438,9.42379762621796,unavailable: saved per-pass bin means/covariances are absent,original_n2000,original,2k,2000,1895,Attentive CNP,m1,matched_neural,1,102,500,20260909-phase2-b2000-m1-seed1-final-ctx-s102-n500-drop10100-mc50,f4cfec5fe7653a29c7e3e696860128eadcdddefc31c13ecc4b3c2bf629be4098,bc0a32c11f5a23916bb2573ae3a8a2e8b227d073df1ed035e73175e267fd9937,False
full_500_3000,442,58,114299,-0.49465688178931094,3.7807287173902147,3.8087079046747045,0.45475113122171945,0.7782805429864253,0.9140271493212669,8.450284101648322,unavailable: saved per-pass bin means/covariances are absent,original_n2000,original,2k,2000,1895,Attentive CNP,m1,matched_neural,1,103,500,20260909-phase2-b2000-m1-seed1-final-ctx-s103-n500-drop10100-mc50,c671b529901d19e0b43d8a82ca68b4643f72c810689ebf29fb1cab1c5b9e4d5a,c875169e3307ce0d17c355b819d738692d14eae04b92bd1ff798a92f92ac4316,False
figure1_1500_3000,242,58,43073,-0.7213612126726928,2.799223299546621,2.88507094477748,0.4834710743801653,0.8057851239669421,0.9297520661157025,9.42379762621796,unavailable: saved per-pass bin means/covariances are absent,original_n2000,original,2k,2000,1895,Attentive CNP,m1,matched_neural,1,103,500,20260909-phase2-b2000-m1-seed1-final-ctx-s103-n500-drop10100-mc50,c671b529901d19e0b43d8a82ca68b4643f72c810689ebf29fb1cab1c5b9e4d5a,c875169e3307ce0d17c355b819d738692d14eae04b92bd1ff798a92f92ac4316,False
full_500_3000,442,58,114299,-0.5245768031567026,3.790265656396559,3.822144953907672,0.45248868778280543,0.7805429864253394,0.9140271493212669,8.450284101648322,unavailable: saved per-pass bin means/covariances are absent,original_n2000,original,2k,2000,1895,Attentive CNP,m1,matched_neural,1,104,500,20260909-phase2-b2000-m1-seed1-final-ctx-s104-n500-drop10100-mc50,a1cec4fb9fee74717e8333137299b558ba4cd14916ed20616aec32f83aa9a243,4629c06be20205407b696a2553642843a31bf24ca8c9b53ba2809842eb4e0b26,False
figure1_1500_3000,242,58,43073,-0.7517797383860867,2.8009100931936888,2.894451997798005,0.48760330578512395,0.8057851239669421,0.9256198347107438,9.42379762621796,unavailable: saved per-pass bin means/covariances are absent,original_n2000,original,2k,2000,1895,Attentive CNP,m1,matched_neural,1,104,500,20260909-phase2-b2000-m1-seed1-final-ctx-s104-n500-drop10100-mc50,a1cec4fb9fee74717e8333137299b558ba4cd14916ed20616aec32f83aa9a243,4629c06be20205407b696a2553642843a31bf24ca8c9b53ba2809842eb4e0b26,False
full_500_3000,442,58,114299,-0.5346988146227819,3.793465143363884,3.826711800025244,0.45475113122171945,0.7828054298642534,0.916289592760181,8.450284101648322,unavailable: saved per-pass bin means/covariances are absent,original_n2000,original,2k,2000,1895,Attentive CNP,m1,matched_neural,1,105,500,20260909-phase2-b2000-m1-seed1-final-ctx-s105-n500-drop10100-mc50,49d7f0bd2cb5cc510c109bc499e74fda6e5a1af7f30656585fea040cd6b158ec,526df892fd5c9bb961be45ae49bbb70b3347768290848ec880c3237a0e708962,False
figure1_1500_3000,242,58,43073,-0.7586433425181764,2.79966221537867,2.8950404769507854,0.48760330578512395,0.8099173553719008,0.9256198347107438,9.42379762621796,unavailable: saved per-pass bin means/covariances are absent,original_n2000,original,2k,2000,1895,Attentive CNP,m1,matched_neural,1,105,500,20260909-phase2-b2000-m1-seed1-final-ctx-s105-n500-drop10100-mc50,49d7f0bd2cb5cc510c109bc499e74fda6e5a1af7f30656585fea040cd6b158ec,526df892fd5c9bb961be45ae49bbb70b3347768290848ec880c3237a0e708962,False
full_500_3000,442,58,114299,-0.5457937685999751,3.7966468685830534,3.831423525208576,0.45248868778280543,0.7850678733031674,0.916289592760181,8.450284101648322,unavailable: saved per-pass bin means/covariances are absent,original_n2000,original,2k,2000,1895,Attentive CNP,m1,matched_neural,1,106,500,20260909-phase2-b2000-m1-seed1-final-ctx-s106-n500-drop10100-mc50,897b38520aeb7dc975b11b8659ade15b66af105ff2a3c99a81e37ea6526eba74,736ff9d171c4d8313acc7bf68292e27982d9abf8899de12383dbbce5be8d0f9b,False
figure1_1500_3000,242,58,43073,-0.7690450888827364,2.799457574532404,2.897586740186584,0.4834710743801653,0.8140495867768595,0.9256198347107438,9.42379762621796,unavailable: saved per-pass bin means/covariances are absent,original_n2000,original,2k,2000,1895,Attentive CNP,m1,matched_neural,1,106,500,20260909-phase2-b2000-m1-seed1-final-ctx-s106-n500-drop10100-mc50,897b38520aeb7dc975b11b8659ade15b66af105ff2a3c99a81e37ea6526eba74,736ff9d171c4d8313acc7bf68292e27982d9abf8899de12383dbbce5be8d0f9b,False
full_500_3000,442,58,114299,-0.5142664103959156,3.784488597517721,3.8150256054043803,0.45248868778280543,0.7805429864253394,0.9140271493212669,8.450284101648322,unavailable: saved per-pass bin means/covariances are absent,original_n2000,original,2k,2000,1895,Attentive CNP,m1,matched_neural,1,107,500,20260909-phase2-b2000-m1-seed1-final-ctx-s107-n500-drop10100-mc50,52655ea56d6417f15826ffee3c5611779fac798ea482a3b585482108e8fedb6b,6bd5245273bd327675250cf8289080f6634d1952b444447a5bdbf29a7e91c596,False
figure1_1500_3000,242,58,43073,-0.7413264447524922,2.7988111217776295,2.889729988122007,0.4834710743801653,0.8057851239669421,0.9297520661157025,9.42379762621796,unavailable: saved per-pass bin means/covariances are absent,original_n2000,original,2k,2000,1895,Attentive CNP,m1,matched_neural,1,107,500,20260909-phase2-b2000-m1-seed1-final-ctx-s107-n500-drop10100-mc50,52655ea56d6417f15826ffee3c5611779fac798ea482a3b585482108e8fedb6b,6bd5245273bd327675250cf8289080f6634d1952b444447a5bdbf29a7e91c596,False
full_500_3000,442,58,114299,-0.500262777709475,3.7787297025513626,3.8074605760902704,0.45248868778280543,0.7782805429864253,0.9140271493212669,8.450284101648322,unavailable: saved per-pass bin means/covariances are absent,original_n2000,original,2k,2000,1895,Attentive CNP,m1,matched_neural,1,108,500,20260909-phase2-b2000-m1-seed1-final-ctx-s108-n500-drop10100-mc50,7c65779a4595e0f5478cb62d9b993ddebf4a04e41e51072487f7b346635ecae0,3f9705a4ce8adee5ce1dd52622fa82ee8961a5d5e834aa59cbef85f588747e7e,False
figure1_1500_3000,242,58,43073,-0.7270889270918373,2.7958807546616304,2.8832804336788413,0.4793388429752066,0.8057851239669421,0.9297520661157025,9.42379762621796,unavailable: saved per-pass bin means/covariances are absent,original_n2000,original,2k,2000,1895,Attentive CNP,m1,matched_neural,1,108,500,20260909-phase2-b2000-m1-seed1-final-ctx-s108-n500-drop10100-mc50,7c65779a4595e0f5478cb62d9b993ddebf4a04e41e51072487f7b346635ecae0,3f9705a4ce8adee5ce1dd52622fa82ee8961a5d5e834aa59cbef85f588747e7e,False
full_500_3000,442,58,114299,-0.5664859595306222,3.80453587299535,3.8422196487267244,0.45475113122171945,0.7850678733031674,0.916289592760181,8.450284101648322,unavailable: saved per-pass bin means/covariances are absent,original_n2000,original,2k,2000,1895,Attentive CNP,m1,matched_neural,1,109,500,20260909-phase2-b2000-m1-seed1-final-ctx-s109-n500-drop10100-mc50,b6cda9f0478e0a3755a74c4074466764087cfb8f96bad311eb28633f52172804,38fc61ef94910230a491ee1401268e4f04d3b6e2b035fd49115545781e73f276,False
figure1_1500_3000,242,58,43073,-0.7884462897113698,2.8002081131855707,2.9035170946067734,0.48760330578512395,0.8140495867768595,0.9256198347107438,9.42379762621796,unavailable: saved per-pass bin means/covariances are absent,original_n2000,original,2k,2000,1895,Attentive CNP,m1,matched_neural,1,109,500,20260909-phase2-b2000-m1-seed1-final-ctx-s109-n500-drop10100-mc50,b6cda9f0478e0a3755a74c4074466764087cfb8f96bad311eb28633f52172804,38fc61ef94910230a491ee1401268e4f04d3b6e2b035fd49115545781e73f276,False
full_500_3000,442,58,114299,-0.48648789664208075,3.6810065170858217,3.7088844382084543,0.43665158371040724,0.7760180995475113,0.9027149321266968,8.450284101648322,unavailable: saved per-pass bin means/covariances are absent,original_n2000,original,2k,2000,1895,Attentive CNP,m1,matched_neural,2,100,500,20260909-phase2-b2000-m1-seed2-final-ctx-s100-n500-drop10100-mc50,74de68d2c5167a2a9dfa3c09e80ebc5b4951be9ff93d52873a3856b54da9c327,1ce0a06c6785aca98c698736ddce65896b648717dee871892cd5b60912dbf487,False
figure1_1500_3000,242,58,43073,-0.7592170365273495,2.8403284116152094,2.9343720555074446,0.4380165289256198,0.7933884297520661,0.9214876033057852,9.42379762621796,unavailable: saved per-pass bin means/covariances are absent,original_n2000,original,2k,2000,1895,Attentive CNP,m1,matched_neural,2,100,500,20260909-phase2-b2000-m1-seed2-final-ctx-s100-n500-drop10100-mc50,74de68d2c5167a2a9dfa3c09e80ebc5b4951be9ff93d52873a3856b54da9c327,1ce0a06c6785aca98c698736ddce65896b648717dee871892cd5b60912dbf487,False
full_500_3000,442,58,114299,-0.46682115423653153,3.6808546624576883,3.7062055918440393,0.43891402714932126,0.7760180995475113,0.9027149321266968,8.450284101648322,unavailable: saved per-pass bin means/covariances are absent,original_n2000,original,2k,2000,1895,Attentive CNP,m1,matched_neural,2,101,500,20260909-phase2-b2000-m1-seed2-final-ctx-s101-n500-drop10100-mc50,105d144ea8e892d3bc245c674a5817a1ef616c0cdf724134069f018467644f4a,89ee07b3f6365edc56e1e52dc508df82c11793a22e63a9ac3f1e7a21215cd5f2,False
figure1_1500_3000,242,58,43073,-0.7330601834650404,2.83582715212269,2.923364810102909,0.44214876033057854,0.7975206611570248,0.9214876033057852,9.42379762621796,unavailable: saved per-pass bin means/covariances are absent,original_n2000,original,2k,2000,1895,Attentive CNP,m1,matched_neural,2,101,500,20260909-phase2-b2000-m1-seed2-final-ctx-s101-n500-drop10100-mc50,105d144ea8e892d3bc245c674a5817a1ef616c0cdf724134069f018467644f4a,89ee07b3f6365edc56e1e52dc508df82c11793a22e63a9ac3f1e7a21215cd5f2,False
full_500_3000,442,58,114299,-0.48597703579583595,3.6792187208040836,3.7070470955956223,0.43891402714932126,0.7782805429864253,0.9027149321266968,8.450284101648322,unavailable: saved per-pass bin means/covariances are absent,original_n2000,original,2k,2000,1895,Attentive CNP,m1,matched_neural,2,102,500,20260909-phase2-b2000-m1-seed2-final-ctx-s102-n500-drop10100-mc50,11dd6b901f848b30818b33d601fd5db7cdb18d568e06d62d2e973c61a6e4bc6b,24bce156db3e9cccb9184887dc3f5ef5fed7678edc13d2f942c2580b355f1e81,False
figure1_1500_3000,242,58,43073,-0.7573140570723469,2.837504993605373,2.9311582657564332,0.44214876033057854,0.7933884297520661,0.9214876033057852,9.42379762621796,unavailable: saved per-pass bin means/covariances are absent,original_n2000,original,2k,2000,1895,Attentive CNP,m1,matched_neural,2,102,500,20260909-phase2-b2000-m1-seed2-final-ctx-s102-n500-drop10100-mc50,11dd6b901f848b30818b33d601fd5db7cdb18d568e06d62d2e973c61a6e4bc6b,24bce156db3e9cccb9184887dc3f5ef5fed7678edc13d2f942c2580b355f1e81,False
full_500_3000,442,58,114299,-0.4483197394296359,3.687997391819895,3.7110029807134506,0.43665158371040724,0.7737556561085973,0.9004524886877828,8.450284101648322,unavailable: saved per-pass bin means/covariances are absent,original_n2000,original,2k,2000,1895,Attentive CNP,m1,matched_neural,2,103,500,20260909-phase2-b2000-m1-seed2-final-ctx-s103-n500-drop10100-mc50,49489a00a7dd3e11fa53076d219da8185f4dfedcd856c19945054f4365b37099,03fe6d67ef50411ea65ef0e0313bfe7617fd400a65a8d0f46ca4db82e5162b49,False
figure1_1500_3000,242,58,43073,-0.7135035512876003,2.8440809303674857,2.9265096750090915,0.44214876033057854,0.7933884297520661,0.9214876033057852,9.42379762621796,unavailable: saved per-pass bin means/covariances are absent,original_n2000,original,2k,2000,1895,Attentive CNP,m1,matched_neural,2,103,500,20260909-phase2-b2000-m1-seed2-final-ctx-s103-n500-drop10100-mc50,49489a00a7dd3e11fa53076d219da8185f4dfedcd856c19945054f4365b37099,03fe6d67ef50411ea65ef0e0313bfe7617fd400a65a8d0f46ca4db82e5162b49,False
full_500_3000,442,58,114299,-0.4551683617472764,3.6856619773791377,3.7095214221766075,0.43665158371040724,0.7737556561085973,0.9004524886877828,8.450284101648322,unavailable: saved per-pass bin means/covariances are absent,original_n2000,original,2k,2000,1895,Attentive CNP,m1,matched_neural,2,104,500,20260909-phase2-b2000-m1-seed2-final-ctx-s104-n500-drop10100-mc50,988d758dd13d4d5f6232fce1b390a5d2e11153048a82ce949239c64c24966737,0acd7d14c1bc416de947efb2b5acb2cad8244e0590e30dd4402de0d2500f7bf4,False
figure1_1500_3000,242,58,43073,-0.7209586697747475,2.8424171320840808,2.926726989973445,0.4380165289256198,0.7933884297520661,0.9214876033057852,9.42379762621796,unavailable: saved per-pass bin means/covariances are absent,original_n2000,original,2k,2000,1895,Attentive CNP,m1,matched_neural,2,104,500,20260909-phase2-b2000-m1-seed2-final-ctx-s104-n500-drop10100-mc50,988d758dd13d4d5f6232fce1b390a5d2e11153048a82ce949239c64c24966737,0acd7d14c1bc416de947efb2b5acb2cad8244e0590e30dd4402de0d2500f7bf4,False
full_500_3000,442,58,114299,-0.46171254134320117,3.6866607851078954,3.7113200196510023,0.43891402714932126,0.7737556561085973,0.9004524886877828,8.450284101648322,unavailable: saved per-pass bin means/covariances are absent,original_n2000,original,2k,2000,1895,Attentive CNP,m1,matched_neural,2,105,500,20260909-phase2-b2000-m1-seed2-final-ctx-s105-n500-drop10100-mc50,9b63bcd850832b92e87c1a5e66dfa8abf6348831464dee36b27057a96a73697a,e6f149fdb4d27c3378bc64e3ec32d0376a7c36ec1e9f666f57cf74ac62d8a4c5,False
figure1_1500_3000,242,58,43073,-0.7300664593911332,2.8452616705831613,2.931733015152398,0.44214876033057854,0.7933884297520661,0.9214876033057852,9.42379762621796,unavailable: saved per-pass bin means/covariances are absent,original_n2000,original,2k,2000,1895,Attentive CNP,m1,matched_neural,2,105,500,20260909-phase2-b2000-m1-seed2-final-ctx-s105-n500-drop10100-mc50,9b63bcd850832b92e87c1a5e66dfa8abf6348831464dee36b27057a96a73697a,e6f149fdb4d27c3378bc64e3ec32d0376a7c36ec1e9f666f57cf74ac62d8a4c5,False
full_500_3000,442,58,114299,-0.4669009986415599,3.683903374491838,3.7092366693511543,0.43665158371040724,0.7760180995475113,0.9004524886877828,8.450284101648322,unavailable: saved per-pass bin means/covariances are absent,original_n2000,original,2k,2000,1895,Attentive CNP,m1,matched_neural,2,106,500,20260909-phase2-b2000-m1-seed2-final-ctx-s106-n500-drop10100-mc50,0d1ae7e3d334e0f1891af1ebc6d115b789c073477ad7927314fc0b2ec5b8e707,aef200f80e7a6b7b9929a5603fd8b8908d301f4415eb4521e1f33a8a83ec705d,False
figure1_1500_3000,242,58,43073,-0.7348052666672031,2.841485162096245,2.9292683238738357,0.4380165289256198,0.7975206611570248,0.9214876033057852,9.42379762621796,unavailable: saved per-pass bin means/covariances are absent,original_n2000,original,2k,2000,1895,Attentive CNP,m1,matched_neural,2,106,500,20260909-phase2-b2000-m1-seed2-final-ctx-s106-n500-drop10100-mc50,0d1ae7e3d334e0f1891af1ebc6d115b789c073477ad7927314fc0b2ec5b8e707,aef200f80e7a6b7b9929a5603fd8b8908d301f4415eb4521e1f33a8a83ec705d,False
full_500_3000,442,58,114299,-0.45410290445312784,3.6866545523984406,3.7103748346361862,0.43665158371040724,0.7737556561085973,0.9004524886877828,8.450284101648322,unavailable: saved per-pass bin means/covariances are absent,original_n2000,original,2k,2000,1895,Attentive CNP,m1,matched_neural,2,107,500,20260909-phase2-b2000-m1-seed2-final-ctx-s107-n500-drop10100-mc50,074ffd00454289dff0d3c8ceec4c649441c1f1224d3a668f71eed57b24df13ab,8d3fe0a6b280f9a62aa6f51e21a0e26f47650231777c8032cbf81c5b212ffae3,False
figure1_1500_3000,242,58,43073,-0.7201883254764044,2.843468679567142,2.9275544344824627,0.4380165289256198,0.7933884297520661,0.9214876033057852,9.42379762621796,unavailable: saved per-pass bin means/covariances are absent,original_n2000,original,2k,2000,1895,Attentive CNP,m1,matched_neural,2,107,500,20260909-phase2-b2000-m1-seed2-final-ctx-s107-n500-drop10100-mc50,074ffd00454289dff0d3c8ceec4c649441c1f1224d3a668f71eed57b24df13ab,8d3fe0a6b280f9a62aa6f51e21a0e26f47650231777c8032cbf81c5b212ffae3,False
full_500_3000,442,58,114299,-0.4487352217126017,3.686145365529083,3.709216847998909,0.4343891402714932,0.7737556561085973,0.9004524886877828,8.450284101648322,unavailable: saved per-pass bin means/covariances are absent,original_n2000,original,2k,2000,1895,Attentive CNP,m1,matched_neural,2,108,500,20260909-phase2-b2000-m1-seed2-final-ctx-s108-n500-drop10100-mc50,2f50686265317ea6f6e94095bb028a85d8fe2e2c95e1448e088735ee9ad7b76d,927384ab821247cd464518d07cafd5fa7051c41bdbcb3913fec326918e1b855b,False
figure1_1500_3000,242,58,43073,-0.7126202740849361,2.8403192624913727,2.922653716819993,0.4380165289256198,0.7933884297520661,0.9214876033057852,9.42379762621796,unavailable: saved per-pass bin means/covariances are absent,original_n2000,original,2k,2000,1895,Attentive CNP,m1,matched_neural,2,108,500,20260909-phase2-b2000-m1-seed2-final-ctx-s108-n500-drop10100-mc50,2f50686265317ea6f6e94095bb028a85d8fe2e2c95e1448e088735ee9ad7b76d,927384ab821247cd464518d07cafd5fa7051c41bdbcb3913fec326918e1b855b,False
full_500_3000,442,58,114299,-0.47439883987435966,3.6824407090376474,3.708738905029082,0.4343891402714932,0.7782805429864253,0.9027149321266968,8.450284101648322,unavailable: saved per-pass bin means/covariances are absent,original_n2000,original,2k,2000,1895,Attentive CNP,m1,matched_neural,2,109,500,20260909-phase2-b2000-m1-seed2-final-ctx-s109-n500-drop10100-mc50,6e8f6cc22765f5e7b65870a885e4160c5e869aa0a9bef8a5ccbf408bfce9c67c,9368233002ecceef6ff7641a00c7ea1a793c7c83efc8c965a6816e468b7f87af,False
figure1_1500_3000,242,58,43073,-0.7439146405117895,2.8410011141148543,2.931099434646409,0.43388429752066116,0.7975206611570248,0.9214876033057852,9.42379762621796,unavailable: saved per-pass bin means/covariances are absent,original_n2000,original,2k,2000,1895,Attentive CNP,m1,matched_neural,2,109,500,20260909-phase2-b2000-m1-seed2-final-ctx-s109-n500-drop10100-mc50,6e8f6cc22765f5e7b65870a885e4160c5e869aa0a9bef8a5ccbf408bfce9c67c,9368233002ecceef6ff7641a00c7ea1a793c7c83efc8c965a6816e468b7f87af,False
full_500_3000,442,58,114299,0.5508509634068678,5.409992117500642,5.431872077603767,0.16515837104072398,0.2850678733031674,0.4004524886877828,8.450284101648322,unavailable: saved per-pass bin means/covariances are absent,original_n2000,original,2k,2000,1895,Attentive CNP + PE,m2,matched_neural,0,100,500,20260909-phase2-b2000-m2-seed0-final-ctx-s100-n500-drop10100-mc50,1f00139ca228fd8dba9af9a1601de917e1f1eab14853f9d72bce16320d1f126d,7608b25b4213e210227675feca06943f8c69f3508468c6183d9e32ed24889ff0,False
figure1_1500_3000,242,58,43073,-0.13760734117594625,5.18882291500504,5.17991923756979,0.18181818181818182,0.30578512396694213,0.4256198347107438,9.42379762621796,unavailable: saved per-pass bin means/covariances are absent,original_n2000,original,2k,2000,1895,Attentive CNP + PE,m2,matched_neural,0,100,500,20260909-phase2-b2000-m2-seed0-final-ctx-s100-n500-drop10100-mc50,1f00139ca228fd8dba9af9a1601de917e1f1eab14853f9d72bce16320d1f126d,7608b25b4213e210227675feca06943f8c69f3508468c6183d9e32ed24889ff0,False
full_500_3000,442,58,114299,0.4274268852991996,5.4759620638625375,5.48643894297572,0.16063348416289594,0.2828054298642534,0.39819004524886875,8.450284101648322,unavailable: saved per-pass bin means/covariances are absent,original_n2000,original,2k,2000,1895,Attentive CNP + PE,m2,matched_neural,0,101,500,20260909-phase2-b2000-m2-seed0-final-ctx-s101-n500-drop10100-mc50,89da7f9a12337941156fdc4ee21a68b89b04e20992b3a7fd387b02955a437c80,a89eba9bfdd4677993d8e737f2040df8fae37dccef230373fb0b557a39a65c45,False
figure1_1500_3000,242,58,43073,-0.26523222297699484,5.245298174153178,5.241164980542908,0.16942148760330578,0.2975206611570248,0.4297520661157025,9.42379762621796,unavailable: saved per-pass bin means/covariances are absent,original_n2000,original,2k,2000,1895,Attentive CNP + PE,m2,matched_neural,0,101,500,20260909-phase2-b2000-m2-seed0-final-ctx-s101-n500-drop10100-mc50,89da7f9a12337941156fdc4ee21a68b89b04e20992b3a7fd387b02955a437c80,a89eba9bfdd4677993d8e737f2040df8fae37dccef230373fb0b557a39a65c45,False
full_500_3000,442,58,114299,0.3332660991680399,5.501119031980739,5.504989566820535,0.16289592760180996,0.27828054298642535,0.3733031674208145,8.450284101648322,unavailable: saved per-pass bin means/covariances are absent,original_n2000,original,2k,2000,1895,Attentive CNP + PE,m2,matched_neural,0,102,500,20260909-phase2-b2000-m2-seed0-final-ctx-s102-n500-drop10100-mc50,6a5397ae080fe3d8e24b4819461bd597ee68de7b845abbcb0a77653d109fb47f,f15391b9fa2e06cd95f935c4bc4913dac868c8dc61434dff5fa1369ba8ff3c65,False
figure1_1500_3000,242,58,43073,-0.2910725050488791,5.267569267994876,5.264727057477562,0.17768595041322313,0.30165289256198347,0.3925619834710744,9.42379762621796,unavailable: saved per-pass bin means/covariances are absent,original_n2000,original,2k,2000,1895,Attentive CNP + PE,m2,matched_neural,0,102,500,20260909-phase2-b2000-m2-seed0-final-ctx-s102-n500-drop10100-mc50,6a5397ae080fe3d8e24b4819461bd597ee68de7b845abbcb0a77653d109fb47f,f15391b9fa2e06cd95f935c4bc4913dac868c8dc61434dff5fa1369ba8ff3c65,False
full_500_3000,442,58,114299,-0.5915659154466097,5.507146865839993,5.53263047216104,0.13800904977375567,0.2692307692307692,0.38461538461538464,8.450284101648322,unavailable: saved per-pass bin means/covariances are absent,original_n2000,original,2k,2000,1895,Attentive CNP + PE,m2,matched_neural,0,103,500,20260909-phase2-b2000-m2-seed0-final-ctx-s103-n500-drop10100-mc50,5aec36bd83f59954f83ab33cab7891102d79c87f8714229f27a4d2887f9afea1,26b254691d2b7a95bc0a3ba3648470e2400b10844505982790b071df4deb5dbe,False
figure1_1500_3000,242,58,43073,-1.2874555252292352,5.163094141292865,5.310831169669641,0.14049586776859505,0.30165289256198347,0.4297520661157025,9.42379762621796,unavailable: saved per-pass bin means/covariances are absent,original_n2000,original,2k,2000,1895,Attentive CNP + PE,m2,matched_neural,0,103,500,20260909-phase2-b2000-m2-seed0-final-ctx-s103-n500-drop10100-mc50,5aec36bd83f59954f83ab33cab7891102d79c87f8714229f27a4d2887f9afea1,26b254691d2b7a95bc0a3ba3648470e2400b10844505982790b071df4deb5dbe,False
full_500_3000,442,58,114299,0.12499975650531163,5.418471358553752,5.41378165828902,0.1583710407239819,0.28054298642533937,0.38687782805429866,8.450284101648322,unavailable: saved per-pass bin means/covariances are absent,original_n2000,original,2k,2000,1895,Attentive CNP + PE,m2,matched_neural,0,104,500,20260909-phase2-b2000-m2-seed0-final-ctx-s104-n500-drop10100-mc50,0bb7b88bdf43573e02f284d0c4dd5f07a198bf922adb8e18475c1de7e668b386,fbbc7c7900bde38a7c935f89a5af0f081252af504cfa17e847000987a0c967db,False
figure1_1500_3000,242,58,43073,-0.5191936219260709,5.151957291642752,5.167450582490027,0.17768595041322313,0.2975206611570248,0.4132231404958678,9.42379762621796,unavailable: saved per-pass bin means/covariances are absent,original_n2000,original,2k,2000,1895,Attentive CNP + PE,m2,matched_neural,0,104,500,20260909-phase2-b2000-m2-seed0-final-ctx-s104-n500-drop10100-mc50,0bb7b88bdf43573e02f284d0c4dd5f07a198bf922adb8e18475c1de7e668b386,fbbc7c7900bde38a7c935f89a5af0f081252af504cfa17e847000987a0c967db,False
full_500_3000,442,58,114299,-0.5002577187117706,5.469342381790132,5.486008185037755,0.1583710407239819,0.27828054298642535,0.39592760180995473,8.450284101648322,unavailable: saved per-pass bin means/covariances are absent,original_n2000,original,2k,2000,1895,Attentive CNP + PE,m2,matched_neural,0,105,500,20260909-phase2-b2000-m2-seed0-final-ctx-s105-n500-drop10100-mc50,87a2648a8681dac7133f063569f46166892476e34cf17b1c34c77fe2a0450449,5433b66185a9316e7e6a874487903ed4afda496e7a3a599a3f897e72310316d1,False
figure1_1500_3000,242,58,43073,-1.2902887569253803,5.167608901244383,5.31588929286262,0.15702479338842976,0.30991735537190085,0.4380165289256198,9.42379762621796,unavailable: saved per-pass bin means/covariances are absent,original_n2000,original,2k,2000,1895,Attentive CNP + PE,m2,matched_neural,0,105,500,20260909-phase2-b2000-m2-seed0-final-ctx-s105-n500-drop10100-mc50,87a2648a8681dac7133f063569f46166892476e34cf17b1c34c77fe2a0450449,5433b66185a9316e7e6a874487903ed4afda496e7a3a599a3f897e72310316d1,False
full_500_3000,442,58,114299,0.177971975316339,5.466429479145071,5.463141886877919,0.16063348416289594,0.27149321266968324,0.3891402714932127,8.450284101648322,unavailable: saved per-pass bin means/covariances are absent,original_n2000,original,2k,2000,1895,Attentive CNP + PE,m2,matched_neural,0,106,500,20260909-phase2-b2000-m2-seed0-final-ctx-s106-n500-drop10100-mc50,0e4f5c6b600883ea19695bc786889d985a924bd436fa7c5f796e902271257335,2893598fb3007383806146a4056fdf91db4a613503ef7a0ba1f5d91409ebb219,False
figure1_1500_3000,242,58,43073,-0.4690100708850618,5.2067348549683965,5.217090486097558,0.1859504132231405,0.2892561983471074,0.4090909090909091,9.42379762621796,unavailable: saved per-pass bin means/covariances are absent,original_n2000,original,2k,2000,1895,Attentive CNP + PE,m2,matched_neural,0,106,500,20260909-phase2-b2000-m2-seed0-final-ctx-s106-n500-drop10100-mc50,0e4f5c6b600883ea19695bc786889d985a924bd436fa7c5f796e902271257335,2893598fb3007383806146a4056fdf91db4a613503ef7a0ba1f5d91409ebb219,False
full_500_3000,442,58,114299,-0.39258248457804057,5.569566686096879,5.577097176603953,0.15384615384615385,0.27149321266968324,0.3778280542986425,8.450284101648322,unavailable: saved per-pass bin means/covariances are absent,original_n2000,original,2k,2000,1895,Attentive CNP + PE,m2,matched_neural,0,107,500,20260909-phase2-b2000-m2-seed0-final-ctx-s107-n500-drop10100-mc50,3d14ec3d70a3c8e315c0807ab01d590cb0a0c6081179e9e6474ebac4c086f7a3,b3bef26c0d5212028e609cb6993667ba16b68899eb03a93c05284966ceef53c9,False
figure1_1500_3000,242,58,43073,-1.0894234111490595,5.239476450072459,5.340928604110595,0.1446280991735537,0.30165289256198347,0.4214876033057851,9.42379762621796,unavailable: saved per-pass bin means/covariances are absent,original_n2000,original,2k,2000,1895,Attentive CNP + PE,m2,matched_neural,0,107,500,20260909-phase2-b2000-m2-seed0-final-ctx-s107-n500-drop10100-mc50,3d14ec3d70a3c8e315c0807ab01d590cb0a0c6081179e9e6474ebac4c086f7a3,b3bef26c0d5212028e609cb6993667ba16b68899eb03a93c05284966ceef53c9,False
full_500_3000,442,58,114299,-0.02250910310225666,5.51155250094086,5.505360197906847,0.15610859728506787,0.27601809954751133,0.38461538461538464,8.450284101648322,unavailable: saved per-pass bin means/covariances are absent,original_n2000,original,2k,2000,1895,Attentive CNP + PE,m2,matched_neural,0,108,500,20260909-phase2-b2000-m2-seed0-final-ctx-s108-n500-drop10100-mc50,59d21209fa0fee912e50cb5b400f41ae6bba865d3d14520254960d7d39eea2ce,574714de8e3f1d91666a4ea340c18070056a4d6880ebf61c55ab9127072bfdba,False
figure1_1500_3000,242,58,43073,-0.6710701076144471,5.235274499526216,5.267369131448096,0.17355371900826447,0.28512396694214875,0.4214876033057851,9.42379762621796,unavailable: saved per-pass bin means/covariances are absent,original_n2000,original,2k,2000,1895,Attentive CNP + PE,m2,matched_neural,0,108,500,20260909-phase2-b2000-m2-seed0-final-ctx-s108-n500-drop10100-mc50,59d21209fa0fee912e50cb5b400f41ae6bba865d3d14520254960d7d39eea2ce,574714de8e3f1d91666a4ea340c18070056a4d6880ebf61c55ab9127072bfdba,False
full_500_3000,442,58,114299,0.18862160949592327,5.452941133834755,5.450034159947741,0.15384615384615385,0.27828054298642535,0.38687782805429866,8.450284101648322,unavailable: saved per-pass bin means/covariances are absent,original_n2000,original,2k,2000,1895,Attentive CNP + PE,m2,matched_neural,0,109,500,20260909-phase2-b2000-m2-seed0-final-ctx-s109-n500-drop10100-mc50,d0d0b68d53e4931a270605de8b1aaeccfb419142276cc84565a4c316568561a8,ef5a235788e12e58688d9843025944931dd4bfeef1880bfcffb09a40692c7199,False
figure1_1500_3000,242,58,43073,-0.5327026664173865,5.218190107660585,5.2345736695930745,0.16942148760330578,0.29338842975206614,0.4090909090909091,9.42379762621796,unavailable: saved per-pass bin means/covariances are absent,original_n2000,original,2k,2000,1895,Attentive CNP + PE,m2,matched_neural,0,109,500,20260909-phase2-b2000-m2-seed0-final-ctx-s109-n500-drop10100-mc50,d0d0b68d53e4931a270605de8b1aaeccfb419142276cc84565a4c316568561a8,ef5a235788e12e58688d9843025944931dd4bfeef1880bfcffb09a40692c7199,False
full_500_3000,442,58,114299,1.7301473989249714,5.080872995634519,5.3619282754098565,0.12669683257918551,0.2873303167420814,0.40497737556561086,8.450284101648322,unavailable: saved per-pass bin means/covariances are absent,original_n2000,original,2k,2000,1895,Attentive CNP + PE,m2,matched_neural,1,100,500,20260909-phase2-b2000-m2-seed1-final-ctx-s100-n500-drop10100-mc50,e6f791b6f083f6835fe7910ac4af596438345da1b4737986c4da3534d860bf17,2d5f24cdd64ced96483db9b4e6f39a08fa0f284c651ad2b2984b2f877ba42a2f,False
figure1_1500_3000,242,58,43073,1.348098029049012,4.937994552788293,5.108854963261573,0.1446280991735537,0.32231404958677684,0.45867768595041325,9.42379762621796,unavailable: saved per-pass bin means/covariances are absent,original_n2000,original,2k,2000,1895,Attentive CNP + PE,m2,matched_neural,1,100,500,20260909-phase2-b2000-m2-seed1-final-ctx-s100-n500-drop10100-mc50,e6f791b6f083f6835fe7910ac4af596438345da1b4737986c4da3534d860bf17,2d5f24cdd64ced96483db9b4e6f39a08fa0f284c651ad2b2984b2f877ba42a2f,False
full_500_3000,442,58,114299,1.3727945519334683,5.350437910623202,5.517878517010342,0.14705882352941177,0.2579185520361991,0.39592760180995473,8.450284101648322,unavailable: saved per-pass bin means/covariances are absent,original_n2000,original,2k,2000,1895,Attentive CNP + PE,m2,matched_neural,1,101,500,20260909-phase2-b2000-m2-seed1-final-ctx-s101-n500-drop10100-mc50,e2dec4bd2160cf4cbf0b9afc5a6a932454b5ca7f3ed19b4c5947fd88a77c4f16,47e1c93f8028ed74d4528cf0f545d13132a9a84437a222c98e0df87869a5c756,False
figure1_1500_3000,242,58,43073,1.0862490538016365,5.207329222209978,5.308875954603284,0.17768595041322313,0.2975206611570248,0.4462809917355372,9.42379762621796,unavailable: saved per-pass bin means/covariances are absent,original_n2000,original,2k,2000,1895,Attentive CNP + PE,m2,matched_neural,1,101,500,20260909-phase2-b2000-m2-seed1-final-ctx-s101-n500-drop10100-mc50,e2dec4bd2160cf4cbf0b9afc5a6a932454b5ca7f3ed19b4c5947fd88a77c4f16,47e1c93f8028ed74d4528cf0f545d13132a9a84437a222c98e0df87869a5c756,False
full_500_3000,442,58,114299,1.0428303001876866,5.325836766950589,5.421057013346379,0.13800904977375567,0.2647058823529412,0.39592760180995473,8.450284101648322,unavailable: saved per-pass bin means/covariances are absent,original_n2000,original,2k,2000,1895,Attentive CNP + PE,m2,matched_neural,1,102,500,20260909-phase2-b2000-m2-seed1-final-ctx-s102-n500-drop10100-mc50,f52397c65ae8c493012e2408e0d7155b01157d20c7281f4bbbff43b0627310d8,955183b72ca8b4206d94c18631ca8ac0cec59b597483a178d76f850b11456928,False
figure1_1500_3000,242,58,43073,0.8186772730348096,5.168776801435378,5.2226514681908665,0.16115702479338842,0.30578512396694213,0.43388429752066116,9.42379762621796,unavailable: saved per-pass bin means/covariances are absent,original_n2000,original,2k,2000,1895,Attentive CNP + PE,m2,matched_neural,1,102,500,20260909-phase2-b2000-m2-seed1-final-ctx-s102-n500-drop10100-mc50,f52397c65ae8c493012e2408e0d7155b01157d20c7281f4bbbff43b0627310d8,955183b72ca8b4206d94c18631ca8ac0cec59b597483a178d76f850b11456928,False
full_500_3000,442,58,114299,0.6983960157935758,5.232765832392183,5.27329549629245,0.13800904977375567,0.27601809954751133,0.40497737556561086,8.450284101648322,unavailable: saved per-pass bin means/covariances are absent,original_n2000,original,2k,2000,1895,Attentive CNP + PE,m2,matched_neural,1,103,500,20260909-phase2-b2000-m2-seed1-final-ctx-s103-n500-drop10100-mc50,99e7807e8f1bd00ed4faf46efd60cbcd8610e6b1ee0c6c186b9b864b4939ef6d,92688ea646379efbc6336b3cd09d2e17630376b287092049b3869375e190a449,False
figure1_1500_3000,242,58,43073,0.495154269281282,5.012496234177456,5.026576712268637,0.1446280991735537,0.3140495867768595,0.4380165289256198,9.42379762621796,unavailable: saved per-pass bin means/covariances are absent,original_n2000,original,2k,2000,1895,Attentive CNP + PE,m2,matched_neural,1,103,500,20260909-phase2-b2000-m2-seed1-final-ctx-s103-n500-drop10100-mc50,99e7807e8f1bd00ed4faf46efd60cbcd8610e6b1ee0c6c186b9b864b4939ef6d,92688ea646379efbc6336b3cd09d2e17630376b287092049b3869375e190a449,False
full_500_3000,442,58,114299,1.3323765007141304,5.1170932667591575,5.28210463409034,0.13800904977375567,0.2986425339366516,0.416289592760181,8.450284101648322,unavailable: saved per-pass bin means/covariances are absent,original_n2000,original,2k,2000,1895,Attentive CNP + PE,m2,matched_neural,1,104,500,20260909-phase2-b2000-m2-seed1-final-ctx-s104-n500-drop10100-mc50,ead9f0a253297b6f5a02872c0321e28f4af89e7de56cf9bc18ad8a13e7f459ea,b01c78afcfc461cab8fb072f73643874bd98bfd924e73934a4982f37b3b54845,False
figure1_1500_3000,242,58,43073,1.0904096273215746,4.941640826570853,5.050534515437974,0.16115702479338842,0.3305785123966942,0.4380165289256198,9.42379762621796,unavailable: saved per-pass bin means/covariances are absent,original_n2000,original,2k,2000,1895,Attentive CNP + PE,m2,matched_neural,1,104,500,20260909-phase2-b2000-m2-seed1-final-ctx-s104-n500-drop10100-mc50,ead9f0a253297b6f5a02872c0321e28f4af89e7de56cf9bc18ad8a13e7f459ea,b01c78afcfc461cab8fb072f73643874bd98bfd924e73934a4982f37b3b54845,False
full_500_3000,442,58,114299,0.67248839630672,5.186194995355454,5.223792405417285,0.14479638009049775,0.28054298642533937,0.416289592760181,8.450284101648322,unavailable: saved per-pass bin means/covariances are absent,original_n2000,original,2k,2000,1895,Attentive CNP + PE,m2,matched_neural,1,105,500,20260909-phase2-b2000-m2-seed1-final-ctx-s105-n500-drop10100-mc50,4a5a7ca4132820a5a3d99629c099a15a68aa1e200ab55b396ac0cfee40d70955,b3223b86c54ac2e5d1798c807fb02ccc11378f60a81043b12c65563eb8c2a242,False
figure1_1500_3000,242,58,43073,0.4033670230557214,4.975639422574287,4.9817056332996055,0.1652892561983471,0.32231404958677684,0.4462809917355372,9.42379762621796,unavailable: saved per-pass bin means/covariances are absent,original_n2000,original,2k,2000,1895,Attentive CNP + PE,m2,matched_neural,1,105,500,20260909-phase2-b2000-m2-seed1-final-ctx-s105-n500-drop10100-mc50,4a5a7ca4132820a5a3d99629c099a15a68aa1e200ab55b396ac0cfee40d70955,b3223b86c54ac2e5d1798c807fb02ccc11378f60a81043b12c65563eb8c2a242,False
full_500_3000,442,58,114299,1.151883335667306,5.261463384759084,5.380260305350611,0.14479638009049775,0.27601809954751133,0.40497737556561086,8.450284101648322,unavailable: saved per-pass bin means/covariances are absent,original_n2000,original,2k,2000,1895,Attentive CNP + PE,m2,matched_neural,1,106,500,20260909-phase2-b2000-m2-seed1-final-ctx-s106-n500-drop10100-mc50,c676a05d1e1552f76b4666a44965a200551f0a907b8e5ba2f94c59c46dfce185,115dc8d1092a87afc3bb8f6b8b6f7c47d2a74155871c0606bb4ccdff0af41a67,False
figure1_1500_3000,242,58,43073,0.9376620092185238,5.092077582301806,5.16733185208729,0.15702479338842976,0.32231404958677684,0.45454545454545453,9.42379762621796,unavailable: saved per-pass bin means/covariances are absent,original_n2000,original,2k,2000,1895,Attentive CNP + PE,m2,matched_neural,1,106,500,20260909-phase2-b2000-m2-seed1-final-ctx-s106-n500-drop10100-mc50,c676a05d1e1552f76b4666a44965a200551f0a907b8e5ba2f94c59c46dfce185,115dc8d1092a87afc3bb8f6b8b6f7c47d2a74155871c0606bb4ccdff0af41a67,False
full_500_3000,442,58,114299,0.09637100595793542,5.461983534124982,5.456652400983238,0.14027149321266968,0.27601809954751133,0.3778280542986425,8.450284101648322,unavailable: saved per-pass bin means/covariances are absent,original_n2000,original,2k,2000,1895,Attentive CNP + PE,m2,matched_neural,1,107,500,20260909-phase2-b2000-m2-seed1-final-ctx-s107-n500-drop10100-mc50,cd172bd55205d559ef59aeb84959ac3729509e780bb0cfa12657d01fa6bb422d,118860387031fd69f4553f720a73084b5b8355a38f99ef19067071eb11f5144e,False
figure1_1500_3000,242,58,43073,-0.1415408225855467,5.196052963093936,5.187237629306708,0.17355371900826447,0.3181818181818182,0.4214876033057851,9.42379762621796,unavailable: saved per-pass bin means/covariances are absent,original_n2000,original,2k,2000,1895,Attentive CNP + PE,m2,matched_neural,1,107,500,20260909-phase2-b2000-m2-seed1-final-ctx-s107-n500-drop10100-mc50,cd172bd55205d559ef59aeb84959ac3729509e780bb0cfa12657d01fa6bb422d,118860387031fd69f4553f720a73084b5b8355a38f99ef19067071eb11f5144e,False
full_500_3000,442,58,114299,0.7029301636544577,5.363295332848127,5.403144325273014,0.1425339366515837,0.27149321266968324,0.3755656108597285,8.450284101648322,unavailable: saved per-pass bin means/covariances are absent,original_n2000,original,2k,2000,1895,Attentive CNP + PE,m2,matched_neural,1,108,500,20260909-phase2-b2000-m2-seed1-final-ctx-s108-n500-drop10100-mc50,94b4c9cd30ce5923c5e4080ab552214d7b740657be314e630aadf7e6542aa2f5,dd44e2055a5740284e1f9820832db449769a37d98429201721aa3380066e8956,False
figure1_1500_3000,242,58,43073,0.45428411715312955,5.1803245941981295,5.18953228895582,0.16115702479338842,0.30578512396694213,0.4049586776859504,9.42379762621796,unavailable: saved per-pass bin means/covariances are absent,original_n2000,original,2k,2000,1895,Attentive CNP + PE,m2,matched_neural,1,108,500,20260909-phase2-b2000-m2-seed1-final-ctx-s108-n500-drop10100-mc50,94b4c9cd30ce5923c5e4080ab552214d7b740657be314e630aadf7e6542aa2f5,dd44e2055a5740284e1f9820832db449769a37d98429201721aa3380066e8956,False
full_500_3000,442,58,114299,1.0490563145497283,5.334553296545843,5.430800551821788,0.14479638009049775,0.26018099547511314,0.38235294117647056,8.450284101648322,unavailable: saved per-pass bin means/covariances are absent,original_n2000,original,2k,2000,1895,Attentive CNP + PE,m2,matched_neural,1,109,500,20260909-phase2-b2000-m2-seed1-final-ctx-s109-n500-drop10100-mc50,010b6a18500cf1651f76472d7c5a8dca78772f85ae5d989ea13924c45877ea95,bcdda786c555d50e77c8ca7bb8ce7908d0005036bf24615fc8752f36fd4f1802,False
figure1_1500_3000,242,58,43073,0.710777417702333,5.183249506798549,5.2211361930658,0.1859504132231405,0.30578512396694213,0.4214876033057851,9.42379762621796,unavailable: saved per-pass bin means/covariances are absent,original_n2000,original,2k,2000,1895,Attentive CNP + PE,m2,matched_neural,1,109,500,20260909-phase2-b2000-m2-seed1-final-ctx-s109-n500-drop10100-mc50,010b6a18500cf1651f76472d7c5a8dca78772f85ae5d989ea13924c45877ea95,bcdda786c555d50e77c8ca7bb8ce7908d0005036bf24615fc8752f36fd4f1802,False
full_500_3000,442,58,114299,0.7991075580049504,5.35471501936356,5.408019494080919,0.14705882352941177,0.2647058823529412,0.3914027149321267,8.450284101648322,unavailable: saved per-pass bin means/covariances are absent,original_n2000,original,2k,2000,1895,Attentive CNP + PE,m2,matched_neural,2,100,500,20260909-phase2-b2000-m2-seed2-final-ctx-s100-n500-drop10100-mc50,d9e6e99182fcbef3f7c3341f5b1ff0153d9e6175ffc53110a065f1c4a8651256,b676cc1a994e428dc809bd22f6057e9b702b9d31f21270978395e58d5b09d274,False
figure1_1500_3000,242,58,43073,-0.014797080748934406,5.11721107995166,5.10664882303424,0.18181818181818182,0.30578512396694213,0.4256198347107438,9.42379762621796,unavailable: saved per-pass bin means/covariances are absent,original_n2000,original,2k,2000,1895,Attentive CNP + PE,m2,matched_neural,2,100,500,20260909-phase2-b2000-m2-seed2-final-ctx-s100-n500-drop10100-mc50,d9e6e99182fcbef3f7c3341f5b1ff0153d9e6175ffc53110a065f1c4a8651256,b676cc1a994e428dc809bd22f6057e9b702b9d31f21270978395e58d5b09d274,False
full_500_3000,442,58,114299,0.7966196275862867,5.556406620978862,5.606996296732273,0.14705882352941177,0.2669683257918552,0.3755656108597285,8.450284101648322,unavailable: saved per-pass bin means/covariances are absent,original_n2000,original,2k,2000,1895,Attentive CNP + PE,m2,matched_neural,2,101,500,20260909-phase2-b2000-m2-seed2-final-ctx-s101-n500-drop10100-mc50,e05a06ecc839ddd1a3afde7f90465908bc52e2cfb21f502aa171a7422d461584,b3e391fc2379d57e22597e4e13264a7e2dfae53a5ce842e31283a9489b184c28,False
figure1_1500_3000,242,58,43073,-0.05309305835688085,5.340562525698595,5.329781335014479,0.17768595041322313,0.3140495867768595,0.4214876033057851,9.42379762621796,unavailable: saved per-pass bin means/covariances are absent,original_n2000,original,2k,2000,1895,Attentive CNP + PE,m2,matched_neural,2,101,500,20260909-phase2-b2000-m2-seed2-final-ctx-s101-n500-drop10100-mc50,e05a06ecc839ddd1a3afde7f90465908bc52e2cfb21f502aa171a7422d461584,b3e391fc2379d57e22597e4e13264a7e2dfae53a5ce842e31283a9489b184c28,False
full_500_3000,442,58,114299,0.6091630302500548,5.438130345822369,5.46602537716134,0.15384615384615385,0.27149321266968324,0.3936651583710407,8.450284101648322,unavailable: saved per-pass bin means/covariances are absent,original_n2000,original,2k,2000,1895,Attentive CNP + PE,m2,matched_neural,2,102,500,20260909-phase2-b2000-m2-seed2-final-ctx-s102-n500-drop10100-mc50,cda4cd6a32f8e4d1dc741b2fa2fbcaba181b8ec85eab779ce979695beb259ec3,85dcfae79dce7a763614d68b708efc68d52dc508cbbf523d9828dc29b6940774,False
figure1_1500_3000,242,58,43073,-0.19013235695347627,5.203793371754356,5.196510093465501,0.1859504132231405,0.3140495867768595,0.4256198347107438,9.42379762621796,unavailable: saved per-pass bin means/covariances are absent,original_n2000,original,2k,2000,1895,Attentive CNP + PE,m2,matched_neural,2,102,500,20260909-phase2-b2000-m2-seed2-final-ctx-s102-n500-drop10100-mc50,cda4cd6a32f8e4d1dc741b2fa2fbcaba181b8ec85eab779ce979695beb259ec3,85dcfae79dce7a763614d68b708efc68d52dc508cbbf523d9828dc29b6940774,False
full_500_3000,442,58,114299,-0.13484730065672443,5.376378392796198,5.371985804475391,0.12669683257918551,0.27149321266968324,0.40497737556561086,8.450284101648322,unavailable: saved per-pass bin means/covariances are absent,original_n2000,original,2k,2000,1895,Attentive CNP + PE,m2,matched_neural,2,103,500,20260909-phase2-b2000-m2-seed2-final-ctx-s103-n500-drop10100-mc50,52d48734a01035d32881097d67b28f67ccb2144a1dfeb20aabc25a54cb905a5b,a79df14ccd78719ac696f12feb6b59a7054393c93fc34384c65396191fdc2a3f,False
figure1_1500_3000,242,58,43073,-0.8707959847051726,5.050393805338366,5.114622622271917,0.15289256198347106,0.30578512396694213,0.4380165289256198,9.42379762621796,unavailable: saved per-pass bin means/covariances are absent,original_n2000,original,2k,2000,1895,Attentive CNP + PE,m2,matched_neural,2,103,500,20260909-phase2-b2000-m2-seed2-final-ctx-s103-n500-drop10100-mc50,52d48734a01035d32881097d67b28f67ccb2144a1dfeb20aabc25a54cb905a5b,a79df14ccd78719ac696f12feb6b59a7054393c93fc34384c65396191fdc2a3f,False
full_500_3000,442,58,114299,0.23701133001080235,5.419717588836311,5.4187690111110705,0.1515837104072398,0.2828054298642534,0.4117647058823529,8.450284101648322,unavailable: saved per-pass bin means/covariances are absent,original_n2000,original,2k,2000,1895,Attentive CNP + PE,m2,matched_neural,2,104,500,20260909-phase2-b2000-m2-seed2-final-ctx-s104-n500-drop10100-mc50,0bfc56f6670d6a62468022120892bba200514f3fc65533bc6bce8acbf2436b22,894038099c6a0f3f63ca04a1a7fcbed30cc65fa77b8722499d8116b76a61485f,False
figure1_1500_3000,242,58,43073,-0.5419083670360362,5.14011245180776,5.158027143951038,0.19421487603305784,0.32231404958677684,0.44214876033057854,9.42379762621796,unavailable: saved per-pass bin means/covariances are absent,original_n2000,original,2k,2000,1895,Attentive CNP + PE,m2,matched_neural,2,104,500,20260909-phase2-b2000-m2-seed2-final-ctx-s104-n500-drop10100-mc50,0bfc56f6670d6a62468022120892bba200514f3fc65533bc6bce8acbf2436b22,894038099c6a0f3f63ca04a1a7fcbed30cc65fa77b8722499d8116b76a61485f,False
full_500_3000,442,58,114299,-0.11523963788907893,5.405386824214027,5.400498343064119,0.13574660633484162,0.2895927601809955,0.4095022624434389,8.450284101648322,unavailable: saved per-pass bin means/covariances are absent,original_n2000,original,2k,2000,1895,Attentive CNP + PE,m2,matched_neural,2,105,500,20260909-phase2-b2000-m2-seed2-final-ctx-s105-n500-drop10100-mc50,db92947b75a88900293de3e8603001a1f57b3cfbd0b61520fbe6e655120ccdf8,a28187b4fcda3fcd7a74fbcf036cd1c1a7f809125a430fd808788c5548cf4d2a,False
figure1_1500_3000,242,58,43073,-0.9566931859787828,5.111285959778839,5.189658029228851,0.14049586776859505,0.3181818181818182,0.44214876033057854,9.42379762621796,unavailable: saved per-pass bin means/covariances are absent,original_n2000,original,2k,2000,1895,Attentive CNP + PE,m2,matched_neural,2,105,500,20260909-phase2-b2000-m2-seed2-final-ctx-s105-n500-drop10100-mc50,db92947b75a88900293de3e8603001a1f57b3cfbd0b61520fbe6e655120ccdf8,a28187b4fcda3fcd7a74fbcf036cd1c1a7f809125a430fd808788c5548cf4d2a,False
full_500_3000,442,58,114299,0.2843329225429902,5.413399310389942,5.414742527925645,0.1493212669683258,0.27601809954751133,0.41402714932126694,8.450284101648322,unavailable: saved per-pass bin means/covariances are absent,original_n2000,original,2k,2000,1895,Attentive CNP + PE,m2,matched_neural,2,106,500,20260909-phase2-b2000-m2-seed2-final-ctx-s106-n500-drop10100-mc50,98b2d98452dc88f1eeee73342090cb521e56f3ec767cf05c113d7d99a0c8ca3a,453cb58dd1bf101bea36136674e26f5f10220c6fdbb63754e8d5977704c15f5c,False
figure1_1500_3000,242,58,43073,-0.513258965770617,5.142109472748471,5.157078927789593,0.1859504132231405,0.30991735537190085,0.4380165289256198,9.42379762621796,unavailable: saved per-pass bin means/covariances are absent,original_n2000,original,2k,2000,1895,Attentive CNP + PE,m2,matched_neural,2,106,500,20260909-phase2-b2000-m2-seed2-final-ctx-s106-n500-drop10100-mc50,98b2d98452dc88f1eeee73342090cb521e56f3ec767cf05c113d7d99a0c8ca3a,453cb58dd1bf101bea36136674e26f5f10220c6fdbb63754e8d5977704c15f5c,False
full_500_3000,442,58,114299,-0.13268082967838477,5.491915925862678,5.487304152750305,0.1425339366515837,0.27828054298642535,0.4117647058823529,8.450284101648322,unavailable: saved per-pass bin means/covariances are absent,original_n2000,original,2k,2000,1895,Attentive CNP + PE,m2,matched_neural,2,107,500,20260909-phase2-b2000-m2-seed2-final-ctx-s107-n500-drop10100-mc50,e8294fc609b4f4c16c369a177d04291b85188e28f2ac784d1818f9b5e2f87118,da50d17be71465ba7c30091532285219725a3b42eb89b0b985629b51ce1a018a,False
figure1_1500_3000,242,58,43073,-0.9407636300430556,5.164219680092951,5.238701933791398,0.17355371900826447,0.3181818181818182,0.4380165289256198,9.42379762621796,unavailable: saved per-pass bin means/covariances are absent,original_n2000,original,2k,2000,1895,Attentive CNP + PE,m2,matched_neural,2,107,500,20260909-phase2-b2000-m2-seed2-final-ctx-s107-n500-drop10100-mc50,e8294fc609b4f4c16c369a177d04291b85188e28f2ac784d1818f9b5e2f87118,da50d17be71465ba7c30091532285219725a3b42eb89b0b985629b51ce1a018a,False
full_500_3000,442,58,114299,0.16189949659155012,5.473599542489619,5.469800721469242,0.12895927601809956,0.28054298642533937,0.4072398190045249,8.450284101648322,unavailable: saved per-pass bin means/covariances are absent,original_n2000,original,2k,2000,1895,Attentive CNP + PE,m2,matched_neural,2,108,500,20260909-phase2-b2000-m2-seed2-final-ctx-s108-n500-drop10100-mc50,f6a31dbf0bf84bc46f40d60374de144eb491bebf816708d22b215d75ebbce21b,65926ee4fddfe6c762e6ed7f444c190de6d31aa13a9db6808e594bacd6e31fbf,False
figure1_1500_3000,242,58,43073,-0.6382814760763476,5.19734818660255,5.225725768872995,0.1446280991735537,0.2975206611570248,0.41735537190082644,9.42379762621796,unavailable: saved per-pass bin means/covariances are absent,original_n2000,original,2k,2000,1895,Attentive CNP + PE,m2,matched_neural,2,108,500,20260909-phase2-b2000-m2-seed2-final-ctx-s108-n500-drop10100-mc50,f6a31dbf0bf84bc46f40d60374de144eb491bebf816708d22b215d75ebbce21b,65926ee4fddfe6c762e6ed7f444c190de6d31aa13a9db6808e594bacd6e31fbf,False
full_500_3000,442,58,114299,0.2853456549258742,5.5014008721524545,5.502577570294098,0.1425339366515837,0.27149321266968324,0.41402714932126694,8.450284101648322,unavailable: saved per-pass bin means/covariances are absent,original_n2000,original,2k,2000,1895,Attentive CNP + PE,m2,matched_neural,2,109,500,20260909-phase2-b2000-m2-seed2-final-ctx-s109-n500-drop10100-mc50,30fea0ee97b11dcdaa77d62f2f29314a5cbf7c0d5812f6366604ec8ca877f929,3a17355fbdcc24397e4bdbcd1f7430339cfc7f7ee3a3b8d52dbb7cfb61bb1d52,False
figure1_1500_3000,242,58,43073,-0.5526242216352792,5.248731830340426,5.266947858704516,0.17355371900826447,0.3140495867768595,0.4380165289256198,9.42379762621796,unavailable: saved per-pass bin means/covariances are absent,original_n2000,original,2k,2000,1895,Attentive CNP + PE,m2,matched_neural,2,109,500,20260909-phase2-b2000-m2-seed2-final-ctx-s109-n500-drop10100-mc50,30fea0ee97b11dcdaa77d62f2f29314a5cbf7c0d5812f6366604ec8ca877f929,3a17355fbdcc24397e4bdbcd1f7430339cfc7f7ee3a3b8d52dbb7cfb61bb1d52,False
full_500_3000,442,58,114299,1.8543821154550608,4.08434104308997,4.481387403802351,0.22624434389140272,0.4479638009049774,0.6425339366515838,8.450284101648322,unavailable: saved per-pass bin means/covariances are absent,original_n2000,original,2k,2000,1895,Density-guided CNP,ours,matched_neural,0,100,500,20260909-phase2-b2000-ours-seed0-final-ctx-s100-n500-drop10100-mc50,a397881acf85a3db20efde49f9621f45fcbd4174f48f3d310cc4a470acea447e,411450ded1d4c368eabd02188091f71f4cec255ec9da4ad8ce5cde80331db2a4,False
figure1_1500_3000,242,58,43073,1.5333886742230345,4.141941888542961,4.408636091112052,0.24793388429752067,0.4793388429752066,0.640495867768595,9.42379762621796,unavailable: saved per-pass bin means/covariances are absent,original_n2000,original,2k,2000,1895,Density-guided CNP,ours,matched_neural,0,100,500,20260909-phase2-b2000-ours-seed0-final-ctx-s100-n500-drop10100-mc50,a397881acf85a3db20efde49f9621f45fcbd4174f48f3d310cc4a470acea447e,411450ded1d4c368eabd02188091f71f4cec255ec9da4ad8ce5cde80331db2a4,False
full_500_3000,442,58,114299,1.744309476780782,4.293663027033593,4.629951227500412,0.25339366515837103,0.46153846153846156,0.6334841628959276,8.450284101648322,unavailable: saved per-pass bin means/covariances are absent,original_n2000,original,2k,2000,1895,Density-guided CNP,ours,matched_neural,0,101,500,20260909-phase2-b2000-ours-seed0-final-ctx-s101-n500-drop10100-mc50,b0a3dfa88cd5a055229e3a2f07241447ba6b6804656fd1931699834ab147ade5,a5bdb616936195036bd84a34166767d9d371bb99a8d1641deae86d9722c7b034,False
figure1_1500_3000,242,58,43073,1.6450165653680735,4.498031749791385,4.780665708862724,0.2809917355371901,0.45041322314049587,0.6074380165289256,9.42379762621796,unavailable: saved per-pass bin means/covariances are absent,original_n2000,original,2k,2000,1895,Density-guided CNP,ours,matched_neural,0,101,500,20260909-phase2-b2000-ours-seed0-final-ctx-s101-n500-drop10100-mc50,b0a3dfa88cd5a055229e3a2f07241447ba6b6804656fd1931699834ab147ade5,a5bdb616936195036bd84a34166767d9d371bb99a8d1641deae86d9722c7b034,False
full_500_3000,442,58,114299,1.8013247737820781,4.142231877729744,4.51265295284823,0.251131221719457,0.4660633484162896,0.6538461538461539,8.450284101648322,unavailable: saved per-pass bin means/covariances are absent,original_n2000,original,2k,2000,1895,Density-guided CNP,ours,matched_neural,0,102,500,20260909-phase2-b2000-ours-seed0-final-ctx-s102-n500-drop10100-mc50,e01b9c3d59fa27cac432ede048035891f06208b1c856521558e85a3f96024509,d841e4653140514cf7efa7549cff7623a076ffac927cbeeb59a3b56863a0cdeb,False
figure1_1500_3000,242,58,43073,1.5874122155485246,4.2701015817835914,4.547339762328268,0.2644628099173554,0.4834710743801653,0.6487603305785123,9.42379762621796,unavailable: saved per-pass bin means/covariances are absent,original_n2000,original,2k,2000,1895,Density-guided CNP,ours,matched_neural,0,102,500,20260909-phase2-b2000-ours-seed0-final-ctx-s102-n500-drop10100-mc50,e01b9c3d59fa27cac432ede048035891f06208b1c856521558e85a3f96024509,d841e4653140514cf7efa7549cff7623a076ffac927cbeeb59a3b56863a0cdeb,False
full_500_3000,442,58,114299,1.5968887051338192,4.13838038994965,4.431421752351026,0.2081447963800905,0.47058823529411764,0.6402714932126696,8.450284101648322,unavailable: saved per-pass bin means/covariances are absent,original_n2000,original,2k,2000,1895,Density-guided CNP,ours,matched_neural,0,103,500,20260909-phase2-b2000-ours-seed0-final-ctx-s103-n500-drop10100-mc50,681b9bff5052753195a6e49a108cef83c95a8d3de8e60f18ea3fca13e555981c,b2da4f5b2882ab1c824cfe48f9a82d05b688bcaa6e2bba9c105323d60e6580fd,False
figure1_1500_3000,242,58,43073,1.3041330820242023,4.233016492188791,4.420989552723257,0.21074380165289255,0.4669421487603306,0.6198347107438017,9.42379762621796,unavailable: saved per-pass bin means/covariances are absent,original_n2000,original,2k,2000,1895,Density-guided CNP,ours,matched_neural,0,103,500,20260909-phase2-b2000-ours-seed0-final-ctx-s103-n500-drop10100-mc50,681b9bff5052753195a6e49a108cef83c95a8d3de8e60f18ea3fca13e555981c,b2da4f5b2882ab1c824cfe48f9a82d05b688bcaa6e2bba9c105323d60e6580fd,False
full_500_3000,442,58,114299,1.6992737581767448,4.209685087073084,4.535293382196308,0.24434389140271492,0.47058823529411764,0.6380090497737556,8.450284101648322,unavailable: saved per-pass bin means/covariances are absent,original_n2000,original,2k,2000,1895,Density-guided CNP,ours,matched_neural,0,104,500,20260909-phase2-b2000-ours-seed0-final-ctx-s104-n500-drop10100-mc50,175a44911576c8fecf5d01d0597bab26d702be87b3110b3711ca2fb0ff1e6973,62d7797b56eb2d6532b2b3e0ee923a958f93c1779064b929e011006aab8577d3,False
figure1_1500_3000,242,58,43073,1.4804486432820074,4.34923894202228,4.585787039254403,0.25206611570247933,0.4834710743801653,0.6074380165289256,9.42379762621796,unavailable: saved per-pass bin means/covariances are absent,original_n2000,original,2k,2000,1895,Density-guided CNP,ours,matched_neural,0,104,500,20260909-phase2-b2000-ours-seed0-final-ctx-s104-n500-drop10100-mc50,175a44911576c8fecf5d01d0597bab26d702be87b3110b3711ca2fb0ff1e6973,62d7797b56eb2d6532b2b3e0ee923a958f93c1779064b929e011006aab8577d3,False
full_500_3000,442,58,114299,1.5458050986684337,4.199349886668472,4.470364160290319,0.22171945701357465,0.4411764705882353,0.6199095022624435,8.450284101648322,unavailable: saved per-pass bin means/covariances are absent,original_n2000,original,2k,2000,1895,Density-guided CNP,ours,matched_neural,0,105,500,20260909-phase2-b2000-ours-seed0-final-ctx-s105-n500-drop10100-mc50,c1d114cd20b93a99650e28b72a3334bef2e9d90e388a7546c85315971f68fb94,4017a743c2ef9f3c184ceec7074b4326e920d3b59f1e2c8fbd15713ddffc8914,False
figure1_1500_3000,242,58,43073,1.109789401421632,4.335611633498068,4.466708521441377,0.21487603305785125,0.4380165289256198,0.5909090909090909,9.42379762621796,unavailable: saved per-pass bin means/covariances are absent,original_n2000,original,2k,2000,1895,Density-guided CNP,ours,matched_neural,0,105,500,20260909-phase2-b2000-ours-seed0-final-ctx-s105-n500-drop10100-mc50,c1d114cd20b93a99650e28b72a3334bef2e9d90e388a7546c85315971f68fb94,4017a743c2ef9f3c184ceec7074b4326e920d3b59f1e2c8fbd15713ddffc8914,False
full_500_3000,442,58,114299,1.6707071223854097,4.116258723001219,4.43807551296495,0.251131221719457,0.4660633484162896,0.6447963800904978,8.450284101648322,unavailable: saved per-pass bin means/covariances are absent,original_n2000,original,2k,2000,1895,Density-guided CNP,ours,matched_neural,0,106,500,20260909-phase2-b2000-ours-seed0-final-ctx-s106-n500-drop10100-mc50,9980597ee9f5b046ef27640ee7f6ea77e931493aadff7578c72b45ec1b465963,2dda5be48308798926839fbde8f63fa51e6aa0c56b0da026b2d9fce8d9838be9,False
figure1_1500_3000,242,58,43073,1.348114905124868,4.215716467877858,4.417718870864393,0.256198347107438,0.4793388429752066,0.6198347107438017,9.42379762621796,unavailable: saved per-pass bin means/covariances are absent,original_n2000,original,2k,2000,1895,Density-guided CNP,ours,matched_neural,0,106,500,20260909-phase2-b2000-ours-seed0-final-ctx-s106-n500-drop10100-mc50,9980597ee9f5b046ef27640ee7f6ea77e931493aadff7578c72b45ec1b465963,2dda5be48308798926839fbde8f63fa51e6aa0c56b0da026b2d9fce8d9838be9,False
full_500_3000,442,58,114299,1.572163048759395,4.240826528995893,4.518364431829054,0.23755656108597284,0.45475113122171945,0.6244343891402715,8.450284101648322,unavailable: saved per-pass bin means/covariances are absent,original_n2000,original,2k,2000,1895,Density-guided CNP,ours,matched_neural,0,107,500,20260909-phase2-b2000-ours-seed0-final-ctx-s107-n500-drop10100-mc50,ae387a92e588f657cd28d7f68644077f5939eb4d8c03249ed4bd60d6733b04f3,638eb8ec1571c1be364db7bd6ca49e698adbdfa1e7f02d8c510049b44c9f49ed,False
figure1_1500_3000,242,58,43073,1.2965119075479732,4.411495714606008,4.589315743586923,0.23553719008264462,0.4380165289256198,0.5909090909090909,9.42379762621796,unavailable: saved per-pass bin means/covariances are absent,original_n2000,original,2k,2000,1895,Density-guided CNP,ours,matched_neural,0,107,500,20260909-phase2-b2000-ours-seed0-final-ctx-s107-n500-drop10100-mc50,ae387a92e588f657cd28d7f68644077f5939eb4d8c03249ed4bd60d6733b04f3,638eb8ec1571c1be364db7bd6ca49e698adbdfa1e7f02d8c510049b44c9f49ed,False
full_500_3000,442,58,114299,1.6689504938267778,4.224219588092426,4.537516475795775,0.24660633484162897,0.4796380090497738,0.6447963800904978,8.450284101648322,unavailable: saved per-pass bin means/covariances are absent,original_n2000,original,2k,2000,1895,Density-guided CNP,ours,matched_neural,0,108,500,20260909-phase2-b2000-ours-seed0-final-ctx-s108-n500-drop10100-mc50,a58491807f2ab9d6dede8b3386e14405d03ebba5e881ddea6fbeebe4d296624d,9664e0bca4eb614b2ba92dca47ce45d6e09144bf1c7410184a56b43bf760c5e2,False
figure1_1500_3000,242,58,43073,1.5915728038471721,4.363686935920083,4.636397598438154,0.2603305785123967,0.4793388429752066,0.6239669421487604,9.42379762621796,unavailable: saved per-pass bin means/covariances are absent,original_n2000,original,2k,2000,1895,Density-guided CNP,ours,matched_neural,0,108,500,20260909-phase2-b2000-ours-seed0-final-ctx-s108-n500-drop10100-mc50,a58491807f2ab9d6dede8b3386e14405d03ebba5e881ddea6fbeebe4d296624d,9664e0bca4eb614b2ba92dca47ce45d6e09144bf1c7410184a56b43bf760c5e2,False
full_500_3000,442,58,114299,1.743926159336892,4.12784285594805,4.476808586799241,0.2239819004524887,0.47737556561085975,0.6312217194570136,8.450284101648322,unavailable: saved per-pass bin means/covariances are absent,original_n2000,original,2k,2000,1895,Density-guided CNP,ours,matched_neural,0,109,500,20260909-phase2-b2000-ours-seed0-final-ctx-s109-n500-drop10100-mc50,b81d6c5cdebd5596d9344d89890dc445f4e4bf0eeea6fd4b48ec7d370c4aa15e,f5cb09be2b7c048d06f2ed1e02a0885ef11053c298c7f643f82df26dfacca668,False
figure1_1500_3000,242,58,43073,1.3363138770448089,4.186014794238936,4.385891779589865,0.2231404958677686,0.4834710743801653,0.628099173553719,9.42379762621796,unavailable: saved per-pass bin means/covariances are absent,original_n2000,original,2k,2000,1895,Density-guided CNP,ours,matched_neural,0,109,500,20260909-phase2-b2000-ours-seed0-final-ctx-s109-n500-drop10100-mc50,b81d6c5cdebd5596d9344d89890dc445f4e4bf0eeea6fd4b48ec7d370c4aa15e,f5cb09be2b7c048d06f2ed1e02a0885ef11053c298c7f643f82df26dfacca668,False
full_500_3000,442,58,114299,1.9039340533407754,4.321017143459374,4.7174051685372635,0.2149321266968326,0.4321266968325792,0.5678733031674208,8.450284101648322,unavailable: saved per-pass bin means/covariances are absent,original_n2000,original,2k,2000,1895,Density-guided CNP,ours,matched_neural,1,100,500,20260909-phase2-b2000-ours-seed1-final-ctx-s100-n500-drop10100-mc50,58712f7e657353161982c944aa91c8461b8d15bdc6550542defbb4271c03c2d4,e17fb1bdb05ed123e8887d1052e46d9e6eb080e7195f19fa12309499e6580b00,False
figure1_1500_3000,242,58,43073,1.395467544858987,4.023165070927037,4.250447405779066,0.24380165289256198,0.4380165289256198,0.5702479338842975,9.42379762621796,unavailable: saved per-pass bin means/covariances are absent,original_n2000,original,2k,2000,1895,Density-guided CNP,ours,matched_neural,1,100,500,20260909-phase2-b2000-ours-seed1-final-ctx-s100-n500-drop10100-mc50,58712f7e657353161982c944aa91c8461b8d15bdc6550542defbb4271c03c2d4,e17fb1bdb05ed123e8887d1052e46d9e6eb080e7195f19fa12309499e6580b00,False
full_500_3000,442,58,114299,1.7577455038178782,4.38478173059033,4.719373013476508,0.22850678733031674,0.45701357466063347,0.5927601809954751,8.450284101648322,unavailable: saved per-pass bin means/covariances are absent,original_n2000,original,2k,2000,1895,Density-guided CNP,ours,matched_neural,1,101,500,20260909-phase2-b2000-ours-seed1-final-ctx-s101-n500-drop10100-mc50,fd556a1aa4eb6a64b14cec1212e6506362669864a15abbe228c4c5a65e1ee713,0e784805b7210034da0d2bbd64b91568cd843a262bd3d86c7f6a4e071f4e61a4,False
figure1_1500_3000,242,58,43073,1.4501527835898982,4.237763316698988,4.470723853748439,0.256198347107438,0.4462809917355372,0.5909090909090909,9.42379762621796,unavailable: saved per-pass bin means/covariances are absent,original_n2000,original,2k,2000,1895,Density-guided CNP,ours,matched_neural,1,101,500,20260909-phase2-b2000-ours-seed1-final-ctx-s101-n500-drop10100-mc50,fd556a1aa4eb6a64b14cec1212e6506362669864a15abbe228c4c5a65e1ee713,0e784805b7210034da0d2bbd64b91568cd843a262bd3d86c7f6a4e071f4e61a4,False
full_500_3000,442,58,114299,1.8483737408756724,4.297912886363672,4.6740505650545945,0.22850678733031674,0.4592760180995475,0.5950226244343891,8.450284101648322,unavailable: saved per-pass bin means/covariances are absent,original_n2000,original,2k,2000,1895,Density-guided CNP,ours,matched_neural,1,102,500,20260909-phase2-b2000-ours-seed1-final-ctx-s102-n500-drop10100-mc50,f11306c89a19b8d39b6f4701ca649e2536afadd71452221bcf465f9ef5acdbdc,b90f7b87740f207709230e4b2468e9802d7f2185fb6aeadd19e3760284214827,False
figure1_1500_3000,242,58,43073,1.4706632524112049,4.0882989894707364,4.336815898115342,0.25206611570247933,0.45867768595041325,0.5991735537190083,9.42379762621796,unavailable: saved per-pass bin means/covariances are absent,original_n2000,original,2k,2000,1895,Density-guided CNP,ours,matched_neural,1,102,500,20260909-phase2-b2000-ours-seed1-final-ctx-s102-n500-drop10100-mc50,f11306c89a19b8d39b6f4701ca649e2536afadd71452221bcf465f9ef5acdbdc,b90f7b87740f207709230e4b2468e9802d7f2185fb6aeadd19e3760284214827,False
full_500_3000,442,58,114299,1.7196134208650817,4.308762856603729,4.634706508478622,0.2420814479638009,0.4343891402714932,0.5904977375565611,8.450284101648322,unavailable: saved per-pass bin means/covariances are absent,original_n2000,original,2k,2000,1895,Density-guided CNP,ours,matched_neural,1,103,500,20260909-phase2-b2000-ours-seed1-final-ctx-s103-n500-drop10100-mc50,226f9a7663906019a104396ad11777c190f3041db68b94cc839569ede907b74f,fd9d09b09993664833d27142d5f1dbf6de249fafc5c0a547768292fc66acce26,False
figure1_1500_3000,242,58,43073,1.298096337217047,4.025310055256085,4.221518695448158,0.26859504132231404,0.4297520661157025,0.5743801652892562,9.42379762621796,unavailable: saved per-pass bin means/covariances are absent,original_n2000,original,2k,2000,1895,Density-guided CNP,ours,matched_neural,1,103,500,20260909-phase2-b2000-ours-seed1-final-ctx-s103-n500-drop10100-mc50,226f9a7663906019a104396ad11777c190f3041db68b94cc839569ede907b74f,fd9d09b09993664833d27142d5f1dbf6de249fafc5c0a547768292fc66acce26,False
full_500_3000,442,58,114299,1.69474211852746,4.3114419291115125,4.628026237529578,0.23529411764705882,0.45475113122171945,0.5927601809954751,8.450284101648322,unavailable: saved per-pass bin means/covariances are absent,original_n2000,original,2k,2000,1895,Density-guided CNP,ours,matched_neural,1,104,500,20260909-phase2-b2000-ours-seed1-final-ctx-s104-n500-drop10100-mc50,628ad5450fce3258c3b3ad75ba0f7bec07eff0c3c38a7cdaef385c4ad638993b,4996040b330f2a4d0f2278032df950fb11ee13970ab400d23289f52f6a3dd0c9,False
figure1_1500_3000,242,58,43073,1.2934755616684352,4.110876984753605,4.301459839941106,0.2644628099173554,0.44214876033057854,0.5909090909090909,9.42379762621796,unavailable: saved per-pass bin means/covariances are absent,original_n2000,original,2k,2000,1895,Density-guided CNP,ours,matched_neural,1,104,500,20260909-phase2-b2000-ours-seed1-final-ctx-s104-n500-drop10100-mc50,628ad5450fce3258c3b3ad75ba0f7bec07eff0c3c38a7cdaef385c4ad638993b,4996040b330f2a4d0f2278032df950fb11ee13970ab400d23289f52f6a3dd0c9,False
full_500_3000,442,58,114299,1.619800690866404,4.337610054849599,4.6255862014740785,0.2081447963800905,0.42081447963800905,0.5565610859728507,8.450284101648322,unavailable: saved per-pass bin means/covariances are absent,original_n2000,original,2k,2000,1895,Density-guided CNP,ours,matched_neural,1,105,500,20260909-phase2-b2000-ours-seed1-final-ctx-s105-n500-drop10100-mc50,63354aff1f9980962ceb8c2d25eab4ab458c5846d5e3cbd61bdacf9ed617fa14,168742a240a1d21f9772dcd88d15c3be3a292d0fe8beb41322911d3ee82969dc,False
figure1_1500_3000,242,58,43073,1.0438883952672928,4.129526778071757,4.251144256071438,0.2231404958677686,0.3925619834710744,0.5330578512396694,9.42379762621796,unavailable: saved per-pass bin means/covariances are absent,original_n2000,original,2k,2000,1895,Density-guided CNP,ours,matched_neural,1,105,500,20260909-phase2-b2000-ours-seed1-final-ctx-s105-n500-drop10100-mc50,63354aff1f9980962ceb8c2d25eab4ab458c5846d5e3cbd61bdacf9ed617fa14,168742a240a1d21f9772dcd88d15c3be3a292d0fe8beb41322911d3ee82969dc,False
full_500_3000,442,58,114299,1.701438319370779,4.263832323571236,4.586286800281438,0.24660633484162897,0.45701357466063347,0.5950226244343891,8.450284101648322,unavailable: saved per-pass bin means/covariances are absent,original_n2000,original,2k,2000,1895,Density-guided CNP,ours,matched_neural,1,106,500,20260909-phase2-b2000-ours-seed1-final-ctx-s106-n500-drop10100-mc50,693e204a6979129d5da5fb502f12c52cd77a508bed07623615c18e7dc88cde1d,dc5d6a43ffe00a5024467ce22e49b54d174e6a12819240f9ba6c066417bd9780,False
figure1_1500_3000,242,58,43073,1.2267406178538705,4.041030112813219,4.215132013332726,0.2809917355371901,0.45041322314049587,0.5909090909090909,9.42379762621796,unavailable: saved per-pass bin means/covariances are absent,original_n2000,original,2k,2000,1895,Density-guided CNP,ours,matched_neural,1,106,500,20260909-phase2-b2000-ours-seed1-final-ctx-s106-n500-drop10100-mc50,693e204a6979129d5da5fb502f12c52cd77a508bed07623615c18e7dc88cde1d,dc5d6a43ffe00a5024467ce22e49b54d174e6a12819240f9ba6c066417bd9780,False
full_500_3000,442,58,114299,1.6335228538423108,4.30088527099928,4.596102829858708,0.2398190045248869,0.4638009049773756,0.5995475113122172,8.450284101648322,unavailable: saved per-pass bin means/covariances are absent,original_n2000,original,2k,2000,1895,Density-guided CNP,ours,matched_neural,1,107,500,20260909-phase2-b2000-ours-seed1-final-ctx-s107-n500-drop10100-mc50,b3746d593c8319b8437ef9860d046867b06ecbfe58a3707e7abc36630759916c,d8e90638410ee86dd20ad483e7164a400c46da54ce10b900308bea0d40fb4ff5,False
figure1_1500_3000,242,58,43073,1.2232401044428887,4.092595472252407,4.263383857144959,0.2644628099173554,0.45454545454545453,0.5991735537190083,9.42379762621796,unavailable: saved per-pass bin means/covariances are absent,original_n2000,original,2k,2000,1895,Density-guided CNP,ours,matched_neural,1,107,500,20260909-phase2-b2000-ours-seed1-final-ctx-s107-n500-drop10100-mc50,b3746d593c8319b8437ef9860d046867b06ecbfe58a3707e7abc36630759916c,d8e90638410ee86dd20ad483e7164a400c46da54ce10b900308bea0d40fb4ff5,False
full_500_3000,442,58,114299,1.6665439283556822,4.353967805843102,4.657415066162776,0.26244343891402716,0.46153846153846156,0.6018099547511312,8.450284101648322,unavailable: saved per-pass bin means/covariances are absent,original_n2000,original,2k,2000,1895,Density-guided CNP,ours,matched_neural,1,108,500,20260909-phase2-b2000-ours-seed1-final-ctx-s108-n500-drop10100-mc50,b4d926b2254e481de5ed6ff79603bc238157228680331baf26d8958051ea897b,bffbcde31f668ce843d5b2ae846b7184c1c80f3d4c51e44ae3161a83b8ef4229,False
figure1_1500_3000,242,58,43073,1.3957431286267192,4.168717289480699,4.387994070307773,0.2809917355371901,0.4628099173553719,0.5909090909090909,9.42379762621796,unavailable: saved per-pass bin means/covariances are absent,original_n2000,original,2k,2000,1895,Density-guided CNP,ours,matched_neural,1,108,500,20260909-phase2-b2000-ours-seed1-final-ctx-s108-n500-drop10100-mc50,b4d926b2254e481de5ed6ff79603bc238157228680331baf26d8958051ea897b,bffbcde31f668ce843d5b2ae846b7184c1c80f3d4c51e44ae3161a83b8ef4229,False
full_500_3000,442,58,114299,1.8038490778981056,4.294695112954555,4.653659654881739,0.251131221719457,0.4457013574660634,0.5882352941176471,8.450284101648322,unavailable: saved per-pass bin means/covariances are absent,original_n2000,original,2k,2000,1895,Density-guided CNP,ours,matched_neural,1,109,500,20260909-phase2-b2000-ours-seed1-final-ctx-s109-n500-drop10100-mc50,21dd81a4dd0b494872a838fa672d472eccceac8f78a7063d4c6f91c96b88c0d5,c30852faf9f6d1839a7cd667e0a6a46c3898d7113d7308273c51bafc5ab122bd,False
figure1_1500_3000,242,58,43073,1.2927722336059126,4.030100096957848,4.224435151426532,0.2727272727272727,0.43388429752066116,0.5826446280991735,9.42379762621796,unavailable: saved per-pass bin means/covariances are absent,original_n2000,original,2k,2000,1895,Density-guided CNP,ours,matched_neural,1,109,500,20260909-phase2-b2000-ours-seed1-final-ctx-s109-n500-drop10100-mc50,21dd81a4dd0b494872a838fa672d472eccceac8f78a7063d4c6f91c96b88c0d5,c30852faf9f6d1839a7cd667e0a6a46c3898d7113d7308273c51bafc5ab122bd,False
full_500_3000,442,58,114299,0.6554053522198865,3.957382366231698,4.006869042525972,0.2398190045248869,0.48868778280542985,0.6606334841628959,8.450284101648322,unavailable: saved per-pass bin means/covariances are absent,original_n2000,original,2k,2000,1895,Density-guided CNP,ours,matched_neural,2,100,500,20260909-phase2-b2000-ours-seed2-final-ctx-s100-n500-drop10100-mc50,1c87074b837dd06eccee406ab372565b85f84b940b9be98daa88bc3d229a0cf6,78bba68c296bbb057b18c21214568a44efd4985c2c7d2f692594fa1b0676fceb,False
figure1_1500_3000,242,58,43073,-0.04763049943369829,3.384710670778596,3.378046039631127,0.23553719008264462,0.5495867768595041,0.7396694214876033,9.42379762621796,unavailable: saved per-pass bin means/covariances are absent,original_n2000,original,2k,2000,1895,Density-guided CNP,ours,matched_neural,2,100,500,20260909-phase2-b2000-ours-seed2-final-ctx-s100-n500-drop10100-mc50,1c87074b837dd06eccee406ab372565b85f84b940b9be98daa88bc3d229a0cf6,78bba68c296bbb057b18c21214568a44efd4985c2c7d2f692594fa1b0676fceb,False
full_500_3000,442,58,114299,0.5671029951908101,4.093844274480843,4.1283470290369015,0.29411764705882354,0.49321266968325794,0.6628959276018099,8.450284101648322,unavailable: saved per-pass bin means/covariances are absent,original_n2000,original,2k,2000,1895,Density-guided CNP,ours,matched_neural,2,101,500,20260909-phase2-b2000-ours-seed2-final-ctx-s101-n500-drop10100-mc50,997f8738f57ac51a180a4585dca278d0e142790b465e0aae02d5d4d0af125dc0,cf39dab8f407a6fe8a01244045f6f2e5061a828e29f3adae57550e7f73e45ccd,False
figure1_1500_3000,242,58,43073,0.07008309844598702,3.7345813189179964,3.727516147983028,0.32231404958677684,0.5371900826446281,0.731404958677686,9.42379762621796,unavailable: saved per-pass bin means/covariances are absent,original_n2000,original,2k,2000,1895,Density-guided CNP,ours,matched_neural,2,101,500,20260909-phase2-b2000-ours-seed2-final-ctx-s101-n500-drop10100-mc50,997f8738f57ac51a180a4585dca278d0e142790b465e0aae02d5d4d0af125dc0,cf39dab8f407a6fe8a01244045f6f2e5061a828e29f3adae57550e7f73e45ccd,False
full_500_3000,442,58,114299,0.6377669434013579,3.961261734378309,4.007847284672761,0.29411764705882354,0.502262443438914,0.6719457013574661,8.450284101648322,unavailable: saved per-pass bin means/covariances are absent,original_n2000,original,2k,2000,1895,Density-guided CNP,ours,matched_neural,2,102,500,20260909-phase2-b2000-ours-seed2-final-ctx-s102-n500-drop10100-mc50,fa2ea1ebca3c79c75b6b7aeb368ec168fd1656fc9a4d1fa69e18ef85ca3251d8,e6f4f6f3e26dc1cc2d71b585f83cc6815b35adfdef7fc315d4ff706b779e2886,False
figure1_1500_3000,242,58,43073,0.0557351265679241,3.544521034470361,3.5376291417161028,0.30991735537190085,0.5619834710743802,0.7396694214876033,9.42379762621796,unavailable: saved per-pass bin means/covariances are absent,original_n2000,original,2k,2000,1895,Density-guided CNP,ours,matched_neural,2,102,500,20260909-phase2-b2000-ours-seed2-final-ctx-s102-n500-drop10100-mc50,fa2ea1ebca3c79c75b6b7aeb368ec168fd1656fc9a4d1fa69e18ef85ca3251d8,e6f4f6f3e26dc1cc2d71b585f83cc6815b35adfdef7fc315d4ff706b779e2886,False
full_500_3000,442,58,114299,0.397787956484481,3.9994968055708044,4.014725391367529,0.24660633484162897,0.4819004524886878,0.6538461538461539,8.450284101648322,unavailable: saved per-pass bin means/covariances are absent,original_n2000,original,2k,2000,1895,Density-guided CNP,ours,matched_neural,2,103,500,20260909-phase2-b2000-ours-seed2-final-ctx-s103-n500-drop10100-mc50,ed5c4dc2e7fd6116e8bd1f459c654883a0c40e9c7a33e0d01cf70c3a48670eb1,2c206ed4203d5bedb9be5b7ff0ba2e74bed0b9c7640d0d8803de9484a224df80,False
figure1_1500_3000,242,58,43073,-0.22930303200012497,3.450905225486888,3.4513934950893925,0.21487603305785125,0.5289256198347108,0.7066115702479339,9.42379762621796,unavailable: saved per-pass bin means/covariances are absent,original_n2000,original,2k,2000,1895,Density-guided CNP,ours,matched_neural,2,103,500,20260909-phase2-b2000-ours-seed2-final-ctx-s103-n500-drop10100-mc50,ed5c4dc2e7fd6116e8bd1f459c654883a0c40e9c7a33e0d01cf70c3a48670eb1,2c206ed4203d5bedb9be5b7ff0ba2e74bed0b9c7640d0d8803de9484a224df80,False
full_500_3000,442,58,114299,0.5062469053656982,3.9989830394028543,4.026409143118496,0.29411764705882354,0.4841628959276018,0.6606334841628959,8.450284101648322,unavailable: saved per-pass bin means/covariances are absent,original_n2000,original,2k,2000,1895,Density-guided CNP,ours,matched_neural,2,104,500,20260909-phase2-b2000-ours-seed2-final-ctx-s104-n500-drop10100-mc50,d8556fddc0e6fc97219f105f3f866a1d9437a4d3845c39e552d863d2f7aae19b,5b9c850f54cd19e4e43c9e266b2dcd9dc7642c18eab987c67f867b3e1c8f1773,False
figure1_1500_3000,242,58,43073,-0.08915767014650802,3.5804042352437633,3.5741112582886574,0.30991735537190085,0.5247933884297521,0.7231404958677686,9.42379762621796,unavailable: saved per-pass bin means/covariances are absent,original_n2000,original,2k,2000,1895,Density-guided CNP,ours,matched_neural,2,104,500,20260909-phase2-b2000-ours-seed2-final-ctx-s104-n500-drop10100-mc50,d8556fddc0e6fc97219f105f3f866a1d9437a4d3845c39e552d863d2f7aae19b,5b9c850f54cd19e4e43c9e266b2dcd9dc7642c18eab987c67f867b3e1c8f1773,False
full_500_3000,442,58,114299,0.40665341543503997,3.966525305964537,3.9828500159737272,0.2398190045248869,0.4660633484162896,0.6380090497737556,8.450284101648322,unavailable: saved per-pass bin means/covariances are absent,original_n2000,original,2k,2000,1895,Density-guided CNP,ours,matched_neural,2,105,500,20260909-phase2-b2000-ours-seed2-final-ctx-s105-n500-drop10100-mc50,260ff95234bb3193304de149a402223e1f9cbedfb2cd2463cb4dd0b25dde5c92,b7fb38a5dd59e520d53377daf88d9bc3f813ce1a0ae0c1b125a3e8de0f886b8c,False
figure1_1500_3000,242,58,43073,-0.3632327454856944,3.4328364671915703,3.4449395509545444,0.21074380165289255,0.48760330578512395,0.6735537190082644,9.42379762621796,unavailable: saved per-pass bin means/covariances are absent,original_n2000,original,2k,2000,1895,Density-guided CNP,ours,matched_neural,2,105,500,20260909-phase2-b2000-ours-seed2-final-ctx-s105-n500-drop10100-mc50,260ff95234bb3193304de149a402223e1f9cbedfb2cd2463cb4dd0b25dde5c92,b7fb38a5dd59e520d53377daf88d9bc3f813ce1a0ae0c1b125a3e8de0f886b8c,False
full_500_3000,442,58,114299,0.49743448824144193,3.9238807859102645,3.9508792706858227,0.2737556561085973,0.49547511312217196,0.6628959276018099,8.450284101648322,unavailable: saved per-pass bin means/covariances are absent,original_n2000,original,2k,2000,1895,Density-guided CNP,ours,matched_neural,2,106,500,20260909-phase2-b2000-ours-seed2-final-ctx-s106-n500-drop10100-mc50,721b8a3d8ec0733ff61a893765d80e8966bb8536bbf61d77e0d54ba0509b1644,b9e14a2153f2869a8caa92ec3a11b830270d7fabab7ceeefc5da0bfc1a5e4af9,False
figure1_1500_3000,242,58,43073,-0.19288785115427748,3.4333873216680653,3.4317113611540044,0.2768595041322314,0.5454545454545454,0.7231404958677686,9.42379762621796,unavailable: saved per-pass bin means/covariances are absent,original_n2000,original,2k,2000,1895,Density-guided CNP,ours,matched_neural,2,106,500,20260909-phase2-b2000-ours-seed2-final-ctx-s106-n500-drop10100-mc50,721b8a3d8ec0733ff61a893765d80e8966bb8536bbf61d77e0d54ba0509b1644,b9e14a2153f2869a8caa92ec3a11b830270d7fabab7ceeefc5da0bfc1a5e4af9,False
full_500_3000,442,58,114299,0.3596666421730105,4.040347728578167,4.051769589641716,0.2579185520361991,0.4592760180995475,0.6561085972850679,8.450284101648322,unavailable: saved per-pass bin means/covariances are absent,original_n2000,original,2k,2000,1895,Density-guided CNP,ours,matched_neural,2,107,500,20260909-phase2-b2000-ours-seed2-final-ctx-s107-n500-drop10100-mc50,4355df522f1b0e8d94884a9ae31ccfa02dc2a468fecc583ea66bb5e8195b0aeb,66dcdb69d995ccd1737f2b8c00338f1ae018b23946dc8bfd19d923609d912f07,False
figure1_1500_3000,242,58,43073,-0.3088721565806478,3.609807660291439,3.6155590769289985,0.25206611570247933,0.4793388429752066,0.7148760330578512,9.42379762621796,unavailable: saved per-pass bin means/covariances are absent,original_n2000,original,2k,2000,1895,Density-guided CNP,ours,matched_neural,2,107,500,20260909-phase2-b2000-ours-seed2-final-ctx-s107-n500-drop10100-mc50,4355df522f1b0e8d94884a9ae31ccfa02dc2a468fecc583ea66bb5e8195b0aeb,66dcdb69d995ccd1737f2b8c00338f1ae018b23946dc8bfd19d923609d912f07,False
full_500_3000,442,58,114299,0.4670688517059277,4.062075641115737,4.084272330816753,0.3031674208144796,0.502262443438914,0.669683257918552,8.450284101648322,unavailable: saved per-pass bin means/covariances are absent,original_n2000,original,2k,2000,1895,Density-guided CNP,ours,matched_neural,2,108,500,20260909-phase2-b2000-ours-seed2-final-ctx-s108-n500-drop10100-mc50,f67e11e16fed80e1100bee9b2bf2500116b838eab4bd8f167300e82902201746,1143b66219c78d14e62a60ab1742e04ee1b69a8c348deaa3eac30c7bda6863a0,False
figure1_1500_3000,242,58,43073,0.029855404054162548,3.619418860197891,3.612056367535635,0.32231404958677684,0.5537190082644629,0.7355371900826446,9.42379762621796,unavailable: saved per-pass bin means/covariances are absent,original_n2000,original,2k,2000,1895,Density-guided CNP,ours,matched_neural,2,108,500,20260909-phase2-b2000-ours-seed2-final-ctx-s108-n500-drop10100-mc50,f67e11e16fed80e1100bee9b2bf2500116b838eab4bd8f167300e82902201746,1143b66219c78d14e62a60ab1742e04ee1b69a8c348deaa3eac30c7bda6863a0,False
full_500_3000,442,58,114299,0.5565967726590566,3.920540467468698,3.9554598122470237,0.23755656108597284,0.4796380090497738,0.6628959276018099,8.450284101648322,unavailable: saved per-pass bin means/covariances are absent,original_n2000,original,2k,2000,1895,Density-guided CNP,ours,matched_neural,2,109,500,20260909-phase2-b2000-ours-seed2-final-ctx-s109-n500-drop10100-mc50,ad6bbe54a7cd4e000614ee92b9049ee15abbae47e2558d4cad16ed2702c1a42a,3e390e167146e6d9787cab4e2f52d12b5c2171109e18684f78682a8a139b5fbf,False
figure1_1500_3000,242,58,43073,-0.2043123721942833,3.4271738196107426,3.426182821601107,0.2231404958677686,0.5247933884297521,0.7148760330578512,9.42379762621796,unavailable: saved per-pass bin means/covariances are absent,original_n2000,original,2k,2000,1895,Density-guided CNP,ours,matched_neural,2,109,500,20260909-phase2-b2000-ours-seed2-final-ctx-s109-n500-drop10100-mc50,ad6bbe54a7cd4e000614ee92b9049ee15abbae47e2558d4cad16ed2702c1a42a,3e390e167146e6d9787cab4e2f52d12b5c2171109e18684f78682a8a139b5fbf,False
full_500_3000,442,58,114299,0.29546330357645006,3.351361972011506,3.3605824956751316,0.45701357466063347,0.7647058823529411,0.9298642533936652,8.450284101648322,unavailable: saved per-pass bin means/covariances are absent,original_n5000,original,5k,5000,4984,CNP,m0,matched_neural,0,100,500,20260909-phase2-b5000-m0-seed0-final-ctx-s100-n500-drop10100-mc50,81fa44318c1bf881e019a212a812d4e0092338ede76ee388062934b9fc8a2c3f,2697d81edf4deb2d4fd086b3cfcf8f54057a83d4ee7f2a15a636efb91aec50f9,True
figure1_1500_3000,242,58,43073,0.44983307924495775,2.6912573587650486,2.723102416589553,0.4669421487603306,0.7768595041322314,0.9214876033057852,9.42379762621796,unavailable: saved per-pass bin means/covariances are absent,original_n5000,original,5k,5000,4984,CNP,m0,matched_neural,0,100,500,20260909-phase2-b5000-m0-seed0-final-ctx-s100-n500-drop10100-mc50,81fa44318c1bf881e019a212a812d4e0092338ede76ee388062934b9fc8a2c3f,2697d81edf4deb2d4fd086b3cfcf8f54057a83d4ee7f2a15a636efb91aec50f9,True
full_500_3000,442,58,114299,0.17009253048376813,3.3903296686790823,3.3907611900358097,0.4660633484162896,0.7669683257918553,0.9343891402714932,8.450284101648322,unavailable: saved per-pass bin means/covariances are absent,original_n5000,original,5k,5000,4984,CNP,m0,matched_neural,0,101,500,20260909-phase2-b5000-m0-seed0-final-ctx-s101-n500-drop10100-mc50,c20c1c1f1764e21a6da41dd6ec979320da7510da636f4005912f255448e4dfae,cd0d413d80be7734bafaacda5491884b2f99f89e1d019c7a47df9670256b707f,True
figure1_1500_3000,242,58,43073,0.3234105411439827,2.68902352365221,2.702880380947256,0.4793388429752066,0.768595041322314,0.9297520661157025,9.42379762621796,unavailable: saved per-pass bin means/covariances are absent,original_n5000,original,5k,5000,4984,CNP,m0,matched_neural,0,101,500,20260909-phase2-b5000-m0-seed0-final-ctx-s101-n500-drop10100-mc50,c20c1c1f1764e21a6da41dd6ec979320da7510da636f4005912f255448e4dfae,cd0d413d80be7734bafaacda5491884b2f99f89e1d019c7a47df9670256b707f,True
full_500_3000,442,58,114299,0.2982123002466109,3.350401742516748,3.359869945497465,0.45701357466063347,0.7647058823529411,0.9298642533936652,8.450284101648322,unavailable: saved per-pass bin means/covariances are absent,original_n5000,original,5k,5000,4984,CNP,m0,matched_neural,0,102,500,20260909-phase2-b5000-m0-seed0-final-ctx-s102-n500-drop10100-mc50,3f7f5ab4172b74c4c046a75ce434c59724e92ca2af0ed9dede2e7accfc305bbf,e89e05e2b8c1dc0d3ed5d4ae015ece07ad8a6b60d03c97e51d02efe6ee8f978e,True
figure1_1500_3000,242,58,43073,0.45208579742376676,2.6910622067253045,2.7232834061143802,0.4669421487603306,0.7768595041322314,0.9214876033057852,9.42379762621796,unavailable: saved per-pass bin means/covariances are absent,original_n5000,original,5k,5000,4984,CNP,m0,matched_neural,0,102,500,20260909-phase2-b5000-m0-seed0-final-ctx-s102-n500-drop10100-mc50,3f7f5ab4172b74c4c046a75ce434c59724e92ca2af0ed9dede2e7accfc305bbf,e89e05e2b8c1dc0d3ed5d4ae015ece07ad8a6b60d03c97e51d02efe6ee8f978e,True
full_500_3000,442,58,114299,-0.05910160206472331,3.4595290811146455,3.4561187431607063,0.49095022624434387,0.7986425339366516,0.9298642533936652,8.450284101648322,unavailable: saved per-pass bin means/covariances are absent,original_n5000,original,5k,5000,4984,CNP,m0,matched_neural,0,103,500,20260909-phase2-b5000-m0-seed0-final-ctx-s103-n500-drop10100-mc50,486ae760ec24dda23a5d3fcc06aceb8d0d0517a7f1dc7151756866ac194a8840,9981d9edf879b98962d912e18ac244a9ba816e78f388f31e6222c01b5c4d8588,True
figure1_1500_3000,242,58,43073,0.08052020943721777,2.6938715775206634,2.6895055694468986,0.49173553719008267,0.7851239669421488,0.9256198347107438,9.42379762621796,unavailable: saved per-pass bin means/covariances are absent,original_n5000,original,5k,5000,4984,CNP,m0,matched_neural,0,103,500,20260909-phase2-b5000-m0-seed0-final-ctx-s103-n500-drop10100-mc50,486ae760ec24dda23a5d3fcc06aceb8d0d0517a7f1dc7151756866ac194a8840,9981d9edf879b98962d912e18ac244a9ba816e78f388f31e6222c01b5c4d8588,True
full_500_3000,442,58,114299,0.12319066660776773,3.395798949596997,3.394191684611328,0.4683257918552036,0.7737556561085973,0.9343891402714932,8.450284101648322,unavailable: saved per-pass bin means/covariances are absent,original_n5000,original,5k,5000,4984,CNP,m0,matched_neural,0,104,500,20260909-phase2-b5000-m0-seed0-final-ctx-s104-n500-drop10100-mc50,0ad294a9785830e67fa36016e7a31ed4a2627786da3dac294be741ead13426cb,92ef8e2ede49ad93045cfe1e81a94cb8fc94c6bf6c1390e5f1fa67ee2fb28131,True
figure1_1500_3000,242,58,43073,0.2606936329743652,2.6888983371464907,2.695970824139425,0.47520661157024796,0.7768595041322314,0.9297520661157025,9.42379762621796,unavailable: saved per-pass bin means/covariances are absent,original_n5000,original,5k,5000,4984,CNP,m0,matched_neural,0,104,500,20260909-phase2-b5000-m0-seed0-final-ctx-s104-n500-drop10100-mc50,0ad294a9785830e67fa36016e7a31ed4a2627786da3dac294be741ead13426cb,92ef8e2ede49ad93045cfe1e81a94cb8fc94c6bf6c1390e5f1fa67ee2fb28131,True
full_500_3000,442,58,114299,0.11279952404838643,3.3969600791177865,3.394989604210546,0.47058823529411764,0.7714932126696833,0.9321266968325792,8.450284101648322,unavailable: saved per-pass bin means/covariances are absent,original_n5000,original,5k,5000,4984,CNP,m0,matched_neural,0,105,500,20260909-phase2-b5000-m0-seed0-final-ctx-s105-n500-drop10100-mc50,3d915a48b63d8b82710a3c3ecc16085ed290b892335ed51757b905e3b21c5562,10d1485881c50385a9fb3849b7e775ff6a37edbc55797c1e271fbfb5d837b316,True
figure1_1500_3000,242,58,43073,0.2457032966328089,2.688952234086361,2.6946161649253035,0.47520661157024796,0.7727272727272727,0.9256198347107438,9.42379762621796,unavailable: saved per-pass bin means/covariances are absent,original_n5000,original,5k,5000,4984,CNP,m0,matched_neural,0,105,500,20260909-phase2-b5000-m0-seed0-final-ctx-s105-n500-drop10100-mc50,3d915a48b63d8b82710a3c3ecc16085ed290b892335ed51757b905e3b21c5562,10d1485881c50385a9fb3849b7e775ff6a37edbc55797c1e271fbfb5d837b316,True
full_500_3000,442,58,114299,0.14033542129596632,3.3984706236590476,3.397523552201652,0.47058823529411764,0.7714932126696833,0.9343891402714932,8.450284101648322,unavailable: saved per-pass bin means/covariances are absent,original_n5000,original,5k,5000,4984,CNP,m0,matched_neural,0,106,500,20260909-phase2-b5000-m0-seed0-final-ctx-s106-n500-drop10100-mc50,53290e9775f52795e2f20d5948fbbc27e3b8de2a79594d65447dace170136225,61d173ea9881c4e152c6bfa5aacceff2754b34398910fe979d9e07885a410396,True
figure1_1500_3000,242,58,43073,0.2909800730538501,2.6888554185945197,2.6990252065494587,0.4793388429752066,0.7727272727272727,0.9297520661157025,9.42379762621796,unavailable: saved per-pass bin means/covariances are absent,original_n5000,original,5k,5000,4984,CNP,m0,matched_neural,0,106,500,20260909-phase2-b5000-m0-seed0-final-ctx-s106-n500-drop10100-mc50,53290e9775f52795e2f20d5948fbbc27e3b8de2a79594d65447dace170136225,61d173ea9881c4e152c6bfa5aacceff2754b34398910fe979d9e07885a410396,True
full_500_3000,442,58,114299,0.013321147926811822,3.4331126433201264,3.4292527061476887,0.48868778280542985,0.7941176470588235,0.9298642533936652,8.450284101648322,unavailable: saved per-pass bin means/covariances are absent,original_n5000,original,5k,5000,4984,CNP,m0,matched_neural,0,107,500,20260909-phase2-b5000-m0-seed0-final-ctx-s107-n500-drop10100-mc50,90086b7b9ace47e0d75b2a11180d9073e3170b068d8be1519efe2bdeed09dd44,c171e2409086c2bc037a1672f1dfed59944d76ff082430e3e15e784cbaa5821b,True
figure1_1500_3000,242,58,43073,0.15049363064517324,2.6912024839633117,2.6898496545351054,0.4834710743801653,0.78099173553719,0.9214876033057852,9.42379762621796,unavailable: saved per-pass bin means/covariances are absent,original_n5000,original,5k,5000,4984,CNP,m0,matched_neural,0,107,500,20260909-phase2-b5000-m0-seed0-final-ctx-s107-n500-drop10100-mc50,90086b7b9ace47e0d75b2a11180d9073e3170b068d8be1519efe2bdeed09dd44,c171e2409086c2bc037a1672f1dfed59944d76ff082430e3e15e784cbaa5821b,True
full_500_3000,442,58,114299,-0.10871179705671291,3.4817336976841116,3.4794915425577018,0.4819004524886878,0.8054298642533937,0.9253393665158371,8.450284101648322,unavailable: saved per-pass bin means/covariances are absent,original_n5000,original,5k,5000,4984,CNP,m0,matched_neural,0,108,500,20260909-phase2-b5000-m0-seed0-final-ctx-s108-n500-drop10100-mc50,a1c524d38dc96fdd896383f0387c517cfabef4e32b2adc5537669d9892774d64,7ae2e8e36ef29dbe0277d485ce7810d62427fd9f3bdb76b66be358a20c10c980,True
figure1_1500_3000,242,58,43073,0.03745044483849982,2.695616879158506,2.6903023350302298,0.47520661157024796,0.7933884297520661,0.9214876033057852,9.42379762621796,unavailable: saved per-pass bin means/covariances are absent,original_n5000,original,5k,5000,4984,CNP,m0,matched_neural,0,108,500,20260909-phase2-b5000-m0-seed0-final-ctx-s108-n500-drop10100-mc50,a1c524d38dc96fdd896383f0387c517cfabef4e32b2adc5537669d9892774d64,7ae2e8e36ef29dbe0277d485ce7810d62427fd9f3bdb76b66be358a20c10c980,True
full_500_3000,442,58,114299,0.28949810892913364,3.3439603157267275,3.352697562557915,0.45701357466063347,0.7647058823529411,0.9321266968325792,8.450284101648322,unavailable: saved per-pass bin means/covariances are absent,original_n5000,original,5k,5000,4984,CNP,m0,matched_neural,0,109,500,20260909-phase2-b5000-m0-seed0-final-ctx-s109-n500-drop10100-mc50,51c5e16fb646fc9c64e0af8e7391bf355f440faed05ecc492a94c312e362fc0b,c26d1d3c91dd692d403fc084dba849e346f121eee2b39c8b7ed2a640ac8bd7e8,True
figure1_1500_3000,242,58,43073,0.4290219225726754,2.6896164955176585,2.7181250869992946,0.47107438016528924,0.7768595041322314,0.9256198347107438,9.42379762621796,unavailable: saved per-pass bin means/covariances are absent,original_n5000,original,5k,5000,4984,CNP,m0,matched_neural,0,109,500,20260909-phase2-b5000-m0-seed0-final-ctx-s109-n500-drop10100-mc50,51c5e16fb646fc9c64e0af8e7391bf355f440faed05ecc492a94c312e362fc0b,c26d1d3c91dd692d403fc084dba849e346f121eee2b39c8b7ed2a640ac8bd7e8,True
full_500_3000,442,58,114299,-0.006364111009044397,3.4444798704214583,3.440587079503094,0.47737556561085975,0.8054298642533937,0.9321266968325792,8.450284101648322,unavailable: saved per-pass bin means/covariances are absent,original_n5000,original,5k,5000,4984,CNP,m0,matched_neural,1,100,500,20260909-phase2-b5000-m0-seed1-final-ctx-s100-n500-drop10100-mc50,5710c849efbfe2db27e9e439c6318852035947e2de8c6f78618fb5ff6338cc33,c42110eeb09df3d29d4671ba2286ddbe6472274c671fa20a2b841dd294a8e477,True
figure1_1500_3000,242,58,43073,0.09454418107113585,2.696209399253717,2.692293498884318,0.4793388429752066,0.7975206611570248,0.9297520661157025,9.42379762621796,unavailable: saved per-pass bin means/covariances are absent,original_n5000,original,5k,5000,4984,CNP,m0,matched_neural,1,100,500,20260909-phase2-b5000-m0-seed1-final-ctx-s100-n500-drop10100-mc50,5710c849efbfe2db27e9e439c6318852035947e2de8c6f78618fb5ff6338cc33,c42110eeb09df3d29d4671ba2286ddbe6472274c671fa20a2b841dd294a8e477,True
full_500_3000,442,58,114299,-0.05906386796840864,3.4604462159171447,3.4570340610740367,0.47737556561085975,0.8076923076923077,0.9343891402714932,8.450284101648322,unavailable: saved per-pass bin means/covariances are absent,original_n5000,original,5k,5000,4984,CNP,m0,matched_neural,1,101,500,20260909-phase2-b5000-m0-seed1-final-ctx-s101-n500-drop10100-mc50,ab3f1cafcf1a6b9d6ed3544727ed138344be1e11c90ea7362333978818c43323,ec30e81f1fbb30a54b4c1380ca15106520669b8eea2501fe43f9bd44c575c5de,True
figure1_1500_3000,242,58,43073,0.02210821574390406,2.697703240165538,2.692214480028616,0.47107438016528924,0.7933884297520661,0.9338842975206612,9.42379762621796,unavailable: saved per-pass bin means/covariances are absent,original_n5000,original,5k,5000,4984,CNP,m0,matched_neural,1,101,500,20260909-phase2-b5000-m0-seed1-final-ctx-s101-n500-drop10100-mc50,ab3f1cafcf1a6b9d6ed3544727ed138344be1e11c90ea7362333978818c43323,ec30e81f1fbb30a54b4c1380ca15106520669b8eea2501fe43f9bd44c575c5de,True
full_500_3000,442,58,114299,-0.0007731592976693943,3.4417489874626908,3.4378534885620216,0.4796380090497738,0.8031674208144797,0.9321266968325792,8.450284101648322,unavailable: saved per-pass bin means/covariances are absent,original_n5000,original,5k,5000,4984,CNP,m0,matched_neural,1,102,500,20260909-phase2-b5000-m0-seed1-final-ctx-s102-n500-drop10100-mc50,1eb44123c4e25a47a6f3c0cd04d11badb8f4252db4e3dacf7f4c2a6644d8272b,d5f372c20d6f3fb150c10b8d438044f73a1f85412f0a98eea356526138047924,True
figure1_1500_3000,242,58,43073,0.09364543195838745,2.6959916239204444,2.6920448943031086,0.4793388429752066,0.7975206611570248,0.9297520661157025,9.42379762621796,unavailable: saved per-pass bin means/covariances are absent,original_n5000,original,5k,5000,4984,CNP,m0,matched_neural,1,102,500,20260909-phase2-b5000-m0-seed1-final-ctx-s102-n500-drop10100-mc50,1eb44123c4e25a47a6f3c0cd04d11badb8f4252db4e3dacf7f4c2a6644d8272b,d5f372c20d6f3fb150c10b8d438044f73a1f85412f0a98eea356526138047924,True
full_500_3000,442,58,114299,-0.20873898266203889,3.515201957217514,3.517422430268195,0.4841628959276018,0.8167420814479638,0.9276018099547512,8.450284101648322,unavailable: saved per-pass bin means/covariances are absent,original_n5000,original,5k,5000,4984,CNP,m0,matched_neural,1,103,500,20260909-phase2-b5000-m0-seed1-final-ctx-s103-n500-drop10100-mc50,25ea760f807a4548b6eaee5f2f6bdeb9cea39a13b4665886972063d10af474a8,cb7d86e6778e8d4da073fde1a651d248a020b95e28b22d0e3576e02ea35ab11e,True
figure1_1500_3000,242,58,43073,-0.14582392107843722,2.713786006500759,2.712096372018556,0.4669421487603306,0.7975206611570248,0.9214876033057852,9.42379762621796,unavailable: saved per-pass bin means/covariances are absent,original_n5000,original,5k,5000,4984,CNP,m0,matched_neural,1,103,500,20260909-phase2-b5000-m0-seed1-final-ctx-s103-n500-drop10100-mc50,25ea760f807a4548b6eaee5f2f6bdeb9cea39a13b4665886972063d10af474a8,cb7d86e6778e8d4da073fde1a651d248a020b95e28b22d0e3576e02ea35ab11e,True
full_500_3000,442,58,114299,-0.0897665733292888,3.470546631559186,3.467780489128014,0.4841628959276018,0.8076923076923077,0.9343891402714932,8.450284101648322,unavailable: saved per-pass bin means/covariances are absent,original_n5000,original,5k,5000,4984,CNP,m0,matched_neural,1,104,500,20260909-phase2-b5000-m0-seed1-final-ctx-s104-n500-drop10100-mc50,8adc839dfc7e22d20f37d24aac17a03fda50b3137cce982ab44dc70a8a7724dc,01fdf71badf46950aec0646cb0ab720798a09b20d2ff80ef58fa927534c86cb8,True
figure1_1500_3000,242,58,43073,-0.024671941546269376,2.7031389815762488,2.6976610252899316,0.48760330578512395,0.7892561983471075,0.9338842975206612,9.42379762621796,unavailable: saved per-pass bin means/covariances are absent,original_n5000,original,5k,5000,4984,CNP,m0,matched_neural,1,104,500,20260909-phase2-b5000-m0-seed1-final-ctx-s104-n500-drop10100-mc50,8adc839dfc7e22d20f37d24aac17a03fda50b3137cce982ab44dc70a8a7724dc,01fdf71badf46950aec0646cb0ab720798a09b20d2ff80ef58fa927534c86cb8,True
full_500_3000,442,58,114299,-0.1278228929759564,3.4848858049923708,3.4832874819527326,0.49095022624434387,0.8144796380090498,0.9343891402714932,8.450284101648322,unavailable: saved per-pass bin means/covariances are absent,original_n5000,original,5k,5000,4984,CNP,m0,matched_neural,1,105,500,20260909-phase2-b5000-m0-seed1-final-ctx-s105-n500-drop10100-mc50,a6c17b35a41b9c1a714e7335b3d77156dd1e6a26602a5a44f329341c84f8e30a,bf98e03a29c988cc15a7f7d2169424789194a0c554e25ce96660d9d0633f6b89,True
figure1_1500_3000,242,58,43073,-0.05598076508233574,2.7048595964294595,2.6998456957115997,0.48760330578512395,0.7933884297520661,0.9338842975206612,9.42379762621796,unavailable: saved per-pass bin means/covariances are absent,original_n5000,original,5k,5000,4984,CNP,m0,matched_neural,1,105,500,20260909-phase2-b5000-m0-seed1-final-ctx-s105-n500-drop10100-mc50,a6c17b35a41b9c1a714e7335b3d77156dd1e6a26602a5a44f329341c84f8e30a,bf98e03a29c988cc15a7f7d2169424789194a0c554e25ce96660d9d0633f6b89,True
full_500_3000,442,58,114299,-0.09071409435478589,3.471390607780679,3.468647878452633,0.4819004524886878,0.8076923076923077,0.9343891402714932,8.450284101648322,unavailable: saved per-pass bin means/covariances are absent,original_n5000,original,5k,5000,4984,CNP,m0,matched_neural,1,106,500,20260909-phase2-b5000-m0-seed1-final-ctx-s106-n500-drop10100-mc50,bc8d602121fd8fb42a1a1d73ff17ec12532b44e6862a1b74a5ead6774a575d7c,5355eff416158c22093d69ab8ac52e3635c9ebf2e93085e75ac1dfeb20ef2fae,True
figure1_1500_3000,242,58,43073,-0.012750158029057167,2.69993935572859,2.6943853617112405,0.4793388429752066,0.7892561983471075,0.9338842975206612,9.42379762621796,unavailable: saved per-pass bin means/covariances are absent,original_n5000,original,5k,5000,4984,CNP,m0,matched_neural,1,106,500,20260909-phase2-b5000-m0-seed1-final-ctx-s106-n500-drop10100-mc50,bc8d602121fd8fb42a1a1d73ff17ec12532b44e6862a1b74a5ead6774a575d7c,5355eff416158c22093d69ab8ac52e3635c9ebf2e93085e75ac1dfeb20ef2fae,True
full_500_3000,442,58,114299,-0.170793832548252,3.500772255051258,3.500978399135534,0.49095022624434387,0.8167420814479638,0.9298642533936652,8.450284101648322,unavailable: saved per-pass bin means/covariances are absent,original_n5000,original,5k,5000,4984,CNP,m0,matched_neural,1,107,500,20260909-phase2-b5000-m0-seed1-final-ctx-s107-n500-drop10100-mc50,aba96ddc02dd78726c117c9fe609b627a67a9abd01d079e36f83dabbfade4ac4,47e2562e5d239e6ab61bfeb2035b036ce35c3cf28a6e0538190e00515fb452a7,True
figure1_1500_3000,242,58,43073,-0.104852892544018,2.709421834937464,2.7058503720003433,0.47520661157024796,0.7933884297520661,0.9256198347107438,9.42379762621796,unavailable: saved per-pass bin means/covariances are absent,original_n5000,original,5k,5000,4984,CNP,m0,matched_neural,1,107,500,20260909-phase2-b5000-m0-seed1-final-ctx-s107-n500-drop10100-mc50,aba96ddc02dd78726c117c9fe609b627a67a9abd01d079e36f83dabbfade4ac4,47e2562e5d239e6ab61bfeb2035b036ce35c3cf28a6e0538190e00515fb452a7,True
full_500_3000,442,58,114299,-0.23154454047128725,3.5239647440280564,3.527583397704627,0.48868778280542985,0.8212669683257918,0.9253393665158371,8.450284101648322,unavailable: saved per-pass bin means/covariances are absent,original_n5000,original,5k,5000,4984,CNP,m0,matched_neural,1,108,500,20260909-phase2-b5000-m0-seed1-final-ctx-s108-n500-drop10100-mc50,59ab7c72c0ba623db90f9a1fb12e381c0af000458e9fd3294bb41cde41eaa517,d549be096bf3548689ba544c2bd3a8e4d788c2586452ebea9457d3f35a203b75,True
figure1_1500_3000,242,58,43073,-0.16735084452189586,2.7148864821095704,2.7144350895772966,0.47520661157024796,0.8016528925619835,0.9173553719008265,9.42379762621796,unavailable: saved per-pass bin means/covariances are absent,original_n5000,original,5k,5000,4984,CNP,m0,matched_neural,1,108,500,20260909-phase2-b5000-m0-seed1-final-ctx-s108-n500-drop10100-mc50,59ab7c72c0ba623db90f9a1fb12e381c0af000458e9fd3294bb41cde41eaa517,d549be096bf3548689ba544c2bd3a8e4d788c2586452ebea9457d3f35a203b75,True
full_500_3000,442,58,114299,-0.018080417185269964,3.4462127240510005,3.442359568384347,0.4796380090497738,0.8031674208144797,0.9343891402714932,8.450284101648322,unavailable: saved per-pass bin means/covariances are absent,original_n5000,original,5k,5000,4984,CNP,m0,matched_neural,1,109,500,20260909-phase2-b5000-m0-seed1-final-ctx-s109-n500-drop10100-mc50,34db4b122b11a8b4260735e82cb683a89af749ea34337d118fd95ab521c1fa61,b1cd31d369ad81ef2eaffa3d20919e5b6aabcf72c42992f73defc4561b1eb1f5,True
figure1_1500_3000,242,58,43073,0.06318503948921914,2.6970757308183853,2.692239049006235,0.4793388429752066,0.7975206611570248,0.9338842975206612,9.42379762621796,unavailable: saved per-pass bin means/covariances are absent,original_n5000,original,5k,5000,4984,CNP,m0,matched_neural,1,109,500,20260909-phase2-b5000-m0-seed1-final-ctx-s109-n500-drop10100-mc50,34db4b122b11a8b4260735e82cb683a89af749ea34337d118fd95ab521c1fa61,b1cd31d369ad81ef2eaffa3d20919e5b6aabcf72c42992f73defc4561b1eb1f5,True
full_500_3000,442,58,114299,-0.8433801018969935,3.850499436618706,3.93752360483673,0.4751131221719457,0.8099547511312217,0.9140271493212669,8.450284101648322,unavailable: saved per-pass bin means/covariances are absent,original_n5000,original,5k,5000,4984,CNP,m0,matched_neural,2,100,500,20260909-phase2-b5000-m0-seed2-final-ctx-s100-n500-drop10100-mc50,8359fbb9040d4b309772e897525ef8bc367954baef14573241e274e72ebbc335,af61406bd350b114bd0683db1554cafd88994cebffeff13633519514d99c94f1,True
figure1_1500_3000,242,58,43073,-0.7013259031506152,2.910694080817579,2.9881414309615,0.43388429752066116,0.7768595041322314,0.9049586776859504,9.42379762621796,unavailable: saved per-pass bin means/covariances are absent,original_n5000,original,5k,5000,4984,CNP,m0,matched_neural,2,100,500,20260909-phase2-b5000-m0-seed2-final-ctx-s100-n500-drop10100-mc50,8359fbb9040d4b309772e897525ef8bc367954baef14573241e274e72ebbc335,af61406bd350b114bd0683db1554cafd88994cebffeff13633519514d99c94f1,True
full_500_3000,442,58,114299,-0.9004488610038511,3.8904705768894314,3.989025652594572,0.47737556561085975,0.8099547511312217,0.9117647058823529,8.450284101648322,unavailable: saved per-pass bin means/covariances are absent,original_n5000,original,5k,5000,4984,CNP,m0,matched_neural,2,101,500,20260909-phase2-b5000-m0-seed2-final-ctx-s101-n500-drop10100-mc50,72429bfc17f1d65eb71fe3239837b7d15ab4fa061c2fb35a04e30ed33f62847c,3fd3a8b826d86ed4408bac9063a6332c999469363a9cb78b7b9c485b277ded92,True
figure1_1500_3000,242,58,43073,-0.7567537620388513,2.9345955192247803,3.0247216330151097,0.44214876033057854,0.7768595041322314,0.9049586776859504,9.42379762621796,unavailable: saved per-pass bin means/covariances are absent,original_n5000,original,5k,5000,4984,CNP,m0,matched_neural,2,101,500,20260909-phase2-b5000-m0-seed2-final-ctx-s101-n500-drop10100-mc50,72429bfc17f1d65eb71fe3239837b7d15ab4fa061c2fb35a04e30ed33f62847c,3fd3a8b826d86ed4408bac9063a6332c999469363a9cb78b7b9c485b277ded92,True
full_500_3000,442,58,114299,-0.8199736738705627,3.8395879327383766,3.9219176932485054,0.47737556561085975,0.8167420814479638,0.9095022624434389,8.450284101648322,unavailable: saved per-pass bin means/covariances are absent,original_n5000,original,5k,5000,4984,CNP,m0,matched_neural,2,102,500,20260909-phase2-b5000-m0-seed2-final-ctx-s102-n500-drop10100-mc50,3828df14d6a7559ef4e242f050edb650ab3173bbc6a225f9a23bb0fddef5ecd4,be345bac6bbf1382c86b6ced2285c83abe49c4f1e8f0d5efd99c4bf547f1f5d6,True
figure1_1500_3000,242,58,43073,-0.6782043333967498,2.9044446592768214,2.9767265954400486,0.4380165289256198,0.7851239669421488,0.8966942148760331,9.42379762621796,unavailable: saved per-pass bin means/covariances are absent,original_n5000,original,5k,5000,4984,CNP,m0,matched_neural,2,102,500,20260909-phase2-b5000-m0-seed2-final-ctx-s102-n500-drop10100-mc50,3828df14d6a7559ef4e242f050edb650ab3173bbc6a225f9a23bb0fddef5ecd4,be345bac6bbf1382c86b6ced2285c83abe49c4f1e8f0d5efd99c4bf547f1f5d6,True
full_500_3000,442,58,114299,-0.8930970738867398,3.913919848829139,4.010203625624363,0.4751131221719457,0.8122171945701357,0.9095022624434389,8.450284101648322,unavailable: saved per-pass bin means/covariances are absent,original_n5000,original,5k,5000,4984,CNP,m0,matched_neural,2,103,500,20260909-phase2-b5000-m0-seed2-final-ctx-s103-n500-drop10100-mc50,cac56e5152ef627e91393b06055b468f345e01c512aed5061c64c382e870e54c,407cf732fa6e058e7ee37e9db5208d6b5a12bdec306ff08f26d7db377d7ae0e5,True
figure1_1500_3000,242,58,43073,-0.7530531859132987,2.956166044620762,3.0446503172099026,0.4297520661157025,0.7768595041322314,0.8966942148760331,9.42379762621796,unavailable: saved per-pass bin means/covariances are absent,original_n5000,original,5k,5000,4984,CNP,m0,matched_neural,2,103,500,20260909-phase2-b5000-m0-seed2-final-ctx-s103-n500-drop10100-mc50,cac56e5152ef627e91393b06055b468f345e01c512aed5061c64c382e870e54c,407cf732fa6e058e7ee37e9db5208d6b5a12bdec306ff08f26d7db377d7ae0e5,True
full_500_3000,442,58,114299,-0.8218528236852646,3.866111485719338,3.948220327368828,0.4796380090497738,0.8144796380090498,0.9117647058823529,8.450284101648322,unavailable: saved per-pass bin means/covariances are absent,original_n5000,original,5k,5000,4984,CNP,m0,matched_neural,2,104,500,20260909-phase2-b5000-m0-seed2-final-ctx-s104-n500-drop10100-mc50,8a104402d42c74a260dd1710ccf060eb91b950ff42376149331f1d99c6a92941,8826368afd9642de9563f9234c56b9fa5cf7e890a1be436a7729aded050b893c,True
figure1_1500_3000,242,58,43073,-0.6820724873555393,2.925059630957504,2.9976393143344855,0.4380165289256198,0.78099173553719,0.9008264462809917,9.42379762621796,unavailable: saved per-pass bin means/covariances are absent,original_n5000,original,5k,5000,4984,CNP,m0,matched_neural,2,104,500,20260909-phase2-b5000-m0-seed2-final-ctx-s104-n500-drop10100-mc50,8a104402d42c74a260dd1710ccf060eb91b950ff42376149331f1d99c6a92941,8826368afd9642de9563f9234c56b9fa5cf7e890a1be436a7729aded050b893c,True
full_500_3000,442,58,114299,-0.799136585205105,3.857479828031492,3.9351117400061932,0.4819004524886878,0.8167420814479638,0.9095022624434389,8.450284101648322,unavailable: saved per-pass bin means/covariances are absent,original_n5000,original,5k,5000,4984,CNP,m0,matched_neural,2,105,500,20260909-phase2-b5000-m0-seed2-final-ctx-s105-n500-drop10100-mc50,1911383077bcfd9732f806390dc3816ae30ffac27f3097c22629499293eb9a90,f538adbd78a9fc5bd313582fcfee26a4ada0f839a3ba613bc1b3285785dbcb9c,True
figure1_1500_3000,242,58,43073,-0.6617159764444599,2.9228439037722533,2.9909167153708394,0.43388429752066116,0.7851239669421488,0.8966942148760331,9.42379762621796,unavailable: saved per-pass bin means/covariances are absent,original_n5000,original,5k,5000,4984,CNP,m0,matched_neural,2,105,500,20260909-phase2-b5000-m0-seed2-final-ctx-s105-n500-drop10100-mc50,1911383077bcfd9732f806390dc3816ae30ffac27f3097c22629499293eb9a90,f538adbd78a9fc5bd313582fcfee26a4ada0f839a3ba613bc1b3285785dbcb9c,True
full_500_3000,442,58,114299,-0.8323754976938479,3.8618473464336773,3.946260523643189,0.4796380090497738,0.8144796380090498,0.9140271493212669,8.450284101648322,unavailable: saved per-pass bin means/covariances are absent,original_n5000,original,5k,5000,4984,CNP,m0,matched_neural,2,106,500,20260909-phase2-b5000-m0-seed2-final-ctx-s106-n500-drop10100-mc50,787fc5e3b0540a60fbf61915df6153701d856bcd950da753630fc16b07fd16ee,6de3b3356f8b0458c6b76f2a0dd56626450c869a1fefd25c421f71bc233c3d00,True
figure1_1500_3000,242,58,43073,-0.6901312146323915,2.918716830329547,2.9933237262533603,0.4380165289256198,0.78099173553719,0.9049586776859504,9.42379762621796,unavailable: saved per-pass bin means/covariances are absent,original_n5000,original,5k,5000,4984,CNP,m0,matched_neural,2,106,500,20260909-phase2-b5000-m0-seed2-final-ctx-s106-n500-drop10100-mc50,787fc5e3b0540a60fbf61915df6153701d856bcd950da753630fc16b07fd16ee,6de3b3356f8b0458c6b76f2a0dd56626450c869a1fefd25c421f71bc233c3d00,True
full_500_3000,442,58,114299,-0.825241206877755,3.8744036211792574,3.957027283597794,0.4796380090497738,0.8167420814479638,0.9140271493212669,8.450284101648322,unavailable: saved per-pass bin means/covariances are absent,original_n5000,original,5k,5000,4984,CNP,m0,matched_neural,2,107,500,20260909-phase2-b5000-m0-seed2-final-ctx-s107-n500-drop10100-mc50,449c469a7f1060065655036280b061e7c0d85835deba392f27cf00887f66bc10,6591ac10a01117f35c21570bbe8ac537d28fb6f86453f5d2b61831136764eb7f,True
figure1_1500_3000,242,58,43073,-0.6869633159656513,2.9325346717755556,3.006017631676378,0.4297520661157025,0.7851239669421488,0.9049586776859504,9.42379762621796,unavailable: saved per-pass bin means/covariances are absent,original_n5000,original,5k,5000,4984,CNP,m0,matched_neural,2,107,500,20260909-phase2-b5000-m0-seed2-final-ctx-s107-n500-drop10100-mc50,449c469a7f1060065655036280b061e7c0d85835deba392f27cf00887f66bc10,6591ac10a01117f35c21570bbe8ac537d28fb6f86453f5d2b61831136764eb7f,True
full_500_3000,442,58,114299,-0.9153840435533703,3.925559288581582,4.0265468315150015,0.47737556561085975,0.8099547511312217,0.9072398190045249,8.450284101648322,unavailable: saved per-pass bin means/covariances are absent,original_n5000,original,5k,5000,4984,CNP,m0,matched_neural,2,108,500,20260909-phase2-b5000-m0-seed2-final-ctx-s108-n500-drop10100-mc50,0000a682f23f6451e774301685cfa6d90c43aedd2d80f04adc0f1c4b541eb8e9,d46a35503c3a55df5d5998af5bb2f09c75df4d0625737a0e1cd29a17f8d22b6d,True
figure1_1500_3000,242,58,43073,-0.7740903845953958,2.9622594697421767,3.055803795541832,0.4297520661157025,0.7768595041322314,0.8925619834710744,9.42379762621796,unavailable: saved per-pass bin means/covariances are absent,original_n5000,original,5k,5000,4984,CNP,m0,matched_neural,2,108,500,20260909-phase2-b5000-m0-seed2-final-ctx-s108-n500-drop10100-mc50,0000a682f23f6451e774301685cfa6d90c43aedd2d80f04adc0f1c4b541eb8e9,d46a35503c3a55df5d5998af5bb2f09c75df4d0625737a0e1cd29a17f8d22b6d,True
full_500_3000,442,58,114299,-0.7718624641365842,3.8251914422270445,3.898045274004071,0.4819004524886878,0.8212669683257918,0.9117647058823529,8.450284101648322,unavailable: saved per-pass bin means/covariances are absent,original_n5000,original,5k,5000,4984,CNP,m0,matched_neural,2,109,500,20260909-phase2-b5000-m0-seed2-final-ctx-s109-n500-drop10100-mc50,3f36a526ec721ccb266a69c5c7e0733c7791843b0e1f42909a401ae9d8ef8cfb,c67f11a46bb15116c1853f36ba150c1756e1f15a357ac547f630b0198051cc20,True
figure1_1500_3000,242,58,43073,-0.6325605918209743,2.899575361793787,2.961912944612819,0.43388429752066116,0.7933884297520661,0.9008264462809917,9.42379762621796,unavailable: saved per-pass bin means/covariances are absent,original_n5000,original,5k,5000,4984,CNP,m0,matched_neural,2,109,500,20260909-phase2-b5000-m0-seed2-final-ctx-s109-n500-drop10100-mc50,3f36a526ec721ccb266a69c5c7e0733c7791843b0e1f42909a401ae9d8ef8cfb,c67f11a46bb15116c1853f36ba150c1756e1f15a357ac547f630b0198051cc20,True
full_500_3000,442,58,114299,0.28438831773837636,3.298824836621158,3.307340556019127,0.4343891402714932,0.7330316742081447,0.8959276018099548,8.450284101648322,unavailable: saved per-pass bin means/covariances are absent,original_n5000,original,5k,5000,4984,Attentive CNP,m1,matched_neural,0,100,500,20260909-phase2-b5000-m1-seed0-final-ctx-s100-n500-drop10100-mc50,003fa748c86b988d4acbe1b9d22ce189c6359c004e44dff2412125785a2f5bb4,7abc2e20b4650ed2fc9f864bcf47f0aea39d882de1e886bf22d024b49798025d,True
figure1_1500_3000,242,58,43073,0.14510076306775457,2.8187922378167243,2.8167021312542344,0.44214876033057854,0.7479338842975206,0.8966942148760331,9.42379762621796,unavailable: saved per-pass bin means/covariances are absent,original_n5000,original,5k,5000,4984,Attentive CNP,m1,matched_neural,0,100,500,20260909-phase2-b5000-m1-seed0-final-ctx-s100-n500-drop10100-mc50,003fa748c86b988d4acbe1b9d22ce189c6359c004e44dff2412125785a2f5bb4,7abc2e20b4650ed2fc9f864bcf47f0aea39d882de1e886bf22d024b49798025d,True
full_500_3000,442,58,114299,0.26626649571687705,3.280455753569304,3.2875432714686474,0.4411764705882353,0.7330316742081447,0.8981900452488688,8.450284101648322,unavailable: saved per-pass bin means/covariances are absent,original_n5000,original,5k,5000,4984,Attentive CNP,m1,matched_neural,0,101,500,20260909-phase2-b5000-m1-seed0-final-ctx-s101-n500-drop10100-mc50,082ae5e1379af42d40473e02162a0f7ca761be49899f99f43adb9fae8ef971e8,ad6b69f06f45b2cd24abb962fb1e0d4d7b09a5f0a4d7081feef2682f48693c5b,True
figure1_1500_3000,242,58,43073,0.12466622308680482,2.8157258549960007,2.8126663750724226,0.45867768595041325,0.7520661157024794,0.8966942148760331,9.42379762621796,unavailable: saved per-pass bin means/covariances are absent,original_n5000,original,5k,5000,4984,Attentive CNP,m1,matched_neural,0,101,500,20260909-phase2-b5000-m1-seed0-final-ctx-s101-n500-drop10100-mc50,082ae5e1379af42d40473e02162a0f7ca761be49899f99f43adb9fae8ef971e8,ad6b69f06f45b2cd24abb962fb1e0d4d7b09a5f0a4d7081feef2682f48693c5b,True
full_500_3000,442,58,114299,0.2579609451121484,3.2932617442117182,3.2996332023130615,0.43665158371040724,0.7375565610859729,0.8959276018099548,8.450284101648322,unavailable: saved per-pass bin means/covariances are absent,original_n5000,original,5k,5000,4984,Attentive CNP,m1,matched_neural,0,102,500,20260909-phase2-b5000-m1-seed0-final-ctx-s102-n500-drop10100-mc50,e88c7c4619c535237699ca288e78dbbd8794422035d07f9db511c04103a0fc85,a0faa3666e953eed8cf14716720debf27c583bb59ca3ae9455a411222654a0c0,True
figure1_1500_3000,242,58,43073,0.12207237171119016,2.816238391066829,2.8130635952656236,0.4462809917355372,0.756198347107438,0.8966942148760331,9.42379762621796,unavailable: saved per-pass bin means/covariances are absent,original_n5000,original,5k,5000,4984,Attentive CNP,m1,matched_neural,0,102,500,20260909-phase2-b5000-m1-seed0-final-ctx-s102-n500-drop10100-mc50,e88c7c4619c535237699ca288e78dbbd8794422035d07f9db511c04103a0fc85,a0faa3666e953eed8cf14716720debf27c583bb59ca3ae9455a411222654a0c0,True
full_500_3000,442,58,114299,0.32365684213893187,3.277708763661103,3.289957782883123,0.43891402714932126,0.7285067873303167,0.8959276018099548,8.450284101648322,unavailable: saved per-pass bin means/covariances are absent,original_n5000,original,5k,5000,4984,Attentive CNP,m1,matched_neural,0,103,500,20260909-phase2-b5000-m1-seed0-final-ctx-s103-n500-drop10100-mc50,7350c5df47636d43718b24e6d5195846f4a8bde383de98b80b86184e2b659908,682a885c9147322917b9e9f249834ad2f32ea4a76b38688ba8cc59c3855734fa,True
figure1_1500_3000,242,58,43073,0.17036428650606011,2.8184901879267925,2.8178156345772045,0.45454545454545453,0.743801652892562,0.8966942148760331,9.42379762621796,unavailable: saved per-pass bin means/covariances are absent,original_n5000,original,5k,5000,4984,Attentive CNP,m1,matched_neural,0,103,500,20260909-phase2-b5000-m1-seed0-final-ctx-s103-n500-drop10100-mc50,7350c5df47636d43718b24e6d5195846f4a8bde383de98b80b86184e2b659908,682a885c9147322917b9e9f249834ad2f32ea4a76b38688ba8cc59c3855734fa,True
full_500_3000,442,58,114299,0.2996418085155303,3.275038943351111,3.2850264225516037,0.4343891402714932,0.7330316742081447,0.8959276018099548,8.450284101648322,unavailable: saved per-pass bin means/covariances are absent,original_n5000,original,5k,5000,4984,Attentive CNP,m1,matched_neural,0,104,500,20260909-phase2-b5000-m1-seed0-final-ctx-s104-n500-drop10100-mc50,554a7eec4fea57028eb3f707f8748529c70cc4a4e2af3241552dd99268dca456,362920edb7b92f16b720765d40f4be82c483836f77eb8631cd7fb6a644dc38e7,True
figure1_1500_3000,242,58,43073,0.1608681451571178,2.8095263136485036,2.808326753490493,0.4462809917355372,0.7520661157024794,0.8966942148760331,9.42379762621796,unavailable: saved per-pass bin means/covariances are absent,original_n5000,original,5k,5000,4984,Attentive CNP,m1,matched_neural,0,104,500,20260909-phase2-b5000-m1-seed0-final-ctx-s104-n500-drop10100-mc50,554a7eec4fea57028eb3f707f8748529c70cc4a4e2af3241552dd99268dca456,362920edb7b92f16b720765d40f4be82c483836f77eb8631cd7fb6a644dc38e7,True
full_500_3000,442,58,114299,0.31163788095976,3.284336234937555,3.2953873827137645,0.43891402714932126,0.7307692307692307,0.8959276018099548,8.450284101648322,unavailable: saved per-pass bin means/covariances are absent,original_n5000,original,5k,5000,4984,Attentive CNP,m1,matched_neural,0,105,500,20260909-phase2-b5000-m1-seed0-final-ctx-s105-n500-drop10100-mc50,13fc01095e8985cbae2b7cc9b510a90710afaaaa14932afeee5623c3cc3e00cb,b4b87bf863625e5adf4b7493c6efc18f430aa2d77b6ad9cd3695972373d4bd5f,True
figure1_1500_3000,242,58,43073,0.17004144052277015,2.8137161692155255,2.8130406861291033,0.45454545454545453,0.7479338842975206,0.8966942148760331,9.42379762621796,unavailable: saved per-pass bin means/covariances are absent,original_n5000,original,5k,5000,4984,Attentive CNP,m1,matched_neural,0,105,500,20260909-phase2-b5000-m1-seed0-final-ctx-s105-n500-drop10100-mc50,13fc01095e8985cbae2b7cc9b510a90710afaaaa14932afeee5623c3cc3e00cb,b4b87bf863625e5adf4b7493c6efc18f430aa2d77b6ad9cd3695972373d4bd5f,True
full_500_3000,442,58,114299,0.3082706650500204,3.2794230442136114,3.2901845839659254,0.4321266968325792,0.7307692307692307,0.8959276018099548,8.450284101648322,unavailable: saved per-pass bin means/covariances are absent,original_n5000,original,5k,5000,4984,Attentive CNP,m1,matched_neural,0,106,500,20260909-phase2-b5000-m1-seed0-final-ctx-s106-n500-drop10100-mc50,f227229b8f39e29f5f57836769c281df65e43490983d8a6755a6bab8e2c54068,e8e4c20a76e8b6a9bc0ef4c7c00d34c1fefabb09737cd3764cf8757e1f225f32,True
figure1_1500_3000,242,58,43073,0.16673283031473454,2.812949703220625,2.812079092029818,0.4462809917355372,0.7479338842975206,0.8966942148760331,9.42379762621796,unavailable: saved per-pass bin means/covariances are absent,original_n5000,original,5k,5000,4984,Attentive CNP,m1,matched_neural,0,106,500,20260909-phase2-b5000-m1-seed0-final-ctx-s106-n500-drop10100-mc50,f227229b8f39e29f5f57836769c281df65e43490983d8a6755a6bab8e2c54068,e8e4c20a76e8b6a9bc0ef4c7c00d34c1fefabb09737cd3764cf8757e1f225f32,True
full_500_3000,442,58,114299,0.3038681538768955,3.2786208500432013,3.288977155030723,0.4343891402714932,0.7307692307692307,0.8959276018099548,8.450284101648322,unavailable: saved per-pass bin means/covariances are absent,original_n5000,original,5k,5000,4984,Attentive CNP,m1,matched_neural,0,107,500,20260909-phase2-b5000-m1-seed0-final-ctx-s107-n500-drop10100-mc50,49a786604d121214703339221cff978445d791b706e889c4a11d3f959e2d8059,85d647739f337f5280b9ae66998a109a19640f7ea775d6ff96357c6ee1f4c60e,True
figure1_1500_3000,242,58,43073,0.16224875907925854,2.812188189803379,2.8110581149934615,0.4462809917355372,0.7479338842975206,0.8966942148760331,9.42379762621796,unavailable: saved per-pass bin means/covariances are absent,original_n5000,original,5k,5000,4984,Attentive CNP,m1,matched_neural,0,107,500,20260909-phase2-b5000-m1-seed0-final-ctx-s107-n500-drop10100-mc50,49a786604d121214703339221cff978445d791b706e889c4a11d3f959e2d8059,85d647739f337f5280b9ae66998a109a19640f7ea775d6ff96357c6ee1f4c60e,True
full_500_3000,442,58,114299,0.3049818388052076,3.27326394645471,3.283752485346356,0.4343891402714932,0.7330316742081447,0.8936651583710408,8.450284101648322,unavailable: saved per-pass bin means/covariances are absent,original_n5000,original,5k,5000,4984,Attentive CNP,m1,matched_neural,0,108,500,20260909-phase2-b5000-m1-seed0-final-ctx-s108-n500-drop10100-mc50,744595f76526199c78dc7f44818c4aac73363747abf2193fc98795eea835b3c8,39aa27fe0f97599c7f99ef43123aa168ac2fa6934892094658b8487f4190d50a,True
figure1_1500_3000,242,58,43073,0.15559535031136823,2.814619487663921,2.813104493933323,0.4462809917355372,0.7520661157024794,0.8966942148760331,9.42379762621796,unavailable: saved per-pass bin means/covariances are absent,original_n5000,original,5k,5000,4984,Attentive CNP,m1,matched_neural,0,108,500,20260909-phase2-b5000-m1-seed0-final-ctx-s108-n500-drop10100-mc50,744595f76526199c78dc7f44818c4aac73363747abf2193fc98795eea835b3c8,39aa27fe0f97599c7f99ef43123aa168ac2fa6934892094658b8487f4190d50a,True
full_500_3000,442,58,114299,0.28923371036905837,3.2871197406294357,3.296113813830282,0.43665158371040724,0.7352941176470589,0.8959276018099548,8.450284101648322,unavailable: saved per-pass bin means/covariances are absent,original_n5000,original,5k,5000,4984,Attentive CNP,m1,matched_neural,0,109,500,20260909-phase2-b5000-m1-seed0-final-ctx-s109-n500-drop10100-mc50,4c8464d7c882da2ebff101eace76a1a0f56c141bc88c9b09c24c73898996c14d,df1390583e61164c897066538e12d717884d0c04b00fe5d2c7a32b6d80c36206,True
figure1_1500_3000,242,58,43073,0.15480252143036768,2.811709248873277,2.8101609388511646,0.4462809917355372,0.756198347107438,0.8966942148760331,9.42379762621796,unavailable: saved per-pass bin means/covariances are absent,original_n5000,original,5k,5000,4984,Attentive CNP,m1,matched_neural,0,109,500,20260909-phase2-b5000-m1-seed0-final-ctx-s109-n500-drop10100-mc50,4c8464d7c882da2ebff101eace76a1a0f56c141bc88c9b09c24c73898996c14d,df1390583e61164c897066538e12d717884d0c04b00fe5d2c7a32b6d80c36206,True
full_500_3000,442,58,114299,0.3096812369005281,3.3125066542442343,3.3232179719395196,0.4343891402714932,0.7217194570135747,0.9049773755656109,8.450284101648322,unavailable: saved per-pass bin means/covariances are absent,original_n5000,original,5k,5000,4984,Attentive CNP,m1,matched_neural,1,100,500,20260909-phase2-b5000-m1-seed1-final-ctx-s100-n500-drop10100-mc50,1a5a8e768bad9a441e43844b458faaef17d24c0b5c4e830e5494df84e68e78f9,22d248247321337720d7481dea18f436f03f6b2057080749c0991920e5134525,True
figure1_1500_3000,242,58,43073,0.14751512008640275,2.8301275706854265,2.8281239656640698,0.45454545454545453,0.731404958677686,0.9049586776859504,9.42379762621796,unavailable: saved per-pass bin means/covariances are absent,original_n5000,original,5k,5000,4984,Attentive CNP,m1,matched_neural,1,100,500,20260909-phase2-b5000-m1-seed1-final-ctx-s100-n500-drop10100-mc50,1a5a8e768bad9a441e43844b458faaef17d24c0b5c4e830e5494df84e68e78f9,22d248247321337720d7481dea18f436f03f6b2057080749c0991920e5134525,True
full_500_3000,442,58,114299,0.30281974329348965,3.3145305802708074,3.3245988186961846,0.43665158371040724,0.7239819004524887,0.9049773755656109,8.450284101648322,unavailable: saved per-pass bin means/covariances are absent,original_n5000,original,5k,5000,4984,Attentive CNP,m1,matched_neural,1,101,500,20260909-phase2-b5000-m1-seed1-final-ctx-s101-n500-drop10100-mc50,f08137a446e2a8f3651fc1e9e72c72e37da7fb4f0e993a15e431ef76011ed629,69943623703abfbc2ad235fb46eba620c2fe7d0601da3d7af82f81631623abc3,True
figure1_1500_3000,242,58,43073,0.14644726629391322,2.8217862843139545,2.819755633947551,0.45454545454545453,0.7355371900826446,0.9049586776859504,9.42379762621796,unavailable: saved per-pass bin means/covariances are absent,original_n5000,original,5k,5000,4984,Attentive CNP,m1,matched_neural,1,101,500,20260909-phase2-b5000-m1-seed1-final-ctx-s101-n500-drop10100-mc50,f08137a446e2a8f3651fc1e9e72c72e37da7fb4f0e993a15e431ef76011ed629,69943623703abfbc2ad235fb46eba620c2fe7d0601da3d7af82f81631623abc3,True
full_500_3000,442,58,114299,0.3169187350247007,3.3042405577997807,3.31568119368231,0.4321266968325792,0.7217194570135747,0.9027149321266968,8.450284101648322,unavailable: saved per-pass bin means/covariances are absent,original_n5000,original,5k,5000,4984,Attentive CNP,m1,matched_neural,1,102,500,20260909-phase2-b5000-m1-seed1-final-ctx-s102-n500-drop10100-mc50,e8eaecf94524a6bc2e31b6423331dd1d44173909e88ac96615cdf37b56817aaa,e4d605bc997c460e694bb8f35d85b45349a95f7aad367718a7a47b60e2a17f29,True
figure1_1500_3000,242,58,43073,0.15802370099591204,2.8161794715026676,2.814794153906295,0.45867768595041325,0.7355371900826446,0.9049586776859504,9.42379762621796,unavailable: saved per-pass bin means/covariances are absent,original_n5000,original,5k,5000,4984,Attentive CNP,m1,matched_neural,1,102,500,20260909-phase2-b5000-m1-seed1-final-ctx-s102-n500-drop10100-mc50,e8eaecf94524a6bc2e31b6423331dd1d44173909e88ac96615cdf37b56817aaa,e4d605bc997c460e694bb8f35d85b45349a95f7aad367718a7a47b60e2a17f29,True
full_500_3000,442,58,114299,0.2989225199378467,3.3376374373291147,3.3472339498501897,0.416289592760181,0.7149321266968326,0.9027149321266968,8.450284101648322,unavailable: saved per-pass bin means/covariances are absent,original_n5000,original,5k,5000,4984,Attentive CNP,m1,matched_neural,1,103,500,20260909-phase2-b5000-m1-seed1-final-ctx-s103-n500-drop10100-mc50,71692727936741e30391ddf840b1fac9d97701242a17ab84e413df7146cd8530,db4e35c670aebabaef15b3ac89399124f801f3306b83451d23b5950acc9fc066,True
figure1_1500_3000,242,58,43073,0.1404157476038025,2.864419821837255,2.8619421637536173,0.41735537190082644,0.71900826446281,0.9008264462809917,9.42379762621796,unavailable: saved per-pass bin means/covariances are absent,original_n5000,original,5k,5000,4984,Attentive CNP,m1,matched_neural,1,103,500,20260909-phase2-b5000-m1-seed1-final-ctx-s103-n500-drop10100-mc50,71692727936741e30391ddf840b1fac9d97701242a17ab84e413df7146cd8530,db4e35c670aebabaef15b3ac89399124f801f3306b83451d23b5950acc9fc066,True
full_500_3000,442,58,114299,0.3042767261829439,3.322794226432396,3.3329515817769133,0.4298642533936652,0.7149321266968326,0.9049773755656109,8.450284101648322,unavailable: saved per-pass bin means/covariances are absent,original_n5000,original,5k,5000,4984,Attentive CNP,m1,matched_neural,1,104,500,20260909-phase2-b5000-m1-seed1-final-ctx-s104-n500-drop10100-mc50,eab00a014a2608434c9391d8a1fb311abc2259272268b1f2134b2a2defc42af7,471dd6d8aeb57278183a7c5daccf7dca95d0e07b68b446281cec1af4f1c8df0f,True
figure1_1500_3000,242,58,43073,0.1459974007261252,2.8414624190750812,2.839341589353173,0.44214876033057854,0.71900826446281,0.9049586776859504,9.42379762621796,unavailable: saved per-pass bin means/covariances are absent,original_n5000,original,5k,5000,4984,Attentive CNP,m1,matched_neural,1,104,500,20260909-phase2-b5000-m1-seed1-final-ctx-s104-n500-drop10100-mc50,eab00a014a2608434c9391d8a1fb311abc2259272268b1f2134b2a2defc42af7,471dd6d8aeb57278183a7c5daccf7dca95d0e07b68b446281cec1af4f1c8df0f,True
full_500_3000,442,58,114299,0.3105881995770084,3.3264224741652546,3.337142096772044,0.42081447963800905,0.7126696832579186,0.9049773755656109,8.450284101648322,unavailable: saved per-pass bin means/covariances are absent,original_n5000,original,5k,5000,4984,Attentive CNP,m1,matched_neural,1,105,500,20260909-phase2-b5000-m1-seed1-final-ctx-s105-n500-drop10100-mc50,51df380d8a78224ed778902bed38c3a7a758dc0ab12d62f522f55c1ff13840b7,dd07d31746990f0c4fbfd1ccb1e27211a7066ec5398c425a822ef352630e909d,True
figure1_1500_3000,242,58,43073,0.15266752263854172,2.853377443330612,2.8515656328588515,0.4256198347107438,0.7148760330578512,0.9049586776859504,9.42379762621796,unavailable: saved per-pass bin means/covariances are absent,original_n5000,original,5k,5000,4984,Attentive CNP,m1,matched_neural,1,105,500,20260909-phase2-b5000-m1-seed1-final-ctx-s105-n500-drop10100-mc50,51df380d8a78224ed778902bed38c3a7a758dc0ab12d62f522f55c1ff13840b7,dd07d31746990f0c4fbfd1ccb1e27211a7066ec5398c425a822ef352630e909d,True
full_500_3000,442,58,114299,0.3025469640506845,3.3213600388615525,3.33136746413597,0.4298642533936652,0.7171945701357466,0.9049773755656109,8.450284101648322,unavailable: saved per-pass bin means/covariances are absent,original_n5000,original,5k,5000,4984,Attentive CNP,m1,matched_neural,1,106,500,20260909-phase2-b5000-m1-seed1-final-ctx-s106-n500-drop10100-mc50,eb4500ba13351af339086abed0fbc31fced2c9acb5a24aa0b91f08c5e8987bbd,87202fd0f6082f5390cf6535f15affeffac26d6b183d0b6649600e17b6ab11da,True
figure1_1500_3000,242,58,43073,0.13969761025495264,2.8423992063984347,2.8399583464353513,0.44214876033057854,0.7231404958677686,0.9049586776859504,9.42379762621796,unavailable: saved per-pass bin means/covariances are absent,original_n5000,original,5k,5000,4984,Attentive CNP,m1,matched_neural,1,106,500,20260909-phase2-b5000-m1-seed1-final-ctx-s106-n500-drop10100-mc50,eb4500ba13351af339086abed0fbc31fced2c9acb5a24aa0b91f08c5e8987bbd,87202fd0f6082f5390cf6535f15affeffac26d6b183d0b6649600e17b6ab11da,True
full_500_3000,442,58,114299,0.30470664069951714,3.3302841796267915,3.34044107308358,0.4230769230769231,0.7149321266968326,0.9049773755656109,8.450284101648322,unavailable: saved per-pass bin means/covariances are absent,original_n5000,original,5k,5000,4984,Attentive CNP,m1,matched_neural,1,107,500,20260909-phase2-b5000-m1-seed1-final-ctx-s107-n500-drop10100-mc50,7b06d0d2b282b0c176e3e5a4e8630f9fbcdb92fda6c6b9ad257c12a5e2fe6c94,1e2dbdf134faa1a5218e8585504150adce67efeaf28d2b1abe3f4f8649d9c6c0,True
figure1_1500_3000,242,58,43073,0.1483129668325114,2.85343666535932,2.8513948331836096,0.4297520661157025,0.71900826446281,0.9049586776859504,9.42379762621796,unavailable: saved per-pass bin means/covariances are absent,original_n5000,original,5k,5000,4984,Attentive CNP,m1,matched_neural,1,107,500,20260909-phase2-b5000-m1-seed1-final-ctx-s107-n500-drop10100-mc50,7b06d0d2b282b0c176e3e5a4e8630f9fbcdb92fda6c6b9ad257c12a5e2fe6c94,1e2dbdf134faa1a5218e8585504150adce67efeaf28d2b1abe3f4f8649d9c6c0,True
full_500_3000,442,58,114299,0.2981929947279017,3.333406970451282,3.342960023938054,0.41855203619909503,0.7149321266968326,0.9049773755656109,8.450284101648322,unavailable: saved per-pass bin means/covariances are absent,original_n5000,original,5k,5000,4984,Attentive CNP,m1,matched_neural,1,108,500,20260909-phase2-b5000-m1-seed1-final-ctx-s108-n500-drop10100-mc50,ec585661b1687aa8f477030719cad9ca0c82046e084f39dab130871cd22c04e4,0d7e9e20c2d033b1fade0ea0a756464441de736605ab8b24c79caa322e5b5cec,True
figure1_1500_3000,242,58,43073,0.1421263961961955,2.8527924629188726,2.8504376671462612,0.4256198347107438,0.71900826446281,0.9049586776859504,9.42379762621796,unavailable: saved per-pass bin means/covariances are absent,original_n5000,original,5k,5000,4984,Attentive CNP,m1,matched_neural,1,108,500,20260909-phase2-b5000-m1-seed1-final-ctx-s108-n500-drop10100-mc50,ec585661b1687aa8f477030719cad9ca0c82046e084f39dab130871cd22c04e4,0d7e9e20c2d033b1fade0ea0a756464441de736605ab8b24c79caa322e5b5cec,True
full_500_3000,442,58,114299,0.31573044494297253,3.3108657180807506,3.322155473873056,0.4321266968325792,0.7194570135746606,0.9027149321266968,8.450284101648322,unavailable: saved per-pass bin means/covariances are absent,original_n5000,original,5k,5000,4984,Attentive CNP,m1,matched_neural,1,109,500,20260909-phase2-b5000-m1-seed1-final-ctx-s109-n500-drop10100-mc50,b72810c8f669de9cf6fb30c6f9d6a458b5208c40d6773dab6d9d4440bb7ac71e,a8d4a11fdc3dbcdd6f2df570502b8da9e4bf700a82ec6fdfd2c4b84855244b62,True
figure1_1500_3000,242,58,43073,0.15399754720688522,2.831882035241525,2.8302177381757416,0.45867768595041325,0.731404958677686,0.9049586776859504,9.42379762621796,unavailable: saved per-pass bin means/covariances are absent,original_n5000,original,5k,5000,4984,Attentive CNP,m1,matched_neural,1,109,500,20260909-phase2-b5000-m1-seed1-final-ctx-s109-n500-drop10100-mc50,b72810c8f669de9cf6fb30c6f9d6a458b5208c40d6773dab6d9d4440bb7ac71e,a8d4a11fdc3dbcdd6f2df570502b8da9e4bf700a82ec6fdfd2c4b84855244b62,True
full_500_3000,442,58,114299,-0.9919301366156165,4.013122622382664,4.129484420609409,0.45475113122171945,0.7918552036199095,0.8914027149321267,8.450284101648322,unavailable: saved per-pass bin means/covariances are absent,original_n5000,original,5k,5000,4984,Attentive CNP,m1,matched_neural,2,100,500,20260909-phase2-b5000-m1-seed2-final-ctx-s100-n500-drop10100-mc50,d0318efcac4b0b6de53adfdcfee070928d47f83128f287a42b6a62dde286fa36,64ea6d1539052cf95c605d8398c21adf0c2ee2d803aa3c5bc93fd7c756795d08,True
figure1_1500_3000,242,58,43073,-0.9062486079204728,3.1699485222298747,3.2906438794560273,0.3925619834710744,0.7479338842975206,0.871900826446281,9.42379762621796,unavailable: saved per-pass bin means/covariances are absent,original_n5000,original,5k,5000,4984,Attentive CNP,m1,matched_neural,2,100,500,20260909-phase2-b5000-m1-seed2-final-ctx-s100-n500-drop10100-mc50,d0318efcac4b0b6de53adfdcfee070928d47f83128f287a42b6a62dde286fa36,64ea6d1539052cf95c605d8398c21adf0c2ee2d803aa3c5bc93fd7c756795d08,True
full_500_3000,442,58,114299,-0.9794441313829324,4.001603034680287,4.115326176456019,0.45248868778280543,0.7941176470588235,0.8936651583710408,8.450284101648322,unavailable: saved per-pass bin means/covariances are absent,original_n5000,original,5k,5000,4984,Attentive CNP,m1,matched_neural,2,101,500,20260909-phase2-b5000-m1-seed2-final-ctx-s101-n500-drop10100-mc50,f62199f26eb5cab8b906ae4363993d02461a89f1cd1c701f337a47a2c81e5e5d,02fe2904d8b70bbc7ce3fe21ba543937f4be2bd34500ba0dc629921702f39cef,True
figure1_1500_3000,242,58,43073,-0.8912561280304184,3.154299007783354,3.2715173325921856,0.3925619834710744,0.7479338842975206,0.8760330578512396,9.42379762621796,unavailable: saved per-pass bin means/covariances are absent,original_n5000,original,5k,5000,4984,Attentive CNP,m1,matched_neural,2,101,500,20260909-phase2-b5000-m1-seed2-final-ctx-s101-n500-drop10100-mc50,f62199f26eb5cab8b906ae4363993d02461a89f1cd1c701f337a47a2c81e5e5d,02fe2904d8b70bbc7ce3fe21ba543937f4be2bd34500ba0dc629921702f39cef,True
full_500_3000,442,58,114299,-1.0009211592696985,4.012894511033212,4.1314322780052555,0.45475113122171945,0.7918552036199095,0.8936651583710408,8.450284101648322,unavailable: saved per-pass bin means/covariances are absent,original_n5000,original,5k,5000,4984,Attentive CNP,m1,matched_neural,2,102,500,20260909-phase2-b5000-m1-seed2-final-ctx-s102-n500-drop10100-mc50,587901458b52a9073c524ba7505dc02ded712ee587b4b72bfc0e29e34831cd6e,c724397cf3ce3bdbe436945316ab8ee9c7c6e67a479f1f2c93051f80b0c0aba7,True
figure1_1500_3000,242,58,43073,-0.9122491873977948,3.1602278358116624,3.282981844896903,0.3884297520661157,0.7479338842975206,0.8760330578512396,9.42379762621796,unavailable: saved per-pass bin means/covariances are absent,original_n5000,original,5k,5000,4984,Attentive CNP,m1,matched_neural,2,102,500,20260909-phase2-b5000-m1-seed2-final-ctx-s102-n500-drop10100-mc50,587901458b52a9073c524ba7505dc02ded712ee587b4b72bfc0e29e34831cd6e,c724397cf3ce3bdbe436945316ab8ee9c7c6e67a479f1f2c93051f80b0c0aba7,True
full_500_3000,442,58,114299,-0.928887251185283,3.9892315055442977,4.091551671156331,0.4457013574660634,0.7963800904977375,0.8959276018099548,8.450284101648322,unavailable: saved per-pass bin means/covariances are absent,original_n5000,original,5k,5000,4984,Attentive CNP,m1,matched_neural,2,103,500,20260909-phase2-b5000-m1-seed2-final-ctx-s103-n500-drop10100-mc50,627ca1a5630ff0e40bf9d5f683b6a3839818f9f3daf6d85b1de8b0dd8e2e433c,53ec5effd039d6f95faef86e6a59682181ab2bf1a008a414443fecc565092e4f,True
figure1_1500_3000,242,58,43073,-0.8430575087694246,3.1645640626210425,3.268612791357995,0.3925619834710744,0.756198347107438,0.8760330578512396,9.42379762621796,unavailable: saved per-pass bin means/covariances are absent,original_n5000,original,5k,5000,4984,Attentive CNP,m1,matched_neural,2,103,500,20260909-phase2-b5000-m1-seed2-final-ctx-s103-n500-drop10100-mc50,627ca1a5630ff0e40bf9d5f683b6a3839818f9f3daf6d85b1de8b0dd8e2e433c,53ec5effd039d6f95faef86e6a59682181ab2bf1a008a414443fecc565092e4f,True
full_500_3000,442,58,114299,-0.9481661152135983,3.9973782354013996,4.103888409920413,0.4457013574660634,0.7963800904977375,0.8959276018099548,8.450284101648322,unavailable: saved per-pass bin means/covariances are absent,original_n5000,original,5k,5000,4984,Attentive CNP,m1,matched_neural,2,104,500,20260909-phase2-b5000-m1-seed2-final-ctx-s104-n500-drop10100-mc50,f511518681a2062b766b1bb91837bcc434e6ddb8353d1a9b0cb71998b9760c12,d245524465bda81e714a6827976190de42b144789af7d9d9ed32203ef452f45b,True
figure1_1500_3000,242,58,43073,-0.8586820052162525,3.1614291037863276,3.269658793198973,0.3884297520661157,0.7520661157024794,0.8760330578512396,9.42379762621796,unavailable: saved per-pass bin means/covariances are absent,original_n5000,original,5k,5000,4984,Attentive CNP,m1,matched_neural,2,104,500,20260909-phase2-b5000-m1-seed2-final-ctx-s104-n500-drop10100-mc50,f511518681a2062b766b1bb91837bcc434e6ddb8353d1a9b0cb71998b9760c12,d245524465bda81e714a6827976190de42b144789af7d9d9ed32203ef452f45b,True
full_500_3000,442,58,114299,-0.9482476805508666,4.001534396139379,4.107946483942015,0.4457013574660634,0.7963800904977375,0.8959276018099548,8.450284101648322,unavailable: saved per-pass bin means/covariances are absent,original_n5000,original,5k,5000,4984,Attentive CNP,m1,matched_neural,2,105,500,20260909-phase2-b5000-m1-seed2-final-ctx-s105-n500-drop10100-mc50,146fe8c190878691eb58a3d3e1a6a4652acfad3ddd5381b2a46d9107c42cc2fa,99e98897f71c4994b23d23c0d0e1c8c7f5a41771db2c0b8dc636351a17f2c4cb,True
figure1_1500_3000,242,58,43073,-0.8591878462412222,3.169423773082576,3.2774901255633204,0.3884297520661157,0.7520661157024794,0.8760330578512396,9.42379762621796,unavailable: saved per-pass bin means/covariances are absent,original_n5000,original,5k,5000,4984,Attentive CNP,m1,matched_neural,2,105,500,20260909-phase2-b5000-m1-seed2-final-ctx-s105-n500-drop10100-mc50,146fe8c190878691eb58a3d3e1a6a4652acfad3ddd5381b2a46d9107c42cc2fa,99e98897f71c4994b23d23c0d0e1c8c7f5a41771db2c0b8dc636351a17f2c4cb,True
full_500_3000,442,58,114299,-0.9574811365795779,4.003291216594832,4.111794255882737,0.4479638009049774,0.7963800904977375,0.8936651583710408,8.450284101648322,unavailable: saved per-pass bin means/covariances are absent,original_n5000,original,5k,5000,4984,Attentive CNP,m1,matched_neural,2,106,500,20260909-phase2-b5000-m1-seed2-final-ctx-s106-n500-drop10100-mc50,d6650d6f7d3e4540467d7ffb0d8d96a65db2a74b4b5e7eb70cd69ec3e531f388,7fbc1c2cac70b2e493ff3cfee92af192ba03bf31a4cbcec48ed25b383130fcb3,True
figure1_1500_3000,242,58,43073,-0.8664879747331249,3.1638316036098924,3.2740294578324347,0.3925619834710744,0.7520661157024794,0.8760330578512396,9.42379762621796,unavailable: saved per-pass bin means/covariances are absent,original_n5000,original,5k,5000,4984,Attentive CNP,m1,matched_neural,2,106,500,20260909-phase2-b5000-m1-seed2-final-ctx-s106-n500-drop10100-mc50,d6650d6f7d3e4540467d7ffb0d8d96a65db2a74b4b5e7eb70cd69ec3e531f388,7fbc1c2cac70b2e493ff3cfee92af192ba03bf31a4cbcec48ed25b383130fcb3,True
full_500_3000,442,58,114299,-0.9452414324241641,3.9950944568536095,4.100993870197578,0.4457013574660634,0.7941176470588235,0.8959276018099548,8.450284101648322,unavailable: saved per-pass bin means/covariances are absent,original_n5000,original,5k,5000,4984,Attentive CNP,m1,matched_neural,2,107,500,20260909-phase2-b5000-m1-seed2-final-ctx-s107-n500-drop10100-mc50,f71d896913ccb118756e283e18fe85da5092727b1d9071e4bd39544b6d2a82d1,d0df657f7531fb4e65549673fc5ba043931eff3deb1e609fe5442357836f3229,True
figure1_1500_3000,242,58,43073,-0.8569583411652557,3.1619738751042505,3.2697311831681604,0.3884297520661157,0.7520661157024794,0.8760330578512396,9.42379762621796,unavailable: saved per-pass bin means/covariances are absent,original_n5000,original,5k,5000,4984,Attentive CNP,m1,matched_neural,2,107,500,20260909-phase2-b5000-m1-seed2-final-ctx-s107-n500-drop10100-mc50,f71d896913ccb118756e283e18fe85da5092727b1d9071e4bd39544b6d2a82d1,d0df657f7531fb4e65549673fc5ba043931eff3deb1e609fe5442357836f3229,True
full_500_3000,442,58,114299,-0.9409005709608235,3.987325052016327,4.092442413425109,0.4479638009049774,0.7941176470588235,0.8959276018099548,8.450284101648322,unavailable: saved per-pass bin means/covariances are absent,original_n5000,original,5k,5000,4984,Attentive CNP,m1,matched_neural,2,108,500,20260909-phase2-b5000-m1-seed2-final-ctx-s108-n500-drop10100-mc50,bbb359b2c02f8a55fdedd4d0654781eee1e341de2702f29949b72cfe040e750f,b5435d6263566f2369450e2aa525964d0ff9e47951b794feb0093fe31cda6996,True
figure1_1500_3000,242,58,43073,-0.8545988384074683,3.154927890656093,3.262327193173811,0.3925619834710744,0.7520661157024794,0.8760330578512396,9.42379762621796,unavailable: saved per-pass bin means/covariances are absent,original_n5000,original,5k,5000,4984,Attentive CNP,m1,matched_neural,2,108,500,20260909-phase2-b5000-m1-seed2-final-ctx-s108-n500-drop10100-mc50,bbb359b2c02f8a55fdedd4d0654781eee1e341de2702f29949b72cfe040e750f,b5435d6263566f2369450e2aa525964d0ff9e47951b794feb0093fe31cda6996,True
full_500_3000,442,58,114299,-0.9728815599269733,4.010051271422267,4.121969005466165,0.45248868778280543,0.7941176470588235,0.8936651583710408,8.450284101648322,unavailable: saved per-pass bin means/covariances are absent,original_n5000,original,5k,5000,4984,Attentive CNP,m1,matched_neural,2,109,500,20260909-phase2-b5000-m1-seed2-final-ctx-s109-n500-drop10100-mc50,d6e289c966ed09da5d2a82b1006ef9436812aaefdfc62eb87d2957a67d378aac,c5a9f59db0d2d4737ecfdc4871a838032d84ea7888d738505ab47a4cfc256cc6,True
figure1_1500_3000,242,58,43073,-0.8816962902420027,3.166326304613992,3.280485089789291,0.3925619834710744,0.7479338842975206,0.8760330578512396,9.42379762621796,unavailable: saved per-pass bin means/covariances are absent,original_n5000,original,5k,5000,4984,Attentive CNP,m1,matched_neural,2,109,500,20260909-phase2-b5000-m1-seed2-final-ctx-s109-n500-drop10100-mc50,d6e289c966ed09da5d2a82b1006ef9436812aaefdfc62eb87d2957a67d378aac,c5a9f59db0d2d4737ecfdc4871a838032d84ea7888d738505ab47a4cfc256cc6,True
full_500_3000,442,58,114299,2.138614130011703,3.6613078303299296,4.236569009851061,0.167420814479638,0.334841628959276,0.5,8.450284101648322,unavailable: saved per-pass bin means/covariances are absent,original_n5000,original,5k,5000,4984,Attentive CNP + PE,m2,matched_neural,0,100,500,20260909-phase2-b5000-m2-seed0-final-ctx-s100-n500-drop10100-mc50,1c6a5dd433b051f17357bbb85f93c1eb30f6e8374d9e050e3132f8aae3968884,3b230692c63d15ae4fefcc5fc30c1e1aa692c57a25938b8428cf94e228862982,True
figure1_1500_3000,242,58,43073,1.9131981873509867,3.6564428384386223,4.120030990216564,0.17768595041322313,0.35537190082644626,0.5454545454545454,9.42379762621796,unavailable: saved per-pass bin means/covariances are absent,original_n5000,original,5k,5000,4984,Attentive CNP + PE,m2,matched_neural,0,100,500,20260909-phase2-b5000-m2-seed0-final-ctx-s100-n500-drop10100-mc50,1c6a5dd433b051f17357bbb85f93c1eb30f6e8374d9e050e3132f8aae3968884,3b230692c63d15ae4fefcc5fc30c1e1aa692c57a25938b8428cf94e228862982,True
full_500_3000,442,58,114299,1.94611924725321,3.6951296781426692,4.172585780760102,0.18552036199095023,0.3190045248868778,0.5090497737556561,8.450284101648322,unavailable: saved per-pass bin means/covariances are absent,original_n5000,original,5k,5000,4984,Attentive CNP + PE,m2,matched_neural,0,101,500,20260909-phase2-b5000-m2-seed0-final-ctx-s101-n500-drop10100-mc50,310785442ba277b8efedb36381afd3960650edad379fa2af4e314f157ebfd6d9,e534bcda3e4888fde98c9415ab320529a72264bab30b89ece22f2d7d5e054134,True
figure1_1500_3000,242,58,43073,1.8326822371384714,3.688865050343026,4.11220370019336,0.1859504132231405,0.3512396694214876,0.5619834710743802,9.42379762621796,unavailable: saved per-pass bin means/covariances are absent,original_n5000,original,5k,5000,4984,Attentive CNP + PE,m2,matched_neural,0,101,500,20260909-phase2-b5000-m2-seed0-final-ctx-s101-n500-drop10100-mc50,310785442ba277b8efedb36381afd3960650edad379fa2af4e314f157ebfd6d9,e534bcda3e4888fde98c9415ab320529a72264bab30b89ece22f2d7d5e054134,True
full_500_3000,442,58,114299,2.1113801144392927,3.7204176009519507,4.274121838008603,0.17873303167420815,0.3212669683257919,0.5,8.450284101648322,unavailable: saved per-pass bin means/covariances are absent,original_n5000,original,5k,5000,4984,Attentive CNP + PE,m2,matched_neural,0,102,500,20260909-phase2-b5000-m2-seed0-final-ctx-s102-n500-drop10100-mc50,47f4f1687702f3132f35a08dd0e01ec11f138b2c23d041e407c1a0174cd8202a,f4a888bb68ed9acde0d5c6ee2769878a243549bba1a024ccd651ffc2babdf3dd,True
figure1_1500_3000,242,58,43073,1.924557427334375,3.6998341118036966,4.16366768252953,0.18181818181818182,0.34297520661157027,0.5495867768595041,9.42379762621796,unavailable: saved per-pass bin means/covariances are absent,original_n5000,original,5k,5000,4984,Attentive CNP + PE,m2,matched_neural,0,102,500,20260909-phase2-b5000-m2-seed0-final-ctx-s102-n500-drop10100-mc50,47f4f1687702f3132f35a08dd0e01ec11f138b2c23d041e407c1a0174cd8202a,f4a888bb68ed9acde0d5c6ee2769878a243549bba1a024ccd651ffc2babdf3dd,True
full_500_3000,442,58,114299,1.8051823829654015,3.7197332436830846,4.130834629064748,0.17420814479638008,0.32805429864253394,0.497737556561086,8.450284101648322,unavailable: saved per-pass bin means/covariances are absent,original_n5000,original,5k,5000,4984,Attentive CNP + PE,m2,matched_neural,0,103,500,20260909-phase2-b5000-m2-seed0-final-ctx-s103-n500-drop10100-mc50,591316764bba20847eadddc3474558cb7d28986a97aa0860b03826b3c9e6fe14,0bfe222f23d1e95ecda3044ace6a2dfdf7d49d6c55a4240ea5a817f634c0674e,True
figure1_1500_3000,242,58,43073,1.5631276632513749,3.701990092377511,4.011417158227136,0.18181818181818182,0.3512396694214876,0.5454545454545454,9.42379762621796,unavailable: saved per-pass bin means/covariances are absent,original_n5000,original,5k,5000,4984,Attentive CNP + PE,m2,matched_neural,0,103,500,20260909-phase2-b5000-m2-seed0-final-ctx-s103-n500-drop10100-mc50,591316764bba20847eadddc3474558cb7d28986a97aa0860b03826b3c9e6fe14,0bfe222f23d1e95ecda3044ace6a2dfdf7d49d6c55a4240ea5a817f634c0674e,True
full_500_3000,442,58,114299,1.6091997350205627,3.6911164309743834,4.022814934148688,0.1832579185520362,0.33031674208144796,0.5135746606334841,8.450284101648322,unavailable: saved per-pass bin means/covariances are absent,original_n5000,original,5k,5000,4984,Attentive CNP + PE,m2,matched_neural,0,104,500,20260909-phase2-b5000-m2-seed0-final-ctx-s104-n500-drop10100-mc50,320cd0c04bf3a7f4aa6dec77cd0cfc5711f6339ec3ad93e915ef340fbfbdae0e,ab27f11664934a54818991dc11c632f9207f864535ef575dcc2e921516196753,True
figure1_1500_3000,242,58,43073,1.4332260868895568,3.688040286811724,3.949629481930997,0.19008264462809918,0.34710743801652894,0.5537190082644629,9.42379762621796,unavailable: saved per-pass bin means/covariances are absent,original_n5000,original,5k,5000,4984,Attentive CNP + PE,m2,matched_neural,0,104,500,20260909-phase2-b5000-m2-seed0-final-ctx-s104-n500-drop10100-mc50,320cd0c04bf3a7f4aa6dec77cd0cfc5711f6339ec3ad93e915ef340fbfbdae0e,ab27f11664934a54818991dc11c632f9207f864535ef575dcc2e921516196753,True
full_500_3000,442,58,114299,1.5364263831783775,3.6953046376105174,3.998123072799837,0.18778280542986425,0.34841628959276016,0.504524886877828,8.450284101648322,unavailable: saved per-pass bin means/covariances are absent,original_n5000,original,5k,5000,4984,Attentive CNP + PE,m2,matched_neural,0,105,500,20260909-phase2-b5000-m2-seed0-final-ctx-s105-n500-drop10100-mc50,9e110370a9c6019daeb123d13dc4d0bc0ad138f66d1f24ac6c5791603b7245d2,7382b4012f87ea4dc0ff01f35db9c01fd7b97dd2711a6ef15e673d89562343e0,True
figure1_1500_3000,242,58,43073,1.279448277186578,3.689402655653612,3.8977471940296877,0.19008264462809918,0.371900826446281,0.5413223140495868,9.42379762621796,unavailable: saved per-pass bin means/covariances are absent,original_n5000,original,5k,5000,4984,Attentive CNP + PE,m2,matched_neural,0,105,500,20260909-phase2-b5000-m2-seed0-final-ctx-s105-n500-drop10100-mc50,9e110370a9c6019daeb123d13dc4d0bc0ad138f66d1f24ac6c5791603b7245d2,7382b4012f87ea4dc0ff01f35db9c01fd7b97dd2711a6ef15e673d89562343e0,True
full_500_3000,442,58,114299,1.752484903188412,3.7102183097482673,4.099485221245632,0.18778280542986425,0.3257918552036199,0.5,8.450284101648322,unavailable: saved per-pass bin means/covariances are absent,original_n5000,original,5k,5000,4984,Attentive CNP + PE,m2,matched_neural,0,106,500,20260909-phase2-b5000-m2-seed0-final-ctx-s106-n500-drop10100-mc50,096000f5e84756a58b317072aec251ac8e7217fdc0b82e13561235caba46f6e3,c1a3ad1535455c79399ba98901b5f5d51772acf34c81864d472889a7d8b713da,True
figure1_1500_3000,242,58,43073,1.5913921821594692,3.7104340739701756,4.030255617010842,0.19008264462809918,0.34710743801652894,0.5495867768595041,9.42379762621796,unavailable: saved per-pass bin means/covariances are absent,original_n5000,original,5k,5000,4984,Attentive CNP + PE,m2,matched_neural,0,106,500,20260909-phase2-b5000-m2-seed0-final-ctx-s106-n500-drop10100-mc50,096000f5e84756a58b317072aec251ac8e7217fdc0b82e13561235caba46f6e3,c1a3ad1535455c79399ba98901b5f5d51772acf34c81864d472889a7d8b713da,True
full_500_3000,442,58,114299,1.366749012555553,3.7062905231498893,3.946329186555041,0.20135746606334842,0.34841628959276016,0.5090497737556561,8.450284101648322,unavailable: saved per-pass bin means/covariances are absent,original_n5000,original,5k,5000,4984,Attentive CNP + PE,m2,matched_neural,0,107,500,20260909-phase2-b5000-m2-seed0-final-ctx-s107-n500-drop10100-mc50,636c2b243d2bfd50b21953cad55292c6e8c8450b9ee7a3b1572d9218164ec712,8873dbfdb648c95f718c1df3499c82f639714e0f66d18e99c35133d9704749b9,True
figure1_1500_3000,242,58,43073,1.1818930549200413,3.704153931986644,3.8808414300024467,0.19834710743801653,0.36363636363636365,0.5371900826446281,9.42379762621796,unavailable: saved per-pass bin means/covariances are absent,original_n5000,original,5k,5000,4984,Attentive CNP + PE,m2,matched_neural,0,107,500,20260909-phase2-b5000-m2-seed0-final-ctx-s107-n500-drop10100-mc50,636c2b243d2bfd50b21953cad55292c6e8c8450b9ee7a3b1572d9218164ec712,8873dbfdb648c95f718c1df3499c82f639714e0f66d18e99c35133d9704749b9,True
full_500_3000,442,58,114299,1.454741646945081,3.683910424796675,3.956863052203492,0.18778280542986425,0.35294117647058826,0.5090497737556561,8.450284101648322,unavailable: saved per-pass bin means/covariances are absent,original_n5000,original,5k,5000,4984,Attentive CNP + PE,m2,matched_neural,0,108,500,20260909-phase2-b5000-m2-seed0-final-ctx-s108-n500-drop10100-mc50,21649b1d90b3eb00c64af2db749f52c6ef618c8b748299f55bc6eea047c11fe6,56c240e043d8097db49ae2746ade8b1fc77f12a1de1f0c79fbe180a89b0e22b0,True
figure1_1500_3000,242,58,43073,1.3010469658113648,3.6882762526329365,3.9038305037288197,0.19008264462809918,0.359504132231405,0.5371900826446281,9.42379762621796,unavailable: saved per-pass bin means/covariances are absent,original_n5000,original,5k,5000,4984,Attentive CNP + PE,m2,matched_neural,0,108,500,20260909-phase2-b5000-m2-seed0-final-ctx-s108-n500-drop10100-mc50,21649b1d90b3eb00c64af2db749f52c6ef618c8b748299f55bc6eea047c11fe6,56c240e043d8097db49ae2746ade8b1fc77f12a1de1f0c79fbe180a89b0e22b0,True
full_500_3000,442,58,114299,1.8454082988206328,3.7062458409985806,4.136509702147304,0.17420814479638008,0.332579185520362,0.49547511312217196,8.450284101648322,unavailable: saved per-pass bin means/covariances are absent,original_n5000,original,5k,5000,4984,Attentive CNP + PE,m2,matched_neural,0,109,500,20260909-phase2-b5000-m2-seed0-final-ctx-s109-n500-drop10100-mc50,69bce35bc26daf72f2019a674ee1d0da8bbdc0eb5708412ae4d92cf0a69a2044,aac9586230d96edae325a7c92f763e2d45eb7a4f9e7302a1aeb24d600b5373b6,True
figure1_1500_3000,242,58,43073,1.6271315286615622,3.6921747188158394,4.027825710021953,0.18181818181818182,0.359504132231405,0.5413223140495868,9.42379762621796,unavailable: saved per-pass bin means/covariances are absent,original_n5000,original,5k,5000,4984,Attentive CNP + PE,m2,matched_neural,0,109,500,20260909-phase2-b5000-m2-seed0-final-ctx-s109-n500-drop10100-mc50,69bce35bc26daf72f2019a674ee1d0da8bbdc0eb5708412ae4d92cf0a69a2044,aac9586230d96edae325a7c92f763e2d45eb7a4f9e7302a1aeb24d600b5373b6,True
full_500_3000,442,58,114299,0.7616196679615006,3.6732406120013046,3.747296979077043,0.1832579185520362,0.38687782805429866,0.5565610859728507,8.450284101648322,unavailable: saved per-pass bin means/covariances are absent,original_n5000,original,5k,5000,4984,Attentive CNP + PE,m2,matched_neural,1,100,500,20260909-phase2-b5000-m2-seed1-final-ctx-s100-n500-drop10100-mc50,ef8c7b2daf077b480365e444c1b9daa47abbdb0baabf545d0096970c74d06f1f,a59dfc37f26e70c8a95a7088c1ee45579a569a59f1c8553c1bede5e63f89f0f4,True
figure1_1500_3000,242,58,43073,0.8480951056555385,3.7692308518391946,3.8558604088946864,0.17355371900826447,0.384297520661157,0.5454545454545454,9.42379762621796,unavailable: saved per-pass bin means/covariances are absent,original_n5000,original,5k,5000,4984,Attentive CNP + PE,m2,matched_neural,1,100,500,20260909-phase2-b5000-m2-seed1-final-ctx-s100-n500-drop10100-mc50,ef8c7b2daf077b480365e444c1b9daa47abbdb0baabf545d0096970c74d06f1f,a59dfc37f26e70c8a95a7088c1ee45579a569a59f1c8553c1bede5e63f89f0f4,True
full_500_3000,442,58,114299,0.6557483563629896,3.6648794965033438,3.718999862840054,0.19457013574660634,0.40271493212669685,0.5565610859728507,8.450284101648322,unavailable: saved per-pass bin means/covariances are absent,original_n5000,original,5k,5000,4984,Attentive CNP + PE,m2,matched_neural,1,101,500,20260909-phase2-b5000-m2-seed1-final-ctx-s101-n500-drop10100-mc50,f7bb52bda67bb3ae93e203ef018cbefed9b251a6c372b9c9d055df8f9f2c340a,6b09f26386c6615146723f0299daf0180e8964180cefffe0370c9f9519ca7b42,True
figure1_1500_3000,242,58,43073,0.8405674100587939,3.731152795950751,3.817136085231449,0.18181818181818182,0.384297520661157,0.5495867768595041,9.42379762621796,unavailable: saved per-pass bin means/covariances are absent,original_n5000,original,5k,5000,4984,Attentive CNP + PE,m2,matched_neural,1,101,500,20260909-phase2-b5000-m2-seed1-final-ctx-s101-n500-drop10100-mc50,f7bb52bda67bb3ae93e203ef018cbefed9b251a6c372b9c9d055df8f9f2c340a,6b09f26386c6615146723f0299daf0180e8964180cefffe0370c9f9519ca7b42,True
full_500_3000,442,58,114299,0.7576261684872585,3.6532155788976253,3.7269004471532705,0.18778280542986425,0.3914027149321267,0.5588235294117647,8.450284101648322,unavailable: saved per-pass bin means/covariances are absent,original_n5000,original,5k,5000,4984,Attentive CNP + PE,m2,matched_neural,1,102,500,20260909-phase2-b5000-m2-seed1-final-ctx-s102-n500-drop10100-mc50,bc39234ccf2fee1adc16939b0f25199689f1ef5bf93ec75f1195ac6ad9ae3110,2395faed27d499bdf4261f9d67b1edd33ac92207b8ecf1a10ef0392fe5b48594,True
figure1_1500_3000,242,58,43073,0.8790008024657014,3.733485041374017,3.8280483488268624,0.17355371900826447,0.3884297520661157,0.5537190082644629,9.42379762621796,unavailable: saved per-pass bin means/covariances are absent,original_n5000,original,5k,5000,4984,Attentive CNP + PE,m2,matched_neural,1,102,500,20260909-phase2-b5000-m2-seed1-final-ctx-s102-n500-drop10100-mc50,bc39234ccf2fee1adc16939b0f25199689f1ef5bf93ec75f1195ac6ad9ae3110,2395faed27d499bdf4261f9d67b1edd33ac92207b8ecf1a10ef0392fe5b48594,True
full_500_3000,442,58,114299,0.19592971025968,3.6922394913337038,3.6932611406261637,0.20135746606334842,0.39592760180995473,0.5520361990950227,8.450284101648322,unavailable: saved per-pass bin means/covariances are absent,original_n5000,original,5k,5000,4984,Attentive CNP + PE,m2,matched_neural,1,103,500,20260909-phase2-b5000-m2-seed1-final-ctx-s103-n500-drop10100-mc50,22902397dd1e04b61d02e8dde54ddc9e9d78cf93bce0d0b9f04a7c57092b3889,7cc40fa26cb5bd0ba896f5b5a5081e66e5d769ccc628ce03acd35fbc4811f79a,True
figure1_1500_3000,242,58,43073,0.2993139379713118,3.7644986378426335,3.7686176666070295,0.19834710743801653,0.384297520661157,0.5371900826446281,9.42379762621796,unavailable: saved per-pass bin means/covariances are absent,original_n5000,original,5k,5000,4984,Attentive CNP + PE,m2,matched_neural,1,103,500,20260909-phase2-b5000-m2-seed1-final-ctx-s103-n500-drop10100-mc50,22902397dd1e04b61d02e8dde54ddc9e9d78cf93bce0d0b9f04a7c57092b3889,7cc40fa26cb5bd0ba896f5b5a5081e66e5d769ccc628ce03acd35fbc4811f79a,True
full_500_3000,442,58,114299,0.3544385766993842,3.689465937397148,3.7022950811984816,0.19909502262443438,0.3914027149321267,0.5520361990950227,8.450284101648322,unavailable: saved per-pass bin means/covariances are absent,original_n5000,original,5k,5000,4984,Attentive CNP + PE,m2,matched_neural,1,104,500,20260909-phase2-b5000-m2-seed1-final-ctx-s104-n500-drop10100-mc50,9bbbaf73c2df70ab80eb4200e8c7a542468f6d2cc5f6775d406c67b02f36bde2,6d6fecb2f9e815b3688e9fa7417a603eebdda3faac689d56d6af15e6487e2bbc,True
figure1_1500_3000,242,58,43073,0.46093878705276153,3.766605854013079,3.7869722651540707,0.19834710743801653,0.38016528925619836,0.5413223140495868,9.42379762621796,unavailable: saved per-pass bin means/covariances are absent,original_n5000,original,5k,5000,4984,Attentive CNP + PE,m2,matched_neural,1,104,500,20260909-phase2-b5000-m2-seed1-final-ctx-s104-n500-drop10100-mc50,9bbbaf73c2df70ab80eb4200e8c7a542468f6d2cc5f6775d406c67b02f36bde2,6d6fecb2f9e815b3688e9fa7417a603eebdda3faac689d56d6af15e6487e2bbc,True
full_500_3000,442,58,114299,0.13535176787260225,3.7068888897473755,3.705166264771187,0.19457013574660634,0.3936651583710407,0.5475113122171946,8.450284101648322,unavailable: saved per-pass bin means/covariances are absent,original_n5000,original,5k,5000,4984,Attentive CNP + PE,m2,matched_neural,1,105,500,20260909-phase2-b5000-m2-seed1-final-ctx-s105-n500-drop10100-mc50,c576deec8ec3f9198128555233818fce7d7c7ae266f142be756b079fa3532b68,6e54a6b6fd5c3e41757ba4d8edd3700f99b33dfbbb3439869ebaee37d608f170,True
figure1_1500_3000,242,58,43073,0.22822925380984133,3.7787832704149604,3.777868000072064,0.18181818181818182,0.3760330578512397,0.5330578512396694,9.42379762621796,unavailable: saved per-pass bin means/covariances are absent,original_n5000,original,5k,5000,4984,Attentive CNP + PE,m2,matched_neural,1,105,500,20260909-phase2-b5000-m2-seed1-final-ctx-s105-n500-drop10100-mc50,c576deec8ec3f9198128555233818fce7d7c7ae266f142be756b079fa3532b68,6e54a6b6fd5c3e41757ba4d8edd3700f99b33dfbbb3439869ebaee37d608f170,True
full_500_3000,442,58,114299,0.39282216843339207,3.685861607702943,3.702586724215749,0.19909502262443438,0.3936651583710407,0.5475113122171946,8.450284101648322,unavailable: saved per-pass bin means/covariances are absent,original_n5000,original,5k,5000,4984,Attentive CNP + PE,m2,matched_neural,1,106,500,20260909-phase2-b5000-m2-seed1-final-ctx-s106-n500-drop10100-mc50,b25eaac1d1d648ab5de678482aab421334aaca7ca5dcaf80489cee32c18df90f,d9a18091e56ff995c8ded961e7af5122cafd35f720e46997a8ff3eb54806d4c7,True
figure1_1500_3000,242,58,43073,0.49674853397193414,3.765154073944945,3.790061239929113,0.19834710743801653,0.384297520661157,0.5330578512396694,9.42379762621796,unavailable: saved per-pass bin means/covariances are absent,original_n5000,original,5k,5000,4984,Attentive CNP + PE,m2,matched_neural,1,106,500,20260909-phase2-b5000-m2-seed1-final-ctx-s106-n500-drop10100-mc50,b25eaac1d1d648ab5de678482aab421334aaca7ca5dcaf80489cee32c18df90f,d9a18091e56ff995c8ded961e7af5122cafd35f720e46997a8ff3eb54806d4c7,True
full_500_3000,442,58,114299,0.15029566657851226,3.6981156596593174,3.69698619265438,0.19683257918552036,0.3914027149321267,0.5588235294117647,8.450284101648322,unavailable: saved per-pass bin means/covariances are absent,original_n5000,original,5k,5000,4984,Attentive CNP + PE,m2,matched_neural,1,107,500,20260909-phase2-b5000-m2-seed1-final-ctx-s107-n500-drop10100-mc50,edc18c4a916a899d047385d60615adfca9f41b81a1b0222c2e6d9f40ca1bb772,001a7c68cf8d9dbd94f123af422cb3ef13c35c8650d927638f18eb9045a0fc3d,True
figure1_1500_3000,242,58,43073,0.25914464651622926,3.7667898450855613,3.7679212663503754,0.19008264462809918,0.38016528925619836,0.5454545454545454,9.42379762621796,unavailable: saved per-pass bin means/covariances are absent,original_n5000,original,5k,5000,4984,Attentive CNP + PE,m2,matched_neural,1,107,500,20260909-phase2-b5000-m2-seed1-final-ctx-s107-n500-drop10100-mc50,edc18c4a916a899d047385d60615adfca9f41b81a1b0222c2e6d9f40ca1bb772,001a7c68cf8d9dbd94f123af422cb3ef13c35c8650d927638f18eb9045a0fc3d,True
full_500_3000,442,58,114299,0.21020804969445375,3.712453148896693,3.7142043715627264,0.21040723981900453,0.39819004524886875,0.5542986425339367,8.450284101648322,unavailable: saved per-pass bin means/covariances are absent,original_n5000,original,5k,5000,4984,Attentive CNP + PE,m2,matched_neural,1,108,500,20260909-phase2-b5000-m2-seed1-final-ctx-s108-n500-drop10100-mc50,68d11252ebfc7abdfecdab265f196a8ce1598e04cf8f69871e0d5426f5518b7b,ae363a63cd4042793b923feef17cbc7424084aa48cf7d2a9f8b36246f05c3838,True
figure1_1500_3000,242,58,43073,0.4061987843278825,3.751400654097164,3.7656143454965942,0.19834710743801653,0.384297520661157,0.5330578512396694,9.42379762621796,unavailable: saved per-pass bin means/covariances are absent,original_n5000,original,5k,5000,4984,Attentive CNP + PE,m2,matched_neural,1,108,500,20260909-phase2-b5000-m2-seed1-final-ctx-s108-n500-drop10100-mc50,68d11252ebfc7abdfecdab265f196a8ce1598e04cf8f69871e0d5426f5518b7b,ae363a63cd4042793b923feef17cbc7424084aa48cf7d2a9f8b36246f05c3838,True
full_500_3000,442,58,114299,0.3879505639809938,3.694041434813712,3.7101987264824148,0.19683257918552036,0.3891402714932127,0.5520361990950227,8.450284101648322,unavailable: saved per-pass bin means/covariances are absent,original_n5000,original,5k,5000,4984,Attentive CNP + PE,m2,matched_neural,1,109,500,20260909-phase2-b5000-m2-seed1-final-ctx-s109-n500-drop10100-mc50,5101b69c71a30fd5d7f4b95ed6fd71a1ae6fada1ce4868509244b4a4f8f3b573,29004ceb799f11a538fff3a5e57ab92386fdb0e26c099f8f02e2aaf991ce752d,True
figure1_1500_3000,242,58,43073,0.48482044954931575,3.7721428429494335,3.79543340352523,0.2024793388429752,0.38016528925619836,0.5413223140495868,9.42379762621796,unavailable: saved per-pass bin means/covariances are absent,original_n5000,original,5k,5000,4984,Attentive CNP + PE,m2,matched_neural,1,109,500,20260909-phase2-b5000-m2-seed1-final-ctx-s109-n500-drop10100-mc50,5101b69c71a30fd5d7f4b95ed6fd71a1ae6fada1ce4868509244b4a4f8f3b573,29004ceb799f11a538fff3a5e57ab92386fdb0e26c099f8f02e2aaf991ce752d,True
full_500_3000,442,58,114299,0.46235988411760465,3.882242608626682,3.905314996552407,0.167420814479638,0.3733031674208145,0.5294117647058824,8.450284101648322,unavailable: saved per-pass bin means/covariances are absent,original_n5000,original,5k,5000,4984,Attentive CNP + PE,m2,matched_neural,2,100,500,20260909-phase2-b5000-m2-seed2-final-ctx-s100-n500-drop10100-mc50,0db382958d947c1a9aa1bd088034a6538654c91fe64c358ae290ccaa71f8bf6a,3d25d5aa5926bdf9d26aaa612ec45004611fefdb63834410ac6d410a14da2ee7,True
figure1_1500_3000,242,58,43073,0.32394957054841117,3.8667944062316875,3.872370949605383,0.19008264462809918,0.3925619834710744,0.5330578512396694,9.42379762621796,unavailable: saved per-pass bin means/covariances are absent,original_n5000,original,5k,5000,4984,Attentive CNP + PE,m2,matched_neural,2,100,500,20260909-phase2-b5000-m2-seed2-final-ctx-s100-n500-drop10100-mc50,0db382958d947c1a9aa1bd088034a6538654c91fe64c358ae290ccaa71f8bf6a,3d25d5aa5926bdf9d26aaa612ec45004611fefdb63834410ac6d410a14da2ee7,True
full_500_3000,442,58,114299,0.35005552985081706,3.8931276334410234,3.9044450373565747,0.17194570135746606,0.37104072398190047,0.5407239819004525,8.450284101648322,unavailable: saved per-pass bin means/covariances are absent,original_n5000,original,5k,5000,4984,Attentive CNP + PE,m2,matched_neural,2,101,500,20260909-phase2-b5000-m2-seed2-final-ctx-s101-n500-drop10100-mc50,a7803beb0ee23ba6af6ce3ca5c27f7c40f6cac11ca01296b35ea27c29fb65384,b181ef841aa376f1914e4ebf38f8e74678eba051816c96bdab28e535bc17268c,True
figure1_1500_3000,242,58,43073,0.28288538028169313,3.862760782905232,3.86513755337822,0.19008264462809918,0.40082644628099173,0.5578512396694215,9.42379762621796,unavailable: saved per-pass bin means/covariances are absent,original_n5000,original,5k,5000,4984,Attentive CNP + PE,m2,matched_neural,2,101,500,20260909-phase2-b5000-m2-seed2-final-ctx-s101-n500-drop10100-mc50,a7803beb0ee23ba6af6ce3ca5c27f7c40f6cac11ca01296b35ea27c29fb65384,b181ef841aa376f1914e4ebf38f8e74678eba051816c96bdab28e535bc17268c,True
full_500_3000,442,58,114299,0.625032274653113,3.9007553095933742,3.946154106809506,0.16289592760180996,0.38009049773755654,0.5384615384615384,8.450284101648322,unavailable: saved per-pass bin means/covariances are absent,original_n5000,original,5k,5000,4984,Attentive CNP + PE,m2,matched_neural,2,102,500,20260909-phase2-b5000-m2-seed2-final-ctx-s102-n500-drop10100-mc50,5cc36b50f39edf9a816e99ae77db51626ef99abce2942bdefbc9bec60194c8ec,abdf4b529258a27ec11461dc9156bebc9bb1ce15045c7f5d1a1c2c3ab49a5daf,True
figure1_1500_3000,242,58,43073,0.49461338993143444,3.867925603084557,3.891486758116982,0.17355371900826447,0.39669421487603307,0.5578512396694215,9.42379762621796,unavailable: saved per-pass bin means/covariances are absent,original_n5000,original,5k,5000,4984,Attentive CNP + PE,m2,matched_neural,2,102,500,20260909-phase2-b5000-m2-seed2-final-ctx-s102-n500-drop10100-mc50,5cc36b50f39edf9a816e99ae77db51626ef99abce2942bdefbc9bec60194c8ec,abdf4b529258a27ec11461dc9156bebc9bb1ce15045c7f5d1a1c2c3ab49a5daf,True
full_500_3000,442,58,114299,-0.19275764810332707,3.968426011663535,3.9686182287241656,0.17647058823529413,0.3416289592760181,0.5158371040723982,8.450284101648322,unavailable: saved per-pass bin means/covariances are absent,original_n5000,original,5k,5000,4984,Attentive CNP + PE,m2,matched_neural,2,103,500,20260909-phase2-b5000-m2-seed2-final-ctx-s103-n500-drop10100-mc50,07507f4b662ccc3bda041da1c96de0c7eb61f3de7ab7f50512a542997d481dde,100a014085fd0d3e594e8ffc623c672cb0eb530241cab2a772025cdcb1c21316,True
figure1_1500_3000,242,58,43073,-0.3603346573463465,3.958507783136854,3.96672078188356,0.16942148760330578,0.359504132231405,0.5165289256198347,9.42379762621796,unavailable: saved per-pass bin means/covariances are absent,original_n5000,original,5k,5000,4984,Attentive CNP + PE,m2,matched_neural,2,103,500,20260909-phase2-b5000-m2-seed2-final-ctx-s103-n500-drop10100-mc50,07507f4b662ccc3bda041da1c96de0c7eb61f3de7ab7f50512a542997d481dde,100a014085fd0d3e594e8ffc623c672cb0eb530241cab2a772025cdcb1c21316,True
full_500_3000,442,58,114299,0.029682189791910698,3.9269208546098855,3.9225884250688376,0.17647058823529413,0.34615384615384615,0.5271493212669683,8.450284101648322,unavailable: saved per-pass bin means/covariances are absent,original_n5000,original,5k,5000,4984,Attentive CNP + PE,m2,matched_neural,2,104,500,20260909-phase2-b5000-m2-seed2-final-ctx-s104-n500-drop10100-mc50,67b17609bf15bfeffc3acefc3d37220790fcf9adc2ed4f536c7211143b36ff67,02a9b528cc881f91ef36ec31539a050b90abea86096a57a2d7bc47b8309b9d87,True
figure1_1500_3000,242,58,43073,-0.1061343118111454,3.907345447254615,3.9007082330794107,0.1652892561983471,0.359504132231405,0.5413223140495868,9.42379762621796,unavailable: saved per-pass bin means/covariances are absent,original_n5000,original,5k,5000,4984,Attentive CNP + PE,m2,matched_neural,2,104,500,20260909-phase2-b5000-m2-seed2-final-ctx-s104-n500-drop10100-mc50,67b17609bf15bfeffc3acefc3d37220790fcf9adc2ed4f536c7211143b36ff67,02a9b528cc881f91ef36ec31539a050b90abea86096a57a2d7bc47b8309b9d87,True
full_500_3000,442,58,114299,-0.2096190777185323,3.9635072737235215,3.9645666169802456,0.17194570135746606,0.34615384615384615,0.5180995475113123,8.450284101648322,unavailable: saved per-pass bin means/covariances are absent,original_n5000,original,5k,5000,4984,Attentive CNP + PE,m2,matched_neural,2,105,500,20260909-phase2-b5000-m2-seed2-final-ctx-s105-n500-drop10100-mc50,9dc284589858c8a2b9b3cdaa6b5fe45efbbf373508a81b36fbae0f98aa919843,b2641f2ade974d7f207ea5de69ffee754cdb1191d768cd583fd8ae4285dfd95a,True
figure1_1500_3000,242,58,43073,-0.34170659865258235,3.9465470843294983,3.9531805951382215,0.16115702479338842,0.3677685950413223,0.5289256198347108,9.42379762621796,unavailable: saved per-pass bin means/covariances are absent,original_n5000,original,5k,5000,4984,Attentive CNP + PE,m2,matched_neural,2,105,500,20260909-phase2-b5000-m2-seed2-final-ctx-s105-n500-drop10100-mc50,9dc284589858c8a2b9b3cdaa6b5fe45efbbf373508a81b36fbae0f98aa919843,b2641f2ade974d7f207ea5de69ffee754cdb1191d768cd583fd8ae4285dfd95a,True
full_500_3000,442,58,114299,0.07271521851545097,3.928754152268603,3.9249809719867486,0.17873303167420815,0.3552036199095023,0.5384615384615384,8.450284101648322,unavailable: saved per-pass bin means/covariances are absent,original_n5000,original,5k,5000,4984,Attentive CNP + PE,m2,matched_neural,2,106,500,20260909-phase2-b5000-m2-seed2-final-ctx-s106-n500-drop10100-mc50,7258065bfbf12970b421798da92776c912e478656b16b1beaf7f2478f09b8f05,2ed70a16b74e8962cde874c4c0cf1c974afa753036117cf90e75a6afed34c205,True
figure1_1500_3000,242,58,43073,-0.007643177209783837,3.9064511331371,3.8983790904708617,0.16942148760330578,0.38016528925619836,0.5619834710743802,9.42379762621796,unavailable: saved per-pass bin means/covariances are absent,original_n5000,original,5k,5000,4984,Attentive CNP + PE,m2,matched_neural,2,106,500,20260909-phase2-b5000-m2-seed2-final-ctx-s106-n500-drop10100-mc50,7258065bfbf12970b421798da92776c912e478656b16b1beaf7f2478f09b8f05,2ed70a16b74e8962cde874c4c0cf1c974afa753036117cf90e75a6afed34c205,True
full_500_3000,442,58,114299,-0.20005073448960548,3.947070535021913,3.947675096921257,0.17194570135746606,0.3393665158371041,0.5135746606334841,8.450284101648322,unavailable: saved per-pass bin means/covariances are absent,original_n5000,original,5k,5000,4984,Attentive CNP + PE,m2,matched_neural,2,107,500,20260909-phase2-b5000-m2-seed2-final-ctx-s107-n500-drop10100-mc50,72f13bebbf0b181471b0dc46d8cab1429001f1913309d07ef914e5683a5c992a,d45892c0c717ca31477b89e54df083971c00d8ccb68cb14da434473909d04105,True
figure1_1500_3000,242,58,43073,-0.33278314786590496,3.933533347929745,3.9394787103827307,0.1652892561983471,0.36363636363636365,0.5247933884297521,9.42379762621796,unavailable: saved per-pass bin means/covariances are absent,original_n5000,original,5k,5000,4984,Attentive CNP + PE,m2,matched_neural,2,107,500,20260909-phase2-b5000-m2-seed2-final-ctx-s107-n500-drop10100-mc50,72f13bebbf0b181471b0dc46d8cab1429001f1913309d07ef914e5683a5c992a,d45892c0c717ca31477b89e54df083971c00d8ccb68cb14da434473909d04105,True
full_500_3000,442,58,114299,-0.14012054737780247,3.943089746990294,3.941118387954554,0.18099547511312217,0.3574660633484163,0.5203619909502263,8.450284101648322,unavailable: saved per-pass bin means/covariances are absent,original_n5000,original,5k,5000,4984,Attentive CNP + PE,m2,matched_neural,2,108,500,20260909-phase2-b5000-m2-seed2-final-ctx-s108-n500-drop10100-mc50,eb39d041cf23a1179a7d24a9f5eaa36fb411834c95de729c5113cb384ad36e75,84e273653921d9c764a8488708e4efeef111993544a1cb935e6d01422a0c57d0,True
figure1_1500_3000,242,58,43073,-0.20976663193727257,3.914990158397733,3.912520243801666,0.1652892561983471,0.3677685950413223,0.5413223140495868,9.42379762621796,unavailable: saved per-pass bin means/covariances are absent,original_n5000,original,5k,5000,4984,Attentive CNP + PE,m2,matched_neural,2,108,500,20260909-phase2-b5000-m2-seed2-final-ctx-s108-n500-drop10100-mc50,eb39d041cf23a1179a7d24a9f5eaa36fb411834c95de729c5113cb384ad36e75,84e273653921d9c764a8488708e4efeef111993544a1cb935e6d01422a0c57d0,True
full_500_3000,442,58,114299,0.2166710103706275,3.907471469496298,3.9090581821199524,0.17873303167420815,0.36199095022624433,0.5339366515837104,8.450284101648322,unavailable: saved per-pass bin means/covariances are absent,original_n5000,original,5k,5000,4984,Attentive CNP + PE,m2,matched_neural,2,109,500,20260909-phase2-b5000-m2-seed2-final-ctx-s109-n500-drop10100-mc50,1fe3747d634eabd09c62e62515cb528e24984697c3489d5361bb1629deadb5d5,4190dba4e4215ae931a8e7871ec024f7c9de4c9e8ce724535cfb7c7b12f8f1b2,True
figure1_1500_3000,242,58,43073,0.1163991684050992,3.8820880505249487,3.8758071624224435,0.18181818181818182,0.38016528925619836,0.5537190082644629,9.42379762621796,unavailable: saved per-pass bin means/covariances are absent,original_n5000,original,5k,5000,4984,Attentive CNP + PE,m2,matched_neural,2,109,500,20260909-phase2-b5000-m2-seed2-final-ctx-s109-n500-drop10100-mc50,1fe3747d634eabd09c62e62515cb528e24984697c3489d5361bb1629deadb5d5,4190dba4e4215ae931a8e7871ec024f7c9de4c9e8ce724535cfb7c7b12f8f1b2,True
full_500_3000,442,58,114299,0.24458100823750645,1.9820603626938833,1.9948671631796457,0.4683257918552036,0.7692307692307693,0.9298642533936652,8.450284101648322,unavailable: saved per-pass bin means/covariances are absent,original_n5000,original,5k,5000,4984,Density-guided CNP,ours,matched_neural,0,100,500,20260909-phase2-b5000-ours-seed0-final-ctx-s100-n500-drop10100-mc50,f9d47d244d789cc1a4ea0474b2f685936284727f07c4f8ebe0aec60deb0d433e,71d104f878dd2b6f8ca5fb2e9507ca9df6bcde4d2ccc3ab56c2e4408a24ecd94,True
figure1_1500_3000,242,58,43073,0.191250240919301,1.769830307095115,1.7764944652210812,0.4669421487603306,0.756198347107438,0.9338842975206612,9.42379762621796,unavailable: saved per-pass bin means/covariances are absent,original_n5000,original,5k,5000,4984,Density-guided CNP,ours,matched_neural,0,100,500,20260909-phase2-b5000-ours-seed0-final-ctx-s100-n500-drop10100-mc50,f9d47d244d789cc1a4ea0474b2f685936284727f07c4f8ebe0aec60deb0d433e,71d104f878dd2b6f8ca5fb2e9507ca9df6bcde4d2ccc3ab56c2e4408a24ecd94,True
full_500_3000,442,58,114299,0.29434021710630354,1.9924700608769041,2.0118626566210467,0.5090497737556561,0.8031674208144797,0.9411764705882353,8.450284101648322,unavailable: saved per-pass bin means/covariances are absent,original_n5000,original,5k,5000,4984,Density-guided CNP,ours,matched_neural,0,101,500,20260909-phase2-b5000-ours-seed0-final-ctx-s101-n500-drop10100-mc50,e39bd0c7d379d87b0cf9d52f49198edf817956c45407d1940cae0a5f916f7fb2,618e0d58ea741d9116c779b6f8c1341abc918dfbd3963369ba6b94ca7c4031a8,True
figure1_1500_3000,242,58,43073,0.40868720411627163,1.824920099458378,1.8664396299043549,0.5330578512396694,0.7892561983471075,0.9504132231404959,9.42379762621796,unavailable: saved per-pass bin means/covariances are absent,original_n5000,original,5k,5000,4984,Density-guided CNP,ours,matched_neural,0,101,500,20260909-phase2-b5000-ours-seed0-final-ctx-s101-n500-drop10100-mc50,e39bd0c7d379d87b0cf9d52f49198edf817956c45407d1940cae0a5f916f7fb2,618e0d58ea741d9116c779b6f8c1341abc918dfbd3963369ba6b94ca7c4031a8,True
full_500_3000,442,58,114299,0.2595828901627645,1.9959293850001725,2.01049854853792,0.49321266968325794,0.7918552036199095,0.9457013574660633,8.450284101648322,unavailable: saved per-pass bin means/covariances are absent,original_n5000,original,5k,5000,4984,Density-guided CNP,ours,matched_neural,0,102,500,20260909-phase2-b5000-ours-seed0-final-ctx-s102-n500-drop10100-mc50,1388835443df3be922100e46d0c4881909a33c3cdfa1ce34756dd1e402430582,1203008f5ce25a2ed50a51742fbd5c5a02085076122eb9a74feb7f3a8e67af71,True
figure1_1500_3000,242,58,43073,0.2981497497508922,1.7636050792392286,1.7850332371061817,0.5,0.7851239669421488,0.9462809917355371,9.42379762621796,unavailable: saved per-pass bin means/covariances are absent,original_n5000,original,5k,5000,4984,Density-guided CNP,ours,matched_neural,0,102,500,20260909-phase2-b5000-ours-seed0-final-ctx-s102-n500-drop10100-mc50,1388835443df3be922100e46d0c4881909a33c3cdfa1ce34756dd1e402430582,1203008f5ce25a2ed50a51742fbd5c5a02085076122eb9a74feb7f3a8e67af71,True
full_500_3000,442,58,114299,0.11951487215225962,1.960586141430467,1.9620105047588734,0.4638009049773756,0.7760180995475113,0.9276018099547512,8.450284101648322,unavailable: saved per-pass bin means/covariances are absent,original_n5000,original,5k,5000,4984,Density-guided CNP,ours,matched_neural,0,103,500,20260909-phase2-b5000-ours-seed0-final-ctx-s103-n500-drop10100-mc50,11b849b1647cec5527fb81c9cf03e40945c5157b7ac166c90e639c8be09c111a,ba52f51c51ab5af0264de2fc3c1e909dfb3f5b4611ac4c4a31de66a6a34c4dc7,True
figure1_1500_3000,242,58,43073,0.11825625487654752,1.8377201753056893,1.8377280943679504,0.4669421487603306,0.7479338842975206,0.9297520661157025,9.42379762621796,unavailable: saved per-pass bin means/covariances are absent,original_n5000,original,5k,5000,4984,Density-guided CNP,ours,matched_neural,0,103,500,20260909-phase2-b5000-ours-seed0-final-ctx-s103-n500-drop10100-mc50,11b849b1647cec5527fb81c9cf03e40945c5157b7ac166c90e639c8be09c111a,ba52f51c51ab5af0264de2fc3c1e909dfb3f5b4611ac4c4a31de66a6a34c4dc7,True
full_500_3000,442,58,114299,0.23894271987296273,2.026032953672925,2.0377969117066628,0.5067873303167421,0.7805429864253394,0.9389140271493213,8.450284101648322,unavailable: saved per-pass bin means/covariances are absent,original_n5000,original,5k,5000,4984,Density-guided CNP,ours,matched_neural,0,104,500,20260909-phase2-b5000-ours-seed0-final-ctx-s104-n500-drop10100-mc50,a28e8f93a428e5ac6379973a6fa87317dd882cffc7194521a106617cb6a4fbb0,642ba2f941ebeae30aeaca82d4636dd28a5605d697ed830e64df595ded8cc00a,True
figure1_1500_3000,242,58,43073,0.25707621563396416,1.830165162963435,1.8443838474096623,0.5165289256198347,0.768595041322314,0.9338842975206612,9.42379762621796,unavailable: saved per-pass bin means/covariances are absent,original_n5000,original,5k,5000,4984,Density-guided CNP,ours,matched_neural,0,104,500,20260909-phase2-b5000-ours-seed0-final-ctx-s104-n500-drop10100-mc50,a28e8f93a428e5ac6379973a6fa87317dd882cffc7194521a106617cb6a4fbb0,642ba2f941ebeae30aeaca82d4636dd28a5605d697ed830e64df595ded8cc00a,True
full_500_3000,442,58,114299,0.12516349222505604,2.035882996403467,2.0374268219932925,0.47285067873303166,0.7737556561085973,0.918552036199095,8.450284101648322,unavailable: saved per-pass bin means/covariances are absent,original_n5000,original,5k,5000,4984,Density-guided CNP,ours,matched_neural,0,105,500,20260909-phase2-b5000-ours-seed0-final-ctx-s105-n500-drop10100-mc50,097e59aedc00d4034fd63578325302aa22dd18ccc6f2626dc474e5b7d7d6d632,eca0c8b9bc91704fcd95bf172d666a8a445c2d31eb9a32abf6ff3e3db59e0609,True
figure1_1500_3000,242,58,43073,0.048158777188196555,1.8734936718326307,1.8702389587082395,0.4669421487603306,0.7479338842975206,0.9090909090909091,9.42379762621796,unavailable: saved per-pass bin means/covariances are absent,original_n5000,original,5k,5000,4984,Density-guided CNP,ours,matched_neural,0,105,500,20260909-phase2-b5000-ours-seed0-final-ctx-s105-n500-drop10100-mc50,097e59aedc00d4034fd63578325302aa22dd18ccc6f2626dc474e5b7d7d6d632,eca0c8b9bc91704fcd95bf172d666a8a445c2d31eb9a32abf6ff3e3db59e0609,True
full_500_3000,442,58,114299,0.19887481896327938,2.006314182030969,2.013886984108261,0.4841628959276018,0.7850678733031674,0.9389140271493213,8.450284101648322,unavailable: saved per-pass bin means/covariances are absent,original_n5000,original,5k,5000,4984,Density-guided CNP,ours,matched_neural,0,106,500,20260909-phase2-b5000-ours-seed0-final-ctx-s106-n500-drop10100-mc50,f33b69f3c2aff2e1923ab0efcdf6f6791ebf6f43106e01caaca5e918f5f70487,1a10c0f20846730790e6253b4b74332b92fa5ba3479a957b972947189f323281,True
figure1_1500_3000,242,58,43073,0.18296569588735556,1.7732953411931163,1.779061183812784,0.49173553719008267,0.768595041322314,0.9380165289256198,9.42379762621796,unavailable: saved per-pass bin means/covariances are absent,original_n5000,original,5k,5000,4984,Density-guided CNP,ours,matched_neural,0,106,500,20260909-phase2-b5000-ours-seed0-final-ctx-s106-n500-drop10100-mc50,f33b69f3c2aff2e1923ab0efcdf6f6791ebf6f43106e01caaca5e918f5f70487,1a10c0f20846730790e6253b4b74332b92fa5ba3479a957b972947189f323281,True
full_500_3000,442,58,114299,0.16486368766264864,2.0326413680922224,2.037023167638763,0.48642533936651583,0.7760180995475113,0.920814479638009,8.450284101648322,unavailable: saved per-pass bin means/covariances are absent,original_n5000,original,5k,5000,4984,Density-guided CNP,ours,matched_neural,0,107,500,20260909-phase2-b5000-ours-seed0-final-ctx-s107-n500-drop10100-mc50,417ac6563fbacc5e4a0574e3dfa26ccf2d64af70f308d7ea5675e755cc21eacd,0b4f58526dde7d01f7848fb8ebff03cabbeef6aa39e873c26b6a840818dea012,True
figure1_1500_3000,242,58,43073,0.18215803034207725,1.9119000893319198,1.916621688845419,0.5,0.7479338842975206,0.9132231404958677,9.42379762621796,unavailable: saved per-pass bin means/covariances are absent,original_n5000,original,5k,5000,4984,Density-guided CNP,ours,matched_neural,0,107,500,20260909-phase2-b5000-ours-seed0-final-ctx-s107-n500-drop10100-mc50,417ac6563fbacc5e4a0574e3dfa26ccf2d64af70f308d7ea5675e755cc21eacd,0b4f58526dde7d01f7848fb8ebff03cabbeef6aa39e873c26b6a840818dea012,True
full_500_3000,442,58,114299,0.20182773046786648,1.9547957897478125,1.9629864246596123,0.49547511312217196,0.7918552036199095,0.9321266968325792,8.450284101648322,unavailable: saved per-pass bin means/covariances are absent,original_n5000,original,5k,5000,4984,Density-guided CNP,ours,matched_neural,0,108,500,20260909-phase2-b5000-ours-seed0-final-ctx-s108-n500-drop10100-mc50,0e546d6e7651b4ef5808e5f609f55c53812dcfb757064fe11172b729795897be,8f33316124c52068d5b66b0f1896d46fc4ac79aa4c98b98618c6ceb48fbd01d2,True
figure1_1500_3000,242,58,43073,0.3223848634459436,1.8320218928024932,1.8564393850061327,0.5206611570247934,0.7768595041322314,0.9380165289256198,9.42379762621796,unavailable: saved per-pass bin means/covariances are absent,original_n5000,original,5k,5000,4984,Density-guided CNP,ours,matched_neural,0,108,500,20260909-phase2-b5000-ours-seed0-final-ctx-s108-n500-drop10100-mc50,0e546d6e7651b4ef5808e5f609f55c53812dcfb757064fe11172b729795897be,8f33316124c52068d5b66b0f1896d46fc4ac79aa4c98b98618c6ceb48fbd01d2,True
full_500_3000,442,58,114299,0.22435928516817663,2.1069943410622964,2.1165345009706673,0.4683257918552036,0.7714932126696833,0.9366515837104072,8.450284101648322,unavailable: saved per-pass bin means/covariances are absent,original_n5000,original,5k,5000,4984,Density-guided CNP,ours,matched_neural,0,109,500,20260909-phase2-b5000-ours-seed0-final-ctx-s109-n500-drop10100-mc50,173a5590e85235fa476708d364a2b7597e57471a292fa96d2c84891520729dbc,c6885dc6c76a27cd4389e9a9af529d378d5c83857ef0e56bd9ec6f7c16cf4d29,True
figure1_1500_3000,242,58,43073,0.10497694221113096,1.8049897175407321,1.8043129659200734,0.47107438016528924,0.7479338842975206,0.9297520661157025,9.42379762621796,unavailable: saved per-pass bin means/covariances are absent,original_n5000,original,5k,5000,4984,Density-guided CNP,ours,matched_neural,0,109,500,20260909-phase2-b5000-ours-seed0-final-ctx-s109-n500-drop10100-mc50,173a5590e85235fa476708d364a2b7597e57471a292fa96d2c84891520729dbc,c6885dc6c76a27cd4389e9a9af529d378d5c83857ef0e56bd9ec6f7c16cf4d29,True
full_500_3000,442,58,114299,-0.1058191290094476,2.0364159955505343,2.0368616704233298,0.4592760180995475,0.7986425339366516,0.9321266968325792,8.450284101648322,unavailable: saved per-pass bin means/covariances are absent,original_n5000,original,5k,5000,4984,Density-guided CNP,ours,matched_neural,1,100,500,20260909-phase2-b5000-ours-seed1-final-ctx-s100-n500-drop10100-mc50,103389e7bc388292779c65f8c229020d2e92e782f52293cc7526b6f48dc67d34,91f84fa747d0740c884be63300a2c46468137057509bd71d8e0eb75c552f3e7a,True
figure1_1500_3000,242,58,43073,-0.19702039550902917,1.9115421725040538,1.9177360003159452,0.45867768595041325,0.8099173553719008,0.9256198347107438,9.42379762621796,unavailable: saved per-pass bin means/covariances are absent,original_n5000,original,5k,5000,4984,Density-guided CNP,ours,matched_neural,1,100,500,20260909-phase2-b5000-ours-seed1-final-ctx-s100-n500-drop10100-mc50,103389e7bc388292779c65f8c229020d2e92e782f52293cc7526b6f48dc67d34,91f84fa747d0740c884be63300a2c46468137057509bd71d8e0eb75c552f3e7a,True
full_500_3000,442,58,114299,-0.10407964229900658,2.1233984447766963,2.123547168026571,0.4796380090497738,0.8167420814479638,0.9479638009049773,8.450284101648322,unavailable: saved per-pass bin means/covariances are absent,original_n5000,original,5k,5000,4984,Density-guided CNP,ours,matched_neural,1,101,500,20260909-phase2-b5000-ours-seed1-final-ctx-s101-n500-drop10100-mc50,31e8f02a12826722bec50814908431d8e51850ae769b078bc7f929fe86511367,fa2f4ac667a219eeeef4c66ba463ef71003b6a616437aac7d3fcca040b4ee36d,True
figure1_1500_3000,242,58,43073,-0.0011432173336084048,2.095369010026785,2.0910355660685855,0.5041322314049587,0.8347107438016529,0.9545454545454546,9.42379762621796,unavailable: saved per-pass bin means/covariances are absent,original_n5000,original,5k,5000,4984,Density-guided CNP,ours,matched_neural,1,101,500,20260909-phase2-b5000-ours-seed1-final-ctx-s101-n500-drop10100-mc50,31e8f02a12826722bec50814908431d8e51850ae769b078bc7f929fe86511367,fa2f4ac667a219eeeef4c66ba463ef71003b6a616437aac7d3fcca040b4ee36d,True
full_500_3000,442,58,114299,-0.08777754670248077,2.0833968311081312,2.0828891045857767,0.5,0.8167420814479638,0.9502262443438914,8.450284101648322,unavailable: saved per-pass bin means/covariances are absent,original_n5000,original,5k,5000,4984,Density-guided CNP,ours,matched_neural,1,102,500,20260909-phase2-b5000-ours-seed1-final-ctx-s102-n500-drop10100-mc50,27e1b1d05f648627a851bb7f708e30ef8cabaceb133eec7900c4694c8ee6a4be,6733e5ddc7718f14e26276a82a703999d5245e0663a1375dc4efa60d45a7d401,True
figure1_1500_3000,242,58,43073,-0.06831856626536184,1.9785951132562676,1.9756844458562028,0.5,0.8264462809917356,0.9504132231404959,9.42379762621796,unavailable: saved per-pass bin means/covariances are absent,original_n5000,original,5k,5000,4984,Density-guided CNP,ours,matched_neural,1,102,500,20260909-phase2-b5000-ours-seed1-final-ctx-s102-n500-drop10100-mc50,27e1b1d05f648627a851bb7f708e30ef8cabaceb133eec7900c4694c8ee6a4be,6733e5ddc7718f14e26276a82a703999d5245e0663a1375dc4efa60d45a7d401,True
full_500_3000,442,58,114299,-0.22604851346828145,1.969080717149425,1.9797991506587662,0.48868778280542985,0.8144796380090498,0.9253393665158371,8.450284101648322,unavailable: saved per-pass bin means/covariances are absent,original_n5000,original,5k,5000,4984,Density-guided CNP,ours,matched_neural,1,103,500,20260909-phase2-b5000-ours-seed1-final-ctx-s103-n500-drop10100-mc50,96dfb04d0a1a2a35bceeca73cb1a10b05f5a84319e3e444b09af9827094a8b8c,bfbc0bac48eba2cb79b999a7b3e03c6a52ffb186f8edca3d690dcd91e2c79c36,True
figure1_1500_3000,242,58,43073,-0.22955009871613014,1.8841194780472807,1.894183312528705,0.47107438016528924,0.8223140495867769,0.9214876033057852,9.42379762621796,unavailable: saved per-pass bin means/covariances are absent,original_n5000,original,5k,5000,4984,Density-guided CNP,ours,matched_neural,1,103,500,20260909-phase2-b5000-ours-seed1-final-ctx-s103-n500-drop10100-mc50,96dfb04d0a1a2a35bceeca73cb1a10b05f5a84319e3e444b09af9827094a8b8c,bfbc0bac48eba2cb79b999a7b3e03c6a52ffb186f8edca3d690dcd91e2c79c36,True
full_500_3000,442,58,114299,-0.13266772407675972,2.1024106456924865,2.1042174205228,0.4819004524886878,0.8099547511312217,0.9411764705882353,8.450284101648322,unavailable: saved per-pass bin means/covariances are absent,original_n5000,original,5k,5000,4984,Density-guided CNP,ours,matched_neural,1,104,500,20260909-phase2-b5000-ours-seed1-final-ctx-s104-n500-drop10100-mc50,9db8839b45358ed24da4e4676c08784bc69feba285a12e7f15d589a7d61c1d3d,bebfc234373017fb62824235bcfa2b15c71d58f2a4fbab8be14f100bd31601f2,True
figure1_1500_3000,242,58,43073,-0.11761017445190103,2.0026765321988167,2.001992070496393,0.5,0.8223140495867769,0.9380165289256198,9.42379762621796,unavailable: saved per-pass bin means/covariances are absent,original_n5000,original,5k,5000,4984,Density-guided CNP,ours,matched_neural,1,104,500,20260909-phase2-b5000-ours-seed1-final-ctx-s104-n500-drop10100-mc50,9db8839b45358ed24da4e4676c08784bc69feba285a12e7f15d589a7d61c1d3d,bebfc234373017fb62824235bcfa2b15c71d58f2a4fbab8be14f100bd31601f2,True
full_500_3000,442,58,114299,-0.29454027513198333,2.14440082602195,2.162129767658458,0.4592760180995475,0.7895927601809954,0.9140271493212669,8.450284101648322,unavailable: saved per-pass bin means/covariances are absent,original_n5000,original,5k,5000,4984,Density-guided CNP,ours,matched_neural,1,105,500,20260909-phase2-b5000-ours-seed1-final-ctx-s105-n500-drop10100-mc50,c6fc37fa1d7e6e1beb0620915b56bc44569febfb62163f0aaa4b30b7a93067f9,c105b356b0a696f0c13043ebfc37195fb97044dd69e9b0854bdb1a72f036084c,True
figure1_1500_3000,242,58,43073,-0.4464913605429002,2.109548114216456,2.1520126749031006,0.4380165289256198,0.7851239669421488,0.8884297520661157,9.42379762621796,unavailable: saved per-pass bin means/covariances are absent,original_n5000,original,5k,5000,4984,Density-guided CNP,ours,matched_neural,1,105,500,20260909-phase2-b5000-ours-seed1-final-ctx-s105-n500-drop10100-mc50,c6fc37fa1d7e6e1beb0620915b56bc44569febfb62163f0aaa4b30b7a93067f9,c105b356b0a696f0c13043ebfc37195fb97044dd69e9b0854bdb1a72f036084c,True
full_500_3000,442,58,114299,-0.1596799627872881,2.0432045050472554,2.0471290511510207,0.49095022624434387,0.8212669683257918,0.9411764705882353,8.450284101648322,unavailable: saved per-pass bin means/covariances are absent,original_n5000,original,5k,5000,4984,Density-guided CNP,ours,matched_neural,1,106,500,20260909-phase2-b5000-ours-seed1-final-ctx-s106-n500-drop10100-mc50,ab010d0831ce0807eded7757a7b649632c956f3a56c64652ebed9da3b8c12ef2,f95047d6a175c1c13576d6881237f8d1e22599fea2358fd90ad64779159e64a1,True
figure1_1500_3000,242,58,43073,-0.20489382397881176,1.8866851872752284,1.8938990106678704,0.4793388429752066,0.8347107438016529,0.9338842975206612,9.42379762621796,unavailable: saved per-pass bin means/covariances are absent,original_n5000,original,5k,5000,4984,Density-guided CNP,ours,matched_neural,1,106,500,20260909-phase2-b5000-ours-seed1-final-ctx-s106-n500-drop10100-mc50,ab010d0831ce0807eded7757a7b649632c956f3a56c64652ebed9da3b8c12ef2,f95047d6a175c1c13576d6881237f8d1e22599fea2358fd90ad64779159e64a1,True
full_500_3000,442,58,114299,-0.19959323257881506,2.074921879733914,2.082161801091941,0.48642533936651583,0.8076923076923077,0.9276018099547512,8.450284101648322,unavailable: saved per-pass bin means/covariances are absent,original_n5000,original,5k,5000,4984,Density-guided CNP,ours,matched_neural,1,107,500,20260909-phase2-b5000-ours-seed1-final-ctx-s107-n500-drop10100-mc50,f626027db93a2907edb4f8bbf40357ef2ac0b509f324df8df52dc08cced2f3c7,eb69dd0b992e773fc7af7255d74e1d3529e8c2f2578589c765c8667e4fdd4599,True
figure1_1500_3000,242,58,43073,-0.1862196060334329,2.0187938212850076,2.0232066646044284,0.4834710743801653,0.8140495867768595,0.9214876033057852,9.42379762621796,unavailable: saved per-pass bin means/covariances are absent,original_n5000,original,5k,5000,4984,Density-guided CNP,ours,matched_neural,1,107,500,20260909-phase2-b5000-ours-seed1-final-ctx-s107-n500-drop10100-mc50,f626027db93a2907edb4f8bbf40357ef2ac0b509f324df8df52dc08cced2f3c7,eb69dd0b992e773fc7af7255d74e1d3529e8c2f2578589c765c8667e4fdd4599,True
full_500_3000,442,58,114299,-0.19045205588407013,2.051319575971368,2.057829882534424,0.49547511312217196,0.8054298642533937,0.9321266968325792,8.450284101648322,unavailable: saved per-pass bin means/covariances are absent,original_n5000,original,5k,5000,4984,Density-guided CNP,ours,matched_neural,1,108,500,20260909-phase2-b5000-ours-seed1-final-ctx-s108-n500-drop10100-mc50,357cf41d628079ebdd8e6b11a76e59031a071d5cbc2dadbb5b45549ed670374c,825a42763d944f416a3b882930a04699c6a285273117446e34cf6224d1ec8c05,True
figure1_1500_3000,242,58,43073,-0.06795314763513337,2.0321293532934623,2.0290645834464107,0.5,0.8223140495867769,0.9380165289256198,9.42379762621796,unavailable: saved per-pass bin means/covariances are absent,original_n5000,original,5k,5000,4984,Density-guided CNP,ours,matched_neural,1,108,500,20260909-phase2-b5000-ours-seed1-final-ctx-s108-n500-drop10100-mc50,357cf41d628079ebdd8e6b11a76e59031a071d5cbc2dadbb5b45549ed670374c,825a42763d944f416a3b882930a04699c6a285273117446e34cf6224d1ec8c05,True
full_500_3000,442,58,114299,-0.10349758220731146,2.116944468412132,2.1170797330121003,0.4751131221719457,0.8099547511312217,0.9411764705882353,8.450284101648322,unavailable: saved per-pass bin means/covariances are absent,original_n5000,original,5k,5000,4984,Density-guided CNP,ours,matched_neural,1,109,500,20260909-phase2-b5000-ours-seed1-final-ctx-s109-n500-drop10100-mc50,0b45720685a60399fc88b9fc3f694cf7ce88e27889faf4240a3083b9c74b368f,6ee91c921900a78782004a16b335758b9d7a4be1315bc4a2bbb70f3bfc884029,True
figure1_1500_3000,242,58,43073,-0.23618376878061736,1.8622064274540697,1.8733034314325676,0.47520661157024796,0.8223140495867769,0.9297520661157025,9.42379762621796,unavailable: saved per-pass bin means/covariances are absent,original_n5000,original,5k,5000,4984,Density-guided CNP,ours,matched_neural,1,109,500,20260909-phase2-b5000-ours-seed1-final-ctx-s109-n500-drop10100-mc50,0b45720685a60399fc88b9fc3f694cf7ce88e27889faf4240a3083b9c74b368f,6ee91c921900a78782004a16b335758b9d7a4be1315bc4a2bbb70f3bfc884029,True
full_500_3000,442,58,114299,-0.20039013216138588,1.9400576157679974,1.9481951441438,0.43665158371040724,0.7895927601809954,0.9298642533936652,8.450284101648322,unavailable: saved per-pass bin means/covariances are absent,original_n5000,original,5k,5000,4984,Density-guided CNP,ours,matched_neural,2,100,500,20260909-phase2-b5000-ours-seed2-final-ctx-s100-n500-drop10100-mc50,ebdc9626ab11ba500e8a15da8041d3cd9ca9a638cffb941154f7dbda7424263b,d64f0e1f4179622e4ed4e25940600b9a36b35cad330e801f836c9afe56cee357,True
figure1_1500_3000,242,58,43073,-0.33647983878140464,1.8434392433152973,1.8701455812160062,0.4132231404958678,0.7768595041322314,0.9173553719008265,9.42379762621796,unavailable: saved per-pass bin means/covariances are absent,original_n5000,original,5k,5000,4984,Density-guided CNP,ours,matched_neural,2,100,500,20260909-phase2-b5000-ours-seed2-final-ctx-s100-n500-drop10100-mc50,ebdc9626ab11ba500e8a15da8041d3cd9ca9a638cffb941154f7dbda7424263b,d64f0e1f4179622e4ed4e25940600b9a36b35cad330e801f836c9afe56cee357,True
full_500_3000,442,58,114299,-0.09522762300397698,1.7999436542564018,1.8004265052637447,0.49095022624434387,0.8167420814479638,0.9502262443438914,8.450284101648322,unavailable: saved per-pass bin means/covariances are absent,original_n5000,original,5k,5000,4984,Density-guided CNP,ours,matched_neural,2,101,500,20260909-phase2-b5000-ours-seed2-final-ctx-s101-n500-drop10100-mc50,531251007e272b259ab180dcb1f3ff5fc742589a71280f6f8ce8d0d8683af93b,09f1cc0a2b375c30a10904a8c8c338882e46862e586c274b76ecf5ec426cb7c1,True
figure1_1500_3000,242,58,43073,-0.05230062054548098,1.607635011957807,1.6051622891370427,0.4793388429752066,0.8140495867768595,0.9545454545454546,9.42379762621796,unavailable: saved per-pass bin means/covariances are absent,original_n5000,original,5k,5000,4984,Density-guided CNP,ours,matched_neural,2,101,500,20260909-phase2-b5000-ours-seed2-final-ctx-s101-n500-drop10100-mc50,531251007e272b259ab180dcb1f3ff5fc742589a71280f6f8ce8d0d8683af93b,09f1cc0a2b375c30a10904a8c8c338882e46862e586c274b76ecf5ec426cb7c1,True
full_500_3000,442,58,114299,-0.1425923913235746,1.8291568563692893,1.8326422669228994,0.4796380090497738,0.8076923076923077,0.9524886877828054,8.450284101648322,unavailable: saved per-pass bin means/covariances are absent,original_n5000,original,5k,5000,4984,Density-guided CNP,ours,matched_neural,2,102,500,20260909-phase2-b5000-ours-seed2-final-ctx-s102-n500-drop10100-mc50,79f24ba6c33790205ee065df85323f83a2a6da85453b7675da9e1f7183757fb8,c78f8d8c07e1be48fde06634465bebbf85bfd58282fe18b392d012ed3338bff5,True
figure1_1500_3000,242,58,43073,-0.170731530856188,1.6317080581336272,1.6372594466220314,0.45454545454545453,0.8140495867768595,0.9545454545454546,9.42379762621796,unavailable: saved per-pass bin means/covariances are absent,original_n5000,original,5k,5000,4984,Density-guided CNP,ours,matched_neural,2,102,500,20260909-phase2-b5000-ours-seed2-final-ctx-s102-n500-drop10100-mc50,79f24ba6c33790205ee065df85323f83a2a6da85453b7675da9e1f7183757fb8,c78f8d8c07e1be48fde06634465bebbf85bfd58282fe18b392d012ed3338bff5,True
full_500_3000,442,58,114299,-0.3397986861115175,1.9432052735793632,1.9705244962163058,0.4321266968325792,0.7714932126696833,0.916289592760181,8.450284101648322,unavailable: saved per-pass bin means/covariances are absent,original_n5000,original,5k,5000,4984,Density-guided CNP,ours,matched_neural,2,103,500,20260909-phase2-b5000-ours-seed2-final-ctx-s103-n500-drop10100-mc50,23be98c7fd3759e75c7f703d30f3eb1847316f7039578d01861442a580f88d64,10124db99729135ecd0cefa902ba7619fc6d2e16e6ed0f076c46e725d2cb9d95,True
figure1_1500_3000,242,58,43073,-0.4452916452879724,1.903518299825274,1.9510750663621845,0.40082644628099173,0.7520661157024794,0.9008264462809917,9.42379762621796,unavailable: saved per-pass bin means/covariances are absent,original_n5000,original,5k,5000,4984,Density-guided CNP,ours,matched_neural,2,103,500,20260909-phase2-b5000-ours-seed2-final-ctx-s103-n500-drop10100-mc50,23be98c7fd3759e75c7f703d30f3eb1847316f7039578d01861442a580f88d64,10124db99729135ecd0cefa902ba7619fc6d2e16e6ed0f076c46e725d2cb9d95,True
full_500_3000,442,58,114299,-0.16006022594088082,1.86122564174979,1.8659964355162515,0.47737556561085975,0.8076923076923077,0.9434389140271493,8.450284101648322,unavailable: saved per-pass bin means/covariances are absent,original_n5000,original,5k,5000,4984,Density-guided CNP,ours,matched_neural,2,104,500,20260909-phase2-b5000-ours-seed2-final-ctx-s104-n500-drop10100-mc50,7b603fc250c289cfd8c9fdd465b0762ce9c1fde1fb6433c66e43d24479e976d0,524fdddc40f97f69a3ae0e7a71b75e1651a0a002a7368761e441482be47dbdf3,True
figure1_1500_3000,242,58,43073,-0.21637688737029317,1.701854067578397,1.712062502618613,0.45867768595041325,0.8057851239669421,0.9380165289256198,9.42379762621796,unavailable: saved per-pass bin means/covariances are absent,original_n5000,original,5k,5000,4984,Density-guided CNP,ours,matched_neural,2,104,500,20260909-phase2-b5000-ours-seed2-final-ctx-s104-n500-drop10100-mc50,7b603fc250c289cfd8c9fdd465b0762ce9c1fde1fb6433c66e43d24479e976d0,524fdddc40f97f69a3ae0e7a71b75e1651a0a002a7368761e441482be47dbdf3,True
full_500_3000,442,58,114299,-0.3361223790410585,2.019188961388994,2.0447195536073255,0.4411764705882353,0.7737556561085973,0.920814479638009,8.450284101648322,unavailable: saved per-pass bin means/covariances are absent,original_n5000,original,5k,5000,4984,Density-guided CNP,ours,matched_neural,2,105,500,20260909-phase2-b5000-ours-seed2-final-ctx-s105-n500-drop10100-mc50,d7d5371125cb5baa2ea6752636c4e55d1f0aeb53b64d6dec891d233662e5f46c,615909e0db31189042e965526c036fafcbd9207af5780626ac22ab346002edd3,True
figure1_1500_3000,242,58,43073,-0.5203050163636034,1.9913241292723565,2.054191632745461,0.384297520661157,0.7479338842975206,0.9008264462809917,9.42379762621796,unavailable: saved per-pass bin means/covariances are absent,original_n5000,original,5k,5000,4984,Density-guided CNP,ours,matched_neural,2,105,500,20260909-phase2-b5000-ours-seed2-final-ctx-s105-n500-drop10100-mc50,d7d5371125cb5baa2ea6752636c4e55d1f0aeb53b64d6dec891d233662e5f46c,615909e0db31189042e965526c036fafcbd9207af5780626ac22ab346002edd3,True
full_500_3000,442,58,114299,-0.22424334831825898,1.8875661358437634,1.8987180210166383,0.4660633484162896,0.7986425339366516,0.9411764705882353,8.450284101648322,unavailable: saved per-pass bin means/covariances are absent,original_n5000,original,5k,5000,4984,Density-guided CNP,ours,matched_neural,2,106,500,20260909-phase2-b5000-ours-seed2-final-ctx-s106-n500-drop10100-mc50,5e2449d48529eecb276c7ec957ec85085600726d4982ffcaa2380b0cf5190fbe,4298f1208a4110424783bf0bb6752e5689881e3614a86ce0850080efaf2c87cd,True
figure1_1500_3000,242,58,43073,-0.3283675464864059,1.7388824742895252,1.7660812060092108,0.43388429752066116,0.7975206611570248,0.9338842975206612,9.42379762621796,unavailable: saved per-pass bin means/covariances are absent,original_n5000,original,5k,5000,4984,Density-guided CNP,ours,matched_neural,2,106,500,20260909-phase2-b5000-ours-seed2-final-ctx-s106-n500-drop10100-mc50,5e2449d48529eecb276c7ec957ec85085600726d4982ffcaa2380b0cf5190fbe,4298f1208a4110424783bf0bb6752e5689881e3614a86ce0850080efaf2c87cd,True
full_500_3000,442,58,114299,-0.2692500239520033,1.9386537197788751,1.9550884129391144,0.4660633484162896,0.7918552036199095,0.9230769230769231,8.450284101648322,unavailable: saved per-pass bin means/covariances are absent,original_n5000,original,5k,5000,4984,Density-guided CNP,ours,matched_neural,2,107,500,20260909-phase2-b5000-ours-seed2-final-ctx-s107-n500-drop10100-mc50,dd0506a161a9707b18cca4114ea2d64ee31a79b2c762d6650b4e80697278b1df,fed67630193b66f94658704c6cef370b261d60abab5f4f542b7a6b6aed0666ce,True
figure1_1500_3000,242,58,43073,-0.3537838251638838,1.8765250162785034,1.9057696908526873,0.44214876033057854,0.7727272727272727,0.9049586776859504,9.42379762621796,unavailable: saved per-pass bin means/covariances are absent,original_n5000,original,5k,5000,4984,Density-guided CNP,ours,matched_neural,2,107,500,20260909-phase2-b5000-ours-seed2-final-ctx-s107-n500-drop10100-mc50,dd0506a161a9707b18cca4114ea2d64ee31a79b2c762d6650b4e80697278b1df,fed67630193b66f94658704c6cef370b261d60abab5f4f542b7a6b6aed0666ce,True
full_500_3000,442,58,114299,-0.2007579903212959,1.8139333499112886,1.8229683837991943,0.4841628959276018,0.8099547511312217,0.9411764705882353,8.450284101648322,unavailable: saved per-pass bin means/covariances are absent,original_n5000,original,5k,5000,4984,Density-guided CNP,ours,matched_neural,2,108,500,20260909-phase2-b5000-ours-seed2-final-ctx-s108-n500-drop10100-mc50,0748b4af21193e8c8c670ffa9016f37b2991978e961333a9664e34e4e117743b,21f5252078908fc2d703fce3c9713ad587077e54583370b18d11cf4d9df8ad52,True
figure1_1500_3000,242,58,43073,-0.15142664650294219,1.6675953473526108,1.6710215605745642,0.4834710743801653,0.8181818181818182,0.9462809917355371,9.42379762621796,unavailable: saved per-pass bin means/covariances are absent,original_n5000,original,5k,5000,4984,Density-guided CNP,ours,matched_neural,2,108,500,20260909-phase2-b5000-ours-seed2-final-ctx-s108-n500-drop10100-mc50,0748b4af21193e8c8c670ffa9016f37b2991978e961333a9664e34e4e117743b,21f5252078908fc2d703fce3c9713ad587077e54583370b18d11cf4d9df8ad52,True
full_500_3000,442,58,114299,-0.23637198774111912,2.0064891915479124,2.018108519789176,0.4343891402714932,0.7760180995475113,0.9230769230769231,8.450284101648322,unavailable: saved per-pass bin means/covariances are absent,original_n5000,original,5k,5000,4984,Density-guided CNP,ours,matched_neural,2,109,500,20260909-phase2-b5000-ours-seed2-final-ctx-s109-n500-drop10100-mc50,83e1ee8ba91f1ded1b612c9698b8fb3247812fccd32bfb4e7880f10a0e2d8152,43b6f6fda86443d46c5183ea8204b31245b9de75b5fab17a9f3291a536441470,True
figure1_1500_3000,242,58,43073,-0.45057886837045014,1.8782753083075956,1.9277866262409298,0.40082644628099173,0.756198347107438,0.9008264462809917,9.42379762621796,unavailable: saved per-pass bin means/covariances are absent,original_n5000,original,5k,5000,4984,Density-guided CNP,ours,matched_neural,2,109,500,20260909-phase2-b5000-ours-seed2-final-ctx-s109-n500-drop10100-mc50,83e1ee8ba91f1ded1b612c9698b8fb3247812fccd32bfb4e7880f10a0e2d8152,43b6f6fda86443d46c5183ea8204b31245b9de75b5fab17a9f3291a536441470,True
full_500_3000,442,58,114299,-0.2249135589348477,3.7441248408140484,3.7466439562967677,0.5090497737556561,0.8054298642533937,0.9276018099547512,8.450284101648322,unavailable: saved per-pass bin means/covariances are absent,original_n10000,original,10k,10000,9980,CNP,m0,matched_neural,0,100,500,20260909-phase3-original_n10000-m0-seed0-final-ctx-s100-n500-drop10100-mc50,b8e433b224d177895f977b1c21f195caf21ac36eeaa4fb13e20bdb5832935e1a,5856469502474287b819b06ab04f3b144f5eec8ac36de12841016b37995ecbd7,False
figure1_1500_3000,242,58,43073,-0.04199696480718284,2.714985622096171,2.709695811048672,0.48760330578512395,0.7892561983471075,0.9297520661157025,9.42379762621796,unavailable: saved per-pass bin means/covariances are absent,original_n10000,original,10k,10000,9980,CNP,m0,matched_neural,0,100,500,20260909-phase3-original_n10000-m0-seed0-final-ctx-s100-n500-drop10100-mc50,b8e433b224d177895f977b1c21f195caf21ac36eeaa4fb13e20bdb5832935e1a,5856469502474287b819b06ab04f3b144f5eec8ac36de12841016b37995ecbd7,False
full_500_3000,442,58,114299,-0.2109857719128639,3.7306602375851896,3.732405726949432,0.5,0.8031674208144797,0.9298642533936652,8.450284101648322,unavailable: saved per-pass bin means/covariances are absent,original_n10000,original,10k,10000,9980,CNP,m0,matched_neural,0,101,500,20260909-phase3-original_n10000-m0-seed0-final-ctx-s101-n500-drop10100-mc50,9c86ed523405f99e19dd6677342359f425d35875c596d6035a7f2975a41a2202,7214a93d45a7eeee9b4fa1253317c9379545a419225dd529d2efff987b2b1d0d,False
figure1_1500_3000,242,58,43073,-0.04026656622917523,2.7155400207089513,2.7102227352730988,0.49173553719008267,0.7851239669421488,0.9297520661157025,9.42379762621796,unavailable: saved per-pass bin means/covariances are absent,original_n10000,original,10k,10000,9980,CNP,m0,matched_neural,0,101,500,20260909-phase3-original_n10000-m0-seed0-final-ctx-s101-n500-drop10100-mc50,9c86ed523405f99e19dd6677342359f425d35875c596d6035a7f2975a41a2202,7214a93d45a7eeee9b4fa1253317c9379545a419225dd529d2efff987b2b1d0d,False
full_500_3000,442,58,114299,-0.15013343537548904,3.7111884370756525,3.7100268479194223,0.5,0.8031674208144797,0.9343891402714932,8.450284101648322,unavailable: saved per-pass bin means/covariances are absent,original_n10000,original,10k,10000,9980,CNP,m0,matched_neural,0,102,500,20260909-phase3-original_n10000-m0-seed0-final-ctx-s102-n500-drop10100-mc50,9356d875971b4e7aa1785670c03ea6898728756abd460431422fe2de2a3900b7,a6153ae47e913af0895ec6728c6c8513732eaa0fd5cb836818f8033ba942f323,False
figure1_1500_3000,242,58,43073,0.026292743434746017,2.712690166900328,2.7072073153978247,0.49173553719008267,0.78099173553719,0.9338842975206612,9.42379762621796,unavailable: saved per-pass bin means/covariances are absent,original_n10000,original,10k,10000,9980,CNP,m0,matched_neural,0,102,500,20260909-phase3-original_n10000-m0-seed0-final-ctx-s102-n500-drop10100-mc50,9356d875971b4e7aa1785670c03ea6898728756abd460431422fe2de2a3900b7,a6153ae47e913af0895ec6728c6c8513732eaa0fd5cb836818f8033ba942f323,False
full_500_3000,442,58,114299,-0.486803606122719,3.844952790049363,3.871329553221105,0.5090497737556561,0.8280542986425339,0.9253393665158371,8.450284101648322,unavailable: saved per-pass bin means/covariances are absent,original_n10000,original,10k,10000,9980,CNP,m0,matched_neural,0,103,500,20260909-phase3-original_n10000-m0-seed0-final-ctx-s103-n500-drop10100-mc50,df9b769374175db9eb42ae23314e347880a20412e04b91d8afeb90671eb0b591,2cd5b3782e67e6d40e685cb5c6deb8a0448158535e45e82213a441b3500566de,False
figure1_1500_3000,242,58,43073,-0.30980441076132764,2.7332701352516193,2.7451545444329493,0.47520661157024796,0.8223140495867769,0.9256198347107438,9.42379762621796,unavailable: saved per-pass bin means/covariances are absent,original_n10000,original,10k,10000,9980,CNP,m0,matched_neural,0,103,500,20260909-phase3-original_n10000-m0-seed0-final-ctx-s103-n500-drop10100-mc50,df9b769374175db9eb42ae23314e347880a20412e04b91d8afeb90671eb0b591,2cd5b3782e67e6d40e685cb5c6deb8a0448158535e45e82213a441b3500566de,False
full_500_3000,442,58,114299,-0.2828079368710972,3.7567206171027627,3.76311046522088,0.502262443438914,0.8212669683257918,0.9253393665158371,8.450284101648322,unavailable: saved per-pass bin means/covariances are absent,original_n10000,original,10k,10000,9980,CNP,m0,matched_neural,0,104,500,20260909-phase3-original_n10000-m0-seed0-final-ctx-s104-n500-drop10100-mc50,19362637cbe3c446d1270180d1af0d9385180362dbae6d2122ee25efde8f44b0,6746ca83100f8794dc858167863eeafd8ad1f751da18c9680e60ed3c07d44b50,False
figure1_1500_3000,242,58,43073,-0.115393679952082,2.7197418612214608,2.716568680291468,0.47520661157024796,0.8223140495867769,0.9256198347107438,9.42379762621796,unavailable: saved per-pass bin means/covariances are absent,original_n10000,original,10k,10000,9980,CNP,m0,matched_neural,0,104,500,20260909-phase3-original_n10000-m0-seed0-final-ctx-s104-n500-drop10100-mc50,19362637cbe3c446d1270180d1af0d9385180362dbae6d2122ee25efde8f44b0,6746ca83100f8794dc858167863eeafd8ad1f751da18c9680e60ed3c07d44b50,False
full_500_3000,442,58,114299,-0.36081106721545764,3.7930615684025786,3.8059099042266396,0.502262443438914,0.8280542986425339,0.9253393665158371,8.450284101648322,unavailable: saved per-pass bin means/covariances are absent,original_n10000,original,10k,10000,9980,CNP,m0,matched_neural,0,105,500,20260909-phase3-original_n10000-m0-seed0-final-ctx-s105-n500-drop10100-mc50,e9d60fe90b62cbcddca05fa1951a722661fbe3e88a5eb51c184a3e5b520812d3,11ebc9988cb40ac9bb93f45231becd08a1e6960083c857dc104108f8ea0d524e,False
figure1_1500_3000,242,58,43073,-0.18549868585706183,2.7239461240495206,2.7246342098979746,0.47107438016528924,0.8223140495867769,0.9256198347107438,9.42379762621796,unavailable: saved per-pass bin means/covariances are absent,original_n10000,original,10k,10000,9980,CNP,m0,matched_neural,0,105,500,20260909-phase3-original_n10000-m0-seed0-final-ctx-s105-n500-drop10100-mc50,e9d60fe90b62cbcddca05fa1951a722661fbe3e88a5eb51c184a3e5b520812d3,11ebc9988cb40ac9bb93f45231becd08a1e6960083c857dc104108f8ea0d524e,False
full_500_3000,442,58,114299,-0.25231881845074416,3.747468174611597,3.7517209173054016,0.502262443438914,0.8122171945701357,0.9276018099547512,8.450284101648322,unavailable: saved per-pass bin means/covariances are absent,original_n10000,original,10k,10000,9980,CNP,m0,matched_neural,0,106,500,20260909-phase3-original_n10000-m0-seed0-final-ctx-s106-n500-drop10100-mc50,311397c160208c5fcbc08f1d8b270002327db651926dd42e4268d17de81e7b50,5184483bd419832881d555044a1bc37f03a7e0d3c9fc0fda667bede9eadf528e,False
figure1_1500_3000,242,58,43073,-0.08058570881061686,2.7175106912013463,2.7130872534516146,0.47520661157024796,0.8057851239669421,0.9297520661157025,9.42379762621796,unavailable: saved per-pass bin means/covariances are absent,original_n10000,original,10k,10000,9980,CNP,m0,matched_neural,0,106,500,20260909-phase3-original_n10000-m0-seed0-final-ctx-s106-n500-drop10100-mc50,311397c160208c5fcbc08f1d8b270002327db651926dd42e4268d17de81e7b50,5184483bd419832881d555044a1bc37f03a7e0d3c9fc0fda667bede9eadf528e,False
full_500_3000,442,58,114299,-0.4179220785788019,3.815976822699793,3.8345003585578805,0.504524886877828,0.8280542986425339,0.9230769230769231,8.450284101648322,unavailable: saved per-pass bin means/covariances are absent,original_n10000,original,10k,10000,9980,CNP,m0,matched_neural,0,107,500,20260909-phase3-original_n10000-m0-seed0-final-ctx-s107-n500-drop10100-mc50,57a0d530691ef28d3f962a8fbaa1aa8cad37f36575f2492291f30d7ae8eadcf2,bf7e83b6819e37a554d687d68b5c889b72e8621dbdea51e7817995ea809ffe6e,False
figure1_1500_3000,242,58,43073,-0.24234462616655883,2.7278593165025864,2.732983450398736,0.4628099173553719,0.8223140495867769,0.9214876033057852,9.42379762621796,unavailable: saved per-pass bin means/covariances are absent,original_n10000,original,10k,10000,9980,CNP,m0,matched_neural,0,107,500,20260909-phase3-original_n10000-m0-seed0-final-ctx-s107-n500-drop10100-mc50,57a0d530691ef28d3f962a8fbaa1aa8cad37f36575f2492291f30d7ae8eadcf2,bf7e83b6819e37a554d687d68b5c889b72e8621dbdea51e7817995ea809ffe6e,False
full_500_3000,442,58,114299,-0.4918208421923274,3.8469775070789978,3.873969701292613,0.5113122171945701,0.8280542986425339,0.9253393665158371,8.450284101648322,unavailable: saved per-pass bin means/covariances are absent,original_n10000,original,10k,10000,9980,CNP,m0,matched_neural,0,108,500,20260909-phase3-original_n10000-m0-seed0-final-ctx-s108-n500-drop10100-mc50,569f07db668112f4b8d0fedb54982f427cfb30c649a448e35eafcaeebf96a02c,1238b81b6407a21cae97ad2ad4f5475e7563d7e3d45b0c23aea080db9097d985,False
figure1_1500_3000,242,58,43073,-0.31472756759599746,2.7336132837718425,2.746054686779262,0.4793388429752066,0.8223140495867769,0.9256198347107438,9.42379762621796,unavailable: saved per-pass bin means/covariances are absent,original_n10000,original,10k,10000,9980,CNP,m0,matched_neural,0,108,500,20260909-phase3-original_n10000-m0-seed0-final-ctx-s108-n500-drop10100-mc50,569f07db668112f4b8d0fedb54982f427cfb30c649a448e35eafcaeebf96a02c,1238b81b6407a21cae97ad2ad4f5475e7563d7e3d45b0c23aea080db9097d985,False
full_500_3000,442,58,114299,-0.19008991883669393,3.72455664027236,3.7251940888458357,0.504524886877828,0.8031674208144797,0.9321266968325792,8.450284101648322,unavailable: saved per-pass bin means/covariances are absent,original_n10000,original,10k,10000,9980,CNP,m0,matched_neural,0,109,500,20260909-phase3-original_n10000-m0-seed0-final-ctx-s109-n500-drop10100-mc50,484080637d87f68ee4f7c4e427e376d47c75e6c42059eb9631ee1c839e27fb19,e7f2452ad02f928ae356575aa7d3d7af3132c573892e9a13d5d768d7fdb12c9c,False
figure1_1500_3000,242,58,43073,-0.016814547348312222,2.714530896601398,2.7089687401313034,0.49586776859504134,0.78099173553719,0.9338842975206612,9.42379762621796,unavailable: saved per-pass bin means/covariances are absent,original_n10000,original,10k,10000,9980,CNP,m0,matched_neural,0,109,500,20260909-phase3-original_n10000-m0-seed0-final-ctx-s109-n500-drop10100-mc50,484080637d87f68ee4f7c4e427e376d47c75e6c42059eb9631ee1c839e27fb19,e7f2452ad02f928ae356575aa7d3d7af3132c573892e9a13d5d768d7fdb12c9c,False
full_500_3000,442,58,114299,0.20409132523207812,3.526063103456468,3.527980306852456,0.5113122171945701,0.8031674208144797,0.9298642533936652,8.450284101648322,unavailable: saved per-pass bin means/covariances are absent,original_n10000,original,10k,10000,9980,CNP,m0,matched_neural,1,100,500,20260909-phase3-original_n10000-m0-seed1-final-ctx-s100-n500-drop10100-mc50,ba20d638113e2f7de1adee1b9016533b597b526ba44551a4b148df3c7e07b737,6c0dfd217d3bacff467d0d072315467ee8722ddc89e8b06f668495f7e00e1d30,False
figure1_1500_3000,242,58,43073,0.3842073602535942,2.816012446152394,2.8363309226713436,0.5371900826446281,0.8057851239669421,0.9297520661157025,9.42379762621796,unavailable: saved per-pass bin means/covariances are absent,original_n10000,original,10k,10000,9980,CNP,m0,matched_neural,1,100,500,20260909-phase3-original_n10000-m0-seed1-final-ctx-s100-n500-drop10100-mc50,ba20d638113e2f7de1adee1b9016533b597b526ba44551a4b148df3c7e07b737,6c0dfd217d3bacff467d0d072315467ee8722ddc89e8b06f668495f7e00e1d30,False
full_500_3000,442,58,114299,0.136537089110309,3.5422963162314205,3.5409203235794937,0.5113122171945701,0.8167420814479638,0.9321266968325792,8.450284101648322,unavailable: saved per-pass bin means/covariances are absent,original_n10000,original,10k,10000,9980,CNP,m0,matched_neural,1,101,500,20260909-phase3-original_n10000-m0-seed1-final-ctx-s101-n500-drop10100-mc50,eb267baf64f3cf68daabc804abf742decd32f591e50a5fc0cea1c448143940f0,3819e4e6e74a34983da417609104e35b3fcfdf491fe32b96a8b28bb49cb039df,False
figure1_1500_3000,242,58,43073,0.3152671272705151,2.8008104119007364,2.8127418784323144,0.5330578512396694,0.8099173553719008,0.9297520661157025,9.42379762621796,unavailable: saved per-pass bin means/covariances are absent,original_n10000,original,10k,10000,9980,CNP,m0,matched_neural,1,101,500,20260909-phase3-original_n10000-m0-seed1-final-ctx-s101-n500-drop10100-mc50,eb267baf64f3cf68daabc804abf742decd32f591e50a5fc0cea1c448143940f0,3819e4e6e74a34983da417609104e35b3fcfdf491fe32b96a8b28bb49cb039df,False
full_500_3000,442,58,114299,0.22335376138411087,3.5206315154698444,3.523732471659728,0.5090497737556561,0.7963800904977375,0.9298642533936652,8.450284101648322,unavailable: saved per-pass bin means/covariances are absent,original_n10000,original,10k,10000,9980,CNP,m0,matched_neural,1,102,500,20260909-phase3-original_n10000-m0-seed1-final-ctx-s102-n500-drop10100-mc50,a774cae6406ed89e0767d70f4d02c16d29f5123f4f27369721bb1a343309876c,cac34f1e507ac862b3d8a548ffdf4c42047667069e64b8b4b3f3bdb6f24b7b76,False
figure1_1500_3000,242,58,43073,0.40323206900114866,2.8177355728734232,2.840672711902228,0.5371900826446281,0.7933884297520661,0.9297520661157025,9.42379762621796,unavailable: saved per-pass bin means/covariances are absent,original_n10000,original,10k,10000,9980,CNP,m0,matched_neural,1,102,500,20260909-phase3-original_n10000-m0-seed1-final-ctx-s102-n500-drop10100-mc50,a774cae6406ed89e0767d70f4d02c16d29f5123f4f27369721bb1a343309876c,cac34f1e507ac862b3d8a548ffdf4c42047667069e64b8b4b3f3bdb6f24b7b76,False
full_500_3000,442,58,114299,-0.014289188086615546,3.570088420639004,3.566076200579731,0.5067873303167421,0.8371040723981901,0.9321266968325792,8.450284101648322,unavailable: saved per-pass bin means/covariances are absent,original_n10000,original,10k,10000,9980,CNP,m0,matched_neural,1,103,500,20260909-phase3-original_n10000-m0-seed1-final-ctx-s103-n500-drop10100-mc50,3e97f334668665a9f191f9675345931736cf6b3f53216df61e8851b7909bb6e4,3e39fe6cb99e9eec3af568a1f40c6b1ff1df5e5a5101cff9e35bcb92a45d180b,False
figure1_1500_3000,242,58,43073,0.14803055075180238,2.768646857337465,2.76688330718691,0.5247933884297521,0.8471074380165289,0.9338842975206612,9.42379762621796,unavailable: saved per-pass bin means/covariances are absent,original_n10000,original,10k,10000,9980,CNP,m0,matched_neural,1,103,500,20260909-phase3-original_n10000-m0-seed1-final-ctx-s103-n500-drop10100-mc50,3e97f334668665a9f191f9675345931736cf6b3f53216df61e8851b7909bb6e4,3e39fe6cb99e9eec3af568a1f40c6b1ff1df5e5a5101cff9e35bcb92a45d180b,False
full_500_3000,442,58,114299,0.10591713420169975,3.5380492214405095,3.535631476216031,0.5113122171945701,0.8212669683257918,0.9321266968325792,8.450284101648322,unavailable: saved per-pass bin means/covariances are absent,original_n10000,original,10k,10000,9980,CNP,m0,matched_neural,1,104,500,20260909-phase3-original_n10000-m0-seed1-final-ctx-s104-n500-drop10100-mc50,729e02199f055694b95b24e447c726c1805190e499a30b13a19c4655d599c3a3,a834fe85f08e12dc9a6bd9092da2c7f8b47c9f78b58b83ccd2af1c1c04cfcb29,False
figure1_1500_3000,242,58,43073,0.27093267418831696,2.7855203230860885,2.792931343694189,0.5289256198347108,0.8181818181818182,0.9297520661157025,9.42379762621796,unavailable: saved per-pass bin means/covariances are absent,original_n10000,original,10k,10000,9980,CNP,m0,matched_neural,1,104,500,20260909-phase3-original_n10000-m0-seed1-final-ctx-s104-n500-drop10100-mc50,729e02199f055694b95b24e447c726c1805190e499a30b13a19c4655d599c3a3,a834fe85f08e12dc9a6bd9092da2c7f8b47c9f78b58b83ccd2af1c1c04cfcb29,False
full_500_3000,442,58,114299,0.0954739201146867,3.5381930040001515,3.5354776062129125,0.5158371040723982,0.8257918552036199,0.9321266968325792,8.450284101648322,unavailable: saved per-pass bin means/covariances are absent,original_n10000,original,10k,10000,9980,CNP,m0,matched_neural,1,105,500,20260909-phase3-original_n10000-m0-seed1-final-ctx-s105-n500-drop10100-mc50,eed885569a36976d730336b43d0da7132eea683ee54b9952bc6ba150f97f618f,9a00c60d158ba9364dfdd16e18f6d2417adea8027f124301f52265d11c9b7542,False
figure1_1500_3000,242,58,43073,0.2573443193375051,2.7846495311810164,2.790780654179251,0.5371900826446281,0.8264462809917356,0.9297520661157025,9.42379762621796,unavailable: saved per-pass bin means/covariances are absent,original_n10000,original,10k,10000,9980,CNP,m0,matched_neural,1,105,500,20260909-phase3-original_n10000-m0-seed1-final-ctx-s105-n500-drop10100-mc50,eed885569a36976d730336b43d0da7132eea683ee54b9952bc6ba150f97f618f,9a00c60d158ba9364dfdd16e18f6d2417adea8027f124301f52265d11c9b7542,False
full_500_3000,442,58,114299,0.1233769170543962,3.5392908670774985,3.5374370704035107,0.5113122171945701,0.8190045248868778,0.9321266968325792,8.450284101648322,unavailable: saved per-pass bin means/covariances are absent,original_n10000,original,10k,10000,9980,CNP,m0,matched_neural,1,106,500,20260909-phase3-original_n10000-m0-seed1-final-ctx-s106-n500-drop10100-mc50,853863f8474d666c8b348fda7926b15e1c6545f6d9808f35dae203a392c14440,b4cde5edb998d1896900c1d2d258c2fac60c0a957fbc0d5a7d028acb992d807b,False
figure1_1500_3000,242,58,43073,0.2951720981227582,2.7944495760788146,2.8042479595787695,0.5330578512396694,0.8140495867768595,0.9297520661157025,9.42379762621796,unavailable: saved per-pass bin means/covariances are absent,original_n10000,original,10k,10000,9980,CNP,m0,matched_neural,1,106,500,20260909-phase3-original_n10000-m0-seed1-final-ctx-s106-n500-drop10100-mc50,853863f8474d666c8b348fda7926b15e1c6545f6d9808f35dae203a392c14440,b4cde5edb998d1896900c1d2d258c2fac60c0a957fbc0d5a7d028acb992d807b,False
full_500_3000,442,58,114299,0.03352716921917888,3.556881501275278,3.553013790384222,0.5180995475113123,0.8280542986425339,0.9298642533936652,8.450284101648322,unavailable: saved per-pass bin means/covariances are absent,original_n10000,original,10k,10000,9980,CNP,m0,matched_neural,1,107,500,20260909-phase3-original_n10000-m0-seed1-final-ctx-s107-n500-drop10100-mc50,1cde359b720a57b0eb72925fb02e40f84e640326589118c3fd593a8340b34805,4087b6a03444e0d1665453a89f12041cbbf8edceb2d491b68627d6ed292f5a9c,False
figure1_1500_3000,242,58,43073,0.196813804609234,2.7768791676501223,2.778116216025834,0.5289256198347108,0.8305785123966942,0.9297520661157025,9.42379762621796,unavailable: saved per-pass bin means/covariances are absent,original_n10000,original,10k,10000,9980,CNP,m0,matched_neural,1,107,500,20260909-phase3-original_n10000-m0-seed1-final-ctx-s107-n500-drop10100-mc50,1cde359b720a57b0eb72925fb02e40f84e640326589118c3fd593a8340b34805,4087b6a03444e0d1665453a89f12041cbbf8edceb2d491b68627d6ed292f5a9c,False
full_500_3000,442,58,114299,-0.03273751086524733,3.5778726811582735,3.57397296261559,0.5113122171945701,0.8416289592760181,0.9343891402714932,8.450284101648322,unavailable: saved per-pass bin means/covariances are absent,original_n10000,original,10k,10000,9980,CNP,m0,matched_neural,1,108,500,20260909-phase3-original_n10000-m0-seed1-final-ctx-s108-n500-drop10100-mc50,7b24e6afcfb804ef1d8f0506770008b206ee8055f275b952a3b9bd0d5bc7a54f,96e01f35388309e021ebe7f911388ff81a137ea36d6e4b810328761f0b8f2958,False
figure1_1500_3000,242,58,43073,0.13255506254410976,2.7689546028462764,2.766405278730099,0.5247933884297521,0.8553719008264463,0.9338842975206612,9.42379762621796,unavailable: saved per-pass bin means/covariances are absent,original_n10000,original,10k,10000,9980,CNP,m0,matched_neural,1,108,500,20260909-phase3-original_n10000-m0-seed1-final-ctx-s108-n500-drop10100-mc50,7b24e6afcfb804ef1d8f0506770008b206ee8055f275b952a3b9bd0d5bc7a54f,96e01f35388309e021ebe7f911388ff81a137ea36d6e4b810328761f0b8f2958,False
full_500_3000,442,58,114299,0.1893201881684053,3.5220472348841896,3.523151098405181,0.5090497737556561,0.8054298642533937,0.9298642533936652,8.450284101648322,unavailable: saved per-pass bin means/covariances are absent,original_n10000,original,10k,10000,9980,CNP,m0,matched_neural,1,109,500,20260909-phase3-original_n10000-m0-seed1-final-ctx-s109-n500-drop10100-mc50,7fc11f92e3ab7be7b155dc528198db731580d9cba4f56df9688a3949bb79f065,75d34717e7fa77ba62e34ddd772dce11ddc9039568c6f71645c3bbcd959254f4,False
figure1_1500_3000,242,58,43073,0.36156206689524384,2.805496254503803,2.822943916756603,0.5330578512396694,0.8057851239669421,0.9297520661157025,9.42379762621796,unavailable: saved per-pass bin means/covariances are absent,original_n10000,original,10k,10000,9980,CNP,m0,matched_neural,1,109,500,20260909-phase3-original_n10000-m0-seed1-final-ctx-s109-n500-drop10100-mc50,7fc11f92e3ab7be7b155dc528198db731580d9cba4f56df9688a3949bb79f065,75d34717e7fa77ba62e34ddd772dce11ddc9039568c6f71645c3bbcd959254f4,False
full_500_3000,442,58,114299,-0.7093621131726303,3.81770707662303,3.8788022729066385,0.5248868778280543,0.830316742081448,0.9276018099547512,8.450284101648322,unavailable: saved per-pass bin means/covariances are absent,original_n10000,original,10k,10000,9980,CNP,m0,matched_neural,2,100,500,20260909-phase3-original_n10000-m0-seed2-final-ctx-s100-n500-drop10100-mc50,3ec9379a3fb26ea2a78b122eef0892c8b20974b3885df42e85de28a92254185d,adf69488fd8a7312551ca96e8920d4258986e2b10ca2fbbbf7959da464dc155b,False
figure1_1500_3000,242,58,43073,-0.5339669505835363,2.7396060232206274,2.7855964616402367,0.48760330578512395,0.8057851239669421,0.9256198347107438,9.42379762621796,unavailable: saved per-pass bin means/covariances are absent,original_n10000,original,10k,10000,9980,CNP,m0,matched_neural,2,100,500,20260909-phase3-original_n10000-m0-seed2-final-ctx-s100-n500-drop10100-mc50,3ec9379a3fb26ea2a78b122eef0892c8b20974b3885df42e85de28a92254185d,adf69488fd8a7312551ca96e8920d4258986e2b10ca2fbbbf7959da464dc155b,False
full_500_3000,442,58,114299,-0.7755742173337087,3.854318625986988,3.9272989564294467,0.5203619909502263,0.830316742081448,0.9298642533936652,8.450284101648322,unavailable: saved per-pass bin means/covariances are absent,original_n10000,original,10k,10000,9980,CNP,m0,matched_neural,2,101,500,20260909-phase3-original_n10000-m0-seed2-final-ctx-s101-n500-drop10100-mc50,d7debd680e91055601c08d4ffe4ae59fccac462e713454a86baf98741ee5d4e1,450e15e264c9f28246d37b8d44fb14fc94fb4fe72cb26c12f45f5dc7be9db51a,False
figure1_1500_3000,242,58,43073,-0.5939584035351939,2.7446338229064016,2.802618997750328,0.47520661157024796,0.8057851239669421,0.9338842975206612,9.42379762621796,unavailable: saved per-pass bin means/covariances are absent,original_n10000,original,10k,10000,9980,CNP,m0,matched_neural,2,101,500,20260909-phase3-original_n10000-m0-seed2-final-ctx-s101-n500-drop10100-mc50,d7debd680e91055601c08d4ffe4ae59fccac462e713454a86baf98741ee5d4e1,450e15e264c9f28246d37b8d44fb14fc94fb4fe72cb26c12f45f5dc7be9db51a,False
full_500_3000,442,58,114299,-0.6774404092913935,3.80184523287775,3.857492872831881,0.5316742081447964,0.832579185520362,0.9253393665158371,8.450284101648322,unavailable: saved per-pass bin means/covariances are absent,original_n10000,original,10k,10000,9980,CNP,m0,matched_neural,2,102,500,20260909-phase3-original_n10000-m0-seed2-final-ctx-s102-n500-drop10100-mc50,c73241abe231b24f15313e3199d90199e2e4440596230a328c724738eb7a245b,c414b1f0449282c85f8c590088041e7ba83dfc4f8cfc6ec12eef3d790e2e3d60,False
figure1_1500_3000,242,58,43073,-0.5045634017390129,2.737564004472956,2.7781059918866258,0.5,0.8099173553719008,0.9214876033057852,9.42379762621796,unavailable: saved per-pass bin means/covariances are absent,original_n10000,original,10k,10000,9980,CNP,m0,matched_neural,2,102,500,20260909-phase3-original_n10000-m0-seed2-final-ctx-s102-n500-drop10100-mc50,c73241abe231b24f15313e3199d90199e2e4440596230a328c724738eb7a245b,c414b1f0449282c85f8c590088041e7ba83dfc4f8cfc6ec12eef3d790e2e3d60,False
full_500_3000,442,58,114299,-0.8097796117973739,3.901338357876429,3.9801694204496005,0.5271493212669683,0.832579185520362,0.9276018099547512,8.450284101648322,unavailable: saved per-pass bin means/covariances are absent,original_n10000,original,10k,10000,9980,CNP,m0,matched_neural,2,103,500,20260909-phase3-original_n10000-m0-seed2-final-ctx-s103-n500-drop10100-mc50,cd147d3448cd67d78cc833a55e13b9892b8d15a2075fa470712275cb1f2ad4e5,b93a92654adef66fb26c19c925b2896951031bf419001861c371f9592a31ab82,False
figure1_1500_3000,242,58,43073,-0.6166800181188876,2.750459962418111,2.813194588905395,0.4834710743801653,0.8057851239669421,0.9297520661157025,9.42379762621796,unavailable: saved per-pass bin means/covariances are absent,original_n10000,original,10k,10000,9980,CNP,m0,matched_neural,2,103,500,20260909-phase3-original_n10000-m0-seed2-final-ctx-s103-n500-drop10100-mc50,cd147d3448cd67d78cc833a55e13b9892b8d15a2075fa470712275cb1f2ad4e5,b93a92654adef66fb26c19c925b2896951031bf419001861c371f9592a31ab82,False
full_500_3000,442,58,114299,-0.7110877973970533,3.841743405674736,3.902723006458844,0.5226244343891403,0.8280542986425339,0.9230769230769231,8.450284101648322,unavailable: saved per-pass bin means/covariances are absent,original_n10000,original,10k,10000,9980,CNP,m0,matched_neural,2,104,500,20260909-phase3-original_n10000-m0-seed2-final-ctx-s104-n500-drop10100-mc50,c5ae8f64b301004d544840fcafb9b4573a55a20ea7538baf7b1f409d334f3c21,eb131e9b615a2ddee4cdcb49288a7427ddefacf83628a6528b140483dd75b37a,False
figure1_1500_3000,242,58,43073,-0.5281484619270679,2.741090110426311,2.785941126578467,0.48760330578512395,0.8057851239669421,0.9214876033057852,9.42379762621796,unavailable: saved per-pass bin means/covariances are absent,original_n10000,original,10k,10000,9980,CNP,m0,matched_neural,2,104,500,20260909-phase3-original_n10000-m0-seed2-final-ctx-s104-n500-drop10100-mc50,c5ae8f64b301004d544840fcafb9b4573a55a20ea7538baf7b1f409d334f3c21,eb131e9b615a2ddee4cdcb49288a7427ddefacf83628a6528b140483dd75b37a,False
full_500_3000,442,58,114299,-0.6765894597923989,3.83212411877437,3.8871228666424082,0.5226244343891403,0.8280542986425339,0.920814479638009,8.450284101648322,unavailable: saved per-pass bin means/covariances are absent,original_n10000,original,10k,10000,9980,CNP,m0,matched_neural,2,105,500,20260909-phase3-original_n10000-m0-seed2-final-ctx-s105-n500-drop10100-mc50,34a2721a6964349efb8b50db1ddadec4df1dcbe2dc6d9970b09892346460c40f,3067c5941b2d0de34cac03be89971f2c126f814e863200271e86bdc15cf800e2,False
figure1_1500_3000,242,58,43073,-0.4945266178375567,2.739294500251768,2.777999958258865,0.49586776859504134,0.8057851239669421,0.9173553719008265,9.42379762621796,unavailable: saved per-pass bin means/covariances are absent,original_n10000,original,10k,10000,9980,CNP,m0,matched_neural,2,105,500,20260909-phase3-original_n10000-m0-seed2-final-ctx-s105-n500-drop10100-mc50,34a2721a6964349efb8b50db1ddadec4df1dcbe2dc6d9970b09892346460c40f,3067c5941b2d0de34cac03be89971f2c126f814e863200271e86bdc15cf800e2,False
full_500_3000,442,58,114299,-0.7277972856890161,3.840074330224349,3.9041641068465918,0.5203619909502263,0.830316742081448,0.9253393665158371,8.450284101648322,unavailable: saved per-pass bin means/covariances are absent,original_n10000,original,10k,10000,9980,CNP,m0,matched_neural,2,106,500,20260909-phase3-original_n10000-m0-seed2-final-ctx-s106-n500-drop10100-mc50,726ee26718aecab9b5c326da3f1b66129ef10024ce45ad65d9401f87e6f61ad5,8f363b4c9f331ef5cf007e90faa0ff146208563c72aad3cf9a6134e99704c64f,False
figure1_1500_3000,242,58,43073,-0.545898751968293,2.7414640276824196,2.7897265387062693,0.4834710743801653,0.8057851239669421,0.9256198347107438,9.42379762621796,unavailable: saved per-pass bin means/covariances are absent,original_n10000,original,10k,10000,9980,CNP,m0,matched_neural,2,106,500,20260909-phase3-original_n10000-m0-seed2-final-ctx-s106-n500-drop10100-mc50,726ee26718aecab9b5c326da3f1b66129ef10024ce45ad65d9401f87e6f61ad5,8f363b4c9f331ef5cf007e90faa0ff146208563c72aad3cf9a6134e99704c64f,False
full_500_3000,442,58,114299,-0.7252683996133058,3.8571533250165753,3.9204573998161716,0.5226244343891403,0.8280542986425339,0.9253393665158371,8.450284101648322,unavailable: saved per-pass bin means/covariances are absent,original_n10000,original,10k,10000,9980,CNP,m0,matched_neural,2,107,500,20260909-phase3-original_n10000-m0-seed2-final-ctx-s107-n500-drop10100-mc50,b60993bfbe3172fa98e984461163d477a75f6a766febab904d1d491ea139cb78,4b4d62112a4d4d794c63bb78b33932ba0672c518f44109a76584326a8c4bf54c,False
figure1_1500_3000,242,58,43073,-0.5389369607806929,2.7428956542780827,2.7897743406582247,0.48760330578512395,0.8057851239669421,0.9256198347107438,9.42379762621796,unavailable: saved per-pass bin means/covariances are absent,original_n10000,original,10k,10000,9980,CNP,m0,matched_neural,2,107,500,20260909-phase3-original_n10000-m0-seed2-final-ctx-s107-n500-drop10100-mc50,b60993bfbe3172fa98e984461163d477a75f6a766febab904d1d491ea139cb78,4b4d62112a4d4d794c63bb78b33932ba0672c518f44109a76584326a8c4bf54c,False
full_500_3000,442,58,114299,-0.8348355947662438,3.911729554538725,3.9954923989444815,0.5339366515837104,0.832579185520362,0.9276018099547512,8.450284101648322,unavailable: saved per-pass bin means/covariances are absent,original_n10000,original,10k,10000,9980,CNP,m0,matched_neural,2,108,500,20260909-phase3-original_n10000-m0-seed2-final-ctx-s108-n500-drop10100-mc50,ec1f897112f4a6659f4d0aec872163e0c3c956ef1a63140606059cf07e4fede1,a4b4f44509ade25485723f8f117c9e735bef483a85878622c62f4875eb1f61fb,False
figure1_1500_3000,242,58,43073,-0.6404439647428947,2.7526237569396383,2.820602127198704,0.49173553719008267,0.8099173553719008,0.9297520661157025,9.42379762621796,unavailable: saved per-pass bin means/covariances are absent,original_n10000,original,10k,10000,9980,CNP,m0,matched_neural,2,108,500,20260909-phase3-original_n10000-m0-seed2-final-ctx-s108-n500-drop10100-mc50,ec1f897112f4a6659f4d0aec872163e0c3c956ef1a63140606059cf07e4fede1,a4b4f44509ade25485723f8f117c9e735bef483a85878622c62f4875eb1f61fb,False
full_500_3000,442,58,114299,-0.6391959000394423,3.7949861012406947,3.84420438828859,0.5361990950226244,0.8280542986425339,0.9253393665158371,8.450284101648322,unavailable: saved per-pass bin means/covariances are absent,original_n10000,original,10k,10000,9980,CNP,m0,matched_neural,2,109,500,20260909-phase3-original_n10000-m0-seed2-final-ctx-s109-n500-drop10100-mc50,aaa2a2eca65ebf00b0dc3d5d17217e3055d53944fe235a45e0fec8dc7b07894a,5bf2258cd0e9d9c793ba7daaefcceed695602f336ba5a8ad9560dfbc1d484a72,False
figure1_1500_3000,242,58,43073,-0.46539555843094843,2.735806087789562,2.7695305978087146,0.5206611570247934,0.8057851239669421,0.9214876033057852,9.42379762621796,unavailable: saved per-pass bin means/covariances are absent,original_n10000,original,10k,10000,9980,CNP,m0,matched_neural,2,109,500,20260909-phase3-original_n10000-m0-seed2-final-ctx-s109-n500-drop10100-mc50,aaa2a2eca65ebf00b0dc3d5d17217e3055d53944fe235a45e0fec8dc7b07894a,5bf2258cd0e9d9c793ba7daaefcceed695602f336ba5a8ad9560dfbc1d484a72,False
full_500_3000,442,58,114299,-0.26449136811340324,3.7537332244416044,3.758801646153114,0.49321266968325794,0.8257918552036199,0.9321266968325792,8.450284101648322,unavailable: saved per-pass bin means/covariances are absent,original_n10000,original,10k,10000,9980,Attentive CNP,m1,matched_neural,0,100,500,20260909-phase3-original_n10000-m1-seed0-final-ctx-s100-n500-drop10100-mc50,1e424a4b43ba41f79719902017bae97d3ca1d6264181613937ac8cf7f98eacb7,baae85d9bb7873ae04b5a7f7ace401d635060740667f3afee2ef6ac7cba6e445,False
figure1_1500_3000,242,58,43073,-0.15830193912863968,2.7677425912774165,2.766550923797988,0.47520661157024796,0.8181818181818182,0.9297520661157025,9.42379762621796,unavailable: saved per-pass bin means/covariances are absent,original_n10000,original,10k,10000,9980,Attentive CNP,m1,matched_neural,0,100,500,20260909-phase3-original_n10000-m1-seed0-final-ctx-s100-n500-drop10100-mc50,1e424a4b43ba41f79719902017bae97d3ca1d6264181613937ac8cf7f98eacb7,baae85d9bb7873ae04b5a7f7ace401d635060740667f3afee2ef6ac7cba6e445,False
full_500_3000,442,58,114299,-0.28247435955619904,3.7272634462807734,3.7337452487558065,0.497737556561086,0.8257918552036199,0.9276018099547512,8.450284101648322,unavailable: saved per-pass bin means/covariances are absent,original_n10000,original,10k,10000,9980,Attentive CNP,m1,matched_neural,0,101,500,20260909-phase3-original_n10000-m1-seed0-final-ctx-s101-n500-drop10100-mc50,5b572e30cb9bbbae5c7f1c64829353c5fe31434f879868b0f7706e479234d961,7fd25d724612d68f79a666a08b4bc441ed0c13b85f86b29073ae9749d2ba1b42,False
figure1_1500_3000,242,58,43073,-0.19207052256772647,2.777218756005199,2.778122285798038,0.4793388429752066,0.8181818181818182,0.9214876033057852,9.42379762621796,unavailable: saved per-pass bin means/covariances are absent,original_n10000,original,10k,10000,9980,Attentive CNP,m1,matched_neural,0,101,500,20260909-phase3-original_n10000-m1-seed0-final-ctx-s101-n500-drop10100-mc50,5b572e30cb9bbbae5c7f1c64829353c5fe31434f879868b0f7706e479234d961,7fd25d724612d68f79a666a08b4bc441ed0c13b85f86b29073ae9749d2ba1b42,False
full_500_3000,442,58,114299,-0.29837738930233454,3.747908488905298,3.755538173995881,0.49547511312217196,0.8235294117647058,0.9276018099547512,8.450284101648322,unavailable: saved per-pass bin means/covariances are absent,original_n10000,original,10k,10000,9980,Attentive CNP,m1,matched_neural,0,102,500,20260909-phase3-original_n10000-m1-seed0-final-ctx-s102-n500-drop10100-mc50,5a86df8fa12c762f265c54828239193c249aa7376df5c3edf299e6538b528fdb,27d003140797536105b9e737f414fba629981fcd9e8f5b2ea504b91a93143e4f,False
figure1_1500_3000,242,58,43073,-0.19765877280882183,2.774075431895247,2.775385365720566,0.4793388429752066,0.8140495867768595,0.9214876033057852,9.42379762621796,unavailable: saved per-pass bin means/covariances are absent,original_n10000,original,10k,10000,9980,Attentive CNP,m1,matched_neural,0,102,500,20260909-phase3-original_n10000-m1-seed0-final-ctx-s102-n500-drop10100-mc50,5a86df8fa12c762f265c54828239193c249aa7376df5c3edf299e6538b528fdb,27d003140797536105b9e737f414fba629981fcd9e8f5b2ea504b91a93143e4f,False
full_500_3000,442,58,114299,-0.20634955199162652,3.721564039910127,3.7230745508402308,0.49095022624434387,0.8280542986425339,0.9298642533936652,8.450284101648322,unavailable: saved per-pass bin means/covariances are absent,original_n10000,original,10k,10000,9980,Attentive CNP,m1,matched_neural,0,103,500,20260909-phase3-original_n10000-m1-seed0-final-ctx-s103-n500-drop10100-mc50,cfdaa5b337b65a327fb0b404176360298938b43b596742ee27c53b207021d8e2,c48382f50ca392f3857dc39b3dade4bc248aa217f54432ecd995313229c09014,False
figure1_1500_3000,242,58,43073,-0.11242003341866674,2.765739909759751,2.7623082310617044,0.47107438016528924,0.8181818181818182,0.9256198347107438,9.42379762621796,unavailable: saved per-pass bin means/covariances are absent,original_n10000,original,10k,10000,9980,Attentive CNP,m1,matched_neural,0,103,500,20260909-phase3-original_n10000-m1-seed0-final-ctx-s103-n500-drop10100-mc50,cfdaa5b337b65a327fb0b404176360298938b43b596742ee27c53b207021d8e2,c48382f50ca392f3857dc39b3dade4bc248aa217f54432ecd995313229c09014,False
full_500_3000,442,58,114299,-0.24367186726764614,3.7218121142879843,3.7255767722175404,0.48642533936651583,0.8235294117647058,0.9298642533936652,8.450284101648322,unavailable: saved per-pass bin means/covariances are absent,original_n10000,original,10k,10000,9980,Attentive CNP,m1,matched_neural,0,104,500,20260909-phase3-original_n10000-m1-seed0-final-ctx-s104-n500-drop10100-mc50,56b23dfe66ae64244dc95132adad4852d2fb1a9d4060c0b01a43b16d2678e4cd,45532c27fc989ee310533941c9489cd8769eb28ec6c1d28b7acc5b9e84cb618c,False
figure1_1500_3000,242,58,43073,-0.14670704476758648,2.770642498454261,2.7688015282314313,0.4669421487603306,0.8140495867768595,0.9256198347107438,9.42379762621796,unavailable: saved per-pass bin means/covariances are absent,original_n10000,original,10k,10000,9980,Attentive CNP,m1,matched_neural,0,104,500,20260909-phase3-original_n10000-m1-seed0-final-ctx-s104-n500-drop10100-mc50,56b23dfe66ae64244dc95132adad4852d2fb1a9d4060c0b01a43b16d2678e4cd,45532c27fc989ee310533941c9489cd8769eb28ec6c1d28b7acc5b9e84cb618c,False
full_500_3000,442,58,114299,-0.23917647856759006,3.737536252973961,3.7409595235441633,0.48868778280542985,0.8257918552036199,0.9298642533936652,8.450284101648322,unavailable: saved per-pass bin means/covariances are absent,original_n10000,original,10k,10000,9980,Attentive CNP,m1,matched_neural,0,105,500,20260909-phase3-original_n10000-m1-seed0-final-ctx-s105-n500-drop10100-mc50,bf17396ffc5085d57e68973a2675bb7f6b4cbc458cb83da6e0ccae3f2a84204e,a340406c0659171e703545ed739ba48d6f75e39ae09b4e9d98fbe4d7bc35120f,False
figure1_1500_3000,242,58,43073,-0.1372242486224184,2.7665906052680276,2.7642767363213614,0.47107438016528924,0.8140495867768595,0.9256198347107438,9.42379762621796,unavailable: saved per-pass bin means/covariances are absent,original_n10000,original,10k,10000,9980,Attentive CNP,m1,matched_neural,0,105,500,20260909-phase3-original_n10000-m1-seed0-final-ctx-s105-n500-drop10100-mc50,bf17396ffc5085d57e68973a2675bb7f6b4cbc458cb83da6e0ccae3f2a84204e,a340406c0659171e703545ed739ba48d6f75e39ae09b4e9d98fbe4d7bc35120f,False
full_500_3000,442,58,114299,-0.22727983822846562,3.728390324845987,3.731099107757313,0.49095022624434387,0.8257918552036199,0.9298642533936652,8.450284101648322,unavailable: saved per-pass bin means/covariances are absent,original_n10000,original,10k,10000,9980,Attentive CNP,m1,matched_neural,0,106,500,20260909-phase3-original_n10000-m1-seed0-final-ctx-s106-n500-drop10100-mc50,35d9969340fb436787c73760306bea43369d444c7273d41bc4ad69b4cfc1cecb,61a860d998053a6b74b9296e5e116e5db3997ae7a7db1223cfcd0380e1495f88,False
figure1_1500_3000,242,58,43073,-0.12777641161187975,2.76701984738761,2.764251731569147,0.47107438016528924,0.8140495867768595,0.9256198347107438,9.42379762621796,unavailable: saved per-pass bin means/covariances are absent,original_n10000,original,10k,10000,9980,Attentive CNP,m1,matched_neural,0,106,500,20260909-phase3-original_n10000-m1-seed0-final-ctx-s106-n500-drop10100-mc50,35d9969340fb436787c73760306bea43369d444c7273d41bc4ad69b4cfc1cecb,61a860d998053a6b74b9296e5e116e5db3997ae7a7db1223cfcd0380e1495f88,False
full_500_3000,442,58,114299,-0.2490400761740836,3.731129795059786,3.7352181042648342,0.49095022624434387,0.8257918552036199,0.9298642533936652,8.450284101648322,unavailable: saved per-pass bin means/covariances are absent,original_n10000,original,10k,10000,9980,Attentive CNP,m1,matched_neural,0,107,500,20260909-phase3-original_n10000-m1-seed0-final-ctx-s107-n500-drop10100-mc50,6255c34c6777191aad11e874e2354ab0e878aca6ca2b53242b929d5c97e1f9c5,fa00184ebc289cd2251f120ceb2257f8d5fcf552eab6c05319397d410189bb07,False
figure1_1500_3000,242,58,43073,-0.14833456558733693,2.7690084755726807,2.7672599403139104,0.4793388429752066,0.8181818181818182,0.9256198347107438,9.42379762621796,unavailable: saved per-pass bin means/covariances are absent,original_n10000,original,10k,10000,9980,Attentive CNP,m1,matched_neural,0,107,500,20260909-phase3-original_n10000-m1-seed0-final-ctx-s107-n500-drop10100-mc50,6255c34c6777191aad11e874e2354ab0e878aca6ca2b53242b929d5c97e1f9c5,fa00184ebc289cd2251f120ceb2257f8d5fcf552eab6c05319397d410189bb07,False
full_500_3000,442,58,114299,-0.24019329970599218,3.721177049785205,3.7247178475514757,0.48868778280542985,0.8280542986425339,0.9298642533936652,8.450284101648322,unavailable: saved per-pass bin means/covariances are absent,original_n10000,original,10k,10000,9980,Attentive CNP,m1,matched_neural,0,108,500,20260909-phase3-original_n10000-m1-seed0-final-ctx-s108-n500-drop10100-mc50,bc2483ff9239daadfd63563a6748ea7ba8ae8fe9bcdd69f55b6ac1f37228b0a7,f8577ba3de91b38854b1bab9010f775a44d1182195b4d495c96001e35f00c090,False
figure1_1500_3000,242,58,43073,-0.1471352696137626,2.7704605491333294,2.768642934633375,0.47107438016528924,0.8181818181818182,0.9256198347107438,9.42379762621796,unavailable: saved per-pass bin means/covariances are absent,original_n10000,original,10k,10000,9980,Attentive CNP,m1,matched_neural,0,108,500,20260909-phase3-original_n10000-m1-seed0-final-ctx-s108-n500-drop10100-mc50,bc2483ff9239daadfd63563a6748ea7ba8ae8fe9bcdd69f55b6ac1f37228b0a7,f8577ba3de91b38854b1bab9010f775a44d1182195b4d495c96001e35f00c090,False
full_500_3000,442,58,114299,-0.2582587285137783,3.740566049351994,3.74524714892763,0.49321266968325794,0.8212669683257918,0.9298642533936652,8.450284101648322,unavailable: saved per-pass bin means/covariances are absent,original_n10000,original,10k,10000,9980,Attentive CNP,m1,matched_neural,0,109,500,20260909-phase3-original_n10000-m1-seed0-final-ctx-s109-n500-drop10100-mc50,b00d4e4877962c3a77eeca4e3383406a1be9fa93399a422d6ffed08ff44e168e,284f352b85d8477de539dfe66a257d8aa7b58860aced489aa6adc57444de3402,False
figure1_1500_3000,242,58,43073,-0.15538277366289732,2.769001295611246,2.7676395433440057,0.4793388429752066,0.8099173553719008,0.9256198347107438,9.42379762621796,unavailable: saved per-pass bin means/covariances are absent,original_n10000,original,10k,10000,9980,Attentive CNP,m1,matched_neural,0,109,500,20260909-phase3-original_n10000-m1-seed0-final-ctx-s109-n500-drop10100-mc50,b00d4e4877962c3a77eeca4e3383406a1be9fa93399a422d6ffed08ff44e168e,284f352b85d8477de539dfe66a257d8aa7b58860aced489aa6adc57444de3402,False
full_500_3000,442,58,114299,-0.02289260621749034,3.52228521070412,3.51837294612692,0.4841628959276018,0.8167420814479638,0.9298642533936652,8.450284101648322,unavailable: saved per-pass bin means/covariances are absent,original_n10000,original,10k,10000,9980,Attentive CNP,m1,matched_neural,1,100,500,20260909-phase3-original_n10000-m1-seed1-final-ctx-s100-n500-drop10100-mc50,785fd563badaca7025e61c4b061d01f6155fe98f86dfc9282984ebd140cdec20,b53aa12ae570dc7c7a3894b3cd0abd9423e4099b5c58405ec6b6af7538cfc6f9,False
figure1_1500_3000,242,58,43073,0.006982524493572252,2.7817367278280503,2.7759921698847276,0.48760330578512395,0.8181818181818182,0.9297520661157025,9.42379762621796,unavailable: saved per-pass bin means/covariances are absent,original_n10000,original,10k,10000,9980,Attentive CNP,m1,matched_neural,1,100,500,20260909-phase3-original_n10000-m1-seed1-final-ctx-s100-n500-drop10100-mc50,785fd563badaca7025e61c4b061d01f6155fe98f86dfc9282984ebd140cdec20,b53aa12ae570dc7c7a3894b3cd0abd9423e4099b5c58405ec6b6af7538cfc6f9,False
full_500_3000,442,58,114299,-0.03016939839538967,3.530194535393381,3.5263279004514674,0.48642533936651583,0.8212669683257918,0.9298642533936652,8.450284101648322,unavailable: saved per-pass bin means/covariances are absent,original_n10000,original,10k,10000,9980,Attentive CNP,m1,matched_neural,1,101,500,20260909-phase3-original_n10000-m1-seed1-final-ctx-s101-n500-drop10100-mc50,fd22c7e7524f3d9e21ed51781ef55e0668c71032f0819e4f0e1cfda5fc2e799c,e02f740830339b147e5215fea8968ffaad964552ece484d45d45efb43d14a1c2,False
figure1_1500_3000,242,58,43073,0.009640287887098928,2.7776198356099107,2.7718917746717455,0.48760330578512395,0.8223140495867769,0.9297520661157025,9.42379762621796,unavailable: saved per-pass bin means/covariances are absent,original_n10000,original,10k,10000,9980,Attentive CNP,m1,matched_neural,1,101,500,20260909-phase3-original_n10000-m1-seed1-final-ctx-s101-n500-drop10100-mc50,fd22c7e7524f3d9e21ed51781ef55e0668c71032f0819e4f0e1cfda5fc2e799c,e02f740830339b147e5215fea8968ffaad964552ece484d45d45efb43d14a1c2,False
full_500_3000,442,58,114299,-0.008991845559322666,3.5133734271833674,3.5094082918642027,0.4819004524886878,0.8167420814479638,0.9276018099547512,8.450284101648322,unavailable: saved per-pass bin means/covariances are absent,original_n10000,original,10k,10000,9980,Attentive CNP,m1,matched_neural,1,102,500,20260909-phase3-original_n10000-m1-seed1-final-ctx-s102-n500-drop10100-mc50,511f9da7151d1d021eb4aef0ff7fbaea3ba70852cc56faa35ce3a8b6ad66e87e,472be2ee51b915b73881e0a69b139bc8762cb7a116b632a5c7c4c57a95b41a37,False
figure1_1500_3000,242,58,43073,0.01954494088640051,2.7846390116918616,2.778948402144399,0.49173553719008267,0.8181818181818182,0.9256198347107438,9.42379762621796,unavailable: saved per-pass bin means/covariances are absent,original_n10000,original,10k,10000,9980,Attentive CNP,m1,matched_neural,1,102,500,20260909-phase3-original_n10000-m1-seed1-final-ctx-s102-n500-drop10100-mc50,511f9da7151d1d021eb4aef0ff7fbaea3ba70852cc56faa35ce3a8b6ad66e87e,472be2ee51b915b73881e0a69b139bc8762cb7a116b632a5c7c4c57a95b41a37,False
full_500_3000,442,58,114299,-0.06464243717950413,3.5541588626737752,3.550724514514813,0.48642533936651583,0.8280542986425339,0.9321266968325792,8.450284101648322,unavailable: saved per-pass bin means/covariances are absent,original_n10000,original,10k,10000,9980,Attentive CNP,m1,matched_neural,1,103,500,20260909-phase3-original_n10000-m1-seed1-final-ctx-s103-n500-drop10100-mc50,d6b8fb65ba2180e50d4ab93c6557590b4be8a8d737855a3a91a5b04c674fcca8,1aef7a54a9110723fb2ba8018b9ef86427cedad767c4d8f811b27acd732ee432,False
figure1_1500_3000,242,58,43073,-0.018041845290599056,2.764295946817797,2.7586376777988644,0.49173553719008267,0.8264462809917356,0.9338842975206612,9.42379762621796,unavailable: saved per-pass bin means/covariances are absent,original_n10000,original,10k,10000,9980,Attentive CNP,m1,matched_neural,1,103,500,20260909-phase3-original_n10000-m1-seed1-final-ctx-s103-n500-drop10100-mc50,d6b8fb65ba2180e50d4ab93c6557590b4be8a8d737855a3a91a5b04c674fcca8,1aef7a54a9110723fb2ba8018b9ef86427cedad767c4d8f811b27acd732ee432,False
full_500_3000,442,58,114299,-0.04841611211233551,3.539170847338645,3.535496521036214,0.49321266968325794,0.8257918552036199,0.9321266968325792,8.450284101648322,unavailable: saved per-pass bin means/covariances are absent,original_n10000,original,10k,10000,9980,Attentive CNP,m1,matched_neural,1,104,500,20260909-phase3-original_n10000-m1-seed1-final-ctx-s104-n500-drop10100-mc50,43a7050b42df1163a62a23044bcc31026c8d2910a26a529d35c08a2edba62552,b8f9c9e3f3730325ca6a76131fc27470128cd3823d32428a76fd6be3c61ed214,False
figure1_1500_3000,242,58,43073,-0.007781641022395441,2.769138880303204,2.7634225525910163,0.5,0.8264462809917356,0.9338842975206612,9.42379762621796,unavailable: saved per-pass bin means/covariances are absent,original_n10000,original,10k,10000,9980,Attentive CNP,m1,matched_neural,1,104,500,20260909-phase3-original_n10000-m1-seed1-final-ctx-s104-n500-drop10100-mc50,43a7050b42df1163a62a23044bcc31026c8d2910a26a529d35c08a2edba62552,b8f9c9e3f3730325ca6a76131fc27470128cd3823d32428a76fd6be3c61ed214,False
full_500_3000,442,58,114299,-0.05091944274078542,3.5380726933291533,3.5344348911979675,0.48868778280542985,0.8235294117647058,0.9321266968325792,8.450284101648322,unavailable: saved per-pass bin means/covariances are absent,original_n10000,original,10k,10000,9980,Attentive CNP,m1,matched_neural,1,105,500,20260909-phase3-original_n10000-m1-seed1-final-ctx-s105-n500-drop10100-mc50,4bca3bd277ce4e2494e43597b41b883da5053b26cb16d31ff0495b25eb350e8e,12b7b530d840be1d7e8a6df1b9d5f3389552a66e06462f7477e9569973ed9e25,False
figure1_1500_3000,242,58,43073,-0.013983454957949986,2.7698504221135,2.7641570367250075,0.49173553719008267,0.8264462809917356,0.9338842975206612,9.42379762621796,unavailable: saved per-pass bin means/covariances are absent,original_n10000,original,10k,10000,9980,Attentive CNP,m1,matched_neural,1,105,500,20260909-phase3-original_n10000-m1-seed1-final-ctx-s105-n500-drop10100-mc50,4bca3bd277ce4e2494e43597b41b883da5053b26cb16d31ff0495b25eb350e8e,12b7b530d840be1d7e8a6df1b9d5f3389552a66e06462f7477e9569973ed9e25,False
full_500_3000,442,58,114299,-0.03983550426267941,3.529826703034991,3.5260564526662606,0.49095022624434387,0.8212669683257918,0.9298642533936652,8.450284101648322,unavailable: saved per-pass bin means/covariances are absent,original_n10000,original,10k,10000,9980,Attentive CNP,m1,matched_neural,1,106,500,20260909-phase3-original_n10000-m1-seed1-final-ctx-s106-n500-drop10100-mc50,acdafec685d571d3593034c6eef41f8125ff9005acd5107d3add4896120336f0,ff47299f8f114ec4ce2ecfc346a7ec3cf944413b1dec62b32d83488cc0c7672c,False
figure1_1500_3000,242,58,43073,-0.005419888857307392,2.772298047623352,2.766569538559315,0.49586776859504134,0.8223140495867769,0.9297520661157025,9.42379762621796,unavailable: saved per-pass bin means/covariances are absent,original_n10000,original,10k,10000,9980,Attentive CNP,m1,matched_neural,1,106,500,20260909-phase3-original_n10000-m1-seed1-final-ctx-s106-n500-drop10100-mc50,acdafec685d571d3593034c6eef41f8125ff9005acd5107d3add4896120336f0,ff47299f8f114ec4ce2ecfc346a7ec3cf944413b1dec62b32d83488cc0c7672c,False
full_500_3000,442,58,114299,-0.053569606349526164,3.544149107218507,3.5405429048328814,0.49095022624434387,0.8280542986425339,0.9321266968325792,8.450284101648322,unavailable: saved per-pass bin means/covariances are absent,original_n10000,original,10k,10000,9980,Attentive CNP,m1,matched_neural,1,107,500,20260909-phase3-original_n10000-m1-seed1-final-ctx-s107-n500-drop10100-mc50,1506c5dbbd4899ce1359bef87ede26de698babd8512dde8c217eab39545369ea,5b4a2748b6fa30f9f7740294d7c5a065cea767d8065ac0bc0a721546fdb28804,False
figure1_1500_3000,242,58,43073,-0.010861592336623295,2.7676533646575394,2.761950510143377,0.49586776859504134,0.8264462809917356,0.9338842975206612,9.42379762621796,unavailable: saved per-pass bin means/covariances are absent,original_n10000,original,10k,10000,9980,Attentive CNP,m1,matched_neural,1,107,500,20260909-phase3-original_n10000-m1-seed1-final-ctx-s107-n500-drop10100-mc50,1506c5dbbd4899ce1359bef87ede26de698babd8512dde8c217eab39545369ea,5b4a2748b6fa30f9f7740294d7c5a065cea767d8065ac0bc0a721546fdb28804,False
full_500_3000,442,58,114299,-0.05292885068629621,3.548927939640969,3.545306158689143,0.49095022624434387,0.8280542986425339,0.9321266968325792,8.450284101648322,unavailable: saved per-pass bin means/covariances are absent,original_n10000,original,10k,10000,9980,Attentive CNP,m1,matched_neural,1,108,500,20260909-phase3-original_n10000-m1-seed1-final-ctx-s108-n500-drop10100-mc50,ffbfd8f2bf2892053758f66853939ab28c25de68c97ae37aa18d80823534d510,43b63c25847a6a2eabe016bdf9db01214e4924c6672e361a5cab260ffb944590,False
figure1_1500_3000,242,58,43073,-0.0050888535505222085,2.7666356327752437,2.7609182158908046,0.49586776859504134,0.8264462809917356,0.9338842975206612,9.42379762621796,unavailable: saved per-pass bin means/covariances are absent,original_n10000,original,10k,10000,9980,Attentive CNP,m1,matched_neural,1,108,500,20260909-phase3-original_n10000-m1-seed1-final-ctx-s108-n500-drop10100-mc50,ffbfd8f2bf2892053758f66853939ab28c25de68c97ae37aa18d80823534d510,43b63c25847a6a2eabe016bdf9db01214e4924c6672e361a5cab260ffb944590,False
full_500_3000,442,58,114299,-0.031349201066672876,3.522645255145332,3.518797754690956,0.48868778280542985,0.8190045248868778,0.9298642533936652,8.450284101648322,unavailable: saved per-pass bin means/covariances are absent,original_n10000,original,10k,10000,9980,Attentive CNP,m1,matched_neural,1,109,500,20260909-phase3-original_n10000-m1-seed1-final-ctx-s109-n500-drop10100-mc50,e0ae47b454dccd2dfd4b7ac00e8b98af02654ec1f22772a65ea005cb793f87fa,d76b8f427904f64cecee1f878b0f24db5b028c108cecbf8b0995e2ac3730c056,False
figure1_1500_3000,242,58,43073,-0.0017355239599784623,2.775999604536826,2.7702586743886326,0.49586776859504134,0.8181818181818182,0.9297520661157025,9.42379762621796,unavailable: saved per-pass bin means/covariances are absent,original_n10000,original,10k,10000,9980,Attentive CNP,m1,matched_neural,1,109,500,20260909-phase3-original_n10000-m1-seed1-final-ctx-s109-n500-drop10100-mc50,e0ae47b454dccd2dfd4b7ac00e8b98af02654ec1f22772a65ea005cb793f87fa,d76b8f427904f64cecee1f878b0f24db5b028c108cecbf8b0995e2ac3730c056,False
full_500_3000,442,58,114299,-0.6672989199648618,3.721328597466117,3.776538549241181,0.48868778280542985,0.8235294117647058,0.9343891402714932,8.450284101648322,unavailable: saved per-pass bin means/covariances are absent,original_n10000,original,10k,10000,9980,Attentive CNP,m1,matched_neural,2,100,500,20260909-phase3-original_n10000-m1-seed2-final-ctx-s100-n500-drop10100-mc50,6d61b0e06e4f4bde00a7006832721fa584153fd9976bcb4a487f79e4e0982e3c,6cf2f096d1023ebb4714ce37cdc8d026ab7b12f10f4633eefecd72451ed0019a,False
figure1_1500_3000,242,58,43073,-0.6870280097008529,2.7755288929342634,2.8537230465548586,0.45867768595041325,0.7933884297520661,0.9338842975206612,9.42379762621796,unavailable: saved per-pass bin means/covariances are absent,original_n10000,original,10k,10000,9980,Attentive CNP,m1,matched_neural,2,100,500,20260909-phase3-original_n10000-m1-seed2-final-ctx-s100-n500-drop10100-mc50,6d61b0e06e4f4bde00a7006832721fa584153fd9976bcb4a487f79e4e0982e3c,6cf2f096d1023ebb4714ce37cdc8d026ab7b12f10f4633eefecd72451ed0019a,False
full_500_3000,442,58,114299,-0.6268551463175633,3.706701756475866,3.7551964172703727,0.5,0.8280542986425339,0.9343891402714932,8.450284101648322,unavailable: saved per-pass bin means/covariances are absent,original_n10000,original,10k,10000,9980,Attentive CNP,m1,matched_neural,2,101,500,20260909-phase3-original_n10000-m1-seed2-final-ctx-s101-n500-drop10100-mc50,fab5ed3d7df1c537c02ced6107182f301f059aafaaec7fb787d53895b41db618,46eca397a05568c5c8a8f2b4ca43d70f7915f02aebd41e7f9e152e54eae0b14e,False
figure1_1500_3000,242,58,43073,-0.6449395458921072,2.772113780620671,2.8405645959735657,0.47520661157024796,0.8016528925619835,0.9338842975206612,9.42379762621796,unavailable: saved per-pass bin means/covariances are absent,original_n10000,original,10k,10000,9980,Attentive CNP,m1,matched_neural,2,101,500,20260909-phase3-original_n10000-m1-seed2-final-ctx-s101-n500-drop10100-mc50,fab5ed3d7df1c537c02ced6107182f301f059aafaaec7fb787d53895b41db618,46eca397a05568c5c8a8f2b4ca43d70f7915f02aebd41e7f9e152e54eae0b14e,False
full_500_3000,442,58,114299,-0.6569459832439364,3.7131315849586923,3.7666604706612636,0.49321266968325794,0.8235294117647058,0.9343891402714932,8.450284101648322,unavailable: saved per-pass bin means/covariances are absent,original_n10000,original,10k,10000,9980,Attentive CNP,m1,matched_neural,2,102,500,20260909-phase3-original_n10000-m1-seed2-final-ctx-s102-n500-drop10100-mc50,d270ac7b536ba1abde37c60e0a240cb74064290a4153c6d6e1e63424318c3c55,cb9c78e12206f1ac57dcfbecb129587d548cd4ce612f47d176cd49ea864943d9,False
figure1_1500_3000,242,58,43073,-0.6776728513485555,2.7757178666468647,2.8516684482272128,0.4628099173553719,0.7933884297520661,0.9338842975206612,9.42379762621796,unavailable: saved per-pass bin means/covariances are absent,original_n10000,original,10k,10000,9980,Attentive CNP,m1,matched_neural,2,102,500,20260909-phase3-original_n10000-m1-seed2-final-ctx-s102-n500-drop10100-mc50,d270ac7b536ba1abde37c60e0a240cb74064290a4153c6d6e1e63424318c3c55,cb9c78e12206f1ac57dcfbecb129587d548cd4ce612f47d176cd49ea864943d9,False
full_500_3000,442,58,114299,-0.616482871153965,3.717054436493957,3.7636798188477454,0.5113122171945701,0.8280542986425339,0.9343891402714932,8.450284101648322,unavailable: saved per-pass bin means/covariances are absent,original_n10000,original,10k,10000,9980,Attentive CNP,m1,matched_neural,2,103,500,20260909-phase3-original_n10000-m1-seed2-final-ctx-s103-n500-drop10100-mc50,be5e53cb727162ba2c6d85c3e11771bf0236b05bc20997c095d252251ce2a008,9ac3dab49e574fa02d160fc0b2859e334270df852ed74d9cc58eaffcab8a3820,False
figure1_1500_3000,242,58,43073,-0.6302103410676647,2.7693912233997597,2.8346076551808275,0.49173553719008267,0.8057851239669421,0.9338842975206612,9.42379762621796,unavailable: saved per-pass bin means/covariances are absent,original_n10000,original,10k,10000,9980,Attentive CNP,m1,matched_neural,2,103,500,20260909-phase3-original_n10000-m1-seed2-final-ctx-s103-n500-drop10100-mc50,be5e53cb727162ba2c6d85c3e11771bf0236b05bc20997c095d252251ce2a008,9ac3dab49e574fa02d160fc0b2859e334270df852ed74d9cc58eaffcab8a3820,False
full_500_3000,442,58,114299,-0.622619106152299,3.7141157278015346,3.7617948592001853,0.504524886877828,0.8280542986425339,0.9343891402714932,8.450284101648322,unavailable: saved per-pass bin means/covariances are absent,original_n10000,original,10k,10000,9980,Attentive CNP,m1,matched_neural,2,104,500,20260909-phase3-original_n10000-m1-seed2-final-ctx-s104-n500-drop10100-mc50,fd1357ccfbdc1d8cb4c2ea1e273f30c2d18acbab3798fe3a35128d9981128477,03750b98bf7c44366c88d7f41c118cee8e03e6d29ebc66444bdc6b33861587f6,False
figure1_1500_3000,242,58,43073,-0.6375318713651249,2.770125501094265,2.836958425385416,0.4834710743801653,0.8016528925619835,0.9338842975206612,9.42379762621796,unavailable: saved per-pass bin means/covariances are absent,original_n10000,original,10k,10000,9980,Attentive CNP,m1,matched_neural,2,104,500,20260909-phase3-original_n10000-m1-seed2-final-ctx-s104-n500-drop10100-mc50,fd1357ccfbdc1d8cb4c2ea1e273f30c2d18acbab3798fe3a35128d9981128477,03750b98bf7c44366c88d7f41c118cee8e03e6d29ebc66444bdc6b33861587f6,False
full_500_3000,442,58,114299,-0.6437052019895662,3.7223728439311095,3.7734688848852773,0.502262443438914,0.8257918552036199,0.9343891402714932,8.450284101648322,unavailable: saved per-pass bin means/covariances are absent,original_n10000,original,10k,10000,9980,Attentive CNP,m1,matched_neural,2,105,500,20260909-phase3-original_n10000-m1-seed2-final-ctx-s105-n500-drop10100-mc50,40601c8017fac6adf08217142604d399d568dbea7126c3c77d46962f626d7c38,3085d3bd7d4e66894cb38e8ae365dd8e4bd510fe7f73b9b5f3c2e1b0ed82d831,False
figure1_1500_3000,242,58,43073,-0.659316762342743,2.7717766590838697,2.843536100927767,0.4793388429752066,0.7975206611570248,0.9338842975206612,9.42379762621796,unavailable: saved per-pass bin means/covariances are absent,original_n10000,original,10k,10000,9980,Attentive CNP,m1,matched_neural,2,105,500,20260909-phase3-original_n10000-m1-seed2-final-ctx-s105-n500-drop10100-mc50,40601c8017fac6adf08217142604d399d568dbea7126c3c77d46962f626d7c38,3085d3bd7d4e66894cb38e8ae365dd8e4bd510fe7f73b9b5f3c2e1b0ed82d831,False
full_500_3000,442,58,114299,-0.6291269658331593,3.714709997870311,3.7634626995890716,0.497737556561086,0.8257918552036199,0.9343891402714932,8.450284101648322,unavailable: saved per-pass bin means/covariances are absent,original_n10000,original,10k,10000,9980,Attentive CNP,m1,matched_neural,2,106,500,20260909-phase3-original_n10000-m1-seed2-final-ctx-s106-n500-drop10100-mc50,9a5738f178a162faa36a0451305a2000858c3b79a47ff29a48616ffe4494c7e7,22fddf2c659454356363d94f58d385c8a52367ffd408118bdc242cf8cdd888ae,False
figure1_1500_3000,242,58,43073,-0.6444667906806842,2.7709448868598106,2.839321252938345,0.47107438016528924,0.7975206611570248,0.9338842975206612,9.42379762621796,unavailable: saved per-pass bin means/covariances are absent,original_n10000,original,10k,10000,9980,Attentive CNP,m1,matched_neural,2,106,500,20260909-phase3-original_n10000-m1-seed2-final-ctx-s106-n500-drop10100-mc50,9a5738f178a162faa36a0451305a2000858c3b79a47ff29a48616ffe4494c7e7,22fddf2c659454356363d94f58d385c8a52367ffd408118bdc242cf8cdd888ae,False
full_500_3000,442,58,114299,-0.6252539248845533,3.7139539237625225,3.762072475309697,0.5,0.8257918552036199,0.9343891402714932,8.450284101648322,unavailable: saved per-pass bin means/covariances are absent,original_n10000,original,10k,10000,9980,Attentive CNP,m1,matched_neural,2,107,500,20260909-phase3-original_n10000-m1-seed2-final-ctx-s107-n500-drop10100-mc50,7dcf8da7bf998b218de4a8a02d3c7f9cb47d4b48cc2c482ddd87f1a1a80b18b7,21f437401bb0e54f1eaa994bd3cb462c61d9af512836863c0c977dbea154bce5,False
figure1_1500_3000,242,58,43073,-0.6407684993416941,2.7705883547440813,2.8381374935804553,0.47520661157024796,0.7975206611570248,0.9338842975206612,9.42379762621796,unavailable: saved per-pass bin means/covariances are absent,original_n10000,original,10k,10000,9980,Attentive CNP,m1,matched_neural,2,107,500,20260909-phase3-original_n10000-m1-seed2-final-ctx-s107-n500-drop10100-mc50,7dcf8da7bf998b218de4a8a02d3c7f9cb47d4b48cc2c482ddd87f1a1a80b18b7,21f437401bb0e54f1eaa994bd3cb462c61d9af512836863c0c977dbea154bce5,False
full_500_3000,442,58,114299,-0.6059801975045127,3.7064646634600997,3.751534502586019,0.5090497737556561,0.830316742081448,0.9343891402714932,8.450284101648322,unavailable: saved per-pass bin means/covariances are absent,original_n10000,original,10k,10000,9980,Attentive CNP,m1,matched_neural,2,108,500,20260909-phase3-original_n10000-m1-seed2-final-ctx-s108-n500-drop10100-mc50,65aa597c093fb7a5eb6f7afe1fcb93df43cf8f310871d01bcc64ac0031b93904,2f791b8997105a5d2154c90c0444944af37fdbf5682a23548e3a9a818a092888,False
figure1_1500_3000,242,58,43073,-0.6213364468875526,2.769183357917736,2.832445576516162,0.4834710743801653,0.8057851239669421,0.9338842975206612,9.42379762621796,unavailable: saved per-pass bin means/covariances are absent,original_n10000,original,10k,10000,9980,Attentive CNP,m1,matched_neural,2,108,500,20260909-phase3-original_n10000-m1-seed2-final-ctx-s108-n500-drop10100-mc50,65aa597c093fb7a5eb6f7afe1fcb93df43cf8f310871d01bcc64ac0031b93904,2f791b8997105a5d2154c90c0444944af37fdbf5682a23548e3a9a818a092888,False
full_500_3000,442,58,114299,-0.6517364596760683,3.72010560787127,3.7726165683280364,0.5,0.8257918552036199,0.9343891402714932,8.450284101648322,unavailable: saved per-pass bin means/covariances are absent,original_n10000,original,10k,10000,9980,Attentive CNP,m1,matched_neural,2,109,500,20260909-phase3-original_n10000-m1-seed2-final-ctx-s109-n500-drop10100-mc50,849614280005f92069b12250930390fd1653a48377b85db793a4bef037459df7,ea72dbfd595d0cd7f250fd45d1cbe641e734c5549e51f64bda412ab6fc7f90d3,False
figure1_1500_3000,242,58,43073,-0.6687530011973873,2.773133986748201,2.847055443989322,0.47520661157024796,0.7975206611570248,0.9338842975206612,9.42379762621796,unavailable: saved per-pass bin means/covariances are absent,original_n10000,original,10k,10000,9980,Attentive CNP,m1,matched_neural,2,109,500,20260909-phase3-original_n10000-m1-seed2-final-ctx-s109-n500-drop10100-mc50,849614280005f92069b12250930390fd1653a48377b85db793a4bef037459df7,ea72dbfd595d0cd7f250fd45d1cbe641e734c5549e51f64bda412ab6fc7f90d3,False
full_500_3000,442,58,114299,2.242677708745033,2.7822529802424154,3.571137288225692,0.2081447963800905,0.3914027149321267,0.581447963800905,8.450284101648322,unavailable: saved per-pass bin means/covariances are absent,original_n10000,original,10k,10000,9980,Attentive CNP + PE,m2,matched_neural,0,100,500,20260909-phase3-original_n10000-m2-seed0-final-ctx-s100-n500-drop10100-mc50,6f12f0a83bac25507db6c0a385b38e6b3394de0e1a6ceb3e5c833dc8d479956f,bd27ebdba176a51aaef69d5b806f53cc95c576f187f65642da19aaaf21a3ea28,False
figure1_1500_3000,242,58,43073,1.9113504166998665,2.951921251179612,3.5115654470775097,0.21487603305785125,0.4214876033057851,0.6033057851239669,9.42379762621796,unavailable: saved per-pass bin means/covariances are absent,original_n10000,original,10k,10000,9980,Attentive CNP + PE,m2,matched_neural,0,100,500,20260909-phase3-original_n10000-m2-seed0-final-ctx-s100-n500-drop10100-mc50,6f12f0a83bac25507db6c0a385b38e6b3394de0e1a6ceb3e5c833dc8d479956f,bd27ebdba176a51aaef69d5b806f53cc95c576f187f65642da19aaaf21a3ea28,False
full_500_3000,442,58,114299,1.8684079783300278,2.7519982458144483,3.3237491054324,0.21945701357466063,0.43665158371040724,0.6425339366515838,8.450284101648322,unavailable: saved per-pass bin means/covariances are absent,original_n10000,original,10k,10000,9980,Attentive CNP + PE,m2,matched_neural,0,101,500,20260909-phase3-original_n10000-m2-seed0-final-ctx-s101-n500-drop10100-mc50,e551e2881051c876f04d82b370a5aa50039b78062a60ceba1ec26b2f67bb15dc,f26b185aab36ca7492b164c002eaca690d54e4724eff59df833edaf3d86cc042,False
figure1_1500_3000,242,58,43073,1.6510801932425065,2.9130401019293615,3.34317261591738,0.2190082644628099,0.44214876033057854,0.6528925619834711,9.42379762621796,unavailable: saved per-pass bin means/covariances are absent,original_n10000,original,10k,10000,9980,Attentive CNP + PE,m2,matched_neural,0,101,500,20260909-phase3-original_n10000-m2-seed0-final-ctx-s101-n500-drop10100-mc50,e551e2881051c876f04d82b370a5aa50039b78062a60ceba1ec26b2f67bb15dc,f26b185aab36ca7492b164c002eaca690d54e4724eff59df833edaf3d86cc042,False
full_500_3000,442,58,114299,2.08670758132278,2.7653402372144082,3.461813688125173,0.20361990950226244,0.4072398190045249,0.6131221719457014,8.450284101648322,unavailable: saved per-pass bin means/covariances are absent,original_n10000,original,10k,10000,9980,Attentive CNP + PE,m2,matched_neural,0,102,500,20260909-phase3-original_n10000-m2-seed0-final-ctx-s102-n500-drop10100-mc50,6e54862031806fae772379c6fed947665c2984003cc08697e78005d602c4ea1f,ebef0353ffc865eacd6cdb4e40ddfde34536ef0f8d470ec8513980abc4933453,False
figure1_1500_3000,242,58,43073,1.8226787683904309,2.9258691758020663,3.4420188102545524,0.2190082644628099,0.41735537190082644,0.6198347107438017,9.42379762621796,unavailable: saved per-pass bin means/covariances are absent,original_n10000,original,10k,10000,9980,Attentive CNP + PE,m2,matched_neural,0,102,500,20260909-phase3-original_n10000-m2-seed0-final-ctx-s102-n500-drop10100-mc50,6e54862031806fae772379c6fed947665c2984003cc08697e78005d602c4ea1f,ebef0353ffc865eacd6cdb4e40ddfde34536ef0f8d470ec8513980abc4933453,False
full_500_3000,442,58,114299,1.4704193558592438,2.764123091545782,3.128134208709333,0.26018099547511314,0.4796380090497738,0.6787330316742082,8.450284101648322,unavailable: saved per-pass bin means/covariances are absent,original_n10000,original,10k,10000,9980,Attentive CNP + PE,m2,matched_neural,0,103,500,20260909-phase3-original_n10000-m2-seed0-final-ctx-s103-n500-drop10100-mc50,1128d250717bddb2b3db5ef4aab1d22047190279d3cb7d9d7dbbdfb7caf8cf69,163ef01ed3af459ece0dbafa89490676e992fd58267ca58d80acf64ac2661203,False
figure1_1500_3000,242,58,43073,1.1928269200011161,2.9190918105101122,3.1478122425973796,0.2603305785123967,0.4793388429752066,0.6859504132231405,9.42379762621796,unavailable: saved per-pass bin means/covariances are absent,original_n10000,original,10k,10000,9980,Attentive CNP + PE,m2,matched_neural,0,103,500,20260909-phase3-original_n10000-m2-seed0-final-ctx-s103-n500-drop10100-mc50,1128d250717bddb2b3db5ef4aab1d22047190279d3cb7d9d7dbbdfb7caf8cf69,163ef01ed3af459ece0dbafa89490676e992fd58267ca58d80acf64ac2661203,False
full_500_3000,442,58,114299,1.646485844804223,2.759545808153911,3.210728887198928,0.248868778280543,0.45248868778280543,0.6583710407239819,8.450284101648322,unavailable: saved per-pass bin means/covariances are absent,original_n10000,original,10k,10000,9980,Attentive CNP + PE,m2,matched_neural,0,104,500,20260909-phase3-original_n10000-m2-seed0-final-ctx-s104-n500-drop10100-mc50,9155e676ec34735a11dfff89bfd47e62f08c1749bde6c5b49723d736362fed7f,65d7bf0d6dce375ac8098d1aa061a9ed31bfbb9ab0735c48d427f5df357c94d6,False
figure1_1500_3000,242,58,43073,1.3550321946927677,2.91753473332795,3.2113778317491164,0.25206611570247933,0.47107438016528924,0.6652892561983471,9.42379762621796,unavailable: saved per-pass bin means/covariances are absent,original_n10000,original,10k,10000,9980,Attentive CNP + PE,m2,matched_neural,0,104,500,20260909-phase3-original_n10000-m2-seed0-final-ctx-s104-n500-drop10100-mc50,9155e676ec34735a11dfff89bfd47e62f08c1749bde6c5b49723d736362fed7f,65d7bf0d6dce375ac8098d1aa061a9ed31bfbb9ab0735c48d427f5df357c94d6,False
full_500_3000,442,58,114299,1.5845562331271477,2.7698969698658544,3.188383519700986,0.25565610859728505,0.4592760180995475,0.6628959276018099,8.450284101648322,unavailable: saved per-pass bin means/covariances are absent,original_n10000,original,10k,10000,9980,Attentive CNP + PE,m2,matched_neural,0,105,500,20260909-phase3-original_n10000-m2-seed0-final-ctx-s105-n500-drop10100-mc50,63d52d464416f8da4195ed28d9904a9db160b2cabc0245e1caa26542590a0ffb,afbad0b749aa4b5b0ccb53291aeff1e75cc011b9016e6661dc8cca8b4b8ddd70,False
figure1_1500_3000,242,58,43073,1.2700165474362919,2.930105801127163,3.187943644603083,0.256198347107438,0.4834710743801653,0.6735537190082644,9.42379762621796,unavailable: saved per-pass bin means/covariances are absent,original_n10000,original,10k,10000,9980,Attentive CNP + PE,m2,matched_neural,0,105,500,20260909-phase3-original_n10000-m2-seed0-final-ctx-s105-n500-drop10100-mc50,63d52d464416f8da4195ed28d9904a9db160b2cabc0245e1caa26542590a0ffb,afbad0b749aa4b5b0ccb53291aeff1e75cc011b9016e6661dc8cca8b4b8ddd70,False
full_500_3000,442,58,114299,1.7296565901421757,2.75850234839232,3.253280104048327,0.23529411764705882,0.4479638009049774,0.6538461538461539,8.450284101648322,unavailable: saved per-pass bin means/covariances are absent,original_n10000,original,10k,10000,9980,Attentive CNP + PE,m2,matched_neural,0,106,500,20260909-phase3-original_n10000-m2-seed0-final-ctx-s106-n500-drop10100-mc50,2235b107ba5ddc34206ba1f7ae55bd4f488fe2f73a35fff38b057548b3ee2e64,8abb3a69ed8527fb7f73d3d7bf81d99658b37f93addbf2af81e9e90731304caa,False
figure1_1500_3000,242,58,43073,1.4651659416346998,2.9133803409673718,3.2556754684519627,0.23553719008264462,0.45454545454545453,0.6652892561983471,9.42379762621796,unavailable: saved per-pass bin means/covariances are absent,original_n10000,original,10k,10000,9980,Attentive CNP + PE,m2,matched_neural,0,106,500,20260909-phase3-original_n10000-m2-seed0-final-ctx-s106-n500-drop10100-mc50,2235b107ba5ddc34206ba1f7ae55bd4f488fe2f73a35fff38b057548b3ee2e64,8abb3a69ed8527fb7f73d3d7bf81d99658b37f93addbf2af81e9e90731304caa,False
full_500_3000,442,58,114299,1.5282211845096132,2.76863538552503,3.1596612926516623,0.25565610859728505,0.4751131221719457,0.667420814479638,8.450284101648322,unavailable: saved per-pass bin means/covariances are absent,original_n10000,original,10k,10000,9980,Attentive CNP + PE,m2,matched_neural,0,107,500,20260909-phase3-original_n10000-m2-seed0-final-ctx-s107-n500-drop10100-mc50,99e010151b01ec9a7a98ef7f0912a1f1f73f2012d8a5e1bc5705447ee23d4420,52c6b21c754ccf774dbef1ba6344794d3d311fabe5e3f983b2b07ee1a779ae25,False
figure1_1500_3000,242,58,43073,1.235443336077342,2.9210205935044455,3.165979130218792,0.25206611570247933,0.4793388429752066,0.6776859504132231,9.42379762621796,unavailable: saved per-pass bin means/covariances are absent,original_n10000,original,10k,10000,9980,Attentive CNP + PE,m2,matched_neural,0,107,500,20260909-phase3-original_n10000-m2-seed0-final-ctx-s107-n500-drop10100-mc50,99e010151b01ec9a7a98ef7f0912a1f1f73f2012d8a5e1bc5705447ee23d4420,52c6b21c754ccf774dbef1ba6344794d3d311fabe5e3f983b2b07ee1a779ae25,False
full_500_3000,442,58,114299,1.3115958272879613,2.750767368135507,3.044648657763451,0.25565610859728505,0.502262443438914,0.6945701357466063,8.450284101648322,unavailable: saved per-pass bin means/covariances are absent,original_n10000,original,10k,10000,9980,Attentive CNP + PE,m2,matched_neural,0,108,500,20260909-phase3-original_n10000-m2-seed0-final-ctx-s108-n500-drop10100-mc50,7a13c22f0ee33a0987058a92526c9f0cd47f229a1c4fc54182d63eccfa1b38c6,693d98adee9a4645f29585efbcba0fff491847210fb21bb1c3a541676def7a3e,False
figure1_1500_3000,242,58,43073,1.0789916366742047,2.902390215788853,3.0908384850769095,0.24793388429752067,0.5,0.7024793388429752,9.42379762621796,unavailable: saved per-pass bin means/covariances are absent,original_n10000,original,10k,10000,9980,Attentive CNP + PE,m2,matched_neural,0,108,500,20260909-phase3-original_n10000-m2-seed0-final-ctx-s108-n500-drop10100-mc50,7a13c22f0ee33a0987058a92526c9f0cd47f229a1c4fc54182d63eccfa1b38c6,693d98adee9a4645f29585efbcba0fff491847210fb21bb1c3a541676def7a3e,False
full_500_3000,442,58,114299,1.9528120639689335,2.782311552281418,3.396648108611502,0.21040723981900453,0.41855203619909503,0.6244343891402715,8.450284101648322,unavailable: saved per-pass bin means/covariances are absent,original_n10000,original,10k,10000,9980,Attentive CNP + PE,m2,matched_neural,0,109,500,20260909-phase3-original_n10000-m2-seed0-final-ctx-s109-n500-drop10100-mc50,e6ba27a6cd8f480bb5e4064e26a4d86eb90dd67c6f2fe877a572801294eee018,eb8d9071669abec6f63e5ff6cc208e434c480de304d945302dd3a17c51155450,False
figure1_1500_3000,242,58,43073,1.620798907363713,2.938179727152906,3.3502561194955285,0.2190082644628099,0.4380165289256198,0.6363636363636364,9.42379762621796,unavailable: saved per-pass bin means/covariances are absent,original_n10000,original,10k,10000,9980,Attentive CNP + PE,m2,matched_neural,0,109,500,20260909-phase3-original_n10000-m2-seed0-final-ctx-s109-n500-drop10100-mc50,e6ba27a6cd8f480bb5e4064e26a4d86eb90dd67c6f2fe877a572801294eee018,eb8d9071669abec6f63e5ff6cc208e434c480de304d945302dd3a17c51155450,False
full_500_3000,442,58,114299,2.00736690921706,2.7367850317853026,3.3915436801645344,0.22850678733031674,0.416289592760181,0.6040723981900452,8.450284101648322,unavailable: saved per-pass bin means/covariances are absent,original_n10000,original,10k,10000,9980,Attentive CNP + PE,m2,matched_neural,1,100,500,20260909-phase3-original_n10000-m2-seed1-final-ctx-s100-n500-drop10100-mc50,b45a7d7a5ce0a3c4efb6938f3f568de0703c72ecbfd18bd7bda2f0e9426a6857,0e1065da14e3a46f81f3242a3b3bd2d0cacbe2a8563901f351419cd48b455897,False
figure1_1500_3000,242,58,43073,1.726986887333694,2.834360167561377,3.3140435398997226,0.2024793388429752,0.4256198347107438,0.6198347107438017,9.42379762621796,unavailable: saved per-pass bin means/covariances are absent,original_n10000,original,10k,10000,9980,Attentive CNP + PE,m2,matched_neural,1,100,500,20260909-phase3-original_n10000-m2-seed1-final-ctx-s100-n500-drop10100-mc50,b45a7d7a5ce0a3c4efb6938f3f568de0703c72ecbfd18bd7bda2f0e9426a6857,0e1065da14e3a46f81f3242a3b3bd2d0cacbe2a8563901f351419cd48b455897,False
full_500_3000,442,58,114299,1.6421717663668935,2.7260396977312604,3.1798125204247873,0.24660633484162897,0.45701357466063347,0.6380090497737556,8.450284101648322,unavailable: saved per-pass bin means/covariances are absent,original_n10000,original,10k,10000,9980,Attentive CNP + PE,m2,matched_neural,1,101,500,20260909-phase3-original_n10000-m2-seed1-final-ctx-s101-n500-drop10100-mc50,5424fe8cd694f241024125af6f61e5ecfb5b8acc4904bda406b62bc22990ff8f,bc5fef2c9c6e55a5bdbefa03c1af61e8613d42478ada49b166c79877e0af6c06,False
figure1_1500_3000,242,58,43073,1.433206931476288,2.826149984079018,3.1635741175794734,0.22727272727272727,0.4462809917355372,0.6570247933884298,9.42379762621796,unavailable: saved per-pass bin means/covariances are absent,original_n10000,original,10k,10000,9980,Attentive CNP + PE,m2,matched_neural,1,101,500,20260909-phase3-original_n10000-m2-seed1-final-ctx-s101-n500-drop10100-mc50,5424fe8cd694f241024125af6f61e5ecfb5b8acc4904bda406b62bc22990ff8f,bc5fef2c9c6e55a5bdbefa03c1af61e8613d42478ada49b166c79877e0af6c06,False
full_500_3000,442,58,114299,1.957183584766759,2.7483182759777383,3.3714584562290595,0.2330316742081448,0.416289592760181,0.6108597285067874,8.450284101648322,unavailable: saved per-pass bin means/covariances are absent,original_n10000,original,10k,10000,9980,Attentive CNP + PE,m2,matched_neural,1,102,500,20260909-phase3-original_n10000-m2-seed1-final-ctx-s102-n500-drop10100-mc50,3ec438e01c83e87766624e4dd06aca0b0819012c716d85e395f17959415ecb5b,d8c6182c9daf7bb5f5f86d08468df92b2ac856b3e92f9be6196cc43a7f8a9995,False
figure1_1500_3000,242,58,43073,1.703625564391472,2.8493733756263437,3.3147729040616825,0.21074380165289255,0.41735537190082644,0.628099173553719,9.42379762621796,unavailable: saved per-pass bin means/covariances are absent,original_n10000,original,10k,10000,9980,Attentive CNP + PE,m2,matched_neural,1,102,500,20260909-phase3-original_n10000-m2-seed1-final-ctx-s102-n500-drop10100-mc50,3ec438e01c83e87766624e4dd06aca0b0819012c716d85e395f17959415ecb5b,d8c6182c9daf7bb5f5f86d08468df92b2ac856b3e92f9be6196cc43a7f8a9995,False
full_500_3000,442,58,114299,1.2133709655296878,2.7513394614672375,3.004165696519479,0.27601809954751133,0.48642533936651583,0.6787330316742082,8.450284101648322,unavailable: saved per-pass bin means/covariances are absent,original_n10000,original,10k,10000,9980,Attentive CNP + PE,m2,matched_neural,1,103,500,20260909-phase3-original_n10000-m2-seed1-final-ctx-s103-n500-drop10100-mc50,ccab10fad22ad87affbd62d2e692b969d2226e054f2680997190998fe87dbfe9,84bbfe5a10b2401b532982e74caf2ca52e4898c40d80630b2b8befd6a069ba3e,False
figure1_1500_3000,242,58,43073,0.9577511205455568,2.8456988408377075,2.9969695166805956,0.2768595041322314,0.47520661157024796,0.6983471074380165,9.42379762621796,unavailable: saved per-pass bin means/covariances are absent,original_n10000,original,10k,10000,9980,Attentive CNP + PE,m2,matched_neural,1,103,500,20260909-phase3-original_n10000-m2-seed1-final-ctx-s103-n500-drop10100-mc50,ccab10fad22ad87affbd62d2e692b969d2226e054f2680997190998fe87dbfe9,84bbfe5a10b2401b532982e74caf2ca52e4898c40d80630b2b8befd6a069ba3e,False
full_500_3000,442,58,114299,1.4640152582125403,2.74651665840063,3.10960255015672,0.24660633484162897,0.47737556561085975,0.6515837104072398,8.450284101648322,unavailable: saved per-pass bin means/covariances are absent,original_n10000,original,10k,10000,9980,Attentive CNP + PE,m2,matched_neural,1,104,500,20260909-phase3-original_n10000-m2-seed1-final-ctx-s104-n500-drop10100-mc50,366ff32b7d126807fb354abd46ebd59c104989865ac91cd6b30dd89af9e5c308,f80227431176cbffd2f76cdad5a3658eb833a93d5a9d1b681b19c90dbca5ee44,False
figure1_1500_3000,242,58,43073,1.182835836956225,2.8430042940992952,3.073820840017883,0.23553719008264462,0.47520661157024796,0.6818181818181818,9.42379762621796,unavailable: saved per-pass bin means/covariances are absent,original_n10000,original,10k,10000,9980,Attentive CNP + PE,m2,matched_neural,1,104,500,20260909-phase3-original_n10000-m2-seed1-final-ctx-s104-n500-drop10100-mc50,366ff32b7d126807fb354abd46ebd59c104989865ac91cd6b30dd89af9e5c308,f80227431176cbffd2f76cdad5a3658eb833a93d5a9d1b681b19c90dbca5ee44,False
full_500_3000,442,58,114299,1.3717391919583142,2.766000393759345,3.084658357320652,0.25339366515837103,0.47737556561085975,0.6515837104072398,8.450284101648322,unavailable: saved per-pass bin means/covariances are absent,original_n10000,original,10k,10000,9980,Attentive CNP + PE,m2,matched_neural,1,105,500,20260909-phase3-original_n10000-m2-seed1-final-ctx-s105-n500-drop10100-mc50,2bcd334c5c98dcb31e167bd4d8eb4c3c317e2350481a5b827a491e0393560522,f8a54689c9ead7df9a48adeac2164dd6c93f94cd5f00229df6e98bf9c854936a,False
figure1_1500_3000,242,58,43073,1.0772944518059502,2.8602305539273414,3.050848522597488,0.24793388429752067,0.4793388429752066,0.6776859504132231,9.42379762621796,unavailable: saved per-pass bin means/covariances are absent,original_n10000,original,10k,10000,9980,Attentive CNP + PE,m2,matched_neural,1,105,500,20260909-phase3-original_n10000-m2-seed1-final-ctx-s105-n500-drop10100-mc50,2bcd334c5c98dcb31e167bd4d8eb4c3c317e2350481a5b827a491e0393560522,f8a54689c9ead7df9a48adeac2164dd6c93f94cd5f00229df6e98bf9c854936a,False
full_500_3000,442,58,114299,1.6734544921412136,2.7510067330823307,3.217353838904032,0.24660633484162897,0.45475113122171945,0.6357466063348416,8.450284101648322,unavailable: saved per-pass bin means/covariances are absent,original_n10000,original,10k,10000,9980,Attentive CNP + PE,m2,matched_neural,1,106,500,20260909-phase3-original_n10000-m2-seed1-final-ctx-s106-n500-drop10100-mc50,f7cbb34e071bc57ddffb94e64729e52a642105f53342e0043b26a60aeec1a40e,dfbe1925a63b14cbd2a1b6d1d96371e3fbfabf3b4994ba482a9a5bbb5027a6fc,False
figure1_1500_3000,242,58,43073,1.4289926668509418,2.84722449836944,3.1804415853769963,0.23553719008264462,0.45041322314049587,0.6570247933884298,9.42379762621796,unavailable: saved per-pass bin means/covariances are absent,original_n10000,original,10k,10000,9980,Attentive CNP + PE,m2,matched_neural,1,106,500,20260909-phase3-original_n10000-m2-seed1-final-ctx-s106-n500-drop10100-mc50,f7cbb34e071bc57ddffb94e64729e52a642105f53342e0043b26a60aeec1a40e,dfbe1925a63b14cbd2a1b6d1d96371e3fbfabf3b4994ba482a9a5bbb5027a6fc,False
full_500_3000,442,58,114299,1.2908855773863255,2.7560403497846617,3.040552418519983,0.2647058823529412,0.48642533936651583,0.669683257918552,8.450284101648322,unavailable: saved per-pass bin means/covariances are absent,original_n10000,original,10k,10000,9980,Attentive CNP + PE,m2,matched_neural,1,107,500,20260909-phase3-original_n10000-m2-seed1-final-ctx-s107-n500-drop10100-mc50,c2bc33eaa4c592df9e08ba83133222f254f57e9d7586ed5f0c04f25c8f76f19d,5a5c47bcd9aa37132cebb704b248f00e564c204350f596e5192fd79b4b7b27e7,False
figure1_1500_3000,242,58,43073,1.0399207020899617,2.8498242290029583,3.028097305767074,0.2603305785123967,0.47107438016528924,0.6859504132231405,9.42379762621796,unavailable: saved per-pass bin means/covariances are absent,original_n10000,original,10k,10000,9980,Attentive CNP + PE,m2,matched_neural,1,107,500,20260909-phase3-original_n10000-m2-seed1-final-ctx-s107-n500-drop10100-mc50,c2bc33eaa4c592df9e08ba83133222f254f57e9d7586ed5f0c04f25c8f76f19d,5a5c47bcd9aa37132cebb704b248f00e564c204350f596e5192fd79b4b7b27e7,False
full_500_3000,442,58,114299,1.2705400909926383,2.741371972894042,3.018673530209464,0.26018099547511314,0.48868778280542985,0.6719457013574661,8.450284101648322,unavailable: saved per-pass bin means/covariances are absent,original_n10000,original,10k,10000,9980,Attentive CNP + PE,m2,matched_neural,1,108,500,20260909-phase3-original_n10000-m2-seed1-final-ctx-s108-n500-drop10100-mc50,10f0b3c73db140e4e9ef89a2ddfa037df734cf10f25bfe5ea4029c221a301c82,e2001b1442e9927cb1c8fa04d513e8f8a8ae07835f2c32a774c0442ba856f3b0,False
figure1_1500_3000,242,58,43073,1.0456675119574363,2.835986787905266,3.017118958371221,0.2603305785123967,0.4669421487603306,0.6818181818181818,9.42379762621796,unavailable: saved per-pass bin means/covariances are absent,original_n10000,original,10k,10000,9980,Attentive CNP + PE,m2,matched_neural,1,108,500,20260909-phase3-original_n10000-m2-seed1-final-ctx-s108-n500-drop10100-mc50,10f0b3c73db140e4e9ef89a2ddfa037df734cf10f25bfe5ea4029c221a301c82,e2001b1442e9927cb1c8fa04d513e8f8a8ae07835f2c32a774c0442ba856f3b0,False
full_500_3000,442,58,114299,1.8990645297821291,2.7746592567788335,3.359726496204518,0.24660633484162897,0.4117647058823529,0.6108597285067874,8.450284101648322,unavailable: saved per-pass bin means/covariances are absent,original_n10000,original,10k,10000,9980,Attentive CNP + PE,m2,matched_neural,1,109,500,20260909-phase3-original_n10000-m2-seed1-final-ctx-s109-n500-drop10100-mc50,8d21af8fa206c01d0e5bab209589c9c1bb7d9d2dc6adce9771c697f8c91223ae,81fb2d39505eb279f97b3a91ce08b76351a1a08861c638bc6f58b751d0b68f37,False
figure1_1500_3000,242,58,43073,1.5690481527907503,2.867961752342854,3.2639130303768695,0.23553719008264462,0.4214876033057851,0.6363636363636364,9.42379762621796,unavailable: saved per-pass bin means/covariances are absent,original_n10000,original,10k,10000,9980,Attentive CNP + PE,m2,matched_neural,1,109,500,20260909-phase3-original_n10000-m2-seed1-final-ctx-s109-n500-drop10100-mc50,8d21af8fa206c01d0e5bab209589c9c1bb7d9d2dc6adce9771c697f8c91223ae,81fb2d39505eb279f97b3a91ce08b76351a1a08861c638bc6f58b751d0b68f37,False
full_500_3000,442,58,114299,1.4888702801183173,2.8701797347685476,3.2304842618945564,0.25565610859728505,0.47058823529411764,0.6493212669683258,8.450284101648322,unavailable: saved per-pass bin means/covariances are absent,original_n10000,original,10k,10000,9980,Attentive CNP + PE,m2,matched_neural,2,100,500,20260909-phase3-original_n10000-m2-seed2-final-ctx-s100-n500-drop10100-mc50,9d146e0f2ebac0b727336cb22804edd3b21e818c5b21bd538e91ab8feedbe652,e94ff99bcf7329640ae3bd3c1f09febb34325b8b5f0048e1145426ceb69c2418,False
figure1_1500_3000,242,58,43073,1.2099472069955897,2.9865628730891607,3.2166243737484366,0.2727272727272727,0.4834710743801653,0.6652892561983471,9.42379762621796,unavailable: saved per-pass bin means/covariances are absent,original_n10000,original,10k,10000,9980,Attentive CNP + PE,m2,matched_neural,2,100,500,20260909-phase3-original_n10000-m2-seed2-final-ctx-s100-n500-drop10100-mc50,9d146e0f2ebac0b727336cb22804edd3b21e818c5b21bd538e91ab8feedbe652,e94ff99bcf7329640ae3bd3c1f09febb34325b8b5f0048e1145426ceb69c2418,False
full_500_3000,442,58,114299,1.4231587954246308,2.8701665944163373,3.200718599440949,0.2647058823529412,0.48868778280542985,0.665158371040724,8.450284101648322,unavailable: saved per-pass bin means/covariances are absent,original_n10000,original,10k,10000,9980,Attentive CNP + PE,m2,matched_neural,2,101,500,20260909-phase3-original_n10000-m2-seed2-final-ctx-s101-n500-drop10100-mc50,6bb614174c644d23915980b83855f095b090b729c73f99b84fd0746fed02e8d9,77408bd0ebe8b5ec959e8badd511a395bbbf51e8eaa202680bef49528b067fce,False
figure1_1500_3000,242,58,43073,1.157902159143332,2.968568128823572,3.1806790600550414,0.2768595041322314,0.49586776859504134,0.6818181818181818,9.42379762621796,unavailable: saved per-pass bin means/covariances are absent,original_n10000,original,10k,10000,9980,Attentive CNP + PE,m2,matched_neural,2,101,500,20260909-phase3-original_n10000-m2-seed2-final-ctx-s101-n500-drop10100-mc50,6bb614174c644d23915980b83855f095b090b729c73f99b84fd0746fed02e8d9,77408bd0ebe8b5ec959e8badd511a395bbbf51e8eaa202680bef49528b067fce,False
full_500_3000,442,58,114299,1.6524394114685625,2.8773360237160053,3.315250773486625,0.23755656108597284,0.4683257918552036,0.6357466063348416,8.450284101648322,unavailable: saved per-pass bin means/covariances are absent,original_n10000,original,10k,10000,9980,Attentive CNP + PE,m2,matched_neural,2,102,500,20260909-phase3-original_n10000-m2-seed2-final-ctx-s102-n500-drop10100-mc50,b6ea0ca65fe92f09381311edc8d39046a2e749f1da79e88798818b44595a7fae,cae0c6dd63222df797221ed1841eb97f7869552fb0f166edd0c54e82b4ad8df8,False
figure1_1500_3000,242,58,43073,1.354621619326799,2.979946048182883,3.2677796196467135,0.256198347107438,0.4834710743801653,0.6611570247933884,9.42379762621796,unavailable: saved per-pass bin means/covariances are absent,original_n10000,original,10k,10000,9980,Attentive CNP + PE,m2,matched_neural,2,102,500,20260909-phase3-original_n10000-m2-seed2-final-ctx-s102-n500-drop10100-mc50,b6ea0ca65fe92f09381311edc8d39046a2e749f1da79e88798818b44595a7fae,cae0c6dd63222df797221ed1841eb97f7869552fb0f166edd0c54e82b4ad8df8,False
full_500_3000,442,58,114299,0.9451117413101283,2.922990415513484,3.0688400322277976,0.28054298642533937,0.5226244343891403,0.6855203619909502,8.450284101648322,unavailable: saved per-pass bin means/covariances are absent,original_n10000,original,10k,10000,9980,Attentive CNP + PE,m2,matched_neural,2,103,500,20260909-phase3-original_n10000-m2-seed2-final-ctx-s103-n500-drop10100-mc50,7f52e85a929271362d9d794d71a08ba72c28e38030be73794d15281fd28ca9d2,840d5310f93e23a0459b1ea22d180f031f6babff867e2a7c9506f6ceee1465c3,False
figure1_1500_3000,242,58,43073,0.6303215973686049,3.0436019847909295,3.10202182107427,0.2644628099173554,0.5247933884297521,0.6942148760330579,9.42379762621796,unavailable: saved per-pass bin means/covariances are absent,original_n10000,original,10k,10000,9980,Attentive CNP + PE,m2,matched_neural,2,103,500,20260909-phase3-original_n10000-m2-seed2-final-ctx-s103-n500-drop10100-mc50,7f52e85a929271362d9d794d71a08ba72c28e38030be73794d15281fd28ca9d2,840d5310f93e23a0459b1ea22d180f031f6babff867e2a7c9506f6ceee1465c3,False
full_500_3000,442,58,114299,1.200923466174278,2.90068472040554,3.136423581629452,0.25565610859728505,0.49547511312217196,0.6719457013574661,8.450284101648322,unavailable: saved per-pass bin means/covariances are absent,original_n10000,original,10k,10000,9980,Attentive CNP + PE,m2,matched_neural,2,104,500,20260909-phase3-original_n10000-m2-seed2-final-ctx-s104-n500-drop10100-mc50,43230e198ff80261a13fe8b13a7eae1585c0e777fe10ad82cc6174aa71b2c21e,f26eef599b4d50f8fee35ec4e12709ef8c3b95391a99f488ebe42132005bfc1a,False
figure1_1500_3000,242,58,43073,0.8940611384062713,3.0117465262517285,3.135678645619806,0.25206611570247933,0.5082644628099173,0.6859504132231405,9.42379762621796,unavailable: saved per-pass bin means/covariances are absent,original_n10000,original,10k,10000,9980,Attentive CNP + PE,m2,matched_neural,2,104,500,20260909-phase3-original_n10000-m2-seed2-final-ctx-s104-n500-drop10100-mc50,43230e198ff80261a13fe8b13a7eae1585c0e777fe10ad82cc6174aa71b2c21e,f26eef599b4d50f8fee35ec4e12709ef8c3b95391a99f488ebe42132005bfc1a,False
full_500_3000,442,58,114299,1.0127501802163108,2.9262953913998095,3.0934598557159645,0.2647058823529412,0.5113122171945701,0.6855203619909502,8.450284101648322,unavailable: saved per-pass bin means/covariances are absent,original_n10000,original,10k,10000,9980,Attentive CNP + PE,m2,matched_neural,2,105,500,20260909-phase3-original_n10000-m2-seed2-final-ctx-s105-n500-drop10100-mc50,62125e222ef1cf9f8b94cc6f80fd4c86b98f2eb955a32eb644bae2e5e40f873f,f2d23174ba2af67e6c9bfbb1660d983a04d6da2ed5da5d069943cde70ce27c4b,False
figure1_1500_3000,242,58,43073,0.6780851793475052,3.05271477562525,3.1209547366755537,0.26859504132231404,0.5206611570247934,0.6859504132231405,9.42379762621796,unavailable: saved per-pass bin means/covariances are absent,original_n10000,original,10k,10000,9980,Attentive CNP + PE,m2,matched_neural,2,105,500,20260909-phase3-original_n10000-m2-seed2-final-ctx-s105-n500-drop10100-mc50,62125e222ef1cf9f8b94cc6f80fd4c86b98f2eb955a32eb644bae2e5e40f873f,f2d23174ba2af67e6c9bfbb1660d983a04d6da2ed5da5d069943cde70ce27c4b,False
full_500_3000,442,58,114299,1.3332299863410362,2.890962620047035,3.180606596694601,0.2647058823529412,0.4841628959276018,0.665158371040724,8.450284101648322,unavailable: saved per-pass bin means/covariances are absent,original_n10000,original,10k,10000,9980,Attentive CNP + PE,m2,matched_neural,2,106,500,20260909-phase3-original_n10000-m2-seed2-final-ctx-s106-n500-drop10100-mc50,3aaf00323f35e097e73fbf76219169f0a43cab3729b2839fbf9ba208e436e043,51d018fb4e082a85083d38d3b3b8face726682ba9b3bfbe1709f9bbfcaf172ed,False
figure1_1500_3000,242,58,43073,1.0289335393331849,3.0005078687813804,3.1661568223139662,0.2768595041322314,0.5,0.6776859504132231,9.42379762621796,unavailable: saved per-pass bin means/covariances are absent,original_n10000,original,10k,10000,9980,Attentive CNP + PE,m2,matched_neural,2,106,500,20260909-phase3-original_n10000-m2-seed2-final-ctx-s106-n500-drop10100-mc50,3aaf00323f35e097e73fbf76219169f0a43cab3729b2839fbf9ba208e436e043,51d018fb4e082a85083d38d3b3b8face726682ba9b3bfbe1709f9bbfcaf172ed,False
full_500_3000,442,58,114299,1.0536247062584847,2.8990048084989026,3.0814509259194818,0.26244343891402716,0.5135746606334841,0.6832579185520362,8.450284101648322,unavailable: saved per-pass bin means/covariances are absent,original_n10000,original,10k,10000,9980,Attentive CNP + PE,m2,matched_neural,2,107,500,20260909-phase3-original_n10000-m2-seed2-final-ctx-s107-n500-drop10100-mc50,dd8bcea9301c1b03446a0f313747d78fab5edafdf4af944c697d947b87293bc3,67133cf847197ea6e68e4f103b70008f2ffc323a033a42ff9031cfe1136de555,False
figure1_1500_3000,242,58,43073,0.7632885158780623,3.0125549425788334,3.1017083400870034,0.25206611570247933,0.5206611570247934,0.6859504132231405,9.42379762621796,unavailable: saved per-pass bin means/covariances are absent,original_n10000,original,10k,10000,9980,Attentive CNP + PE,m2,matched_neural,2,107,500,20260909-phase3-original_n10000-m2-seed2-final-ctx-s107-n500-drop10100-mc50,dd8bcea9301c1b03446a0f313747d78fab5edafdf4af944c697d947b87293bc3,67133cf847197ea6e68e4f103b70008f2ffc323a033a42ff9031cfe1136de555,False
full_500_3000,442,58,114299,1.163837854586419,2.89837274239022,3.120268787050394,0.26244343891402716,0.5,0.6787330316742082,8.450284101648322,unavailable: saved per-pass bin means/covariances are absent,original_n10000,original,10k,10000,9980,Attentive CNP + PE,m2,matched_neural,2,108,500,20260909-phase3-original_n10000-m2-seed2-final-ctx-s108-n500-drop10100-mc50,0f9b86f10b0ab138ef9b234c11ee7bbee4b59be197ef5107413418449b5b8663,85835542d4ca4f8adbf31e6217dcc33fb670fb1ced4df7bc45348cd07b316608,False
figure1_1500_3000,242,58,43073,0.8679717483833872,3.0016708539882773,3.118681027511742,0.24793388429752067,0.5165289256198347,0.6983471074380165,9.42379762621796,unavailable: saved per-pass bin means/covariances are absent,original_n10000,original,10k,10000,9980,Attentive CNP + PE,m2,matched_neural,2,108,500,20260909-phase3-original_n10000-m2-seed2-final-ctx-s108-n500-drop10100-mc50,0f9b86f10b0ab138ef9b234c11ee7bbee4b59be197ef5107413418449b5b8663,85835542d4ca4f8adbf31e6217dcc33fb670fb1ced4df7bc45348cd07b316608,False
full_500_3000,442,58,114299,1.358581858871281,2.897846503644669,3.1975396986864415,0.26244343891402716,0.48642533936651583,0.6606334841628959,8.450284101648322,unavailable: saved per-pass bin means/covariances are absent,original_n10000,original,10k,10000,9980,Attentive CNP + PE,m2,matched_neural,2,109,500,20260909-phase3-original_n10000-m2-seed2-final-ctx-s109-n500-drop10100-mc50,ad11c7c598147121aead895c998173801b3b9e190d05b3e653241bb8212ab87d,c530f588ae389328f0cd84811c7073fd1b1f648136d0b47fc1fa3e3d7b73008c,False
figure1_1500_3000,242,58,43073,1.037376061880731,3.0147193822838294,3.182314586332374,0.2768595041322314,0.5082644628099173,0.6818181818181818,9.42379762621796,unavailable: saved per-pass bin means/covariances are absent,original_n10000,original,10k,10000,9980,Attentive CNP + PE,m2,matched_neural,2,109,500,20260909-phase3-original_n10000-m2-seed2-final-ctx-s109-n500-drop10100-mc50,ad11c7c598147121aead895c998173801b3b9e190d05b3e653241bb8212ab87d,c530f588ae389328f0cd84811c7073fd1b1f648136d0b47fc1fa3e3d7b73008c,False
full_500_3000,442,58,114299,0.5204240426192344,1.5833045114782929,1.6649392621603791,0.45248868778280543,0.7918552036199095,0.9502262443438914,8.450284101648322,unavailable: saved per-pass bin means/covariances are absent,original_n10000,original,10k,10000,9980,Density-guided CNP,ours,matched_neural,0,100,500,20260909-phase3-original_n10000-ours-seed0-final-ctx-s100-n500-drop10100-mc50,2fb008235dae2ce2331a332403e11b5cc9fa6b95a37611332235b5ff6dd308e1,281c804aa361440bda2abec57eba37c2e58efafa291dcc2a31916670f5ad8c4d,False
figure1_1500_3000,242,58,43073,0.4181922742867583,1.4128398665207198,1.470630086548609,0.45454545454545453,0.8223140495867769,0.9669421487603306,9.42379762621796,unavailable: saved per-pass bin means/covariances are absent,original_n10000,original,10k,10000,9980,Density-guided CNP,ours,matched_neural,0,100,500,20260909-phase3-original_n10000-ours-seed0-final-ctx-s100-n500-drop10100-mc50,2fb008235dae2ce2331a332403e11b5cc9fa6b95a37611332235b5ff6dd308e1,281c804aa361440bda2abec57eba37c2e58efafa291dcc2a31916670f5ad8c4d,False
full_500_3000,442,58,114299,0.5318573236718113,1.6501137838064386,1.7319316846927024,0.47285067873303166,0.8054298642533937,0.9434389140271493,8.450284101648322,unavailable: saved per-pass bin means/covariances are absent,original_n10000,original,10k,10000,9980,Density-guided CNP,ours,matched_neural,0,101,500,20260909-phase3-original_n10000-ours-seed0-final-ctx-s101-n500-drop10100-mc50,514410acb68d890df39ad678cf30ac199d967a00d689ee40d4bc1c6863802564,440e5ca10bdfddb86cf1c6db1eb7c35b04bd8317f0b98c669b302f274d07de69,False
figure1_1500_3000,242,58,43073,0.542123585708911,1.5512644695816644,1.6402364300490833,0.49173553719008267,0.8305785123966942,0.9586776859504132,9.42379762621796,unavailable: saved per-pass bin means/covariances are absent,original_n10000,original,10k,10000,9980,Density-guided CNP,ours,matched_neural,0,101,500,20260909-phase3-original_n10000-ours-seed0-final-ctx-s101-n500-drop10100-mc50,514410acb68d890df39ad678cf30ac199d967a00d689ee40d4bc1c6863802564,440e5ca10bdfddb86cf1c6db1eb7c35b04bd8317f0b98c669b302f274d07de69,False
full_500_3000,442,58,114299,0.5330981858267735,1.6147672262540747,1.6987547233470575,0.4638009049773756,0.8031674208144797,0.9457013574660633,8.450284101648322,unavailable: saved per-pass bin means/covariances are absent,original_n10000,original,10k,10000,9980,Density-guided CNP,ours,matched_neural,0,102,500,20260909-phase3-original_n10000-ours-seed0-final-ctx-s102-n500-drop10100-mc50,8b4318c4fb975add18ab73efc14491aa32d58b368f006e9981bff0ee58c4fe49,6379f6383cf4222f11b963893779ae735af7d16903bcd8081d5ebdf4416cb0c4,False
figure1_1500_3000,242,58,43073,0.49186159804451374,1.4531074559536563,1.5312491030657145,0.4793388429752066,0.8264462809917356,0.9586776859504132,9.42379762621796,unavailable: saved per-pass bin means/covariances are absent,original_n10000,original,10k,10000,9980,Density-guided CNP,ours,matched_neural,0,102,500,20260909-phase3-original_n10000-ours-seed0-final-ctx-s102-n500-drop10100-mc50,8b4318c4fb975add18ab73efc14491aa32d58b368f006e9981bff0ee58c4fe49,6379f6383cf4222f11b963893779ae735af7d16903bcd8081d5ebdf4416cb0c4,False
full_500_3000,442,58,114299,0.43932489269251435,1.5743949342134649,1.6328251001723322,0.4660633484162896,0.8031674208144797,0.9479638009049773,8.450284101648322,unavailable: saved per-pass bin means/covariances are absent,original_n10000,original,10k,10000,9980,Density-guided CNP,ours,matched_neural,0,103,500,20260909-phase3-original_n10000-ours-seed0-final-ctx-s103-n500-drop10100-mc50,d46297f948ffbbb68876201f940b1fc4920c5e2f751272bc1bd85cb1bc1ab59b,cee1473891087afd2fc833ee3ef5a3a0fc89569f1b00111283d3c04e479d6012,False
figure1_1500_3000,242,58,43073,0.4200326859669767,1.3932677105733735,1.4524465236362438,0.47107438016528924,0.8264462809917356,0.9710743801652892,9.42379762621796,unavailable: saved per-pass bin means/covariances are absent,original_n10000,original,10k,10000,9980,Density-guided CNP,ours,matched_neural,0,103,500,20260909-phase3-original_n10000-ours-seed0-final-ctx-s103-n500-drop10100-mc50,d46297f948ffbbb68876201f940b1fc4920c5e2f751272bc1bd85cb1bc1ab59b,cee1473891087afd2fc833ee3ef5a3a0fc89569f1b00111283d3c04e479d6012,False
full_500_3000,442,58,114299,0.5259265641126496,1.6098337611673115,1.6918333903768643,0.4660633484162896,0.8054298642533937,0.9434389140271493,8.450284101648322,unavailable: saved per-pass bin means/covariances are absent,original_n10000,original,10k,10000,9980,Density-guided CNP,ours,matched_neural,0,104,500,20260909-phase3-original_n10000-ours-seed0-final-ctx-s104-n500-drop10100-mc50,1115ce3a1db379e7b803a070c4e36684121417c712404ebb0b7ea7db7e1608b2,6f2120cde7f33e871fb9f5d963ea713059b2e208daf0115772f2afe521a7816e,False
figure1_1500_3000,242,58,43073,0.4767658508138221,1.4492503495946765,1.5228109590048688,0.4793388429752066,0.8305785123966942,0.9545454545454546,9.42379762621796,unavailable: saved per-pass bin means/covariances are absent,original_n10000,original,10k,10000,9980,Density-guided CNP,ours,matched_neural,0,104,500,20260909-phase3-original_n10000-ours-seed0-final-ctx-s104-n500-drop10100-mc50,1115ce3a1db379e7b803a070c4e36684121417c712404ebb0b7ea7db7e1608b2,6f2120cde7f33e871fb9f5d963ea713059b2e208daf0115772f2afe521a7816e,False
full_500_3000,442,58,114299,0.4200770118830126,1.6266698647251303,1.6782529592661974,0.4502262443438914,0.7895927601809954,0.9457013574660633,8.450284101648322,unavailable: saved per-pass bin means/covariances are absent,original_n10000,original,10k,10000,9980,Density-guided CNP,ours,matched_neural,0,105,500,20260909-phase3-original_n10000-ours-seed0-final-ctx-s105-n500-drop10100-mc50,64b9a11b4cec8a366ffac8985d8a73fbf598784e0d4245da08caca57d2432e0c,1d7826fbd4db45000b6cd34e8209c6ad2167df87ffa3446728f9f643266c6659,False
figure1_1500_3000,242,58,43073,0.2948581167742678,1.4840175511519698,1.5100162100100367,0.45454545454545453,0.8057851239669421,0.9628099173553719,9.42379762621796,unavailable: saved per-pass bin means/covariances are absent,original_n10000,original,10k,10000,9980,Density-guided CNP,ours,matched_neural,0,105,500,20260909-phase3-original_n10000-ours-seed0-final-ctx-s105-n500-drop10100-mc50,64b9a11b4cec8a366ffac8985d8a73fbf598784e0d4245da08caca57d2432e0c,1d7826fbd4db45000b6cd34e8209c6ad2167df87ffa3446728f9f643266c6659,False
full_500_3000,442,58,114299,0.4942511414868248,1.5902254509814742,1.663544369836419,0.4660633484162896,0.8076923076923077,0.9479638009049773,8.450284101648322,unavailable: saved per-pass bin means/covariances are absent,original_n10000,original,10k,10000,9980,Density-guided CNP,ours,matched_neural,0,106,500,20260909-phase3-original_n10000-ours-seed0-final-ctx-s106-n500-drop10100-mc50,4654bd02331ecd5b84ed61621afec744b1a1b6744a19f5347452c8cd5ed25239,0ded4e8cc66bdd7fea44fcc8ecb72b90f0248440e8a729140c6cf909a384d0f1,False
figure1_1500_3000,242,58,43073,0.41390181492556827,1.3942907487691791,1.4516639258823587,0.4834710743801653,0.8305785123966942,0.9628099173553719,9.42379762621796,unavailable: saved per-pass bin means/covariances are absent,original_n10000,original,10k,10000,9980,Density-guided CNP,ours,matched_neural,0,106,500,20260909-phase3-original_n10000-ours-seed0-final-ctx-s106-n500-drop10100-mc50,4654bd02331ecd5b84ed61621afec744b1a1b6744a19f5347452c8cd5ed25239,0ded4e8cc66bdd7fea44fcc8ecb72b90f0248440e8a729140c6cf909a384d0f1,False
full_500_3000,442,58,114299,0.48039549174294033,1.5980351430651476,1.666948861911671,0.4638009049773756,0.8031674208144797,0.9411764705882353,8.450284101648322,unavailable: saved per-pass bin means/covariances are absent,original_n10000,original,10k,10000,9980,Density-guided CNP,ours,matched_neural,0,107,500,20260909-phase3-original_n10000-ours-seed0-final-ctx-s107-n500-drop10100-mc50,33145965cb384709d45aecd59e097607a65c08a8c6c1a3ee47e6049a3685efe0,10d8babc634908c0e0f5304a2238ba800566256490b52d5d991fdb3ae8033a2d,False
figure1_1500_3000,242,58,43073,0.4594435824674252,1.4408998269998743,1.5095368196392789,0.4793388429752066,0.8305785123966942,0.9545454545454546,9.42379762621796,unavailable: saved per-pass bin means/covariances are absent,original_n10000,original,10k,10000,9980,Density-guided CNP,ours,matched_neural,0,107,500,20260909-phase3-original_n10000-ours-seed0-final-ctx-s107-n500-drop10100-mc50,33145965cb384709d45aecd59e097607a65c08a8c6c1a3ee47e6049a3685efe0,10d8babc634908c0e0f5304a2238ba800566256490b52d5d991fdb3ae8033a2d,False
full_500_3000,442,58,114299,0.45807479540429846,1.624973723481736,1.686534330718778,0.47058823529411764,0.8031674208144797,0.9411764705882353,8.450284101648322,unavailable: saved per-pass bin means/covariances are absent,original_n10000,original,10k,10000,9980,Density-guided CNP,ours,matched_neural,0,108,500,20260909-phase3-original_n10000-ours-seed0-final-ctx-s108-n500-drop10100-mc50,6d274f01dd2c1d6e66a8521d45b795419199c581a50b2f43f71d3949946d54e6,cedc61ffed94d7d4e64baa008ff8656026e6201d9049494f6700fb0e0bf58530,False
figure1_1500_3000,242,58,43073,0.49786966633686214,1.4928746194082698,1.5707766978909656,0.48760330578512395,0.8305785123966942,0.9586776859504132,9.42379762621796,unavailable: saved per-pass bin means/covariances are absent,original_n10000,original,10k,10000,9980,Density-guided CNP,ours,matched_neural,0,108,500,20260909-phase3-original_n10000-ours-seed0-final-ctx-s108-n500-drop10100-mc50,6d274f01dd2c1d6e66a8521d45b795419199c581a50b2f43f71d3949946d54e6,cedc61ffed94d7d4e64baa008ff8656026e6201d9049494f6700fb0e0bf58530,False
full_500_3000,442,58,114299,0.5597036616366635,1.634295369846469,1.7257307832491082,0.47058823529411764,0.7986425339366516,0.9502262443438914,8.450284101648322,unavailable: saved per-pass bin means/covariances are absent,original_n10000,original,10k,10000,9980,Density-guided CNP,ours,matched_neural,0,109,500,20260909-phase3-original_n10000-ours-seed0-final-ctx-s109-n500-drop10100-mc50,ae9249ca71d32cd906f5949ee3d0e48f6a045e9e8d014836d0276568d72aafb9,376154ec8155070446d4a5c89f90a418fef32f07168657f152555a8df564c7cb,False
figure1_1500_3000,242,58,43073,0.4070688162487004,1.38129145691424,1.437284576106642,0.4793388429752066,0.8264462809917356,0.9669421487603306,9.42379762621796,unavailable: saved per-pass bin means/covariances are absent,original_n10000,original,10k,10000,9980,Density-guided CNP,ours,matched_neural,0,109,500,20260909-phase3-original_n10000-ours-seed0-final-ctx-s109-n500-drop10100-mc50,ae9249ca71d32cd906f5949ee3d0e48f6a045e9e8d014836d0276568d72aafb9,376154ec8155070446d4a5c89f90a418fef32f07168657f152555a8df564c7cb,False
full_500_3000,442,58,114299,0.5597363557205806,1.7528099295543451,1.8381230741141934,0.47285067873303166,0.7873303167420814,0.9457013574660633,8.450284101648322,unavailable: saved per-pass bin means/covariances are absent,original_n10000,original,10k,10000,9980,Density-guided CNP,ours,matched_neural,1,100,500,20260909-phase3-original_n10000-ours-seed1-final-ctx-s100-n500-drop10100-mc50,0058840b2466bdbf07f4966957e7fcb8ebf408f786cab21fce1994c9a22df03f,cec4de68adaa11b30545b1cd27fb24b71a2332f7336a644ecda5262e0b347238,False
figure1_1500_3000,242,58,43073,0.1677585161445537,1.350976070436439,1.3585791757996573,0.5041322314049587,0.8553719008264463,0.9793388429752066,9.42379762621796,unavailable: saved per-pass bin means/covariances are absent,original_n10000,original,10k,10000,9980,Density-guided CNP,ours,matched_neural,1,100,500,20260909-phase3-original_n10000-ours-seed1-final-ctx-s100-n500-drop10100-mc50,0058840b2466bdbf07f4966957e7fcb8ebf408f786cab21fce1994c9a22df03f,cec4de68adaa11b30545b1cd27fb24b71a2332f7336a644ecda5262e0b347238,False
full_500_3000,442,58,114299,0.5865504470444403,1.8923546412941654,1.979127507672542,0.5,0.7895927601809954,0.9276018099547512,8.450284101648322,unavailable: saved per-pass bin means/covariances are absent,original_n10000,original,10k,10000,9980,Density-guided CNP,ours,matched_neural,1,101,500,20260909-phase3-original_n10000-ours-seed1-final-ctx-s101-n500-drop10100-mc50,1c076a9acd294b3cf9c981fa977ebbcb6d89c9669af424f474d1e1030a526bb1,a0434cbeaba9928cceee0a670163ed12e726484ba244140566034d1a7b5a2332,False
figure1_1500_3000,242,58,43073,0.31155996523461865,1.7286044042563888,1.7529390715282618,0.5454545454545454,0.8347107438016529,0.9462809917355371,9.42379762621796,unavailable: saved per-pass bin means/covariances are absent,original_n10000,original,10k,10000,9980,Density-guided CNP,ours,matched_neural,1,101,500,20260909-phase3-original_n10000-ours-seed1-final-ctx-s101-n500-drop10100-mc50,1c076a9acd294b3cf9c981fa977ebbcb6d89c9669af424f474d1e1030a526bb1,a0434cbeaba9928cceee0a670163ed12e726484ba244140566034d1a7b5a2332,False
full_500_3000,442,58,114299,0.5540036033761425,1.8818568274893257,1.9596665349478242,0.49547511312217196,0.7941176470588235,0.9276018099547512,8.450284101648322,unavailable: saved per-pass bin means/covariances are absent,original_n10000,original,10k,10000,9980,Density-guided CNP,ours,matched_neural,1,102,500,20260909-phase3-original_n10000-ours-seed1-final-ctx-s102-n500-drop10100-mc50,c6fb7de73a8f781ca1141661e5bb2637587b64c8b1ff55cf5c35a35e76b44f6c,3ba7d8095a6e282d6bb72dbe548fc8ebc4aa0ea7a6e1b786e5b529f9d39f2e6e,False
figure1_1500_3000,242,58,43073,0.2130101547653054,1.5035447068104675,1.515479625789169,0.5330578512396694,0.8512396694214877,0.9669421487603306,9.42379762621796,unavailable: saved per-pass bin means/covariances are absent,original_n10000,original,10k,10000,9980,Density-guided CNP,ours,matched_neural,1,102,500,20260909-phase3-original_n10000-ours-seed1-final-ctx-s102-n500-drop10100-mc50,c6fb7de73a8f781ca1141661e5bb2637587b64c8b1ff55cf5c35a35e76b44f6c,3ba7d8095a6e282d6bb72dbe548fc8ebc4aa0ea7a6e1b786e5b529f9d39f2e6e,False
full_500_3000,442,58,114299,0.3921818801199023,1.6645180540818674,1.7082618674023424,0.47737556561085975,0.8031674208144797,0.9479638009049773,8.450284101648322,unavailable: saved per-pass bin means/covariances are absent,original_n10000,original,10k,10000,9980,Density-guided CNP,ours,matched_neural,1,103,500,20260909-phase3-original_n10000-ours-seed1-final-ctx-s103-n500-drop10100-mc50,51b018bc17498a7c11956edb3dc796d794fbf54924911c1b922c0d026dc229c5,8ad3727e851ed15bfa67a191e7202ff40affea0bbaa4a241d9c05e7cc7470784,False
figure1_1500_3000,242,58,43073,0.074053636455118,1.3638632562505348,1.3630555616776097,0.512396694214876,0.8553719008264463,0.9710743801652892,9.42379762621796,unavailable: saved per-pass bin means/covariances are absent,original_n10000,original,10k,10000,9980,Density-guided CNP,ours,matched_neural,1,103,500,20260909-phase3-original_n10000-ours-seed1-final-ctx-s103-n500-drop10100-mc50,51b018bc17498a7c11956edb3dc796d794fbf54924911c1b922c0d026dc229c5,8ad3727e851ed15bfa67a191e7202ff40affea0bbaa4a241d9c05e7cc7470784,False
full_500_3000,442,58,114299,0.5941263458450535,1.9219675028217376,2.0096238014219363,0.47058823529411764,0.7805429864253394,0.9140271493212669,8.450284101648322,unavailable: saved per-pass bin means/covariances are absent,original_n10000,original,10k,10000,9980,Density-guided CNP,ours,matched_neural,1,104,500,20260909-phase3-original_n10000-ours-seed1-final-ctx-s104-n500-drop10100-mc50,ea3257c04a89f54d548afcba1b5452231b0d3045941ce298b7ff45521a7a5e19,e0e17ff811db5d005f0e7f2e9c571dcd63878e78e9867b19b8f1f5845a8a7f0e,False
figure1_1500_3000,242,58,43073,0.23186213025770894,1.6188898899504764,1.632095203310891,0.5082644628099173,0.8429752066115702,0.9421487603305785,9.42379762621796,unavailable: saved per-pass bin means/covariances are absent,original_n10000,original,10k,10000,9980,Density-guided CNP,ours,matched_neural,1,104,500,20260909-phase3-original_n10000-ours-seed1-final-ctx-s104-n500-drop10100-mc50,ea3257c04a89f54d548afcba1b5452231b0d3045941ce298b7ff45521a7a5e19,e0e17ff811db5d005f0e7f2e9c571dcd63878e78e9867b19b8f1f5845a8a7f0e,False
full_500_3000,442,58,114299,0.4561782644755409,1.7966237571862045,1.8516621425476973,0.4796380090497738,0.7941176470588235,0.9389140271493213,8.450284101648322,unavailable: saved per-pass bin means/covariances are absent,original_n10000,original,10k,10000,9980,Density-guided CNP,ours,matched_neural,1,105,500,20260909-phase3-original_n10000-ours-seed1-final-ctx-s105-n500-drop10100-mc50,8b1196c5a668e25b98fa3f9be20e79756a3e1362de22037b2890db9ea759d801,cb3767485de77d997eae203fa2b58b9eef319ac16769e4373459129ca72eee8a,False
figure1_1500_3000,242,58,43073,0.04895300428744968,1.3749712455284004,1.3730004185762765,0.5082644628099173,0.8553719008264463,0.9752066115702479,9.42379762621796,unavailable: saved per-pass bin means/covariances are absent,original_n10000,original,10k,10000,9980,Density-guided CNP,ours,matched_neural,1,105,500,20260909-phase3-original_n10000-ours-seed1-final-ctx-s105-n500-drop10100-mc50,8b1196c5a668e25b98fa3f9be20e79756a3e1362de22037b2890db9ea759d801,cb3767485de77d997eae203fa2b58b9eef319ac16769e4373459129ca72eee8a,False
full_500_3000,442,58,114299,0.49229832192802936,1.8737265693979477,1.935268919879057,0.48642533936651583,0.7941176470588235,0.9253393665158371,8.450284101648322,unavailable: saved per-pass bin means/covariances are absent,original_n10000,original,10k,10000,9980,Density-guided CNP,ours,matched_neural,1,106,500,20260909-phase3-original_n10000-ours-seed1-final-ctx-s106-n500-drop10100-mc50,5827ea889b9967e6d10cf655482a64e1f943e36cb8623034ed13cd77771115dd,03b86bc4576ee2561d237ee32c4341054efb2d30cd9facfeb1eec55b61ee8eb2,False
figure1_1500_3000,242,58,43073,0.08915070391188418,1.4141572201201307,1.414045503834676,0.5206611570247934,0.8512396694214877,0.9669421487603306,9.42379762621796,unavailable: saved per-pass bin means/covariances are absent,original_n10000,original,10k,10000,9980,Density-guided CNP,ours,matched_neural,1,106,500,20260909-phase3-original_n10000-ours-seed1-final-ctx-s106-n500-drop10100-mc50,5827ea889b9967e6d10cf655482a64e1f943e36cb8623034ed13cd77771115dd,03b86bc4576ee2561d237ee32c4341054efb2d30cd9facfeb1eec55b61ee8eb2,False
full_500_3000,442,58,114299,0.48655856033113987,1.8220489332165903,1.8839030089031854,0.5,0.7986425339366516,0.9298642533936652,8.450284101648322,unavailable: saved per-pass bin means/covariances are absent,original_n10000,original,10k,10000,9980,Density-guided CNP,ours,matched_neural,1,107,500,20260909-phase3-original_n10000-ours-seed1-final-ctx-s107-n500-drop10100-mc50,315db148d193b0c572ee9b52cae454c1a801839f735546316c5d9df463176f89,2fe45d5ab557d2a376c30deb0ecfa3f7cc8d415203387d39a2a4def624508618,False
figure1_1500_3000,242,58,43073,0.1610085769063335,1.549930594192165,1.5550825739370318,0.5371900826446281,0.8429752066115702,0.9504132231404959,9.42379762621796,unavailable: saved per-pass bin means/covariances are absent,original_n10000,original,10k,10000,9980,Density-guided CNP,ours,matched_neural,1,107,500,20260909-phase3-original_n10000-ours-seed1-final-ctx-s107-n500-drop10100-mc50,315db148d193b0c572ee9b52cae454c1a801839f735546316c5d9df463176f89,2fe45d5ab557d2a376c30deb0ecfa3f7cc8d415203387d39a2a4def624508618,False
full_500_3000,442,58,114299,0.44131836752111997,1.7499371911437938,1.802807210650749,0.49547511312217196,0.7986425339366516,0.9389140271493213,8.450284101648322,unavailable: saved per-pass bin means/covariances are absent,original_n10000,original,10k,10000,9980,Density-guided CNP,ours,matched_neural,1,108,500,20260909-phase3-original_n10000-ours-seed1-final-ctx-s108-n500-drop10100-mc50,a2e4384cd151d31e64ff3f2d3fb7a8de8fe1c917a9c3af8c17c1297a71869ea6,4ae136997bd985bd61fcd97d888b11c54339629c0a7bd6702a74edc525af065b,False
figure1_1500_3000,242,58,43073,0.2111153914289074,1.5882705572572853,1.5989837681194567,0.5247933884297521,0.8429752066115702,0.9545454545454546,9.42379762621796,unavailable: saved per-pass bin means/covariances are absent,original_n10000,original,10k,10000,9980,Density-guided CNP,ours,matched_neural,1,108,500,20260909-phase3-original_n10000-ours-seed1-final-ctx-s108-n500-drop10100-mc50,a2e4384cd151d31e64ff3f2d3fb7a8de8fe1c917a9c3af8c17c1297a71869ea6,4ae136997bd985bd61fcd97d888b11c54339629c0a7bd6702a74edc525af065b,False
full_500_3000,442,58,114299,0.5972341075122515,2.029118692251801,2.1129827346117183,0.47285067873303166,0.7669683257918553,0.916289592760181,8.450284101648322,unavailable: saved per-pass bin means/covariances are absent,original_n10000,original,10k,10000,9980,Density-guided CNP,ours,matched_neural,1,109,500,20260909-phase3-original_n10000-ours-seed1-final-ctx-s109-n500-drop10100-mc50,454656b76734b95a31819507f958c2f05c92fa171bcae0ce02ae5ab7dbb11cff,f33ba4659e829aad3ca775b6c088fbfb9b4e058c5c545b3e6a9ca66312caef1a,False
figure1_1500_3000,242,58,43073,0.08745652268667736,1.3899993943055835,1.3898788012595882,0.5082644628099173,0.8471074380165289,0.9752066115702479,9.42379762621796,unavailable: saved per-pass bin means/covariances are absent,original_n10000,original,10k,10000,9980,Density-guided CNP,ours,matched_neural,1,109,500,20260909-phase3-original_n10000-ours-seed1-final-ctx-s109-n500-drop10100-mc50,454656b76734b95a31819507f958c2f05c92fa171bcae0ce02ae5ab7dbb11cff,f33ba4659e829aad3ca775b6c088fbfb9b4e058c5c545b3e6a9ca66312caef1a,False
full_500_3000,442,58,114299,-0.08370107454897484,1.6207759012458889,1.6211036815747026,0.49095022624434387,0.8416289592760181,0.9411764705882353,8.450284101648322,unavailable: saved per-pass bin means/covariances are absent,original_n10000,original,10k,10000,9980,Density-guided CNP,ours,matched_neural,2,100,500,20260909-phase3-original_n10000-ours-seed2-final-ctx-s100-n500-drop10100-mc50,72054e99e0cefaef04b0951fd8c74d5f88a91e41e78edbdc4d9047f418e15aaf,a75962b03a3cbb3c22a09c3ee62e3bf157346fa83f64713570fce544afc79098,False
figure1_1500_3000,242,58,43073,-0.33942079957555704,1.422926722240854,1.4599864117838504,0.5,0.8760330578512396,0.9669421487603306,9.42379762621796,unavailable: saved per-pass bin means/covariances are absent,original_n10000,original,10k,10000,9980,Density-guided CNP,ours,matched_neural,2,100,500,20260909-phase3-original_n10000-ours-seed2-final-ctx-s100-n500-drop10100-mc50,72054e99e0cefaef04b0951fd8c74d5f88a91e41e78edbdc4d9047f418e15aaf,a75962b03a3cbb3c22a09c3ee62e3bf157346fa83f64713570fce544afc79098,False
full_500_3000,442,58,114299,-0.0962508352951809,1.6447996461901186,1.6457549520283687,0.4660633484162896,0.830316742081448,0.9479638009049773,8.450284101648322,unavailable: saved per-pass bin means/covariances are absent,original_n10000,original,10k,10000,9980,Density-guided CNP,ours,matched_neural,2,101,500,20260909-phase3-original_n10000-ours-seed2-final-ctx-s101-n500-drop10100-mc50,f913f49f0ee022e73e2d029f12bbacce983624b2e8cbd3940fc6f089a12984fa,f8cae4b859671566da5ff0e172390c390c03530ced8f7be775f54b411c8a98db,False
figure1_1500_3000,242,58,43073,-0.21090412927513882,1.5065636924848238,1.5181685164974148,0.4793388429752066,0.8471074380165289,0.9669421487603306,9.42379762621796,unavailable: saved per-pass bin means/covariances are absent,original_n10000,original,10k,10000,9980,Density-guided CNP,ours,matched_neural,2,101,500,20260909-phase3-original_n10000-ours-seed2-final-ctx-s101-n500-drop10100-mc50,f913f49f0ee022e73e2d029f12bbacce983624b2e8cbd3940fc6f089a12984fa,f8cae4b859671566da5ff0e172390c390c03530ced8f7be775f54b411c8a98db,False
full_500_3000,442,58,114299,-0.0933870374214832,1.6600904298223207,1.6608390366139087,0.49095022624434387,0.8416289592760181,0.9434389140271493,8.450284101648322,unavailable: saved per-pass bin means/covariances are absent,original_n10000,original,10k,10000,9980,Density-guided CNP,ours,matched_neural,2,102,500,20260909-phase3-original_n10000-ours-seed2-final-ctx-s102-n500-drop10100-mc50,716903161b6c404dbb1f8abc6cae95687c90caad4d0ea0974e66d241bd834947,3c70c488ec06768969321dafe035d7a4e6e62adb9527e493f27f55d82d17efea,False
figure1_1500_3000,242,58,43073,-0.2729748143703303,1.419332407685026,1.4424615537661027,0.5,0.8677685950413223,0.9710743801652892,9.42379762621796,unavailable: saved per-pass bin means/covariances are absent,original_n10000,original,10k,10000,9980,Density-guided CNP,ours,matched_neural,2,102,500,20260909-phase3-original_n10000-ours-seed2-final-ctx-s102-n500-drop10100-mc50,716903161b6c404dbb1f8abc6cae95687c90caad4d0ea0974e66d241bd834947,3c70c488ec06768969321dafe035d7a4e6e62adb9527e493f27f55d82d17efea,False
full_500_3000,442,58,114299,-0.24015783981452893,1.5965357072768482,1.6127105292428412,0.47285067873303166,0.8257918552036199,0.9457013574660633,8.450284101648322,unavailable: saved per-pass bin means/covariances are absent,original_n10000,original,10k,10000,9980,Density-guided CNP,ours,matched_neural,2,103,500,20260909-phase3-original_n10000-ours-seed2-final-ctx-s103-n500-drop10100-mc50,a194ef25ff7e4404243a1628aa964448c0d0371a6e32a99cf16d89e4cef4c1bb,e08f0af5b79baad82d40d505b9e3262913e30b088e655d5329dcd564a08b19b8,False
figure1_1500_3000,242,58,43073,-0.4237323978263494,1.4468609594351076,1.5047608913913129,0.4793388429752066,0.8429752066115702,0.9628099173553719,9.42379762621796,unavailable: saved per-pass bin means/covariances are absent,original_n10000,original,10k,10000,9980,Density-guided CNP,ours,matched_neural,2,103,500,20260909-phase3-original_n10000-ours-seed2-final-ctx-s103-n500-drop10100-mc50,a194ef25ff7e4404243a1628aa964448c0d0371a6e32a99cf16d89e4cef4c1bb,e08f0af5b79baad82d40d505b9e3262913e30b088e655d5329dcd564a08b19b8,False
full_500_3000,442,58,114299,-0.09197455468943169,1.6621050770332166,1.6627694953760512,0.48642533936651583,0.832579185520362,0.9457013574660633,8.450284101648322,unavailable: saved per-pass bin means/covariances are absent,original_n10000,original,10k,10000,9980,Density-guided CNP,ours,matched_neural,2,104,500,20260909-phase3-original_n10000-ours-seed2-final-ctx-s104-n500-drop10100-mc50,809bfd8bdef7781dfa997f74e3398597ad86fd732c90fab0a8ad5663fe2aa83d,e559f4d69c8aeec933b739a53eb187a32765e58aacd0309979c127c6ef5b655f,False
figure1_1500_3000,242,58,43073,-0.2676550754525624,1.4471477286605645,1.4687484188749091,0.5,0.8512396694214877,0.9710743801652892,9.42379762621796,unavailable: saved per-pass bin means/covariances are absent,original_n10000,original,10k,10000,9980,Density-guided CNP,ours,matched_neural,2,104,500,20260909-phase3-original_n10000-ours-seed2-final-ctx-s104-n500-drop10100-mc50,809bfd8bdef7781dfa997f74e3398597ad86fd732c90fab0a8ad5663fe2aa83d,e559f4d69c8aeec933b739a53eb187a32765e58aacd0309979c127c6ef5b655f,False
full_500_3000,442,58,114299,-0.20078508015409358,1.6797830016071238,1.6898525704962377,0.4638009049773756,0.8235294117647058,0.9411764705882353,8.450284101648322,unavailable: saved per-pass bin means/covariances are absent,original_n10000,original,10k,10000,9980,Density-guided CNP,ours,matched_neural,2,105,500,20260909-phase3-original_n10000-ours-seed2-final-ctx-s105-n500-drop10100-mc50,88e66571af028a8bf6d761eb47aa4a2defaefb9cefd28b93f25b5fdead9067c2,473c1b12de04b94e441c03bd9bf074991e1455574c1ebd6e868c2c216137d011,False
figure1_1500_3000,242,58,43073,-0.46298489834827994,1.4951784025953923,1.562266183090601,0.4628099173553719,0.8429752066115702,0.9628099173553719,9.42379762621796,unavailable: saved per-pass bin means/covariances are absent,original_n10000,original,10k,10000,9980,Density-guided CNP,ours,matched_neural,2,105,500,20260909-phase3-original_n10000-ours-seed2-final-ctx-s105-n500-drop10100-mc50,88e66571af028a8bf6d761eb47aa4a2defaefb9cefd28b93f25b5fdead9067c2,473c1b12de04b94e441c03bd9bf074991e1455574c1ebd6e868c2c216137d011,False
full_500_3000,442,58,114299,-0.12950293689284198,1.6729767002421152,1.6760936155376087,0.49547511312217196,0.8371040723981901,0.9479638009049773,8.450284101648322,unavailable: saved per-pass bin means/covariances are absent,original_n10000,original,10k,10000,9980,Density-guided CNP,ours,matched_neural,2,106,500,20260909-phase3-original_n10000-ours-seed2-final-ctx-s106-n500-drop10100-mc50,79da7ecef321eaa11ddcd68433ee0f1dc9ec20236ce5ff1bceea858ce9229710,fc092b5006742087c6c40071d1be1f529062c7cad5b26753b9638e2431767848,False
figure1_1500_3000,242,58,43073,-0.3525931199369911,1.406302855550671,1.4470098017790913,0.5041322314049587,0.859504132231405,0.9752066115702479,9.42379762621796,unavailable: saved per-pass bin means/covariances are absent,original_n10000,original,10k,10000,9980,Density-guided CNP,ours,matched_neural,2,106,500,20260909-phase3-original_n10000-ours-seed2-final-ctx-s106-n500-drop10100-mc50,79da7ecef321eaa11ddcd68433ee0f1dc9ec20236ce5ff1bceea858ce9229710,fc092b5006742087c6c40071d1be1f529062c7cad5b26753b9638e2431767848,False
full_500_3000,442,58,114299,-0.19589787367982475,1.648121860462367,1.6578709708273351,0.4660633484162896,0.8280542986425339,0.9434389140271493,8.450284101648322,unavailable: saved per-pass bin means/covariances are absent,original_n10000,original,10k,10000,9980,Density-guided CNP,ours,matched_neural,2,107,500,20260909-phase3-original_n10000-ours-seed2-final-ctx-s107-n500-drop10100-mc50,342b8989d9aea75c3ed89b9b2eeeb65abf874ae23bcfd6437f7e9bcd4d24a556,2b9ebbce67bb19e055622e17d147412f7c1f3682cbebeaf7e5bd6a840f32d88d,False
figure1_1500_3000,242,58,43073,-0.37661283251350197,1.485462817740261,1.5294831897022114,0.4628099173553719,0.8429752066115702,0.9628099173553719,9.42379762621796,unavailable: saved per-pass bin means/covariances are absent,original_n10000,original,10k,10000,9980,Density-guided CNP,ours,matched_neural,2,107,500,20260909-phase3-original_n10000-ours-seed2-final-ctx-s107-n500-drop10100-mc50,342b8989d9aea75c3ed89b9b2eeeb65abf874ae23bcfd6437f7e9bcd4d24a556,2b9ebbce67bb19e055622e17d147412f7c1f3682cbebeaf7e5bd6a840f32d88d,False
full_500_3000,442,58,114299,-0.19555002045627656,1.5917272160287714,1.6019061221441429,0.4841628959276018,0.8371040723981901,0.9457013574660633,8.450284101648322,unavailable: saved per-pass bin means/covariances are absent,original_n10000,original,10k,10000,9980,Density-guided CNP,ours,matched_neural,2,108,500,20260909-phase3-original_n10000-ours-seed2-final-ctx-s108-n500-drop10100-mc50,67b4dc012c891d7d37a9910fe9a3c22e781b2eff49728465f9662d0970a63678,57782d646e9cf49cac87cb5dc72f8d445d2e26de95e5b562cbb5158f6ed07f8a,False
figure1_1500_3000,242,58,43073,-0.27539962773780025,1.457190865528014,1.4800255983619803,0.5,0.859504132231405,0.9669421487603306,9.42379762621796,unavailable: saved per-pass bin means/covariances are absent,original_n10000,original,10k,10000,9980,Density-guided CNP,ours,matched_neural,2,108,500,20260909-phase3-original_n10000-ours-seed2-final-ctx-s108-n500-drop10100-mc50,67b4dc012c891d7d37a9910fe9a3c22e781b2eff49728465f9662d0970a63678,57782d646e9cf49cac87cb5dc72f8d445d2e26de95e5b562cbb5158f6ed07f8a,False
full_500_3000,442,58,114299,-0.087837152799505,1.806619790645373,1.8067114049096311,0.47285067873303166,0.8235294117647058,0.9434389140271493,8.450284101648322,unavailable: saved per-pass bin means/covariances are absent,original_n10000,original,10k,10000,9980,Density-guided CNP,ours,matched_neural,2,109,500,20260909-phase3-original_n10000-ours-seed2-final-ctx-s109-n500-drop10100-mc50,504c41e1713f65a15359a0b8d6827e564c19322f9021af58b4adfb7e5e6f1532,4bccbf2cc5b1bf9dba077a57db010050d648b0626ea823581f455bbf1086ae1a,False
figure1_1500_3000,242,58,43073,-0.4251504299599299,1.4576457513380612,1.515488087633853,0.47520661157024796,0.8429752066115702,0.9669421487603306,9.42379762621796,unavailable: saved per-pass bin means/covariances are absent,original_n10000,original,10k,10000,9980,Density-guided CNP,ours,matched_neural,2,109,500,20260909-phase3-original_n10000-ours-seed2-final-ctx-s109-n500-drop10100-mc50,504c41e1713f65a15359a0b8d6827e564c19322f9021af58b4adfb7e5e6f1532,4bccbf2cc5b1bf9dba077a57db010050d648b0626ea823581f455bbf1086ae1a,False
full_500_3000,442,58,114299,-1.4943167914324331,4.580402598102377,4.813066005313597,0.416289592760181,0.7352941176470589,0.8642533936651584,8.450284101648322,unavailable: saved per-pass bin means/covariances are absent,seed20260910_n5000,seed20260910,5k,5000,4981,CNP,m0,matched_neural,0,100,500,20260909-phase3-seed20260910_n5000-m0-seed0-final-ctx-s100-n500-drop10100-mc50,8ddf80d36757a328fe79fd6f49b5054cc4021835f40adecf8a37eb1410d302a5,fea8131a35ac9ab85d02e7793227e7586c8aaa7ac5f4678f93971024a32abb47,False
figure1_1500_3000,242,58,43073,-1.1881315527547613,3.373453331693569,3.5699885714208284,0.3760330578512397,0.7024793388429752,0.859504132231405,9.42379762621796,unavailable: saved per-pass bin means/covariances are absent,seed20260910_n5000,seed20260910,5k,5000,4981,CNP,m0,matched_neural,0,100,500,20260909-phase3-seed20260910_n5000-m0-seed0-final-ctx-s100-n500-drop10100-mc50,8ddf80d36757a328fe79fd6f49b5054cc4021835f40adecf8a37eb1410d302a5,fea8131a35ac9ab85d02e7793227e7586c8aaa7ac5f4678f93971024a32abb47,False
full_500_3000,442,58,114299,-1.434465272419801,4.530720199006399,4.747491337566997,0.4230769230769231,0.748868778280543,0.8733031674208145,8.450284101648322,unavailable: saved per-pass bin means/covariances are absent,seed20260910_n5000,seed20260910,5k,5000,4981,CNP,m0,matched_neural,0,101,500,20260909-phase3-seed20260910_n5000-m0-seed0-final-ctx-s101-n500-drop10100-mc50,aa8756d5726623061dca854fdb98901c588a4d53c214c84685c481011b8d7936,95439db572e3341e64c187842eb38a67ad04c0bfecd2083083f1ad060a1e2ba1,False
figure1_1500_3000,242,58,43073,-1.141367338164738,3.3504612298373058,3.5329765235371373,0.384297520661157,0.7107438016528925,0.8677685950413223,9.42379762621796,unavailable: saved per-pass bin means/covariances are absent,seed20260910_n5000,seed20260910,5k,5000,4981,CNP,m0,matched_neural,0,101,500,20260909-phase3-seed20260910_n5000-m0-seed0-final-ctx-s101-n500-drop10100-mc50,aa8756d5726623061dca854fdb98901c588a4d53c214c84685c481011b8d7936,95439db572e3341e64c187842eb38a67ad04c0bfecd2083083f1ad060a1e2ba1,False
full_500_3000,442,58,114299,-1.4657663286770435,4.562655912421011,4.787400207300046,0.42081447963800905,0.7420814479638009,0.8665158371040724,8.450284101648322,unavailable: saved per-pass bin means/covariances are absent,seed20260910_n5000,seed20260910,5k,5000,4981,CNP,m0,matched_neural,0,102,500,20260909-phase3-seed20260910_n5000-m0-seed0-final-ctx-s102-n500-drop10100-mc50,e887868abf1e4c507b1086bc40dc1242ef3fe4139346135acdc974ae25b5c771,82924ef2aa338522eeb643ed9cd036429ececd0c49a1c142460ece3b65b6223e,False
figure1_1500_3000,242,58,43073,-1.1608136810146796,3.3610066893018424,3.5492499446161725,0.384297520661157,0.7107438016528925,0.8636363636363636,9.42379762621796,unavailable: saved per-pass bin means/covariances are absent,seed20260910_n5000,seed20260910,5k,5000,4981,CNP,m0,matched_neural,0,102,500,20260909-phase3-seed20260910_n5000-m0-seed0-final-ctx-s102-n500-drop10100-mc50,e887868abf1e4c507b1086bc40dc1242ef3fe4139346135acdc974ae25b5c771,82924ef2aa338522eeb643ed9cd036429ececd0c49a1c142460ece3b65b6223e,False
full_500_3000,442,58,114299,-1.5231600806917098,4.568392360114825,4.810718004674521,0.4095022624434389,0.7285067873303167,0.8665158371040724,8.450284101648322,unavailable: saved per-pass bin means/covariances are absent,seed20260910_n5000,seed20260910,5k,5000,4981,CNP,m0,matched_neural,0,103,500,20260909-phase3-seed20260910_n5000-m0-seed0-final-ctx-s103-n500-drop10100-mc50,02ef7c86338fb06bcd711034c44230bc007c8fefc01a8693e23ff927c6c794da,f4e56a8cf97cf31d035d013aa8f9e0c8b4a0a14b1939280bb74791b29622cd2a,False
figure1_1500_3000,242,58,43073,-1.241157313230742,3.394032240846914,3.607260078645206,0.3677685950413223,0.6900826446280992,0.8636363636363636,9.42379762621796,unavailable: saved per-pass bin means/covariances are absent,seed20260910_n5000,seed20260910,5k,5000,4981,CNP,m0,matched_neural,0,103,500,20260909-phase3-seed20260910_n5000-m0-seed0-final-ctx-s103-n500-drop10100-mc50,02ef7c86338fb06bcd711034c44230bc007c8fefc01a8693e23ff927c6c794da,f4e56a8cf97cf31d035d013aa8f9e0c8b4a0a14b1939280bb74791b29622cd2a,False
full_500_3000,442,58,114299,-1.4282367331539363,4.516598034932182,4.7321628145190715,0.4253393665158371,0.746606334841629,0.8710407239819005,8.450284101648322,unavailable: saved per-pass bin means/covariances are absent,seed20260910_n5000,seed20260910,5k,5000,4981,CNP,m0,matched_neural,0,104,500,20260909-phase3-seed20260910_n5000-m0-seed0-final-ctx-s104-n500-drop10100-mc50,4d994ae028fba16a54f66156b2a02bf8c62c9eb4b35a28743f243d9be4dc2bad,abd0cc14391f5cd2c67db1f0d765fad8d934a7254dfd74bdf28545b369c8ad1d,False
figure1_1500_3000,242,58,43073,-1.145074777911743,3.3523108772054555,3.535922297873501,0.38016528925619836,0.7066115702479339,0.8636363636363636,9.42379762621796,unavailable: saved per-pass bin means/covariances are absent,seed20260910_n5000,seed20260910,5k,5000,4981,CNP,m0,matched_neural,0,104,500,20260909-phase3-seed20260910_n5000-m0-seed0-final-ctx-s104-n500-drop10100-mc50,4d994ae028fba16a54f66156b2a02bf8c62c9eb4b35a28743f243d9be4dc2bad,abd0cc14391f5cd2c67db1f0d765fad8d934a7254dfd74bdf28545b369c8ad1d,False
full_500_3000,442,58,114299,-1.518201143805184,4.5766289606745145,4.816957470627262,0.4095022624434389,0.7307692307692307,0.8665158371040724,8.450284101648322,unavailable: saved per-pass bin means/covariances are absent,seed20260910_n5000,seed20260910,5k,5000,4981,CNP,m0,matched_neural,0,105,500,20260909-phase3-seed20260910_n5000-m0-seed0-final-ctx-s105-n500-drop10100-mc50,cc1026d8613fa991a4377ff4b2b4e48e2ddd4b3c6fea76bcdc6073c60147ea64,67e842fca75c2f46f3e445a48bee82e35628e76cf936cca4b0b77d720d5145bd,False
figure1_1500_3000,242,58,43073,-1.2280275101719096,3.391771948886917,3.6006431155606924,0.36363636363636365,0.6942148760330579,0.8636363636363636,9.42379762621796,unavailable: saved per-pass bin means/covariances are absent,seed20260910_n5000,seed20260910,5k,5000,4981,CNP,m0,matched_neural,0,105,500,20260909-phase3-seed20260910_n5000-m0-seed0-final-ctx-s105-n500-drop10100-mc50,cc1026d8613fa991a4377ff4b2b4e48e2ddd4b3c6fea76bcdc6073c60147ea64,67e842fca75c2f46f3e445a48bee82e35628e76cf936cca4b0b77d720d5145bd,False
full_500_3000,442,58,114299,-1.4866461065893,4.563205869963499,4.794356468025239,0.4117647058823529,0.7307692307692307,0.8642533936651584,8.450284101648322,unavailable: saved per-pass bin means/covariances are absent,seed20260910_n5000,seed20260910,5k,5000,4981,CNP,m0,matched_neural,0,106,500,20260909-phase3-seed20260910_n5000-m0-seed0-final-ctx-s106-n500-drop10100-mc50,939a128cdf850fa32a88370e5a3eff666eb6e5cbab19bfcb62cecd6f43f62a9a,d2980b1be48d890435ce2c1b27b8b05251be7841ac989a0cfb722845805db78d,False
figure1_1500_3000,242,58,43073,-1.1914543011560013,3.3737881137955643,3.571410741811485,0.3677685950413223,0.6942148760330579,0.859504132231405,9.42379762621796,unavailable: saved per-pass bin means/covariances are absent,seed20260910_n5000,seed20260910,5k,5000,4981,CNP,m0,matched_neural,0,106,500,20260909-phase3-seed20260910_n5000-m0-seed0-final-ctx-s106-n500-drop10100-mc50,939a128cdf850fa32a88370e5a3eff666eb6e5cbab19bfcb62cecd6f43f62a9a,d2980b1be48d890435ce2c1b27b8b05251be7841ac989a0cfb722845805db78d,False
full_500_3000,442,58,114299,-1.5265333020361145,4.576882130458241,4.819829938126417,0.4095022624434389,0.7285067873303167,0.8665158371040724,8.450284101648322,unavailable: saved per-pass bin means/covariances are absent,seed20260910_n5000,seed20260910,5k,5000,4981,CNP,m0,matched_neural,0,107,500,20260909-phase3-seed20260910_n5000-m0-seed0-final-ctx-s107-n500-drop10100-mc50,c08234345b1fa1105ede803ebbee2b53adfa009f5c04b4d3c5b609157f8cd537,c196a09068935ac21065cf1774bb3396cdfcd752d8bafd0ce74579adde21cd9f,False
figure1_1500_3000,242,58,43073,-1.2396013818582385,3.3953735036792345,3.607982002813398,0.3677685950413223,0.6900826446280992,0.8636363636363636,9.42379762621796,unavailable: saved per-pass bin means/covariances are absent,seed20260910_n5000,seed20260910,5k,5000,4981,CNP,m0,matched_neural,0,107,500,20260909-phase3-seed20260910_n5000-m0-seed0-final-ctx-s107-n500-drop10100-mc50,c08234345b1fa1105ede803ebbee2b53adfa009f5c04b4d3c5b609157f8cd537,c196a09068935ac21065cf1774bb3396cdfcd752d8bafd0ce74579adde21cd9f,False
full_500_3000,442,58,114299,-1.5595930447197632,4.593759898663257,4.846361208670143,0.4117647058823529,0.7262443438914027,0.8665158371040724,8.450284101648322,unavailable: saved per-pass bin means/covariances are absent,seed20260910_n5000,seed20260910,5k,5000,4981,CNP,m0,matched_neural,0,108,500,20260909-phase3-seed20260910_n5000-m0-seed0-final-ctx-s108-n500-drop10100-mc50,0cdc49aaeca3178c7da42ceacb6b83819bd9bc55de0cbb0a43ca62ebfb1b4091,824a447138043a8754403b5eeb87805c4234a9b4d27787e6683bfad37790a467,False
figure1_1500_3000,242,58,43073,-1.273745559090523,3.409515036280996,3.633068152143106,0.371900826446281,0.6859504132231405,0.8636363636363636,9.42379762621796,unavailable: saved per-pass bin means/covariances are absent,seed20260910_n5000,seed20260910,5k,5000,4981,CNP,m0,matched_neural,0,108,500,20260909-phase3-seed20260910_n5000-m0-seed0-final-ctx-s108-n500-drop10100-mc50,0cdc49aaeca3178c7da42ceacb6b83819bd9bc55de0cbb0a43ca62ebfb1b4091,824a447138043a8754403b5eeb87805c4234a9b4d27787e6683bfad37790a467,False
full_500_3000,442,58,114299,-1.4257115193038363,4.528420144767489,4.7426624743973775,0.4276018099547511,0.751131221719457,0.8733031674208145,8.450284101648322,unavailable: saved per-pass bin means/covariances are absent,seed20260910_n5000,seed20260910,5k,5000,4981,CNP,m0,matched_neural,0,109,500,20260909-phase3-seed20260910_n5000-m0-seed0-final-ctx-s109-n500-drop10100-mc50,9b6ced9295fb1d663945318eb61cfd4cb4e8a58ee6e96aeead782fd94956429e,52829875adb04995017b43a773272e120a7ea641145d3c9cb8a7077d4d776781,False
figure1_1500_3000,242,58,43073,-1.1313670069661357,3.3481219804074693,3.5275473226280196,0.3884297520661157,0.7148760330578512,0.8677685950413223,9.42379762621796,unavailable: saved per-pass bin means/covariances are absent,seed20260910_n5000,seed20260910,5k,5000,4981,CNP,m0,matched_neural,0,109,500,20260909-phase3-seed20260910_n5000-m0-seed0-final-ctx-s109-n500-drop10100-mc50,9b6ced9295fb1d663945318eb61cfd4cb4e8a58ee6e96aeead782fd94956429e,52829875adb04995017b43a773272e120a7ea641145d3c9cb8a7077d4d776781,False
full_500_3000,442,58,114299,-0.03284681036120395,3.793574757444799,3.7894233144235776,0.47058823529411764,0.7624434389140271,0.9027149321266968,8.450284101648322,unavailable: saved per-pass bin means/covariances are absent,seed20260910_n5000,seed20260910,5k,5000,4981,CNP,m0,matched_neural,1,100,500,20260909-phase3-seed20260910_n5000-m0-seed1-final-ctx-s100-n500-drop10100-mc50,269e67d05a38ba790a5a098bf1ff417cf30bfa8fe67eed0c8d1c2f79802b89ab,0c802bf554ae969119f51f664dbdbeb8269f0e37583d6a4d75da4191a0b7edb6,False
figure1_1500_3000,242,58,43073,0.18813971588803483,2.9467046690538985,2.9466225600434846,0.4380165289256198,0.7024793388429752,0.8760330578512396,9.42379762621796,unavailable: saved per-pass bin means/covariances are absent,seed20260910_n5000,seed20260910,5k,5000,4981,CNP,m0,matched_neural,1,100,500,20260909-phase3-seed20260910_n5000-m0-seed1-final-ctx-s100-n500-drop10100-mc50,269e67d05a38ba790a5a098bf1ff417cf30bfa8fe67eed0c8d1c2f79802b89ab,0c802bf554ae969119f51f664dbdbeb8269f0e37583d6a4d75da4191a0b7edb6,False
full_500_3000,442,58,114299,-0.11263701623499621,3.823792960234522,3.821125439762945,0.4660633484162896,0.7624434389140271,0.9072398190045249,8.450284101648322,unavailable: saved per-pass bin means/covariances are absent,seed20260910_n5000,seed20260910,5k,5000,4981,CNP,m0,matched_neural,1,101,500,20260909-phase3-seed20260910_n5000-m0-seed1-final-ctx-s101-n500-drop10100-mc50,107ef1028831f603ba395286ad49d38733af01fb90ae53a208260c3bc6234327,3ee93d9a673364d6a106614b0ca511c093396e94f7f18f34e532c455b3e296f2,False
figure1_1500_3000,242,58,43073,0.09049411195241364,2.97054131360089,2.965778412509698,0.4256198347107438,0.7024793388429752,0.8842975206611571,9.42379762621796,unavailable: saved per-pass bin means/covariances are absent,seed20260910_n5000,seed20260910,5k,5000,4981,CNP,m0,matched_neural,1,101,500,20260909-phase3-seed20260910_n5000-m0-seed1-final-ctx-s101-n500-drop10100-mc50,107ef1028831f603ba395286ad49d38733af01fb90ae53a208260c3bc6234327,3ee93d9a673364d6a106614b0ca511c093396e94f7f18f34e532c455b3e296f2,False
full_500_3000,442,58,114299,-0.018545862926651994,3.7863355797384948,3.7820954403035256,0.47058823529411764,0.7624434389140271,0.9027149321266968,8.450284101648322,unavailable: saved per-pass bin means/covariances are absent,seed20260910_n5000,seed20260910,5k,5000,4981,CNP,m0,matched_neural,1,102,500,20260909-phase3-seed20260910_n5000-m0-seed1-final-ctx-s102-n500-drop10100-mc50,efcb17134122e970e00449fa6eda6eda3d62b22e7e8878d8316b9dee6c82d621,3659939c43ab8f03728d6a5df804a415755b88bb3616fcb834271ae53c265a1e,False
figure1_1500_3000,242,58,43073,0.19800133575432863,2.946760465027778,2.94732420348383,0.4380165289256198,0.7024793388429752,0.8760330578512396,9.42379762621796,unavailable: saved per-pass bin means/covariances are absent,seed20260910_n5000,seed20260910,5k,5000,4981,CNP,m0,matched_neural,1,102,500,20260909-phase3-seed20260910_n5000-m0-seed1-final-ctx-s102-n500-drop10100-mc50,efcb17134122e970e00449fa6eda6eda3d62b22e7e8878d8316b9dee6c82d621,3659939c43ab8f03728d6a5df804a415755b88bb3616fcb834271ae53c265a1e,False
full_500_3000,442,58,114299,-0.18801215781935993,3.8542056782547265,3.8544314246782814,0.4592760180995475,0.7647058823529411,0.9072398190045249,8.450284101648322,unavailable: saved per-pass bin means/covariances are absent,seed20260910_n5000,seed20260910,5k,5000,4981,CNP,m0,matched_neural,1,103,500,20260909-phase3-seed20260910_n5000-m0-seed1-final-ctx-s103-n500-drop10100-mc50,2a8d19cad0f777f30e03d4902a7eaecff740abe2bd6d22c85781602e313ac67d,b7d4ed20eedec2bb824339b56d00c5df3311e0805aa13adbcce5e813cf96ef14,False
figure1_1500_3000,242,58,43073,-0.01810493557402166,3.0155784548251012,3.0093959323637054,0.4090909090909091,0.7066115702479339,0.8842975206611571,9.42379762621796,unavailable: saved per-pass bin means/covariances are absent,seed20260910_n5000,seed20260910,5k,5000,4981,CNP,m0,matched_neural,1,103,500,20260909-phase3-seed20260910_n5000-m0-seed1-final-ctx-s103-n500-drop10100-mc50,2a8d19cad0f777f30e03d4902a7eaecff740abe2bd6d22c85781602e313ac67d,b7d4ed20eedec2bb824339b56d00c5df3311e0805aa13adbcce5e813cf96ef14,False
full_500_3000,442,58,114299,-0.10414536683740157,3.8172651148536425,3.8143665254701857,0.4683257918552036,0.7647058823529411,0.9072398190045249,8.450284101648322,unavailable: saved per-pass bin means/covariances are absent,seed20260910_n5000,seed20260910,5k,5000,4981,CNP,m0,matched_neural,1,104,500,20260909-phase3-seed20260910_n5000-m0-seed1-final-ctx-s104-n500-drop10100-mc50,962e79c062b833a827d6fbd1895e27a7353d309c9899480138a3b350f496cb40,5fd4f839427c11f8064fdf01946f743c6012b0cc9262ca34aa8fc67e0fc7df2e,False
figure1_1500_3000,242,58,43073,0.07625173329815188,2.9878790526220307,2.9826742010390266,0.4297520661157025,0.7066115702479339,0.8842975206611571,9.42379762621796,unavailable: saved per-pass bin means/covariances are absent,seed20260910_n5000,seed20260910,5k,5000,4981,CNP,m0,matched_neural,1,104,500,20260909-phase3-seed20260910_n5000-m0-seed1-final-ctx-s104-n500-drop10100-mc50,962e79c062b833a827d6fbd1895e27a7353d309c9899480138a3b350f496cb40,5fd4f839427c11f8064fdf01946f743c6012b0cc9262ca34aa8fc67e0fc7df2e,False
full_500_3000,442,58,114299,-0.08203138636411036,3.8078542741706616,3.8044287939154935,0.4660633484162896,0.7601809954751131,0.9072398190045249,8.450284101648322,unavailable: saved per-pass bin means/covariances are absent,seed20260910_n5000,seed20260910,5k,5000,4981,CNP,m0,matched_neural,1,105,500,20260909-phase3-seed20260910_n5000-m0-seed1-final-ctx-s105-n500-drop10100-mc50,f0d1386da941af91ddd01380f57322ee21edd2dbc593e3919ee1ec8a530055b8,540e2768026be06d20ecbef28c952e0864ade6267d78ba68d08c3bab6e0a996a,False
figure1_1500_3000,242,58,43073,0.09763528263685893,2.9859431565398533,2.9813665994188807,0.4297520661157025,0.6983471074380165,0.8842975206611571,9.42379762621796,unavailable: saved per-pass bin means/covariances are absent,seed20260910_n5000,seed20260910,5k,5000,4981,CNP,m0,matched_neural,1,105,500,20260909-phase3-seed20260910_n5000-m0-seed1-final-ctx-s105-n500-drop10100-mc50,f0d1386da941af91ddd01380f57322ee21edd2dbc593e3919ee1ec8a530055b8,540e2768026be06d20ecbef28c952e0864ade6267d78ba68d08c3bab6e0a996a,False
full_500_3000,442,58,114299,-0.09535077136565177,3.815390048896961,3.8122641763682936,0.47058823529411764,0.7669683257918553,0.9072398190045249,8.450284101648322,unavailable: saved per-pass bin means/covariances are absent,seed20260910_n5000,seed20260910,5k,5000,4981,CNP,m0,matched_neural,1,106,500,20260909-phase3-seed20260910_n5000-m0-seed1-final-ctx-s106-n500-drop10100-mc50,1d585d014eec13369a730e31016ce3a9aabe2a53e2a57274d112f4b146374751,9aab131edd296bb43cd21884784f41b394585003620203f25c0322b4b258a366,False
figure1_1500_3000,242,58,43073,0.10086303233295947,2.9736425784876435,2.9692059666370962,0.4297520661157025,0.7107438016528925,0.8842975206611571,9.42379762621796,unavailable: saved per-pass bin means/covariances are absent,seed20260910_n5000,seed20260910,5k,5000,4981,CNP,m0,matched_neural,1,106,500,20260909-phase3-seed20260910_n5000-m0-seed1-final-ctx-s106-n500-drop10100-mc50,1d585d014eec13369a730e31016ce3a9aabe2a53e2a57274d112f4b146374751,9aab131edd296bb43cd21884784f41b394585003620203f25c0322b4b258a366,False
full_500_3000,442,58,114299,-0.13633627186055403,3.8313340419504787,3.829425210142692,0.46153846153846156,0.7579185520361991,0.9072398190045249,8.450284101648322,unavailable: saved per-pass bin means/covariances are absent,seed20260910_n5000,seed20260910,5k,5000,4981,CNP,m0,matched_neural,1,107,500,20260909-phase3-seed20260910_n5000-m0-seed1-final-ctx-s107-n500-drop10100-mc50,af2462d6ffd9ab21ed1d9be37ab72bd5bc7e6e9ba6d19483aab96993932697c5,b53d0017ee8a39c6ea313947070dc71a3d4ae623dc5df5d5d6f4f62918dc913c,False
figure1_1500_3000,242,58,43073,0.037554467235679026,3.0012365438974324,2.995264659985595,0.41735537190082644,0.6983471074380165,0.8842975206611571,9.42379762621796,unavailable: saved per-pass bin means/covariances are absent,seed20260910_n5000,seed20260910,5k,5000,4981,CNP,m0,matched_neural,1,107,500,20260909-phase3-seed20260910_n5000-m0-seed1-final-ctx-s107-n500-drop10100-mc50,af2462d6ffd9ab21ed1d9be37ab72bd5bc7e6e9ba6d19483aab96993932697c5,b53d0017ee8a39c6ea313947070dc71a3d4ae623dc5df5d5d6f4f62918dc913c,False
full_500_3000,442,58,114299,-0.20620842756662577,3.862749619784645,3.863883926355078,0.45701357466063347,0.7624434389140271,0.9049773755656109,8.450284101648322,unavailable: saved per-pass bin means/covariances are absent,seed20260910_n5000,seed20260910,5k,5000,4981,CNP,m0,matched_neural,1,108,500,20260909-phase3-seed20260910_n5000-m0-seed1-final-ctx-s108-n500-drop10100-mc50,1fa2b09d191773d59683e2a21318358f0551b432751c3e4d3d8e7f7bdd93e877,2bcedf009388f96d2f4a39666c269233520a0239d6cda7b20ee9c1df512c90a3,False
figure1_1500_3000,242,58,43073,-0.03378789575553665,3.0170651410258147,3.011014662600227,0.4049586776859504,0.7066115702479339,0.8842975206611571,9.42379762621796,unavailable: saved per-pass bin means/covariances are absent,seed20260910_n5000,seed20260910,5k,5000,4981,CNP,m0,matched_neural,1,108,500,20260909-phase3-seed20260910_n5000-m0-seed1-final-ctx-s108-n500-drop10100-mc50,1fa2b09d191773d59683e2a21318358f0551b432751c3e4d3d8e7f7bdd93e877,2bcedf009388f96d2f4a39666c269233520a0239d6cda7b20ee9c1df512c90a3,False
full_500_3000,442,58,114299,-0.02537075210221591,3.7862456883274698,3.782045276784491,0.4660633484162896,0.7624434389140271,0.9049773755656109,8.450284101648322,unavailable: saved per-pass bin means/covariances are absent,seed20260910_n5000,seed20260910,5k,5000,4981,CNP,m0,matched_neural,1,109,500,20260909-phase3-seed20260910_n5000-m0-seed1-final-ctx-s109-n500-drop10100-mc50,2f6a856d0f66f1216d30d337c21373c5876f2cc10b4a82665b123e2500bc5487,481b037c0efdb81846e2d00b7c972ad8efb8d8b99bc2ab2a53320f6915a98c22,False
figure1_1500_3000,242,58,43073,0.1756713140676054,2.9584909641446897,2.9575938096164838,0.4297520661157025,0.7024793388429752,0.8801652892561983,9.42379762621796,unavailable: saved per-pass bin means/covariances are absent,seed20260910_n5000,seed20260910,5k,5000,4981,CNP,m0,matched_neural,1,109,500,20260909-phase3-seed20260910_n5000-m0-seed1-final-ctx-s109-n500-drop10100-mc50,2f6a856d0f66f1216d30d337c21373c5876f2cc10b4a82665b123e2500bc5487,481b037c0efdb81846e2d00b7c972ad8efb8d8b99bc2ab2a53320f6915a98c22,False
full_500_3000,442,58,114299,-0.8560051845105008,4.092596131595941,4.176624657647422,0.48868778280542985,0.7918552036199095,0.9027149321266968,8.450284101648322,unavailable: saved per-pass bin means/covariances are absent,seed20260910_n5000,seed20260910,5k,5000,4981,CNP,m0,matched_neural,2,100,500,20260909-phase3-seed20260910_n5000-m0-seed2-final-ctx-s100-n500-drop10100-mc50,15a08ad1c5793d8e373aabb7b27f44611e4c147650abfef25d22dabb7301c3f5,ba567c654ffc5d397e0d9b12c35c2107961ae8a225ffb3b5ad7c11cc7cd7bbb3,False
figure1_1500_3000,242,58,43073,-0.6506473189682707,3.1524858393132034,3.2125444892019503,0.4132231404958678,0.7396694214876033,0.8884297520661157,9.42379762621796,unavailable: saved per-pass bin means/covariances are absent,seed20260910_n5000,seed20260910,5k,5000,4981,CNP,m0,matched_neural,2,100,500,20260909-phase3-seed20260910_n5000-m0-seed2-final-ctx-s100-n500-drop10100-mc50,15a08ad1c5793d8e373aabb7b27f44611e4c147650abfef25d22dabb7301c3f5,ba567c654ffc5d397e0d9b12c35c2107961ae8a225ffb3b5ad7c11cc7cd7bbb3,False
full_500_3000,442,58,114299,-0.875478867907462,4.1065145485703285,4.194254684375597,0.497737556561086,0.7873303167420814,0.9027149321266968,8.450284101648322,unavailable: saved per-pass bin means/covariances are absent,seed20260910_n5000,seed20260910,5k,5000,4981,CNP,m0,matched_neural,2,101,500,20260909-phase3-seed20260910_n5000-m0-seed2-final-ctx-s101-n500-drop10100-mc50,9829c4cb2eca321fb57365d7685394689294cbaca1872e5b3bae04380992229c,c785ca003814b4ba807c447bf92561cd3f5a8a5dd4020dc362ff4126f0c362a0,False
figure1_1500_3000,242,58,43073,-0.6714230576439232,3.164778866188687,3.2288150282224977,0.4214876033057851,0.731404958677686,0.8884297520661157,9.42379762621796,unavailable: saved per-pass bin means/covariances are absent,seed20260910_n5000,seed20260910,5k,5000,4981,CNP,m0,matched_neural,2,101,500,20260909-phase3-seed20260910_n5000-m0-seed2-final-ctx-s101-n500-drop10100-mc50,9829c4cb2eca321fb57365d7685394689294cbaca1872e5b3bae04380992229c,c785ca003814b4ba807c447bf92561cd3f5a8a5dd4020dc362ff4126f0c362a0,False
full_500_3000,442,58,114299,-0.8125952943045508,4.068495981086807,4.14433603903619,0.49321266968325794,0.7963800904977375,0.9027149321266968,8.450284101648322,unavailable: saved per-pass bin means/covariances are absent,seed20260910_n5000,seed20260910,5k,5000,4981,CNP,m0,matched_neural,2,102,500,20260909-phase3-seed20260910_n5000-m0-seed2-final-ctx-s102-n500-drop10100-mc50,471187d68ee8d405af45d01dd119cc85c25d7d2f74e9d739f9cbc71553ac876d,058b137d56d55d64582b0a98ac7aa24bb687a36d8e96b10ea4ee67de08f57a07,False
figure1_1500_3000,242,58,43073,-0.6086483796111052,3.13792296883222,3.1900352884502863,0.4132231404958678,0.7479338842975206,0.8884297520661157,9.42379762621796,unavailable: saved per-pass bin means/covariances are absent,seed20260910_n5000,seed20260910,5k,5000,4981,CNP,m0,matched_neural,2,102,500,20260909-phase3-seed20260910_n5000-m0-seed2-final-ctx-s102-n500-drop10100-mc50,471187d68ee8d405af45d01dd119cc85c25d7d2f74e9d739f9cbc71553ac876d,058b137d56d55d64582b0a98ac7aa24bb687a36d8e96b10ea4ee67de08f57a07,False
full_500_3000,442,58,114299,-0.9753171762836775,4.170401290793048,4.278333968457352,0.48868778280542985,0.7805429864253394,0.8981900452488688,8.450284101648322,unavailable: saved per-pass bin means/covariances are absent,seed20260910_n5000,seed20260910,5k,5000,4981,CNP,m0,matched_neural,2,103,500,20260909-phase3-seed20260910_n5000-m0-seed2-final-ctx-s103-n500-drop10100-mc50,d1d287497b083f40fc798cbbe4b15a19767363658c043f366318ed9924eb1a7f,4e93c965aa832f5c3a5ad5572633d7277544d1884d870713638a9e14afb288e4,False
figure1_1500_3000,242,58,43073,-0.7784807323364553,3.221777479151923,3.3080191101509113,0.4090909090909091,0.731404958677686,0.8842975206611571,9.42379762621796,unavailable: saved per-pass bin means/covariances are absent,seed20260910_n5000,seed20260910,5k,5000,4981,CNP,m0,matched_neural,2,103,500,20260909-phase3-seed20260910_n5000-m0-seed2-final-ctx-s103-n500-drop10100-mc50,d1d287497b083f40fc798cbbe4b15a19767363658c043f366318ed9924eb1a7f,4e93c965aa832f5c3a5ad5572633d7277544d1884d870713638a9e14afb288e4,False
full_500_3000,442,58,114299,-0.8450746099404166,4.093560366073964,4.175341335429968,0.49321266968325794,0.7873303167420814,0.9027149321266968,8.450284101648322,unavailable: saved per-pass bin means/covariances are absent,seed20260910_n5000,seed20260910,5k,5000,4981,CNP,m0,matched_neural,2,104,500,20260909-phase3-seed20260910_n5000-m0-seed2-final-ctx-s104-n500-drop10100-mc50,70fdb82178f9df93820bf274110294039d66d3b0504d864893fb21ae4e9f3e0b,33468a9ddacb8a615b84b50fd9cc664a2ce5d4c80ce1ebebdca50c9bd072d395,False
figure1_1500_3000,242,58,43073,-0.649628950527485,3.168636831999351,3.228124605923826,0.41735537190082644,0.731404958677686,0.8884297520661157,9.42379762621796,unavailable: saved per-pass bin means/covariances are absent,seed20260910_n5000,seed20260910,5k,5000,4981,CNP,m0,matched_neural,2,104,500,20260909-phase3-seed20260910_n5000-m0-seed2-final-ctx-s104-n500-drop10100-mc50,70fdb82178f9df93820bf274110294039d66d3b0504d864893fb21ae4e9f3e0b,33468a9ddacb8a615b84b50fd9cc664a2ce5d4c80ce1ebebdca50c9bd072d395,False
full_500_3000,442,58,114299,-0.8780291124542742,4.112723435800425,4.200852424876658,0.49321266968325794,0.7918552036199095,0.9004524886877828,8.450284101648322,unavailable: saved per-pass bin means/covariances are absent,seed20260910_n5000,seed20260910,5k,5000,4981,CNP,m0,matched_neural,2,105,500,20260909-phase3-seed20260910_n5000-m0-seed2-final-ctx-s105-n500-drop10100-mc50,7b4f8298564c726259380361126f6ae257cad4fd863b9113118768a21981d975,74e86ed0b6e40604bbd3776d3b9b7302478d35d213781d8d3c4c338fc1c13ec6,False
figure1_1500_3000,242,58,43073,-0.6837543750739735,3.18378893540776,3.2499454791573954,0.41735537190082644,0.7396694214876033,0.8842975206611571,9.42379762621796,unavailable: saved per-pass bin means/covariances are absent,seed20260910_n5000,seed20260910,5k,5000,4981,CNP,m0,matched_neural,2,105,500,20260909-phase3-seed20260910_n5000-m0-seed2-final-ctx-s105-n500-drop10100-mc50,7b4f8298564c726259380361126f6ae257cad4fd863b9113118768a21981d975,74e86ed0b6e40604bbd3776d3b9b7302478d35d213781d8d3c4c338fc1c13ec6,False
full_500_3000,442,58,114299,-0.8602210979459382,4.098256710912489,4.183023914152175,0.48868778280542985,0.7873303167420814,0.9027149321266968,8.450284101648322,unavailable: saved per-pass bin means/covariances are absent,seed20260910_n5000,seed20260910,5k,5000,4981,CNP,m0,matched_neural,2,106,500,20260909-phase3-seed20260910_n5000-m0-seed2-final-ctx-s106-n500-drop10100-mc50,4a21a1d89231cb4869c19b2c6ebd0710c578ce6330fd7c3aa1c6c693068912eb,a13dbf62510ead1e5859a757dfc1e2e619d99fa7ebf922b287cc4fa0b43ceb17,False
figure1_1500_3000,242,58,43073,-0.65960274839952,3.1636772674414617,3.2253016506995165,0.4132231404958678,0.731404958677686,0.8884297520661157,9.42379762621796,unavailable: saved per-pass bin means/covariances are absent,seed20260910_n5000,seed20260910,5k,5000,4981,CNP,m0,matched_neural,2,106,500,20260909-phase3-seed20260910_n5000-m0-seed2-final-ctx-s106-n500-drop10100-mc50,4a21a1d89231cb4869c19b2c6ebd0710c578ce6330fd7c3aa1c6c693068912eb,a13dbf62510ead1e5859a757dfc1e2e619d99fa7ebf922b287cc4fa0b43ceb17,False
full_500_3000,442,58,114299,-0.9063699603944325,4.129752842900857,4.22347953655986,0.497737556561086,0.7873303167420814,0.9004524886877828,8.450284101648322,unavailable: saved per-pass bin means/covariances are absent,seed20260910_n5000,seed20260910,5k,5000,4981,CNP,m0,matched_neural,2,107,500,20260909-phase3-seed20260910_n5000-m0-seed2-final-ctx-s107-n500-drop10100-mc50,3d8e5731dbcb512b903e7578cf979ae42c72bd270d54a1bae887c5c31ec98e88,4ff6cfaa9abf22eaf88234c9992bdff25bd5ab46e364824f54bb3076a7a558bd,False
figure1_1500_3000,242,58,43073,-0.7113617861527881,3.194870797906074,3.266658307220216,0.4214876033057851,0.7355371900826446,0.8842975206611571,9.42379762621796,unavailable: saved per-pass bin means/covariances are absent,seed20260910_n5000,seed20260910,5k,5000,4981,CNP,m0,matched_neural,2,107,500,20260909-phase3-seed20260910_n5000-m0-seed2-final-ctx-s107-n500-drop10100-mc50,3d8e5731dbcb512b903e7578cf979ae42c72bd270d54a1bae887c5c31ec98e88,4ff6cfaa9abf22eaf88234c9992bdff25bd5ab46e364824f54bb3076a7a558bd,False
full_500_3000,442,58,114299,-1.002323291186146,4.1855760219440326,4.2993095682226246,0.49095022624434387,0.7805429864253394,0.8959276018099548,8.450284101648322,unavailable: saved per-pass bin means/covariances are absent,seed20260910_n5000,seed20260910,5k,5000,4981,CNP,m0,matched_neural,2,108,500,20260909-phase3-seed20260910_n5000-m0-seed2-final-ctx-s108-n500-drop10100-mc50,be12f247e0fd6279169905a5182915bb7db672a7db5be1fa4b969f9f9670fcbe,770753cadcf6c15c2127a68aea0251432f1044f62f5a67ab69147d84039638dd,False
figure1_1500_3000,242,58,43073,-0.803181625607915,3.2294631024537646,3.3213605386448166,0.4090909090909091,0.7355371900826446,0.8842975206611571,9.42379762621796,unavailable: saved per-pass bin means/covariances are absent,seed20260910_n5000,seed20260910,5k,5000,4981,CNP,m0,matched_neural,2,108,500,20260909-phase3-seed20260910_n5000-m0-seed2-final-ctx-s108-n500-drop10100-mc50,be12f247e0fd6279169905a5182915bb7db672a7db5be1fa4b969f9f9670fcbe,770753cadcf6c15c2127a68aea0251432f1044f62f5a67ab69147d84039638dd,False
full_500_3000,442,58,114299,-0.7720360560789782,4.049276476732473,4.1177157728952825,0.48868778280542985,0.7986425339366516,0.9072398190045249,8.450284101648322,unavailable: saved per-pass bin means/covariances are absent,seed20260910_n5000,seed20260910,5k,5000,4981,CNP,m0,matched_neural,2,109,500,20260909-phase3-seed20260910_n5000-m0-seed2-final-ctx-s109-n500-drop10100-mc50,8bb4b63c2798f0c9c87197a2b56870c9bc85df84fd059c6b274e552c3c2dadb2,58b3afe3354ca88da8a1db788c7e188d3414edede812197ba7c3282221633eea,False
figure1_1500_3000,242,58,43073,-0.5744240703254158,3.134536121854206,3.180358349235175,0.4132231404958678,0.7479338842975206,0.8925619834710744,9.42379762621796,unavailable: saved per-pass bin means/covariances are absent,seed20260910_n5000,seed20260910,5k,5000,4981,CNP,m0,matched_neural,2,109,500,20260909-phase3-seed20260910_n5000-m0-seed2-final-ctx-s109-n500-drop10100-mc50,8bb4b63c2798f0c9c87197a2b56870c9bc85df84fd059c6b274e552c3c2dadb2,58b3afe3354ca88da8a1db788c7e188d3414edede812197ba7c3282221633eea,False
full_500_3000,442,58,114299,-0.6346375750826219,3.9745736982377555,4.020480143129893,0.47285067873303166,0.7669683257918553,0.8981900452488688,8.450284101648322,unavailable: saved per-pass bin means/covariances are absent,seed20260910_n5000,seed20260910,5k,5000,4981,Attentive CNP,m1,matched_neural,0,100,500,20260909-phase3-seed20260910_n5000-m1-seed0-final-ctx-s100-n500-drop10100-mc50,445bd7b4fd5e0b1525a4ff0cba4a0671d33b4d393d4c0207cc0d1769ad0d92ff,a7b7bf338d3b2bd15471969899f95d5b73579942775a1e51c249211378cbc4e0,False
figure1_1500_3000,242,58,43073,-0.5614220561120796,3.218771630697493,3.26080873253459,0.39669421487603307,0.7066115702479339,0.871900826446281,9.42379762621796,unavailable: saved per-pass bin means/covariances are absent,seed20260910_n5000,seed20260910,5k,5000,4981,Attentive CNP,m1,matched_neural,0,100,500,20260909-phase3-seed20260910_n5000-m1-seed0-final-ctx-s100-n500-drop10100-mc50,445bd7b4fd5e0b1525a4ff0cba4a0671d33b4d393d4c0207cc0d1769ad0d92ff,a7b7bf338d3b2bd15471969899f95d5b73579942775a1e51c249211378cbc4e0,False
full_500_3000,442,58,114299,-0.644303549521861,3.936467949917728,3.984450860412691,0.47285067873303166,0.7692307692307693,0.9049773755656109,8.450284101648322,unavailable: saved per-pass bin means/covariances are absent,seed20260910_n5000,seed20260910,5k,5000,4981,Attentive CNP,m1,matched_neural,0,101,500,20260909-phase3-seed20260910_n5000-m1-seed0-final-ctx-s101-n500-drop10100-mc50,b01e5400b6049cc70b394b6bf98eb71b205099eef37f0cafde18e309763fbd03,1d9b506c81a0db2d72e241bff189f73376f7b924c88097b4a906262d987f201d,False
figure1_1500_3000,242,58,43073,-0.5713199576133609,3.1793743110143065,3.223826479318462,0.4132231404958678,0.7024793388429752,0.8801652892561983,9.42379762621796,unavailable: saved per-pass bin means/covariances are absent,seed20260910_n5000,seed20260910,5k,5000,4981,Attentive CNP,m1,matched_neural,0,101,500,20260909-phase3-seed20260910_n5000-m1-seed0-final-ctx-s101-n500-drop10100-mc50,b01e5400b6049cc70b394b6bf98eb71b205099eef37f0cafde18e309763fbd03,1d9b506c81a0db2d72e241bff189f73376f7b924c88097b4a906262d987f201d,False
full_500_3000,442,58,114299,-0.6702961723522655,3.9656455697911515,4.017469574034992,0.47285067873303166,0.7714932126696833,0.9004524886877828,8.450284101648322,unavailable: saved per-pass bin means/covariances are absent,seed20260910_n5000,seed20260910,5k,5000,4981,Attentive CNP,m1,matched_neural,0,102,500,20260909-phase3-seed20260910_n5000-m1-seed0-final-ctx-s102-n500-drop10100-mc50,080f746009a38a91d59fdbe5a21ebc3ecaf91b946180bd94bbe7c4565a60b1a4,b24adfc827190b1b046f6e30ad4c0090924313ff80f72a5fe4092ff2070a71b0,False
figure1_1500_3000,242,58,43073,-0.5929312584840839,3.199414908486697,3.2473873585434263,0.4090909090909091,0.7148760330578512,0.8760330578512396,9.42379762621796,unavailable: saved per-pass bin means/covariances are absent,seed20260910_n5000,seed20260910,5k,5000,4981,Attentive CNP,m1,matched_neural,0,102,500,20260909-phase3-seed20260910_n5000-m1-seed0-final-ctx-s102-n500-drop10100-mc50,080f746009a38a91d59fdbe5a21ebc3ecaf91b946180bd94bbe7c4565a60b1a4,b24adfc827190b1b046f6e30ad4c0090924313ff80f72a5fe4092ff2070a71b0,False
full_500_3000,442,58,114299,-0.5507469395922774,3.9315472946887784,3.965528412269703,0.4660633484162896,0.7714932126696833,0.9027149321266968,8.450284101648322,unavailable: saved per-pass bin means/covariances are absent,seed20260910_n5000,seed20260910,5k,5000,4981,Attentive CNP,m1,matched_neural,0,103,500,20260909-phase3-seed20260910_n5000-m1-seed0-final-ctx-s103-n500-drop10100-mc50,45c3b6ef06109f88ec58d9045764a9873e4d25b79599df328a66b7d2f1f2342f,d8b0c22e975529c05df8a7b1bf10687a67436de13b0aaa8f3f7bb73bb4f87f90,False
figure1_1500_3000,242,58,43073,-0.48904584853270716,3.2028156622315747,3.23338916031793,0.40082644628099173,0.7024793388429752,0.8760330578512396,9.42379762621796,unavailable: saved per-pass bin means/covariances are absent,seed20260910_n5000,seed20260910,5k,5000,4981,Attentive CNP,m1,matched_neural,0,103,500,20260909-phase3-seed20260910_n5000-m1-seed0-final-ctx-s103-n500-drop10100-mc50,45c3b6ef06109f88ec58d9045764a9873e4d25b79599df328a66b7d2f1f2342f,d8b0c22e975529c05df8a7b1bf10687a67436de13b0aaa8f3f7bb73bb4f87f90,False
full_500_3000,442,58,114299,-0.595724676911987,3.930346165347647,3.9708386395587802,0.4638009049773756,0.7782805429864253,0.9049773755656109,8.450284101648322,unavailable: saved per-pass bin means/covariances are absent,seed20260910_n5000,seed20260910,5k,5000,4981,Attentive CNP,m1,matched_neural,0,104,500,20260909-phase3-seed20260910_n5000-m1-seed0-final-ctx-s104-n500-drop10100-mc50,4d0ab629f5e7cd4f1b755ef9842b5a5ac0ea7d7a80f78d6cb97d72b76fefbcd6,b11dc200ce34ec06630bf19fcee7835b09f649785c8dd84ddc974a44acfe44e2,False
figure1_1500_3000,242,58,43073,-0.5215777453114807,3.178068668731085,3.2140982829718507,0.40082644628099173,0.7148760330578512,0.8801652892561983,9.42379762621796,unavailable: saved per-pass bin means/covariances are absent,seed20260910_n5000,seed20260910,5k,5000,4981,Attentive CNP,m1,matched_neural,0,104,500,20260909-phase3-seed20260910_n5000-m1-seed0-final-ctx-s104-n500-drop10100-mc50,4d0ab629f5e7cd4f1b755ef9842b5a5ac0ea7d7a80f78d6cb97d72b76fefbcd6,b11dc200ce34ec06630bf19fcee7835b09f649785c8dd84ddc974a44acfe44e2,False
full_500_3000,442,58,114299,-0.5796329315038344,3.9483756678390733,3.9862731971257976,0.4638009049773756,0.7714932126696833,0.9027149321266968,8.450284101648322,unavailable: saved per-pass bin means/covariances are absent,seed20260910_n5000,seed20260910,5k,5000,4981,Attentive CNP,m1,matched_neural,0,105,500,20260909-phase3-seed20260910_n5000-m1-seed0-final-ctx-s105-n500-drop10100-mc50,af54575baf402470f6661e86600b311ff0678817125cb618c08bb35912a6ab43,e0fa6b0a05703228df0b2a491cf32ba2dd1056b3be669ec0dd0fca8773612ef6,False
figure1_1500_3000,242,58,43073,-0.5081094615845232,3.2025176369593353,3.236033649712863,0.39669421487603307,0.7024793388429752,0.8760330578512396,9.42379762621796,unavailable: saved per-pass bin means/covariances are absent,seed20260910_n5000,seed20260910,5k,5000,4981,Attentive CNP,m1,matched_neural,0,105,500,20260909-phase3-seed20260910_n5000-m1-seed0-final-ctx-s105-n500-drop10100-mc50,af54575baf402470f6661e86600b311ff0678817125cb618c08bb35912a6ab43,e0fa6b0a05703228df0b2a491cf32ba2dd1056b3be669ec0dd0fca8773612ef6,False
full_500_3000,442,58,114299,-0.5869972977742053,3.9416469666886447,3.980702953283912,0.46153846153846156,0.7760180995475113,0.9049773755656109,8.450284101648322,unavailable: saved per-pass bin means/covariances are absent,seed20260910_n5000,seed20260910,5k,5000,4981,Attentive CNP,m1,matched_neural,0,106,500,20260909-phase3-seed20260910_n5000-m1-seed0-final-ctx-s106-n500-drop10100-mc50,6fbdf460f14fcbea0be4d0e806e76b7fa088bc7094f5f953325809b224e30052,5d3a79cc9fc8b3187499d2ca0c625c1b61fa4197c604369190ba9a557d7ad067,False
figure1_1500_3000,242,58,43073,-0.5139868376823629,3.1933220964669764,3.2279019274053375,0.39669421487603307,0.7107438016528925,0.8801652892561983,9.42379762621796,unavailable: saved per-pass bin means/covariances are absent,seed20260910_n5000,seed20260910,5k,5000,4981,Attentive CNP,m1,matched_neural,0,106,500,20260909-phase3-seed20260910_n5000-m1-seed0-final-ctx-s106-n500-drop10100-mc50,6fbdf460f14fcbea0be4d0e806e76b7fa088bc7094f5f953325809b224e30052,5d3a79cc9fc8b3187499d2ca0c625c1b61fa4197c604369190ba9a557d7ad067,False
full_500_3000,442,58,114299,-0.5890829380814752,3.9357202850323256,3.975156331584622,0.46153846153846156,0.7760180995475113,0.9049773755656109,8.450284101648322,unavailable: saved per-pass bin means/covariances are absent,seed20260910_n5000,seed20260910,5k,5000,4981,Attentive CNP,m1,matched_neural,0,107,500,20260909-phase3-seed20260910_n5000-m1-seed0-final-ctx-s107-n500-drop10100-mc50,64d1f266271bafbd50f80104f7c3c555819dd0fc7be508e9cfdf14a2cc124e9d,be8f74fde256b328fbfeb79698b0e3d0ca723efea215baa5a3c0efb6d5ad3cf9,False
figure1_1500_3000,242,58,43073,-0.5169206543029057,3.1869994368726666,3.2221423683665447,0.40082644628099173,0.7107438016528925,0.8801652892561983,9.42379762621796,unavailable: saved per-pass bin means/covariances are absent,seed20260910_n5000,seed20260910,5k,5000,4981,Attentive CNP,m1,matched_neural,0,107,500,20260909-phase3-seed20260910_n5000-m1-seed0-final-ctx-s107-n500-drop10100-mc50,64d1f266271bafbd50f80104f7c3c555819dd0fc7be508e9cfdf14a2cc124e9d,be8f74fde256b328fbfeb79698b0e3d0ca723efea215baa5a3c0efb6d5ad3cf9,False
full_500_3000,442,58,114299,-0.5832232259359311,3.9240430007724676,3.9627547794919544,0.4638009049773756,0.7782805429864253,0.9049773755656109,8.450284101648322,unavailable: saved per-pass bin means/covariances are absent,seed20260910_n5000,seed20260910,5k,5000,4981,Attentive CNP,m1,matched_neural,0,108,500,20260909-phase3-seed20260910_n5000-m1-seed0-final-ctx-s108-n500-drop10100-mc50,28cb738e5ce19d55c685248de284cfeba1955e3cbeb6e9da8879fdd15ca74d47,799b5f25d5947e43c91491933797fbc07f36bf2285b333c8517369dc6f76c931,False
figure1_1500_3000,242,58,43073,-0.516484281371265,3.18302421423919,3.218156749963372,0.40082644628099173,0.7148760330578512,0.8801652892561983,9.42379762621796,unavailable: saved per-pass bin means/covariances are absent,seed20260910_n5000,seed20260910,5k,5000,4981,Attentive CNP,m1,matched_neural,0,108,500,20260909-phase3-seed20260910_n5000-m1-seed0-final-ctx-s108-n500-drop10100-mc50,28cb738e5ce19d55c685248de284cfeba1955e3cbeb6e9da8879fdd15ca74d47,799b5f25d5947e43c91491933797fbc07f36bf2285b333c8517369dc6f76c931,False
full_500_3000,442,58,114299,-0.617668971563365,3.9571904943249607,4.000680336916677,0.47737556561085975,0.7714932126696833,0.9049773755656109,8.450284101648322,unavailable: saved per-pass bin means/covariances are absent,seed20260910_n5000,seed20260910,5k,5000,4981,Attentive CNP,m1,matched_neural,0,109,500,20260909-phase3-seed20260910_n5000-m1-seed0-final-ctx-s109-n500-drop10100-mc50,c9c829cd98eee68d302a0102fa37b72ef0f1febf16b86d5eeb76972f0cfec7d5,fd696ce25a549317e1cd12dd308682639134bda0991aaaa65f14638517d50fcd,False
figure1_1500_3000,242,58,43073,-0.5396466754280922,3.1977616718128297,3.236455371109301,0.4049586776859504,0.7066115702479339,0.8801652892561983,9.42379762621796,unavailable: saved per-pass bin means/covariances are absent,seed20260910_n5000,seed20260910,5k,5000,4981,Attentive CNP,m1,matched_neural,0,109,500,20260909-phase3-seed20260910_n5000-m1-seed0-final-ctx-s109-n500-drop10100-mc50,c9c829cd98eee68d302a0102fa37b72ef0f1febf16b86d5eeb76972f0cfec7d5,fd696ce25a549317e1cd12dd308682639134bda0991aaaa65f14638517d50fcd,False
full_500_3000,442,58,114299,-0.10154890925946457,3.8426071270657145,3.839600931384627,0.4479638009049774,0.755656108597285,0.9004524886877828,8.450284101648322,unavailable: saved per-pass bin means/covariances are absent,seed20260910_n5000,seed20260910,5k,5000,4981,Attentive CNP,m1,matched_neural,1,100,500,20260909-phase3-seed20260910_n5000-m1-seed1-final-ctx-s100-n500-drop10100-mc50,553215c63221efd66b522f3fb600c1723a2967b53b1b42f505cad09755e651f0,ca4d1ae3b2f9925568fddb45c163fb8e94b6ae04550a120f3de04d5c793ca744,False
figure1_1500_3000,242,58,43073,0.03631397549640864,3.0823321088317734,3.076171410813663,0.39669421487603307,0.6942148760330579,0.871900826446281,9.42379762621796,unavailable: saved per-pass bin means/covariances are absent,seed20260910_n5000,seed20260910,5k,5000,4981,Attentive CNP,m1,matched_neural,1,100,500,20260909-phase3-seed20260910_n5000-m1-seed1-final-ctx-s100-n500-drop10100-mc50,553215c63221efd66b522f3fb600c1723a2967b53b1b42f505cad09755e651f0,ca4d1ae3b2f9925568fddb45c163fb8e94b6ae04550a120f3de04d5c793ca744,False
full_500_3000,442,58,114299,-0.07169362289082987,3.81673745914169,3.8130914881627094,0.4457013574660634,0.7601809954751131,0.9027149321266968,8.450284101648322,unavailable: saved per-pass bin means/covariances are absent,seed20260910_n5000,seed20260910,5k,5000,4981,Attentive CNP,m1,matched_neural,1,101,500,20260909-phase3-seed20260910_n5000-m1-seed1-final-ctx-s101-n500-drop10100-mc50,6e4f5c60831f53fae5b5dd11d15500f9fc158af047493957773553908fcb4527,1f272231bfc4f5f8c77630a186e50841db406d3e3633f017754418f474598e07,False
figure1_1500_3000,242,58,43073,0.06356729207819692,3.0598043283616763,3.0541374747596923,0.40082644628099173,0.6983471074380165,0.8760330578512396,9.42379762621796,unavailable: saved per-pass bin means/covariances are absent,seed20260910_n5000,seed20260910,5k,5000,4981,Attentive CNP,m1,matched_neural,1,101,500,20260909-phase3-seed20260910_n5000-m1-seed1-final-ctx-s101-n500-drop10100-mc50,6e4f5c60831f53fae5b5dd11d15500f9fc158af047493957773553908fcb4527,1f272231bfc4f5f8c77630a186e50841db406d3e3633f017754418f474598e07,False
full_500_3000,442,58,114299,-0.08723613415665202,3.8223721422059564,3.8190422152166383,0.4457013574660634,0.7601809954751131,0.9027149321266968,8.450284101648322,unavailable: saved per-pass bin means/covariances are absent,seed20260910_n5000,seed20260910,5k,5000,4981,Attentive CNP,m1,matched_neural,1,102,500,20260909-phase3-seed20260910_n5000-m1-seed1-final-ctx-s102-n500-drop10100-mc50,daeb7a4315764769f1703f956bd13d8e6555e10abbcf6626ec710a98cb7d3068,65008af310b54f1eac8509b1bebd608fe2ff6f1280343c9bca4c09484eeb6266,False
figure1_1500_3000,242,58,43073,0.0505535941727973,3.0598038095127817,3.053893812489506,0.39669421487603307,0.6983471074380165,0.8760330578512396,9.42379762621796,unavailable: saved per-pass bin means/covariances are absent,seed20260910_n5000,seed20260910,5k,5000,4981,Attentive CNP,m1,matched_neural,1,102,500,20260909-phase3-seed20260910_n5000-m1-seed1-final-ctx-s102-n500-drop10100-mc50,daeb7a4315764769f1703f956bd13d8e6555e10abbcf6626ec710a98cb7d3068,65008af310b54f1eac8509b1bebd608fe2ff6f1280343c9bca4c09484eeb6266,False
full_500_3000,442,58,114299,-0.05803683322824108,3.8364854993196924,3.8325825774561837,0.4434389140271493,0.7420814479638009,0.9004524886877828,8.450284101648322,unavailable: saved per-pass bin means/covariances are absent,seed20260910_n5000,seed20260910,5k,5000,4981,Attentive CNP,m1,matched_neural,1,103,500,20260909-phase3-seed20260910_n5000-m1-seed1-final-ctx-s103-n500-drop10100-mc50,575df6e307eb57f7f42e9e5c330a93bae70ad8c5712efb8b4d806fa7088e44ef,5127a31c8dd8022c3f9e51d64bd3f361d4a9ae01005552cbb3e9a886c82d5671,False
figure1_1500_3000,242,58,43073,0.07175365264972089,3.1022227978430736,3.0966380418438058,0.4049586776859504,0.6735537190082644,0.871900826446281,9.42379762621796,unavailable: saved per-pass bin means/covariances are absent,seed20260910_n5000,seed20260910,5k,5000,4981,Attentive CNP,m1,matched_neural,1,103,500,20260909-phase3-seed20260910_n5000-m1-seed1-final-ctx-s103-n500-drop10100-mc50,575df6e307eb57f7f42e9e5c330a93bae70ad8c5712efb8b4d806fa7088e44ef,5127a31c8dd8022c3f9e51d64bd3f361d4a9ae01005552cbb3e9a886c82d5671,False
full_500_3000,442,58,114299,-0.06478044246407941,3.830135403033699,3.8263486260556467,0.4411764705882353,0.751131221719457,0.9004524886877828,8.450284101648322,unavailable: saved per-pass bin means/covariances are absent,seed20260910_n5000,seed20260910,5k,5000,4981,Attentive CNP,m1,matched_neural,1,104,500,20260909-phase3-seed20260910_n5000-m1-seed1-final-ctx-s104-n500-drop10100-mc50,a651b686886a1753220c93f72d1bd9ded017197bd66683c5eff1555b5a251197,c2fdc792aa52bac538dcec6a7d353ca0d999768b735dd7a3168f4425677d80a3,False
figure1_1500_3000,242,58,43073,0.06600941657380963,3.089459557240259,3.0837763278818477,0.40082644628099173,0.6859504132231405,0.871900826446281,9.42379762621796,unavailable: saved per-pass bin means/covariances are absent,seed20260910_n5000,seed20260910,5k,5000,4981,Attentive CNP,m1,matched_neural,1,104,500,20260909-phase3-seed20260910_n5000-m1-seed1-final-ctx-s104-n500-drop10100-mc50,a651b686886a1753220c93f72d1bd9ded017197bd66683c5eff1555b5a251197,c2fdc792aa52bac538dcec6a7d353ca0d999768b735dd7a3168f4425677d80a3,False
full_500_3000,442,58,114299,-0.07347416027680377,3.8403690140287705,3.8367258330550924,0.4457013574660634,0.753393665158371,0.9004524886877828,8.450284101648322,unavailable: saved per-pass bin means/covariances are absent,seed20260910_n5000,seed20260910,5k,5000,4981,Attentive CNP,m1,matched_neural,1,105,500,20260909-phase3-seed20260910_n5000-m1-seed1-final-ctx-s105-n500-drop10100-mc50,d11c4e74cac6e28bc8caa78d9a2abda2c665997c1e4c71ffd41d5e5452b48fbc,fc67944ca9f947c5f467daea9bd554564ce954e6b0528ff5ff1b37a97916a546,False
figure1_1500_3000,242,58,43073,0.058341148350225455,3.1013540431832074,3.0954894845596366,0.40082644628099173,0.6859504132231405,0.871900826446281,9.42379762621796,unavailable: saved per-pass bin means/covariances are absent,seed20260910_n5000,seed20260910,5k,5000,4981,Attentive CNP,m1,matched_neural,1,105,500,20260909-phase3-seed20260910_n5000-m1-seed1-final-ctx-s105-n500-drop10100-mc50,d11c4e74cac6e28bc8caa78d9a2abda2c665997c1e4c71ffd41d5e5452b48fbc,fc67944ca9f947c5f467daea9bd554564ce954e6b0528ff5ff1b37a97916a546,False
full_500_3000,442,58,114299,-0.07647171016984163,3.837280464537204,3.833699966968781,0.4457013574660634,0.753393665158371,0.9004524886877828,8.450284101648322,unavailable: saved per-pass bin means/covariances are absent,seed20260910_n5000,seed20260910,5k,5000,4981,Attentive CNP,m1,matched_neural,1,106,500,20260909-phase3-seed20260910_n5000-m1-seed1-final-ctx-s106-n500-drop10100-mc50,de5247fccb68d524def8084e1abfff91317bf71ef43abc3df4e9e2a9c529cdd4,22084e1dd600c781eff02a4b6ea014bcdfef077463da70572fe74ea783299083,False
figure1_1500_3000,242,58,43073,0.05665059505153367,3.0927279899881777,3.0868513173374055,0.40082644628099173,0.6859504132231405,0.871900826446281,9.42379762621796,unavailable: saved per-pass bin means/covariances are absent,seed20260910_n5000,seed20260910,5k,5000,4981,Attentive CNP,m1,matched_neural,1,106,500,20260909-phase3-seed20260910_n5000-m1-seed1-final-ctx-s106-n500-drop10100-mc50,de5247fccb68d524def8084e1abfff91317bf71ef43abc3df4e9e2a9c529cdd4,22084e1dd600c781eff02a4b6ea014bcdfef077463da70572fe74ea783299083,False
full_500_3000,442,58,114299,-0.06110696896199685,3.8298785709285537,3.8260316879925713,0.4411764705882353,0.751131221719457,0.9004524886877828,8.450284101648322,unavailable: saved per-pass bin means/covariances are absent,seed20260910_n5000,seed20260910,5k,5000,4981,Attentive CNP,m1,matched_neural,1,107,500,20260909-phase3-seed20260910_n5000-m1-seed1-final-ctx-s107-n500-drop10100-mc50,67ae6ffc289e91118adcf2834f0fefd1ce3ff0f2b1b76cd7287c2fabc4b72fa0,26c647e3fdf8e594702a632335439fde7ff09568e6a00cbb076cbf1abbfe5cae,False
figure1_1500_3000,242,58,43073,0.06858565102293794,3.0927786601351794,3.0871439685183626,0.40082644628099173,0.6859504132231405,0.871900826446281,9.42379762621796,unavailable: saved per-pass bin means/covariances are absent,seed20260910_n5000,seed20260910,5k,5000,4981,Attentive CNP,m1,matched_neural,1,107,500,20260909-phase3-seed20260910_n5000-m1-seed1-final-ctx-s107-n500-drop10100-mc50,67ae6ffc289e91118adcf2834f0fefd1ce3ff0f2b1b76cd7287c2fabc4b72fa0,26c647e3fdf8e594702a632335439fde7ff09568e6a00cbb076cbf1abbfe5cae,False
full_500_3000,442,58,114299,-0.05149306902411713,3.820263662777719,3.816287063635683,0.4411764705882353,0.753393665158371,0.9004524886877828,8.450284101648322,unavailable: saved per-pass bin means/covariances are absent,seed20260910_n5000,seed20260910,5k,5000,4981,Attentive CNP,m1,matched_neural,1,108,500,20260909-phase3-seed20260910_n5000-m1-seed1-final-ctx-s108-n500-drop10100-mc50,97872edd06e10a6ea0efd51c8fecd5f7e789b501431ae751480e6d354c953b8c,5b268932277257b85bf540135251191bd0de45d9606ff36b2af5fba381c77db9,False
figure1_1500_3000,242,58,43073,0.07645892891195635,3.083651343952995,3.078223283077538,0.40082644628099173,0.6942148760330579,0.871900826446281,9.42379762621796,unavailable: saved per-pass bin means/covariances are absent,seed20260910_n5000,seed20260910,5k,5000,4981,Attentive CNP,m1,matched_neural,1,108,500,20260909-phase3-seed20260910_n5000-m1-seed1-final-ctx-s108-n500-drop10100-mc50,97872edd06e10a6ea0efd51c8fecd5f7e789b501431ae751480e6d354c953b8c,5b268932277257b85bf540135251191bd0de45d9606ff36b2af5fba381c77db9,False
full_500_3000,442,58,114299,-0.08487319200967106,3.8381793665022808,3.834774419601545,0.4479638009049774,0.751131221719457,0.9004524886877828,8.450284101648322,unavailable: saved per-pass bin means/covariances are absent,seed20260910_n5000,seed20260910,5k,5000,4981,Attentive CNP,m1,matched_neural,1,109,500,20260909-phase3-seed20260910_n5000-m1-seed1-final-ctx-s109-n500-drop10100-mc50,d595992926cf5c3a2acda5a697b15a7277d912fb86bc7ab66e814ff5e19b1008,0acee0c4d763ac349acc2c0c5b9a2d63be76e2eec10389eaffa0e22fbe086e80,False
figure1_1500_3000,242,58,43073,0.05041371792905167,3.087729850153273,3.0817560195053835,0.40082644628099173,0.6859504132231405,0.871900826446281,9.42379762621796,unavailable: saved per-pass bin means/covariances are absent,seed20260910_n5000,seed20260910,5k,5000,4981,Attentive CNP,m1,matched_neural,1,109,500,20260909-phase3-seed20260910_n5000-m1-seed1-final-ctx-s109-n500-drop10100-mc50,d595992926cf5c3a2acda5a697b15a7277d912fb86bc7ab66e814ff5e19b1008,0acee0c4d763ac349acc2c0c5b9a2d63be76e2eec10389eaffa0e22fbe086e80,False
full_500_3000,442,58,114299,-0.5259835844417236,4.01991921414967,4.04967266552806,0.4638009049773756,0.751131221719457,0.8914027149321267,8.450284101648322,unavailable: saved per-pass bin means/covariances are absent,seed20260910_n5000,seed20260910,5k,5000,4981,Attentive CNP,m1,matched_neural,2,100,500,20260909-phase3-seed20260910_n5000-m1-seed2-final-ctx-s100-n500-drop10100-mc50,a7a1682a69866ebb26a439738f7bc3c251b09915fedb390a426ee060d18007f7,04fc8b512f544e940ee28fa78c82f2932149baefdd6b7faeaf43374f308db5cc,False
figure1_1500_3000,242,58,43073,-0.31557607803001575,3.2499224146632835,3.2585179686507106,0.3925619834710744,0.6818181818181818,0.859504132231405,9.42379762621796,unavailable: saved per-pass bin means/covariances are absent,seed20260910_n5000,seed20260910,5k,5000,4981,Attentive CNP,m1,matched_neural,2,100,500,20260909-phase3-seed20260910_n5000-m1-seed2-final-ctx-s100-n500-drop10100-mc50,a7a1682a69866ebb26a439738f7bc3c251b09915fedb390a426ee060d18007f7,04fc8b512f544e940ee28fa78c82f2932149baefdd6b7faeaf43374f308db5cc,False
full_500_3000,442,58,114299,-0.5093019951196875,4.00828253761534,4.036008952315972,0.47058823529411764,0.753393665158371,0.8936651583710408,8.450284101648322,unavailable: saved per-pass bin means/covariances are absent,seed20260910_n5000,seed20260910,5k,5000,4981,Attentive CNP,m1,matched_neural,2,101,500,20260909-phase3-seed20260910_n5000-m1-seed2-final-ctx-s101-n500-drop10100-mc50,e9ad7d8a44bc5fe425c0bdd80b809993a1aa8e318fee4f9608bff9542bc601cf,c81ac05626ad10b86cda655fa026d41855d21183ab1870f5cc409121b7bc7e09,False
figure1_1500_3000,242,58,43073,-0.29756254611382554,3.2366542654238857,3.243637669707949,0.39669421487603307,0.6818181818181818,0.8636363636363636,9.42379762621796,unavailable: saved per-pass bin means/covariances are absent,seed20260910_n5000,seed20260910,5k,5000,4981,Attentive CNP,m1,matched_neural,2,101,500,20260909-phase3-seed20260910_n5000-m1-seed2-final-ctx-s101-n500-drop10100-mc50,e9ad7d8a44bc5fe425c0bdd80b809993a1aa8e318fee4f9608bff9542bc601cf,c81ac05626ad10b86cda655fa026d41855d21183ab1870f5cc409121b7bc7e09,False
full_500_3000,442,58,114299,-0.52568350394941,4.011171598406507,4.0409700765936645,0.4638009049773756,0.755656108597285,0.8936651583710408,8.450284101648322,unavailable: saved per-pass bin means/covariances are absent,seed20260910_n5000,seed20260910,5k,5000,4981,Attentive CNP,m1,matched_neural,2,102,500,20260909-phase3-seed20260910_n5000-m1-seed2-final-ctx-s102-n500-drop10100-mc50,1567b40c07b528e7822da9b9f3ee29f868c8c01439565b17844b44e81f63b6bc,423616fd03bbaf0731f4a6e4a854741ce8be97c1f44c29f5c6ad55475ef23cef,False
figure1_1500_3000,242,58,43073,-0.3158495481462714,3.2386400862825306,3.247338670314535,0.3925619834710744,0.6900826446280992,0.8636363636363636,9.42379762621796,unavailable: saved per-pass bin means/covariances are absent,seed20260910_n5000,seed20260910,5k,5000,4981,Attentive CNP,m1,matched_neural,2,102,500,20260909-phase3-seed20260910_n5000-m1-seed2-final-ctx-s102-n500-drop10100-mc50,1567b40c07b528e7822da9b9f3ee29f868c8c01439565b17844b44e81f63b6bc,423616fd03bbaf0731f4a6e4a854741ce8be97c1f44c29f5c6ad55475ef23cef,False
full_500_3000,442,58,114299,-0.4836281088347115,4.023146153530833,4.047589638081578,0.46153846153846156,0.753393665158371,0.8914027149321267,8.450284101648322,unavailable: saved per-pass bin means/covariances are absent,seed20260910_n5000,seed20260910,5k,5000,4981,Attentive CNP,m1,matched_neural,2,103,500,20260909-phase3-seed20260910_n5000-m1-seed2-final-ctx-s103-n500-drop10100-mc50,ec6767d41ac3bf7383644d922e146a48f8324c48250ffd101676084ab5534e81,51a847757ff99255d962602e46e24bd3972005f8735d4fc74c715c30c667ecdb,False
figure1_1500_3000,242,58,43073,-0.2683693140292008,3.262954732004795,3.2672465971273468,0.384297520661157,0.6818181818181818,0.859504132231405,9.42379762621796,unavailable: saved per-pass bin means/covariances are absent,seed20260910_n5000,seed20260910,5k,5000,4981,Attentive CNP,m1,matched_neural,2,103,500,20260909-phase3-seed20260910_n5000-m1-seed2-final-ctx-s103-n500-drop10100-mc50,ec6767d41ac3bf7383644d922e146a48f8324c48250ffd101676084ab5534e81,51a847757ff99255d962602e46e24bd3972005f8735d4fc74c715c30c667ecdb,False
full_500_3000,442,58,114299,-0.4943419962603124,4.018085638571082,4.043866841432498,0.4638009049773756,0.751131221719457,0.8914027149321267,8.450284101648322,unavailable: saved per-pass bin means/covariances are absent,seed20260910_n5000,seed20260910,5k,5000,4981,Attentive CNP,m1,matched_neural,2,104,500,20260909-phase3-seed20260910_n5000-m1-seed2-final-ctx-s104-n500-drop10100-mc50,38b952630e8a2bdc903e6bd107dad49d6482bb4e63ac3f6e0211a6b4ce6bd218,40afdc1ffcd1ec584d5e2ca6e20baf827b38631f434a2aa649ae2adeecff8eaa,False
figure1_1500_3000,242,58,43073,-0.2799341719661375,3.254363757555013,3.259675233187422,0.3884297520661157,0.6776859504132231,0.859504132231405,9.42379762621796,unavailable: saved per-pass bin means/covariances are absent,seed20260910_n5000,seed20260910,5k,5000,4981,Attentive CNP,m1,matched_neural,2,104,500,20260909-phase3-seed20260910_n5000-m1-seed2-final-ctx-s104-n500-drop10100-mc50,38b952630e8a2bdc903e6bd107dad49d6482bb4e63ac3f6e0211a6b4ce6bd218,40afdc1ffcd1ec584d5e2ca6e20baf827b38631f434a2aa649ae2adeecff8eaa,False
full_500_3000,442,58,114299,-0.49918095447586947,4.026593120483437,4.052894245447213,0.4638009049773756,0.751131221719457,0.8914027149321267,8.450284101648322,unavailable: saved per-pass bin means/covariances are absent,seed20260910_n5000,seed20260910,5k,5000,4981,Attentive CNP,m1,matched_neural,2,105,500,20260909-phase3-seed20260910_n5000-m1-seed2-final-ctx-s105-n500-drop10100-mc50,ec8da97af3536fbb26afba3f89d080f41af707b4f4ad22f811f33aacb0c5f38c,24f2b21f106b2abf165a95ff6818b4c7f28f4ad99ec3e0b7e2818acf2415d4d6,False
figure1_1500_3000,242,58,43073,-0.2841915453265354,3.2650711085072945,3.2706882674354603,0.384297520661157,0.6776859504132231,0.859504132231405,9.42379762621796,unavailable: saved per-pass bin means/covariances are absent,seed20260910_n5000,seed20260910,5k,5000,4981,Attentive CNP,m1,matched_neural,2,105,500,20260909-phase3-seed20260910_n5000-m1-seed2-final-ctx-s105-n500-drop10100-mc50,ec8da97af3536fbb26afba3f89d080f41af707b4f4ad22f811f33aacb0c5f38c,24f2b21f106b2abf165a95ff6818b4c7f28f4ad99ec3e0b7e2818acf2415d4d6,False
full_500_3000,442,58,114299,-0.4991792281828726,4.018414173264384,4.044786671675218,0.4660633484162896,0.751131221719457,0.8914027149321267,8.450284101648322,unavailable: saved per-pass bin means/covariances are absent,seed20260910_n5000,seed20260910,5k,5000,4981,Attentive CNP,m1,matched_neural,2,106,500,20260909-phase3-seed20260910_n5000-m1-seed2-final-ctx-s106-n500-drop10100-mc50,fccde25ae674c46d3c964a83e657abe5fe286571631ac4f92c545cabdea2de4f,91027d25cc68706df572e802287e2cae24a8f461978eec054af9bbedda42bf63,False
figure1_1500_3000,242,58,43073,-0.2843472557862863,3.254147632330721,3.2598423284306333,0.3884297520661157,0.6776859504132231,0.859504132231405,9.42379762621796,unavailable: saved per-pass bin means/covariances are absent,seed20260910_n5000,seed20260910,5k,5000,4981,Attentive CNP,m1,matched_neural,2,106,500,20260909-phase3-seed20260910_n5000-m1-seed2-final-ctx-s106-n500-drop10100-mc50,fccde25ae674c46d3c964a83e657abe5fe286571631ac4f92c545cabdea2de4f,91027d25cc68706df572e802287e2cae24a8f461978eec054af9bbedda42bf63,False
full_500_3000,442,58,114299,-0.49345253992473237,4.020053978184389,4.045709631677966,0.46153846153846156,0.751131221719457,0.8914027149321267,8.450284101648322,unavailable: saved per-pass bin means/covariances are absent,seed20260910_n5000,seed20260910,5k,5000,4981,Attentive CNP,m1,matched_neural,2,107,500,20260909-phase3-seed20260910_n5000-m1-seed2-final-ctx-s107-n500-drop10100-mc50,b5d593ff598bbc2ecf0d868ac6ab906d5333c9445e75a0a8f0b93e8eccfe378e,f56cde4cc9413d990110baf5be087bb5756b089956e94eb6177994b71ba82d68,False
figure1_1500_3000,242,58,43073,-0.2791142208412965,3.25702279927822,3.2622487238670828,0.384297520661157,0.6776859504132231,0.859504132231405,9.42379762621796,unavailable: saved per-pass bin means/covariances are absent,seed20260910_n5000,seed20260910,5k,5000,4981,Attentive CNP,m1,matched_neural,2,107,500,20260909-phase3-seed20260910_n5000-m1-seed2-final-ctx-s107-n500-drop10100-mc50,b5d593ff598bbc2ecf0d868ac6ab906d5333c9445e75a0a8f0b93e8eccfe378e,f56cde4cc9413d990110baf5be087bb5756b089956e94eb6177994b71ba82d68,False
full_500_3000,442,58,114299,-0.48692987749291644,4.013799218967086,4.0387170723291765,0.46153846153846156,0.751131221719457,0.8936651583710408,8.450284101648322,unavailable: saved per-pass bin means/covariances are absent,seed20260910_n5000,seed20260910,5k,5000,4981,Attentive CNP,m1,matched_neural,2,108,500,20260909-phase3-seed20260910_n5000-m1-seed2-final-ctx-s108-n500-drop10100-mc50,6dec086dff6f9f405626072cb60d8503d0bb963431a025533d446e203cab0d66,852b978dc3c69dd6b375d970be686c6c6c1b347b1e18c6eabf9d5703c574ad0d,False
figure1_1500_3000,242,58,43073,-0.27377587258329,3.2502619578881897,3.25507331603245,0.384297520661157,0.6776859504132231,0.8636363636363636,9.42379762621796,unavailable: saved per-pass bin means/covariances are absent,seed20260910_n5000,seed20260910,5k,5000,4981,Attentive CNP,m1,matched_neural,2,108,500,20260909-phase3-seed20260910_n5000-m1-seed2-final-ctx-s108-n500-drop10100-mc50,6dec086dff6f9f405626072cb60d8503d0bb963431a025533d446e203cab0d66,852b978dc3c69dd6b375d970be686c6c6c1b347b1e18c6eabf9d5703c574ad0d,False
full_500_3000,442,58,114299,-0.5125191481356598,4.0199257199304155,4.047952325702329,0.4683257918552036,0.748868778280543,0.8914027149321267,8.450284101648322,unavailable: saved per-pass bin means/covariances are absent,seed20260910_n5000,seed20260910,5k,5000,4981,Attentive CNP,m1,matched_neural,2,109,500,20260909-phase3-seed20260910_n5000-m1-seed2-final-ctx-s109-n500-drop10100-mc50,33a63932c743839920a4bf5cb8ac20639a1bc328393633bf71c3e3955c066034,e6a25e2320541c01d17c177cd653b91fd49931fe8414b98447aa6f742bbde12f,False
figure1_1500_3000,242,58,43073,-0.29884919721185815,3.253083281270192,3.2600816138019235,0.3925619834710744,0.6776859504132231,0.859504132231405,9.42379762621796,unavailable: saved per-pass bin means/covariances are absent,seed20260910_n5000,seed20260910,5k,5000,4981,Attentive CNP,m1,matched_neural,2,109,500,20260909-phase3-seed20260910_n5000-m1-seed2-final-ctx-s109-n500-drop10100-mc50,33a63932c743839920a4bf5cb8ac20639a1bc328393633bf71c3e3955c066034,e6a25e2320541c01d17c177cd653b91fd49931fe8414b98447aa6f742bbde12f,False
full_500_3000,442,58,114299,0.8220975370907263,3.7489290122028627,3.83386432446977,0.21945701357466063,0.4004524886877828,0.5950226244343891,8.450284101648322,unavailable: saved per-pass bin means/covariances are absent,seed20260910_n5000,seed20260910,5k,5000,4981,Attentive CNP + PE,m2,matched_neural,0,100,500,20260909-phase3-seed20260910_n5000-m2-seed0-final-ctx-s100-n500-drop10100-mc50,235b810676dc619a03e47080885e31d4a6d458f56d376d3dafcd90cd9308604f,d401419ceb4c1203df0ed4ffe66697e0acb0bdf9b71eb30153f4561aabdbfd54,False
figure1_1500_3000,242,58,43073,0.7248225915737595,3.754546380441596,3.816246300015081,0.22727272727272727,0.3884297520661157,0.5867768595041323,9.42379762621796,unavailable: saved per-pass bin means/covariances are absent,seed20260910_n5000,seed20260910,5k,5000,4981,Attentive CNP + PE,m2,matched_neural,0,100,500,20260909-phase3-seed20260910_n5000-m2-seed0-final-ctx-s100-n500-drop10100-mc50,235b810676dc619a03e47080885e31d4a6d458f56d376d3dafcd90cd9308604f,d401419ceb4c1203df0ed4ffe66697e0acb0bdf9b71eb30153f4561aabdbfd54,False
full_500_3000,442,58,114299,0.5053669511230902,3.8036642644338157,3.832822050752045,0.21266968325791855,0.40271493212669685,0.5995475113122172,8.450284101648322,unavailable: saved per-pass bin means/covariances are absent,seed20260910_n5000,seed20260910,5k,5000,4981,Attentive CNP + PE,m2,matched_neural,0,101,500,20260909-phase3-seed20260910_n5000-m2-seed0-final-ctx-s101-n500-drop10100-mc50,85a2f90502a1da2dd8b1f6acc42fe6fe98b191f0945a26f0c5b30a961da1488b,b5def5360dbdf351ebd8ff6e4776b830c9738ec297285488040360bec7eaba68,False
figure1_1500_3000,242,58,43073,0.4774502151381399,3.7956701872831586,3.8177922097986667,0.19421487603305784,0.3925619834710744,0.6074380165289256,9.42379762621796,unavailable: saved per-pass bin means/covariances are absent,seed20260910_n5000,seed20260910,5k,5000,4981,Attentive CNP + PE,m2,matched_neural,0,101,500,20260909-phase3-seed20260910_n5000-m2-seed0-final-ctx-s101-n500-drop10100-mc50,85a2f90502a1da2dd8b1f6acc42fe6fe98b191f0945a26f0c5b30a961da1488b,b5def5360dbdf351ebd8ff6e4776b830c9738ec297285488040360bec7eaba68,False
full_500_3000,442,58,114299,0.8324820016528389,3.744496218776179,3.8317823432529585,0.2239819004524887,0.38687782805429866,0.5972850678733032,8.450284101648322,unavailable: saved per-pass bin means/covariances are absent,seed20260910_n5000,seed20260910,5k,5000,4981,Attentive CNP + PE,m2,matched_neural,0,102,500,20260909-phase3-seed20260910_n5000-m2-seed0-final-ctx-s102-n500-drop10100-mc50,82d57d9ae3fd5742ad55c4cde7791807d0676f55c565cfdd06e75562a07c8489,536c0880c96465e6ba01031d12a38a9c7fa440a585e615f6a9d0e1cc4320197e,False
figure1_1500_3000,242,58,43073,0.7933282625993376,3.739783536815715,3.815436714841875,0.2231404958677686,0.3677685950413223,0.5950413223140496,9.42379762621796,unavailable: saved per-pass bin means/covariances are absent,seed20260910_n5000,seed20260910,5k,5000,4981,Attentive CNP + PE,m2,matched_neural,0,102,500,20260909-phase3-seed20260910_n5000-m2-seed0-final-ctx-s102-n500-drop10100-mc50,82d57d9ae3fd5742ad55c4cde7791807d0676f55c565cfdd06e75562a07c8489,536c0880c96465e6ba01031d12a38a9c7fa440a585e615f6a9d0e1cc4320197e,False
full_500_3000,442,58,114299,0.1369399605690321,3.8870714449350396,3.8850859680236205,0.19230769230769232,0.4095022624434389,0.5927601809954751,8.450284101648322,unavailable: saved per-pass bin means/covariances are absent,seed20260910_n5000,seed20260910,5k,5000,4981,Attentive CNP + PE,m2,matched_neural,0,103,500,20260909-phase3-seed20260910_n5000-m2-seed0-final-ctx-s103-n500-drop10100-mc50,aebecdc39852051812074e5f57691f817cea15fd642f3ab5b48455038901ef31,370357b82f2b16c2be6a95b45ebf8c28b5b610da0f83368ab4d7788a58d2bb0b,False
figure1_1500_3000,242,58,43073,-0.009888556332824497,3.9028925123666642,3.89483289020908,0.16942148760330578,0.4049586776859504,0.5991735537190083,9.42379762621796,unavailable: saved per-pass bin means/covariances are absent,seed20260910_n5000,seed20260910,5k,5000,4981,Attentive CNP + PE,m2,matched_neural,0,103,500,20260909-phase3-seed20260910_n5000-m2-seed0-final-ctx-s103-n500-drop10100-mc50,aebecdc39852051812074e5f57691f817cea15fd642f3ab5b48455038901ef31,370357b82f2b16c2be6a95b45ebf8c28b5b610da0f83368ab4d7788a58d2bb0b,False
full_500_3000,442,58,114299,0.27580800710788345,3.8507006185358885,3.85621810016603,0.19909502262443438,0.4253393665158371,0.5995475113122172,8.450284101648322,unavailable: saved per-pass bin means/covariances are absent,seed20260910_n5000,seed20260910,5k,5000,4981,Attentive CNP + PE,m2,matched_neural,0,104,500,20260909-phase3-seed20260910_n5000-m2-seed0-final-ctx-s104-n500-drop10100-mc50,0dbd8681ed7126d31ab0be67bde3b4e303780f2adea0ede0a99230d7cd2a7a12,fd9ecf20445b5095fbd7133f592e141ec98e33d7b2e3dc8acc536e0214665956,False
figure1_1500_3000,242,58,43073,0.16820609614073695,3.859184068578428,3.854873849692464,0.17355371900826447,0.4297520661157025,0.6074380165289256,9.42379762621796,unavailable: saved per-pass bin means/covariances are absent,seed20260910_n5000,seed20260910,5k,5000,4981,Attentive CNP + PE,m2,matched_neural,0,104,500,20260909-phase3-seed20260910_n5000-m2-seed0-final-ctx-s104-n500-drop10100-mc50,0dbd8681ed7126d31ab0be67bde3b4e303780f2adea0ede0a99230d7cd2a7a12,fd9ecf20445b5095fbd7133f592e141ec98e33d7b2e3dc8acc536e0214665956,False
full_500_3000,442,58,114299,0.288544012615668,3.852947805127587,3.8593882929234606,0.19683257918552036,0.42081447963800905,0.5972850678733032,8.450284101648322,unavailable: saved per-pass bin means/covariances are absent,seed20260910_n5000,seed20260910,5k,5000,4981,Attentive CNP + PE,m2,matched_neural,0,105,500,20260909-phase3-seed20260910_n5000-m2-seed0-final-ctx-s105-n500-drop10100-mc50,2394e76c7993349d9c945957a86f775e2877668e68fa733db8355a927590a654,e20a212768327c4d592528e7e602221479257702d4eba0ee0c2568cd1385e7db,False
figure1_1500_3000,242,58,43073,0.14449608231236455,3.873015202216777,3.8677049245872057,0.1859504132231405,0.4090909090909091,0.5991735537190083,9.42379762621796,unavailable: saved per-pass bin means/covariances are absent,seed20260910_n5000,seed20260910,5k,5000,4981,Attentive CNP + PE,m2,matched_neural,0,105,500,20260909-phase3-seed20260910_n5000-m2-seed0-final-ctx-s105-n500-drop10100-mc50,2394e76c7993349d9c945957a86f775e2877668e68fa733db8355a927590a654,e20a212768327c4d592528e7e602221479257702d4eba0ee0c2568cd1385e7db,False
full_500_3000,442,58,114299,0.5039756683879908,3.8106899609128906,3.8395957731833574,0.20588235294117646,0.41402714932126694,0.5950226244343891,8.450284101648322,unavailable: saved per-pass bin means/covariances are absent,seed20260910_n5000,seed20260910,5k,5000,4981,Attentive CNP + PE,m2,matched_neural,0,106,500,20260909-phase3-seed20260910_n5000-m2-seed0-final-ctx-s106-n500-drop10100-mc50,c814aaabd9f4908528050b2a2de103717f77f6fa81c1b6267e2c1eab45658238,b53cbfbaa120be79e21bdde9135ae8926856202a347f76bbf3f398c839ddd16b,False
figure1_1500_3000,242,58,43073,0.369052194941854,3.821078864107463,3.830993339846651,0.1859504132231405,0.4090909090909091,0.5909090909090909,9.42379762621796,unavailable: saved per-pass bin means/covariances are absent,seed20260910_n5000,seed20260910,5k,5000,4981,Attentive CNP + PE,m2,matched_neural,0,106,500,20260909-phase3-seed20260910_n5000-m2-seed0-final-ctx-s106-n500-drop10100-mc50,c814aaabd9f4908528050b2a2de103717f77f6fa81c1b6267e2c1eab45658238,b53cbfbaa120be79e21bdde9135ae8926856202a347f76bbf3f398c839ddd16b,False
full_500_3000,442,58,114299,0.2522609309664577,3.855658961674419,3.8595476265989257,0.20361990950226244,0.41855203619909503,0.5995475113122172,8.450284101648322,unavailable: saved per-pass bin means/covariances are absent,seed20260910_n5000,seed20260910,5k,5000,4981,Attentive CNP + PE,m2,matched_neural,0,107,500,20260909-phase3-seed20260910_n5000-m2-seed0-final-ctx-s107-n500-drop10100-mc50,0a7322d2ab345f98c3516a38be4f20974812e5b6d4a17609d4ec4b1ef8798b19,32c37ce6a53f5d3dbd8ce8930b512b57328b7bcf46127547a1a79caf7c1af5dc,False
figure1_1500_3000,242,58,43073,0.15343795615959277,3.862688592684751,3.8577521923015516,0.1859504132231405,0.4214876033057851,0.6074380165289256,9.42379762621796,unavailable: saved per-pass bin means/covariances are absent,seed20260910_n5000,seed20260910,5k,5000,4981,Attentive CNP + PE,m2,matched_neural,0,107,500,20260909-phase3-seed20260910_n5000-m2-seed0-final-ctx-s107-n500-drop10100-mc50,0a7322d2ab345f98c3516a38be4f20974812e5b6d4a17609d4ec4b1ef8798b19,32c37ce6a53f5d3dbd8ce8930b512b57328b7bcf46127547a1a79caf7c1af5dc,False
full_500_3000,442,58,114299,0.08212533592223023,3.8905265335879773,3.8869906727980514,0.19909502262443438,0.416289592760181,0.5972850678733032,8.450284101648322,unavailable: saved per-pass bin means/covariances are absent,seed20260910_n5000,seed20260910,5k,5000,4981,Attentive CNP + PE,m2,matched_neural,0,108,500,20260909-phase3-seed20260910_n5000-m2-seed0-final-ctx-s108-n500-drop10100-mc50,b54804c635df4f3268a99a73db17ff737d89f9c5fd2da4463580537dbdec6026,4d6ab6183d7984b003f1570686d47bdf848e4bdfdbf470883041d46eb8cce588,False
figure1_1500_3000,242,58,43073,0.0017151765259174896,3.893886477086769,3.8858333072315676,0.1859504132231405,0.4132231404958678,0.6157024793388429,9.42379762621796,unavailable: saved per-pass bin means/covariances are absent,seed20260910_n5000,seed20260910,5k,5000,4981,Attentive CNP + PE,m2,matched_neural,0,108,500,20260909-phase3-seed20260910_n5000-m2-seed0-final-ctx-s108-n500-drop10100-mc50,b54804c635df4f3268a99a73db17ff737d89f9c5fd2da4463580537dbdec6026,4d6ab6183d7984b003f1570686d47bdf848e4bdfdbf470883041d46eb8cce588,False
full_500_3000,442,58,114299,0.8366868557121014,3.7560085620778714,3.8439208583352094,0.2081447963800905,0.39819004524886875,0.5972850678733032,8.450284101648322,unavailable: saved per-pass bin means/covariances are absent,seed20260910_n5000,seed20260910,5k,5000,4981,Attentive CNP + PE,m2,matched_neural,0,109,500,20260909-phase3-seed20260910_n5000-m2-seed0-final-ctx-s109-n500-drop10100-mc50,258bffa148f785e62d77cc12ed91efd036403a25d6e3f304fb7a0d303896f981,91a75982303a89999cc19a17f9cfcaacabb7ddf6fb644a201ec5ccec9c3f7733,False
figure1_1500_3000,242,58,43073,0.7031370964784369,3.7672323685548528,3.824630270092202,0.21074380165289255,0.38016528925619836,0.5950413223140496,9.42379762621796,unavailable: saved per-pass bin means/covariances are absent,seed20260910_n5000,seed20260910,5k,5000,4981,Attentive CNP + PE,m2,matched_neural,0,109,500,20260909-phase3-seed20260910_n5000-m2-seed0-final-ctx-s109-n500-drop10100-mc50,258bffa148f785e62d77cc12ed91efd036403a25d6e3f304fb7a0d303896f981,91a75982303a89999cc19a17f9cfcaacabb7ddf6fb644a201ec5ccec9c3f7733,False
full_500_3000,442,58,114299,2.2051050994399675,3.7418301032697845,4.3395972035328345,0.16515837104072398,0.334841628959276,0.5113122171945701,8.450284101648322,unavailable: saved per-pass bin means/covariances are absent,seed20260910_n5000,seed20260910,5k,5000,4981,Attentive CNP + PE,m2,matched_neural,1,100,500,20260909-phase3-seed20260910_n5000-m2-seed1-final-ctx-s100-n500-drop10100-mc50,c19bddfb9dc1333b71c1cafaf907dd7f6709be1fe25a6dd5edc1f7310742a632,4ea4ddc6e0ef7c8f823fe6b371c172fe5ed4124b05b3029dc975faa7161c26ae,False
figure1_1500_3000,242,58,43073,1.9550406457804954,3.643332369990829,4.128099317999062,0.15702479338842976,0.3347107438016529,0.5206611570247934,9.42379762621796,unavailable: saved per-pass bin means/covariances are absent,seed20260910_n5000,seed20260910,5k,5000,4981,Attentive CNP + PE,m2,matched_neural,1,100,500,20260909-phase3-seed20260910_n5000-m2-seed1-final-ctx-s100-n500-drop10100-mc50,c19bddfb9dc1333b71c1cafaf907dd7f6709be1fe25a6dd5edc1f7310742a632,4ea4ddc6e0ef7c8f823fe6b371c172fe5ed4124b05b3029dc975faa7161c26ae,False
full_500_3000,442,58,114299,1.864644756857775,3.7368795995294652,4.172478381197265,0.17194570135746606,0.36199095022624433,0.5180995475113123,8.450284101648322,unavailable: saved per-pass bin means/covariances are absent,seed20260910_n5000,seed20260910,5k,5000,4981,Attentive CNP + PE,m2,matched_neural,1,101,500,20260909-phase3-seed20260910_n5000-m2-seed1-final-ctx-s101-n500-drop10100-mc50,5dd48abf1df2aa0fff28a7382009a8edb9d9d0360d2e64ec9d8da20e1c082efb,4d0b523bf48ca4357935c517cf61d21463d58d62f6a461eab77201eec0d58ede,False
figure1_1500_3000,242,58,43073,1.705890875597216,3.6558648288918896,4.027428784881106,0.16942148760330578,0.359504132231405,0.5206611570247934,9.42379762621796,unavailable: saved per-pass bin means/covariances are absent,seed20260910_n5000,seed20260910,5k,5000,4981,Attentive CNP + PE,m2,matched_neural,1,101,500,20260909-phase3-seed20260910_n5000-m2-seed1-final-ctx-s101-n500-drop10100-mc50,5dd48abf1df2aa0fff28a7382009a8edb9d9d0360d2e64ec9d8da20e1c082efb,4d0b523bf48ca4357935c517cf61d21463d58d62f6a461eab77201eec0d58ede,False
full_500_3000,442,58,114299,2.1903087246841917,3.7362433772769092,4.32728370591926,0.17194570135746606,0.34615384615384615,0.5113122171945701,8.450284101648322,unavailable: saved per-pass bin means/covariances are absent,seed20260910_n5000,seed20260910,5k,5000,4981,Attentive CNP + PE,m2,matched_neural,1,102,500,20260909-phase3-seed20260910_n5000-m2-seed1-final-ctx-s102-n500-drop10100-mc50,0cbde25b0409dbbe2ad1eb9508873de5a84c60f18922ac3d59926e6d09ff2bd4,f3ddfb29f5024aa2c731154eb7e96edd5554aad967955de594aa8e6aeba3d16f,False
figure1_1500_3000,242,58,43073,1.9673715055737486,3.651198625469852,4.140859117123293,0.1652892561983471,0.34710743801652894,0.5206611570247934,9.42379762621796,unavailable: saved per-pass bin means/covariances are absent,seed20260910_n5000,seed20260910,5k,5000,4981,Attentive CNP + PE,m2,matched_neural,1,102,500,20260909-phase3-seed20260910_n5000-m2-seed1-final-ctx-s102-n500-drop10100-mc50,0cbde25b0409dbbe2ad1eb9508873de5a84c60f18922ac3d59926e6d09ff2bd4,f3ddfb29f5024aa2c731154eb7e96edd5554aad967955de594aa8e6aeba3d16f,False
full_500_3000,442,58,114299,1.4764022398405712,3.790300361328222,4.063697489712193,0.20135746606334842,0.3733031674208145,0.5271493212669683,8.450284101648322,unavailable: saved per-pass bin means/covariances are absent,seed20260910_n5000,seed20260910,5k,5000,4981,Attentive CNP + PE,m2,matched_neural,1,103,500,20260909-phase3-seed20260910_n5000-m2-seed1-final-ctx-s103-n500-drop10100-mc50,e083de2b797375f5869828c3f850ff70c5a43e9a49be195346d79a78ff1ff63a,1ec1a12b30662cfe275f6aabbd4ddc44365c72cb28971d768e10fa9a85cfaa5e,False
figure1_1500_3000,242,58,43073,1.2642449410475252,3.705415542747304,3.9079001582732555,0.2066115702479339,0.3925619834710744,0.5371900826446281,9.42379762621796,unavailable: saved per-pass bin means/covariances are absent,seed20260910_n5000,seed20260910,5k,5000,4981,Attentive CNP + PE,m2,matched_neural,1,103,500,20260909-phase3-seed20260910_n5000-m2-seed1-final-ctx-s103-n500-drop10100-mc50,e083de2b797375f5869828c3f850ff70c5a43e9a49be195346d79a78ff1ff63a,1ec1a12b30662cfe275f6aabbd4ddc44365c72cb28971d768e10fa9a85cfaa5e,False
full_500_3000,442,58,114299,1.5997532278046878,3.7949666324432423,4.11441355933554,0.18778280542986425,0.36425339366515835,0.5248868778280543,8.450284101648322,unavailable: saved per-pass bin means/covariances are absent,seed20260910_n5000,seed20260910,5k,5000,4981,Attentive CNP + PE,m2,matched_neural,1,104,500,20260909-phase3-seed20260910_n5000-m2-seed1-final-ctx-s104-n500-drop10100-mc50,889f9ede6f8f3d1b9cdafd8b43c98309a4bac89a56e57932b0abbffc25ba1dda,5217e20e46038508e99202ae7eeef9ea786e31e3a5e1535ccd8235d8c86cf35d,False
figure1_1500_3000,242,58,43073,1.3733997669565623,3.710225782391294,3.949065573899278,0.19008264462809918,0.3760330578512397,0.5454545454545454,9.42379762621796,unavailable: saved per-pass bin means/covariances are absent,seed20260910_n5000,seed20260910,5k,5000,4981,Attentive CNP + PE,m2,matched_neural,1,104,500,20260909-phase3-seed20260910_n5000-m2-seed1-final-ctx-s104-n500-drop10100-mc50,889f9ede6f8f3d1b9cdafd8b43c98309a4bac89a56e57932b0abbffc25ba1dda,5217e20e46038508e99202ae7eeef9ea786e31e3a5e1535ccd8235d8c86cf35d,False
full_500_3000,442,58,114299,1.6528285085725078,3.8003846866165025,4.140300658998752,0.19230769230769232,0.3755656108597285,0.5248868778280543,8.450284101648322,unavailable: saved per-pass bin means/covariances are absent,seed20260910_n5000,seed20260910,5k,5000,4981,Attentive CNP + PE,m2,matched_neural,1,105,500,20260909-phase3-seed20260910_n5000-m2-seed1-final-ctx-s105-n500-drop10100-mc50,48c19322bef4c4a4d0b55b296b1254b2d1be5f8d3737b72b37661d07526ccb82,b02d50746a665ccdb03c61ee54d009c8854b693c6bdd164645afcfb7cb2f257f,False
figure1_1500_3000,242,58,43073,1.381407832969683,3.712310396062987,3.9538068705934912,0.19834710743801653,0.3884297520661157,0.5413223140495868,9.42379762621796,unavailable: saved per-pass bin means/covariances are absent,seed20260910_n5000,seed20260910,5k,5000,4981,Attentive CNP + PE,m2,matched_neural,1,105,500,20260909-phase3-seed20260910_n5000-m2-seed1-final-ctx-s105-n500-drop10100-mc50,48c19322bef4c4a4d0b55b296b1254b2d1be5f8d3737b72b37661d07526ccb82,b02d50746a665ccdb03c61ee54d009c8854b693c6bdd164645afcfb7cb2f257f,False
full_500_3000,442,58,114299,1.9602019568296707,3.7740111343917726,4.248920734737748,0.15384615384615385,0.3552036199095023,0.5180995475113123,8.450284101648322,unavailable: saved per-pass bin means/covariances are absent,seed20260910_n5000,seed20260910,5k,5000,4981,Attentive CNP + PE,m2,matched_neural,1,106,500,20260909-phase3-seed20260910_n5000-m2-seed1-final-ctx-s106-n500-drop10100-mc50,544047ff79a05b1d8c2bc2df8b9c4e64697c86236e955d6b75439b390b869958,81b09b709bbd991b7f09a456beb2c821474e350e752f645c03e7d2c0c070a33c,False
figure1_1500_3000,242,58,43073,1.7125063961614075,3.6730137699800456,4.045733586491731,0.16115702479338842,0.359504132231405,0.5165289256198347,9.42379762621796,unavailable: saved per-pass bin means/covariances are absent,seed20260910_n5000,seed20260910,5k,5000,4981,Attentive CNP + PE,m2,matched_neural,1,106,500,20260909-phase3-seed20260910_n5000-m2-seed1-final-ctx-s106-n500-drop10100-mc50,544047ff79a05b1d8c2bc2df8b9c4e64697c86236e955d6b75439b390b869958,81b09b709bbd991b7f09a456beb2c821474e350e752f645c03e7d2c0c070a33c,False
full_500_3000,442,58,114299,1.6442255615744097,3.779275339837457,4.117533908574091,0.1832579185520362,0.37104072398190047,0.5248868778280543,8.450284101648322,unavailable: saved per-pass bin means/covariances are absent,seed20260910_n5000,seed20260910,5k,5000,4981,Attentive CNP + PE,m2,matched_neural,1,107,500,20260909-phase3-seed20260910_n5000-m2-seed1-final-ctx-s107-n500-drop10100-mc50,d0eea141f8313ea8df55fd2056263c556b589cb3bdb391396ef59750a55722d3,6a149b6a959e77e14fe88ddc057944a9498ba6b5e0b52e10103a62a3b1a72913,False
figure1_1500_3000,242,58,43073,1.4282353889134474,3.6932753730406587,3.9526920575155233,0.1859504132231405,0.38016528925619836,0.5413223140495868,9.42379762621796,unavailable: saved per-pass bin means/covariances are absent,seed20260910_n5000,seed20260910,5k,5000,4981,Attentive CNP + PE,m2,matched_neural,1,107,500,20260909-phase3-seed20260910_n5000-m2-seed1-final-ctx-s107-n500-drop10100-mc50,d0eea141f8313ea8df55fd2056263c556b589cb3bdb391396ef59750a55722d3,6a149b6a959e77e14fe88ddc057944a9498ba6b5e0b52e10103a62a3b1a72913,False
full_500_3000,442,58,114299,1.4485470159513336,3.7685085369097684,4.033337898738874,0.19683257918552036,0.3778280542986425,0.5294117647058824,8.450284101648322,unavailable: saved per-pass bin means/covariances are absent,seed20260910_n5000,seed20260910,5k,5000,4981,Attentive CNP + PE,m2,matched_neural,1,108,500,20260909-phase3-seed20260910_n5000-m2-seed1-final-ctx-s108-n500-drop10100-mc50,9017c2e6e03a5edbe53e4a74bf0bcda6daf6100db0b3cff2bc710c75aa964c8f,28e5aad7a5b6e1740a6725e9ea0260935d011536212228f022c929551348ee27,False
figure1_1500_3000,242,58,43073,1.2889875329959417,3.6930347563686676,3.9043100684176144,0.19421487603305784,0.3925619834710744,0.5371900826446281,9.42379762621796,unavailable: saved per-pass bin means/covariances are absent,seed20260910_n5000,seed20260910,5k,5000,4981,Attentive CNP + PE,m2,matched_neural,1,108,500,20260909-phase3-seed20260910_n5000-m2-seed1-final-ctx-s108-n500-drop10100-mc50,9017c2e6e03a5edbe53e4a74bf0bcda6daf6100db0b3cff2bc710c75aa964c8f,28e5aad7a5b6e1740a6725e9ea0260935d011536212228f022c929551348ee27,False
full_500_3000,442,58,114299,2.0155952698685855,3.781315479445891,4.28119397437331,0.1583710407239819,0.35294117647058826,0.5180995475113123,8.450284101648322,unavailable: saved per-pass bin means/covariances are absent,seed20260910_n5000,seed20260910,5k,5000,4981,Attentive CNP + PE,m2,matched_neural,1,109,500,20260909-phase3-seed20260910_n5000-m2-seed1-final-ctx-s109-n500-drop10100-mc50,ccdc0ad38cec6f330fef5243a31c73848bf43282fb45610537d44783a04ec823,955c801fe8f8605cbfdffe6c1fde7f1754ac411275e3d1288e90286f34e165b9,False
figure1_1500_3000,242,58,43073,1.7689239562834265,3.674038329090632,4.070856229704489,0.16115702479338842,0.35537190082644626,0.5247933884297521,9.42379762621796,unavailable: saved per-pass bin means/covariances are absent,seed20260910_n5000,seed20260910,5k,5000,4981,Attentive CNP + PE,m2,matched_neural,1,109,500,20260909-phase3-seed20260910_n5000-m2-seed1-final-ctx-s109-n500-drop10100-mc50,ccdc0ad38cec6f330fef5243a31c73848bf43282fb45610537d44783a04ec823,955c801fe8f8605cbfdffe6c1fde7f1754ac411275e3d1288e90286f34e165b9,False
full_500_3000,442,58,114299,1.2759918149108596,3.6425208075366333,3.855657523809527,0.2330316742081448,0.4095022624434389,0.5882352941176471,8.450284101648322,unavailable: saved per-pass bin means/covariances are absent,seed20260910_n5000,seed20260910,5k,5000,4981,Attentive CNP + PE,m2,matched_neural,2,100,500,20260909-phase3-seed20260910_n5000-m2-seed2-final-ctx-s100-n500-drop10100-mc50,a4d5c1a1a43cc6f75680cda28046d15cf52e4d2d485d07619c8bf8c8c71b78c8,fdd9ce3dc92977cf8dafc07c98c3235a13fca31e48435b70c89d442f5770a6c7,False
figure1_1500_3000,242,58,43073,1.1429614594476076,3.636353799932367,3.804574756164718,0.24793388429752067,0.41735537190082644,0.5743801652892562,9.42379762621796,unavailable: saved per-pass bin means/covariances are absent,seed20260910_n5000,seed20260910,5k,5000,4981,Attentive CNP + PE,m2,matched_neural,2,100,500,20260909-phase3-seed20260910_n5000-m2-seed2-final-ctx-s100-n500-drop10100-mc50,a4d5c1a1a43cc6f75680cda28046d15cf52e4d2d485d07619c8bf8c8c71b78c8,fdd9ce3dc92977cf8dafc07c98c3235a13fca31e48435b70c89d442f5770a6c7,False
full_500_3000,442,58,114299,1.019690315124218,3.7232829144717017,3.8563246904751933,0.22850678733031674,0.41855203619909503,0.6018099547511312,8.450284101648322,unavailable: saved per-pass bin means/covariances are absent,seed20260910_n5000,seed20260910,5k,5000,4981,Attentive CNP + PE,m2,matched_neural,2,101,500,20260909-phase3-seed20260910_n5000-m2-seed2-final-ctx-s101-n500-drop10100-mc50,a685f1894a94366aa80774ac47b58255496a69548b0f13c0593c64588936ce12,26d16a28ffcaf44be0a39bd37fa451f160731685fa1ea05fcd023f7d4760e69c,False
figure1_1500_3000,242,58,43073,0.9611712360572114,3.710170727342724,3.825223560781158,0.2396694214876033,0.41735537190082644,0.5826446280991735,9.42379762621796,unavailable: saved per-pass bin means/covariances are absent,seed20260910_n5000,seed20260910,5k,5000,4981,Attentive CNP + PE,m2,matched_neural,2,101,500,20260909-phase3-seed20260910_n5000-m2-seed2-final-ctx-s101-n500-drop10100-mc50,a685f1894a94366aa80774ac47b58255496a69548b0f13c0593c64588936ce12,26d16a28ffcaf44be0a39bd37fa451f160731685fa1ea05fcd023f7d4760e69c,False
full_500_3000,442,58,114299,1.2802636503248472,3.6449877076379167,3.8593978449784525,0.22624434389140272,0.40497737556561086,0.579185520361991,8.450284101648322,unavailable: saved per-pass bin means/covariances are absent,seed20260910_n5000,seed20260910,5k,5000,4981,Attentive CNP + PE,m2,matched_neural,2,102,500,20260909-phase3-seed20260910_n5000-m2-seed2-final-ctx-s102-n500-drop10100-mc50,6f148c88c7844b0a97595a2fc6a8ed533dbeaf6c513779f190e2b0381f6f9fee,c8efee68417dafd3baa89c10744fcfb421fd53cfd025aadf7bfb1a8609bac272,False
figure1_1500_3000,242,58,43073,1.191983549616382,3.640193263326276,3.82322841976158,0.24380165289256198,0.40082644628099173,0.5743801652892562,9.42379762621796,unavailable: saved per-pass bin means/covariances are absent,seed20260910_n5000,seed20260910,5k,5000,4981,Attentive CNP + PE,m2,matched_neural,2,102,500,20260909-phase3-seed20260910_n5000-m2-seed2-final-ctx-s102-n500-drop10100-mc50,6f148c88c7844b0a97595a2fc6a8ed533dbeaf6c513779f190e2b0381f6f9fee,c8efee68417dafd3baa89c10744fcfb421fd53cfd025aadf7bfb1a8609bac272,False
full_500_3000,442,58,114299,0.5610975533371795,3.7610673581937273,3.7984805455225783,0.2420814479638009,0.4411764705882353,0.6199095022624435,8.450284101648322,unavailable: saved per-pass bin means/covariances are absent,seed20260910_n5000,seed20260910,5k,5000,4981,Attentive CNP + PE,m2,matched_neural,2,103,500,20260909-phase3-seed20260910_n5000-m2-seed2-final-ctx-s103-n500-drop10100-mc50,c915f2b58c396bc45f647faf689dafbc00799ffd2b1e1f1f63cf551446b3bf34,d9bcf622d9e9af8eafb8cb7dd83993463036c4b0d80b0b7c4014562ef39ece89,False
figure1_1500_3000,242,58,43073,0.37686397224613194,3.7665834519734616,3.7776385168195716,0.2768595041322314,0.45041322314049587,0.5950413223140496,9.42379762621796,unavailable: saved per-pass bin means/covariances are absent,seed20260910_n5000,seed20260910,5k,5000,4981,Attentive CNP + PE,m2,matched_neural,2,103,500,20260909-phase3-seed20260910_n5000-m2-seed2-final-ctx-s103-n500-drop10100-mc50,c915f2b58c396bc45f647faf689dafbc00799ffd2b1e1f1f63cf551446b3bf34,d9bcf622d9e9af8eafb8cb7dd83993463036c4b0d80b0b7c4014562ef39ece89,False
full_500_3000,442,58,114299,0.6867190055972854,3.760653559268238,3.818651796744188,0.23755656108597284,0.4343891402714932,0.6176470588235294,8.450284101648322,unavailable: saved per-pass bin means/covariances are absent,seed20260910_n5000,seed20260910,5k,5000,4981,Attentive CNP + PE,m2,matched_neural,2,104,500,20260909-phase3-seed20260910_n5000-m2-seed2-final-ctx-s104-n500-drop10100-mc50,ba3214979ae1df8f4e3730bafa5fcc5cab64a0b19f68ac382c5eebaa5417f307,005f55525f807981db53ce3ab29ae2fb79a73044788b9ae97a37352f7c6ec908,False
figure1_1500_3000,242,58,43073,0.6132322452147293,3.7477397612456076,3.789929765585588,0.26859504132231404,0.4380165289256198,0.5909090909090909,9.42379762621796,unavailable: saved per-pass bin means/covariances are absent,seed20260910_n5000,seed20260910,5k,5000,4981,Attentive CNP + PE,m2,matched_neural,2,104,500,20260909-phase3-seed20260910_n5000-m2-seed2-final-ctx-s104-n500-drop10100-mc50,ba3214979ae1df8f4e3730bafa5fcc5cab64a0b19f68ac382c5eebaa5417f307,005f55525f807981db53ce3ab29ae2fb79a73044788b9ae97a37352f7c6ec908,False
full_500_3000,442,58,114299,0.6971018671776351,3.754634867123303,3.8146218283394355,0.22624434389140272,0.4343891402714932,0.6153846153846154,8.450284101648322,unavailable: saved per-pass bin means/covariances are absent,seed20260910_n5000,seed20260910,5k,5000,4981,Attentive CNP + PE,m2,matched_neural,2,105,500,20260909-phase3-seed20260910_n5000-m2-seed2-final-ctx-s105-n500-drop10100-mc50,c3624de4bc2a05702871fbb6b081af6ac5091c561e640bf21dc0c66b5df4ab8e,f680cc06290a60c7810833db6a7096cf70a22b0edfe40ea9380b8b1c940e38e7,False
figure1_1500_3000,242,58,43073,0.5973508393458242,3.747140520781881,3.7868019739691237,0.256198347107438,0.44214876033057854,0.5867768595041323,9.42379762621796,unavailable: saved per-pass bin means/covariances are absent,seed20260910_n5000,seed20260910,5k,5000,4981,Attentive CNP + PE,m2,matched_neural,2,105,500,20260909-phase3-seed20260910_n5000-m2-seed2-final-ctx-s105-n500-drop10100-mc50,c3624de4bc2a05702871fbb6b081af6ac5091c561e640bf21dc0c66b5df4ab8e,f680cc06290a60c7810833db6a7096cf70a22b0edfe40ea9380b8b1c940e38e7,False
full_500_3000,442,58,114299,0.8206614298643808,3.717268743245775,3.802671357337142,0.2330316742081448,0.4276018099547511,0.6131221719457014,8.450284101648322,unavailable: saved per-pass bin means/covariances are absent,seed20260910_n5000,seed20260910,5k,5000,4981,Attentive CNP + PE,m2,matched_neural,2,106,500,20260909-phase3-seed20260910_n5000-m2-seed2-final-ctx-s106-n500-drop10100-mc50,b26c3710e3af3fa5d1e33eda2c843a93c2fb549fa813ebdffa6fa8d7aa99f9e2,bbfbff532075d376cddc322b61231bc71b97e48f0612f1bfe99bee32f2171d6a,False
figure1_1500_3000,242,58,43073,0.7129985454514762,3.7101549879866624,3.770508687459423,0.25206611570247933,0.4256198347107438,0.5867768595041323,9.42379762621796,unavailable: saved per-pass bin means/covariances are absent,seed20260910_n5000,seed20260910,5k,5000,4981,Attentive CNP + PE,m2,matched_neural,2,106,500,20260909-phase3-seed20260910_n5000-m2-seed2-final-ctx-s106-n500-drop10100-mc50,b26c3710e3af3fa5d1e33eda2c843a93c2fb549fa813ebdffa6fa8d7aa99f9e2,bbfbff532075d376cddc322b61231bc71b97e48f0612f1bfe99bee32f2171d6a,False
full_500_3000,442,58,114299,0.7836685189042589,3.7275921056095287,3.8049497671996613,0.2330316742081448,0.4253393665158371,0.6176470588235294,8.450284101648322,unavailable: saved per-pass bin means/covariances are absent,seed20260910_n5000,seed20260910,5k,5000,4981,Attentive CNP + PE,m2,matched_neural,2,107,500,20260909-phase3-seed20260910_n5000-m2-seed2-final-ctx-s107-n500-drop10100-mc50,1712b95c00db56cf8786b3ca63c1f90488bf7f5a2fabd37e9a9a7b35c0eed0d8,644fc2087fc88529b4513a75145e963242429fb03d24d82496fd45488fd32ed4,False
figure1_1500_3000,242,58,43073,0.693105142650413,3.71951967330081,3.775983664408684,0.24793388429752067,0.43388429752066116,0.5909090909090909,9.42379762621796,unavailable: saved per-pass bin means/covariances are absent,seed20260910_n5000,seed20260910,5k,5000,4981,Attentive CNP + PE,m2,matched_neural,2,107,500,20260909-phase3-seed20260910_n5000-m2-seed2-final-ctx-s107-n500-drop10100-mc50,1712b95c00db56cf8786b3ca63c1f90488bf7f5a2fabd37e9a9a7b35c0eed0d8,644fc2087fc88529b4513a75145e963242429fb03d24d82496fd45488fd32ed4,False
full_500_3000,442,58,114299,0.6602044090034961,3.7817877469549903,3.834766113189926,0.2398190045248869,0.4457013574660634,0.6131221719457014,8.450284101648322,unavailable: saved per-pass bin means/covariances are absent,seed20260910_n5000,seed20260910,5k,5000,4981,Attentive CNP + PE,m2,matched_neural,2,108,500,20260909-phase3-seed20260910_n5000-m2-seed2-final-ctx-s108-n500-drop10100-mc50,6165db5c55a28e274fb4bea16f1be9e9a3180561f3661f8f0158c0f523274299,88a7d09396205df3da957a8b8608966311c323a21e09246aadb66363b5fbeee9,False
figure1_1500_3000,242,58,43073,0.6211757202071242,3.751731604000771,3.795152977403844,0.2644628099173554,0.44214876033057854,0.5826446280991735,9.42379762621796,unavailable: saved per-pass bin means/covariances are absent,seed20260910_n5000,seed20260910,5k,5000,4981,Attentive CNP + PE,m2,matched_neural,2,108,500,20260909-phase3-seed20260910_n5000-m2-seed2-final-ctx-s108-n500-drop10100-mc50,6165db5c55a28e274fb4bea16f1be9e9a3180561f3661f8f0158c0f523274299,88a7d09396205df3da957a8b8608966311c323a21e09246aadb66363b5fbeee9,False
full_500_3000,442,58,114299,1.2976150296403701,3.632913417345914,3.853829887145783,0.23755656108597284,0.4072398190045249,0.579185520361991,8.450284101648322,unavailable: saved per-pass bin means/covariances are absent,seed20260910_n5000,seed20260910,5k,5000,4981,Attentive CNP + PE,m2,matched_neural,2,109,500,20260909-phase3-seed20260910_n5000-m2-seed2-final-ctx-s109-n500-drop10100-mc50,b0e18891e23f37ea3f25923217974a1b537f886c66a53fb4284ab70dbdfd4036,4c2c8abcce998ceff47bacba77f2116631bd426a660717b43fa5b1a5d57dc0ba,False
figure1_1500_3000,242,58,43073,1.1605842821853938,3.647075549586444,3.820098489451101,0.24793388429752067,0.4090909090909091,0.5743801652892562,9.42379762621796,unavailable: saved per-pass bin means/covariances are absent,seed20260910_n5000,seed20260910,5k,5000,4981,Attentive CNP + PE,m2,matched_neural,2,109,500,20260909-phase3-seed20260910_n5000-m2-seed2-final-ctx-s109-n500-drop10100-mc50,b0e18891e23f37ea3f25923217974a1b537f886c66a53fb4284ab70dbdfd4036,4c2c8abcce998ceff47bacba77f2116631bd426a660717b43fa5b1a5d57dc0ba,False
full_500_3000,442,58,114299,0.03435730177551781,1.9801009373114855,1.9781581227295546,0.4479638009049774,0.7579185520361991,0.9140271493212669,8.450284101648322,unavailable: saved per-pass bin means/covariances are absent,seed20260910_n5000,seed20260910,5k,5000,4981,Density-guided CNP,ours,matched_neural,0,100,500,20260909-phase3-seed20260910_n5000-ours-seed0-final-ctx-s100-n500-drop10100-mc50,d0744e4583e27d2ef8f3e1b392bd8aca6027a5829a0b0ad49c966ee0c85b6f7e,70bcf85daf81cade9c41dc0932022311a58bd731dbafa98fa1258dc333a1d63f,False
figure1_1500_3000,242,58,43073,0.020156829607879036,2.1635954345963104,2.15921465518373,0.4090909090909091,0.7479338842975206,0.9132231404958677,9.42379762621796,unavailable: saved per-pass bin means/covariances are absent,seed20260910_n5000,seed20260910,5k,5000,4981,Density-guided CNP,ours,matched_neural,0,100,500,20260909-phase3-seed20260910_n5000-ours-seed0-final-ctx-s100-n500-drop10100-mc50,d0744e4583e27d2ef8f3e1b392bd8aca6027a5829a0b0ad49c966ee0c85b6f7e,70bcf85daf81cade9c41dc0932022311a58bd731dbafa98fa1258dc333a1d63f,False
full_500_3000,442,58,114299,0.11053812223511009,1.825349684786551,1.8266313009454742,0.48642533936651583,0.7714932126696833,0.9253393665158371,8.450284101648322,unavailable: saved per-pass bin means/covariances are absent,seed20260910_n5000,seed20260910,5k,5000,4981,Density-guided CNP,ours,matched_neural,0,101,500,20260909-phase3-seed20260910_n5000-ours-seed0-final-ctx-s101-n500-drop10100-mc50,41575e890715c42bf0bd33255938f2f6e0d8911cf28c19afa62298e853593937,c104808048dd227e017a11fa605fa4962fadb63af2d09fcb80d1bb1f99de9c2f,False
figure1_1500_3000,242,58,43073,0.2606687441793297,1.9057673591930435,1.9196065656532644,0.47107438016528924,0.768595041322314,0.9297520661157025,9.42379762621796,unavailable: saved per-pass bin means/covariances are absent,seed20260910_n5000,seed20260910,5k,5000,4981,Density-guided CNP,ours,matched_neural,0,101,500,20260909-phase3-seed20260910_n5000-ours-seed0-final-ctx-s101-n500-drop10100-mc50,41575e890715c42bf0bd33255938f2f6e0d8911cf28c19afa62298e853593937,c104808048dd227e017a11fa605fa4962fadb63af2d09fcb80d1bb1f99de9c2f,False
full_500_3000,442,58,114299,0.08662057205305129,1.8470438678945071,1.8469855675914755,0.47285067873303166,0.7737556561085973,0.9253393665158371,8.450284101648322,unavailable: saved per-pass bin means/covariances are absent,seed20260910_n5000,seed20260910,5k,5000,4981,Density-guided CNP,ours,matched_neural,0,102,500,20260909-phase3-seed20260910_n5000-ours-seed0-final-ctx-s102-n500-drop10100-mc50,ed14c867a83c1d35776117719f88511670b827c13bf83d94a838f43808708dd7,de22005b686c74544202550ca9e78c08a29e72400001dde3616e38c9af6eff6c,False
figure1_1500_3000,242,58,43073,0.17794551577553092,1.9510894561086702,1.955168611693266,0.4380165289256198,0.7768595041322314,0.9297520661157025,9.42379762621796,unavailable: saved per-pass bin means/covariances are absent,seed20260910_n5000,seed20260910,5k,5000,4981,Density-guided CNP,ours,matched_neural,0,102,500,20260909-phase3-seed20260910_n5000-ours-seed0-final-ctx-s102-n500-drop10100-mc50,ed14c867a83c1d35776117719f88511670b827c13bf83d94a838f43808708dd7,de22005b686c74544202550ca9e78c08a29e72400001dde3616e38c9af6eff6c,False
full_500_3000,442,58,114299,-0.07184256549040956,2.057256781210173,2.056183714147,0.45475113122171945,0.748868778280543,0.9004524886877828,8.450284101648322,unavailable: saved per-pass bin means/covariances are absent,seed20260910_n5000,seed20260910,5k,5000,4981,Density-guided CNP,ours,matched_neural,0,103,500,20260909-phase3-seed20260910_n5000-ours-seed0-final-ctx-s103-n500-drop10100-mc50,05196b9091c0f7e4e65c15d15eb97924a2be8ed8d99641fe92d4d63060d66135,a5af48c7922f3fbe94c7d44a2d36c6ba52b4e0d4eb7f62d83935c3f525af7d5f,False
figure1_1500_3000,242,58,43073,-0.0696934726366855,2.270128441799642,2.2665050049603748,0.41735537190082644,0.7355371900826446,0.8842975206611571,9.42379762621796,unavailable: saved per-pass bin means/covariances are absent,seed20260910_n5000,seed20260910,5k,5000,4981,Density-guided CNP,ours,matched_neural,0,103,500,20260909-phase3-seed20260910_n5000-ours-seed0-final-ctx-s103-n500-drop10100-mc50,05196b9091c0f7e4e65c15d15eb97924a2be8ed8d99641fe92d4d63060d66135,a5af48c7922f3fbe94c7d44a2d36c6ba52b4e0d4eb7f62d83935c3f525af7d5f,False
full_500_3000,442,58,114299,0.0646029438979577,1.8634210189612508,1.8624326742680144,0.47737556561085975,0.7692307692307693,0.918552036199095,8.450284101648322,unavailable: saved per-pass bin means/covariances are absent,seed20260910_n5000,seed20260910,5k,5000,4981,Density-guided CNP,ours,matched_neural,0,104,500,20260909-phase3-seed20260910_n5000-ours-seed0-final-ctx-s104-n500-drop10100-mc50,3989a697a4f5eecd2fca2758b33aada7d461f3b2fb54d35c3650931dc923611d,01a9fb87fdef4929d1198e73a5834a427ce64d11f0aeace4ddac32ce560256bc,False
figure1_1500_3000,242,58,43073,0.14761586578407873,1.9859986310925324,1.9873808639569464,0.45867768595041325,0.7644628099173554,0.9173553719008265,9.42379762621796,unavailable: saved per-pass bin means/covariances are absent,seed20260910_n5000,seed20260910,5k,5000,4981,Density-guided CNP,ours,matched_neural,0,104,500,20260909-phase3-seed20260910_n5000-ours-seed0-final-ctx-s104-n500-drop10100-mc50,3989a697a4f5eecd2fca2758b33aada7d461f3b2fb54d35c3650931dc923611d,01a9fb87fdef4929d1198e73a5834a427ce64d11f0aeace4ddac32ce560256bc,False
full_500_3000,442,58,114299,-0.07495132519074185,2.088007796593346,2.0869907790673716,0.4592760180995475,0.7420814479638009,0.8959276018099548,8.450284101648322,unavailable: saved per-pass bin means/covariances are absent,seed20260910_n5000,seed20260910,5k,5000,4981,Density-guided CNP,ours,matched_neural,0,105,500,20260909-phase3-seed20260910_n5000-ours-seed0-final-ctx-s105-n500-drop10100-mc50,dc953cd560112086ba1ee5e3cc3e64f2244528608478f875f6e207f5cc0893bc,7c06295e9575cfec7992a13d6e903d2f09c438e67a03853a47f617091849e39f,False
figure1_1500_3000,242,58,43073,-0.1207035416717761,2.3498444533018166,2.3480888127581188,0.4132231404958678,0.7272727272727273,0.8760330578512396,9.42379762621796,unavailable: saved per-pass bin means/covariances are absent,seed20260910_n5000,seed20260910,5k,5000,4981,Density-guided CNP,ours,matched_neural,0,105,500,20260909-phase3-seed20260910_n5000-ours-seed0-final-ctx-s105-n500-drop10100-mc50,dc953cd560112086ba1ee5e3cc3e64f2244528608478f875f6e207f5cc0893bc,7c06295e9575cfec7992a13d6e903d2f09c438e67a03853a47f617091849e39f,False
full_500_3000,442,58,114299,0.03671178846306069,1.894618671750456,1.8928302737537612,0.4819004524886878,0.7669683257918553,0.918552036199095,8.450284101648322,unavailable: saved per-pass bin means/covariances are absent,seed20260910_n5000,seed20260910,5k,5000,4981,Density-guided CNP,ours,matched_neural,0,106,500,20260909-phase3-seed20260910_n5000-ours-seed0-final-ctx-s106-n500-drop10100-mc50,adf31d977f0210f2b9f21e0f7572754bb9aae09f04b6745459b2a84f9b6b91b6,aaff7f3aa62343f0bbaa2fdc9d7fbf688c3e0b082a7feff030b344f5623422b2,False
figure1_1500_3000,242,58,43073,0.07877913148651662,2.038981259601173,2.036288586010608,0.45454545454545453,0.768595041322314,0.9173553719008265,9.42379762621796,unavailable: saved per-pass bin means/covariances are absent,seed20260910_n5000,seed20260910,5k,5000,4981,Density-guided CNP,ours,matched_neural,0,106,500,20260909-phase3-seed20260910_n5000-ours-seed0-final-ctx-s106-n500-drop10100-mc50,adf31d977f0210f2b9f21e0f7572754bb9aae09f04b6745459b2a84f9b6b91b6,aaff7f3aa62343f0bbaa2fdc9d7fbf688c3e0b082a7feff030b344f5623422b2,False
full_500_3000,442,58,114299,-0.03718611434293728,2.0027511039837163,2.0008298538007088,0.4660633484162896,0.746606334841629,0.9004524886877828,8.450284101648322,unavailable: saved per-pass bin means/covariances are absent,seed20260910_n5000,seed20260910,5k,5000,4981,Density-guided CNP,ours,matched_neural,0,107,500,20260909-phase3-seed20260910_n5000-ours-seed0-final-ctx-s107-n500-drop10100-mc50,36372345a0c797c0b5a89d82127316f68f96feeceb27df374a312506c045c1b4,621bae541d45ad681e5e0f367a9907e814d161e3d5208436ebd3076f232b166d,False
figure1_1500_3000,242,58,43073,-0.00992474747285863,2.21587258335148,2.2113118669167284,0.4297520661157025,0.731404958677686,0.8842975206611571,9.42379762621796,unavailable: saved per-pass bin means/covariances are absent,seed20260910_n5000,seed20260910,5k,5000,4981,Density-guided CNP,ours,matched_neural,0,107,500,20260909-phase3-seed20260910_n5000-ours-seed0-final-ctx-s107-n500-drop10100-mc50,36372345a0c797c0b5a89d82127316f68f96feeceb27df374a312506c045c1b4,621bae541d45ad681e5e0f367a9907e814d161e3d5208436ebd3076f232b166d,False
full_500_3000,442,58,114299,0.04507887261507421,1.8637763686452156,1.8622125261308342,0.48868778280542985,0.7601809954751131,0.9230769230769231,8.450284101648322,unavailable: saved per-pass bin means/covariances are absent,seed20260910_n5000,seed20260910,5k,5000,4981,Density-guided CNP,ours,matched_neural,0,108,500,20260909-phase3-seed20260910_n5000-ours-seed0-final-ctx-s108-n500-drop10100-mc50,1cd14ee7211e2f7a118bf07f043b02fbaeebac4af9a0ba1eee96820640c428b4,c354fa8862c2974465f53608b119260ffd67ff09ad8ac095bb753a7f63a311e6,False
figure1_1500_3000,242,58,43073,0.1862803007518617,1.9479521121516519,1.9528281945906734,0.4628099173553719,0.756198347107438,0.9214876033057852,9.42379762621796,unavailable: saved per-pass bin means/covariances are absent,seed20260910_n5000,seed20260910,5k,5000,4981,Density-guided CNP,ours,matched_neural,0,108,500,20260909-phase3-seed20260910_n5000-ours-seed0-final-ctx-s108-n500-drop10100-mc50,1cd14ee7211e2f7a118bf07f043b02fbaeebac4af9a0ba1eee96820640c428b4,c354fa8862c2974465f53608b119260ffd67ff09ad8ac095bb753a7f63a311e6,False
full_500_3000,442,58,114299,-0.008744114042687583,2.0384264800893774,2.0361380377670915,0.4592760180995475,0.744343891402715,0.9004524886877828,8.450284101648322,unavailable: saved per-pass bin means/covariances are absent,seed20260910_n5000,seed20260910,5k,5000,4981,Density-guided CNP,ours,matched_neural,0,109,500,20260909-phase3-seed20260910_n5000-ours-seed0-final-ctx-s109-n500-drop10100-mc50,25b6687161337cd8320e1223836f2ee5b83ad37080f5a7ddb11aa3861ba03dea,e4697453ea6d21e2070237bb62b99db19b9f3ec49231c91d02dc37b783be87ca,False
figure1_1500_3000,242,58,43073,-0.07958537655378764,2.259680357720706,2.2564107196744865,0.4214876033057851,0.7355371900826446,0.8884297520661157,9.42379762621796,unavailable: saved per-pass bin means/covariances are absent,seed20260910_n5000,seed20260910,5k,5000,4981,Density-guided CNP,ours,matched_neural,0,109,500,20260909-phase3-seed20260910_n5000-ours-seed0-final-ctx-s109-n500-drop10100-mc50,25b6687161337cd8320e1223836f2ee5b83ad37080f5a7ddb11aa3861ba03dea,e4697453ea6d21e2070237bb62b99db19b9f3ec49231c91d02dc37b783be87ca,False
full_500_3000,442,58,114299,0.18515959377110275,2.0257255788094177,2.0318868359451816,0.4230769230769231,0.7420814479638009,0.9072398190045249,8.450284101648322,unavailable: saved per-pass bin means/covariances are absent,seed20260910_n5000,seed20260910,5k,5000,4981,Density-guided CNP,ours,matched_neural,1,100,500,20260909-phase3-seed20260910_n5000-ours-seed1-final-ctx-s100-n500-drop10100-mc50,99db8936c2d1b5280fab912300b84df01d3c77e250870e651ed51b70c404f5c4,a519a8b8e38154f4b681746323c24aa8741c65a74db5ab655dda225dcd9dd2a6,False
figure1_1500_3000,242,58,43073,0.16966844786856025,2.0697612573896746,2.0724374370497136,0.44214876033057854,0.7355371900826446,0.9173553719008265,9.42379762621796,unavailable: saved per-pass bin means/covariances are absent,seed20260910_n5000,seed20260910,5k,5000,4981,Density-guided CNP,ours,matched_neural,1,100,500,20260909-phase3-seed20260910_n5000-ours-seed1-final-ctx-s100-n500-drop10100-mc50,99db8936c2d1b5280fab912300b84df01d3c77e250870e651ed51b70c404f5c4,a519a8b8e38154f4b681746323c24aa8741c65a74db5ab655dda225dcd9dd2a6,False
full_500_3000,442,58,114299,0.19673964706328576,1.8758102481417942,1.8839877380925052,0.47285067873303166,0.7828054298642534,0.918552036199095,8.450284101648322,unavailable: saved per-pass bin means/covariances are absent,seed20260910_n5000,seed20260910,5k,5000,4981,Density-guided CNP,ours,matched_neural,1,101,500,20260909-phase3-seed20260910_n5000-ours-seed1-final-ctx-s101-n500-drop10100-mc50,e85fa91dcb0d6dbd1428749f9e11b534995ce7387009ef56bf321589d5a0785b,df32a8be87efd226f66f9a65063d91dbe81e945188391a5d3916cfaf8456f4ac,False
figure1_1500_3000,242,58,43073,0.3029537238715537,1.8365268049088035,1.8575990813393393,0.49173553719008267,0.7933884297520661,0.9297520661157025,9.42379762621796,unavailable: saved per-pass bin means/covariances are absent,seed20260910_n5000,seed20260910,5k,5000,4981,Density-guided CNP,ours,matched_neural,1,101,500,20260909-phase3-seed20260910_n5000-ours-seed1-final-ctx-s101-n500-drop10100-mc50,e85fa91dcb0d6dbd1428749f9e11b534995ce7387009ef56bf321589d5a0785b,df32a8be87efd226f66f9a65063d91dbe81e945188391a5d3916cfaf8456f4ac,False
full_500_3000,442,58,114299,0.19004089718704523,1.9182691154937863,1.9254990785087942,0.4638009049773756,0.755656108597285,0.9230769230769231,8.450284101648322,unavailable: saved per-pass bin means/covariances are absent,seed20260910_n5000,seed20260910,5k,5000,4981,Density-guided CNP,ours,matched_neural,1,102,500,20260909-phase3-seed20260910_n5000-ours-seed1-final-ctx-s102-n500-drop10100-mc50,b791623d12d78b464e80916eb63b09811c35969f0fb34462ffea5c91e9f28a9d,48778b506e52802b2a9cc04602e2d61cfb347bda962ea57d2aa4f4fc6c0cbcf3,False
figure1_1500_3000,242,58,43073,0.2633287143850491,1.8718230268322473,1.8864212858783442,0.4628099173553719,0.756198347107438,0.9380165289256198,9.42379762621796,unavailable: saved per-pass bin means/covariances are absent,seed20260910_n5000,seed20260910,5k,5000,4981,Density-guided CNP,ours,matched_neural,1,102,500,20260909-phase3-seed20260910_n5000-ours-seed1-final-ctx-s102-n500-drop10100-mc50,b791623d12d78b464e80916eb63b09811c35969f0fb34462ffea5c91e9f28a9d,48778b506e52802b2a9cc04602e2d61cfb347bda962ea57d2aa4f4fc6c0cbcf3,False
full_500_3000,442,58,114299,0.12113221268114262,1.992811525252083,1.9942381882641649,0.41402714932126694,0.748868778280543,0.9072398190045249,8.450284101648322,unavailable: saved per-pass bin means/covariances are absent,seed20260910_n5000,seed20260910,5k,5000,4981,Density-guided CNP,ours,matched_neural,1,103,500,20260909-phase3-seed20260910_n5000-ours-seed1-final-ctx-s103-n500-drop10100-mc50,808b602e2d08428ff95880bb31ea8ffbd72639a18682d98d500478de2221719c,e8d5ab8726108b2731d3c505157e29d1f313cefb7556157ca3ff7ae6426a4e00,False
figure1_1500_3000,242,58,43073,0.16276260144736598,2.07715849161718,2.0792426963143233,0.41735537190082644,0.7396694214876033,0.9132231404958677,9.42379762621796,unavailable: saved per-pass bin means/covariances are absent,seed20260910_n5000,seed20260910,5k,5000,4981,Density-guided CNP,ours,matched_neural,1,103,500,20260909-phase3-seed20260910_n5000-ours-seed1-final-ctx-s103-n500-drop10100-mc50,808b602e2d08428ff95880bb31ea8ffbd72639a18682d98d500478de2221719c,e8d5ab8726108b2731d3c505157e29d1f313cefb7556157ca3ff7ae6426a4e00,False
full_500_3000,442,58,114299,0.15455397992404943,1.9225862676918595,1.9266193536527898,0.46153846153846156,0.7714932126696833,0.916289592760181,8.450284101648322,unavailable: saved per-pass bin means/covariances are absent,seed20260910_n5000,seed20260910,5k,5000,4981,Density-guided CNP,ours,matched_neural,1,104,500,20260909-phase3-seed20260910_n5000-ours-seed1-final-ctx-s104-n500-drop10100-mc50,4fa0818824e8c741a0d72cab231fdbc416283f03871a114f17ca06022f8dbc06,6d32b010066fe58e76ae476e02983887d9d30c4c221dd66525ce5e43ebaad79c,False
figure1_1500_3000,242,58,43073,0.20690929528245852,1.8911626967424584,1.898559688686581,0.4628099173553719,0.7851239669421488,0.9256198347107438,9.42379762621796,unavailable: saved per-pass bin means/covariances are absent,seed20260910_n5000,seed20260910,5k,5000,4981,Density-guided CNP,ours,matched_neural,1,104,500,20260909-phase3-seed20260910_n5000-ours-seed1-final-ctx-s104-n500-drop10100-mc50,4fa0818824e8c741a0d72cab231fdbc416283f03871a114f17ca06022f8dbc06,6d32b010066fe58e76ae476e02983887d9d30c4c221dd66525ce5e43ebaad79c,False
full_500_3000,442,58,114299,0.06725287848657019,2.0984305765012268,2.097134083933538,0.4276018099547511,0.7330316742081447,0.9027149321266968,8.450284101648322,unavailable: saved per-pass bin means/covariances are absent,seed20260910_n5000,seed20260910,5k,5000,4981,Density-guided CNP,ours,matched_neural,1,105,500,20260909-phase3-seed20260910_n5000-ours-seed1-final-ctx-s105-n500-drop10100-mc50,e9939b48cce7cfe67be46773332c2ed7e959c09a347f2d563a8e929be6ffdcea,f2bd6298d3f3825c4f60ee2c64dbcceb673b2548575d4f4a558ed2fdab5a5070,False
figure1_1500_3000,242,58,43073,0.024483374004879873,2.2110285205411766,2.2065913833552724,0.4090909090909091,0.7066115702479339,0.9008264462809917,9.42379762621796,unavailable: saved per-pass bin means/covariances are absent,seed20260910_n5000,seed20260910,5k,5000,4981,Density-guided CNP,ours,matched_neural,1,105,500,20260909-phase3-seed20260910_n5000-ours-seed1-final-ctx-s105-n500-drop10100-mc50,e9939b48cce7cfe67be46773332c2ed7e959c09a347f2d563a8e929be6ffdcea,f2bd6298d3f3825c4f60ee2c64dbcceb673b2548575d4f4a558ed2fdab5a5070,False
full_500_3000,442,58,114299,0.14832613318906307,1.9901858251466364,1.9934590752743564,0.4502262443438914,0.755656108597285,0.916289592760181,8.450284101648322,unavailable: saved per-pass bin means/covariances are absent,seed20260910_n5000,seed20260910,5k,5000,4981,Density-guided CNP,ours,matched_neural,1,106,500,20260909-phase3-seed20260910_n5000-ours-seed1-final-ctx-s106-n500-drop10100-mc50,be015b4312c0ee582b9d8c2b874d2b6bec058bc5746000dac7480a79257dd363,fb566ee3a3c301b871498b3e6cbb80de3ee348c67d58e376b7a93aac0e65d3ae,False
figure1_1500_3000,242,58,43073,0.17858839530118098,1.9963057267222946,2.000165605602097,0.4462809917355372,0.7520661157024794,0.9256198347107438,9.42379762621796,unavailable: saved per-pass bin means/covariances are absent,seed20260910_n5000,seed20260910,5k,5000,4981,Density-guided CNP,ours,matched_neural,1,106,500,20260909-phase3-seed20260910_n5000-ours-seed1-final-ctx-s106-n500-drop10100-mc50,be015b4312c0ee582b9d8c2b874d2b6bec058bc5746000dac7480a79257dd363,fb566ee3a3c301b871498b3e6cbb80de3ee348c67d58e376b7a93aac0e65d3ae,False
full_500_3000,442,58,114299,0.09401151799488455,1.9517559632130268,1.9518122510907017,0.4411764705882353,0.7601809954751131,0.9095022624434389,8.450284101648322,unavailable: saved per-pass bin means/covariances are absent,seed20260910_n5000,seed20260910,5k,5000,4981,Density-guided CNP,ours,matched_neural,1,107,500,20260909-phase3-seed20260910_n5000-ours-seed1-final-ctx-s107-n500-drop10100-mc50,d0ff600ddf657ffc55d92585cbf43c755325bf7b367dd7fb823b9e7e106fa898,b0c3d627240a3cef867cc6ea48cb52486cc567903f36c67f491db7f0486f33d5,False
figure1_1500_3000,242,58,43073,0.1181059932121148,1.985056094737194,1.9844681612848942,0.43388429752066116,0.756198347107438,0.9132231404958677,9.42379762621796,unavailable: saved per-pass bin means/covariances are absent,seed20260910_n5000,seed20260910,5k,5000,4981,Density-guided CNP,ours,matched_neural,1,107,500,20260909-phase3-seed20260910_n5000-ours-seed1-final-ctx-s107-n500-drop10100-mc50,d0ff600ddf657ffc55d92585cbf43c755325bf7b367dd7fb823b9e7e106fa898,b0c3d627240a3cef867cc6ea48cb52486cc567903f36c67f491db7f0486f33d5,False
full_500_3000,442,58,114299,0.14528779308947254,1.8717196972028014,1.875237870586379,0.4638009049773756,0.7714932126696833,0.9230769230769231,8.450284101648322,unavailable: saved per-pass bin means/covariances are absent,seed20260910_n5000,seed20260910,5k,5000,4981,Density-guided CNP,ours,matched_neural,1,108,500,20260909-phase3-seed20260910_n5000-ours-seed1-final-ctx-s108-n500-drop10100-mc50,087ab8bf7225d74e2bfaa6bae3a9dddf1d3241beac3798ce3ca36b6c8d79f87f,ae358a1ee1ed75e4b52fb9de3b44b154b7362032e359a05ba017d9526e996b1a,False
figure1_1500_3000,242,58,43073,0.2579493538652126,1.8847036585599535,1.8984118673277361,0.4669421487603306,0.78099173553719,0.9338842975206612,9.42379762621796,unavailable: saved per-pass bin means/covariances are absent,seed20260910_n5000,seed20260910,5k,5000,4981,Density-guided CNP,ours,matched_neural,1,108,500,20260909-phase3-seed20260910_n5000-ours-seed1-final-ctx-s108-n500-drop10100-mc50,087ab8bf7225d74e2bfaa6bae3a9dddf1d3241beac3798ce3ca36b6c8d79f87f,ae358a1ee1ed75e4b52fb9de3b44b154b7362032e359a05ba017d9526e996b1a,False
full_500_3000,442,58,114299,0.1816983920948088,2.0702603550464636,2.0758842599486416,0.4502262443438914,0.748868778280543,0.916289592760181,8.450284101648322,unavailable: saved per-pass bin means/covariances are absent,seed20260910_n5000,seed20260910,5k,5000,4981,Density-guided CNP,ours,matched_neural,1,109,500,20260909-phase3-seed20260910_n5000-ours-seed1-final-ctx-s109-n500-drop10100-mc50,e57bfc5cab4b7457b40cdac99d2b60a51583ed1b2f3f08105567882bcc72b7f5,aed7c61e2a009465bff971e786336ce0ba4bbc356ea8fde36326eac0e042a44b,False
figure1_1500_3000,242,58,43073,0.16248632569301866,2.039261616442258,2.0415203889858016,0.4297520661157025,0.7479338842975206,0.9256198347107438,9.42379762621796,unavailable: saved per-pass bin means/covariances are absent,seed20260910_n5000,seed20260910,5k,5000,4981,Density-guided CNP,ours,matched_neural,1,109,500,20260909-phase3-seed20260910_n5000-ours-seed1-final-ctx-s109-n500-drop10100-mc50,e57bfc5cab4b7457b40cdac99d2b60a51583ed1b2f3f08105567882bcc72b7f5,aed7c61e2a009465bff971e786336ce0ba4bbc356ea8fde36326eac0e042a44b,False
full_500_3000,442,58,114299,0.14582007406615638,2.0823348896442364,2.0850831790530773,0.4411764705882353,0.751131221719457,0.9095022624434389,8.450284101648322,unavailable: saved per-pass bin means/covariances are absent,seed20260910_n5000,seed20260910,5k,5000,4981,Density-guided CNP,ours,matched_neural,2,100,500,20260909-phase3-seed20260910_n5000-ours-seed2-final-ctx-s100-n500-drop10100-mc50,735da2eb9b23beb7d32c2cbd90ca25c19c7f3ebd1569ae4e284cff11f05a6e55,0bc11033717eb5d25cddde7dfcbcf382c62555a3e28fb25ce4ed6b4ce2a6fa6d,False
figure1_1500_3000,242,58,43073,0.06699462583416346,2.179090478735471,2.1756153062697425,0.4256198347107438,0.7396694214876033,0.9214876033057852,9.42379762621796,unavailable: saved per-pass bin means/covariances are absent,seed20260910_n5000,seed20260910,5k,5000,4981,Density-guided CNP,ours,matched_neural,2,100,500,20260909-phase3-seed20260910_n5000-ours-seed2-final-ctx-s100-n500-drop10100-mc50,735da2eb9b23beb7d32c2cbd90ca25c19c7f3ebd1569ae4e284cff11f05a6e55,0bc11033717eb5d25cddde7dfcbcf382c62555a3e28fb25ce4ed6b4ce2a6fa6d,False
full_500_3000,442,58,114299,0.16708515707726226,1.892069109719997,1.8972990240541368,0.48642533936651583,0.7941176470588235,0.920814479638009,8.450284101648322,unavailable: saved per-pass bin means/covariances are absent,seed20260910_n5000,seed20260910,5k,5000,4981,Density-guided CNP,ours,matched_neural,2,101,500,20260909-phase3-seed20260910_n5000-ours-seed2-final-ctx-s101-n500-drop10100-mc50,eaae0650cca8accdadbe5deff090a22bca054b54045a577ec6a0c016ab353624,d96dd5310176cd950d7ee1a4d6f428a1e36e620172d5e2cf32e9a77436a62e5e,False
figure1_1500_3000,242,58,43073,0.27721877356237945,1.8711743651656492,1.8877700067248047,0.47520661157024796,0.7933884297520661,0.9338842975206612,9.42379762621796,unavailable: saved per-pass bin means/covariances are absent,seed20260910_n5000,seed20260910,5k,5000,4981,Density-guided CNP,ours,matched_neural,2,101,500,20260909-phase3-seed20260910_n5000-ours-seed2-final-ctx-s101-n500-drop10100-mc50,eaae0650cca8accdadbe5deff090a22bca054b54045a577ec6a0c016ab353624,d96dd5310176cd950d7ee1a4d6f428a1e36e620172d5e2cf32e9a77436a62e5e,False
full_500_3000,442,58,114299,0.15062332224020303,1.9479763930742642,1.951592764408441,0.49095022624434387,0.7760180995475113,0.9095022624434389,8.450284101648322,unavailable: saved per-pass bin means/covariances are absent,seed20260910_n5000,seed20260910,5k,5000,4981,Density-guided CNP,ours,matched_neural,2,102,500,20260909-phase3-seed20260910_n5000-ours-seed2-final-ctx-s102-n500-drop10100-mc50,9c315dee460ecba69b2cc1a0bbfbdd72feb6d4a0d9415a019e713ba6a597f0ed,76e57bb4a34e89925ce595cfeb8a2d9581bb8fa0611ce9d8adf45d9c26bb4f92,False
figure1_1500_3000,242,58,43073,0.20889584272546508,1.9317188607653748,1.9390089356772557,0.47107438016528924,0.7892561983471075,0.9256198347107438,9.42379762621796,unavailable: saved per-pass bin means/covariances are absent,seed20260910_n5000,seed20260910,5k,5000,4981,Density-guided CNP,ours,matched_neural,2,102,500,20260909-phase3-seed20260910_n5000-ours-seed2-final-ctx-s102-n500-drop10100-mc50,9c315dee460ecba69b2cc1a0bbfbdd72feb6d4a0d9415a019e713ba6a597f0ed,76e57bb4a34e89925ce595cfeb8a2d9581bb8fa0611ce9d8adf45d9c26bb4f92,False
full_500_3000,442,58,114299,0.011326908601026121,2.149559548536214,2.1471564198403046,0.46153846153846156,0.7420814479638009,0.9095022624434389,8.450284101648322,unavailable: saved per-pass bin means/covariances are absent,seed20260910_n5000,seed20260910,5k,5000,4981,Density-guided CNP,ours,matched_neural,2,103,500,20260909-phase3-seed20260910_n5000-ours-seed2-final-ctx-s103-n500-drop10100-mc50,4264e7f71951479b322e4d5c31f095ee3cebf6eaaf43650c78da47c7e1c88bb9,666dee745e832d4742b70ef726231328c40d99568d28160e3cf19067bf5fbd6d,False
figure1_1500_3000,242,58,43073,-0.030570032881931542,2.30738173940547,2.3028124054945427,0.43388429752066116,0.71900826446281,0.9049586776859504,9.42379762621796,unavailable: saved per-pass bin means/covariances are absent,seed20260910_n5000,seed20260910,5k,5000,4981,Density-guided CNP,ours,matched_neural,2,103,500,20260909-phase3-seed20260910_n5000-ours-seed2-final-ctx-s103-n500-drop10100-mc50,4264e7f71951479b322e4d5c31f095ee3cebf6eaaf43650c78da47c7e1c88bb9,666dee745e832d4742b70ef726231328c40d99568d28160e3cf19067bf5fbd6d,False
full_500_3000,442,58,114299,0.09742204216728788,1.947253278814736,1.9474875259381061,0.47737556561085975,0.7737556561085973,0.918552036199095,8.450284101648322,unavailable: saved per-pass bin means/covariances are absent,seed20260910_n5000,seed20260910,5k,5000,4981,Density-guided CNP,ours,matched_neural,2,104,500,20260909-phase3-seed20260910_n5000-ours-seed2-final-ctx-s104-n500-drop10100-mc50,e14eb88272108ff05c9009c9dfdca3b5e214fd9b94d4ce8e9e83b92cb9df0d7a,1119c2c05fc619d5083355497c3392f5967a1499630be67f25157be81128fc66,False
figure1_1500_3000,242,58,43073,0.1353882528035451,1.9569162653394447,1.9575563288169473,0.45041322314049587,0.78099173553719,0.9297520661157025,9.42379762621796,unavailable: saved per-pass bin means/covariances are absent,seed20260910_n5000,seed20260910,5k,5000,4981,Density-guided CNP,ours,matched_neural,2,104,500,20260909-phase3-seed20260910_n5000-ours-seed2-final-ctx-s104-n500-drop10100-mc50,e14eb88272108ff05c9009c9dfdca3b5e214fd9b94d4ce8e9e83b92cb9df0d7a,1119c2c05fc619d5083355497c3392f5967a1499630be67f25157be81128fc66,False
full_500_3000,442,58,114299,-0.02511023673580422,2.2018811186595006,2.1995322285385583,0.4638009049773756,0.7420814479638009,0.8868778280542986,8.450284101648322,unavailable: saved per-pass bin means/covariances are absent,seed20260910_n5000,seed20260910,5k,5000,4981,Density-guided CNP,ours,matched_neural,2,105,500,20260909-phase3-seed20260910_n5000-ours-seed2-final-ctx-s105-n500-drop10100-mc50,37ba34216f86ae33f1e87caefb4e397ba88eb1b8a26b5bcb37f9a4cd675bfbd3,1d75496e01814ac9682da567fc236c61db41caf76532343851a49a01f65af58c,False
figure1_1500_3000,242,58,43073,-0.14117456464948688,2.3821318094834365,2.3813932169316154,0.4256198347107438,0.71900826446281,0.8801652892561983,9.42379762621796,unavailable: saved per-pass bin means/covariances are absent,seed20260910_n5000,seed20260910,5k,5000,4981,Density-guided CNP,ours,matched_neural,2,105,500,20260909-phase3-seed20260910_n5000-ours-seed2-final-ctx-s105-n500-drop10100-mc50,37ba34216f86ae33f1e87caefb4e397ba88eb1b8a26b5bcb37f9a4cd675bfbd3,1d75496e01814ac9682da567fc236c61db41caf76532343851a49a01f65af58c,False
full_500_3000,442,58,114299,0.08217092402438367,2.035854420006331,2.0352096018860624,0.49095022624434387,0.7647058823529411,0.9095022624434389,8.450284101648322,unavailable: saved per-pass bin means/covariances are absent,seed20260910_n5000,seed20260910,5k,5000,4981,Density-guided CNP,ours,matched_neural,2,106,500,20260909-phase3-seed20260910_n5000-ours-seed2-final-ctx-s106-n500-drop10100-mc50,3fd68b664feb155615a449bd7c735bfe1b3acb289e37460be51402889b3d2814,1b2061cf1fc5e22c61047a0775f46f4375bb4c683395866550d9184171381302,False
figure1_1500_3000,242,58,43073,0.07233617052597376,2.0848871705606586,2.0818321834438347,0.47107438016528924,0.7644628099173554,0.9256198347107438,9.42379762621796,unavailable: saved per-pass bin means/covariances are absent,seed20260910_n5000,seed20260910,5k,5000,4981,Density-guided CNP,ours,matched_neural,2,106,500,20260909-phase3-seed20260910_n5000-ours-seed2-final-ctx-s106-n500-drop10100-mc50,3fd68b664feb155615a449bd7c735bfe1b3acb289e37460be51402889b3d2814,1b2061cf1fc5e22c61047a0775f46f4375bb4c683395866550d9184171381302,False
full_500_3000,442,58,114299,0.0020958723877604916,2.0640080707233186,2.061672963171445,0.4751131221719457,0.7647058823529411,0.8981900452488688,8.450284101648322,unavailable: saved per-pass bin means/covariances are absent,seed20260910_n5000,seed20260910,5k,5000,4981,Density-guided CNP,ours,matched_neural,2,107,500,20260909-phase3-seed20260910_n5000-ours-seed2-final-ctx-s107-n500-drop10100-mc50,f09ce4214bf0c0024d34c9f46bf18e7eead22bcbbac3190c509f29e29acd747e,5b7af2f4d2bfecee40c1fcecb72a57c34e383e3a476ad4ab3ec9df08dc4c0431,False
figure1_1500_3000,242,58,43073,-0.02197217958642144,2.175148428603702,2.170760870712616,0.44214876033057854,0.7479338842975206,0.8925619834710744,9.42379762621796,unavailable: saved per-pass bin means/covariances are absent,seed20260910_n5000,seed20260910,5k,5000,4981,Density-guided CNP,ours,matched_neural,2,107,500,20260909-phase3-seed20260910_n5000-ours-seed2-final-ctx-s107-n500-drop10100-mc50,f09ce4214bf0c0024d34c9f46bf18e7eead22bcbbac3190c509f29e29acd747e,5b7af2f4d2bfecee40c1fcecb72a57c34e383e3a476ad4ab3ec9df08dc4c0431,False
full_500_3000,442,58,114299,0.0976037120025079,1.9184223773893767,1.9187350863481318,0.5,0.7782805429864253,0.9230769230769231,8.450284101648322,unavailable: saved per-pass bin means/covariances are absent,seed20260910_n5000,seed20260910,5k,5000,4981,Density-guided CNP,ours,matched_neural,2,108,500,20260909-phase3-seed20260910_n5000-ours-seed2-final-ctx-s108-n500-drop10100-mc50,034195bc04fbae1db06d59e4e3c4bec66377a274ae1f2420031188194b069b76,d2f4a0e15519535e2c940487b0d949b0bbd6c21abfeb96b299d95663e5da12f7,False
figure1_1500_3000,242,58,43073,0.21406133956480203,1.9245386795611579,1.9324508336650315,0.47520661157024796,0.7727272727272727,0.9256198347107438,9.42379762621796,unavailable: saved per-pass bin means/covariances are absent,seed20260910_n5000,seed20260910,5k,5000,4981,Density-guided CNP,ours,matched_neural,2,108,500,20260909-phase3-seed20260910_n5000-ours-seed2-final-ctx-s108-n500-drop10100-mc50,034195bc04fbae1db06d59e4e3c4bec66377a274ae1f2420031188194b069b76,d2f4a0e15519535e2c940487b0d949b0bbd6c21abfeb96b299d95663e5da12f7,False
full_500_3000,442,58,114299,0.043676237522266785,2.18721999243911,2.1851808929876073,0.47285067873303166,0.748868778280543,0.9004524886877828,8.450284101648322,unavailable: saved per-pass bin means/covariances are absent,seed20260910_n5000,seed20260910,5k,5000,4981,Density-guided CNP,ours,matched_neural,2,109,500,20260909-phase3-seed20260910_n5000-ours-seed2-final-ctx-s109-n500-drop10100-mc50,2e81b74974b096e765cd8e1c75804a7dfc9858350184bb59a76462d55f8970ed,7aa03c645f297734f8043fec5ceece935705775b4853ff0222657adb90d17aa8,False
figure1_1500_3000,242,58,43073,-0.06557078258827208,2.2780208992500564,2.274254829427611,0.4380165289256198,0.731404958677686,0.9008264462809917,9.42379762621796,unavailable: saved per-pass bin means/covariances are absent,seed20260910_n5000,seed20260910,5k,5000,4981,Density-guided CNP,ours,matched_neural,2,109,500,20260909-phase3-seed20260910_n5000-ours-seed2-final-ctx-s109-n500-drop10100-mc50,2e81b74974b096e765cd8e1c75804a7dfc9858350184bb59a76462d55f8970ed,7aa03c645f297734f8043fec5ceece935705775b4853ff0222657adb90d17aa8,False
full_500_3000,442,58,114299,-0.04896568460620466,3.553928705702325,3.550243836267633,0.4592760180995475,0.7601809954751131,0.918552036199095,8.450284101648322,unavailable: saved per-pass bin means/covariances are absent,seed20260911_n5000,seed20260911,5k,5000,4980,CNP,m0,matched_neural,0,100,500,20260909-phase3-seed20260911_n5000-m0-seed0-final-ctx-s100-n500-drop10100-mc50,73dc18c9a27e8fb11b9b1ebd0cec9f332432d4ff5333c948be8fd9288bbf66d2,0861b12b0a012238374f3c5098a822e35d89bf459f604504fe477b4858ec2796,False
figure1_1500_3000,242,58,43073,-0.06973583685537313,2.890094519229535,2.884960025640363,0.4297520661157025,0.731404958677686,0.9049586776859504,9.42379762621796,unavailable: saved per-pass bin means/covariances are absent,seed20260911_n5000,seed20260911,5k,5000,4980,CNP,m0,matched_neural,0,100,500,20260909-phase3-seed20260911_n5000-m0-seed0-final-ctx-s100-n500-drop10100-mc50,73dc18c9a27e8fb11b9b1ebd0cec9f332432d4ff5333c948be8fd9288bbf66d2,0861b12b0a012238374f3c5098a822e35d89bf459f604504fe477b4858ec2796,False
full_500_3000,442,58,114299,-0.11492627579026546,3.5746601014438437,3.57246314839533,0.4638009049773756,0.7805429864253394,0.918552036199095,8.450284101648322,unavailable: saved per-pass bin means/covariances are absent,seed20260911_n5000,seed20260911,5k,5000,4980,CNP,m0,matched_neural,0,101,500,20260909-phase3-seed20260911_n5000-m0-seed0-final-ctx-s101-n500-drop10100-mc50,78aafefd02221966fd7c78f4a873604bd048a35ffe88a7c9c6e19e269b3dcd8b,8cadcea172dec6beb777878ff340573fb4e75fcad8834e89fc4dd92febb3e7e0,False
figure1_1500_3000,242,58,43073,-0.13846177411843796,2.8992552970627554,2.896570164916314,0.4297520661157025,0.756198347107438,0.9090909090909091,9.42379762621796,unavailable: saved per-pass bin means/covariances are absent,seed20260911_n5000,seed20260911,5k,5000,4980,CNP,m0,matched_neural,0,101,500,20260909-phase3-seed20260911_n5000-m0-seed0-final-ctx-s101-n500-drop10100-mc50,78aafefd02221966fd7c78f4a873604bd048a35ffe88a7c9c6e19e269b3dcd8b,8cadcea172dec6beb777878ff340573fb4e75fcad8834e89fc4dd92febb3e7e0,False
full_500_3000,442,58,114299,-0.01217423234594275,3.538974497592396,3.534989829485201,0.46153846153846156,0.7601809954751131,0.918552036199095,8.450284101648322,unavailable: saved per-pass bin means/covariances are absent,seed20260911_n5000,seed20260911,5k,5000,4980,CNP,m0,matched_neural,0,102,500,20260909-phase3-seed20260911_n5000-m0-seed0-final-ctx-s102-n500-drop10100-mc50,5385454d84bf9f6bfbc6d800e23704efb9d54b3a8e9fe2d46c299666ba61a8b5,e90a01dade47e51ad2fbea2eadaf7c7ad1e90a58c50d346f6c43a4da82ea9ae2,False
figure1_1500_3000,242,58,43073,-0.035335916386303755,2.885333352374013,2.879582563671617,0.43388429752066116,0.7272727272727273,0.9049586776859504,9.42379762621796,unavailable: saved per-pass bin means/covariances are absent,seed20260911_n5000,seed20260911,5k,5000,4980,CNP,m0,matched_neural,0,102,500,20260909-phase3-seed20260911_n5000-m0-seed0-final-ctx-s102-n500-drop10100-mc50,5385454d84bf9f6bfbc6d800e23704efb9d54b3a8e9fe2d46c299666ba61a8b5,e90a01dade47e51ad2fbea2eadaf7c7ad1e90a58c50d346f6c43a4da82ea9ae2,False
full_500_3000,442,58,114299,-0.3500267895616271,3.663459046079596,3.6760150755612093,0.4660633484162896,0.7986425339366516,0.920814479638009,8.450284101648322,unavailable: saved per-pass bin means/covariances are absent,seed20260911_n5000,seed20260911,5k,5000,4980,CNP,m0,matched_neural,0,103,500,20260909-phase3-seed20260911_n5000-m0-seed0-final-ctx-s103-n500-drop10100-mc50,211590c6f100498d5f15d94382ee8432e07e8f5dda81603a3861236f152f4505,bfa7efe80722c242f6b3d351172497135ea8524d28350e43ff013f8756383c70,False
figure1_1500_3000,242,58,43073,-0.37232387064304406,2.9383282713459127,2.9557945373084777,0.4214876033057851,0.7768595041322314,0.9049586776859504,9.42379762621796,unavailable: saved per-pass bin means/covariances are absent,seed20260911_n5000,seed20260911,5k,5000,4980,CNP,m0,matched_neural,0,103,500,20260909-phase3-seed20260911_n5000-m0-seed0-final-ctx-s103-n500-drop10100-mc50,211590c6f100498d5f15d94382ee8432e07e8f5dda81603a3861236f152f4505,bfa7efe80722c242f6b3d351172497135ea8524d28350e43ff013f8756383c70,False
full_500_3000,442,58,114299,-0.18885204517188117,3.599762748974351,3.6006443231032823,0.4683257918552036,0.7895927601809954,0.916289592760181,8.450284101648322,unavailable: saved per-pass bin means/covariances are absent,seed20260911_n5000,seed20260911,5k,5000,4980,CNP,m0,matched_neural,0,104,500,20260909-phase3-seed20260911_n5000-m0-seed0-final-ctx-s104-n500-drop10100-mc50,a04e0494a46453ff0d23aba13513c35f8a494c7d0d8bc7bd133df97b6ff74d97,8843f8fbff02110b94725721162289555807a8d6fc131028db0b3c1c26698f2d,False
figure1_1500_3000,242,58,43073,-0.21594951232954734,2.912089085344838,2.914078692215789,0.43388429752066116,0.7603305785123967,0.9049586776859504,9.42379762621796,unavailable: saved per-pass bin means/covariances are absent,seed20260911_n5000,seed20260911,5k,5000,4980,CNP,m0,matched_neural,0,104,500,20260909-phase3-seed20260911_n5000-m0-seed0-final-ctx-s104-n500-drop10100-mc50,a04e0494a46453ff0d23aba13513c35f8a494c7d0d8bc7bd133df97b6ff74d97,8843f8fbff02110b94725721162289555807a8d6fc131028db0b3c1c26698f2d,False
full_500_3000,442,58,114299,-0.2044344251810007,3.6069578035459515,3.6086705743913936,0.47058823529411764,0.7895927601809954,0.916289592760181,8.450284101648322,unavailable: saved per-pass bin means/covariances are absent,seed20260911_n5000,seed20260911,5k,5000,4980,CNP,m0,matched_neural,0,105,500,20260909-phase3-seed20260911_n5000-m0-seed0-final-ctx-s105-n500-drop10100-mc50,5f51501abe71599981c4ebead2d0dbaf2fcaea1d1cc4a02a774eab5e8ed69042,d580de6bf6744469b3770cceb9cbd1038a09a89c764650ae6023c6c3feade07e,False
figure1_1500_3000,242,58,43073,-0.231028089952621,2.915558682404013,2.918686425163176,0.4380165289256198,0.7603305785123967,0.9049586776859504,9.42379762621796,unavailable: saved per-pass bin means/covariances are absent,seed20260911_n5000,seed20260911,5k,5000,4980,CNP,m0,matched_neural,0,105,500,20260909-phase3-seed20260911_n5000-m0-seed0-final-ctx-s105-n500-drop10100-mc50,5f51501abe71599981c4ebead2d0dbaf2fcaea1d1cc4a02a774eab5e8ed69042,d580de6bf6744469b3770cceb9cbd1038a09a89c764650ae6023c6c3feade07e,False
full_500_3000,442,58,114299,-0.15425548982223877,3.589437683922416,3.588691708597703,0.4683257918552036,0.7850678733031674,0.918552036199095,8.450284101648322,unavailable: saved per-pass bin means/covariances are absent,seed20260911_n5000,seed20260911,5k,5000,4980,CNP,m0,matched_neural,0,106,500,20260909-phase3-seed20260911_n5000-m0-seed0-final-ctx-s106-n500-drop10100-mc50,27722877194f9a7ff0f1ee61c120d295ea631e23972a2881b91ecaa3d624f190,b98be11c6ea8c564ef95065500704e45e078332daaf73480c7a91174a8062c52,False
figure1_1500_3000,242,58,43073,-0.1776889786807667,2.9055824760464555,2.905012376648281,0.43388429752066116,0.7603305785123967,0.9090909090909091,9.42379762621796,unavailable: saved per-pass bin means/covariances are absent,seed20260911_n5000,seed20260911,5k,5000,4980,CNP,m0,matched_neural,0,106,500,20260909-phase3-seed20260911_n5000-m0-seed0-final-ctx-s106-n500-drop10100-mc50,27722877194f9a7ff0f1ee61c120d295ea631e23972a2881b91ecaa3d624f190,b98be11c6ea8c564ef95065500704e45e078332daaf73480c7a91174a8062c52,False
full_500_3000,442,58,114299,-0.28531198299637595,3.6384086468476124,3.6454725541830175,0.47737556561085975,0.7986425339366516,0.918552036199095,8.450284101648322,unavailable: saved per-pass bin means/covariances are absent,seed20260911_n5000,seed20260911,5k,5000,4980,CNP,m0,matched_neural,0,107,500,20260909-phase3-seed20260911_n5000-m0-seed0-final-ctx-s107-n500-drop10100-mc50,b687a953dd4d23e9cb5694b25e80c49b31a066137df554be56fde6464b875b0a,4001ad8fd72736ec4d4e7a8fbefffcb56a1b7ce3eb80a6f179c772998d8541b7,False
figure1_1500_3000,242,58,43073,-0.30898229649006176,2.927658392008103,2.937896459295494,0.4380165289256198,0.768595041322314,0.9049586776859504,9.42379762621796,unavailable: saved per-pass bin means/covariances are absent,seed20260911_n5000,seed20260911,5k,5000,4980,CNP,m0,matched_neural,0,107,500,20260909-phase3-seed20260911_n5000-m0-seed0-final-ctx-s107-n500-drop10100-mc50,b687a953dd4d23e9cb5694b25e80c49b31a066137df554be56fde6464b875b0a,4001ad8fd72736ec4d4e7a8fbefffcb56a1b7ce3eb80a6f179c772998d8541b7,False
full_500_3000,442,58,114299,-0.3661787767115968,3.670162410962964,3.684250764784419,0.4683257918552036,0.8009049773755657,0.920814479638009,8.450284101648322,unavailable: saved per-pass bin means/covariances are absent,seed20260911_n5000,seed20260911,5k,5000,4980,CNP,m0,matched_neural,0,108,500,20260909-phase3-seed20260911_n5000-m0-seed0-final-ctx-s108-n500-drop10100-mc50,434aefce9970dc4902d08a15b93949404add433672e05d09fc5e78cc4ff8cdef,d6c5945daeee158066438305efb4b8883ff16699a8331fca94f60c629482a213,False
figure1_1500_3000,242,58,43073,-0.3873681844197166,2.94072952649179,2.9601028993981164,0.4297520661157025,0.7768595041322314,0.9049586776859504,9.42379762621796,unavailable: saved per-pass bin means/covariances are absent,seed20260911_n5000,seed20260911,5k,5000,4980,CNP,m0,matched_neural,0,108,500,20260909-phase3-seed20260911_n5000-m0-seed0-final-ctx-s108-n500-drop10100-mc50,434aefce9970dc4902d08a15b93949404add433672e05d09fc5e78cc4ff8cdef,d6c5945daeee158066438305efb4b8883ff16699a8331fca94f60c629482a213,False
full_500_3000,442,58,114299,-0.05265050920242434,3.551340293439344,3.5477113719722873,0.4638009049773756,0.7601809954751131,0.918552036199095,8.450284101648322,unavailable: saved per-pass bin means/covariances are absent,seed20260911_n5000,seed20260911,5k,5000,4980,CNP,m0,matched_neural,0,109,500,20260909-phase3-seed20260911_n5000-m0-seed0-final-ctx-s109-n500-drop10100-mc50,472b2eb53a1a27a56df62bd84496eebfa642c855869c2b5d2c363c26c8ee3915,fbabe4cb182503f3ebb4dfee875c342311bcd8f47b2ab2b47dd65f78ebc1079e,False
figure1_1500_3000,242,58,43073,-0.07938732401019377,2.8921396829319526,2.887249618433393,0.43388429752066116,0.731404958677686,0.9049586776859504,9.42379762621796,unavailable: saved per-pass bin means/covariances are absent,seed20260911_n5000,seed20260911,5k,5000,4980,CNP,m0,matched_neural,0,109,500,20260909-phase3-seed20260911_n5000-m0-seed0-final-ctx-s109-n500-drop10100-mc50,472b2eb53a1a27a56df62bd84496eebfa642c855869c2b5d2c363c26c8ee3915,fbabe4cb182503f3ebb4dfee875c342311bcd8f47b2ab2b47dd65f78ebc1079e,False
full_500_3000,442,58,114299,-0.40372555257180714,3.668562888197705,3.686583679033164,0.5316742081447964,0.8597285067873304,0.9457013574660633,8.450284101648322,unavailable: saved per-pass bin means/covariances are absent,seed20260911_n5000,seed20260911,5k,5000,4980,CNP,m0,matched_neural,1,100,500,20260909-phase3-seed20260911_n5000-m0-seed1-final-ctx-s100-n500-drop10100-mc50,c442f483b929be1f1df92d0049819d4e93f1446610fd487adc0657e92172a630,d8d749ba57e21dd59d42618931ed05ce9df1e8735344f5571567a6ddced50d58,False
figure1_1500_3000,242,58,43073,-0.1249976607655765,2.658345962049628,2.6557910314638487,0.5206611570247934,0.859504132231405,0.9504132231404959,9.42379762621796,unavailable: saved per-pass bin means/covariances are absent,seed20260911_n5000,seed20260911,5k,5000,4980,CNP,m0,matched_neural,1,100,500,20260909-phase3-seed20260911_n5000-m0-seed1-final-ctx-s100-n500-drop10100-mc50,c442f483b929be1f1df92d0049819d4e93f1446610fd487adc0657e92172a630,d8d749ba57e21dd59d42618931ed05ce9df1e8735344f5571567a6ddced50d58,False
full_500_3000,442,58,114299,-0.5053855830891073,3.7064626193867016,3.7366025469180433,0.5429864253393665,0.8619909502262444,0.9434389140271493,8.450284101648322,unavailable: saved per-pass bin means/covariances are absent,seed20260911_n5000,seed20260911,5k,5000,4980,CNP,m0,matched_neural,1,101,500,20260909-phase3-seed20260911_n5000-m0-seed1-final-ctx-s101-n500-drop10100-mc50,416fef4717393e1cae8491387e434740668784c3ebc6b5d3018bdb7a7b0601b1,1440248c34d96d55f9dbecc2576937cbf289d965b1c181afdd62af5515ec3382,False
figure1_1500_3000,242,58,43073,-0.2335137072561438,2.668252143857061,2.6729531320214748,0.5165289256198347,0.859504132231405,0.9504132231404959,9.42379762621796,unavailable: saved per-pass bin means/covariances are absent,seed20260911_n5000,seed20260911,5k,5000,4980,CNP,m0,matched_neural,1,101,500,20260909-phase3-seed20260911_n5000-m0-seed1-final-ctx-s101-n500-drop10100-mc50,416fef4717393e1cae8491387e434740668784c3ebc6b5d3018bdb7a7b0601b1,1440248c34d96d55f9dbecc2576937cbf289d965b1c181afdd62af5515ec3382,False
full_500_3000,442,58,114299,-0.3962325456601547,3.664945468675701,3.6821782647789574,0.5294117647058824,0.8619909502262444,0.9457013574660633,8.450284101648322,unavailable: saved per-pass bin means/covariances are absent,seed20260911_n5000,seed20260911,5k,5000,4980,CNP,m0,matched_neural,1,102,500,20260909-phase3-seed20260911_n5000-m0-seed1-final-ctx-s102-n500-drop10100-mc50,da49a1ab593e800dc9ab053a1e702a8bbfb5598ca5c47070ca1da753652b0167,f380fefb22361f6561ffa40ae1be2b5d948c5fb1160587a6b9d59bea33608b38,False
figure1_1500_3000,242,58,43073,-0.12036569322757808,2.65694101687889,2.6541764559182512,0.5206611570247934,0.859504132231405,0.9504132231404959,9.42379762621796,unavailable: saved per-pass bin means/covariances are absent,seed20260911_n5000,seed20260911,5k,5000,4980,CNP,m0,matched_neural,1,102,500,20260909-phase3-seed20260911_n5000-m0-seed1-final-ctx-s102-n500-drop10100-mc50,da49a1ab593e800dc9ab053a1e702a8bbfb5598ca5c47070ca1da753652b0167,f380fefb22361f6561ffa40ae1be2b5d948c5fb1160587a6b9d59bea33608b38,False
full_500_3000,442,58,114299,-0.5828970248503602,3.7408251094842733,3.781782823292437,0.5475113122171946,0.8552036199095022,0.9434389140271493,8.450284101648322,unavailable: saved per-pass bin means/covariances are absent,seed20260911_n5000,seed20260911,5k,5000,4980,CNP,m0,matched_neural,1,103,500,20260909-phase3-seed20260911_n5000-m0-seed1-final-ctx-s103-n500-drop10100-mc50,058a78b40f08a31bec7a87b57d0e1fd4bede306e45da58f50a2203b98054f6f0,80506fefa39ec44aa306ff61da9a3fa2179e9418036b564d70b031300f5fe217,False
figure1_1500_3000,242,58,43073,-0.3239922202583952,2.6907895324392426,2.7046997008932214,0.5289256198347108,0.8471074380165289,0.9504132231404959,9.42379762621796,unavailable: saved per-pass bin means/covariances are absent,seed20260911_n5000,seed20260911,5k,5000,4980,CNP,m0,matched_neural,1,103,500,20260909-phase3-seed20260911_n5000-m0-seed1-final-ctx-s103-n500-drop10100-mc50,058a78b40f08a31bec7a87b57d0e1fd4bede306e45da58f50a2203b98054f6f0,80506fefa39ec44aa306ff61da9a3fa2179e9418036b564d70b031300f5fe217,False
full_500_3000,442,58,114299,-0.49858816599676636,3.707181995855028,3.7364013837817467,0.5452488687782805,0.8619909502262444,0.9434389140271493,8.450284101648322,unavailable: saved per-pass bin means/covariances are absent,seed20260911_n5000,seed20260911,5k,5000,4980,CNP,m0,matched_neural,1,104,500,20260909-phase3-seed20260911_n5000-m0-seed1-final-ctx-s104-n500-drop10100-mc50,aa27a068462547360c409c1707728bdbf17c87a02341e8d93e3e8ef6a5264c56,ef2e721a0264899eba5eecf6984d57e0c6196e73334141b2fe864ff32d70364e,False
figure1_1500_3000,242,58,43073,-0.23516543042123778,2.6763272484606944,2.6811251878323255,0.5206611570247934,0.859504132231405,0.9504132231404959,9.42379762621796,unavailable: saved per-pass bin means/covariances are absent,seed20260911_n5000,seed20260911,5k,5000,4980,CNP,m0,matched_neural,1,104,500,20260909-phase3-seed20260911_n5000-m0-seed1-final-ctx-s104-n500-drop10100-mc50,aa27a068462547360c409c1707728bdbf17c87a02341e8d93e3e8ef6a5264c56,ef2e721a0264899eba5eecf6984d57e0c6196e73334141b2fe864ff32d70364e,False
full_500_3000,442,58,114299,-0.4624255318529115,3.694527189240161,3.7192051882552914,0.5316742081447964,0.8642533936651584,0.9457013574660633,8.450284101648322,unavailable: saved per-pass bin means/covariances are absent,seed20260911_n5000,seed20260911,5k,5000,4980,CNP,m0,matched_neural,1,105,500,20260909-phase3-seed20260911_n5000-m0-seed1-final-ctx-s105-n500-drop10100-mc50,5f80112cae46baaa2019b4aa95dd055e90f1284a5a7ab4092da90288c696ce34,f75c03c24c4be019d347d9ea15255314f2e087db3f91dfe0c7c9efe6557b098c,False
figure1_1500_3000,242,58,43073,-0.20079297436976326,2.6770312314244555,2.6790297519548183,0.512396694214876,0.8636363636363636,0.9545454545454546,9.42379762621796,unavailable: saved per-pass bin means/covariances are absent,seed20260911_n5000,seed20260911,5k,5000,4980,CNP,m0,matched_neural,1,105,500,20260909-phase3-seed20260911_n5000-m0-seed1-final-ctx-s105-n500-drop10100-mc50,5f80112cae46baaa2019b4aa95dd055e90f1284a5a7ab4092da90288c696ce34,f75c03c24c4be019d347d9ea15255314f2e087db3f91dfe0c7c9efe6557b098c,False
full_500_3000,442,58,114299,-0.4886271544884453,3.7028414437987998,3.7307868893021343,0.5452488687782805,0.8619909502262444,0.9434389140271493,8.450284101648322,unavailable: saved per-pass bin means/covariances are absent,seed20260911_n5000,seed20260911,5k,5000,4980,CNP,m0,matched_neural,1,106,500,20260909-phase3-seed20260911_n5000-m0-seed1-final-ctx-s106-n500-drop10100-mc50,19f55320961f1ea4672ff81db5326622c0465345fbd32283a6edf8d556f70a26,550980997c2f083ab580efcc250e306eef843fd7767ce3ef500edb56af3f71d1,False
figure1_1500_3000,242,58,43073,-0.21721115147108747,2.6715328462880925,2.674841366321381,0.5165289256198347,0.8636363636363636,0.9504132231404959,9.42379762621796,unavailable: saved per-pass bin means/covariances are absent,seed20260911_n5000,seed20260911,5k,5000,4980,CNP,m0,matched_neural,1,106,500,20260909-phase3-seed20260911_n5000-m0-seed1-final-ctx-s106-n500-drop10100-mc50,19f55320961f1ea4672ff81db5326622c0465345fbd32283a6edf8d556f70a26,550980997c2f083ab580efcc250e306eef843fd7767ce3ef500edb56af3f71d1,False
full_500_3000,442,58,114299,-0.5225768958223748,3.717180637789251,3.7495676214560434,0.5520361990950227,0.8597285067873304,0.9434389140271493,8.450284101648322,unavailable: saved per-pass bin means/covariances are absent,seed20260911_n5000,seed20260911,5k,5000,4980,CNP,m0,matched_neural,1,107,500,20260909-phase3-seed20260911_n5000-m0-seed1-final-ctx-s107-n500-drop10100-mc50,9ed92422fa8e2b38341645050d59dc3ed4910a5903de874ea1270ac3f32b064a,bf7d61bcf3eed2e8949d2e7dd49bd26132bad6fa6d51f3952ee3ee7b490417ab,False
figure1_1500_3000,242,58,43073,-0.26341639745604145,2.6832502464383836,2.690626081794848,0.5289256198347108,0.8553719008264463,0.9504132231404959,9.42379762621796,unavailable: saved per-pass bin means/covariances are absent,seed20260911_n5000,seed20260911,5k,5000,4980,CNP,m0,matched_neural,1,107,500,20260909-phase3-seed20260911_n5000-m0-seed1-final-ctx-s107-n500-drop10100-mc50,9ed92422fa8e2b38341645050d59dc3ed4910a5903de874ea1270ac3f32b064a,bf7d61bcf3eed2e8949d2e7dd49bd26132bad6fa6d51f3952ee3ee7b490417ab,False
full_500_3000,442,58,114299,-0.6082476842897793,3.750689337190815,3.7954984443058213,0.5452488687782805,0.8529411764705882,0.9434389140271493,8.450284101648322,unavailable: saved per-pass bin means/covariances are absent,seed20260911_n5000,seed20260911,5k,5000,4980,CNP,m0,matched_neural,1,108,500,20260909-phase3-seed20260911_n5000-m0-seed1-final-ctx-s108-n500-drop10100-mc50,4586d56c39128dfbe7766aab40d706114e0ad1eb34918f8aa227eda88a847460,eb2aa71508af0c40fa7be60c581340ec5f9ace9a7d9f84799e2d7e75f6dc0de7,False
figure1_1500_3000,242,58,43073,-0.3488634135202261,2.692327623963098,2.70931369679476,0.5289256198347108,0.8429752066115702,0.9504132231404959,9.42379762621796,unavailable: saved per-pass bin means/covariances are absent,seed20260911_n5000,seed20260911,5k,5000,4980,CNP,m0,matched_neural,1,108,500,20260909-phase3-seed20260911_n5000-m0-seed1-final-ctx-s108-n500-drop10100-mc50,4586d56c39128dfbe7766aab40d706114e0ad1eb34918f8aa227eda88a847460,eb2aa71508af0c40fa7be60c581340ec5f9ace9a7d9f84799e2d7e75f6dc0de7,False
full_500_3000,442,58,114299,-0.39955443184718886,3.6686064368395104,3.6861724655226578,0.5271493212669683,0.8574660633484162,0.9457013574660633,8.450284101648322,unavailable: saved per-pass bin means/covariances are absent,seed20260911_n5000,seed20260911,5k,5000,4980,CNP,m0,matched_neural,1,109,500,20260909-phase3-seed20260911_n5000-m0-seed1-final-ctx-s109-n500-drop10100-mc50,1df1190bf8940990ef05984c8befa5a0b823c687313370f7cfbebd398166ea1f,0e998001bfc7bf56bba6466f7fc24d7ba9c55cc41628b065e910229fba0c1f49,False
figure1_1500_3000,242,58,43073,-0.12885196276426114,2.662719348352763,2.6603344392384822,0.5165289256198347,0.859504132231405,0.9504132231404959,9.42379762621796,unavailable: saved per-pass bin means/covariances are absent,seed20260911_n5000,seed20260911,5k,5000,4980,CNP,m0,matched_neural,1,109,500,20260909-phase3-seed20260911_n5000-m0-seed1-final-ctx-s109-n500-drop10100-mc50,1df1190bf8940990ef05984c8befa5a0b823c687313370f7cfbebd398166ea1f,0e998001bfc7bf56bba6466f7fc24d7ba9c55cc41628b065e910229fba0c1f49,False
full_500_3000,442,58,114299,-1.5422265160624034,4.296341334763362,4.560180925015056,0.4457013574660634,0.746606334841629,0.8710407239819005,8.450284101648322,unavailable: saved per-pass bin means/covariances are absent,seed20260911_n5000,seed20260911,5k,5000,4980,CNP,m0,matched_neural,2,100,500,20260909-phase3-seed20260911_n5000-m0-seed2-final-ctx-s100-n500-drop10100-mc50,29ca12ee9d203b65decb526c435fd2216e7c6582f6e4037d950f8565af08be9f,ab12b7d5fcc91f4bacce752afbc15674ef1e8c84f1643d0518446b262622a279,False
figure1_1500_3000,242,58,43073,-1.477486385139235,3.3255700455710326,3.632723782456698,0.39669421487603307,0.6859504132231405,0.859504132231405,9.42379762621796,unavailable: saved per-pass bin means/covariances are absent,seed20260911_n5000,seed20260911,5k,5000,4980,CNP,m0,matched_neural,2,100,500,20260909-phase3-seed20260911_n5000-m0-seed2-final-ctx-s100-n500-drop10100-mc50,29ca12ee9d203b65decb526c435fd2216e7c6582f6e4037d950f8565af08be9f,ab12b7d5fcc91f4bacce752afbc15674ef1e8c84f1643d0518446b262622a279,False
full_500_3000,442,58,114299,-1.62774659336231,4.349684372620397,4.639666824244774,0.43891402714932126,0.7352941176470589,0.8665158371040724,8.450284101648322,unavailable: saved per-pass bin means/covariances are absent,seed20260911_n5000,seed20260911,5k,5000,4980,CNP,m0,matched_neural,2,101,500,20260909-phase3-seed20260911_n5000-m0-seed2-final-ctx-s101-n500-drop10100-mc50,b3b6d0bac510498a590d3357dcf0f0b1cc25edd630e7a7d9cf732bd40c14b1f4,047f0d44651fefe6eec6d82954b3b9de492fba9c2fd493febc6abfae1d417ad2,False
figure1_1500_3000,242,58,43073,-1.5606385586486775,3.3674229873455768,3.705168375817272,0.3925619834710744,0.6735537190082644,0.8512396694214877,9.42379762621796,unavailable: saved per-pass bin means/covariances are absent,seed20260911_n5000,seed20260911,5k,5000,4980,CNP,m0,matched_neural,2,101,500,20260909-phase3-seed20260911_n5000-m0-seed2-final-ctx-s101-n500-drop10100-mc50,b3b6d0bac510498a590d3357dcf0f0b1cc25edd630e7a7d9cf732bd40c14b1f4,047f0d44651fefe6eec6d82954b3b9de492fba9c2fd493febc6abfae1d417ad2,False
full_500_3000,442,58,114299,-1.5364766924177755,4.29451537942181,4.556522471965692,0.4457013574660634,0.746606334841629,0.8710407239819005,8.450284101648322,unavailable: saved per-pass bin means/covariances are absent,seed20260911_n5000,seed20260911,5k,5000,4980,CNP,m0,matched_neural,2,102,500,20260909-phase3-seed20260911_n5000-m0-seed2-final-ctx-s102-n500-drop10100-mc50,c45bdc9017cd2191300d075f199c13d81f47825a894b6d7a4b5da885f178e2a2,271df58021809b66398108375919c9a62b58648509b74adc04ff1bc9108265b6,False
figure1_1500_3000,242,58,43073,-1.470990495246811,3.323714479100126,3.628393844843122,0.39669421487603307,0.6859504132231405,0.859504132231405,9.42379762621796,unavailable: saved per-pass bin means/covariances are absent,seed20260911_n5000,seed20260911,5k,5000,4980,CNP,m0,matched_neural,2,102,500,20260909-phase3-seed20260911_n5000-m0-seed2-final-ctx-s102-n500-drop10100-mc50,c45bdc9017cd2191300d075f199c13d81f47825a894b6d7a4b5da885f178e2a2,271df58021809b66398108375919c9a62b58648509b74adc04ff1bc9108265b6,False
full_500_3000,442,58,114299,-1.4957926348492854,4.254743347415734,4.505472217771341,0.4457013574660634,0.755656108597285,0.8710407239819005,8.450284101648322,unavailable: saved per-pass bin means/covariances are absent,seed20260911_n5000,seed20260911,5k,5000,4980,CNP,m0,matched_neural,2,103,500,20260909-phase3-seed20260911_n5000-m0-seed2-final-ctx-s103-n500-drop10100-mc50,48815fb59840356a457a5dfc7e179f281fffd27822c6dc69e7e8cb50719c0ebc,77794da4c15d5bafde5a5c887f2cd159c9fc93c57b3f82a8f66102539dfd19c8,False
figure1_1500_3000,242,58,43073,-1.442677321215912,3.2992509946035646,3.5946342517208913,0.3925619834710744,0.6983471074380165,0.859504132231405,9.42379762621796,unavailable: saved per-pass bin means/covariances are absent,seed20260911_n5000,seed20260911,5k,5000,4980,CNP,m0,matched_neural,2,103,500,20260909-phase3-seed20260911_n5000-m0-seed2-final-ctx-s103-n500-drop10100-mc50,48815fb59840356a457a5dfc7e179f281fffd27822c6dc69e7e8cb50719c0ebc,77794da4c15d5bafde5a5c887f2cd159c9fc93c57b3f82a8f66102539dfd19c8,False
full_500_3000,442,58,114299,-1.4558817654299328,4.234494869460048,4.473250581116023,0.4479638009049774,0.7624434389140271,0.8778280542986425,8.450284101648322,unavailable: saved per-pass bin means/covariances are absent,seed20260911_n5000,seed20260911,5k,5000,4980,CNP,m0,matched_neural,2,104,500,20260909-phase3-seed20260911_n5000-m0-seed2-final-ctx-s104-n500-drop10100-mc50,4c139557f598169982a4a17d50e6182c55b2c5b170b1e176f479661debf843c3,0274351f04015d23c2543be9545217d86daeb6845ab878f5340fe27af522ff90,False
figure1_1500_3000,242,58,43073,-1.4012655764406128,3.283281162484362,3.563556540999261,0.3884297520661157,0.7024793388429752,0.8677685950413223,9.42379762621796,unavailable: saved per-pass bin means/covariances are absent,seed20260911_n5000,seed20260911,5k,5000,4980,CNP,m0,matched_neural,2,104,500,20260909-phase3-seed20260911_n5000-m0-seed2-final-ctx-s104-n500-drop10100-mc50,4c139557f598169982a4a17d50e6182c55b2c5b170b1e176f479661debf843c3,0274351f04015d23c2543be9545217d86daeb6845ab878f5340fe27af522ff90,False
full_500_3000,442,58,114299,-1.3656096914788605,4.178823237941612,4.391804346832436,0.4592760180995475,0.7669683257918553,0.8868778280542986,8.450284101648322,unavailable: saved per-pass bin means/covariances are absent,seed20260911_n5000,seed20260911,5k,5000,4980,CNP,m0,matched_neural,2,105,500,20260909-phase3-seed20260911_n5000-m0-seed2-final-ctx-s105-n500-drop10100-mc50,82684ee3c09ccafc8ffc443c16efcf2de80499edb8c5de99b34bba44775cb817,ea28b658f39b8bbd58d2b757009591fad57113ea414b61967441ecfb12a3dc5d,False
figure1_1500_3000,242,58,43073,-1.316014620894727,3.243485321602987,3.4940835172192144,0.3925619834710744,0.7024793388429752,0.871900826446281,9.42379762621796,unavailable: saved per-pass bin means/covariances are absent,seed20260911_n5000,seed20260911,5k,5000,4980,CNP,m0,matched_neural,2,105,500,20260909-phase3-seed20260911_n5000-m0-seed2-final-ctx-s105-n500-drop10100-mc50,82684ee3c09ccafc8ffc443c16efcf2de80499edb8c5de99b34bba44775cb817,ea28b658f39b8bbd58d2b757009591fad57113ea414b61967441ecfb12a3dc5d,False
full_500_3000,442,58,114299,-1.5391367768204527,4.28916523365357,4.55239040359688,0.4457013574660634,0.744343891402715,0.8710407239819005,8.450284101648322,unavailable: saved per-pass bin means/covariances are absent,seed20260911_n5000,seed20260911,5k,5000,4980,CNP,m0,matched_neural,2,106,500,20260909-phase3-seed20260911_n5000-m0-seed2-final-ctx-s106-n500-drop10100-mc50,f66a10fe1e649ef5d610a9f43c9c529680b221ac61dde84a0957bb47199f89ee,fe835718b9348dc8f61d997de6da870dcbcd08eb68f8763704034ede99fe73ed,False
figure1_1500_3000,242,58,43073,-1.4782567891046403,3.3222859486849545,3.630043692358868,0.39669421487603307,0.6818181818181818,0.859504132231405,9.42379762621796,unavailable: saved per-pass bin means/covariances are absent,seed20260911_n5000,seed20260911,5k,5000,4980,CNP,m0,matched_neural,2,106,500,20260909-phase3-seed20260911_n5000-m0-seed2-final-ctx-s106-n500-drop10100-mc50,f66a10fe1e649ef5d610a9f43c9c529680b221ac61dde84a0957bb47199f89ee,fe835718b9348dc8f61d997de6da870dcbcd08eb68f8763704034ede99fe73ed,False
full_500_3000,442,58,114299,-1.4142544696611714,4.2074523255355345,4.434266514407176,0.4592760180995475,0.7647058823529411,0.8868778280542986,8.450284101648322,unavailable: saved per-pass bin means/covariances are absent,seed20260911_n5000,seed20260911,5k,5000,4980,CNP,m0,matched_neural,2,107,500,20260909-phase3-seed20260911_n5000-m0-seed2-final-ctx-s107-n500-drop10100-mc50,adc71c25edc03e6b7e5f127731113a852768ae1f7cf3c6acfb8a403fc9aed67f,50ed09503ed5ceb1037bd5ff9ff6c1c6122aac2f0333ed2c3d8c868b022b5362,False
figure1_1500_3000,242,58,43073,-1.3629968161725547,3.2641252840781205,3.5310405370422693,0.3925619834710744,0.7066115702479339,0.871900826446281,9.42379762621796,unavailable: saved per-pass bin means/covariances are absent,seed20260911_n5000,seed20260911,5k,5000,4980,CNP,m0,matched_neural,2,107,500,20260909-phase3-seed20260911_n5000-m0-seed2-final-ctx-s107-n500-drop10100-mc50,adc71c25edc03e6b7e5f127731113a852768ae1f7cf3c6acfb8a403fc9aed67f,50ed09503ed5ceb1037bd5ff9ff6c1c6122aac2f0333ed2c3d8c868b022b5362,False
full_500_3000,442,58,114299,-1.544384649599957,4.2855522270789965,4.550772450476053,0.4457013574660634,0.7420814479638009,0.8710407239819005,8.450284101648322,unavailable: saved per-pass bin means/covariances are absent,seed20260911_n5000,seed20260911,5k,5000,4980,CNP,m0,matched_neural,2,108,500,20260909-phase3-seed20260911_n5000-m0-seed2-final-ctx-s108-n500-drop10100-mc50,e48e5f802f18ea9f6fc1da2c9e4acf7cba3b6d782f2a2019e85fa3c3ee271070,36842c161eb3b2bf58c5f3215730af73712d8e9f66d0c10d6b8650e68536387b,False
figure1_1500_3000,242,58,43073,-1.4886631340467475,3.322237381853501,3.634249665420766,0.39669421487603307,0.6776859504132231,0.859504132231405,9.42379762621796,unavailable: saved per-pass bin means/covariances are absent,seed20260911_n5000,seed20260911,5k,5000,4980,CNP,m0,matched_neural,2,108,500,20260909-phase3-seed20260911_n5000-m0-seed2-final-ctx-s108-n500-drop10100-mc50,e48e5f802f18ea9f6fc1da2c9e4acf7cba3b6d782f2a2019e85fa3c3ee271070,36842c161eb3b2bf58c5f3215730af73712d8e9f66d0c10d6b8650e68536387b,False
full_500_3000,442,58,114299,-1.4367032010759986,4.227380234340681,4.460317050049983,0.45248868778280543,0.7624434389140271,0.8800904977375565,8.450284101648322,unavailable: saved per-pass bin means/covariances are absent,seed20260911_n5000,seed20260911,5k,5000,4980,CNP,m0,matched_neural,2,109,500,20260909-phase3-seed20260911_n5000-m0-seed2-final-ctx-s109-n500-drop10100-mc50,fe562673c61d88525c1eb99c5bcb5a2d80a96c211b290669c2610cc16869581b,bcd90a5d34050a0f716e09ba2b5d66b89b59d0b0069e211e58f7df9ddae6bb90,False
figure1_1500_3000,242,58,43073,-1.3792488745147558,3.276359092868364,3.5485911015233933,0.3925619834710744,0.7024793388429752,0.871900826446281,9.42379762621796,unavailable: saved per-pass bin means/covariances are absent,seed20260911_n5000,seed20260911,5k,5000,4980,CNP,m0,matched_neural,2,109,500,20260909-phase3-seed20260911_n5000-m0-seed2-final-ctx-s109-n500-drop10100-mc50,fe562673c61d88525c1eb99c5bcb5a2d80a96c211b290669c2610cc16869581b,bcd90a5d34050a0f716e09ba2b5d66b89b59d0b0069e211e58f7df9ddae6bb90,False
full_500_3000,442,58,114299,-0.6690863120097098,3.758946620251665,3.8138417095761517,0.4683257918552036,0.8076923076923077,0.9095022624434389,8.450284101648322,unavailable: saved per-pass bin means/covariances are absent,seed20260911_n5000,seed20260911,5k,5000,4980,Attentive CNP,m1,matched_neural,0,100,500,20260909-phase3-seed20260911_n5000-m1-seed0-final-ctx-s100-n500-drop10100-mc50,877be2717b364b2e722043b7e05da672faa73d1ec9b4dd658d79ab516ac6e3cc,487e0186988290f55d001ca297e72fcc762dfb45252bef54d9bc567a82fc0f05,False
figure1_1500_3000,242,58,43073,-0.75614740517319,3.0450104799220563,3.1313788184379763,0.4256198347107438,0.768595041322314,0.8842975206611571,9.42379762621796,unavailable: saved per-pass bin means/covariances are absent,seed20260911_n5000,seed20260911,5k,5000,4980,Attentive CNP,m1,matched_neural,0,100,500,20260909-phase3-seed20260911_n5000-m1-seed0-final-ctx-s100-n500-drop10100-mc50,877be2717b364b2e722043b7e05da672faa73d1ec9b4dd658d79ab516ac6e3cc,487e0186988290f55d001ca297e72fcc762dfb45252bef54d9bc567a82fc0f05,False
full_500_3000,442,58,114299,-0.7372588486035903,3.7440670596907606,3.8118071486989655,0.4638009049773756,0.8076923076923077,0.9117647058823529,8.450284101648322,unavailable: saved per-pass bin means/covariances are absent,seed20260911_n5000,seed20260911,5k,5000,4980,Attentive CNP,m1,matched_neural,0,101,500,20260909-phase3-seed20260911_n5000-m1-seed0-final-ctx-s101-n500-drop10100-mc50,f69ecaeff83ef07ffa5b872716de8d2543e709188311dc576d4067fe96f44f92,2a2a2cf5277750e12c9561d6a4d088395d3a9725e5fa5de3cd9dc9121718d3f8,False
figure1_1500_3000,242,58,43073,-0.8280575101193957,3.0163854908588945,3.1219646419531695,0.4214876033057851,0.7603305785123967,0.8884297520661157,9.42379762621796,unavailable: saved per-pass bin means/covariances are absent,seed20260911_n5000,seed20260911,5k,5000,4980,Attentive CNP,m1,matched_neural,0,101,500,20260909-phase3-seed20260911_n5000-m1-seed0-final-ctx-s101-n500-drop10100-mc50,f69ecaeff83ef07ffa5b872716de8d2543e709188311dc576d4067fe96f44f92,2a2a2cf5277750e12c9561d6a4d088395d3a9725e5fa5de3cd9dc9121718d3f8,False
full_500_3000,442,58,114299,-0.7328717330833161,3.7567034986854018,3.823348361647305,0.4638009049773756,0.8099547511312217,0.9072398190045249,8.450284101648322,unavailable: saved per-pass bin means/covariances are absent,seed20260911_n5000,seed20260911,5k,5000,4980,Attentive CNP,m1,matched_neural,0,102,500,20260909-phase3-seed20260911_n5000-m1-seed0-final-ctx-s102-n500-drop10100-mc50,70b7d52bb55fe60a3a4edf391d532a214affe12c94dc7839f6ae7f4d16ef807b,e1f23588838e5e28b6dac2d3f41630bfb3bf0637fe2bd2bb82bac956fa0b51f9,False
figure1_1500_3000,242,58,43073,-0.8217010099239158,3.0295075149846014,3.1329192554590586,0.4214876033057851,0.7644628099173554,0.8801652892561983,9.42379762621796,unavailable: saved per-pass bin means/covariances are absent,seed20260911_n5000,seed20260911,5k,5000,4980,Attentive CNP,m1,matched_neural,0,102,500,20260909-phase3-seed20260911_n5000-m1-seed0-final-ctx-s102-n500-drop10100-mc50,70b7d52bb55fe60a3a4edf391d532a214affe12c94dc7839f6ae7f4d16ef807b,e1f23588838e5e28b6dac2d3f41630bfb3bf0637fe2bd2bb82bac956fa0b51f9,False
full_500_3000,442,58,114299,-0.6174397710756989,3.746177411695397,3.7925356016532787,0.45248868778280543,0.8031674208144797,0.9117647058823529,8.450284101648322,unavailable: saved per-pass bin means/covariances are absent,seed20260911_n5000,seed20260911,5k,5000,4980,Attentive CNP,m1,matched_neural,0,103,500,20260909-phase3-seed20260911_n5000-m1-seed0-final-ctx-s103-n500-drop10100-mc50,deba387c6f70ea5852c22464ec95e09aa655564c066094129c019418509bb1ff,31272e72ed6d990c3d979d3bbc349caf20de93541f4d967a659062589de9980c,False
figure1_1500_3000,242,58,43073,-0.7058026981229636,3.0440839400861233,3.1187037979776844,0.4132231404958678,0.7644628099173554,0.8884297520661157,9.42379762621796,unavailable: saved per-pass bin means/covariances are absent,seed20260911_n5000,seed20260911,5k,5000,4980,Attentive CNP,m1,matched_neural,0,103,500,20260909-phase3-seed20260911_n5000-m1-seed0-final-ctx-s103-n500-drop10100-mc50,deba387c6f70ea5852c22464ec95e09aa655564c066094129c019418509bb1ff,31272e72ed6d990c3d979d3bbc349caf20de93541f4d967a659062589de9980c,False
full_500_3000,442,58,114299,-0.6724369107343209,3.745947329306712,3.801650419472606,0.4592760180995475,0.8054298642533937,0.9117647058823529,8.450284101648322,unavailable: saved per-pass bin means/covariances are absent,seed20260911_n5000,seed20260911,5k,5000,4980,Attentive CNP,m1,matched_neural,0,104,500,20260909-phase3-seed20260911_n5000-m1-seed0-final-ctx-s104-n500-drop10100-mc50,79a07e5003dd50c3404a5e4392836fe78c7017a89f3278cee4b219170fd71ef2,8b03f626439214533a8bb3148174691d0adb5c056e03e010336afdbb34c657bd,False
figure1_1500_3000,242,58,43073,-0.7602375020005692,3.030884757330999,3.1186958347417404,0.41735537190082644,0.768595041322314,0.8884297520661157,9.42379762621796,unavailable: saved per-pass bin means/covariances are absent,seed20260911_n5000,seed20260911,5k,5000,4980,Attentive CNP,m1,matched_neural,0,104,500,20260909-phase3-seed20260911_n5000-m1-seed0-final-ctx-s104-n500-drop10100-mc50,79a07e5003dd50c3404a5e4392836fe78c7017a89f3278cee4b219170fd71ef2,8b03f626439214533a8bb3148174691d0adb5c056e03e010336afdbb34c657bd,False
full_500_3000,442,58,114299,-0.6347985534043349,3.7568983383422045,3.805958690825145,0.45701357466063347,0.8009049773755657,0.9095022624434389,8.450284101648322,unavailable: saved per-pass bin means/covariances are absent,seed20260911_n5000,seed20260911,5k,5000,4980,Attentive CNP,m1,matched_neural,0,105,500,20260909-phase3-seed20260911_n5000-m1-seed0-final-ctx-s105-n500-drop10100-mc50,c75aca6ece1990dcaf00fb82ef09de1e9c511020a815b7c31692f9c8cc3d0fe5,126a269bb369ca1bd63b8e9d45b7a80de89d87ef323987dfd0809e9c7a76e58b,False
figure1_1500_3000,242,58,43073,-0.7200001215178617,3.0497528760694124,3.12745246588007,0.4132231404958678,0.7603305785123967,0.8842975206611571,9.42379762621796,unavailable: saved per-pass bin means/covariances are absent,seed20260911_n5000,seed20260911,5k,5000,4980,Attentive CNP,m1,matched_neural,0,105,500,20260909-phase3-seed20260911_n5000-m1-seed0-final-ctx-s105-n500-drop10100-mc50,c75aca6ece1990dcaf00fb82ef09de1e9c511020a815b7c31692f9c8cc3d0fe5,126a269bb369ca1bd63b8e9d45b7a80de89d87ef323987dfd0809e9c7a76e58b,False
full_500_3000,442,58,114299,-0.6449739008663082,3.7506877415398407,3.8015552850884053,0.46153846153846156,0.8054298642533937,0.9117647058823529,8.450284101648322,unavailable: saved per-pass bin means/covariances are absent,seed20260911_n5000,seed20260911,5k,5000,4980,Attentive CNP,m1,matched_neural,0,106,500,20260909-phase3-seed20260911_n5000-m1-seed0-final-ctx-s106-n500-drop10100-mc50,795b49b71f557ee7b465ab1ffab4d062a00a8ace9902332ff9478bea0520a03a,f86eac11320867ae34c8ce4067bcbc79fcb94e3f4b5d42ab39213933800df299,False
figure1_1500_3000,242,58,43073,-0.7306259390571321,3.0404191946061374,3.1208595257465404,0.41735537190082644,0.7727272727272727,0.8884297520661157,9.42379762621796,unavailable: saved per-pass bin means/covariances are absent,seed20260911_n5000,seed20260911,5k,5000,4980,Attentive CNP,m1,matched_neural,0,106,500,20260909-phase3-seed20260911_n5000-m1-seed0-final-ctx-s106-n500-drop10100-mc50,795b49b71f557ee7b465ab1ffab4d062a00a8ace9902332ff9478bea0520a03a,f86eac11320867ae34c8ce4067bcbc79fcb94e3f4b5d42ab39213933800df299,False
full_500_3000,442,58,114299,-0.6618964588131546,3.7526033040528506,3.8063471570356953,0.4660633484162896,0.8054298642533937,0.9095022624434389,8.450284101648322,unavailable: saved per-pass bin means/covariances are absent,seed20260911_n5000,seed20260911,5k,5000,4980,Attentive CNP,m1,matched_neural,0,107,500,20260909-phase3-seed20260911_n5000-m1-seed0-final-ctx-s107-n500-drop10100-mc50,b37dc55e3f772701edfcb64c8f419e3cde3efc33773ac7732e0867376c0eda27,d208f8403b17a216b629ba87cf3bb2d2fd088b39caf562d000dab11d8f68aca1,False
figure1_1500_3000,242,58,43073,-0.7477293190793741,3.039117461952254,3.1236465584377817,0.4256198347107438,0.768595041322314,0.8842975206611571,9.42379762621796,unavailable: saved per-pass bin means/covariances are absent,seed20260911_n5000,seed20260911,5k,5000,4980,Attentive CNP,m1,matched_neural,0,107,500,20260909-phase3-seed20260911_n5000-m1-seed0-final-ctx-s107-n500-drop10100-mc50,b37dc55e3f772701edfcb64c8f419e3cde3efc33773ac7732e0867376c0eda27,d208f8403b17a216b629ba87cf3bb2d2fd088b39caf562d000dab11d8f68aca1,False
full_500_3000,442,58,114299,-0.6697392794655872,3.745213836743081,3.800452990879116,0.46153846153846156,0.8076923076923077,0.9117647058823529,8.450284101648322,unavailable: saved per-pass bin means/covariances are absent,seed20260911_n5000,seed20260911,5k,5000,4980,Attentive CNP,m1,matched_neural,0,108,500,20260909-phase3-seed20260911_n5000-m1-seed0-final-ctx-s108-n500-drop10100-mc50,ae531b2c508352687cf91f69c6cc10db05c12659f714628870d0712839c04b87,56a10b0a8a4ea9d69235efc0a155fbfe37bcf11b123ad58a1e3dc82b1d073368,False
figure1_1500_3000,242,58,43073,-0.7585796042020326,3.0313251501671594,3.118718388677108,0.4214876033057851,0.7727272727272727,0.8884297520661157,9.42379762621796,unavailable: saved per-pass bin means/covariances are absent,seed20260911_n5000,seed20260911,5k,5000,4980,Attentive CNP,m1,matched_neural,0,108,500,20260909-phase3-seed20260911_n5000-m1-seed0-final-ctx-s108-n500-drop10100-mc50,ae531b2c508352687cf91f69c6cc10db05c12659f714628870d0712839c04b87,56a10b0a8a4ea9d69235efc0a155fbfe37bcf11b123ad58a1e3dc82b1d073368,False
full_500_3000,442,58,114299,-0.6750562599593198,3.756529275016726,3.8125171015998545,0.4683257918552036,0.8054298642533937,0.9095022624434389,8.450284101648322,unavailable: saved per-pass bin means/covariances are absent,seed20260911_n5000,seed20260911,5k,5000,4980,Attentive CNP,m1,matched_neural,0,109,500,20260909-phase3-seed20260911_n5000-m1-seed0-final-ctx-s109-n500-drop10100-mc50,a36f93f8c6099540b87561e7c146a1439850c962f2de5829d8841ae8b1b5623a,8cb09ebf0c6346c2381be2be9033b1d3a9d33450cfc2a8808c6d522cf0e825f7,False
figure1_1500_3000,242,58,43073,-0.7608657950073917,3.0400623763986743,3.1277317681502455,0.4297520661157025,0.768595041322314,0.8842975206611571,9.42379762621796,unavailable: saved per-pass bin means/covariances are absent,seed20260911_n5000,seed20260911,5k,5000,4980,Attentive CNP,m1,matched_neural,0,109,500,20260909-phase3-seed20260911_n5000-m1-seed0-final-ctx-s109-n500-drop10100-mc50,a36f93f8c6099540b87561e7c146a1439850c962f2de5829d8841ae8b1b5623a,8cb09ebf0c6346c2381be2be9033b1d3a9d33450cfc2a8808c6d522cf0e825f7,False
full_500_3000,442,58,114299,-0.4640985511223088,3.761099400627308,3.7853998386856973,0.504524886877828,0.8257918552036199,0.9276018099547512,8.450284101648322,unavailable: saved per-pass bin means/covariances are absent,seed20260911_n5000,seed20260911,5k,5000,4980,Attentive CNP,m1,matched_neural,1,100,500,20260909-phase3-seed20260911_n5000-m1-seed1-final-ctx-s100-n500-drop10100-mc50,36b7fd456e3b10251b0a895e0fd718f1274023b6f0a23c8b07bf8ad2341c4aa3,af15ed27d2d060ee641d2c88e19bad09815d84a9d89e05ca73eb88a4c99a235c,False
figure1_1500_3000,242,58,43073,-0.2507358176311617,2.8317243471620026,2.8369695554226397,0.4669421487603306,0.7975206611570248,0.9214876033057852,9.42379762621796,unavailable: saved per-pass bin means/covariances are absent,seed20260911_n5000,seed20260911,5k,5000,4980,Attentive CNP,m1,matched_neural,1,100,500,20260909-phase3-seed20260911_n5000-m1-seed1-final-ctx-s100-n500-drop10100-mc50,36b7fd456e3b10251b0a895e0fd718f1274023b6f0a23c8b07bf8ad2341c4aa3,af15ed27d2d060ee641d2c88e19bad09815d84a9d89e05ca73eb88a4c99a235c,False
full_500_3000,442,58,114299,-0.43787381500560973,3.7541024035049566,3.7753321806185554,0.5090497737556561,0.8257918552036199,0.9276018099547512,8.450284101648322,unavailable: saved per-pass bin means/covariances are absent,seed20260911_n5000,seed20260911,5k,5000,4980,Attentive CNP,m1,matched_neural,1,101,500,20260909-phase3-seed20260911_n5000-m1-seed1-final-ctx-s101-n500-drop10100-mc50,8ecad798d0597d95951f7be9204d3acc06d01b25229800274b65d60b944b018c,75be6c2661ea66391a9c320dbf8c5c05adf755c982b127ed084db1d87cda6dd1,False
figure1_1500_3000,242,58,43073,-0.20833704606411818,2.8217622424488473,2.823622538047781,0.47520661157024796,0.7975206611570248,0.9214876033057852,9.42379762621796,unavailable: saved per-pass bin means/covariances are absent,seed20260911_n5000,seed20260911,5k,5000,4980,Attentive CNP,m1,matched_neural,1,101,500,20260909-phase3-seed20260911_n5000-m1-seed1-final-ctx-s101-n500-drop10100-mc50,8ecad798d0597d95951f7be9204d3acc06d01b25229800274b65d60b944b018c,75be6c2661ea66391a9c320dbf8c5c05adf755c982b127ed084db1d87cda6dd1,False
full_500_3000,442,58,114299,-0.45110373196510506,3.749765779964415,3.772588812065662,0.5067873303167421,0.8280542986425339,0.9276018099547512,8.450284101648322,unavailable: saved per-pass bin means/covariances are absent,seed20260911_n5000,seed20260911,5k,5000,4980,Attentive CNP,m1,matched_neural,1,102,500,20260909-phase3-seed20260911_n5000-m1-seed1-final-ctx-s102-n500-drop10100-mc50,66572c741743d73fc231cc572a219fc58d0ff8d55deb6296825337782ae9f50e,d43ecc265931ad7b0bf780fb62b4c565a453b9083130f7353173bfb1c4f4d6c7,False
figure1_1500_3000,242,58,43073,-0.232182245301064,2.8277900734544734,2.83147705853189,0.4669421487603306,0.8016528925619835,0.9214876033057852,9.42379762621796,unavailable: saved per-pass bin means/covariances are absent,seed20260911_n5000,seed20260911,5k,5000,4980,Attentive CNP,m1,matched_neural,1,102,500,20260909-phase3-seed20260911_n5000-m1-seed1-final-ctx-s102-n500-drop10100-mc50,66572c741743d73fc231cc572a219fc58d0ff8d55deb6296825337782ae9f50e,d43ecc265931ad7b0bf780fb62b4c565a453b9083130f7353173bfb1c4f4d6c7,False
full_500_3000,442,58,114299,-0.4502782913411148,3.7856658321644154,3.8080956729323225,0.497737556561086,0.8235294117647058,0.9253393665158371,8.450284101648322,unavailable: saved per-pass bin means/covariances are absent,seed20260911_n5000,seed20260911,5k,5000,4980,Attentive CNP,m1,matched_neural,1,103,500,20260909-phase3-seed20260911_n5000-m1-seed1-final-ctx-s103-n500-drop10100-mc50,7c53dd4adb21d2f0a30200fe15eb88118da07005227965259eb319b8dc3e864e,d6a7bb34097b9189755b7b004623e28d06726fabf76b833951d8cfac52b09eae,False
figure1_1500_3000,242,58,43073,-0.23167112844897922,2.8382429797407203,2.8418316319903556,0.45454545454545453,0.7933884297520661,0.9173553719008265,9.42379762621796,unavailable: saved per-pass bin means/covariances are absent,seed20260911_n5000,seed20260911,5k,5000,4980,Attentive CNP,m1,matched_neural,1,103,500,20260909-phase3-seed20260911_n5000-m1-seed1-final-ctx-s103-n500-drop10100-mc50,7c53dd4adb21d2f0a30200fe15eb88118da07005227965259eb319b8dc3e864e,d6a7bb34097b9189755b7b004623e28d06726fabf76b833951d8cfac52b09eae,False
full_500_3000,442,58,114299,-0.4488700884876689,3.7698087209047912,3.7922011456552984,0.5,0.8257918552036199,0.9276018099547512,8.450284101648322,unavailable: saved per-pass bin means/covariances are absent,seed20260911_n5000,seed20260911,5k,5000,4980,Attentive CNP,m1,matched_neural,1,104,500,20260909-phase3-seed20260911_n5000-m1-seed1-final-ctx-s104-n500-drop10100-mc50,f451df115e62b206a8d3353193b6bbe3012838f873ccc6f725a8657b16b05d52,0ed187cf73403340d74f1ade211613bceb7393a1a017a2c78439a79a6dbe7ba2,False
figure1_1500_3000,242,58,43073,-0.229982542611491,2.8334877971656427,2.836964718519955,0.4628099173553719,0.7975206611570248,0.9214876033057852,9.42379762621796,unavailable: saved per-pass bin means/covariances are absent,seed20260911_n5000,seed20260911,5k,5000,4980,Attentive CNP,m1,matched_neural,1,104,500,20260909-phase3-seed20260911_n5000-m1-seed1-final-ctx-s104-n500-drop10100-mc50,f451df115e62b206a8d3353193b6bbe3012838f873ccc6f725a8657b16b05d52,0ed187cf73403340d74f1ade211613bceb7393a1a017a2c78439a79a6dbe7ba2,False
full_500_3000,442,58,114299,-0.4599608822266409,3.7790736545786006,3.8027162457135697,0.5,0.8190045248868778,0.9230769230769231,8.450284101648322,unavailable: saved per-pass bin means/covariances are absent,seed20260911_n5000,seed20260911,5k,5000,4980,Attentive CNP,m1,matched_neural,1,105,500,20260909-phase3-seed20260911_n5000-m1-seed1-final-ctx-s105-n500-drop10100-mc50,69d5210a99172df9ddfeaf840f7e288d2e6c07a469dd7aaf080b84eb3bd98876,2a03604c776200fe7a7de8cc30eb894d6dd80df2dbfd585a52520d40f93bc301,False
figure1_1500_3000,242,58,43073,-0.2490040945768637,2.844374912235321,2.8493929163716785,0.4628099173553719,0.7851239669421488,0.9132231404958677,9.42379762621796,unavailable: saved per-pass bin means/covariances are absent,seed20260911_n5000,seed20260911,5k,5000,4980,Attentive CNP,m1,matched_neural,1,105,500,20260909-phase3-seed20260911_n5000-m1-seed1-final-ctx-s105-n500-drop10100-mc50,69d5210a99172df9ddfeaf840f7e288d2e6c07a469dd7aaf080b84eb3bd98876,2a03604c776200fe7a7de8cc30eb894d6dd80df2dbfd585a52520d40f93bc301,False
full_500_3000,442,58,114299,-0.4536110385758729,3.7686152074268304,3.791581634648958,0.5,0.8235294117647058,0.9253393665158371,8.450284101648322,unavailable: saved per-pass bin means/covariances are absent,seed20260911_n5000,seed20260911,5k,5000,4980,Attentive CNP,m1,matched_neural,1,106,500,20260909-phase3-seed20260911_n5000-m1-seed1-final-ctx-s106-n500-drop10100-mc50,adfe26ba404d6b76c10f5b3f26fb3cfb83229b0325a29250d5a9daf5b9916495,27545d647b6d46be230406cb440cf1020f0fafc0d5defccfd48be34b5652fd87,False
figure1_1500_3000,242,58,43073,-0.23807066346851158,2.835749563647853,2.8398809817609445,0.4628099173553719,0.7933884297520661,0.9173553719008265,9.42379762621796,unavailable: saved per-pass bin means/covariances are absent,seed20260911_n5000,seed20260911,5k,5000,4980,Attentive CNP,m1,matched_neural,1,106,500,20260909-phase3-seed20260911_n5000-m1-seed1-final-ctx-s106-n500-drop10100-mc50,adfe26ba404d6b76c10f5b3f26fb3cfb83229b0325a29250d5a9daf5b9916495,27545d647b6d46be230406cb440cf1020f0fafc0d5defccfd48be34b5652fd87,False
full_500_3000,442,58,114299,-0.4511555910161887,3.7783110925810917,3.800904926926648,0.497737556561086,0.8212669683257918,0.9253393665158371,8.450284101648322,unavailable: saved per-pass bin means/covariances are absent,seed20260911_n5000,seed20260911,5k,5000,4980,Attentive CNP,m1,matched_neural,1,107,500,20260909-phase3-seed20260911_n5000-m1-seed1-final-ctx-s107-n500-drop10100-mc50,cffb1e56715b6e000c6561da59c1ae9b91f1b3e6658c5817d6b70737f8e9eeda,185422ac8f7aa37e2d322a8e721e1e46e08ca71ac4f21c0070dde80c73c34dee,False
figure1_1500_3000,242,58,43073,-0.233756495014892,2.837505458211779,2.841268893045062,0.4628099173553719,0.7892561983471075,0.9173553719008265,9.42379762621796,unavailable: saved per-pass bin means/covariances are absent,seed20260911_n5000,seed20260911,5k,5000,4980,Attentive CNP,m1,matched_neural,1,107,500,20260909-phase3-seed20260911_n5000-m1-seed1-final-ctx-s107-n500-drop10100-mc50,cffb1e56715b6e000c6561da59c1ae9b91f1b3e6658c5817d6b70737f8e9eeda,185422ac8f7aa37e2d322a8e721e1e46e08ca71ac4f21c0070dde80c73c34dee,False
full_500_3000,442,58,114299,-0.4404020321694402,3.776845838956462,3.798189788680857,0.5,0.8257918552036199,0.9276018099547512,8.450284101648322,unavailable: saved per-pass bin means/covariances are absent,seed20260911_n5000,seed20260911,5k,5000,4980,Attentive CNP,m1,matched_neural,1,108,500,20260909-phase3-seed20260911_n5000-m1-seed1-final-ctx-s108-n500-drop10100-mc50,385446c9ad256d57e7fc9c702b93461eb2191a17f9e0cee26f2bc807b959f2ca,6912dee3fb5bd2a88c9a8edcc7a14fa417f62fa2188a1e1911a7655b82affe44,False
figure1_1500_3000,242,58,43073,-0.21345719493518472,2.827415208433402,2.8296301054128707,0.4628099173553719,0.7975206611570248,0.9214876033057852,9.42379762621796,unavailable: saved per-pass bin means/covariances are absent,seed20260911_n5000,seed20260911,5k,5000,4980,Attentive CNP,m1,matched_neural,1,108,500,20260909-phase3-seed20260911_n5000-m1-seed1-final-ctx-s108-n500-drop10100-mc50,385446c9ad256d57e7fc9c702b93461eb2191a17f9e0cee26f2bc807b959f2ca,6912dee3fb5bd2a88c9a8edcc7a14fa417f62fa2188a1e1911a7655b82affe44,False
full_500_3000,442,58,114299,-0.45515440479094527,3.7614302589154898,3.784641761921288,0.502262443438914,0.8280542986425339,0.9253393665158371,8.450284101648322,unavailable: saved per-pass bin means/covariances are absent,seed20260911_n5000,seed20260911,5k,5000,4980,Attentive CNP,m1,matched_neural,1,109,500,20260909-phase3-seed20260911_n5000-m1-seed1-final-ctx-s109-n500-drop10100-mc50,344117b798419d98fca954382b24e1c58f3529871541425acb931d11b85044b0,29d2ba610620418375a8a3185d2fb87630e773778a909580773c145fcb297050,False
figure1_1500_3000,242,58,43073,-0.2412707624522303,2.8352545591297815,2.8396588453195757,0.4628099173553719,0.8016528925619835,0.9173553719008265,9.42379762621796,unavailable: saved per-pass bin means/covariances are absent,seed20260911_n5000,seed20260911,5k,5000,4980,Attentive CNP,m1,matched_neural,1,109,500,20260909-phase3-seed20260911_n5000-m1-seed1-final-ctx-s109-n500-drop10100-mc50,344117b798419d98fca954382b24e1c58f3529871541425acb931d11b85044b0,29d2ba610620418375a8a3185d2fb87630e773778a909580773c145fcb297050,False
full_500_3000,442,58,114299,-0.9429318143,3.9517563440151666,4.0583454062560325,0.48642533936651583,0.8031674208144797,0.9027149321266968,8.450284101648322,unavailable: saved per-pass bin means/covariances are absent,seed20260911_n5000,seed20260911,5k,5000,4980,Attentive CNP,m1,matched_neural,2,100,500,20260909-phase3-seed20260911_n5000-m1-seed2-final-ctx-s100-n500-drop10100-mc50,a5c9166430a8e3a866a4ff4c9d019d2b7035d0a21d0a55f7984659e2643e3173,8e1bf76f57f189cc08cffb0c8cb1802d19dadc733e23d345958077d16ca94d1f,False
figure1_1500_3000,242,58,43073,-0.9578230374723925,3.120825716874813,3.2583327084265403,0.4090909090909091,0.7603305785123967,0.8801652892561983,9.42379762621796,unavailable: saved per-pass bin means/covariances are absent,seed20260911_n5000,seed20260911,5k,5000,4980,Attentive CNP,m1,matched_neural,2,100,500,20260909-phase3-seed20260911_n5000-m1-seed2-final-ctx-s100-n500-drop10100-mc50,a5c9166430a8e3a866a4ff4c9d019d2b7035d0a21d0a55f7984659e2643e3173,8e1bf76f57f189cc08cffb0c8cb1802d19dadc733e23d345958077d16ca94d1f,False
full_500_3000,442,58,114299,-0.9279683779386607,3.945314923160119,4.048631752548828,0.49095022624434387,0.8031674208144797,0.9072398190045249,8.450284101648322,unavailable: saved per-pass bin means/covariances are absent,seed20260911_n5000,seed20260911,5k,5000,4980,Attentive CNP,m1,matched_neural,2,101,500,20260909-phase3-seed20260911_n5000-m1-seed2-final-ctx-s101-n500-drop10100-mc50,e946e6e90598572bef5f6df03c20bac7680bc6f6dcdd7d32ea894f17c319be50,b9a608b636a87f4c4176ac003e1e721536104cd21c4e14a6b372f7aac9787da1,False
figure1_1500_3000,242,58,43073,-0.9374008190522611,3.1110370677434864,3.2430352938883407,0.41735537190082644,0.7603305785123967,0.8884297520661157,9.42379762621796,unavailable: saved per-pass bin means/covariances are absent,seed20260911_n5000,seed20260911,5k,5000,4980,Attentive CNP,m1,matched_neural,2,101,500,20260909-phase3-seed20260911_n5000-m1-seed2-final-ctx-s101-n500-drop10100-mc50,e946e6e90598572bef5f6df03c20bac7680bc6f6dcdd7d32ea894f17c319be50,b9a608b636a87f4c4176ac003e1e721536104cd21c4e14a6b372f7aac9787da1,False
full_500_3000,442,58,114299,-0.9434076374025493,3.9476130904766595,4.054430904297683,0.48642533936651583,0.8031674208144797,0.9027149321266968,8.450284101648322,unavailable: saved per-pass bin means/covariances are absent,seed20260911_n5000,seed20260911,5k,5000,4980,Attentive CNP,m1,matched_neural,2,102,500,20260909-phase3-seed20260911_n5000-m1-seed2-final-ctx-s102-n500-drop10100-mc50,40d864511fc54a7ff322208e4de694819cf698a2eccd234d1c0e29b688ba0ed0,66a7ec14af9b61133c1d5ec37a97c357f0e237f86bb4a07548efdd0c6dc90083,False
figure1_1500_3000,242,58,43073,-0.9571071663069607,3.115120643720481,3.252680690717598,0.4090909090909091,0.7603305785123967,0.8801652892561983,9.42379762621796,unavailable: saved per-pass bin means/covariances are absent,seed20260911_n5000,seed20260911,5k,5000,4980,Attentive CNP,m1,matched_neural,2,102,500,20260909-phase3-seed20260911_n5000-m1-seed2-final-ctx-s102-n500-drop10100-mc50,40d864511fc54a7ff322208e4de694819cf698a2eccd234d1c0e29b688ba0ed0,66a7ec14af9b61133c1d5ec37a97c357f0e237f86bb4a07548efdd0c6dc90083,False
full_500_3000,442,58,114299,-0.9046529419650386,3.950033006586711,4.047944828531585,0.48868778280542985,0.8009049773755657,0.9072398190045249,8.450284101648322,unavailable: saved per-pass bin means/covariances are absent,seed20260911_n5000,seed20260911,5k,5000,4980,Attentive CNP,m1,matched_neural,2,103,500,20260909-phase3-seed20260911_n5000-m1-seed2-final-ctx-s103-n500-drop10100-mc50,bc17f1b3b15d9f7fe5f0897567edda2ad83c47ad2c7506ee55522caeedf32978,e77deeae2327a2bf09e166188835b21b11a4e55d0a1af8f7e5bced328813127a,False
figure1_1500_3000,242,58,43073,-0.9101177860168378,3.1180120650018983,3.2419346186117663,0.41735537190082644,0.7603305785123967,0.8884297520661157,9.42379762621796,unavailable: saved per-pass bin means/covariances are absent,seed20260911_n5000,seed20260911,5k,5000,4980,Attentive CNP,m1,matched_neural,2,103,500,20260909-phase3-seed20260911_n5000-m1-seed2-final-ctx-s103-n500-drop10100-mc50,bc17f1b3b15d9f7fe5f0897567edda2ad83c47ad2c7506ee55522caeedf32978,e77deeae2327a2bf09e166188835b21b11a4e55d0a1af8f7e5bced328813127a,False
full_500_3000,442,58,114299,-0.913465360079275,3.950047346240243,4.04993733057808,0.48868778280542985,0.8009049773755657,0.9072398190045249,8.450284101648322,unavailable: saved per-pass bin means/covariances are absent,seed20260911_n5000,seed20260911,5k,5000,4980,Attentive CNP,m1,matched_neural,2,104,500,20260909-phase3-seed20260911_n5000-m1-seed2-final-ctx-s104-n500-drop10100-mc50,318afa6ffab63faf77dcd585ad1b8891121eb4a8b7e6a6c3123aeb17c0332ad1,6fadd8d3bbc43bb05544cd156cea3af5756d4cce267178ec53981ad426376e41,False
figure1_1500_3000,242,58,43073,-0.9194901623770348,3.1172682350687455,3.2438663694345964,0.41735537190082644,0.756198347107438,0.8884297520661157,9.42379762621796,unavailable: saved per-pass bin means/covariances are absent,seed20260911_n5000,seed20260911,5k,5000,4980,Attentive CNP,m1,matched_neural,2,104,500,20260909-phase3-seed20260911_n5000-m1-seed2-final-ctx-s104-n500-drop10100-mc50,318afa6ffab63faf77dcd585ad1b8891121eb4a8b7e6a6c3123aeb17c0332ad1,6fadd8d3bbc43bb05544cd156cea3af5756d4cce267178ec53981ad426376e41,False
full_500_3000,442,58,114299,-0.9177743863566542,3.9528314416932373,4.053620089695306,0.48868778280542985,0.8009049773755657,0.9027149321266968,8.450284101648322,unavailable: saved per-pass bin means/covariances are absent,seed20260911_n5000,seed20260911,5k,5000,4980,Attentive CNP,m1,matched_neural,2,105,500,20260909-phase3-seed20260911_n5000-m1-seed2-final-ctx-s105-n500-drop10100-mc50,e8d87a6e1a9954796807226acd144dcef3e398a215347c38ce324b5d83a0cb1c,12c8ac6ab18b9be0a9ca69230bf0eb3d88882c901b7e78bd146d2b93aa136897,False
figure1_1500_3000,242,58,43073,-0.9257187591581236,3.121971487918165,3.2501362352863623,0.41735537190082644,0.756198347107438,0.8801652892561983,9.42379762621796,unavailable: saved per-pass bin means/covariances are absent,seed20260911_n5000,seed20260911,5k,5000,4980,Attentive CNP,m1,matched_neural,2,105,500,20260909-phase3-seed20260911_n5000-m1-seed2-final-ctx-s105-n500-drop10100-mc50,e8d87a6e1a9954796807226acd144dcef3e398a215347c38ce324b5d83a0cb1c,12c8ac6ab18b9be0a9ca69230bf0eb3d88882c901b7e78bd146d2b93aa136897,False
full_500_3000,442,58,114299,-0.9183866081019363,3.9498641138916164,4.050871898133285,0.49095022624434387,0.8009049773755657,0.9072398190045249,8.450284101648322,unavailable: saved per-pass bin means/covariances are absent,seed20260911_n5000,seed20260911,5k,5000,4980,Attentive CNP,m1,matched_neural,2,106,500,20260909-phase3-seed20260911_n5000-m1-seed2-final-ctx-s106-n500-drop10100-mc50,6433bf066ed3137e6145e18234e698f81175d572badc6c50bd6257c84f5a928f,0f92f92efd65bdb9e6ef1bff5e7bb4dfcd7502c64aff19cfb1626f49208f81b5,False
figure1_1500_3000,242,58,43073,-0.9251315603299649,3.1173378389954527,3.2455365392842133,0.41735537190082644,0.756198347107438,0.8884297520661157,9.42379762621796,unavailable: saved per-pass bin means/covariances are absent,seed20260911_n5000,seed20260911,5k,5000,4980,Attentive CNP,m1,matched_neural,2,106,500,20260909-phase3-seed20260911_n5000-m1-seed2-final-ctx-s106-n500-drop10100-mc50,6433bf066ed3137e6145e18234e698f81175d572badc6c50bd6257c84f5a928f,0f92f92efd65bdb9e6ef1bff5e7bb4dfcd7502c64aff19cfb1626f49208f81b5,False
full_500_3000,442,58,114299,-0.9133318205699229,3.949580767044064,4.0494531691074505,0.48868778280542985,0.8009049773755657,0.9072398190045249,8.450284101648322,unavailable: saved per-pass bin means/covariances are absent,seed20260911_n5000,seed20260911,5k,5000,4980,Attentive CNP,m1,matched_neural,2,107,500,20260909-phase3-seed20260911_n5000-m1-seed2-final-ctx-s107-n500-drop10100-mc50,31f43f7c79919aa274f930110542a67f3ce6f523c67385398b2cf1b9e1865dd9,ac2f8835557f857d0e32e80dc5e4b93d77d188ad8270364a5c58307b07130a5b,False
figure1_1500_3000,242,58,43073,-0.919869930331894,3.1171373790472185,3.2438488118850266,0.41735537190082644,0.756198347107438,0.8884297520661157,9.42379762621796,unavailable: saved per-pass bin means/covariances are absent,seed20260911_n5000,seed20260911,5k,5000,4980,Attentive CNP,m1,matched_neural,2,107,500,20260909-phase3-seed20260911_n5000-m1-seed2-final-ctx-s107-n500-drop10100-mc50,31f43f7c79919aa274f930110542a67f3ce6f523c67385398b2cf1b9e1865dd9,ac2f8835557f857d0e32e80dc5e4b93d77d188ad8270364a5c58307b07130a5b,False
full_500_3000,442,58,114299,-0.9075930126913445,3.9451132342092805,4.043813920333372,0.48868778280542985,0.8009049773755657,0.9072398190045249,8.450284101648322,unavailable: saved per-pass bin means/covariances are absent,seed20260911_n5000,seed20260911,5k,5000,4980,Attentive CNP,m1,matched_neural,2,108,500,20260909-phase3-seed20260911_n5000-m1-seed2-final-ctx-s108-n500-drop10100-mc50,74899092c909ce654db108cfca158ca4e849263d4d4a65dd5432cfd373a09a8d,b3287475bafb26cfb9348ed749aa37a371e09dc996a22754c92ee99aa7c87d04,False
figure1_1500_3000,242,58,43073,-0.9133415706363943,3.111804779386944,3.2368979059481555,0.41735537190082644,0.756198347107438,0.8884297520661157,9.42379762621796,unavailable: saved per-pass bin means/covariances are absent,seed20260911_n5000,seed20260911,5k,5000,4980,Attentive CNP,m1,matched_neural,2,108,500,20260909-phase3-seed20260911_n5000-m1-seed2-final-ctx-s108-n500-drop10100-mc50,74899092c909ce654db108cfca158ca4e849263d4d4a65dd5432cfd373a09a8d,b3287475bafb26cfb9348ed749aa37a371e09dc996a22754c92ee99aa7c87d04,False
full_500_3000,442,58,114299,-0.9285037412094153,3.9511494277849746,4.054427293380582,0.49095022624434387,0.8031674208144797,0.9027149321266968,8.450284101648322,unavailable: saved per-pass bin means/covariances are absent,seed20260911_n5000,seed20260911,5k,5000,4980,Attentive CNP,m1,matched_neural,2,109,500,20260909-phase3-seed20260911_n5000-m1-seed2-final-ctx-s109-n500-drop10100-mc50,b934fa6df75f7243fd3370308a484c38fd9540c608d801900cd68c4fae8773a4,cdd32f75a99678f0c3109468b760db1a0e1418feeb6497ef78d86020318a2e3f,False
figure1_1500_3000,242,58,43073,-0.9375472131401238,3.118763144112,3.25045926273667,0.41735537190082644,0.7603305785123967,0.8801652892561983,9.42379762621796,unavailable: saved per-pass bin means/covariances are absent,seed20260911_n5000,seed20260911,5k,5000,4980,Attentive CNP,m1,matched_neural,2,109,500,20260909-phase3-seed20260911_n5000-m1-seed2-final-ctx-s109-n500-drop10100-mc50,b934fa6df75f7243fd3370308a484c38fd9540c608d801900cd68c4fae8773a4,cdd32f75a99678f0c3109468b760db1a0e1418feeb6497ef78d86020318a2e3f,False
full_500_3000,442,58,114299,2.736164226069302,3.7693715244127053,4.654311033749503,0.17647058823529413,0.3438914027149321,0.46153846153846156,8.450284101648322,unavailable: saved per-pass bin means/covariances are absent,seed20260911_n5000,seed20260911,5k,5000,4980,Attentive CNP + PE,m2,matched_neural,0,100,500,20260909-phase3-seed20260911_n5000-m2-seed0-final-ctx-s100-n500-drop10100-mc50,8d60cbd3de7268b669f27d5a0f8f074034d785b6e6185503fa8ba8e267400a70,ad1f513c0bdbe2ef664eac717e9250e6d893d06431da6f1b9d4b7afe77e09f80,False
figure1_1500_3000,242,58,43073,2.6258036139203056,3.596046344043566,4.446679409763947,0.1652892561983471,0.3347107438016529,0.45454545454545453,9.42379762621796,unavailable: saved per-pass bin means/covariances are absent,seed20260911_n5000,seed20260911,5k,5000,4980,Attentive CNP + PE,m2,matched_neural,0,100,500,20260909-phase3-seed20260911_n5000-m2-seed0-final-ctx-s100-n500-drop10100-mc50,8d60cbd3de7268b669f27d5a0f8f074034d785b6e6185503fa8ba8e267400a70,ad1f513c0bdbe2ef664eac717e9250e6d893d06431da6f1b9d4b7afe77e09f80,False
full_500_3000,442,58,114299,2.075041378959612,3.651559762453311,4.196369651753876,0.21040723981900453,0.3755656108597285,0.504524886877828,8.450284101648322,unavailable: saved per-pass bin means/covariances are absent,seed20260911_n5000,seed20260911,5k,5000,4980,Attentive CNP + PE,m2,matched_neural,0,101,500,20260909-phase3-seed20260911_n5000-m2-seed0-final-ctx-s101-n500-drop10100-mc50,b1394d52758d467d546a4dd4b2ff86d74fd47719a563b019798788f59c54ba5d,2801c89b28e9b0dc1c97a320c134b0c8314d746632ab2a0c84207c79cdbf4ee4,False
figure1_1500_3000,242,58,43073,2.0619027675563686,3.582204309803551,4.126815378830571,0.19421487603305784,0.38016528925619836,0.49586776859504134,9.42379762621796,unavailable: saved per-pass bin means/covariances are absent,seed20260911_n5000,seed20260911,5k,5000,4980,Attentive CNP + PE,m2,matched_neural,0,101,500,20260909-phase3-seed20260911_n5000-m2-seed0-final-ctx-s101-n500-drop10100-mc50,b1394d52758d467d546a4dd4b2ff86d74fd47719a563b019798788f59c54ba5d,2801c89b28e9b0dc1c97a320c134b0c8314d746632ab2a0c84207c79cdbf4ee4,False
full_500_3000,442,58,114299,2.638413423749603,3.8495911086574623,4.663373151855355,0.19004524886877827,0.34841628959276016,0.4592760180995475,8.450284101648322,unavailable: saved per-pass bin means/covariances are absent,seed20260911_n5000,seed20260911,5k,5000,4980,Attentive CNP + PE,m2,matched_neural,0,102,500,20260909-phase3-seed20260911_n5000-m2-seed0-final-ctx-s102-n500-drop10100-mc50,f37b7d30babdbff5b93e0e47d84152f5a384a45eba622311c249f01e1c1bcd29,1752ff8f0bdb61fc443a7c72710061a5a0da2e559c5e6e717634b4759cf43231,False
figure1_1500_3000,242,58,43073,2.4935840928792814,3.626587427875957,4.39496875180356,0.17355371900826447,0.3512396694214876,0.45041322314049587,9.42379762621796,unavailable: saved per-pass bin means/covariances are absent,seed20260911_n5000,seed20260911,5k,5000,4980,Attentive CNP + PE,m2,matched_neural,0,102,500,20260909-phase3-seed20260911_n5000-m2-seed0-final-ctx-s102-n500-drop10100-mc50,f37b7d30babdbff5b93e0e47d84152f5a384a45eba622311c249f01e1c1bcd29,1752ff8f0bdb61fc443a7c72710061a5a0da2e559c5e6e717634b4759cf43231,False
full_500_3000,442,58,114299,1.6943465796339992,3.638026670595527,4.009501765853162,0.2149321266968326,0.38235294117647056,0.5361990950226244,8.450284101648322,unavailable: saved per-pass bin means/covariances are absent,seed20260911_n5000,seed20260911,5k,5000,4980,Attentive CNP + PE,m2,matched_neural,0,103,500,20260909-phase3-seed20260911_n5000-m2-seed0-final-ctx-s103-n500-drop10100-mc50,c2b2e47f9899491de12f5f73f64f943a2ae88cb8096f6e644b2065f29132dcdd,22017950a88ad1bf566347fd0c76134e06247d96784db485b2b215db04fe8d36,False
figure1_1500_3000,242,58,43073,1.664902759074883,3.5822353403906404,3.9435117273028664,0.2024793388429752,0.371900826446281,0.5330578512396694,9.42379762621796,unavailable: saved per-pass bin means/covariances are absent,seed20260911_n5000,seed20260911,5k,5000,4980,Attentive CNP + PE,m2,matched_neural,0,103,500,20260909-phase3-seed20260911_n5000-m2-seed0-final-ctx-s103-n500-drop10100-mc50,c2b2e47f9899491de12f5f73f64f943a2ae88cb8096f6e644b2065f29132dcdd,22017950a88ad1bf566347fd0c76134e06247d96784db485b2b215db04fe8d36,False
full_500_3000,442,58,114299,1.8076581642633383,3.741080821805279,4.151102179757507,0.2330316742081448,0.36877828054298645,0.5248868778280543,8.450284101648322,unavailable: saved per-pass bin means/covariances are absent,seed20260911_n5000,seed20260911,5k,5000,4980,Attentive CNP + PE,m2,matched_neural,0,104,500,20260909-phase3-seed20260911_n5000-m2-seed0-final-ctx-s104-n500-drop10100-mc50,5525de1fb2140568e1d66c51aba3fe44164a86094057facd55ea1ba44c637d5f,690327ab479a8dad919a1bf301629210271ac05a0961050d8a7c10b9f49924a6,False
figure1_1500_3000,242,58,43073,1.684627995310343,3.599623009733699,3.9675829911208433,0.21487603305785125,0.359504132231405,0.5330578512396694,9.42379762621796,unavailable: saved per-pass bin means/covariances are absent,seed20260911_n5000,seed20260911,5k,5000,4980,Attentive CNP + PE,m2,matched_neural,0,104,500,20260909-phase3-seed20260911_n5000-m2-seed0-final-ctx-s104-n500-drop10100-mc50,5525de1fb2140568e1d66c51aba3fe44164a86094057facd55ea1ba44c637d5f,690327ab479a8dad919a1bf301629210271ac05a0961050d8a7c10b9f49924a6,False
full_500_3000,442,58,114299,1.8376223446822613,3.7441389339008975,4.166979241840273,0.2330316742081448,0.3597285067873303,0.5226244343891403,8.450284101648322,unavailable: saved per-pass bin means/covariances are absent,seed20260911_n5000,seed20260911,5k,5000,4980,Attentive CNP + PE,m2,matched_neural,0,105,500,20260909-phase3-seed20260911_n5000-m2-seed0-final-ctx-s105-n500-drop10100-mc50,9c32cd25e9c9b3a6049da9282ee5f6d31faa0f061f1ec29093e03c213ee315a9,85d90605d053677605e7e93265c4b72c60f458eefebc5f12abaf4bba048a26a1,False
figure1_1500_3000,242,58,43073,1.711588002101863,3.5974158601320787,3.977116731574103,0.21074380165289255,0.34710743801652894,0.5289256198347108,9.42379762621796,unavailable: saved per-pass bin means/covariances are absent,seed20260911_n5000,seed20260911,5k,5000,4980,Attentive CNP + PE,m2,matched_neural,0,105,500,20260909-phase3-seed20260911_n5000-m2-seed0-final-ctx-s105-n500-drop10100-mc50,9c32cd25e9c9b3a6049da9282ee5f6d31faa0f061f1ec29093e03c213ee315a9,85d90605d053677605e7e93265c4b72c60f458eefebc5f12abaf4bba048a26a1,False
full_500_3000,442,58,114299,2.3297438205292327,3.7745100263782025,4.431974655208197,0.20361990950226244,0.3552036199095023,0.49095022624434387,8.450284101648322,unavailable: saved per-pass bin means/covariances are absent,seed20260911_n5000,seed20260911,5k,5000,4980,Attentive CNP + PE,m2,matched_neural,0,106,500,20260909-phase3-seed20260911_n5000-m2-seed0-final-ctx-s106-n500-drop10100-mc50,1c716e8f0df0d874026acf6095c8b5f9615ed8e967709dabbea3528870923d18,dababece16fd4317648a0fdb9f0dc6e880fa294b3c4f041ecd895f43811164e0,False
figure1_1500_3000,242,58,43073,2.229626310792233,3.5987837946549095,4.22716935382877,0.18181818181818182,0.35537190082644626,0.4793388429752066,9.42379762621796,unavailable: saved per-pass bin means/covariances are absent,seed20260911_n5000,seed20260911,5k,5000,4980,Attentive CNP + PE,m2,matched_neural,0,106,500,20260909-phase3-seed20260911_n5000-m2-seed0-final-ctx-s106-n500-drop10100-mc50,1c716e8f0df0d874026acf6095c8b5f9615ed8e967709dabbea3528870923d18,dababece16fd4317648a0fdb9f0dc6e880fa294b3c4f041ecd895f43811164e0,False
full_500_3000,442,58,114299,1.7944686802926721,3.692831631169801,4.101983708792466,0.22624434389140272,0.3733031674208145,0.5294117647058824,8.450284101648322,unavailable: saved per-pass bin means/covariances are absent,seed20260911_n5000,seed20260911,5k,5000,4980,Attentive CNP + PE,m2,matched_neural,0,107,500,20260909-phase3-seed20260911_n5000-m2-seed0-final-ctx-s107-n500-drop10100-mc50,74d247555c23885cb1cdc1a9992c298c42b00075f9b744407c76724a4f4fa83b,d3bb8b0180feaee725f7be4a67478c5c1d66b21a9821adcf92c6bc479d8e992c,False
figure1_1500_3000,242,58,43073,1.7059986721967548,3.58546949356309,3.9639501359032465,0.21487603305785125,0.36363636363636365,0.5330578512396694,9.42379762621796,unavailable: saved per-pass bin means/covariances are absent,seed20260911_n5000,seed20260911,5k,5000,4980,Attentive CNP + PE,m2,matched_neural,0,107,500,20260909-phase3-seed20260911_n5000-m2-seed0-final-ctx-s107-n500-drop10100-mc50,74d247555c23885cb1cdc1a9992c298c42b00075f9b744407c76724a4f4fa83b,d3bb8b0180feaee725f7be4a67478c5c1d66b21a9821adcf92c6bc479d8e992c,False
full_500_3000,442,58,114299,1.9341045764171283,3.6811211029785924,4.154606540010878,0.22624434389140272,0.3755656108597285,0.5180995475113123,8.450284101648322,unavailable: saved per-pass bin means/covariances are absent,seed20260911_n5000,seed20260911,5k,5000,4980,Attentive CNP + PE,m2,matched_neural,0,108,500,20260909-phase3-seed20260911_n5000-m2-seed0-final-ctx-s108-n500-drop10100-mc50,5f46570546878acdbf9f980eb85c447f0817e11cea44310a8c4b250ae3d2bc03,bf90b203e3c89be57df96f60890d19364daf357b398d17a7802252dca02144d7,False
figure1_1500_3000,242,58,43073,1.8725883609740124,3.577431410510919,4.031341998021007,0.2024793388429752,0.371900826446281,0.5206611570247934,9.42379762621796,unavailable: saved per-pass bin means/covariances are absent,seed20260911_n5000,seed20260911,5k,5000,4980,Attentive CNP + PE,m2,matched_neural,0,108,500,20260909-phase3-seed20260911_n5000-m2-seed0-final-ctx-s108-n500-drop10100-mc50,5f46570546878acdbf9f980eb85c447f0817e11cea44310a8c4b250ae3d2bc03,bf90b203e3c89be57df96f60890d19364daf357b398d17a7802252dca02144d7,False
full_500_3000,442,58,114299,2.348913269563903,3.797876457882384,4.461908331331366,0.19909502262443438,0.3552036199095023,0.4796380090497738,8.450284101648322,unavailable: saved per-pass bin means/covariances are absent,seed20260911_n5000,seed20260911,5k,5000,4980,Attentive CNP + PE,m2,matched_neural,0,109,500,20260909-phase3-seed20260911_n5000-m2-seed0-final-ctx-s109-n500-drop10100-mc50,941cc27ba1593485e7588b314a66d6ec2aa7514b0fe753109c47bec0fd98ce52,466ff1f97d00c2ebb17b2989421812b96a58601e55ff8b92e66a60992f29a6a3,False
figure1_1500_3000,242,58,43073,2.214417888173499,3.6093890084064477,4.228179534006373,0.16942148760330578,0.35537190082644626,0.47107438016528924,9.42379762621796,unavailable: saved per-pass bin means/covariances are absent,seed20260911_n5000,seed20260911,5k,5000,4980,Attentive CNP + PE,m2,matched_neural,0,109,500,20260909-phase3-seed20260911_n5000-m2-seed0-final-ctx-s109-n500-drop10100-mc50,941cc27ba1593485e7588b314a66d6ec2aa7514b0fe753109c47bec0fd98ce52,466ff1f97d00c2ebb17b2989421812b96a58601e55ff8b92e66a60992f29a6a3,False
full_500_3000,442,58,114299,1.5445188398456686,3.585193152912741,3.90000869548353,0.20361990950226244,0.4004524886877828,0.579185520361991,8.450284101648322,unavailable: saved per-pass bin means/covariances are absent,seed20260911_n5000,seed20260911,5k,5000,4980,Attentive CNP + PE,m2,matched_neural,1,100,500,20260909-phase3-seed20260911_n5000-m2-seed1-final-ctx-s100-n500-drop10100-mc50,17eac4044ba0636e55737bd6bc503e5ec015d4ac179d653d1166ab7187d8df6c,6e8af8f7e48088de342c10f4f973d854faf1065e5790e2ab984873c94f456b66,False
figure1_1500_3000,242,58,43073,1.424940317121482,3.54375452656414,3.812710017743808,0.2066115702479339,0.371900826446281,0.5537190082644629,9.42379762621796,unavailable: saved per-pass bin means/covariances are absent,seed20260911_n5000,seed20260911,5k,5000,4980,Attentive CNP + PE,m2,matched_neural,1,100,500,20260909-phase3-seed20260911_n5000-m2-seed1-final-ctx-s100-n500-drop10100-mc50,17eac4044ba0636e55737bd6bc503e5ec015d4ac179d653d1166ab7187d8df6c,6e8af8f7e48088de342c10f4f973d854faf1065e5790e2ab984873c94f456b66,False
full_500_3000,442,58,114299,1.2007473275097973,3.6019873034463052,3.792987349101353,0.21266968325791855,0.4072398190045249,0.5701357466063348,8.450284101648322,unavailable: saved per-pass bin means/covariances are absent,seed20260911_n5000,seed20260911,5k,5000,4980,Attentive CNP + PE,m2,matched_neural,1,101,500,20260909-phase3-seed20260911_n5000-m2-seed1-final-ctx-s101-n500-drop10100-mc50,f9043f4f0ed1e47f5447822c64f2a083a6c903b1f6f744c9831af0c2ae81d960,14e7050d25fbbca8d0de56457b25372887f3af3605438f0d7c63b8d8005fd13b,False
figure1_1500_3000,242,58,43073,1.1304398206443598,3.5780268553876398,3.7452995071551274,0.1859504132231405,0.384297520661157,0.5537190082644629,9.42379762621796,unavailable: saved per-pass bin means/covariances are absent,seed20260911_n5000,seed20260911,5k,5000,4980,Attentive CNP + PE,m2,matched_neural,1,101,500,20260909-phase3-seed20260911_n5000-m2-seed1-final-ctx-s101-n500-drop10100-mc50,f9043f4f0ed1e47f5447822c64f2a083a6c903b1f6f744c9831af0c2ae81d960,14e7050d25fbbca8d0de56457b25372887f3af3605438f0d7c63b8d8005fd13b,False
full_500_3000,442,58,114299,1.61638782612471,3.5847537311594335,3.928625138664388,0.21040723981900453,0.39819004524886875,0.579185520361991,8.450284101648322,unavailable: saved per-pass bin means/covariances are absent,seed20260911_n5000,seed20260911,5k,5000,4980,Attentive CNP + PE,m2,matched_neural,1,102,500,20260909-phase3-seed20260911_n5000-m2-seed1-final-ctx-s102-n500-drop10100-mc50,ae705d830885a637a74387e56b5920efb5b563baf2cd181d00e9591cf9e2d59f,2542ae1b22f705baa1eb5531b390ba665c7efedf2f2d56cdd5b87e8f6ae08e75,False
figure1_1500_3000,242,58,43073,1.5227656418583129,3.5486653579211707,3.8548415954156563,0.2066115702479339,0.36363636363636365,0.5537190082644629,9.42379762621796,unavailable: saved per-pass bin means/covariances are absent,seed20260911_n5000,seed20260911,5k,5000,4980,Attentive CNP + PE,m2,matched_neural,1,102,500,20260909-phase3-seed20260911_n5000-m2-seed1-final-ctx-s102-n500-drop10100-mc50,ae705d830885a637a74387e56b5920efb5b563baf2cd181d00e9591cf9e2d59f,2542ae1b22f705baa1eb5531b390ba665c7efedf2f2d56cdd5b87e8f6ae08e75,False
full_500_3000,442,58,114299,0.6795769350311631,3.600018207120483,3.6595948325832017,0.2239819004524887,0.4321266968325792,0.5950226244343891,8.450284101648322,unavailable: saved per-pass bin means/covariances are absent,seed20260911_n5000,seed20260911,5k,5000,4980,Attentive CNP + PE,m2,matched_neural,1,103,500,20260909-phase3-seed20260911_n5000-m2-seed1-final-ctx-s103-n500-drop10100-mc50,0f12f246a4802ee0b691675826e9c8dbf1242dc8276dd0093e7cce0c1911ddb8,f536e069fd597f2288b65c9c704800fd72027d9f3ae1b336f85ed735dcb3af7b,False
figure1_1500_3000,242,58,43073,0.616286534057289,3.5975484892932066,3.6426204054968765,0.21074380165289255,0.41735537190082644,0.5619834710743802,9.42379762621796,unavailable: saved per-pass bin means/covariances are absent,seed20260911_n5000,seed20260911,5k,5000,4980,Attentive CNP + PE,m2,matched_neural,1,103,500,20260909-phase3-seed20260911_n5000-m2-seed1-final-ctx-s103-n500-drop10100-mc50,0f12f246a4802ee0b691675826e9c8dbf1242dc8276dd0093e7cce0c1911ddb8,f536e069fd597f2288b65c9c704800fd72027d9f3ae1b336f85ed735dcb3af7b,False
full_500_3000,442,58,114299,1.0394416402113356,3.6027615702427176,3.7457927847581263,0.22171945701357465,0.41855203619909503,0.5859728506787331,8.450284101648322,unavailable: saved per-pass bin means/covariances are absent,seed20260911_n5000,seed20260911,5k,5000,4980,Attentive CNP + PE,m2,matched_neural,1,104,500,20260909-phase3-seed20260911_n5000-m2-seed1-final-ctx-s104-n500-drop10100-mc50,bb817ba15733b57b7ada3f80f50cb2852c0b1518c656a391b51ab127b549ac9e,7a75a123dbfdbf4e5b0a3189c60dd77fdd12eda87b6b3470c4d6774fa89436a3,False
figure1_1500_3000,242,58,43073,0.9001459537057704,3.577724753321856,3.682048901596847,0.2024793388429752,0.4090909090909091,0.5578512396694215,9.42379762621796,unavailable: saved per-pass bin means/covariances are absent,seed20260911_n5000,seed20260911,5k,5000,4980,Attentive CNP + PE,m2,matched_neural,1,104,500,20260909-phase3-seed20260911_n5000-m2-seed1-final-ctx-s104-n500-drop10100-mc50,bb817ba15733b57b7ada3f80f50cb2852c0b1518c656a391b51ab127b549ac9e,7a75a123dbfdbf4e5b0a3189c60dd77fdd12eda87b6b3470c4d6774fa89436a3,False
full_500_3000,442,58,114299,0.8942276882775588,3.5919646458749663,3.6976563733393286,0.21945701357466063,0.4253393665158371,0.5882352941176471,8.450284101648322,unavailable: saved per-pass bin means/covariances are absent,seed20260911_n5000,seed20260911,5k,5000,4980,Attentive CNP + PE,m2,matched_neural,1,105,500,20260909-phase3-seed20260911_n5000-m2-seed1-final-ctx-s105-n500-drop10100-mc50,10819139d71c24704874effcf04a65d5da5529d07f4b6bd67082d86089d811ff,f5ea591e066f6fa33ff6369cb44a05e7bad8897276378949c0e8e2151745b2ee,False
figure1_1500_3000,242,58,43073,0.773871179241854,3.5801456996114145,3.6555923174034546,0.19834710743801653,0.41735537190082644,0.5578512396694215,9.42379762621796,unavailable: saved per-pass bin means/covariances are absent,seed20260911_n5000,seed20260911,5k,5000,4980,Attentive CNP + PE,m2,matched_neural,1,105,500,20260909-phase3-seed20260911_n5000-m2-seed1-final-ctx-s105-n500-drop10100-mc50,10819139d71c24704874effcf04a65d5da5529d07f4b6bd67082d86089d811ff,f5ea591e066f6fa33ff6369cb44a05e7bad8897276378949c0e8e2151745b2ee,False
full_500_3000,442,58,114299,1.210779665241487,3.5957556717195174,3.790276253668047,0.22624434389140272,0.4095022624434389,0.5769230769230769,8.450284101648322,unavailable: saved per-pass bin means/covariances are absent,seed20260911_n5000,seed20260911,5k,5000,4980,Attentive CNP + PE,m2,matched_neural,1,106,500,20260909-phase3-seed20260911_n5000-m2-seed1-final-ctx-s106-n500-drop10100-mc50,6786ca028b296f3d1c84f2a3cb3e3cddd799b4b4720f188ec827e1548b91482b,37c6c6cbdedbb8e01c16cd232d0e689c4ac13ccef993130d620859135bc0f33c,False
figure1_1500_3000,242,58,43073,1.147894356600818,3.570683000694312,3.743628389151338,0.21074380165289255,0.3884297520661157,0.5578512396694215,9.42379762621796,unavailable: saved per-pass bin means/covariances are absent,seed20260911_n5000,seed20260911,5k,5000,4980,Attentive CNP + PE,m2,matched_neural,1,106,500,20260909-phase3-seed20260911_n5000-m2-seed1-final-ctx-s106-n500-drop10100-mc50,6786ca028b296f3d1c84f2a3cb3e3cddd799b4b4720f188ec827e1548b91482b,37c6c6cbdedbb8e01c16cd232d0e689c4ac13ccef993130d620859135bc0f33c,False
full_500_3000,442,58,114299,0.8510183328431175,3.591927813172028,3.687409347512205,0.22171945701357465,0.4253393665158371,0.5882352941176471,8.450284101648322,unavailable: saved per-pass bin means/covariances are absent,seed20260911_n5000,seed20260911,5k,5000,4980,Attentive CNP + PE,m2,matched_neural,1,107,500,20260909-phase3-seed20260911_n5000-m2-seed1-final-ctx-s107-n500-drop10100-mc50,81552301b2362c81f68c38eb4fa8c77d992c1857c399a411f90293126d590774,da58c9baa2780acab4735a6961747df68ec38eefaab03643bd390142a02d0fa8,False
figure1_1500_3000,242,58,43073,0.7578778730269669,3.580895131278125,3.6529716661502283,0.19834710743801653,0.4132231404958678,0.5578512396694215,9.42379762621796,unavailable: saved per-pass bin means/covariances are absent,seed20260911_n5000,seed20260911,5k,5000,4980,Attentive CNP + PE,m2,matched_neural,1,107,500,20260909-phase3-seed20260911_n5000-m2-seed1-final-ctx-s107-n500-drop10100-mc50,81552301b2362c81f68c38eb4fa8c77d992c1857c399a411f90293126d590774,da58c9baa2780acab4735a6961747df68ec38eefaab03643bd390142a02d0fa8,False
full_500_3000,442,58,114299,0.812482272449138,3.603563687155676,3.6900432712527347,0.21945701357466063,0.42081447963800905,0.5882352941176471,8.450284101648322,unavailable: saved per-pass bin means/covariances are absent,seed20260911_n5000,seed20260911,5k,5000,4980,Attentive CNP + PE,m2,matched_neural,1,108,500,20260909-phase3-seed20260911_n5000-m2-seed1-final-ctx-s108-n500-drop10100-mc50,4cb0de0d99c5235e372a4055ecdf177f02fbb0b3352ab7140e662fbe3dc40bcb,cd376fc21dd8a6f7e2375dbab8d4a2d15062fb2bf917fe6f9d31cd9551e46240,False
figure1_1500_3000,242,58,43073,0.7318938036853505,3.5974840903572014,3.663888839551735,0.19421487603305784,0.4090909090909091,0.5537190082644629,9.42379762621796,unavailable: saved per-pass bin means/covariances are absent,seed20260911_n5000,seed20260911,5k,5000,4980,Attentive CNP + PE,m2,matched_neural,1,108,500,20260909-phase3-seed20260911_n5000-m2-seed1-final-ctx-s108-n500-drop10100-mc50,4cb0de0d99c5235e372a4055ecdf177f02fbb0b3352ab7140e662fbe3dc40bcb,cd376fc21dd8a6f7e2375dbab8d4a2d15062fb2bf917fe6f9d31cd9551e46240,False
full_500_3000,442,58,114299,1.3155885584261753,3.6049869007012916,3.8337059422280646,0.22171945701357465,0.40497737556561086,0.579185520361991,8.450284101648322,unavailable: saved per-pass bin means/covariances are absent,seed20260911_n5000,seed20260911,5k,5000,4980,Attentive CNP + PE,m2,matched_neural,1,109,500,20260909-phase3-seed20260911_n5000-m2-seed1-final-ctx-s109-n500-drop10100-mc50,1a0a4e0bcd3bc69dcd4063cb80e931c80264b9a3b35ae01414137a0adfa1a79d,920724a13d4dd7111c240935470696ddc9939110b3dc4aa56e8378b459b79556,False
figure1_1500_3000,242,58,43073,1.2522686464486346,3.569383590153224,3.775715731562414,0.2066115702479339,0.3760330578512397,0.5619834710743802,9.42379762621796,unavailable: saved per-pass bin means/covariances are absent,seed20260911_n5000,seed20260911,5k,5000,4980,Attentive CNP + PE,m2,matched_neural,1,109,500,20260909-phase3-seed20260911_n5000-m2-seed1-final-ctx-s109-n500-drop10100-mc50,1a0a4e0bcd3bc69dcd4063cb80e931c80264b9a3b35ae01414137a0adfa1a79d,920724a13d4dd7111c240935470696ddc9939110b3dc4aa56e8378b459b79556,False
full_500_3000,442,58,114299,0.5801765240831824,3.459902518056762,3.504346828133005,0.2239819004524887,0.4457013574660634,0.581447963800905,8.450284101648322,unavailable: saved per-pass bin means/covariances are absent,seed20260911_n5000,seed20260911,5k,5000,4980,Attentive CNP + PE,m2,matched_neural,2,100,500,20260909-phase3-seed20260911_n5000-m2-seed2-final-ctx-s100-n500-drop10100-mc50,28f581467fb130f1b3098d2bc42e7cf3466a6f281d087a33742d0e5126b4da71,be8a278fa43e0bac6eecfe72f9cfb1637b791f96f237088d951321942a5afe3c,False
figure1_1500_3000,242,58,43073,0.3992101612196155,3.486758288317816,3.5023727070978263,0.19008264462809918,0.41735537190082644,0.5743801652892562,9.42379762621796,unavailable: saved per-pass bin means/covariances are absent,seed20260911_n5000,seed20260911,5k,5000,4980,Attentive CNP + PE,m2,matched_neural,2,100,500,20260909-phase3-seed20260911_n5000-m2-seed2-final-ctx-s100-n500-drop10100-mc50,28f581467fb130f1b3098d2bc42e7cf3466a6f281d087a33742d0e5126b4da71,be8a278fa43e0bac6eecfe72f9cfb1637b791f96f237088d951321942a5afe3c,False
full_500_3000,442,58,114299,0.3997957877354653,3.454764872310255,3.4739363590440813,0.2081447963800905,0.43665158371040724,0.5950226244343891,8.450284101648322,unavailable: saved per-pass bin means/covariances are absent,seed20260911_n5000,seed20260911,5k,5000,4980,Attentive CNP + PE,m2,matched_neural,2,101,500,20260909-phase3-seed20260911_n5000-m2-seed2-final-ctx-s101-n500-drop10100-mc50,42b62c4c31d822b8471ee31e970ea0259371878d08d305d166f2c79560038344,8e7850a67dd73972f9265ee71ea8f71e81d67b69ede9bc7ef9cd982af0ae91a4,False
figure1_1500_3000,242,58,43073,0.2829118676848096,3.4670435120285354,3.471420286160489,0.17768595041322313,0.4132231404958678,0.5826446280991735,9.42379762621796,unavailable: saved per-pass bin means/covariances are absent,seed20260911_n5000,seed20260911,5k,5000,4980,Attentive CNP + PE,m2,matched_neural,2,101,500,20260909-phase3-seed20260911_n5000-m2-seed2-final-ctx-s101-n500-drop10100-mc50,42b62c4c31d822b8471ee31e970ea0259371878d08d305d166f2c79560038344,8e7850a67dd73972f9265ee71ea8f71e81d67b69ede9bc7ef9cd982af0ae91a4,False
full_500_3000,442,58,114299,0.7334821645241003,3.4398151037358597,3.5133394457170684,0.2330316742081448,0.43665158371040724,0.5859728506787331,8.450284101648322,unavailable: saved per-pass bin means/covariances are absent,seed20260911_n5000,seed20260911,5k,5000,4980,Attentive CNP + PE,m2,matched_neural,2,102,500,20260909-phase3-seed20260911_n5000-m2-seed2-final-ctx-s102-n500-drop10100-mc50,79e77fe6f0ba304675f6e2709b4f87cc6c6465885e2efee8ca8f7d24083ba71d,cb0123bf25c7b776318298796a0649152960f1a2f1ce9e56cb71009f85e9792d,False
figure1_1500_3000,242,58,43073,0.5901796814834457,3.4669179078250925,3.509724262520981,0.2066115702479339,0.41735537190082644,0.5743801652892562,9.42379762621796,unavailable: saved per-pass bin means/covariances are absent,seed20260911_n5000,seed20260911,5k,5000,4980,Attentive CNP + PE,m2,matched_neural,2,102,500,20260909-phase3-seed20260911_n5000-m2-seed2-final-ctx-s102-n500-drop10100-mc50,79e77fe6f0ba304675f6e2709b4f87cc6c6465885e2efee8ca8f7d24083ba71d,cb0123bf25c7b776318298796a0649152960f1a2f1ce9e56cb71009f85e9792d,False
full_500_3000,442,58,114299,-0.17431367255592797,3.531836711926418,3.5321430307315507,0.20135746606334842,0.43665158371040724,0.6199095022624435,8.450284101648322,unavailable: saved per-pass bin means/covariances are absent,seed20260911_n5000,seed20260911,5k,5000,4980,Attentive CNP + PE,m2,matched_neural,2,103,500,20260909-phase3-seed20260911_n5000-m2-seed2-final-ctx-s103-n500-drop10100-mc50,f3ef6b54f4e57e94ab3a67f27e11c1451aec19ed941b1098062bb27b25427f07,10917f9b381f2ce97eef90e9538fcbb811ef6de573cff87e844b4a1a4e194f6f,False
figure1_1500_3000,242,58,43073,-0.29637655074931535,3.5502352111951962,3.5552673271232833,0.19421487603305784,0.4090909090909091,0.6074380165289256,9.42379762621796,unavailable: saved per-pass bin means/covariances are absent,seed20260911_n5000,seed20260911,5k,5000,4980,Attentive CNP + PE,m2,matched_neural,2,103,500,20260909-phase3-seed20260911_n5000-m2-seed2-final-ctx-s103-n500-drop10100-mc50,f3ef6b54f4e57e94ab3a67f27e11c1451aec19ed941b1098062bb27b25427f07,10917f9b381f2ce97eef90e9538fcbb811ef6de573cff87e844b4a1a4e194f6f,False
full_500_3000,442,58,114299,0.03263547614298497,3.515060026191715,3.5112331323301578,0.18099547511312217,0.4434389140271493,0.6199095022624435,8.450284101648322,unavailable: saved per-pass bin means/covariances are absent,seed20260911_n5000,seed20260911,5k,5000,4980,Attentive CNP + PE,m2,matched_neural,2,104,500,20260909-phase3-seed20260911_n5000-m2-seed2-final-ctx-s104-n500-drop10100-mc50,601ab065390e18ae68e3781ed16eeebaaf80ad45677eed4c2f0deb81c4452895,a0070330298b5bf16d0d2a7c5a9fda396cfbb2f2670df567b893ec09f3877189,False
figure1_1500_3000,242,58,43073,-0.14146685186052674,3.546540815949133,3.542031849390837,0.16115702479338842,0.41735537190082644,0.6074380165289256,9.42379762621796,unavailable: saved per-pass bin means/covariances are absent,seed20260911_n5000,seed20260911,5k,5000,4980,Attentive CNP + PE,m2,matched_neural,2,104,500,20260909-phase3-seed20260911_n5000-m2-seed2-final-ctx-s104-n500-drop10100-mc50,601ab065390e18ae68e3781ed16eeebaaf80ad45677eed4c2f0deb81c4452895,a0070330298b5bf16d0d2a7c5a9fda396cfbb2f2670df567b893ec09f3877189,False
full_500_3000,442,58,114299,-0.03791162070760251,3.5121397468806115,3.5083693318431743,0.19230769230769232,0.4343891402714932,0.6176470588235294,8.450284101648322,unavailable: saved per-pass bin means/covariances are absent,seed20260911_n5000,seed20260911,5k,5000,4980,Attentive CNP + PE,m2,matched_neural,2,105,500,20260909-phase3-seed20260911_n5000-m2-seed2-final-ctx-s105-n500-drop10100-mc50,fdc96fd4138d2bbf0aa75a742ba6e4bd3706941046c322abe0b0ab5af2376d9a,77d4e048dd0ae2f30998eede4fa8b327a36fb360b6833d06e06cd9d0aeb04fd2,False
figure1_1500_3000,242,58,43073,-0.1885783314225964,3.540204718000922,3.5379120639043755,0.18181818181818182,0.4090909090909091,0.6074380165289256,9.42379762621796,unavailable: saved per-pass bin means/covariances are absent,seed20260911_n5000,seed20260911,5k,5000,4980,Attentive CNP + PE,m2,matched_neural,2,105,500,20260909-phase3-seed20260911_n5000-m2-seed2-final-ctx-s105-n500-drop10100-mc50,fdc96fd4138d2bbf0aa75a742ba6e4bd3706941046c322abe0b0ab5af2376d9a,77d4e048dd0ae2f30998eede4fa8b327a36fb360b6833d06e06cd9d0aeb04fd2,False
full_500_3000,442,58,114299,0.23780435691245239,3.4847106248620707,3.4888802974036874,0.19004524886877827,0.4253393665158371,0.5950226244343891,8.450284101648322,unavailable: saved per-pass bin means/covariances are absent,seed20260911_n5000,seed20260911,5k,5000,4980,Attentive CNP + PE,m2,matched_neural,2,106,500,20260909-phase3-seed20260911_n5000-m2-seed2-final-ctx-s106-n500-drop10100-mc50,037f2f7eb1b8ea13a68f6a78acca8a32731375d90250315d8234ac640fe29b0e,a13835ce93cd3fdf2ba24fb7482aca1716bfaeeb7789049b5c5b67fc44d22432,False
figure1_1500_3000,242,58,43073,0.0897264016729837,3.5077564371966634,3.501651268584984,0.16942148760330578,0.4049586776859504,0.5785123966942148,9.42379762621796,unavailable: saved per-pass bin means/covariances are absent,seed20260911_n5000,seed20260911,5k,5000,4980,Attentive CNP + PE,m2,matched_neural,2,106,500,20260909-phase3-seed20260911_n5000-m2-seed2-final-ctx-s106-n500-drop10100-mc50,037f2f7eb1b8ea13a68f6a78acca8a32731375d90250315d8234ac640fe29b0e,a13835ce93cd3fdf2ba24fb7482aca1716bfaeeb7789049b5c5b67fc44d22432,False
full_500_3000,442,58,114299,0.11993987720761859,3.496485596061887,3.4945869277388892,0.19457013574660634,0.4343891402714932,0.6108597285067874,8.450284101648322,unavailable: saved per-pass bin means/covariances are absent,seed20260911_n5000,seed20260911,5k,5000,4980,Attentive CNP + PE,m2,matched_neural,2,107,500,20260909-phase3-seed20260911_n5000-m2-seed2-final-ctx-s107-n500-drop10100-mc50,73990328568860c81c84fa9ab7e1989fb437a0ad797d755806ba5883eed4222d,544bd954cf9cf176684547f376d2a8c1f93f103f848be7a6ce1a911ba3a05a6a,False
figure1_1500_3000,242,58,43073,-0.037396225532727485,3.5263391322232107,3.5192444609548743,0.16115702479338842,0.4214876033057851,0.5950413223140496,9.42379762621796,unavailable: saved per-pass bin means/covariances are absent,seed20260911_n5000,seed20260911,5k,5000,4980,Attentive CNP + PE,m2,matched_neural,2,107,500,20260909-phase3-seed20260911_n5000-m2-seed2-final-ctx-s107-n500-drop10100-mc50,73990328568860c81c84fa9ab7e1989fb437a0ad797d755806ba5883eed4222d,544bd954cf9cf176684547f376d2a8c1f93f103f848be7a6ce1a911ba3a05a6a,False
full_500_3000,442,58,114299,-0.06609941600296498,3.5217292965299323,3.5183641427992245,0.19230769230769232,0.43891402714932126,0.6153846153846154,8.450284101648322,unavailable: saved per-pass bin means/covariances are absent,seed20260911_n5000,seed20260911,5k,5000,4980,Attentive CNP + PE,m2,matched_neural,2,108,500,20260909-phase3-seed20260911_n5000-m2-seed2-final-ctx-s108-n500-drop10100-mc50,ec822cbfa261bf7939419c98ccaa6e9d13ad877a3fe7cb4a6d3814e58f4ec376,981fdcd1889eb59990e1081c73bf752de997fad338b3d6e1f6c08c0bacaa9619,False
figure1_1500_3000,242,58,43073,-0.21760684856388982,3.552377257980629,3.551702508365189,0.18181818181818182,0.4090909090909091,0.6033057851239669,9.42379762621796,unavailable: saved per-pass bin means/covariances are absent,seed20260911_n5000,seed20260911,5k,5000,4980,Attentive CNP + PE,m2,matched_neural,2,108,500,20260909-phase3-seed20260911_n5000-m2-seed2-final-ctx-s108-n500-drop10100-mc50,ec822cbfa261bf7939419c98ccaa6e9d13ad877a3fe7cb4a6d3814e58f4ec376,981fdcd1889eb59990e1081c73bf752de997fad338b3d6e1f6c08c0bacaa9619,False
full_500_3000,442,58,114299,0.4124737220037283,3.47823001367627,3.498692236900721,0.19909502262443438,0.4321266968325792,0.5882352941176471,8.450284101648322,unavailable: saved per-pass bin means/covariances are absent,seed20260911_n5000,seed20260911,5k,5000,4980,Attentive CNP + PE,m2,matched_neural,2,109,500,20260909-phase3-seed20260911_n5000-m2-seed2-final-ctx-s109-n500-drop10100-mc50,933169e5d9ec2d14fdd27a3e7dd34be944739dbce7651043fc98f0d60c8a511a,d6c9e87c3c0a1d32ebcf96ecb1a47f0eef7cd9f97a2c5189581c484ee65a5fe7,False
figure1_1500_3000,242,58,43073,0.23465979178081645,3.500636991449784,3.501269241578726,0.17355371900826447,0.40082644628099173,0.5826446280991735,9.42379762621796,unavailable: saved per-pass bin means/covariances are absent,seed20260911_n5000,seed20260911,5k,5000,4980,Attentive CNP + PE,m2,matched_neural,2,109,500,20260909-phase3-seed20260911_n5000-m2-seed2-final-ctx-s109-n500-drop10100-mc50,933169e5d9ec2d14fdd27a3e7dd34be944739dbce7651043fc98f0d60c8a511a,d6c9e87c3c0a1d32ebcf96ecb1a47f0eef7cd9f97a2c5189581c484ee65a5fe7,False
full_500_3000,442,58,114299,0.3590215479574504,2.1183038987189837,2.146149066867975,0.4592760180995475,0.7714932126696833,0.9389140271493213,8.450284101648322,unavailable: saved per-pass bin means/covariances are absent,seed20260911_n5000,seed20260911,5k,5000,4980,Density-guided CNP,ours,matched_neural,0,100,500,20260909-phase3-seed20260911_n5000-ours-seed0-final-ctx-s100-n500-drop10100-mc50,0292cfeba3b3b6e7a2b8b6b1b29580f5ad32b425024971c6d2b4edd25e914287,2e72a6277aca370452548a012baa7c232b00a551c2f420649bf121647fb0ce29,False
figure1_1500_3000,242,58,43073,0.08191694623554965,1.7360613654583106,1.7344063194733088,0.4256198347107438,0.7520661157024794,0.9380165289256198,9.42379762621796,unavailable: saved per-pass bin means/covariances are absent,seed20260911_n5000,seed20260911,5k,5000,4980,Density-guided CNP,ours,matched_neural,0,100,500,20260909-phase3-seed20260911_n5000-ours-seed0-final-ctx-s100-n500-drop10100-mc50,0292cfeba3b3b6e7a2b8b6b1b29580f5ad32b425024971c6d2b4edd25e914287,2e72a6277aca370452548a012baa7c232b00a551c2f420649bf121647fb0ce29,False
full_500_3000,442,58,114299,0.31177795895611304,2.07501923181711,2.0959887629705864,0.4819004524886878,0.8144796380090498,0.9479638009049773,8.450284101648322,unavailable: saved per-pass bin means/covariances are absent,seed20260911_n5000,seed20260911,5k,5000,4980,Density-guided CNP,ours,matched_neural,0,101,500,20260909-phase3-seed20260911_n5000-ours-seed0-final-ctx-s101-n500-drop10100-mc50,750297764034a9fdd351e60a4e615eb088fb3dc9820eb33ad2aac0ea468f6e73,06342b87257b6de1fc044c0750329bda1e1b165f17715dcb90a2b46be5d78055,False
figure1_1500_3000,242,58,43073,0.17203863180022722,1.7072969484482765,1.7124296403412262,0.4628099173553719,0.7975206611570248,0.9545454545454546,9.42379762621796,unavailable: saved per-pass bin means/covariances are absent,seed20260911_n5000,seed20260911,5k,5000,4980,Density-guided CNP,ours,matched_neural,0,101,500,20260909-phase3-seed20260911_n5000-ours-seed0-final-ctx-s101-n500-drop10100-mc50,750297764034a9fdd351e60a4e615eb088fb3dc9820eb33ad2aac0ea468f6e73,06342b87257b6de1fc044c0750329bda1e1b165f17715dcb90a2b46be5d78055,False
full_500_3000,442,58,114299,0.32136987668320777,2.1232809563464454,2.145087595798628,0.4638009049773756,0.7805429864253394,0.9479638009049773,8.450284101648322,unavailable: saved per-pass bin means/covariances are absent,seed20260911_n5000,seed20260911,5k,5000,4980,Density-guided CNP,ours,matched_neural,0,102,500,20260909-phase3-seed20260911_n5000-ours-seed0-final-ctx-s102-n500-drop10100-mc50,e3da0f497e152dc5764d9420e0770ecc6410dc2242b126eeee761b246bf995fb,9fa1272b8befbd19561e59741026e9a388589670a23ae1953407e74d31c48792,False
figure1_1500_3000,242,58,43073,0.11046362532877255,1.6686948806411932,1.668903365326886,0.43388429752066116,0.7644628099173554,0.9586776859504132,9.42379762621796,unavailable: saved per-pass bin means/covariances are absent,seed20260911_n5000,seed20260911,5k,5000,4980,Density-guided CNP,ours,matched_neural,0,102,500,20260909-phase3-seed20260911_n5000-ours-seed0-final-ctx-s102-n500-drop10100-mc50,e3da0f497e152dc5764d9420e0770ecc6410dc2242b126eeee761b246bf995fb,9fa1272b8befbd19561e59741026e9a388589670a23ae1953407e74d31c48792,False
full_500_3000,442,58,114299,0.21819040184406582,2.0680072889955405,2.077158037001376,0.45701357466063347,0.7828054298642534,0.9321266968325792,8.450284101648322,unavailable: saved per-pass bin means/covariances are absent,seed20260911_n5000,seed20260911,5k,5000,4980,Density-guided CNP,ours,matched_neural,0,103,500,20260909-phase3-seed20260911_n5000-ours-seed0-final-ctx-s103-n500-drop10100-mc50,a011e94b0ca613ade61d6e53c1a689eeb106ccd5ff6eff86e856b44cb9463c94,498626d8a676ca0a9d9de54fa513475693f30f6fcc88429efc97096dd582919b,False
figure1_1500_3000,242,58,43073,0.010707015721253405,1.7940571566238086,1.7903786056757933,0.4256198347107438,0.743801652892562,0.9256198347107438,9.42379762621796,unavailable: saved per-pass bin means/covariances are absent,seed20260911_n5000,seed20260911,5k,5000,4980,Density-guided CNP,ours,matched_neural,0,103,500,20260909-phase3-seed20260911_n5000-ours-seed0-final-ctx-s103-n500-drop10100-mc50,a011e94b0ca613ade61d6e53c1a689eeb106ccd5ff6eff86e856b44cb9463c94,498626d8a676ca0a9d9de54fa513475693f30f6fcc88429efc97096dd582919b,False
full_500_3000,442,58,114299,0.2657137861223273,2.1622143640052283,2.1760508868569675,0.4660633484162896,0.7850678733031674,0.9366515837104072,8.450284101648322,unavailable: saved per-pass bin means/covariances are absent,seed20260911_n5000,seed20260911,5k,5000,4980,Density-guided CNP,ours,matched_neural,0,104,500,20260909-phase3-seed20260911_n5000-ours-seed0-final-ctx-s104-n500-drop10100-mc50,27b8ea1c31ba602cd52596ce1a38aa3d698847c0195abfdfb89325c85dd40579,72b0b7c54a9220301729c3dbefcbbcbd50ac7ddacf414466a440f72e1407191d,False
figure1_1500_3000,242,58,43073,0.02648092652490419,1.7651680178558586,1.7617162340163246,0.4380165289256198,0.768595041322314,0.9380165289256198,9.42379762621796,unavailable: saved per-pass bin means/covariances are absent,seed20260911_n5000,seed20260911,5k,5000,4980,Density-guided CNP,ours,matched_neural,0,104,500,20260909-phase3-seed20260911_n5000-ours-seed0-final-ctx-s104-n500-drop10100-mc50,27b8ea1c31ba602cd52596ce1a38aa3d698847c0195abfdfb89325c85dd40579,72b0b7c54a9220301729c3dbefcbbcbd50ac7ddacf414466a440f72e1407191d,False
full_500_3000,442,58,114299,0.22602202079060024,2.180171070465514,2.1894013169424387,0.4479638009049774,0.7760180995475113,0.9276018099547512,8.450284101648322,unavailable: saved per-pass bin means/covariances are absent,seed20260911_n5000,seed20260911,5k,5000,4980,Density-guided CNP,ours,matched_neural,0,105,500,20260909-phase3-seed20260911_n5000-ours-seed0-final-ctx-s105-n500-drop10100-mc50,28c7cd81fa2c027509750479d946d922c699e82f09b84bf8a9c9c4df8bf0097e,35fe60fbaf2aa43639fbd741b46964fdf981ecd8debdf41640cc273cc9f6d52e,False
figure1_1500_3000,242,58,43073,-0.06777981702577192,1.8348310788135402,1.8322902608768865,0.4090909090909091,0.743801652892562,0.9173553719008265,9.42379762621796,unavailable: saved per-pass bin means/covariances are absent,seed20260911_n5000,seed20260911,5k,5000,4980,Density-guided CNP,ours,matched_neural,0,105,500,20260909-phase3-seed20260911_n5000-ours-seed0-final-ctx-s105-n500-drop10100-mc50,28c7cd81fa2c027509750479d946d922c699e82f09b84bf8a9c9c4df8bf0097e,35fe60fbaf2aa43639fbd741b46964fdf981ecd8debdf41640cc273cc9f6d52e,False
full_500_3000,442,58,114299,0.2674295509819344,2.165033040378455,2.1790552369185683,0.45701357466063347,0.7714932126696833,0.9411764705882353,8.450284101648322,unavailable: saved per-pass bin means/covariances are absent,seed20260911_n5000,seed20260911,5k,5000,4980,Density-guided CNP,ours,matched_neural,0,106,500,20260909-phase3-seed20260911_n5000-ours-seed0-final-ctx-s106-n500-drop10100-mc50,73c7349c1d77ca0fbcef2d245a77a22c934cdc1c8aeeda1fb58f1721cad94d24,d440190bb6b4e43ac0e9dbc7e44183774c7ed83fa4021bd3bca031dc36b7ef44,False
figure1_1500_3000,242,58,43073,0.006331176996984012,1.7261588246685347,1.7226003235589649,0.4214876033057851,0.7520661157024794,0.9421487603305785,9.42379762621796,unavailable: saved per-pass bin means/covariances are absent,seed20260911_n5000,seed20260911,5k,5000,4980,Density-guided CNP,ours,matched_neural,0,106,500,20260909-phase3-seed20260911_n5000-ours-seed0-final-ctx-s106-n500-drop10100-mc50,73c7349c1d77ca0fbcef2d245a77a22c934cdc1c8aeeda1fb58f1721cad94d24,d440190bb6b4e43ac0e9dbc7e44183774c7ed83fa4021bd3bca031dc36b7ef44,False
full_500_3000,442,58,114299,0.2106099831740674,2.138576313419961,2.1465129649501966,0.4592760180995475,0.7918552036199095,0.9253393665158371,8.450284101648322,unavailable: saved per-pass bin means/covariances are absent,seed20260911_n5000,seed20260911,5k,5000,4980,Density-guided CNP,ours,matched_neural,0,107,500,20260909-phase3-seed20260911_n5000-ours-seed0-final-ctx-s107-n500-drop10100-mc50,7f5e16d9d7faa20403f2fadf1c5d4629cbd73d648de0193d8c0b363931dbc476,6d27b4da227872b6de9ee5236576325ebdefd77fd384a6820b81646ebd796b78,False
figure1_1500_3000,242,58,43073,-0.012790254287722555,1.8190071317751302,1.8152900216563825,0.43388429752066116,0.756198347107438,0.9132231404958677,9.42379762621796,unavailable: saved per-pass bin means/covariances are absent,seed20260911_n5000,seed20260911,5k,5000,4980,Density-guided CNP,ours,matched_neural,0,107,500,20260909-phase3-seed20260911_n5000-ours-seed0-final-ctx-s107-n500-drop10100-mc50,7f5e16d9d7faa20403f2fadf1c5d4629cbd73d648de0193d8c0b363931dbc476,6d27b4da227872b6de9ee5236576325ebdefd77fd384a6820b81646ebd796b78,False
full_500_3000,442,58,114299,0.2191445101708052,2.021222758216811,2.030793662768006,0.47285067873303166,0.7963800904977375,0.9389140271493213,8.450284101648322,unavailable: saved per-pass bin means/covariances are absent,seed20260911_n5000,seed20260911,5k,5000,4980,Density-guided CNP,ours,matched_neural,0,108,500,20260909-phase3-seed20260911_n5000-ours-seed0-final-ctx-s108-n500-drop10100-mc50,c262d28d31cdb170e65b9a4be9a224783f9170ec3b5d8028f56b9131d5c719ab,6b4fd6afa853ab0d1963a6f6181c5fae665693e42169c4f026f62dc8e3d05917,False
figure1_1500_3000,242,58,43073,0.10672570928785591,1.7352125395946785,1.7349094905931197,0.45041322314049587,0.7520661157024794,0.9380165289256198,9.42379762621796,unavailable: saved per-pass bin means/covariances are absent,seed20260911_n5000,seed20260911,5k,5000,4980,Density-guided CNP,ours,matched_neural,0,108,500,20260909-phase3-seed20260911_n5000-ours-seed0-final-ctx-s108-n500-drop10100-mc50,c262d28d31cdb170e65b9a4be9a224783f9170ec3b5d8028f56b9131d5c719ab,6b4fd6afa853ab0d1963a6f6181c5fae665693e42169c4f026f62dc8e3d05917,False
full_500_3000,442,58,114299,0.31939250696821614,2.28943374488321,2.3090387248559403,0.4434389140271493,0.755656108597285,0.9253393665158371,8.450284101648322,unavailable: saved per-pass bin means/covariances are absent,seed20260911_n5000,seed20260911,5k,5000,4980,Density-guided CNP,ours,matched_neural,0,109,500,20260909-phase3-seed20260911_n5000-ours-seed0-final-ctx-s109-n500-drop10100-mc50,c63eb592913869b9de317ba4efb11f7f831530c863224c2398888209cb83dccf,309c570ab0be46c2d053abbf4bbcf46a75e57de5283cd276e304d13642bd9942,False
figure1_1500_3000,242,58,43073,-0.026709718864711664,1.7559256047852652,1.752497456190681,0.4256198347107438,0.743801652892562,0.9297520661157025,9.42379762621796,unavailable: saved per-pass bin means/covariances are absent,seed20260911_n5000,seed20260911,5k,5000,4980,Density-guided CNP,ours,matched_neural,0,109,500,20260909-phase3-seed20260911_n5000-ours-seed0-final-ctx-s109-n500-drop10100-mc50,c63eb592913869b9de317ba4efb11f7f831530c863224c2398888209cb83dccf,309c570ab0be46c2d053abbf4bbcf46a75e57de5283cd276e304d13642bd9942,False
full_500_3000,442,58,114299,-0.30247757964105243,1.855850201225445,1.8782652616709525,0.4819004524886878,0.8009049773755657,0.9140271493212669,8.450284101648322,unavailable: saved per-pass bin means/covariances are absent,seed20260911_n5000,seed20260911,5k,5000,4980,Density-guided CNP,ours,matched_neural,1,100,500,20260909-phase3-seed20260911_n5000-ours-seed1-final-ctx-s100-n500-drop10100-mc50,22f09c45e6c3fb92a4324dac1ea5a8451e213379f1d4516efedaaa8e7c7afd52,188345c9c54ecca11eec1bd5bccaa7e03420fc192f47fb90c934a0028ed5b72d,False
figure1_1500_3000,242,58,43073,-0.5174674488241843,1.7630650931809935,1.8339374202493661,0.4793388429752066,0.7768595041322314,0.9008264462809917,9.42379762621796,unavailable: saved per-pass bin means/covariances are absent,seed20260911_n5000,seed20260911,5k,5000,4980,Density-guided CNP,ours,matched_neural,1,100,500,20260909-phase3-seed20260911_n5000-ours-seed1-final-ctx-s100-n500-drop10100-mc50,22f09c45e6c3fb92a4324dac1ea5a8451e213379f1d4516efedaaa8e7c7afd52,188345c9c54ecca11eec1bd5bccaa7e03420fc192f47fb90c934a0028ed5b72d,False
full_500_3000,442,58,114299,-0.3314913182962187,1.7145886781523507,1.7444339098113126,0.5,0.8122171945701357,0.9366515837104072,8.450284101648322,unavailable: saved per-pass bin means/covariances are absent,seed20260911_n5000,seed20260911,5k,5000,4980,Density-guided CNP,ours,matched_neural,1,101,500,20260909-phase3-seed20260911_n5000-ours-seed1-final-ctx-s101-n500-drop10100-mc50,2e62840011ad73e8bb534ccb1a24e10cdb1fc1321d04474fed4c41a461dfa217,fe89b20ad4abec7bf52da46c100d8a439a5c52cf72a5f55535d12af8a4b970f4,False
figure1_1500_3000,242,58,43073,-0.3593743606044432,1.5600068899114554,1.5977218595409999,0.5041322314049587,0.8140495867768595,0.9380165289256198,9.42379762621796,unavailable: saved per-pass bin means/covariances are absent,seed20260911_n5000,seed20260911,5k,5000,4980,Density-guided CNP,ours,matched_neural,1,101,500,20260909-phase3-seed20260911_n5000-ours-seed1-final-ctx-s101-n500-drop10100-mc50,2e62840011ad73e8bb534ccb1a24e10cdb1fc1321d04474fed4c41a461dfa217,fe89b20ad4abec7bf52da46c100d8a439a5c52cf72a5f55535d12af8a4b970f4,False
full_500_3000,442,58,114299,-0.3220453858512163,1.7356196579009227,1.763313216089371,0.49095022624434387,0.8054298642533937,0.9321266968325792,8.450284101648322,unavailable: saved per-pass bin means/covariances are absent,seed20260911_n5000,seed20260911,5k,5000,4980,Density-guided CNP,ours,matched_neural,1,102,500,20260909-phase3-seed20260911_n5000-ours-seed1-final-ctx-s102-n500-drop10100-mc50,47dc61caab9bd0349c2a2499b1e87fe14224656645f1b1d55f9f96dea740281d,1a331ec124bda8dc67afe711837ee442b987c927cee8b2c82d66b489954fa17f,False
figure1_1500_3000,242,58,43073,-0.4382932658583811,1.5678712033607571,1.6248578900582402,0.48760330578512395,0.7975206611570248,0.9297520661157025,9.42379762621796,unavailable: saved per-pass bin means/covariances are absent,seed20260911_n5000,seed20260911,5k,5000,4980,Density-guided CNP,ours,matched_neural,1,102,500,20260909-phase3-seed20260911_n5000-ours-seed1-final-ctx-s102-n500-drop10100-mc50,47dc61caab9bd0349c2a2499b1e87fe14224656645f1b1d55f9f96dea740281d,1a331ec124bda8dc67afe711837ee442b987c927cee8b2c82d66b489954fa17f,False
full_500_3000,442,58,114299,-0.46825073536197476,1.8138033523551371,1.8712824957435745,0.47737556561085975,0.7782805429864253,0.9117647058823529,8.450284101648322,unavailable: saved per-pass bin means/covariances are absent,seed20260911_n5000,seed20260911,5k,5000,4980,Density-guided CNP,ours,matched_neural,1,103,500,20260909-phase3-seed20260911_n5000-ours-seed1-final-ctx-s103-n500-drop10100-mc50,882612e2cc1f371202b24f2b66521fdde8cffa859258e10c850501b83ca9235f,66af80fdb9f9524231f92e7a21174a0ae72e3d07c0caadec3d6024d51333aff8,False
figure1_1500_3000,242,58,43073,-0.5924985381105267,1.7344845853350042,1.829497126944744,0.4793388429752066,0.768595041322314,0.9049586776859504,9.42379762621796,unavailable: saved per-pass bin means/covariances are absent,seed20260911_n5000,seed20260911,5k,5000,4980,Density-guided CNP,ours,matched_neural,1,103,500,20260909-phase3-seed20260911_n5000-ours-seed1-final-ctx-s103-n500-drop10100-mc50,882612e2cc1f371202b24f2b66521fdde8cffa859258e10c850501b83ca9235f,66af80fdb9f9524231f92e7a21174a0ae72e3d07c0caadec3d6024d51333aff8,False
full_500_3000,442,58,114299,-0.3577500846245093,1.7727311754623793,1.806502433836941,0.49095022624434387,0.8076923076923077,0.9276018099547512,8.450284101648322,unavailable: saved per-pass bin means/covariances are absent,seed20260911_n5000,seed20260911,5k,5000,4980,Density-guided CNP,ours,matched_neural,1,104,500,20260909-phase3-seed20260911_n5000-ours-seed1-final-ctx-s104-n500-drop10100-mc50,d4d503d477ed529c7f154914a0e622ff093c96b53968ac28a6c4c5f63b91a170,b956ab23643500fa9d7bb32754ddcfd614df89816a0a5596f748bd657f78451a,False
figure1_1500_3000,242,58,43073,-0.4724003501586787,1.6345069183947898,1.6981564222775647,0.49586776859504134,0.7975206611570248,0.9214876033057852,9.42379762621796,unavailable: saved per-pass bin means/covariances are absent,seed20260911_n5000,seed20260911,5k,5000,4980,Density-guided CNP,ours,matched_neural,1,104,500,20260909-phase3-seed20260911_n5000-ours-seed1-final-ctx-s104-n500-drop10100-mc50,d4d503d477ed529c7f154914a0e622ff093c96b53968ac28a6c4c5f63b91a170,b956ab23643500fa9d7bb32754ddcfd614df89816a0a5596f748bd657f78451a,False
full_500_3000,442,58,114299,-0.4552529029407417,1.9265413527113702,1.9774780886750036,0.4751131221719457,0.7873303167420814,0.9095022624434389,8.450284101648322,unavailable: saved per-pass bin means/covariances are absent,seed20260911_n5000,seed20260911,5k,5000,4980,Density-guided CNP,ours,matched_neural,1,105,500,20260909-phase3-seed20260911_n5000-ours-seed1-final-ctx-s105-n500-drop10100-mc50,c321c0fd888953f98d2313878bf5828bb065ee4880a64145f4cb95a19b68aa1f,270669630cc6f6c3440ceb2833b12498b52493797dbdd3e10465af6aaf8de7ad,False
figure1_1500_3000,242,58,43073,-0.688514551611794,1.9115545789699073,2.028051738384747,0.4628099173553719,0.7520661157024794,0.8966942148760331,9.42379762621796,unavailable: saved per-pass bin means/covariances are absent,seed20260911_n5000,seed20260911,5k,5000,4980,Density-guided CNP,ours,matched_neural,1,105,500,20260909-phase3-seed20260911_n5000-ours-seed1-final-ctx-s105-n500-drop10100-mc50,c321c0fd888953f98d2313878bf5828bb065ee4880a64145f4cb95a19b68aa1f,270669630cc6f6c3440ceb2833b12498b52493797dbdd3e10465af6aaf8de7ad,False
full_500_3000,442,58,114299,-0.38566485424946645,1.796233685578199,1.8351820509252068,0.504524886877828,0.7963800904977375,0.9253393665158371,8.450284101648322,unavailable: saved per-pass bin means/covariances are absent,seed20260911_n5000,seed20260911,5k,5000,4980,Density-guided CNP,ours,matched_neural,1,106,500,20260909-phase3-seed20260911_n5000-ours-seed1-final-ctx-s106-n500-drop10100-mc50,d2b105a2f41868aaa50cc2819f0aaf20624b3a052d069635b7ce61904bc5f6fe,34542955194fb32c43493bc63b1e7f4cc23207fcab87d42012b8aac6c7d2020d,False
figure1_1500_3000,242,58,43073,-0.5518273144662713,1.6825906119215546,1.7674630818891388,0.512396694214876,0.78099173553719,0.9173553719008265,9.42379762621796,unavailable: saved per-pass bin means/covariances are absent,seed20260911_n5000,seed20260911,5k,5000,4980,Density-guided CNP,ours,matched_neural,1,106,500,20260909-phase3-seed20260911_n5000-ours-seed1-final-ctx-s106-n500-drop10100-mc50,d2b105a2f41868aaa50cc2819f0aaf20624b3a052d069635b7ce61904bc5f6fe,34542955194fb32c43493bc63b1e7f4cc23207fcab87d42012b8aac6c7d2020d,False
full_500_3000,442,58,114299,-0.432204538673943,1.7813425136755665,1.8310660204926292,0.4751131221719457,0.7895927601809954,0.918552036199095,8.450284101648322,unavailable: saved per-pass bin means/covariances are absent,seed20260911_n5000,seed20260911,5k,5000,4980,Density-guided CNP,ours,matched_neural,1,107,500,20260909-phase3-seed20260911_n5000-ours-seed1-final-ctx-s107-n500-drop10100-mc50,a94e773ce4b7cbbf4d1cb20e84ecb694d980daaf283fd1be5113b603152e2d8f,0a6fe5018561656d7d57dc2c4eab44d2fb6d1c582b26698e9a2d5e6d5f5f0757,False
figure1_1500_3000,242,58,43073,-0.5549545416315996,1.6775547911793063,1.7636710963410362,0.4628099173553719,0.768595041322314,0.9090909090909091,9.42379762621796,unavailable: saved per-pass bin means/covariances are absent,seed20260911_n5000,seed20260911,5k,5000,4980,Density-guided CNP,ours,matched_neural,1,107,500,20260909-phase3-seed20260911_n5000-ours-seed1-final-ctx-s107-n500-drop10100-mc50,a94e773ce4b7cbbf4d1cb20e84ecb694d980daaf283fd1be5113b603152e2d8f,0a6fe5018561656d7d57dc2c4eab44d2fb6d1c582b26698e9a2d5e6d5f5f0757,False
full_500_3000,442,58,114299,-0.4428775445320434,1.7094422195581944,1.7640073485541035,0.497737556561086,0.7918552036199095,0.9321266968325792,8.450284101648322,unavailable: saved per-pass bin means/covariances are absent,seed20260911_n5000,seed20260911,5k,5000,4980,Density-guided CNP,ours,matched_neural,1,108,500,20260909-phase3-seed20260911_n5000-ours-seed1-final-ctx-s108-n500-drop10100-mc50,23b2a578eb306f0ed6bf0b07af51ce1d315d30ec8f8235e71844ba9b1cba491c,3644c50ebe3a6ec984bf0390031e486bc2da6c6a49f2d1cbc83ba9f7c383fd54,False
figure1_1500_3000,242,58,43073,-0.4352961260194993,1.5623384472026816,1.6187333849081602,0.5165289256198347,0.8016528925619835,0.9421487603305785,9.42379762621796,unavailable: saved per-pass bin means/covariances are absent,seed20260911_n5000,seed20260911,5k,5000,4980,Density-guided CNP,ours,matched_neural,1,108,500,20260909-phase3-seed20260911_n5000-ours-seed1-final-ctx-s108-n500-drop10100-mc50,23b2a578eb306f0ed6bf0b07af51ce1d315d30ec8f8235e71844ba9b1cba491c,3644c50ebe3a6ec984bf0390031e486bc2da6c6a49f2d1cbc83ba9f7c383fd54,False
full_500_3000,442,58,114299,-0.3264459033617658,1.91488798192458,1.940378054046833,0.4841628959276018,0.7782805429864253,0.920814479638009,8.450284101648322,unavailable: saved per-pass bin means/covariances are absent,seed20260911_n5000,seed20260911,5k,5000,4980,Density-guided CNP,ours,matched_neural,1,109,500,20260909-phase3-seed20260911_n5000-ours-seed1-final-ctx-s109-n500-drop10100-mc50,d4951f5da4d83e2a8f05e2c6f4d3b658d64566193b06ab0f69517c91f753a3d2,2316bb45faa951f802ffd80851d8786541f80bb91db889ac87642d011e356a96,False
figure1_1500_3000,242,58,43073,-0.6001521005560738,1.7534248356129654,1.8498585508230256,0.4793388429752066,0.7768595041322314,0.9090909090909091,9.42379762621796,unavailable: saved per-pass bin means/covariances are absent,seed20260911_n5000,seed20260911,5k,5000,4980,Density-guided CNP,ours,matched_neural,1,109,500,20260909-phase3-seed20260911_n5000-ours-seed1-final-ctx-s109-n500-drop10100-mc50,d4951f5da4d83e2a8f05e2c6f4d3b658d64566193b06ab0f69517c91f753a3d2,2316bb45faa951f802ffd80851d8786541f80bb91db889ac87642d011e356a96,False
full_500_3000,442,58,114299,-0.3136721835502315,1.8583865651042557,1.882598546694884,0.47058823529411764,0.8009049773755657,0.9049773755656109,8.450284101648322,unavailable: saved per-pass bin means/covariances are absent,seed20260911_n5000,seed20260911,5k,5000,4980,Density-guided CNP,ours,matched_neural,2,100,500,20260909-phase3-seed20260911_n5000-ours-seed2-final-ctx-s100-n500-drop10100-mc50,3d62233f1b0c2d2ab0d6316f9eab9df642cf0f2ddd5f209bb544e3b6a347dba5,27336f79542097b8fb8ea64caa4cec24d92af814e3862654a0de308669cc1740,False
figure1_1500_3000,242,58,43073,-0.5343126266838197,1.7692748985279787,1.844691948947029,0.47520661157024796,0.7851239669421488,0.8884297520661157,9.42379762621796,unavailable: saved per-pass bin means/covariances are absent,seed20260911_n5000,seed20260911,5k,5000,4980,Density-guided CNP,ours,matched_neural,2,100,500,20260909-phase3-seed20260911_n5000-ours-seed2-final-ctx-s100-n500-drop10100-mc50,3d62233f1b0c2d2ab0d6316f9eab9df642cf0f2ddd5f209bb544e3b6a347dba5,27336f79542097b8fb8ea64caa4cec24d92af814e3862654a0de308669cc1740,False
full_500_3000,442,58,114299,-0.33634684176384533,1.6686841983252207,1.7003930022840892,0.502262443438914,0.834841628959276,0.9434389140271493,8.450284101648322,unavailable: saved per-pass bin means/covariances are absent,seed20260911_n5000,seed20260911,5k,5000,4980,Density-guided CNP,ours,matched_neural,2,101,500,20260909-phase3-seed20260911_n5000-ours-seed2-final-ctx-s101-n500-drop10100-mc50,daa3afbffbc37bd6e8d639f2203eeba4c697108d0162f7eac5ff9426df1c6502,9ff74cf22efb6e63422ea393fbf761eaef6e628e50a8d61e7bcd43368e7f3a02,False
figure1_1500_3000,242,58,43073,-0.3897973508000885,1.4948583588592506,1.5418526509340447,0.5330578512396694,0.8512396694214877,0.9504132231404959,9.42379762621796,unavailable: saved per-pass bin means/covariances are absent,seed20260911_n5000,seed20260911,5k,5000,4980,Density-guided CNP,ours,matched_neural,2,101,500,20260909-phase3-seed20260911_n5000-ours-seed2-final-ctx-s101-n500-drop10100-mc50,daa3afbffbc37bd6e8d639f2203eeba4c697108d0162f7eac5ff9426df1c6502,9ff74cf22efb6e63422ea393fbf761eaef6e628e50a8d61e7bcd43368e7f3a02,False
full_500_3000,442,58,114299,-0.3334468193041815,1.7219303954321208,1.7520053718594963,0.4796380090497738,0.8190045248868778,0.9366515837104072,8.450284101648322,unavailable: saved per-pass bin means/covariances are absent,seed20260911_n5000,seed20260911,5k,5000,4980,Density-guided CNP,ours,matched_neural,2,102,500,20260909-phase3-seed20260911_n5000-ours-seed2-final-ctx-s102-n500-drop10100-mc50,92344ea4b5e12580e3a36a501e3fbf362d158b9d4b27cc466064111358668e9a,3e956bfc60fa72e61a9874c8230b92c4d9fc993bd8f0674ed1267223be3a18d3,False
figure1_1500_3000,242,58,43073,-0.46510805338155975,1.523015746968191,1.5894393470813377,0.5,0.8223140495867769,0.9380165289256198,9.42379762621796,unavailable: saved per-pass bin means/covariances are absent,seed20260911_n5000,seed20260911,5k,5000,4980,Density-guided CNP,ours,matched_neural,2,102,500,20260909-phase3-seed20260911_n5000-ours-seed2-final-ctx-s102-n500-drop10100-mc50,92344ea4b5e12580e3a36a501e3fbf362d158b9d4b27cc466064111358668e9a,3e956bfc60fa72e61a9874c8230b92c4d9fc993bd8f0674ed1267223be3a18d3,False
full_500_3000,442,58,114299,-0.4926246316901553,1.8410783011556078,1.903832878664904,0.4434389140271493,0.7760180995475113,0.9004524886877828,8.450284101648322,unavailable: saved per-pass bin means/covariances are absent,seed20260911_n5000,seed20260911,5k,5000,4980,Density-guided CNP,ours,matched_neural,2,103,500,20260909-phase3-seed20260911_n5000-ours-seed2-final-ctx-s103-n500-drop10100-mc50,6d586e824e0774938c03fef061bbe2f7cace5b2601b8ee75004ce774cbab3cfd,dcf058ebfcb381b53bcaf8e0119ac3d088bc644e002ea96c91d9e37311161e24,False
figure1_1500_3000,242,58,43073,-0.6737541513416844,1.8071873417733426,1.9251948427023555,0.45867768595041325,0.756198347107438,0.8801652892561983,9.42379762621796,unavailable: saved per-pass bin means/covariances are absent,seed20260911_n5000,seed20260911,5k,5000,4980,Density-guided CNP,ours,matched_neural,2,103,500,20260909-phase3-seed20260911_n5000-ours-seed2-final-ctx-s103-n500-drop10100-mc50,6d586e824e0774938c03fef061bbe2f7cace5b2601b8ee75004ce774cbab3cfd,dcf058ebfcb381b53bcaf8e0119ac3d088bc644e002ea96c91d9e37311161e24,False
full_500_3000,442,58,114299,-0.3989577541166241,1.7715871818166105,1.8139977138296872,0.49095022624434387,0.8257918552036199,0.9253393665158371,8.450284101648322,unavailable: saved per-pass bin means/covariances are absent,seed20260911_n5000,seed20260911,5k,5000,4980,Density-guided CNP,ours,matched_neural,2,104,500,20260909-phase3-seed20260911_n5000-ours-seed2-final-ctx-s104-n500-drop10100-mc50,20b1649e44b41b1d8c0dce4ca00dc0fbec76cbc83bb3646773626add28541b5e,d7c158e1787d12154b7ee9b0adcc3176069701ad6081f1c72a814bddbd20172c,False
figure1_1500_3000,242,58,43073,-0.5614072792595144,1.6324291800376425,1.723076169928418,0.5,0.8264462809917356,0.9173553719008265,9.42379762621796,unavailable: saved per-pass bin means/covariances are absent,seed20260911_n5000,seed20260911,5k,5000,4980,Density-guided CNP,ours,matched_neural,2,104,500,20260909-phase3-seed20260911_n5000-ours-seed2-final-ctx-s104-n500-drop10100-mc50,20b1649e44b41b1d8c0dce4ca00dc0fbec76cbc83bb3646773626add28541b5e,d7c158e1787d12154b7ee9b0adcc3176069701ad6081f1c72a814bddbd20172c,False
full_500_3000,442,58,114299,-0.48618303298583837,1.9409367811200648,1.9987712156293487,0.4660633484162896,0.7918552036199095,0.8981900452488688,8.450284101648322,unavailable: saved per-pass bin means/covariances are absent,seed20260911_n5000,seed20260911,5k,5000,4980,Density-guided CNP,ours,matched_neural,2,105,500,20260909-phase3-seed20260911_n5000-ours-seed2-final-ctx-s105-n500-drop10100-mc50,151a682177a5983640b075f2bc8643075891d6e5c1f4e3e8641386446d57f2c9,eae68dc522d9856f74a9450c8dce0a658dd5183012ef12b843896e509ac3ad11,False
figure1_1500_3000,242,58,43073,-0.7501746274675366,1.927444143588013,2.0645705339270854,0.4793388429752066,0.7644628099173554,0.8760330578512396,9.42379762621796,unavailable: saved per-pass bin means/covariances are absent,seed20260911_n5000,seed20260911,5k,5000,4980,Density-guided CNP,ours,matched_neural,2,105,500,20260909-phase3-seed20260911_n5000-ours-seed2-final-ctx-s105-n500-drop10100-mc50,151a682177a5983640b075f2bc8643075891d6e5c1f4e3e8641386446d57f2c9,eae68dc522d9856f74a9450c8dce0a658dd5183012ef12b843896e509ac3ad11,False
full_500_3000,442,58,114299,-0.4182808679613533,1.8095684340944835,1.8552865938572274,0.47285067873303166,0.7963800904977375,0.916289592760181,8.450284101648322,unavailable: saved per-pass bin means/covariances are absent,seed20260911_n5000,seed20260911,5k,5000,4980,Density-guided CNP,ours,matched_neural,2,106,500,20260909-phase3-seed20260911_n5000-ours-seed2-final-ctx-s106-n500-drop10100-mc50,0435632acc26989868728a8e6498b9c04f0bf2cfa16284e134ddcce873d3b0c2,c9e613a60541b426edeb7e2fc2f8b034b13ce74eb9464247e97f1718456a7790,False
figure1_1500_3000,242,58,43073,-0.6248536730745233,1.6790483243208842,1.7882940999309656,0.48760330578512395,0.7892561983471075,0.9008264462809917,9.42379762621796,unavailable: saved per-pass bin means/covariances are absent,seed20260911_n5000,seed20260911,5k,5000,4980,Density-guided CNP,ours,matched_neural,2,106,500,20260909-phase3-seed20260911_n5000-ours-seed2-final-ctx-s106-n500-drop10100-mc50,0435632acc26989868728a8e6498b9c04f0bf2cfa16284e134ddcce873d3b0c2,c9e613a60541b426edeb7e2fc2f8b034b13ce74eb9464247e97f1718456a7790,False
full_500_3000,442,58,114299,-0.47718074266870836,1.8172200749574272,1.8768375050523967,0.47285067873303166,0.8054298642533937,0.9117647058823529,8.450284101648322,unavailable: saved per-pass bin means/covariances are absent,seed20260911_n5000,seed20260911,5k,5000,4980,Density-guided CNP,ours,matched_neural,2,107,500,20260909-phase3-seed20260911_n5000-ours-seed2-final-ctx-s107-n500-drop10100-mc50,dbcb6b13fa782f718b0abd9833b2ccd68363083f5d17a93e2389daf405e46ec3,e3db022dcc6b203e1d300f94b138c1a46863da4eb86608779ab36a331f4d0eba,False
figure1_1500_3000,242,58,43073,-0.6549195756471681,1.754263071902951,1.8691286435753132,0.4834710743801653,0.8057851239669421,0.8925619834710744,9.42379762621796,unavailable: saved per-pass bin means/covariances are absent,seed20260911_n5000,seed20260911,5k,5000,4980,Density-guided CNP,ours,matched_neural,2,107,500,20260909-phase3-seed20260911_n5000-ours-seed2-final-ctx-s107-n500-drop10100-mc50,dbcb6b13fa782f718b0abd9833b2ccd68363083f5d17a93e2389daf405e46ec3,e3db022dcc6b203e1d300f94b138c1a46863da4eb86608779ab36a331f4d0eba,False
full_500_3000,442,58,114299,-0.4338206136544626,1.6818803435693288,1.7350855865174666,0.48868778280542985,0.8122171945701357,0.9276018099547512,8.450284101648322,unavailable: saved per-pass bin means/covariances are absent,seed20260911_n5000,seed20260911,5k,5000,4980,Density-guided CNP,ours,matched_neural,2,108,500,20260909-phase3-seed20260911_n5000-ours-seed2-final-ctx-s108-n500-drop10100-mc50,3aac97c12afa8501732c51751d566bf3a92a910c7fc54bf61accca26685f86fa,980025bfa1a38d3d03cd0df6515a9bcf284e6c28cff2694119d3f8e3db454b35,False
figure1_1500_3000,242,58,43073,-0.4669955810977133,1.5648530593966947,1.6299481912713414,0.5165289256198347,0.8181818181818182,0.9214876033057852,9.42379762621796,unavailable: saved per-pass bin means/covariances are absent,seed20260911_n5000,seed20260911,5k,5000,4980,Density-guided CNP,ours,matched_neural,2,108,500,20260909-phase3-seed20260911_n5000-ours-seed2-final-ctx-s108-n500-drop10100-mc50,3aac97c12afa8501732c51751d566bf3a92a910c7fc54bf61accca26685f86fa,980025bfa1a38d3d03cd0df6515a9bcf284e6c28cff2694119d3f8e3db454b35,False
full_500_3000,442,58,114299,-0.3863578858050398,1.949641711519453,1.9853905004110113,0.4751131221719457,0.7760180995475113,0.9027149321266968,8.450284101648322,unavailable: saved per-pass bin means/covariances are absent,seed20260911_n5000,seed20260911,5k,5000,4980,Density-guided CNP,ours,matched_neural,2,109,500,20260909-phase3-seed20260911_n5000-ours-seed2-final-ctx-s109-n500-drop10100-mc50,cf4bc1d913876656d55e6bea3d93a73c883e5de3126727a160cea0631b229841,55924f6de992c3796565a6f7283ea2034f9bf06d328a61a24e6236f4ced879a7,False
figure1_1500_3000,242,58,43073,-0.689067075047143,1.781898235016405,1.9070538148008511,0.4793388429752066,0.768595041322314,0.8760330578512396,9.42379762621796,unavailable: saved per-pass bin means/covariances are absent,seed20260911_n5000,seed20260911,5k,5000,4980,Density-guided CNP,ours,matched_neural,2,109,500,20260909-phase3-seed20260911_n5000-ours-seed2-final-ctx-s109-n500-drop10100-mc50,cf4bc1d913876656d55e6bea3d93a73c883e5de3126727a160cea0631b229841,55924f6de992c3796565a6f7283ea2034f9bf06d328a61a24e6236f4ced879a7,False
full_500_3000,442,58,114299,1.1173099719761075,3.593805243863841,3.7596006783388045,0.24434389140271492,0.48868778280542985,0.6990950226244343,8.450284101648322,unavailable: saved per-pass bin means/covariances are absent,context_only,not_applicable,context-only,0,0,Kernel,kernel_context_only,context_only_classical,,100,500,kernel-context_only-ctx-s100-n500,9048e6e5cbcdf5216c459f685cac1e38d632c94fd9ae21c1128794113294e601,9048e6e5cbcdf5216c459f685cac1e38d632c94fd9ae21c1128794113294e601,True
figure1_1500_3000,242,58,43073,0.012863753865486317,3.2298365119157175,3.223182057675025,0.3305785123966942,0.6157024793388429,0.8512396694214877,9.42379762621796,unavailable: saved per-pass bin means/covariances are absent,context_only,not_applicable,context-only,0,0,Kernel,kernel_context_only,context_only_classical,,100,500,kernel-context_only-ctx-s100-n500,9048e6e5cbcdf5216c459f685cac1e38d632c94fd9ae21c1128794113294e601,9048e6e5cbcdf5216c459f685cac1e38d632c94fd9ae21c1128794113294e601,True
full_500_3000,442,58,114299,0.11975485519249966,3.665957117910703,3.6637654526105017,0.20588235294117646,0.4004524886877828,0.669683257918552,8.450284101648322,unavailable: saved per-pass bin means/covariances are absent,context_only,not_applicable,context-only,0,0,Kernel,kernel_context_only,context_only_classical,,101,500,kernel-context_only-ctx-s101-n500,9048e6e5cbcdf5216c459f685cac1e38d632c94fd9ae21c1128794113294e601,9048e6e5cbcdf5216c459f685cac1e38d632c94fd9ae21c1128794113294e601,True
figure1_1500_3000,242,58,43073,0.2048891235956426,3.298066900550171,3.2976169484833835,0.25206611570247933,0.49173553719008267,0.7727272727272727,9.42379762621796,unavailable: saved per-pass bin means/covariances are absent,context_only,not_applicable,context-only,0,0,Kernel,kernel_context_only,context_only_classical,,101,500,kernel-context_only-ctx-s101-n500,9048e6e5cbcdf5216c459f685cac1e38d632c94fd9ae21c1128794113294e601,9048e6e5cbcdf5216c459f685cac1e38d632c94fd9ae21c1128794113294e601,True
full_500_3000,442,58,114299,0.5813999056242315,3.203320458186443,3.2520873732580102,0.36199095022624433,0.6606334841628959,0.7963800904977375,8.450284101648322,unavailable: saved per-pass bin means/covariances are absent,context_only,not_applicable,context-only,0,0,Kernel,kernel_context_only,context_only_classical,,102,500,kernel-context_only-ctx-s102-n500,9048e6e5cbcdf5216c459f685cac1e38d632c94fd9ae21c1128794113294e601,9048e6e5cbcdf5216c459f685cac1e38d632c94fd9ae21c1128794113294e601,True
figure1_1500_3000,242,58,43073,0.2573289834144001,2.9034769287841407,2.9088762493900386,0.4628099173553719,0.7768595041322314,0.8966942148760331,9.42379762621796,unavailable: saved per-pass bin means/covariances are absent,context_only,not_applicable,context-only,0,0,Kernel,kernel_context_only,context_only_classical,,102,500,kernel-context_only-ctx-s102-n500,9048e6e5cbcdf5216c459f685cac1e38d632c94fd9ae21c1128794113294e601,9048e6e5cbcdf5216c459f685cac1e38d632c94fd9ae21c1128794113294e601,True
full_500_3000,442,58,114299,0.1993410645090271,3.885733718596167,3.8864511993035746,0.3031674208144796,0.5361990950226244,0.8167420814479638,8.450284101648322,unavailable: saved per-pass bin means/covariances are absent,context_only,not_applicable,context-only,0,0,Kernel,kernel_context_only,context_only_classical,,103,500,kernel-context_only-ctx-s103-n500,9048e6e5cbcdf5216c459f685cac1e38d632c94fd9ae21c1128794113294e601,9048e6e5cbcdf5216c459f685cac1e38d632c94fd9ae21c1128794113294e601,True
figure1_1500_3000,242,58,43073,-0.6852145445965314,3.2161285137171634,3.28180741744022,0.4214876033057851,0.6363636363636364,0.8801652892561983,9.42379762621796,unavailable: saved per-pass bin means/covariances are absent,context_only,not_applicable,context-only,0,0,Kernel,kernel_context_only,context_only_classical,,103,500,kernel-context_only-ctx-s103-n500,9048e6e5cbcdf5216c459f685cac1e38d632c94fd9ae21c1128794113294e601,9048e6e5cbcdf5216c459f685cac1e38d632c94fd9ae21c1128794113294e601,True
full_500_3000,442,58,114299,-0.17514805992136465,3.596453877954929,3.596650359517415,0.2171945701357466,0.45701357466063347,0.6583710407239819,8.450284101648322,unavailable: saved per-pass bin means/covariances are absent,context_only,not_applicable,context-only,0,0,Kernel,kernel_context_only,context_only_classical,,104,500,kernel-context_only-ctx-s104-n500,9048e6e5cbcdf5216c459f685cac1e38d632c94fd9ae21c1128794113294e601,9048e6e5cbcdf5216c459f685cac1e38d632c94fd9ae21c1128794113294e601,True
figure1_1500_3000,242,58,43073,-0.35084983018821475,3.2928783752081703,3.3047447123508302,0.2768595041322314,0.5578512396694215,0.7727272727272727,9.42379762621796,unavailable: saved per-pass bin means/covariances are absent,context_only,not_applicable,context-only,0,0,Kernel,kernel_context_only,context_only_classical,,104,500,kernel-context_only-ctx-s104-n500,9048e6e5cbcdf5216c459f685cac1e38d632c94fd9ae21c1128794113294e601,9048e6e5cbcdf5216c459f685cac1e38d632c94fd9ae21c1128794113294e601,True
full_500_3000,442,58,114299,0.13141873390928396,3.4812100351966664,3.4797522958528444,0.3506787330316742,0.6447963800904978,0.7873303167420814,8.450284101648322,unavailable: saved per-pass bin means/covariances are absent,context_only,not_applicable,context-only,0,0,Kernel,kernel_context_only,context_only_classical,,105,500,kernel-context_only-ctx-s105-n500,9048e6e5cbcdf5216c459f685cac1e38d632c94fd9ae21c1128794113294e601,9048e6e5cbcdf5216c459f685cac1e38d632c94fd9ae21c1128794113294e601,True
figure1_1500_3000,242,58,43073,-0.9206081496384246,3.3514519443745066,3.468909818158856,0.3884297520661157,0.7396694214876033,0.859504132231405,9.42379762621796,unavailable: saved per-pass bin means/covariances are absent,context_only,not_applicable,context-only,0,0,Kernel,kernel_context_only,context_only_classical,,105,500,kernel-context_only-ctx-s105-n500,9048e6e5cbcdf5216c459f685cac1e38d632c94fd9ae21c1128794113294e601,9048e6e5cbcdf5216c459f685cac1e38d632c94fd9ae21c1128794113294e601,True
full_500_3000,442,58,114299,0.02009772818313569,3.2937085490213396,3.2900419101760523,0.4298642533936652,0.7081447963800905,0.8506787330316742,8.450284101648322,unavailable: saved per-pass bin means/covariances are absent,context_only,not_applicable,context-only,0,0,Kernel,kernel_context_only,context_only_classical,,106,500,kernel-context_only-ctx-s106-n500,9048e6e5cbcdf5216c459f685cac1e38d632c94fd9ae21c1128794113294e601,9048e6e5cbcdf5216c459f685cac1e38d632c94fd9ae21c1128794113294e601,True
figure1_1500_3000,242,58,43073,-0.6866774060198564,2.878030795512701,2.95302549836438,0.4669421487603306,0.756198347107438,0.9008264462809917,9.42379762621796,unavailable: saved per-pass bin means/covariances are absent,context_only,not_applicable,context-only,0,0,Kernel,kernel_context_only,context_only_classical,,106,500,kernel-context_only-ctx-s106-n500,9048e6e5cbcdf5216c459f685cac1e38d632c94fd9ae21c1128794113294e601,9048e6e5cbcdf5216c459f685cac1e38d632c94fd9ae21c1128794113294e601,True
full_500_3000,442,58,114299,-0.041502850029100286,3.5147625014876582,3.5110295794777366,0.2737556561085973,0.5339366515837104,0.755656108597285,8.450284101648322,unavailable: saved per-pass bin means/covariances are absent,context_only,not_applicable,context-only,0,0,Kernel,kernel_context_only,context_only_classical,,107,500,kernel-context_only-ctx-s107-n500,9048e6e5cbcdf5216c459f685cac1e38d632c94fd9ae21c1128794113294e601,9048e6e5cbcdf5216c459f685cac1e38d632c94fd9ae21c1128794113294e601,True
figure1_1500_3000,242,58,43073,-0.5099716108988941,3.3402546278049576,3.372130998789492,0.2727272727272727,0.5619834710743802,0.78099173553719,9.42379762621796,unavailable: saved per-pass bin means/covariances are absent,context_only,not_applicable,context-only,0,0,Kernel,kernel_context_only,context_only_classical,,107,500,kernel-context_only-ctx-s107-n500,9048e6e5cbcdf5216c459f685cac1e38d632c94fd9ae21c1128794113294e601,9048e6e5cbcdf5216c459f685cac1e38d632c94fd9ae21c1128794113294e601,True
full_500_3000,442,58,114299,0.12471677661612533,3.705796658411839,3.7037026302119544,0.3393665158371041,0.6357466063348416,0.8257918552036199,8.450284101648322,unavailable: saved per-pass bin means/covariances are absent,context_only,not_applicable,context-only,0,0,Kernel,kernel_context_only,context_only_classical,,108,500,kernel-context_only-ctx-s108-n500,9048e6e5cbcdf5216c459f685cac1e38d632c94fd9ae21c1128794113294e601,9048e6e5cbcdf5216c459f685cac1e38d632c94fd9ae21c1128794113294e601,True
figure1_1500_3000,242,58,43073,0.3003069003272873,2.974698257059176,2.9836971265305543,0.35537190082644626,0.6239669421487604,0.7892561983471075,9.42379762621796,unavailable: saved per-pass bin means/covariances are absent,context_only,not_applicable,context-only,0,0,Kernel,kernel_context_only,context_only_classical,,108,500,kernel-context_only-ctx-s108-n500,9048e6e5cbcdf5216c459f685cac1e38d632c94fd9ae21c1128794113294e601,9048e6e5cbcdf5216c459f685cac1e38d632c94fd9ae21c1128794113294e601,True
full_500_3000,442,58,114299,0.09335512431124708,3.5277478228306016,3.524991313675409,0.3665158371040724,0.6131221719457014,0.7692307692307693,8.450284101648322,unavailable: saved per-pass bin means/covariances are absent,context_only,not_applicable,context-only,0,0,Kernel,kernel_context_only,context_only_classical,,109,500,kernel-context_only-ctx-s109-n500,9048e6e5cbcdf5216c459f685cac1e38d632c94fd9ae21c1128794113294e601,9048e6e5cbcdf5216c459f685cac1e38d632c94fd9ae21c1128794113294e601,True
figure1_1500_3000,242,58,43073,-0.5817508570700343,2.9113545736753115,2.963004350331313,0.44214876033057854,0.7272727272727273,0.8925619834710744,9.42379762621796,unavailable: saved per-pass bin means/covariances are absent,context_only,not_applicable,context-only,0,0,Kernel,kernel_context_only,context_only_classical,,109,500,kernel-context_only-ctx-s109-n500,9048e6e5cbcdf5216c459f685cac1e38d632c94fd9ae21c1128794113294e601,9048e6e5cbcdf5216c459f685cac1e38d632c94fd9ae21c1128794113294e601,True
full_500_3000,442,58,114299,0.22281597329334832,2.424855736227053,2.4323382373670186,0.45248868778280543,0.755656108597285,0.8936651583710408,8.450284101648322,unavailable: saved per-pass bin means/covariances are absent,full_n18866_plus_context,not_applicable,18.9k+500,18866,18866,Pooled-data kernel,kernel_pooled_data,stronger_data_control,,100,500,kernel-pooled_data-ctx-s100-n500,9048e6e5cbcdf5216c459f685cac1e38d632c94fd9ae21c1128794113294e601,9048e6e5cbcdf5216c459f685cac1e38d632c94fd9ae21c1128794113294e601,False
figure1_1500_3000,242,58,43073,-0.06619540123772989,2.0933905625322478,2.0901093910794253,0.49173553719008267,0.8181818181818182,0.9504132231404959,9.42379762621796,unavailable: saved per-pass bin means/covariances are absent,full_n18866_plus_context,not_applicable,18.9k+500,18866,18866,Pooled-data kernel,kernel_pooled_data,stronger_data_control,,100,500,kernel-pooled_data-ctx-s100-n500,9048e6e5cbcdf5216c459f685cac1e38d632c94fd9ae21c1128794113294e601,9048e6e5cbcdf5216c459f685cac1e38d632c94fd9ae21c1128794113294e601,False
full_500_3000,442,58,114299,0.038750175743436865,1.9846338634912188,1.9827662243278996,0.4230769230769231,0.7398190045248869,0.8846153846153846,8.450284101648322,unavailable: saved per-pass bin means/covariances are absent,full_n18866_plus_context,not_applicable,18.9k+500,18866,18866,Pooled-data kernel,kernel_pooled_data,stronger_data_control,,101,500,kernel-pooled_data-ctx-s101-n500,9048e6e5cbcdf5216c459f685cac1e38d632c94fd9ae21c1128794113294e601,9048e6e5cbcdf5216c459f685cac1e38d632c94fd9ae21c1128794113294e601,False
figure1_1500_3000,242,58,43073,-0.008554991610055603,1.8059774631358143,1.8022625466062774,0.4256198347107438,0.7644628099173554,0.8925619834710744,9.42379762621796,unavailable: saved per-pass bin means/covariances are absent,full_n18866_plus_context,not_applicable,18.9k+500,18866,18866,Pooled-data kernel,kernel_pooled_data,stronger_data_control,,101,500,kernel-pooled_data-ctx-s101-n500,9048e6e5cbcdf5216c459f685cac1e38d632c94fd9ae21c1128794113294e601,9048e6e5cbcdf5216c459f685cac1e38d632c94fd9ae21c1128794113294e601,False
full_500_3000,442,58,114299,0.13148324203739836,2.1096155239500964,2.1113257796580123,0.47285067873303166,0.753393665158371,0.8778280542986425,8.450284101648322,unavailable: saved per-pass bin means/covariances are absent,full_n18866_plus_context,not_applicable,18.9k+500,18866,18866,Pooled-data kernel,kernel_pooled_data,stronger_data_control,,102,500,kernel-pooled_data-ctx-s102-n500,9048e6e5cbcdf5216c459f685cac1e38d632c94fd9ae21c1128794113294e601,9048e6e5cbcdf5216c459f685cac1e38d632c94fd9ae21c1128794113294e601,False
figure1_1500_3000,242,58,43073,-0.009272765932856808,1.7967353520837424,1.7930432233587614,0.49173553719008267,0.7933884297520661,0.9132231404958677,9.42379762621796,unavailable: saved per-pass bin means/covariances are absent,full_n18866_plus_context,not_applicable,18.9k+500,18866,18866,Pooled-data kernel,kernel_pooled_data,stronger_data_control,,102,500,kernel-pooled_data-ctx-s102-n500,9048e6e5cbcdf5216c459f685cac1e38d632c94fd9ae21c1128794113294e601,9048e6e5cbcdf5216c459f685cac1e38d632c94fd9ae21c1128794113294e601,False
full_500_3000,442,58,114299,0.040527586967077776,1.9853070992962971,1.9834740908501622,0.4411764705882353,0.7398190045248869,0.8936651583710408,8.450284101648322,unavailable: saved per-pass bin means/covariances are absent,full_n18866_plus_context,not_applicable,18.9k+500,18866,18866,Pooled-data kernel,kernel_pooled_data,stronger_data_control,,103,500,kernel-pooled_data-ctx-s103-n500,9048e6e5cbcdf5216c459f685cac1e38d632c94fd9ae21c1128794113294e601,9048e6e5cbcdf5216c459f685cac1e38d632c94fd9ae21c1128794113294e601,False
figure1_1500_3000,242,58,43073,-0.032072131141103605,1.7939923795809711,1.7905692028681746,0.44214876033057854,0.78099173553719,0.9049586776859504,9.42379762621796,unavailable: saved per-pass bin means/covariances are absent,full_n18866_plus_context,not_applicable,18.9k+500,18866,18866,Pooled-data kernel,kernel_pooled_data,stronger_data_control,,103,500,kernel-pooled_data-ctx-s103-n500,9048e6e5cbcdf5216c459f685cac1e38d632c94fd9ae21c1128794113294e601,9048e6e5cbcdf5216c459f685cac1e38d632c94fd9ae21c1128794113294e601,False
full_500_3000,442,58,114299,0.2514475446083915,2.846215687677332,2.8540920940738395,0.416289592760181,0.751131221719457,0.8778280542986425,8.450284101648322,unavailable: saved per-pass bin means/covariances are absent,full_n18866_plus_context,not_applicable,18.9k+500,18866,18866,Pooled-data kernel,kernel_pooled_data,stronger_data_control,,104,500,kernel-pooled_data-ctx-s104-n500,9048e6e5cbcdf5216c459f685cac1e38d632c94fd9ae21c1128794113294e601,9048e6e5cbcdf5216c459f685cac1e38d632c94fd9ae21c1128794113294e601,False
figure1_1500_3000,242,58,43073,-0.13810489509497562,2.412630859530528,2.4115985952931616,0.4669421487603306,0.8388429752066116,0.9421487603305785,9.42379762621796,unavailable: saved per-pass bin means/covariances are absent,full_n18866_plus_context,not_applicable,18.9k+500,18866,18866,Pooled-data kernel,kernel_pooled_data,stronger_data_control,,104,500,kernel-pooled_data-ctx-s104-n500,9048e6e5cbcdf5216c459f685cac1e38d632c94fd9ae21c1128794113294e601,9048e6e5cbcdf5216c459f685cac1e38d632c94fd9ae21c1128794113294e601,False
full_500_3000,442,58,114299,0.20262577772265075,2.4112419061667394,2.4170210366620055,0.4411764705882353,0.7579185520361991,0.8936651583710408,8.450284101648322,unavailable: saved per-pass bin means/covariances are absent,full_n18866_plus_context,not_applicable,18.9k+500,18866,18866,Pooled-data kernel,kernel_pooled_data,stronger_data_control,,105,500,kernel-pooled_data-ctx-s105-n500,9048e6e5cbcdf5216c459f685cac1e38d632c94fd9ae21c1128794113294e601,9048e6e5cbcdf5216c459f685cac1e38d632c94fd9ae21c1128794113294e601,False
figure1_1500_3000,242,58,43073,-0.07842749707921598,2.0709968411365725,2.068201037724462,0.4669421487603306,0.8140495867768595,0.9462809917355371,9.42379762621796,unavailable: saved per-pass bin means/covariances are absent,full_n18866_plus_context,not_applicable,18.9k+500,18866,18866,Pooled-data kernel,kernel_pooled_data,stronger_data_control,,105,500,kernel-pooled_data-ctx-s105-n500,9048e6e5cbcdf5216c459f685cac1e38d632c94fd9ae21c1128794113294e601,9048e6e5cbcdf5216c459f685cac1e38d632c94fd9ae21c1128794113294e601,False
full_500_3000,442,58,114299,0.1917236336565422,2.4147981032287142,2.4196724898277546,0.4457013574660634,0.748868778280543,0.8868778280542986,8.450284101648322,unavailable: saved per-pass bin means/covariances are absent,full_n18866_plus_context,not_applicable,18.9k+500,18866,18866,Pooled-data kernel,kernel_pooled_data,stronger_data_control,,106,500,kernel-pooled_data-ctx-s106-n500,9048e6e5cbcdf5216c459f685cac1e38d632c94fd9ae21c1128794113294e601,9048e6e5cbcdf5216c459f685cac1e38d632c94fd9ae21c1128794113294e601,False
figure1_1500_3000,242,58,43073,-0.0838461309026511,2.0777364750089506,2.0751337875687774,0.4834710743801653,0.8140495867768595,0.9421487603305785,9.42379762621796,unavailable: saved per-pass bin means/covariances are absent,full_n18866_plus_context,not_applicable,18.9k+500,18866,18866,Pooled-data kernel,kernel_pooled_data,stronger_data_control,,106,500,kernel-pooled_data-ctx-s106-n500,9048e6e5cbcdf5216c459f685cac1e38d632c94fd9ae21c1128794113294e601,9048e6e5cbcdf5216c459f685cac1e38d632c94fd9ae21c1128794113294e601,False
full_500_3000,442,58,114299,0.19099172171956966,2.431201255244263,2.4359484122959913,0.43665158371040724,0.744343891402715,0.9004524886877828,8.450284101648322,unavailable: saved per-pass bin means/covariances are absent,full_n18866_plus_context,not_applicable,18.9k+500,18866,18866,Pooled-data kernel,kernel_pooled_data,stronger_data_control,,107,500,kernel-pooled_data-ctx-s107-n500,9048e6e5cbcdf5216c459f685cac1e38d632c94fd9ae21c1128794113294e601,9048e6e5cbcdf5216c459f685cac1e38d632c94fd9ae21c1128794113294e601,False
figure1_1500_3000,242,58,43073,-0.08158130697634842,2.0807679183046424,2.0780663489233206,0.4793388429752066,0.8057851239669421,0.9504132231404959,9.42379762621796,unavailable: saved per-pass bin means/covariances are absent,full_n18866_plus_context,not_applicable,18.9k+500,18866,18866,Pooled-data kernel,kernel_pooled_data,stronger_data_control,,107,500,kernel-pooled_data-ctx-s107-n500,9048e6e5cbcdf5216c459f685cac1e38d632c94fd9ae21c1128794113294e601,9048e6e5cbcdf5216c459f685cac1e38d632c94fd9ae21c1128794113294e601,False
full_500_3000,442,58,114299,0.022673946223147796,1.9931690447904566,1.9910421613370561,0.4321266968325792,0.7352941176470589,0.8868778280542986,8.450284101648322,unavailable: saved per-pass bin means/covariances are absent,full_n18866_plus_context,not_applicable,18.9k+500,18866,18866,Pooled-data kernel,kernel_pooled_data,stronger_data_control,,108,500,kernel-pooled_data-ctx-s108-n500,9048e6e5cbcdf5216c459f685cac1e38d632c94fd9ae21c1128794113294e601,9048e6e5cbcdf5216c459f685cac1e38d632c94fd9ae21c1128794113294e601,False
figure1_1500_3000,242,58,43073,-0.018740692754666218,1.7934155934314093,1.7898044712412358,0.44214876033057854,0.768595041322314,0.9049586776859504,9.42379762621796,unavailable: saved per-pass bin means/covariances are absent,full_n18866_plus_context,not_applicable,18.9k+500,18866,18866,Pooled-data kernel,kernel_pooled_data,stronger_data_control,,108,500,kernel-pooled_data-ctx-s108-n500,9048e6e5cbcdf5216c459f685cac1e38d632c94fd9ae21c1128794113294e601,9048e6e5cbcdf5216c459f685cac1e38d632c94fd9ae21c1128794113294e601,False
full_500_3000,442,58,114299,0.202139999374079,2.422856233225871,2.428541092428859,0.4434389140271493,0.748868778280543,0.8891402714932126,8.450284101648322,unavailable: saved per-pass bin means/covariances are absent,full_n18866_plus_context,not_applicable,18.9k+500,18866,18866,Pooled-data kernel,kernel_pooled_data,stronger_data_control,,109,500,kernel-pooled_data-ctx-s109-n500,9048e6e5cbcdf5216c459f685cac1e38d632c94fd9ae21c1128794113294e601,9048e6e5cbcdf5216c459f685cac1e38d632c94fd9ae21c1128794113294e601,False
figure1_1500_3000,242,58,43073,-0.06660161858936546,2.0712132975123243,2.0680022578683235,0.49586776859504134,0.8140495867768595,0.9421487603305785,9.42379762621796,unavailable: saved per-pass bin means/covariances are absent,full_n18866_plus_context,not_applicable,18.9k+500,18866,18866,Pooled-data kernel,kernel_pooled_data,stronger_data_control,,109,500,kernel-pooled_data-ctx-s109-n500,9048e6e5cbcdf5216c459f685cac1e38d632c94fd9ae21c1128794113294e601,9048e6e5cbcdf5216c459f685cac1e38d632c94fd9ae21c1128794113294e601,False
full_500_3000,442,58,114299,0.1303268118915541,4.152689280457282,4.150035890130414,0.21040723981900453,0.4434389140271493,0.6493212669683258,8.450284101648322,unavailable: saved per-pass bin means/covariances are absent,context_only,not_applicable,context-only,0,0,Bernoulli GP,bernoulli_gp_matern32,context_only_classical,,100,500,20260909-phase3-gp-final-matern32-ctx-s100-n500,b4f6e948ae5f826d2b77dc924566af4afa29e03d989714be85d417e425bfe2e3,7c8373d0bd3e46ddfc42161eddb734f7bad5ca54ff8ee2c8ca635c566e2ca048,True
figure1_1500_3000,242,58,43073,-0.7277966195121005,4.104063053710453,4.159738082662145,0.2190082644628099,0.4793388429752066,0.6900826446280992,9.42379762621796,unavailable: saved per-pass bin means/covariances are absent,context_only,not_applicable,context-only,0,0,Bernoulli GP,bernoulli_gp_matern32,context_only_classical,,100,500,20260909-phase3-gp-final-matern32-ctx-s100-n500,b4f6e948ae5f826d2b77dc924566af4afa29e03d989714be85d417e425bfe2e3,7c8373d0bd3e46ddfc42161eddb734f7bad5ca54ff8ee2c8ca635c566e2ca048,True
full_500_3000,442,58,114299,0.04080701175078497,3.5124874599428555,3.5087491102010366,0.2171945701357466,0.4660633484162896,0.7285067873303167,8.450284101648322,unavailable: saved per-pass bin means/covariances are absent,context_only,not_applicable,context-only,0,0,Bernoulli GP,bernoulli_gp_matern32,context_only_classical,,101,500,20260909-phase3-gp-final-matern32-ctx-s101-n500,c6424ce4bea38483d6ac298b0b8d89425feb4a07ead906a772d16d6858ce94af,47fcaf322effb11c6c77ccef19281372cec526d508092b9c1a77bf1b2ccab2a3,True
figure1_1500_3000,242,58,43073,0.06821711716174975,3.1870432100092065,3.181183099595069,0.256198347107438,0.5247933884297521,0.7768595041322314,9.42379762621796,unavailable: saved per-pass bin means/covariances are absent,context_only,not_applicable,context-only,0,0,Bernoulli GP,bernoulli_gp_matern32,context_only_classical,,101,500,20260909-phase3-gp-final-matern32-ctx-s101-n500,c6424ce4bea38483d6ac298b0b8d89425feb4a07ead906a772d16d6858ce94af,47fcaf322effb11c6c77ccef19281372cec526d508092b9c1a77bf1b2ccab2a3,True
full_500_3000,442,58,114299,-0.5302282621664349,3.3259362675597335,3.364218668764439,0.3009049773755656,0.5520361990950227,0.7375565610859729,8.450284101648322,unavailable: saved per-pass bin means/covariances are absent,context_only,not_applicable,context-only,0,0,Bernoulli GP,bernoulli_gp_matern32,context_only_classical,,102,500,20260909-phase3-gp-final-matern32-ctx-s102-n500,6d5e5ff43cdcb716e95bb48aec6bc32ac458a8a8fda0c389397926d8f0f7a058,6594e2c7eae990d362b3be3497b6723616ca2c21cabe9a924f4eb28e8543ffb5,True
figure1_1500_3000,242,58,43073,-0.6645433578008111,3.119120818863102,3.182818001437489,0.2975206611570248,0.5371900826446281,0.7148760330578512,9.42379762621796,unavailable: saved per-pass bin means/covariances are absent,context_only,not_applicable,context-only,0,0,Bernoulli GP,bernoulli_gp_matern32,context_only_classical,,102,500,20260909-phase3-gp-final-matern32-ctx-s102-n500,6d5e5ff43cdcb716e95bb48aec6bc32ac458a8a8fda0c389397926d8f0f7a058,6594e2c7eae990d362b3be3497b6723616ca2c21cabe9a924f4eb28e8543ffb5,True
full_500_3000,442,58,114299,0.011978417367933992,4.158332763796417,4.153643375730489,0.2828054298642534,0.5882352941176471,0.8054298642533937,8.450284101648322,unavailable: saved per-pass bin means/covariances are absent,context_only,not_applicable,context-only,0,0,Bernoulli GP,bernoulli_gp_matern32,context_only_classical,,103,500,20260909-phase3-gp-final-matern32-ctx-s103-n500,9e1934047f2f9306b692b5455689fb052af97372b32dc86fad476c2b46fe4401,436ccb2ae538f4743b41f10548ce9bc0c15a3134988d90e94410c529170a126c,True
figure1_1500_3000,242,58,43073,-0.7773278067509874,3.6773956799139866,3.751212650991804,0.359504132231405,0.6652892561983471,0.8181818181818182,9.42379762621796,unavailable: saved per-pass bin means/covariances are absent,context_only,not_applicable,context-only,0,0,Bernoulli GP,bernoulli_gp_matern32,context_only_classical,,103,500,20260909-phase3-gp-final-matern32-ctx-s103-n500,9e1934047f2f9306b692b5455689fb052af97372b32dc86fad476c2b46fe4401,436ccb2ae538f4743b41f10548ce9bc0c15a3134988d90e94410c529170a126c,True
full_500_3000,442,58,114299,-0.22355921122714595,3.5840422494813025,3.5869591117198034,0.2330316742081448,0.49321266968325794,0.6990950226244343,8.450284101648322,unavailable: saved per-pass bin means/covariances are absent,context_only,not_applicable,context-only,0,0,Bernoulli GP,bernoulli_gp_matern32,context_only_classical,,104,500,20260909-phase3-gp-final-matern32-ctx-s104-n500,31b7f27553ede22e5075b8fd7c7265043f2e808e8112d3d6808092523de34892,0920e06a0c100a70abbf4947a5af82ead9f8a89b16aff21dd0eed6bae0cbd8d8,True
figure1_1500_3000,242,58,43073,-0.4228350918321917,3.506782897497369,3.5249822099870514,0.24793388429752067,0.5495867768595041,0.743801652892562,9.42379762621796,unavailable: saved per-pass bin means/covariances are absent,context_only,not_applicable,context-only,0,0,Bernoulli GP,bernoulli_gp_matern32,context_only_classical,,104,500,20260909-phase3-gp-final-matern32-ctx-s104-n500,31b7f27553ede22e5075b8fd7c7265043f2e808e8112d3d6808092523de34892,0920e06a0c100a70abbf4947a5af82ead9f8a89b16aff21dd0eed6bae0cbd8d8,True
full_500_3000,442,58,114299,-0.7065410058895101,3.83999664109203,3.9001811969434805,0.3506787330316742,0.6018099547511312,0.7307692307692307,8.450284101648322,unavailable: saved per-pass bin means/covariances are absent,context_only,not_applicable,context-only,0,0,Bernoulli GP,bernoulli_gp_matern32,context_only_classical,,105,500,20260909-phase3-gp-final-matern32-ctx-s105-n500,c24970873e4b71814040e75070dd0e71895bd02452c72c6bf11e7b8ea2edd68b,64299505943c604d8c36be58591ac3030d204d9e3953c1269b100f73d97071c5,True
figure1_1500_3000,242,58,43073,-1.0644757487777916,4.098576419426215,4.226348625509814,0.36363636363636365,0.5785123966942148,0.6900826446280992,9.42379762621796,unavailable: saved per-pass bin means/covariances are absent,context_only,not_applicable,context-only,0,0,Bernoulli GP,bernoulli_gp_matern32,context_only_classical,,105,500,20260909-phase3-gp-final-matern32-ctx-s105-n500,c24970873e4b71814040e75070dd0e71895bd02452c72c6bf11e7b8ea2edd68b,64299505943c604d8c36be58591ac3030d204d9e3953c1269b100f73d97071c5,True
full_500_3000,442,58,114299,-0.5540075035883021,3.5498252312638123,3.5888262496828123,0.29638009049773756,0.5633484162895928,0.7579185520361991,8.450284101648322,unavailable: saved per-pass bin means/covariances are absent,context_only,not_applicable,context-only,0,0,Bernoulli GP,bernoulli_gp_matern32,context_only_classical,,106,500,20260909-phase3-gp-final-matern32-ctx-s106-n500,5b450511d173aad20af27fa261c7f5d4ed837c7e4b445b9b8d39ffacafe6ed27,95483d332d4bb73e35b11e5a627019bf70b36bd1e65d0af34626186d579082b3,True
figure1_1500_3000,242,58,43073,-1.0300997161456857,3.471866048712126,3.614574659891738,0.26859504132231404,0.5165289256198347,0.7396694214876033,9.42379762621796,unavailable: saved per-pass bin means/covariances are absent,context_only,not_applicable,context-only,0,0,Bernoulli GP,bernoulli_gp_matern32,context_only_classical,,106,500,20260909-phase3-gp-final-matern32-ctx-s106-n500,5b450511d173aad20af27fa261c7f5d4ed837c7e4b445b9b8d39ffacafe6ed27,95483d332d4bb73e35b11e5a627019bf70b36bd1e65d0af34626186d579082b3,True
full_500_3000,442,58,114299,-0.13297014399605564,3.705423271525119,3.703617011284945,0.31221719457013575,0.6085972850678733,0.7918552036199095,8.450284101648322,unavailable: saved per-pass bin means/covariances are absent,context_only,not_applicable,context-only,0,0,Bernoulli GP,bernoulli_gp_matern32,context_only_classical,,107,500,20260909-phase3-gp-final-matern32-ctx-s107-n500,cd5c75fa1a584206c084a5351643289101c57dc08f58754ec367d7e00f6d072d,41629a5190e72c70daea96470fa685529d54ce80d1dc8398586da147d06e6727,True
figure1_1500_3000,242,58,43073,-0.5433831841701139,3.6736931622611713,3.7061459835796824,0.30991735537190085,0.5909090909090909,0.7520661157024794,9.42379762621796,unavailable: saved per-pass bin means/covariances are absent,context_only,not_applicable,context-only,0,0,Bernoulli GP,bernoulli_gp_matern32,context_only_classical,,107,500,20260909-phase3-gp-final-matern32-ctx-s107-n500,cd5c75fa1a584206c084a5351643289101c57dc08f58754ec367d7e00f6d072d,41629a5190e72c70daea96470fa685529d54ce80d1dc8398586da147d06e6727,True
full_500_3000,442,58,114299,-0.9231130033539908,3.655504772697761,3.766247518814382,0.3778280542986425,0.6108597285067874,0.7714932126696833,8.450284101648322,unavailable: saved per-pass bin means/covariances are absent,context_only,not_applicable,context-only,0,0,Bernoulli GP,bernoulli_gp_matern32,context_only_classical,,108,500,20260909-phase3-gp-final-matern32-ctx-s108-n500,448393f7b783974cb5d737f9f9b12431a0fffaa3b707e3f968302f6922247851,39717ced70cf70f22f27fb299ce6ce5996411f4c7c926af15fe207c113d5f51b,True
figure1_1500_3000,242,58,43073,-0.8442123590349073,3.4986108314752777,3.5919900608352147,0.3677685950413223,0.5950413223140496,0.7479338842975206,9.42379762621796,unavailable: saved per-pass bin means/covariances are absent,context_only,not_applicable,context-only,0,0,Bernoulli GP,bernoulli_gp_matern32,context_only_classical,,108,500,20260909-phase3-gp-final-matern32-ctx-s108-n500,448393f7b783974cb5d737f9f9b12431a0fffaa3b707e3f968302f6922247851,39717ced70cf70f22f27fb299ce6ce5996411f4c7c926af15fe207c113d5f51b,True
full_500_3000,442,58,114299,-0.08605075432407606,3.6338824310938516,3.6307892337660377,0.34841628959276016,0.6221719457013575,0.7579185520361991,8.450284101648322,unavailable: saved per-pass bin means/covariances are absent,context_only,not_applicable,context-only,0,0,Bernoulli GP,bernoulli_gp_matern32,context_only_classical,,109,500,20260909-phase3-gp-final-matern32-ctx-s109-n500,b8d42b5035ec20057a67973192efa3786f65faa209acc2fa07694a7b2af6753a,4f7f8606b8642ac6de02ddc7448dd27b6166493a6d8040e9e502b75924ca3a01,True
figure1_1500_3000,242,58,43073,-0.6927198808723458,3.1469065997106958,3.215891852296914,0.4049586776859504,0.71900826446281,0.8677685950413223,9.42379762621796,unavailable: saved per-pass bin means/covariances are absent,context_only,not_applicable,context-only,0,0,Bernoulli GP,bernoulli_gp_matern32,context_only_classical,,109,500,20260909-phase3-gp-final-matern32-ctx-s109-n500,b8d42b5035ec20057a67973192efa3786f65faa209acc2fa07694a7b2af6753a,4f7f8606b8642ac6de02ddc7448dd27b6166493a6d8040e9e502b75924ca3a01,True
