method,architecture_id,training_budget,training_seed,context_seed,context_size,feature_id,feature,status,center_event_count,sideband_event_count,empirical_contrast_percentage_points,predicted_contrast_percentage_points,absolute_contrast_error_percentage_points
CNP,m0,18866,0,100,500,DEP,Tl-208 DEP 1592 keV,supported,828,464,21.01865733799767,0.0290713396116304,20.98958599838604
CNP,m0,18866,0,100,500,Bi-212,Bi-212 1620.74-keV feature,supported,790,541,-25.547158333138352,0.0295890292592693,25.576747362397622
CNP,m0,18866,0,100,500,SE,Tl-208 SE 2103 keV,supported,1356,657,-28.4731482603952,0.0273813843338577,28.500529644729056
CNP,m0,18866,0,100,500,FE,Tl-208 FE 2614 keV,supported,8522,202,-2.483612595007448,-0.4195071732665228,2.064105421740925
CNP,m0,18866,0,101,500,DEP,Tl-208 DEP 1592 keV,supported,828,464,21.01865733799767,0.029346653385176,20.98931068461249
CNP,m0,18866,0,101,500,Bi-212,Bi-212 1620.74-keV feature,supported,790,541,-25.547158333138352,0.0286974754423963,25.575855808580748
CNP,m0,18866,0,101,500,SE,Tl-208 SE 2103 keV,supported,1356,657,-28.4731482603952,0.0275091286067397,28.500657389001937
CNP,m0,18866,0,101,500,FE,Tl-208 FE 2614 keV,supported,8522,202,-2.483612595007448,-0.412928613963523,2.070683981043925
CNP,m0,18866,0,102,500,DEP,Tl-208 DEP 1592 keV,supported,828,464,21.01865733799767,0.0293428106207138,20.989314527376955
CNP,m0,18866,0,102,500,Bi-212,Bi-212 1620.74-keV feature,supported,790,541,-25.547158333138352,0.0298336095410078,25.57699194267936
CNP,m0,18866,0,102,500,SE,Tl-208 SE 2103 keV,supported,1356,657,-28.4731482603952,0.0274054929328082,28.50055375332801
CNP,m0,18866,0,102,500,FE,Tl-208 FE 2614 keV,supported,8522,202,-2.483612595007448,-0.4182380865020346,2.065374508505413
CNP,m0,18866,0,103,500,DEP,Tl-208 DEP 1592 keV,supported,828,464,21.01865733799767,0.0289050904764165,20.989752247521253
CNP,m0,18866,0,103,500,Bi-212,Bi-212 1620.74-keV feature,supported,790,541,-25.547158333138352,0.0283293103723547,25.57548764351071
CNP,m0,18866,0,103,500,SE,Tl-208 SE 2103 keV,supported,1356,657,-28.4731482603952,0.0270105371744433,28.50015879756964
CNP,m0,18866,0,103,500,FE,Tl-208 FE 2614 keV,supported,8522,202,-2.483612595007448,-0.4138164978766206,2.069796097130827
CNP,m0,18866,0,104,500,DEP,Tl-208 DEP 1592 keV,supported,828,464,21.01865733799767,0.0293653007933714,20.9892920372043
CNP,m0,18866,0,104,500,Bi-212,Bi-212 1620.74-keV feature,supported,790,541,-25.547158333138352,0.0283010784938086,25.575459411632163
CNP,m0,18866,0,104,500,SE,Tl-208 SE 2103 keV,supported,1356,657,-28.4731482603952,0.027518745253896,28.500667005649092
CNP,m0,18866,0,104,500,FE,Tl-208 FE 2614 keV,supported,8522,202,-2.483612595007448,-0.4116296123215984,2.0719829826858494
CNP,m0,18866,0,105,500,DEP,Tl-208 DEP 1592 keV,supported,828,464,21.01865733799767,0.0288152289239396,20.98984210907373
CNP,m0,18866,0,105,500,Bi-212,Bi-212 1620.74-keV feature,supported,790,541,-25.547158333138352,0.0293435901514316,25.576501923289783
CNP,m0,18866,0,105,500,SE,Tl-208 SE 2103 keV,supported,1356,657,-28.4731482603952,0.0272191761763962,28.500367436571597
CNP,m0,18866,0,105,500,FE,Tl-208 FE 2614 keV,supported,8522,202,-2.483612595007448,-0.4167540388956059,2.0668585561118418
CNP,m0,18866,0,106,500,DEP,Tl-208 DEP 1592 keV,supported,828,464,21.01865733799767,0.0290914629521688,20.9895658750455
CNP,m0,18866,0,106,500,Bi-212,Bi-212 1620.74-keV feature,supported,790,541,-25.547158333138352,0.0292907426751476,25.5764490758135
CNP,m0,18866,0,106,500,SE,Tl-208 SE 2103 keV,supported,1356,657,-28.4731482603952,0.0273127276145146,28.500460988009717
CNP,m0,18866,0,106,500,FE,Tl-208 FE 2614 keV,supported,8522,202,-2.483612595007448,-0.4156088884776088,2.068003706529839
CNP,m0,18866,0,107,500,DEP,Tl-208 DEP 1592 keV,supported,828,464,21.01865733799767,0.0289996775345247,20.989657660463145
CNP,m0,18866,0,107,500,Bi-212,Bi-212 1620.74-keV feature,supported,790,541,-25.547158333138352,0.0286177589399194,25.57577609207827
CNP,m0,18866,0,107,500,SE,Tl-208 SE 2103 keV,supported,1356,657,-28.4731482603952,0.0270301699437647,28.500178430338963
CNP,m0,18866,0,107,500,FE,Tl-208 FE 2614 keV,supported,8522,202,-2.483612595007448,-0.4150419382149523,2.0685706567924957
CNP,m0,18866,0,108,500,DEP,Tl-208 DEP 1592 keV,supported,828,464,21.01865733799767,0.0286661972514146,20.989991140746252
CNP,m0,18866,0,108,500,Bi-212,Bi-212 1620.74-keV feature,supported,790,541,-25.547158333138352,0.0284962654820919,25.57565459862045
CNP,m0,18866,0,108,500,SE,Tl-208 SE 2103 keV,supported,1356,657,-28.4731482603952,0.0272249550165581,28.50037321541176
CNP,m0,18866,0,108,500,FE,Tl-208 FE 2614 keV,supported,8522,202,-2.483612595007448,-0.4140243403068733,2.0695882547005744
CNP,m0,18866,0,109,500,DEP,Tl-208 DEP 1592 keV,supported,828,464,21.01865733799767,0.0291497930983597,20.98950754489931
CNP,m0,18866,0,109,500,Bi-212,Bi-212 1620.74-keV feature,supported,790,541,-25.547158333138352,0.029457135441091,25.576615468579444
CNP,m0,18866,0,109,500,SE,Tl-208 SE 2103 keV,supported,1356,657,-28.4731482603952,0.0273811006202828,28.50052936101548
CNP,m0,18866,0,109,500,FE,Tl-208 FE 2614 keV,supported,8522,202,-2.483612595007448,-0.4160817911732339,2.067530803834214
CNP,m0,18866,1,100,500,DEP,Tl-208 DEP 1592 keV,supported,828,464,21.01865733799767,-0.0082701402091767,21.026927478206847
CNP,m0,18866,1,100,500,Bi-212,Bi-212 1620.74-keV feature,supported,790,541,-25.547158333138352,0.0219519404606627,25.569110273599016
CNP,m0,18866,1,100,500,SE,Tl-208 SE 2103 keV,supported,1356,657,-28.4731482603952,-0.0273365061081998,28.445811754287
CNP,m0,18866,1,100,500,FE,Tl-208 FE 2614 keV,supported,8522,202,-2.483612595007448,-0.4465120964266794,2.0371004985807684
CNP,m0,18866,1,101,500,DEP,Tl-208 DEP 1592 keV,supported,828,464,21.01865733799767,-0.0083455766222151,21.027002914619885
CNP,m0,18866,1,101,500,Bi-212,Bi-212 1620.74-keV feature,supported,790,541,-25.547158333138352,0.0222569479333745,25.569415281071727
CNP,m0,18866,1,101,500,SE,Tl-208 SE 2103 keV,supported,1356,657,-28.4731482603952,-0.0273055029492486,28.44584275744595
CNP,m0,18866,1,101,500,FE,Tl-208 FE 2614 keV,supported,8522,202,-2.483612595007448,-0.4489094597023679,2.03470313530508
CNP,m0,18866,1,102,500,DEP,Tl-208 DEP 1592 keV,supported,828,464,21.01865733799767,-0.0080419201276549,21.026699258125326
CNP,m0,18866,1,102,500,Bi-212,Bi-212 1620.74-keV feature,supported,790,541,-25.547158333138352,0.0220938540710813,25.56925218720944
CNP,m0,18866,1,102,500,SE,Tl-208 SE 2103 keV,supported,1356,657,-28.4731482603952,-0.0269273283557303,28.446220932039463
CNP,m0,18866,1,102,500,FE,Tl-208 FE 2614 keV,supported,8522,202,-2.483612595007448,-0.4452334889273407,2.0383791060801077
CNP,m0,18866,1,103,500,DEP,Tl-208 DEP 1592 keV,supported,828,464,21.01865733799767,-0.0096065540672873,21.02826389206496
CNP,m0,18866,1,103,500,Bi-212,Bi-212 1620.74-keV feature,supported,790,541,-25.547158333138352,0.0229533835518602,25.570111716690214
CNP,m0,18866,1,103,500,SE,Tl-208 SE 2103 keV,supported,1356,657,-28.4731482603952,-0.028491870450964,28.444656389944235
CNP,m0,18866,1,103,500,FE,Tl-208 FE 2614 keV,supported,8522,202,-2.483612595007448,-0.4563640244975381,2.0272485705099097
CNP,m0,18866,1,104,500,DEP,Tl-208 DEP 1592 keV,supported,828,464,21.01865733799767,-0.0091914381895819,21.02784877618725
CNP,m0,18866,1,104,500,Bi-212,Bi-212 1620.74-keV feature,supported,790,541,-25.547158333138352,0.0225369422047094,25.56969527534306
CNP,m0,18866,1,104,500,SE,Tl-208 SE 2103 keV,supported,1356,657,-28.4731482603952,-0.0279261431769595,28.44522211721824
CNP,m0,18866,1,104,500,FE,Tl-208 FE 2614 keV,supported,8522,202,-2.483612595007448,-0.4501053903999796,2.033507204607468
CNP,m0,18866,1,105,500,DEP,Tl-208 DEP 1592 keV,supported,828,464,21.01865733799767,-0.009131604177881,21.02778894217555
CNP,m0,18866,1,105,500,Bi-212,Bi-212 1620.74-keV feature,supported,790,541,-25.547158333138352,0.0227173368970601,25.56987567003541
CNP,m0,18866,1,105,500,SE,Tl-208 SE 2103 keV,supported,1356,657,-28.4731482603952,-0.0281253417779736,28.445022918617223
CNP,m0,18866,1,105,500,FE,Tl-208 FE 2614 keV,supported,8522,202,-2.483612595007448,-0.4510652226736633,2.0325473723337844
CNP,m0,18866,1,106,500,DEP,Tl-208 DEP 1592 keV,supported,828,464,21.01865733799767,-0.0086776755580109,21.02733501355568
CNP,m0,18866,1,106,500,Bi-212,Bi-212 1620.74-keV feature,supported,790,541,-25.547158333138352,0.0226189034695178,25.56977723660787
CNP,m0,18866,1,106,500,SE,Tl-208 SE 2103 keV,supported,1356,657,-28.4731482603952,-0.0275084809372216,28.445639779457977
CNP,m0,18866,1,106,500,FE,Tl-208 FE 2614 keV,supported,8522,202,-2.483612595007448,-0.4492082553512633,2.0344043396561844
CNP,m0,18866,1,107,500,DEP,Tl-208 DEP 1592 keV,supported,828,464,21.01865733799767,-0.0093079619438496,21.02796529994152
CNP,m0,18866,1,107,500,Bi-212,Bi-212 1620.74-keV feature,supported,790,541,-25.547158333138352,0.0226691486576724,25.569827481796025
CNP,m0,18866,1,107,500,SE,Tl-208 SE 2103 keV,supported,1356,657,-28.4731482603952,-0.0278346226097236,28.445313637785475
CNP,m0,18866,1,107,500,FE,Tl-208 FE 2614 keV,supported,8522,202,-2.483612595007448,-0.453992470505693,2.0296201245017547
CNP,m0,18866,1,108,500,DEP,Tl-208 DEP 1592 keV,supported,828,464,21.01865733799767,-0.0095231508351667,21.02818048883284
CNP,m0,18866,1,108,500,Bi-212,Bi-212 1620.74-keV feature,supported,790,541,-25.547158333138352,0.0225854208380393,25.569743753976397
CNP,m0,18866,1,108,500,SE,Tl-208 SE 2103 keV,supported,1356,657,-28.4731482603952,-0.0284039267819946,28.444744333613205
CNP,m0,18866,1,108,500,FE,Tl-208 FE 2614 keV,supported,8522,202,-2.483612595007448,-0.4570676236262588,2.026544971381189
CNP,m0,18866,1,109,500,DEP,Tl-208 DEP 1592 keV,supported,828,464,21.01865733799767,-0.0085972580278648,21.027254596025536
CNP,m0,18866,1,109,500,Bi-212,Bi-212 1620.74-keV feature,supported,790,541,-25.547158333138352,0.0224813803137657,25.56963971345212
CNP,m0,18866,1,109,500,SE,Tl-208 SE 2103 keV,supported,1356,657,-28.4731482603952,-0.0275141911617149,28.445634069233485
CNP,m0,18866,1,109,500,FE,Tl-208 FE 2614 keV,supported,8522,202,-2.483612595007448,-0.4465569524157303,2.037055642591717
CNP,m0,18866,2,100,500,DEP,Tl-208 DEP 1592 keV,supported,828,464,21.01865733799767,0.0140134737313779,21.00464386426629
CNP,m0,18866,2,100,500,Bi-212,Bi-212 1620.74-keV feature,supported,790,541,-25.547158333138352,0.0204387662870231,25.567597099425377
CNP,m0,18866,2,100,500,SE,Tl-208 SE 2103 keV,supported,1356,657,-28.4731482603952,-0.0025820585154434,28.470566201879755
CNP,m0,18866,2,100,500,FE,Tl-208 FE 2614 keV,supported,8522,202,-2.483612595007448,-0.5536225290006552,1.9299900660067928
CNP,m0,18866,2,101,500,DEP,Tl-208 DEP 1592 keV,supported,828,464,21.01865733799767,0.0143453334294441,21.004312004568227
CNP,m0,18866,2,101,500,Bi-212,Bi-212 1620.74-keV feature,supported,790,541,-25.547158333138352,0.0200917621737461,25.5672500953121
CNP,m0,18866,2,101,500,SE,Tl-208 SE 2103 keV,supported,1356,657,-28.4731482603952,-0.0028737468791839,28.470274513516014
CNP,m0,18866,2,101,500,FE,Tl-208 FE 2614 keV,supported,8522,202,-2.483612595007448,-0.55506517514399,1.9285474198634576
CNP,m0,18866,2,102,500,DEP,Tl-208 DEP 1592 keV,supported,828,464,21.01865733799767,0.0146802833566717,21.003977054641
CNP,m0,18866,2,102,500,Bi-212,Bi-212 1620.74-keV feature,supported,790,541,-25.547158333138352,0.0205000687981238,25.56765840193648
CNP,m0,18866,2,102,500,SE,Tl-208 SE 2103 keV,supported,1356,657,-28.4731482603952,-0.0026938138977694,28.470454446497428
CNP,m0,18866,2,102,500,FE,Tl-208 FE 2614 keV,supported,8522,202,-2.483612595007448,-0.5514068049310206,1.9322057900764271
CNP,m0,18866,2,103,500,DEP,Tl-208 DEP 1592 keV,supported,828,464,21.01865733799767,0.0141980032316024,21.004459334766068
CNP,m0,18866,2,103,500,Bi-212,Bi-212 1620.74-keV feature,supported,790,541,-25.547158333138352,0.0197745270790972,25.56693286021745
CNP,m0,18866,2,103,500,SE,Tl-208 SE 2103 keV,supported,1356,657,-28.4731482603952,-0.0030178979284589,28.47013036246674
CNP,m0,18866,2,103,500,FE,Tl-208 FE 2614 keV,supported,8522,202,-2.483612595007448,-0.5464592456919881,1.93715334931546
CNP,m0,18866,2,104,500,DEP,Tl-208 DEP 1592 keV,supported,828,464,21.01865733799767,0.0141892763720119,21.00446806162566
CNP,m0,18866,2,104,500,Bi-212,Bi-212 1620.74-keV feature,supported,790,541,-25.547158333138352,0.0195831029149218,25.566741436053277
CNP,m0,18866,2,104,500,SE,Tl-208 SE 2103 keV,supported,1356,657,-28.4731482603952,-0.0025203965796971,28.4706278638155
CNP,m0,18866,2,104,500,FE,Tl-208 FE 2614 keV,supported,8522,202,-2.483612595007448,-0.5428695009412288,1.9407430940662191
CNP,m0,18866,2,105,500,DEP,Tl-208 DEP 1592 keV,supported,828,464,21.01865733799767,0.0138359453691117,21.00482139262856
CNP,m0,18866,2,105,500,Bi-212,Bi-212 1620.74-keV feature,supported,790,541,-25.547158333138352,0.0197503839077684,25.56690871704612
CNP,m0,18866,2,105,500,SE,Tl-208 SE 2103 keV,supported,1356,657,-28.4731482603952,-0.0021946206884559,28.470953639706742
CNP,m0,18866,2,105,500,FE,Tl-208 FE 2614 keV,supported,8522,202,-2.483612595007448,-0.5398695616185389,1.943743033388909
CNP,m0,18866,2,106,500,DEP,Tl-208 DEP 1592 keV,supported,828,464,21.01865733799767,0.0142135793126274,21.00444375868504
CNP,m0,18866,2,106,500,Bi-212,Bi-212 1620.74-keV feature,supported,790,541,-25.547158333138352,0.0201317073921569,25.56729004053051
CNP,m0,18866,2,106,500,SE,Tl-208 SE 2103 keV,supported,1356,657,-28.4731482603952,-0.0027820751839935,28.470366185211205
CNP,m0,18866,2,106,500,FE,Tl-208 FE 2614 keV,supported,8522,202,-2.483612595007448,-0.5483269711988092,1.9352856238086384
CNP,m0,18866,2,107,500,DEP,Tl-208 DEP 1592 keV,supported,828,464,21.01865733799767,0.0139036943077042,21.004753643689966
CNP,m0,18866,2,107,500,Bi-212,Bi-212 1620.74-keV feature,supported,790,541,-25.547158333138352,0.0197370010974529,25.56689533423581
CNP,m0,18866,2,107,500,SE,Tl-208 SE 2103 keV,supported,1356,657,-28.4731482603952,-0.0024421931170692,28.47070606727813
CNP,m0,18866,2,107,500,FE,Tl-208 FE 2614 keV,supported,8522,202,-2.483612595007448,-0.541216809537215,1.9423957854702327
CNP,m0,18866,2,108,500,DEP,Tl-208 DEP 1592 keV,supported,828,464,21.01865733799767,0.0141089858424203,21.00454835215525
CNP,m0,18866,2,108,500,Bi-212,Bi-212 1620.74-keV feature,supported,790,541,-25.547158333138352,0.0197414446516885,25.56689977779004
CNP,m0,18866,2,108,500,SE,Tl-208 SE 2103 keV,supported,1356,657,-28.4731482603952,-0.0030093559889921,28.470138904406205
CNP,m0,18866,2,108,500,FE,Tl-208 FE 2614 keV,supported,8522,202,-2.483612595007448,-0.5480119964249491,1.9356005985824989
CNP,m0,18866,2,109,500,DEP,Tl-208 DEP 1592 keV,supported,828,464,21.01865733799767,0.0144543681010023,21.004202969896667
CNP,m0,18866,2,109,500,Bi-212,Bi-212 1620.74-keV feature,supported,790,541,-25.547158333138352,0.019946384658942,25.567104717797296
CNP,m0,18866,2,109,500,SE,Tl-208 SE 2103 keV,supported,1356,657,-28.4731482603952,-0.0023012463832294,28.47084701401197
CNP,m0,18866,2,109,500,FE,Tl-208 FE 2614 keV,supported,8522,202,-2.483612595007448,-0.5442422150101656,1.9393703799972823
Attentive CNP,m1,18866,0,100,500,DEP,Tl-208 DEP 1592 keV,supported,828,464,21.01865733799767,-0.0228174428362315,21.0414747808339
Attentive CNP,m1,18866,0,100,500,Bi-212,Bi-212 1620.74-keV feature,supported,790,541,-25.547158333138352,-0.0173476528010141,25.529810680337334
Attentive CNP,m1,18866,0,100,500,SE,Tl-208 SE 2103 keV,supported,1356,657,-28.4731482603952,0.0126729310590656,28.485821191454264
Attentive CNP,m1,18866,0,100,500,FE,Tl-208 FE 2614 keV,supported,8522,202,-2.483612595007448,-0.6165143441902915,1.8670982508171563
Attentive CNP,m1,18866,0,101,500,DEP,Tl-208 DEP 1592 keV,supported,828,464,21.01865733799767,-0.0222291971134769,21.04088653511115
Attentive CNP,m1,18866,0,101,500,Bi-212,Bi-212 1620.74-keV feature,supported,790,541,-25.547158333138352,-0.0211629799507395,25.52599535318761
Attentive CNP,m1,18866,0,101,500,SE,Tl-208 SE 2103 keV,supported,1356,657,-28.4731482603952,0.0131785098258951,28.48632677022109
Attentive CNP,m1,18866,0,101,500,FE,Tl-208 FE 2614 keV,supported,8522,202,-2.483612595007448,-0.6068063905401766,1.8768062044672715
Attentive CNP,m1,18866,0,102,500,DEP,Tl-208 DEP 1592 keV,supported,828,464,21.01865733799767,-0.0244366249866123,21.043093962984283
Attentive CNP,m1,18866,0,102,500,Bi-212,Bi-212 1620.74-keV feature,supported,790,541,-25.547158333138352,-0.0184482739068347,25.52871005923152
Attentive CNP,m1,18866,0,102,500,SE,Tl-208 SE 2103 keV,supported,1356,657,-28.4731482603952,0.0112577590117179,28.484406019406915
Attentive CNP,m1,18866,0,102,500,FE,Tl-208 FE 2614 keV,supported,8522,202,-2.483612595007448,-0.6109900767147736,1.8726225182926743
Attentive CNP,m1,18866,0,103,500,DEP,Tl-208 DEP 1592 keV,supported,828,464,21.01865733799767,-0.0228724423234294,21.0415297803211
Attentive CNP,m1,18866,0,103,500,Bi-212,Bi-212 1620.74-keV feature,supported,790,541,-25.547158333138352,-0.0184549910799081,25.52870334205845
Attentive CNP,m1,18866,0,103,500,SE,Tl-208 SE 2103 keV,supported,1356,657,-28.4731482603952,0.0135274873192758,28.486675747714475
Attentive CNP,m1,18866,0,103,500,FE,Tl-208 FE 2614 keV,supported,8522,202,-2.483612595007448,-0.6172555316710876,1.86635706333636
Attentive CNP,m1,18866,0,104,500,DEP,Tl-208 DEP 1592 keV,supported,828,464,21.01865733799767,-0.0226800648367331,21.041337402834404
Attentive CNP,m1,18866,0,104,500,Bi-212,Bi-212 1620.74-keV feature,supported,790,541,-25.547158333138352,-0.0189236301143647,25.52823470302399
Attentive CNP,m1,18866,0,104,500,SE,Tl-208 SE 2103 keV,supported,1356,657,-28.4731482603952,0.0134318336780014,28.4865800940732
Attentive CNP,m1,18866,0,104,500,FE,Tl-208 FE 2614 keV,supported,8522,202,-2.483612595007448,-0.6110427653468253,1.8725698296606224
Attentive CNP,m1,18866,0,105,500,DEP,Tl-208 DEP 1592 keV,supported,828,464,21.01865733799767,-0.0231011875194697,21.04175852551714
Attentive CNP,m1,18866,0,105,500,Bi-212,Bi-212 1620.74-keV feature,supported,790,541,-25.547158333138352,-0.0185134256668995,25.528644907471453
Attentive CNP,m1,18866,0,105,500,SE,Tl-208 SE 2103 keV,supported,1356,657,-28.4731482603952,0.0139394075256871,28.48708766792089
Attentive CNP,m1,18866,0,105,500,FE,Tl-208 FE 2614 keV,supported,8522,202,-2.483612595007448,-0.6156549078401408,1.8679576871673071
Attentive CNP,m1,18866,0,106,500,DEP,Tl-208 DEP 1592 keV,supported,828,464,21.01865733799767,-0.0232652413534539,21.041922579351123
Attentive CNP,m1,18866,0,106,500,Bi-212,Bi-212 1620.74-keV feature,supported,790,541,-25.547158333138352,-0.0177143172647498,25.529444015873604
Attentive CNP,m1,18866,0,106,500,SE,Tl-208 SE 2103 keV,supported,1356,657,-28.4731482603952,0.0143716473483657,28.487519907743565
Attentive CNP,m1,18866,0,106,500,FE,Tl-208 FE 2614 keV,supported,8522,202,-2.483612595007448,-0.6126653037320989,1.8709472912753489
Attentive CNP,m1,18866,0,107,500,DEP,Tl-208 DEP 1592 keV,supported,828,464,21.01865733799767,-0.0238373229634047,21.04249466096108
Attentive CNP,m1,18866,0,107,500,Bi-212,Bi-212 1620.74-keV feature,supported,790,541,-25.547158333138352,-0.0175826797419453,25.529575653396407
Attentive CNP,m1,18866,0,107,500,SE,Tl-208 SE 2103 keV,supported,1356,657,-28.4731482603952,0.0136239204901356,28.48677218088533
Attentive CNP,m1,18866,0,107,500,FE,Tl-208 FE 2614 keV,supported,8522,202,-2.483612595007448,-0.6147165958304446,1.868895999177003
Attentive CNP,m1,18866,0,108,500,DEP,Tl-208 DEP 1592 keV,supported,828,464,21.01865733799767,-0.0220335864527299,21.0406909244504
Attentive CNP,m1,18866,0,108,500,Bi-212,Bi-212 1620.74-keV feature,supported,790,541,-25.547158333138352,-0.0203531104191467,25.526805222719208
Attentive CNP,m1,18866,0,108,500,SE,Tl-208 SE 2103 keV,supported,1356,657,-28.4731482603952,0.0129916466046764,28.486139906999878
Attentive CNP,m1,18866,0,108,500,FE,Tl-208 FE 2614 keV,supported,8522,202,-2.483612595007448,-0.6105334191230549,1.873079175884393
Attentive CNP,m1,18866,0,109,500,DEP,Tl-208 DEP 1592 keV,supported,828,464,21.01865733799767,-0.0245147245068411,21.04317206250451
Attentive CNP,m1,18866,0,109,500,Bi-212,Bi-212 1620.74-keV feature,supported,790,541,-25.547158333138352,-0.0176807744667439,25.52947755867161
Attentive CNP,m1,18866,0,109,500,SE,Tl-208 SE 2103 keV,supported,1356,657,-28.4731482603952,0.0129373226838702,28.486085583079067
Attentive CNP,m1,18866,0,109,500,FE,Tl-208 FE 2614 keV,supported,8522,202,-2.483612595007448,-0.6148887646180379,1.8687238303894096
Attentive CNP,m1,18866,1,100,500,DEP,Tl-208 DEP 1592 keV,supported,828,464,21.01865733799767,-0.0076162473171548,21.026273585314826
Attentive CNP,m1,18866,1,100,500,Bi-212,Bi-212 1620.74-keV feature,supported,790,541,-25.547158333138352,0.0053240626458506,25.552482395784203
Attentive CNP,m1,18866,1,100,500,SE,Tl-208 SE 2103 keV,supported,1356,657,-28.4731482603952,-0.0288528876530635,28.444295372742133
Attentive CNP,m1,18866,1,100,500,FE,Tl-208 FE 2614 keV,supported,8522,202,-2.483612595007448,-0.4163492262585472,2.0672633687489004
Attentive CNP,m1,18866,1,101,500,DEP,Tl-208 DEP 1592 keV,supported,828,464,21.01865733799767,-0.0094438233772087,21.02810116137488
Attentive CNP,m1,18866,1,101,500,Bi-212,Bi-212 1620.74-keV feature,supported,790,541,-25.547158333138352,0.0053092088332262,25.55246754197158
Attentive CNP,m1,18866,1,101,500,SE,Tl-208 SE 2103 keV,supported,1356,657,-28.4731482603952,-0.0290910160666735,28.444057244328526
Attentive CNP,m1,18866,1,101,500,FE,Tl-208 FE 2614 keV,supported,8522,202,-2.483612595007448,-0.4125512367490674,2.071061358258381
Attentive CNP,m1,18866,1,102,500,DEP,Tl-208 DEP 1592 keV,supported,828,464,21.01865733799767,-0.0082880430812171,21.02694538107889
Attentive CNP,m1,18866,1,102,500,Bi-212,Bi-212 1620.74-keV feature,supported,790,541,-25.547158333138352,0.0044105443633979,25.55156887750175
Attentive CNP,m1,18866,1,102,500,SE,Tl-208 SE 2103 keV,supported,1356,657,-28.4731482603952,-0.0288116296091489,28.444336630786047
Attentive CNP,m1,18866,1,102,500,FE,Tl-208 FE 2614 keV,supported,8522,202,-2.483612595007448,-0.4137081799479997,2.0699044150594483
Attentive CNP,m1,18866,1,103,500,DEP,Tl-208 DEP 1592 keV,supported,828,464,21.01865733799767,-0.0066735825436037,21.02533092054128
Attentive CNP,m1,18866,1,103,500,Bi-212,Bi-212 1620.74-keV feature,supported,790,541,-25.547158333138352,0.0067111600227542,25.55386949316111
Attentive CNP,m1,18866,1,103,500,SE,Tl-208 SE 2103 keV,supported,1356,657,-28.4731482603952,-0.027859195304547,28.44528906509065
Attentive CNP,m1,18866,1,103,500,FE,Tl-208 FE 2614 keV,supported,8522,202,-2.483612595007448,-0.4210154754232281,2.06259711958422
Attentive CNP,m1,18866,1,104,500,DEP,Tl-208 DEP 1592 keV,supported,828,464,21.01865733799767,-0.006755807005232,21.0254131450029
Attentive CNP,m1,18866,1,104,500,Bi-212,Bi-212 1620.74-keV feature,supported,790,541,-25.547158333138352,0.0071043151959271,25.55426264833428
Attentive CNP,m1,18866,1,104,500,SE,Tl-208 SE 2103 keV,supported,1356,657,-28.4731482603952,-0.0285201583841598,28.44462810201104
Attentive CNP,m1,18866,1,104,500,FE,Tl-208 FE 2614 keV,supported,8522,202,-2.483612595007448,-0.4172541045599304,2.0663584904475174
Attentive CNP,m1,18866,1,105,500,DEP,Tl-208 DEP 1592 keV,supported,828,464,21.01865733799767,-0.0070861023494739,21.025743440347146
Attentive CNP,m1,18866,1,105,500,Bi-212,Bi-212 1620.74-keV feature,supported,790,541,-25.547158333138352,0.0050113941415186,25.55216972727987
Attentive CNP,m1,18866,1,105,500,SE,Tl-208 SE 2103 keV,supported,1356,657,-28.4731482603952,-0.028184624427141,28.444963635968055
Attentive CNP,m1,18866,1,105,500,FE,Tl-208 FE 2614 keV,supported,8522,202,-2.483612595007448,-0.4214442731512474,2.0621683218562
Attentive CNP,m1,18866,1,106,500,DEP,Tl-208 DEP 1592 keV,supported,828,464,21.01865733799767,-0.0078849364695821,21.026542274467253
Attentive CNP,m1,18866,1,106,500,Bi-212,Bi-212 1620.74-keV feature,supported,790,541,-25.547158333138352,0.0066079780368322,25.553766311175185
Attentive CNP,m1,18866,1,106,500,SE,Tl-208 SE 2103 keV,supported,1356,657,-28.4731482603952,-0.0278461509364946,28.4453021094587
Attentive CNP,m1,18866,1,106,500,FE,Tl-208 FE 2614 keV,supported,8522,202,-2.483612595007448,-0.4169095354274121,2.0667030595800355
Attentive CNP,m1,18866,1,107,500,DEP,Tl-208 DEP 1592 keV,supported,828,464,21.01865733799767,-0.0080013603627304,21.0266586983604
Attentive CNP,m1,18866,1,107,500,Bi-212,Bi-212 1620.74-keV feature,supported,790,541,-25.547158333138352,0.0051718850468507,25.552330218185205
Attentive CNP,m1,18866,1,107,500,SE,Tl-208 SE 2103 keV,supported,1356,657,-28.4731482603952,-0.0283996554724552,28.444748604922744
Attentive CNP,m1,18866,1,107,500,FE,Tl-208 FE 2614 keV,supported,8522,202,-2.483612595007448,-0.4190939715855768,2.064518623421871
Attentive CNP,m1,18866,1,108,500,DEP,Tl-208 DEP 1592 keV,supported,828,464,21.01865733799767,-0.0071252146048417,21.02578255260251
Attentive CNP,m1,18866,1,108,500,Bi-212,Bi-212 1620.74-keV feature,supported,790,541,-25.547158333138352,0.0057730447617365,25.55293137790009
Attentive CNP,m1,18866,1,108,500,SE,Tl-208 SE 2103 keV,supported,1356,657,-28.4731482603952,-0.0289639473060487,28.44418431308915
Attentive CNP,m1,18866,1,108,500,FE,Tl-208 FE 2614 keV,supported,8522,202,-2.483612595007448,-0.4161046536298757,2.0675079413775723
Attentive CNP,m1,18866,1,109,500,DEP,Tl-208 DEP 1592 keV,supported,828,464,21.01865733799767,-0.007749984393035,21.026407322390707
Attentive CNP,m1,18866,1,109,500,Bi-212,Bi-212 1620.74-keV feature,supported,790,541,-25.547158333138352,0.004926085907364,25.55208441904572
Attentive CNP,m1,18866,1,109,500,SE,Tl-208 SE 2103 keV,supported,1356,657,-28.4731482603952,-0.027942536562775,28.445205723832423
Attentive CNP,m1,18866,1,109,500,FE,Tl-208 FE 2614 keV,supported,8522,202,-2.483612595007448,-0.416212392804588,2.06740020220286
Attentive CNP,m1,18866,2,100,500,DEP,Tl-208 DEP 1592 keV,supported,828,464,21.01865733799767,0.0043414128209184,21.014315925176756
Attentive CNP,m1,18866,2,100,500,Bi-212,Bi-212 1620.74-keV feature,supported,790,541,-25.547158333138352,-0.0103503075416955,25.536808025596656
Attentive CNP,m1,18866,2,100,500,SE,Tl-208 SE 2103 keV,supported,1356,657,-28.4731482603952,0.0051426345570093,28.47829089495221
Attentive CNP,m1,18866,2,100,500,FE,Tl-208 FE 2614 keV,supported,8522,202,-2.483612595007448,-0.654909473138196,1.828703121869252
Attentive CNP,m1,18866,2,101,500,DEP,Tl-208 DEP 1592 keV,supported,828,464,21.01865733799767,0.0061079341680536,21.012549403829617
Attentive CNP,m1,18866,2,101,500,Bi-212,Bi-212 1620.74-keV feature,supported,790,541,-25.547158333138352,-0.0115649043928023,25.53559342874555
Attentive CNP,m1,18866,2,101,500,SE,Tl-208 SE 2103 keV,supported,1356,657,-28.4731482603952,0.0050615769857653,28.47820983738096
Attentive CNP,m1,18866,2,101,500,FE,Tl-208 FE 2614 keV,supported,8522,202,-2.483612595007448,-0.6505220339754897,1.833090561031958
Attentive CNP,m1,18866,2,102,500,DEP,Tl-208 DEP 1592 keV,supported,828,464,21.01865733799767,0.0053388189314107,21.01331851906626
Attentive CNP,m1,18866,2,102,500,Bi-212,Bi-212 1620.74-keV feature,supported,790,541,-25.547158333138352,-0.0118454529990374,25.535312880139315
Attentive CNP,m1,18866,2,102,500,SE,Tl-208 SE 2103 keV,supported,1356,657,-28.4731482603952,0.005252160501934,28.47840042089713
Attentive CNP,m1,18866,2,102,500,FE,Tl-208 FE 2614 keV,supported,8522,202,-2.483612595007448,-0.649086780720648,1.8345258142868
Attentive CNP,m1,18866,2,103,500,DEP,Tl-208 DEP 1592 keV,supported,828,464,21.01865733799767,0.0038075549017579,21.01484978309591
Attentive CNP,m1,18866,2,103,500,Bi-212,Bi-212 1620.74-keV feature,supported,790,541,-25.547158333138352,-0.0112616977906321,25.53589663534772
Attentive CNP,m1,18866,2,103,500,SE,Tl-208 SE 2103 keV,supported,1356,657,-28.4731482603952,0.0048162910929017,28.4779645514881
Attentive CNP,m1,18866,2,103,500,FE,Tl-208 FE 2614 keV,supported,8522,202,-2.483612595007448,-0.6559055061514246,1.8277070888560232
Attentive CNP,m1,18866,2,104,500,DEP,Tl-208 DEP 1592 keV,supported,828,464,21.01865733799767,0.0042690419407853,21.01438829605689
Attentive CNP,m1,18866,2,104,500,Bi-212,Bi-212 1620.74-keV feature,supported,790,541,-25.547158333138352,-0.0112725471046792,25.535885786033678
Attentive CNP,m1,18866,2,104,500,SE,Tl-208 SE 2103 keV,supported,1356,657,-28.4731482603952,0.0045106205993739,28.47765888099457
Attentive CNP,m1,18866,2,104,500,FE,Tl-208 FE 2614 keV,supported,8522,202,-2.483612595007448,-0.6560217080838343,1.8275908869236133
Attentive CNP,m1,18866,2,105,500,DEP,Tl-208 DEP 1592 keV,supported,828,464,21.01865733799767,0.0038888447393858,21.014768493258284
Attentive CNP,m1,18866,2,105,500,Bi-212,Bi-212 1620.74-keV feature,supported,790,541,-25.547158333138352,-0.0120895140368615,25.535068819101493
Attentive CNP,m1,18866,2,105,500,SE,Tl-208 SE 2103 keV,supported,1356,657,-28.4731482603952,0.0049761344677157,28.478124394862917
Attentive CNP,m1,18866,2,105,500,FE,Tl-208 FE 2614 keV,supported,8522,202,-2.483612595007448,-0.6560045307264589,1.8276080642809889
Attentive CNP,m1,18866,2,106,500,DEP,Tl-208 DEP 1592 keV,supported,828,464,21.01865733799767,0.0047696551291775,21.013887682868493
Attentive CNP,m1,18866,2,106,500,Bi-212,Bi-212 1620.74-keV feature,supported,790,541,-25.547158333138352,-0.0112041458131484,25.535954187325206
Attentive CNP,m1,18866,2,106,500,SE,Tl-208 SE 2103 keV,supported,1356,657,-28.4731482603952,0.0049189960979023,28.4780672564931
Attentive CNP,m1,18866,2,106,500,FE,Tl-208 FE 2614 keV,supported,8522,202,-2.483612595007448,-0.6548830011679968,1.828729593839451
Attentive CNP,m1,18866,2,107,500,DEP,Tl-208 DEP 1592 keV,supported,828,464,21.01865733799767,0.0048448538341627,21.01381248416351
Attentive CNP,m1,18866,2,107,500,Bi-212,Bi-212 1620.74-keV feature,supported,790,541,-25.547158333138352,-0.0119362015049806,25.53522213163337
Attentive CNP,m1,18866,2,107,500,SE,Tl-208 SE 2103 keV,supported,1356,657,-28.4731482603952,0.0046248717147423,28.47777313210994
Attentive CNP,m1,18866,2,107,500,FE,Tl-208 FE 2614 keV,supported,8522,202,-2.483612595007448,-0.654532201050334,1.8290803939571136
Attentive CNP,m1,18866,2,108,500,DEP,Tl-208 DEP 1592 keV,supported,828,464,21.01865733799767,0.0046008832538024,21.01405645474387
Attentive CNP,m1,18866,2,108,500,Bi-212,Bi-212 1620.74-keV feature,supported,790,541,-25.547158333138352,-0.0116062582218301,25.535552074916524
Attentive CNP,m1,18866,2,108,500,SE,Tl-208 SE 2103 keV,supported,1356,657,-28.4731482603952,0.0050661942426644,28.47821445463786
Attentive CNP,m1,18866,2,108,500,FE,Tl-208 FE 2614 keV,supported,8522,202,-2.483612595007448,-0.654465016234082,1.8291475787733655
Attentive CNP,m1,18866,2,109,500,DEP,Tl-208 DEP 1592 keV,supported,828,464,21.01865733799767,0.0043429027465236,21.014314435251148
Attentive CNP,m1,18866,2,109,500,Bi-212,Bi-212 1620.74-keV feature,supported,790,541,-25.547158333138352,-0.0118717769372223,25.53528655620113
Attentive CNP,m1,18866,2,109,500,SE,Tl-208 SE 2103 keV,supported,1356,657,-28.4731482603952,0.0048639495987323,28.47801220999393
Attentive CNP,m1,18866,2,109,500,FE,Tl-208 FE 2614 keV,supported,8522,202,-2.483612595007448,-0.6531731839209631,1.8304394110864848
Attentive CNP + PE,m2,18866,0,100,500,DEP,Tl-208 DEP 1592 keV,supported,828,464,21.01865733799767,19.027935206228264,1.9907221317694068
Attentive CNP + PE,m2,18866,0,100,500,Bi-212,Bi-212 1620.74-keV feature,supported,790,541,-25.547158333138352,-21.5274069348932,4.019751398245153
Attentive CNP + PE,m2,18866,0,100,500,SE,Tl-208 SE 2103 keV,supported,1356,657,-28.4731482603952,-16.363872532263688,12.10927572813151
Attentive CNP + PE,m2,18866,0,100,500,FE,Tl-208 FE 2614 keV,supported,8522,202,-2.483612595007448,3.672118728222329,6.155731323229777
Attentive CNP + PE,m2,18866,0,101,500,DEP,Tl-208 DEP 1592 keV,supported,828,464,21.01865733799767,18.389661336897117,2.628996001100558
Attentive CNP + PE,m2,18866,0,101,500,Bi-212,Bi-212 1620.74-keV feature,supported,790,541,-25.547158333138352,-21.2737815398645,4.273376793273853
Attentive CNP + PE,m2,18866,0,101,500,SE,Tl-208 SE 2103 keV,supported,1356,657,-28.4731482603952,-16.29870769464657,12.174440565748627
Attentive CNP + PE,m2,18866,0,101,500,FE,Tl-208 FE 2614 keV,supported,8522,202,-2.483612595007448,4.061758176994223,6.545370772001672
Attentive CNP + PE,m2,18866,0,102,500,DEP,Tl-208 DEP 1592 keV,supported,828,464,21.01865733799767,18.449696022253413,2.568961315744256
Attentive CNP + PE,m2,18866,0,102,500,Bi-212,Bi-212 1620.74-keV feature,supported,790,541,-25.547158333138352,-20.780611454817382,4.766546878320971
Attentive CNP + PE,m2,18866,0,102,500,SE,Tl-208 SE 2103 keV,supported,1356,657,-28.4731482603952,-15.80988724434477,12.663261016050429
Attentive CNP + PE,m2,18866,0,102,500,FE,Tl-208 FE 2614 keV,supported,8522,202,-2.483612595007448,3.9073675272381454,6.390980122245593
Attentive CNP + PE,m2,18866,0,103,500,DEP,Tl-208 DEP 1592 keV,supported,828,464,21.01865733799767,18.88360311178789,2.135054226209776
Attentive CNP + PE,m2,18866,0,103,500,Bi-212,Bi-212 1620.74-keV feature,supported,790,541,-25.547158333138352,-23.06370863741174,2.483449695726614
Attentive CNP + PE,m2,18866,0,103,500,SE,Tl-208 SE 2103 keV,supported,1356,657,-28.4731482603952,-17.9279637154477,10.545184544947498
Attentive CNP + PE,m2,18866,0,103,500,FE,Tl-208 FE 2614 keV,supported,8522,202,-2.483612595007448,4.037826602572575,6.521439197580023
Attentive CNP + PE,m2,18866,0,104,500,DEP,Tl-208 DEP 1592 keV,supported,828,464,21.01865733799767,18.83965407062633,2.1790032673713378
Attentive CNP + PE,m2,18866,0,104,500,Bi-212,Bi-212 1620.74-keV feature,supported,790,541,-25.547158333138352,-22.524660602695107,3.0224977304432468
Attentive CNP + PE,m2,18866,0,104,500,SE,Tl-208 SE 2103 keV,supported,1356,657,-28.4731482603952,-17.359579083205514,11.113569177189683
Attentive CNP + PE,m2,18866,0,104,500,FE,Tl-208 FE 2614 keV,supported,8522,202,-2.483612595007448,3.9378870395748526,6.4214996345823
Attentive CNP + PE,m2,18866,0,105,500,DEP,Tl-208 DEP 1592 keV,supported,828,464,21.01865733799767,19.03641877996972,1.982238558027949
Attentive CNP + PE,m2,18866,0,105,500,Bi-212,Bi-212 1620.74-keV feature,supported,790,541,-25.547158333138352,-22.566910149956428,2.980248183181927
Attentive CNP + PE,m2,18866,0,105,500,SE,Tl-208 SE 2103 keV,supported,1356,657,-28.4731482603952,-17.43800755572737,11.035140704667828
Attentive CNP + PE,m2,18866,0,105,500,FE,Tl-208 FE 2614 keV,supported,8522,202,-2.483612595007448,3.9056831999865538,6.389295794994002
Attentive CNP + PE,m2,18866,0,106,500,DEP,Tl-208 DEP 1592 keV,supported,828,464,21.01865733799767,18.806457843095025,2.2121994949026447
Attentive CNP + PE,m2,18866,0,106,500,Bi-212,Bi-212 1620.74-keV feature,supported,790,541,-25.547158333138352,-21.944986073458168,3.602172259680186
Attentive CNP + PE,m2,18866,0,106,500,SE,Tl-208 SE 2103 keV,supported,1356,657,-28.4731482603952,-16.831679088361163,11.641469172034036
Attentive CNP + PE,m2,18866,0,106,500,FE,Tl-208 FE 2614 keV,supported,8522,202,-2.483612595007448,3.940319145696964,6.423931740704411
Attentive CNP + PE,m2,18866,0,107,500,DEP,Tl-208 DEP 1592 keV,supported,828,464,21.01865733799767,18.88318668818576,2.1354706498119103
Attentive CNP + PE,m2,18866,0,107,500,Bi-212,Bi-212 1620.74-keV feature,supported,790,541,-25.547158333138352,-22.868925798008792,2.67823253512956
Attentive CNP + PE,m2,18866,0,107,500,SE,Tl-208 SE 2103 keV,supported,1356,657,-28.4731482603952,-17.695533348490848,10.77761491190435
Attentive CNP + PE,m2,18866,0,107,500,FE,Tl-208 FE 2614 keV,supported,8522,202,-2.483612595007448,3.958368652527789,6.441981247535236
Attentive CNP + PE,m2,18866,0,108,500,DEP,Tl-208 DEP 1592 keV,supported,828,464,21.01865733799767,18.661027101970674,2.3576302360269974
Attentive CNP + PE,m2,18866,0,108,500,Bi-212,Bi-212 1620.74-keV feature,supported,790,541,-25.547158333138352,-22.82121176855279,2.7259465645855627
Attentive CNP + PE,m2,18866,0,108,500,SE,Tl-208 SE 2103 keV,supported,1356,657,-28.4731482603952,-17.72320038039484,10.74994788000036
Attentive CNP + PE,m2,18866,0,108,500,FE,Tl-208 FE 2614 keV,supported,8522,202,-2.483612595007448,4.188510317632696,6.672122912640144
Attentive CNP + PE,m2,18866,0,109,500,DEP,Tl-208 DEP 1592 keV,supported,828,464,21.01865733799767,18.92160049122069,2.097056846776979
Attentive CNP + PE,m2,18866,0,109,500,Bi-212,Bi-212 1620.74-keV feature,supported,790,541,-25.547158333138352,-21.94324764353325,3.6039106896051
Attentive CNP + PE,m2,18866,0,109,500,SE,Tl-208 SE 2103 keV,supported,1356,657,-28.4731482603952,-16.82297754174837,11.65017071864683
Attentive CNP + PE,m2,18866,0,109,500,FE,Tl-208 FE 2614 keV,supported,8522,202,-2.483612595007448,3.821557627528743,6.305170222536191
Attentive CNP + PE,m2,18866,1,100,500,DEP,Tl-208 DEP 1592 keV,supported,828,464,21.01865733799767,16.825385926637626,4.193271411360044
Attentive CNP + PE,m2,18866,1,100,500,Bi-212,Bi-212 1620.74-keV feature,supported,790,541,-25.547158333138352,-17.97638764247621,7.570770690662143
Attentive CNP + PE,m2,18866,1,100,500,SE,Tl-208 SE 2103 keV,supported,1356,657,-28.4731482603952,-18.66732976358549,9.805818496809708
Attentive CNP + PE,m2,18866,1,100,500,FE,Tl-208 FE 2614 keV,supported,8522,202,-2.483612595007448,2.755948119222154,5.239560714229602
Attentive CNP + PE,m2,18866,1,101,500,DEP,Tl-208 DEP 1592 keV,supported,828,464,21.01865733799767,17.296649059727244,3.722008278270428
Attentive CNP + PE,m2,18866,1,101,500,Bi-212,Bi-212 1620.74-keV feature,supported,790,541,-25.547158333138352,-18.45611100496773,7.091047328170619
Attentive CNP + PE,m2,18866,1,101,500,SE,Tl-208 SE 2103 keV,supported,1356,657,-28.4731482603952,-19.081255351455304,9.39189290893989
Attentive CNP + PE,m2,18866,1,101,500,FE,Tl-208 FE 2614 keV,supported,8522,202,-2.483612595007448,3.355908833454327,5.839521428461775
Attentive CNP + PE,m2,18866,1,102,500,DEP,Tl-208 DEP 1592 keV,supported,828,464,21.01865733799767,17.18132399256287,3.837333345434801
Attentive CNP + PE,m2,18866,1,102,500,Bi-212,Bi-212 1620.74-keV feature,supported,790,541,-25.547158333138352,-18.008794516241927,7.538363816896426
Attentive CNP + PE,m2,18866,1,102,500,SE,Tl-208 SE 2103 keV,supported,1356,657,-28.4731482603952,-18.65214007515392,9.82100818524128
Attentive CNP + PE,m2,18866,1,102,500,FE,Tl-208 FE 2614 keV,supported,8522,202,-2.483612595007448,3.1019969975428605,5.585609592550308
Attentive CNP + PE,m2,18866,1,103,500,DEP,Tl-208 DEP 1592 keV,supported,828,464,21.01865733799767,16.819867296958236,4.198790041039436
Attentive CNP + PE,m2,18866,1,103,500,Bi-212,Bi-212 1620.74-keV feature,supported,790,541,-25.547158333138352,-18.832094397189447,6.715063935948907
Attentive CNP + PE,m2,18866,1,103,500,SE,Tl-208 SE 2103 keV,supported,1356,657,-28.4731482603952,-19.628034118617865,8.845114141777334
Attentive CNP + PE,m2,18866,1,103,500,FE,Tl-208 FE 2614 keV,supported,8522,202,-2.483612595007448,3.0000310170549493,5.483643612062397
Attentive CNP + PE,m2,18866,1,104,500,DEP,Tl-208 DEP 1592 keV,supported,828,464,21.01865733799767,16.838050880026135,4.180606457971536
Attentive CNP + PE,m2,18866,1,104,500,Bi-212,Bi-212 1620.74-keV feature,supported,790,541,-25.547158333138352,-18.6787173175823,6.868441015556054
Attentive CNP + PE,m2,18866,1,104,500,SE,Tl-208 SE 2103 keV,supported,1356,657,-28.4731482603952,-19.45041172357133,9.022736536823867
Attentive CNP + PE,m2,18866,1,104,500,FE,Tl-208 FE 2614 keV,supported,8522,202,-2.483612595007448,3.0103061682800023,5.49391876328745
Attentive CNP + PE,m2,18866,1,105,500,DEP,Tl-208 DEP 1592 keV,supported,828,464,21.01865733799767,16.705386896574105,4.313270441423567
Attentive CNP + PE,m2,18866,1,105,500,Bi-212,Bi-212 1620.74-keV feature,supported,790,541,-25.547158333138352,-18.5275856910928,7.019572642045557
Attentive CNP + PE,m2,18866,1,105,500,SE,Tl-208 SE 2103 keV,supported,1356,657,-28.4731482603952,-19.339841938277377,9.13330632211782
Attentive CNP + PE,m2,18866,1,105,500,FE,Tl-208 FE 2614 keV,supported,8522,202,-2.483612595007448,2.8033077708495,5.286920365856948
Attentive CNP + PE,m2,18866,1,106,500,DEP,Tl-208 DEP 1592 keV,supported,828,464,21.01865733799767,17.12386497184536,3.894792366152311
Attentive CNP + PE,m2,18866,1,106,500,Bi-212,Bi-212 1620.74-keV feature,supported,790,541,-25.547158333138352,-18.324379631835995,7.222778701302355
Attentive CNP + PE,m2,18866,1,106,500,SE,Tl-208 SE 2103 keV,supported,1356,657,-28.4731482603952,-18.989893642715916,9.483254617679284
Attentive CNP + PE,m2,18866,1,106,500,FE,Tl-208 FE 2614 keV,supported,8522,202,-2.483612595007448,2.994270156107173,5.477882751114621
Attentive CNP + PE,m2,18866,1,107,500,DEP,Tl-208 DEP 1592 keV,supported,828,464,21.01865733799767,16.76398502307873,4.254672314918939
Attentive CNP + PE,m2,18866,1,107,500,Bi-212,Bi-212 1620.74-keV feature,supported,790,541,-25.547158333138352,-18.67165157238146,6.875506760756895
Attentive CNP + PE,m2,18866,1,107,500,SE,Tl-208 SE 2103 keV,supported,1356,657,-28.4731482603952,-19.45026507017454,9.022883190220655
Attentive CNP + PE,m2,18866,1,107,500,FE,Tl-208 FE 2614 keV,supported,8522,202,-2.483612595007448,3.0025191071055084,5.4861317021129565
Attentive CNP + PE,m2,18866,1,108,500,DEP,Tl-208 DEP 1592 keV,supported,828,464,21.01865733799767,16.962174184587187,4.056483153410484
Attentive CNP + PE,m2,18866,1,108,500,Bi-212,Bi-212 1620.74-keV feature,supported,790,541,-25.547158333138352,-18.624604738459382,6.922553594678971
Attentive CNP + PE,m2,18866,1,108,500,SE,Tl-208 SE 2103 keV,supported,1356,657,-28.4731482603952,-19.33828162037629,9.134866640018908
Attentive CNP + PE,m2,18866,1,108,500,FE,Tl-208 FE 2614 keV,supported,8522,202,-2.483612595007448,3.156058695968908,5.639671290976356
Attentive CNP + PE,m2,18866,1,109,500,DEP,Tl-208 DEP 1592 keV,supported,828,464,21.01865733799767,16.856961593885167,4.161695744112503
Attentive CNP + PE,m2,18866,1,109,500,Bi-212,Bi-212 1620.74-keV feature,supported,790,541,-25.547158333138352,-18.46656443853953,7.080593894598825
Attentive CNP + PE,m2,18866,1,109,500,SE,Tl-208 SE 2103 keV,supported,1356,657,-28.4731482603952,-19.18950823533377,9.283640025061429
Attentive CNP + PE,m2,18866,1,109,500,FE,Tl-208 FE 2614 keV,supported,8522,202,-2.483612595007448,2.952239939480128,5.435852534487576
Attentive CNP + PE,m2,18866,2,100,500,DEP,Tl-208 DEP 1592 keV,supported,828,464,21.01865733799767,16.78923585339319,4.229421484604479
Attentive CNP + PE,m2,18866,2,100,500,Bi-212,Bi-212 1620.74-keV feature,supported,790,541,-25.547158333138352,-19.796588687880657,5.750569645257697
Attentive CNP + PE,m2,18866,2,100,500,SE,Tl-208 SE 2103 keV,supported,1356,657,-28.4731482603952,-18.07419390411609,10.398954356279113
Attentive CNP + PE,m2,18866,2,100,500,FE,Tl-208 FE 2614 keV,supported,8522,202,-2.483612595007448,2.6983904350786543,5.182003030086102
Attentive CNP + PE,m2,18866,2,101,500,DEP,Tl-208 DEP 1592 keV,supported,828,464,21.01865733799767,15.752578407811402,5.266078930186269
Attentive CNP + PE,m2,18866,2,101,500,Bi-212,Bi-212 1620.74-keV feature,supported,790,541,-25.547158333138352,-19.67491945649095,5.872238876647401
Attentive CNP + PE,m2,18866,2,101,500,SE,Tl-208 SE 2103 keV,supported,1356,657,-28.4731482603952,-17.789733923168146,10.68341433722705
Attentive CNP + PE,m2,18866,2,101,500,FE,Tl-208 FE 2614 keV,supported,8522,202,-2.483612595007448,2.731031131178066,5.214643726185514
Attentive CNP + PE,m2,18866,2,102,500,DEP,Tl-208 DEP 1592 keV,supported,828,464,21.01865733799767,16.030248881134458,4.988408456863214
Attentive CNP + PE,m2,18866,2,102,500,Bi-212,Bi-212 1620.74-keV feature,supported,790,541,-25.547158333138352,-19.51953982846957,6.027618504668785
Attentive CNP + PE,m2,18866,2,102,500,SE,Tl-208 SE 2103 keV,supported,1356,657,-28.4731482603952,-17.557155158561308,10.915993101833893
Attentive CNP + PE,m2,18866,2,102,500,FE,Tl-208 FE 2614 keV,supported,8522,202,-2.483612595007448,2.590012984751347,5.073625579758795
Attentive CNP + PE,m2,18866,2,103,500,DEP,Tl-208 DEP 1592 keV,supported,828,464,21.01865733799767,16.698637269264406,4.320020068733266
Attentive CNP + PE,m2,18866,2,103,500,Bi-212,Bi-212 1620.74-keV feature,supported,790,541,-25.547158333138352,-20.41162389689568,5.135534436242678
Attentive CNP + PE,m2,18866,2,103,500,SE,Tl-208 SE 2103 keV,supported,1356,657,-28.4731482603952,-18.943306956763596,9.529841303631606
Attentive CNP + PE,m2,18866,2,103,500,FE,Tl-208 FE 2614 keV,supported,8522,202,-2.483612595007448,3.2626646197367686,5.746277214744216
Attentive CNP + PE,m2,18866,2,104,500,DEP,Tl-208 DEP 1592 keV,supported,828,464,21.01865733799767,16.85268332769757,4.1659740103001
Attentive CNP + PE,m2,18866,2,104,500,Bi-212,Bi-212 1620.74-keV feature,supported,790,541,-25.547158333138352,-20.411130199487094,5.13602813365126
Attentive CNP + PE,m2,18866,2,104,500,SE,Tl-208 SE 2103 keV,supported,1356,657,-28.4731482603952,-18.66111141758536,9.812036842809842
Attentive CNP + PE,m2,18866,2,104,500,FE,Tl-208 FE 2614 keV,supported,8522,202,-2.483612595007448,3.085839234106058,5.569451829113506
Attentive CNP + PE,m2,18866,2,105,500,DEP,Tl-208 DEP 1592 keV,supported,828,464,21.01865733799767,17.097243254614025,3.921414083383645
Attentive CNP + PE,m2,18866,2,105,500,Bi-212,Bi-212 1620.74-keV feature,supported,790,541,-25.547158333138352,-20.524599408905708,5.022558924232645
Attentive CNP + PE,m2,18866,2,105,500,SE,Tl-208 SE 2103 keV,supported,1356,657,-28.4731482603952,-18.8004183034622,9.672729956932995
Attentive CNP + PE,m2,18866,2,105,500,FE,Tl-208 FE 2614 keV,supported,8522,202,-2.483612595007448,3.1877988550081864,5.6714114500156345
Attentive CNP + PE,m2,18866,2,106,500,DEP,Tl-208 DEP 1592 keV,supported,828,464,21.01865733799767,16.654085354393832,4.364571983603838
Attentive CNP + PE,m2,18866,2,106,500,Bi-212,Bi-212 1620.74-keV feature,supported,790,541,-25.547158333138352,-20.12418021777268,5.422978115365673
Attentive CNP + PE,m2,18866,2,106,500,SE,Tl-208 SE 2103 keV,supported,1356,657,-28.4731482603952,-18.17380275846477,10.299345501930423
Attentive CNP + PE,m2,18866,2,106,500,FE,Tl-208 FE 2614 keV,supported,8522,202,-2.483612595007448,2.871574691759718,5.3551872867671655
Attentive CNP + PE,m2,18866,2,107,500,DEP,Tl-208 DEP 1592 keV,supported,828,464,21.01865733799767,16.826670577978597,4.191986760019073
Attentive CNP + PE,m2,18866,2,107,500,Bi-212,Bi-212 1620.74-keV feature,supported,790,541,-25.547158333138352,-20.449067350220677,5.098090982917681
Attentive CNP + PE,m2,18866,2,107,500,SE,Tl-208 SE 2103 keV,supported,1356,657,-28.4731482603952,-18.83466855927452,9.638479701120676
Attentive CNP + PE,m2,18866,2,107,500,FE,Tl-208 FE 2614 keV,supported,8522,202,-2.483612595007448,3.1167151539483324,5.60032774895578
Attentive CNP + PE,m2,18866,2,108,500,DEP,Tl-208 DEP 1592 keV,supported,828,464,21.01865733799767,16.33364126075312,4.685016077244553
Attentive CNP + PE,m2,18866,2,108,500,Bi-212,Bi-212 1620.74-keV feature,supported,790,541,-25.547158333138352,-20.15953284899409,5.387625484144265
Attentive CNP + PE,m2,18866,2,108,500,SE,Tl-208 SE 2103 keV,supported,1356,657,-28.4731482603952,-18.68875120150347,9.784397058891726
Attentive CNP + PE,m2,18866,2,108,500,FE,Tl-208 FE 2614 keV,supported,8522,202,-2.483612595007448,3.160917852428708,5.644530447436155
Attentive CNP + PE,m2,18866,2,109,500,DEP,Tl-208 DEP 1592 keV,supported,828,464,21.01865733799767,16.97878343771241,4.039873900285262
Attentive CNP + PE,m2,18866,2,109,500,Bi-212,Bi-212 1620.74-keV feature,supported,790,541,-25.547158333138352,-20.29641720605372,5.250741127084635
Attentive CNP + PE,m2,18866,2,109,500,SE,Tl-208 SE 2103 keV,supported,1356,657,-28.4731482603952,-18.28943282407294,10.18371543632226
Attentive CNP + PE,m2,18866,2,109,500,FE,Tl-208 FE 2614 keV,supported,8522,202,-2.483612595007448,2.8993249249717303,5.382937519979178
Density-guided CNP (ours),ours,18866,0,100,500,DEP,Tl-208 DEP 1592 keV,supported,828,464,21.01865733799767,19.248176713106268,1.7704806248914018
Density-guided CNP (ours),ours,18866,0,100,500,Bi-212,Bi-212 1620.74-keV feature,supported,790,541,-25.547158333138352,-24.27622037552955,1.2709379576088031
Density-guided CNP (ours),ours,18866,0,100,500,SE,Tl-208 SE 2103 keV,supported,1356,657,-28.4731482603952,-23.29151249106001,5.181635769335188
Density-guided CNP (ours),ours,18866,0,100,500,FE,Tl-208 FE 2614 keV,supported,8522,202,-2.483612595007448,0.1264139313429307,2.610026526350379
Density-guided CNP (ours),ours,18866,0,101,500,DEP,Tl-208 DEP 1592 keV,supported,828,464,21.01865733799767,19.820671052980543,1.1979862850171277
Density-guided CNP (ours),ours,18866,0,101,500,Bi-212,Bi-212 1620.74-keV feature,supported,790,541,-25.547158333138352,-23.16840528759841,2.3787530455399386
Density-guided CNP (ours),ours,18866,0,101,500,SE,Tl-208 SE 2103 keV,supported,1356,657,-28.4731482603952,-23.27946324383639,5.193685016558808
Density-guided CNP (ours),ours,18866,0,101,500,FE,Tl-208 FE 2614 keV,supported,8522,202,-2.483612595007448,-0.5057766206946396,1.977835974312808
Density-guided CNP (ours),ours,18866,0,102,500,DEP,Tl-208 DEP 1592 keV,supported,828,464,21.01865733799767,19.433122342229925,1.5855349957677456
Density-guided CNP (ours),ours,18866,0,102,500,Bi-212,Bi-212 1620.74-keV feature,supported,790,541,-25.547158333138352,-23.977751828532885,1.5694065046054697
Density-guided CNP (ours),ours,18866,0,102,500,SE,Tl-208 SE 2103 keV,supported,1356,657,-28.4731482603952,-23.316292871935914,5.156855388459284
Density-guided CNP (ours),ours,18866,0,102,500,FE,Tl-208 FE 2614 keV,supported,8522,202,-2.483612595007448,-0.3836153816765941,2.099997213330853
Density-guided CNP (ours),ours,18866,0,103,500,DEP,Tl-208 DEP 1592 keV,supported,828,464,21.01865733799767,19.270772620454736,1.7478847175429355
Density-guided CNP (ours),ours,18866,0,103,500,Bi-212,Bi-212 1620.74-keV feature,supported,790,541,-25.547158333138352,-24.272615110472195,1.274543222666158
Density-guided CNP (ours),ours,18866,0,103,500,SE,Tl-208 SE 2103 keV,supported,1356,657,-28.4731482603952,-23.11939811063475,5.353750149760447
Density-guided CNP (ours),ours,18866,0,103,500,FE,Tl-208 FE 2614 keV,supported,8522,202,-2.483612595007448,-0.0471817618415415,2.436430833165906
Density-guided CNP (ours),ours,18866,0,104,500,DEP,Tl-208 DEP 1592 keV,supported,828,464,21.01865733799767,19.88965685376174,1.1290004842359314
Density-guided CNP (ours),ours,18866,0,104,500,Bi-212,Bi-212 1620.74-keV feature,supported,790,541,-25.547158333138352,-22.99740434572249,2.549753987415865
Density-guided CNP (ours),ours,18866,0,104,500,SE,Tl-208 SE 2103 keV,supported,1356,657,-28.4731482603952,-23.27855561692257,5.194592643472623
Density-guided CNP (ours),ours,18866,0,104,500,FE,Tl-208 FE 2614 keV,supported,8522,202,-2.483612595007448,-0.4789264697524137,2.0046861252550343
Density-guided CNP (ours),ours,18866,0,105,500,DEP,Tl-208 DEP 1592 keV,supported,828,464,21.01865733799767,19.37656777909181,1.642089558905857
Density-guided CNP (ours),ours,18866,0,105,500,Bi-212,Bi-212 1620.74-keV feature,supported,790,541,-25.547158333138352,-24.09203194504514,1.4551263880932142
Density-guided CNP (ours),ours,18866,0,105,500,SE,Tl-208 SE 2103 keV,supported,1356,657,-28.4731482603952,-23.184473150852263,5.288675109542934
Density-guided CNP (ours),ours,18866,0,105,500,FE,Tl-208 FE 2614 keV,supported,8522,202,-2.483612595007448,0.3727953676607082,2.856407962668156
Density-guided CNP (ours),ours,18866,0,106,500,DEP,Tl-208 DEP 1592 keV,supported,828,464,21.01865733799767,19.435922274759143,1.5827350632385273
Density-guided CNP (ours),ours,18866,0,106,500,Bi-212,Bi-212 1620.74-keV feature,supported,790,541,-25.547158333138352,-23.980823654848727,1.566334678289627
Density-guided CNP (ours),ours,18866,0,106,500,SE,Tl-208 SE 2103 keV,supported,1356,657,-28.4731482603952,-23.127309223417804,5.345839036977395
Density-guided CNP (ours),ours,18866,0,106,500,FE,Tl-208 FE 2614 keV,supported,8522,202,-2.483612595007448,-0.1670711678381425,2.316541427169305
Density-guided CNP (ours),ours,18866,0,107,500,DEP,Tl-208 DEP 1592 keV,supported,828,464,21.01865733799767,19.71726710288941,1.3013902351082574
Density-guided CNP (ours),ours,18866,0,107,500,Bi-212,Bi-212 1620.74-keV feature,supported,790,541,-25.547158333138352,-23.323983260003796,2.223175073134559
Density-guided CNP (ours),ours,18866,0,107,500,SE,Tl-208 SE 2103 keV,supported,1356,657,-28.4731482603952,-23.23944976511605,5.233698495279151
Density-guided CNP (ours),ours,18866,0,107,500,FE,Tl-208 FE 2614 keV,supported,8522,202,-2.483612595007448,-0.4178774673633367,2.065735127644111
Density-guided CNP (ours),ours,18866,0,108,500,DEP,Tl-208 DEP 1592 keV,supported,828,464,21.01865733799767,19.515819580441416,1.5028377575562524
Density-guided CNP (ours),ours,18866,0,108,500,Bi-212,Bi-212 1620.74-keV feature,supported,790,541,-25.547158333138352,-23.836169825760084,1.7109885073782694
Density-guided CNP (ours),ours,18866,0,108,500,SE,Tl-208 SE 2103 keV,supported,1356,657,-28.4731482603952,-23.211907280794893,5.261240979600304
Density-guided CNP (ours),ours,18866,0,108,500,FE,Tl-208 FE 2614 keV,supported,8522,202,-2.483612595007448,-0.5437915938643123,1.939821001143136
Density-guided CNP (ours),ours,18866,0,109,500,DEP,Tl-208 DEP 1592 keV,supported,828,464,21.01865733799767,19.415854695543345,1.6028026424543262
Density-guided CNP (ours),ours,18866,0,109,500,Bi-212,Bi-212 1620.74-keV feature,supported,790,541,-25.547158333138352,-24.049601827260062,1.4975565058782891
Density-guided CNP (ours),ours,18866,0,109,500,SE,Tl-208 SE 2103 keV,supported,1356,657,-28.4731482603952,-23.164170167005043,5.308978093390154
Density-guided CNP (ours),ours,18866,0,109,500,FE,Tl-208 FE 2614 keV,supported,8522,202,-2.483612595007448,0.0697192890578901,2.553331884065338
Density-guided CNP (ours),ours,18866,1,100,500,DEP,Tl-208 DEP 1592 keV,supported,828,464,21.01865733799767,17.943263312085257,3.0753940259124146
Density-guided CNP (ours),ours,18866,1,100,500,Bi-212,Bi-212 1620.74-keV feature,supported,790,541,-25.547158333138352,-21.206785696317358,4.340372636821
Density-guided CNP (ours),ours,18866,1,100,500,SE,Tl-208 SE 2103 keV,supported,1356,657,-28.4731482603952,-24.299626706504977,4.173521553890222
Density-guided CNP (ours),ours,18866,1,100,500,FE,Tl-208 FE 2614 keV,supported,8522,202,-2.483612595007448,3.470568462745333,5.9541810577527805
Density-guided CNP (ours),ours,18866,1,101,500,DEP,Tl-208 DEP 1592 keV,supported,828,464,21.01865733799767,18.69411142531413,2.32454591268354
Density-guided CNP (ours),ours,18866,1,101,500,Bi-212,Bi-212 1620.74-keV feature,supported,790,541,-25.547158333138352,-19.74240130687092,5.804757026267432
Density-guided CNP (ours),ours,18866,1,101,500,SE,Tl-208 SE 2103 keV,supported,1356,657,-28.4731482603952,-24.290367015971263,4.182781244423933
Density-guided CNP (ours),ours,18866,1,101,500,FE,Tl-208 FE 2614 keV,supported,8522,202,-2.483612595007448,0.2095202976124088,2.693132892619857
Density-guided CNP (ours),ours,18866,1,102,500,DEP,Tl-208 DEP 1592 keV,supported,828,464,21.01865733799767,18.12042156794387,2.898235770053803
Density-guided CNP (ours),ours,18866,1,102,500,Bi-212,Bi-212 1620.74-keV feature,supported,790,541,-25.547158333138352,-20.730663608240533,4.816494724897819
Density-guided CNP (ours),ours,18866,1,102,500,SE,Tl-208 SE 2103 keV,supported,1356,657,-28.4731482603952,-24.391548907737164,4.081599352658033
Density-guided CNP (ours),ours,18866,1,102,500,FE,Tl-208 FE 2614 keV,supported,8522,202,-2.483612595007448,1.1825865481554565,3.666199143162904
Density-guided CNP (ours),ours,18866,1,103,500,DEP,Tl-208 DEP 1592 keV,supported,828,464,21.01865733799767,17.957959771004262,3.060697566993409
Density-guided CNP (ours),ours,18866,1,103,500,Bi-212,Bi-212 1620.74-keV feature,supported,790,541,-25.547158333138352,-21.156483828734878,4.39067450440348
Density-guided CNP (ours),ours,18866,1,103,500,SE,Tl-208 SE 2103 keV,supported,1356,657,-28.4731482603952,-23.764850942300797,4.708297318094407
Density-guided CNP (ours),ours,18866,1,103,500,FE,Tl-208 FE 2614 keV,supported,8522,202,-2.483612595007448,3.15985468951262,5.643467284520068
Density-guided CNP (ours),ours,18866,1,104,500,DEP,Tl-208 DEP 1592 keV,supported,828,464,21.01865733799767,18.83396341187057,2.184693926127101
Density-guided CNP (ours),ours,18866,1,104,500,Bi-212,Bi-212 1620.74-keV feature,supported,790,541,-25.547158333138352,-19.51526523469164,6.031893098446717
Density-guided CNP (ours),ours,18866,1,104,500,SE,Tl-208 SE 2103 keV,supported,1356,657,-28.4731482603952,-24.263647530372683,4.209500730022514
Density-guided CNP (ours),ours,18866,1,104,500,FE,Tl-208 FE 2614 keV,supported,8522,202,-2.483612595007448,1.4663476171708574,3.949960212178305
Density-guided CNP (ours),ours,18866,1,105,500,DEP,Tl-208 DEP 1592 keV,supported,828,464,21.01865733799767,18.05996663528787,2.9586907027097986
Density-guided CNP (ours),ours,18866,1,105,500,Bi-212,Bi-212 1620.74-keV feature,supported,790,541,-25.547158333138352,-20.854097338613126,4.693060994525228
Density-guided CNP (ours),ours,18866,1,105,500,SE,Tl-208 SE 2103 keV,supported,1356,657,-28.4731482603952,-23.9872165887549,4.485931671640298
Density-guided CNP (ours),ours,18866,1,105,500,FE,Tl-208 FE 2614 keV,supported,8522,202,-2.483612595007448,4.323462776666681,6.807075371674129
Density-guided CNP (ours),ours,18866,1,106,500,DEP,Tl-208 DEP 1592 keV,supported,828,464,21.01865733799767,18.11805399729324,2.900603340704433
Density-guided CNP (ours),ours,18866,1,106,500,Bi-212,Bi-212 1620.74-keV feature,supported,790,541,-25.547158333138352,-20.73598565201256,4.811172681125791
Density-guided CNP (ours),ours,18866,1,106,500,SE,Tl-208 SE 2103 keV,supported,1356,657,-28.4731482603952,-23.84296814876637,4.630180111628829
Density-guided CNP (ours),ours,18866,1,106,500,FE,Tl-208 FE 2614 keV,supported,8522,202,-2.483612595007448,2.7053496917922,5.188962286799647
Density-guided CNP (ours),ours,18866,1,107,500,DEP,Tl-208 DEP 1592 keV,supported,828,464,21.01865733799767,18.53467014031499,2.48398719768268
Density-guided CNP (ours),ours,18866,1,107,500,Bi-212,Bi-212 1620.74-keV feature,supported,790,541,-25.547158333138352,-19.928806375834814,5.618351957303541
Density-guided CNP (ours),ours,18866,1,107,500,SE,Tl-208 SE 2103 keV,supported,1356,657,-28.4731482603952,-24.121157965058902,4.351990295336295
Density-guided CNP (ours),ours,18866,1,107,500,FE,Tl-208 FE 2614 keV,supported,8522,202,-2.483612595007448,1.8165312328450425,4.30014382785249
Density-guided CNP (ours),ours,18866,1,108,500,DEP,Tl-208 DEP 1592 keV,supported,828,464,21.01865733799767,18.23292381047345,2.7857335275242145
Density-guided CNP (ours),ours,18866,1,108,500,Bi-212,Bi-212 1620.74-keV feature,supported,790,541,-25.547158333138352,-20.540993464788148,5.006164868350204
Density-guided CNP (ours),ours,18866,1,108,500,SE,Tl-208 SE 2103 keV,supported,1356,657,-28.4731482603952,-24.083928075753825,4.389220184641374
Density-guided CNP (ours),ours,18866,1,108,500,FE,Tl-208 FE 2614 keV,supported,8522,202,-2.483612595007448,0.8768242981813335,3.360436893188781
Density-guided CNP (ours),ours,18866,1,109,500,DEP,Tl-208 DEP 1592 keV,supported,828,464,21.01865733799767,18.09117033587888,2.9274870021187893
Density-guided CNP (ours),ours,18866,1,109,500,Bi-212,Bi-212 1620.74-keV feature,supported,790,541,-25.547158333138352,-20.825085471773907,4.722072861364445
Density-guided CNP (ours),ours,18866,1,109,500,SE,Tl-208 SE 2103 keV,supported,1356,657,-28.4731482603952,-23.89739905474655,4.575749205648649
Density-guided CNP (ours),ours,18866,1,109,500,FE,Tl-208 FE 2614 keV,supported,8522,202,-2.483612595007448,3.255429941698962,5.7390425367064095
Density-guided CNP (ours),ours,18866,2,100,500,DEP,Tl-208 DEP 1592 keV,supported,828,464,21.01865733799767,17.009746619642485,4.008910718355185
Density-guided CNP (ours),ours,18866,2,100,500,Bi-212,Bi-212 1620.74-keV feature,supported,790,541,-25.547158333138352,-23.66208251725981,1.88507581587854
Density-guided CNP (ours),ours,18866,2,100,500,SE,Tl-208 SE 2103 keV,supported,1356,657,-28.4731482603952,-25.962748989438246,2.5103992709569534
Density-guided CNP (ours),ours,18866,2,100,500,FE,Tl-208 FE 2614 keV,supported,8522,202,-2.483612595007448,2.3499733621391403,4.833585957146588
Density-guided CNP (ours),ours,18866,2,101,500,DEP,Tl-208 DEP 1592 keV,supported,828,464,21.01865733799767,17.347699486324885,3.6709578516727848
Density-guided CNP (ours),ours,18866,2,101,500,Bi-212,Bi-212 1620.74-keV feature,supported,790,541,-25.547158333138352,-21.024170968145786,4.52298736499257
Density-guided CNP (ours),ours,18866,2,101,500,SE,Tl-208 SE 2103 keV,supported,1356,657,-28.4731482603952,-25.902971054525956,2.5701772058692454
Density-guided CNP (ours),ours,18866,2,101,500,FE,Tl-208 FE 2614 keV,supported,8522,202,-2.483612595007448,0.3021658570201507,2.7857784520275986
Density-guided CNP (ours),ours,18866,2,102,500,DEP,Tl-208 DEP 1592 keV,supported,828,464,21.01865733799767,17.015302566986147,4.003354771011525
Density-guided CNP (ours),ours,18866,2,102,500,Bi-212,Bi-212 1620.74-keV feature,supported,790,541,-25.547158333138352,-22.76865527790881,2.778503055229548
Density-guided CNP (ours),ours,18866,2,102,500,SE,Tl-208 SE 2103 keV,supported,1356,657,-28.4731482603952,-26.042968662604604,2.430179597790594
Density-guided CNP (ours),ours,18866,2,102,500,FE,Tl-208 FE 2614 keV,supported,8522,202,-2.483612595007448,0.8840667011046216,3.3676792961120694
Density-guided CNP (ours),ours,18866,2,103,500,DEP,Tl-208 DEP 1592 keV,supported,828,464,21.01865733799767,16.99325601770536,4.025401320292311
Density-guided CNP (ours),ours,18866,2,103,500,Bi-212,Bi-212 1620.74-keV feature,supported,790,541,-25.547158333138352,-23.53848095451001,2.008677378628343
Density-guided CNP (ours),ours,18866,2,103,500,SE,Tl-208 SE 2103 keV,supported,1356,657,-28.4731482603952,-25.496515569567865,2.9766326908273357
Density-guided CNP (ours),ours,18866,2,103,500,FE,Tl-208 FE 2614 keV,supported,8522,202,-2.483612595007448,2.066831703420671,4.550444298428119
Density-guided CNP (ours),ours,18866,2,104,500,DEP,Tl-208 DEP 1592 keV,supported,828,464,21.01865733799767,17.40558171510205,3.613075622895623
Density-guided CNP (ours),ours,18866,2,104,500,Bi-212,Bi-212 1620.74-keV feature,supported,790,541,-25.547158333138352,-20.73498249109768,4.812175842040673
Density-guided CNP (ours),ours,18866,2,104,500,SE,Tl-208 SE 2103 keV,supported,1356,657,-28.4731482603952,-25.92219701442581,2.5509512459693906
Density-guided CNP (ours),ours,18866,2,104,500,FE,Tl-208 FE 2614 keV,supported,8522,202,-2.483612595007448,1.0052365692575282,3.488849164264976
Density-guided CNP (ours),ours,18866,2,105,500,DEP,Tl-208 DEP 1592 keV,supported,828,464,21.01865733799767,17.0039324548394,4.014724883158271
Density-guided CNP (ours),ours,18866,2,105,500,Bi-212,Bi-212 1620.74-keV feature,supported,790,541,-25.547158333138352,-22.96787497826035,2.579283354878004
Density-guided CNP (ours),ours,18866,2,105,500,SE,Tl-208 SE 2103 keV,supported,1356,657,-28.4731482603952,-25.672408478689867,2.8007397817053303
Density-guided CNP (ours),ours,18866,2,105,500,FE,Tl-208 FE 2614 keV,supported,8522,202,-2.483612595007448,3.039179547883111,5.522792142890559
Density-guided CNP (ours),ours,18866,2,106,500,DEP,Tl-208 DEP 1592 keV,supported,828,464,21.01865733799767,17.017847374731975,4.000809963265695
Density-guided CNP (ours),ours,18866,2,106,500,Bi-212,Bi-212 1620.74-keV feature,supported,790,541,-25.547158333138352,-22.75900155235277,2.788156780785584
Density-guided CNP (ours),ours,18866,2,106,500,SE,Tl-208 SE 2103 keV,supported,1356,657,-28.4731482603952,-25.519428493611933,2.953719766783264
Density-guided CNP (ours),ours,18866,2,106,500,FE,Tl-208 FE 2614 keV,supported,8522,202,-2.483612595007448,1.799901358890843,4.283513953898291
Density-guided CNP (ours),ours,18866,2,107,500,DEP,Tl-208 DEP 1592 keV,supported,828,464,21.01865733799767,17.247046940926005,3.771610397071668
Density-guided CNP (ours),ours,18866,2,107,500,Bi-212,Bi-212 1620.74-keV feature,supported,790,541,-25.547158333138352,-21.369862132643625,4.1772962004947285
Density-guided CNP (ours),ours,18866,2,107,500,SE,Tl-208 SE 2103 keV,supported,1356,657,-28.4731482603952,-25.7893627998138,2.6837854605814004
Density-guided CNP (ours),ours,18866,2,107,500,FE,Tl-208 FE 2614 keV,supported,8522,202,-2.483612595007448,1.166579211607116,3.650191806614564
Density-guided CNP (ours),ours,18866,2,108,500,DEP,Tl-208 DEP 1592 keV,supported,828,464,21.01865733799767,17.089542001490777,3.9291153365068943
Density-guided CNP (ours),ours,18866,2,108,500,Bi-212,Bi-212 1620.74-keV feature,supported,790,541,-25.547158333138352,-22.38052855707167,3.166629776066681
Density-guided CNP (ours),ours,18866,2,108,500,SE,Tl-208 SE 2103 keV,supported,1356,657,-28.4731482603952,-25.71835401090852,2.7547942494866806
Density-guided CNP (ours),ours,18866,2,108,500,FE,Tl-208 FE 2614 keV,supported,8522,202,-2.483612595007448,0.6174867198145084,3.101099314821956
Density-guided CNP (ours),ours,18866,2,109,500,DEP,Tl-208 DEP 1592 keV,supported,828,464,21.01865733799767,17.01215529908813,4.006502038909543
Density-guided CNP (ours),ours,18866,2,109,500,Bi-212,Bi-212 1620.74-keV feature,supported,790,541,-25.547158333138352,-22.87938825925085,2.667770073887504
Density-guided CNP (ours),ours,18866,2,109,500,SE,Tl-208 SE 2103 keV,supported,1356,657,-28.4731482603952,-25.632692146106685,2.8404561142885143
Density-guided CNP (ours),ours,18866,2,109,500,FE,Tl-208 FE 2614 keV,supported,8522,202,-2.483612595007448,2.308552596206842,4.7921651912142895
CNP,m0,2000,0,100,500,DEP,Tl-208 DEP 1592 keV,supported,828,464,21.01865733799767,0.045441677771207445,20.97321566022646
CNP,m0,2000,0,100,500,Bi-212,Bi-212 1620.74-keV feature,supported,790,541,-25.547158333138352,0.04160341771662912,25.58876175085498
CNP,m0,2000,0,100,500,SE,Tl-208 SE 2103 keV,supported,1356,657,-28.4731482603952,0.01159430884011825,28.484742569235316
CNP,m0,2000,0,100,500,FE,Tl-208 FE 2614 keV,supported,8522,202,-2.4836125950074477,-0.6316390839138125,1.8519735110936353
CNP,m0,2000,0,101,500,DEP,Tl-208 DEP 1592 keV,supported,828,464,21.01865733799767,0.04492069620595229,20.973736641791717
CNP,m0,2000,0,101,500,Bi-212,Bi-212 1620.74-keV feature,supported,790,541,-25.547158333138352,0.04022244585548673,25.58738077899384
CNP,m0,2000,0,101,500,SE,Tl-208 SE 2103 keV,supported,1356,657,-28.4731482603952,0.011098954115823512,28.484247214511022
CNP,m0,2000,0,101,500,FE,Tl-208 FE 2614 keV,supported,8522,202,-2.4836125950074477,-0.6339438710565914,1.8496687239508565
CNP,m0,2000,0,102,500,DEP,Tl-208 DEP 1592 keV,supported,828,464,21.01865733799767,0.045673773111565286,20.972983564886107
CNP,m0,2000,0,102,500,Bi-212,Bi-212 1620.74-keV feature,supported,790,541,-25.547158333138352,0.041626901643498915,25.588785234781852
CNP,m0,2000,0,102,500,SE,Tl-208 SE 2103 keV,supported,1356,657,-28.4731482603952,0.011678557088740105,28.48482681748394
CNP,m0,2000,0,102,500,FE,Tl-208 FE 2614 keV,supported,8522,202,-2.4836125950074477,-0.6305287412995991,1.8530838537078487
CNP,m0,2000,0,103,500,DEP,Tl-208 DEP 1592 keV,supported,828,464,21.01865733799767,0.04413906422474634,20.974518273772922
CNP,m0,2000,0,103,500,Bi-212,Bi-212 1620.74-keV feature,supported,790,541,-25.547158333138352,0.03732508725222683,25.58448342039058
CNP,m0,2000,0,103,500,SE,Tl-208 SE 2103 keV,supported,1356,657,-28.4731482603952,0.010553385756961742,28.48370164615216
CNP,m0,2000,0,103,500,FE,Tl-208 FE 2614 keV,supported,8522,202,-2.4836125950074477,-0.6301796925658215,1.8534329024416263
CNP,m0,2000,0,104,500,DEP,Tl-208 DEP 1592 keV,supported,828,464,21.01865733799767,0.04487425698903591,20.973783081008634
CNP,m0,2000,0,104,500,Bi-212,Bi-212 1620.74-keV feature,supported,790,541,-25.547158333138352,0.03875302348862464,25.58591135662698
CNP,m0,2000,0,104,500,SE,Tl-208 SE 2103 keV,supported,1356,657,-28.4731482603952,0.010975525263440256,28.48412378565864
CNP,m0,2000,0,104,500,FE,Tl-208 FE 2614 keV,supported,8522,202,-2.4836125950074477,-0.6309292412957496,1.8526833537116982
CNP,m0,2000,0,105,500,DEP,Tl-208 DEP 1592 keV,supported,828,464,21.01865733799767,0.04497937735292723,20.973677960644743
CNP,m0,2000,0,105,500,Bi-212,Bi-212 1620.74-keV feature,supported,790,541,-25.547158333138352,0.0390423990097144,25.58620073214807
CNP,m0,2000,0,105,500,SE,Tl-208 SE 2103 keV,supported,1356,657,-28.4731482603952,0.011111747316766563,28.484260007711963
CNP,m0,2000,0,105,500,FE,Tl-208 FE 2614 keV,supported,8522,202,-2.4836125950074477,-0.6266610331997768,1.856951561807671
CNP,m0,2000,0,106,500,DEP,Tl-208 DEP 1592 keV,supported,828,464,21.01865733799767,0.04522054556986843,20.9734367924278
CNP,m0,2000,0,106,500,Bi-212,Bi-212 1620.74-keV feature,supported,790,541,-25.547158333138352,0.039678115549246495,25.5868364486876
CNP,m0,2000,0,106,500,SE,Tl-208 SE 2103 keV,supported,1356,657,-28.4731482603952,0.011086099713131237,28.484234360108328
CNP,m0,2000,0,106,500,FE,Tl-208 FE 2614 keV,supported,8522,202,-2.4836125950074477,-0.6315444625741656,1.8520681324332822
CNP,m0,2000,0,107,500,DEP,Tl-208 DEP 1592 keV,supported,828,464,21.01865733799767,0.04468590841901765,20.973971429578654
CNP,m0,2000,0,107,500,Bi-212,Bi-212 1620.74-keV feature,supported,790,541,-25.547158333138352,0.03840566329383899,25.585563996432192
CNP,m0,2000,0,107,500,SE,Tl-208 SE 2103 keV,supported,1356,657,-28.4731482603952,0.010819785365462353,28.483968045760662
CNP,m0,2000,0,107,500,FE,Tl-208 FE 2614 keV,supported,8522,202,-2.4836125950074477,-0.6290897238152904,1.8545228711921573
CNP,m0,2000,0,108,500,DEP,Tl-208 DEP 1592 keV,supported,828,464,21.01865733799767,0.044112192356704494,20.974545145640967
CNP,m0,2000,0,108,500,Bi-212,Bi-212 1620.74-keV feature,supported,790,541,-25.547158333138352,0.037321414878510595,25.584479748016864
CNP,m0,2000,0,108,500,SE,Tl-208 SE 2103 keV,supported,1356,657,-28.4731482603952,0.010646264929092819,28.483794525324292
CNP,m0,2000,0,108,500,FE,Tl-208 FE 2614 keV,supported,8522,202,-2.4836125950074477,-0.6307346923013296,1.8528779027061182
CNP,m0,2000,0,109,500,DEP,Tl-208 DEP 1592 keV,supported,828,464,21.01865733799767,0.04540842926487043,20.9732489087328
CNP,m0,2000,0,109,500,Bi-212,Bi-212 1620.74-keV feature,supported,790,541,-25.547158333138352,0.04084237780478395,25.588000710943138
CNP,m0,2000,0,109,500,SE,Tl-208 SE 2103 keV,supported,1356,657,-28.4731482603952,0.011533481696368586,28.484681742091567
CNP,m0,2000,0,109,500,FE,Tl-208 FE 2614 keV,supported,8522,202,-2.4836125950074477,-0.6288628834718812,1.8547497115355664
CNP,m0,2000,1,100,500,DEP,Tl-208 DEP 1592 keV,supported,828,464,21.01865733799767,-0.008639749133976249,21.027297087131647
CNP,m0,2000,1,100,500,Bi-212,Bi-212 1620.74-keV feature,supported,790,541,-25.547158333138352,-0.003809296275092411,25.543349036863262
CNP,m0,2000,1,100,500,SE,Tl-208 SE 2103 keV,supported,1356,657,-28.4731482603952,-0.02504692457497848,28.44810133582022
CNP,m0,2000,1,100,500,FE,Tl-208 FE 2614 keV,supported,8522,202,-2.4836125950074477,-0.5790593842402603,1.9045532107671876
CNP,m0,2000,1,101,500,DEP,Tl-208 DEP 1592 keV,supported,828,464,21.01865733799767,-0.008973048552163299,21.027630386549834
CNP,m0,2000,1,101,500,Bi-212,Bi-212 1620.74-keV feature,supported,790,541,-25.547158333138352,-0.004065261471164483,25.54309307166719
CNP,m0,2000,1,101,500,SE,Tl-208 SE 2103 keV,supported,1356,657,-28.4731482603952,-0.02480963243403078,28.448338627961167
CNP,m0,2000,1,101,500,FE,Tl-208 FE 2614 keV,supported,8522,202,-2.4836125950074477,-0.5733986315341388,1.9102139634733089
CNP,m0,2000,1,102,500,DEP,Tl-208 DEP 1592 keV,supported,828,464,21.01865733799767,-0.008992895861892336,21.027650233859564
CNP,m0,2000,1,102,500,Bi-212,Bi-212 1620.74-keV feature,supported,790,541,-25.547158333138352,-0.004019517757869462,25.543138815380484
CNP,m0,2000,1,102,500,SE,Tl-208 SE 2103 keV,supported,1356,657,-28.4731482603952,-0.02475480321210144,28.448393457183098
CNP,m0,2000,1,102,500,FE,Tl-208 FE 2614 keV,supported,8522,202,-2.4836125950074477,-0.5793323468545664,1.9042802481528813
CNP,m0,2000,1,103,500,DEP,Tl-208 DEP 1592 keV,supported,828,464,21.01865733799767,-0.008019118335689246,21.02667645633336
CNP,m0,2000,1,103,500,Bi-212,Bi-212 1620.74-keV feature,supported,790,541,-25.547158333138352,-0.004395943296997551,25.542762389841357
CNP,m0,2000,1,103,500,SE,Tl-208 SE 2103 keV,supported,1356,657,-28.4731482603952,-0.025756784400321475,28.447391475994877
CNP,m0,2000,1,103,500,FE,Tl-208 FE 2614 keV,supported,8522,202,-2.4836125950074477,-0.554912906450078,1.9286996885573697
CNP,m0,2000,1,104,500,DEP,Tl-208 DEP 1592 keV,supported,828,464,21.01865733799767,-0.008482392804121108,21.027139730801792
CNP,m0,2000,1,104,500,Bi-212,Bi-212 1620.74-keV feature,supported,790,541,-25.547158333138352,-0.004317234253992108,25.54284109888436
CNP,m0,2000,1,104,500,SE,Tl-208 SE 2103 keV,supported,1356,657,-28.4731482603952,-0.025641894500594287,28.447506365894604
CNP,m0,2000,1,104,500,FE,Tl-208 FE 2614 keV,supported,8522,202,-2.4836125950074477,-0.5599830973492176,1.9236294976582302
CNP,m0,2000,1,105,500,DEP,Tl-208 DEP 1592 keV,supported,828,464,21.01865733799767,-0.008562492342911732,21.02721983034058
CNP,m0,2000,1,105,500,Bi-212,Bi-212 1620.74-keV feature,supported,790,541,-25.547158333138352,-0.003942756997132868,25.543215576141222
CNP,m0,2000,1,105,500,SE,Tl-208 SE 2103 keV,supported,1356,657,-28.4731482603952,-0.025418811388688844,28.44772944900651
CNP,m0,2000,1,105,500,FE,Tl-208 FE 2614 keV,supported,8522,202,-2.4836125950074477,-0.5593563151770786,1.9242562798303693
CNP,m0,2000,1,106,500,DEP,Tl-208 DEP 1592 keV,supported,828,464,21.01865733799767,-0.008982015930347753,21.027639353928016
CNP,m0,2000,1,106,500,Bi-212,Bi-212 1620.74-keV feature,supported,790,541,-25.547158333138352,-0.004100758593039711,25.543057574545315
CNP,m0,2000,1,106,500,SE,Tl-208 SE 2103 keV,supported,1356,657,-28.4731482603952,-0.025297842489779843,28.447850417905418
CNP,m0,2000,1,106,500,FE,Tl-208 FE 2614 keV,supported,8522,202,-2.4836125950074477,-0.568008488286198,1.9156041067212497
CNP,m0,2000,1,107,500,DEP,Tl-208 DEP 1592 keV,supported,828,464,21.01865733799767,-0.007923761896222459,21.026581099893892
CNP,m0,2000,1,107,500,Bi-212,Bi-212 1620.74-keV feature,supported,790,541,-25.547158333138352,-0.004131446195365651,25.54302688694299
CNP,m0,2000,1,107,500,SE,Tl-208 SE 2103 keV,supported,1356,657,-28.4731482603952,-0.025641264073550385,28.447506996321646
CNP,m0,2000,1,107,500,FE,Tl-208 FE 2614 keV,supported,8522,202,-2.4836125950074477,-0.5558467452085103,1.9277658497989374
CNP,m0,2000,1,108,500,DEP,Tl-208 DEP 1592 keV,supported,828,464,21.01865733799767,-0.007761353945501259,21.02641869194317
CNP,m0,2000,1,108,500,Bi-212,Bi-212 1620.74-keV feature,supported,790,541,-25.547158333138352,-0.004174267284529076,25.542984065853823
CNP,m0,2000,1,108,500,SE,Tl-208 SE 2103 keV,supported,1356,657,-28.4731482603952,-0.025639691136680742,28.447508569258517
CNP,m0,2000,1,108,500,FE,Tl-208 FE 2614 keV,supported,8522,202,-2.4836125950074477,-0.5552936140540116,1.9283189809534362
CNP,m0,2000,1,109,500,DEP,Tl-208 DEP 1592 keV,supported,828,464,21.01865733799767,-0.009181994322993159,21.027839332320664
CNP,m0,2000,1,109,500,Bi-212,Bi-212 1620.74-keV feature,supported,790,541,-25.547158333138352,-0.0038014547057985126,25.543356878432554
CNP,m0,2000,1,109,500,SE,Tl-208 SE 2103 keV,supported,1356,657,-28.4731482603952,-0.024993273005835537,28.448154987389362
CNP,m0,2000,1,109,500,FE,Tl-208 FE 2614 keV,supported,8522,202,-2.4836125950074477,-0.5711352424967842,1.9124773525106638
CNP,m0,2000,2,100,500,DEP,Tl-208 DEP 1592 keV,supported,828,464,21.01865733799767,-0.0007203089784746375,21.019377646976146
CNP,m0,2000,2,100,500,Bi-212,Bi-212 1620.74-keV feature,supported,790,541,-25.547158333138352,0.0028708981408942513,25.550029231279247
CNP,m0,2000,2,100,500,SE,Tl-208 SE 2103 keV,supported,1356,657,-28.4731482603952,-0.010654809247623298,28.462493451147573
CNP,m0,2000,2,100,500,FE,Tl-208 FE 2614 keV,supported,8522,202,-2.4836125950074477,-0.7767450794611636,1.7068675155462842
CNP,m0,2000,2,101,500,DEP,Tl-208 DEP 1592 keV,supported,828,464,21.01865733799767,-0.00015997059187311535,21.018817308589544
CNP,m0,2000,2,101,500,Bi-212,Bi-212 1620.74-keV feature,supported,790,541,-25.547158333138352,0.0032021687281003075,25.550360501866454
CNP,m0,2000,2,101,500,SE,Tl-208 SE 2103 keV,supported,1356,657,-28.4731482603952,-0.010776632351505722,28.46237162804369
CNP,m0,2000,2,101,500,FE,Tl-208 FE 2614 keV,supported,8522,202,-2.4836125950074477,-0.7604529709176522,1.7231596240897957
CNP,m0,2000,2,102,500,DEP,Tl-208 DEP 1592 keV,supported,828,464,21.01865733799767,-0.00027868722217716524,21.018936025219848
CNP,m0,2000,2,102,500,Bi-212,Bi-212 1620.74-keV feature,supported,790,541,-25.547158333138352,0.0024609066677228064,25.549619239806077
CNP,m0,2000,2,102,500,SE,Tl-208 SE 2103 keV,supported,1356,657,-28.4731482603952,-0.010844519931607621,28.46230374046359
CNP,m0,2000,2,102,500,FE,Tl-208 FE 2614 keV,supported,8522,202,-2.4836125950074477,-0.7792271300405884,1.7043854649668595
CNP,m0,2000,2,103,500,DEP,Tl-208 DEP 1592 keV,supported,828,464,21.01865733799767,-0.0011927575324643946,21.019850095530135
CNP,m0,2000,2,103,500,Bi-212,Bi-212 1620.74-keV feature,supported,790,541,-25.547158333138352,0.003589631821265815,25.55074796495962
CNP,m0,2000,2,103,500,SE,Tl-208 SE 2103 keV,supported,1356,657,-28.4731482603952,-0.011320134248826719,28.461828126146372
CNP,m0,2000,2,103,500,FE,Tl-208 FE 2614 keV,supported,8522,202,-2.4836125950074477,-0.708254641173986,1.7753579538334618
CNP,m0,2000,2,104,500,DEP,Tl-208 DEP 1592 keV,supported,828,464,21.01865733799767,-0.00045734849345446804,21.019114686491125
CNP,m0,2000,2,104,500,Bi-212,Bi-212 1620.74-keV feature,supported,790,541,-25.547158333138352,0.0037194567041987092,25.550877789842552
CNP,m0,2000,2,104,500,SE,Tl-208 SE 2103 keV,supported,1356,657,-28.4731482603952,-0.01105615247951608,28.46209210791568
CNP,m0,2000,2,104,500,FE,Tl-208 FE 2614 keV,supported,8522,202,-2.4836125950074477,-0.732022419163425,1.7515901758440227
CNP,m0,2000,2,105,500,DEP,Tl-208 DEP 1592 keV,supported,828,464,21.01865733799767,-0.0008677446709848269,21.019525082668654
CNP,m0,2000,2,105,500,Bi-212,Bi-212 1620.74-keV feature,supported,790,541,-25.547158333138352,0.003382372591009819,25.550540705729365
CNP,m0,2000,2,105,500,SE,Tl-208 SE 2103 keV,supported,1356,657,-28.4731482603952,-0.011256497306399993,28.461891763088797
CNP,m0,2000,2,105,500,FE,Tl-208 FE 2614 keV,supported,8522,202,-2.4836125950074477,-0.7251638925682619,1.758448702439186
CNP,m0,2000,2,106,500,DEP,Tl-208 DEP 1592 keV,supported,828,464,21.01865733799767,-0.0004175671336259512,21.019074905131298
CNP,m0,2000,2,106,500,Bi-212,Bi-212 1620.74-keV feature,supported,790,541,-25.547158333138352,0.0036802795047474746,25.5508386126431
CNP,m0,2000,2,106,500,SE,Tl-208 SE 2103 keV,supported,1356,657,-28.4731482603952,-0.011219709974530367,28.461928550420666
CNP,m0,2000,2,106,500,FE,Tl-208 FE 2614 keV,supported,8522,202,-2.4836125950074477,-0.7509501977049665,1.7326623973024813
CNP,m0,2000,2,107,500,DEP,Tl-208 DEP 1592 keV,supported,828,464,21.01865733799767,-0.0012477043281999833,21.01990504232587
CNP,m0,2000,2,107,500,Bi-212,Bi-212 1620.74-keV feature,supported,790,541,-25.547158333138352,0.0035370484084085163,25.550695381546763
CNP,m0,2000,2,107,500,SE,Tl-208 SE 2103 keV,supported,1356,657,-28.4731482603952,-0.011098659151465018,28.462049601243734
CNP,m0,2000,2,107,500,FE,Tl-208 FE 2614 keV,supported,8522,202,-2.4836125950074477,-0.7195521092154405,1.7640604857920072
CNP,m0,2000,2,108,500,DEP,Tl-208 DEP 1592 keV,supported,828,464,21.01865733799767,-0.0012053467163375409,21.019862684714006
CNP,m0,2000,2,108,500,Bi-212,Bi-212 1620.74-keV feature,supported,790,541,-25.547158333138352,0.0036802416539249982,25.55083857479228
CNP,m0,2000,2,108,500,SE,Tl-208 SE 2103 keV,supported,1356,657,-28.4731482603952,-0.011003018998334557,28.462145241396865
CNP,m0,2000,2,108,500,FE,Tl-208 FE 2614 keV,supported,8522,202,-2.4836125950074477,-0.7132433421436019,1.770369252863846
CNP,m0,2000,2,109,500,DEP,Tl-208 DEP 1592 keV,supported,828,464,21.01865733799767,-7.218580835299804e-05,21.018729523806023
CNP,m0,2000,2,109,500,Bi-212,Bi-212 1620.74-keV feature,supported,790,541,-25.547158333138352,0.003216809757022876,25.550375142895376
CNP,m0,2000,2,109,500,SE,Tl-208 SE 2103 keV,supported,1356,657,-28.4731482603952,-0.010903446745247347,28.46224481364995
CNP,m0,2000,2,109,500,FE,Tl-208 FE 2614 keV,supported,8522,202,-2.4836125950074477,-0.7610807175589901,1.7225318774484577
Attentive CNP,m1,2000,0,100,500,DEP,Tl-208 DEP 1592 keV,supported,828,464,21.01865733799767,0.01034491411335825,21.008312423884313
Attentive CNP,m1,2000,0,100,500,Bi-212,Bi-212 1620.74-keV feature,supported,790,541,-25.547158333138352,-0.010929209037568999,25.536229124100785
Attentive CNP,m1,2000,0,100,500,SE,Tl-208 SE 2103 keV,supported,1356,657,-28.4731482603952,-0.006965708100792334,28.466182552294406
Attentive CNP,m1,2000,0,100,500,FE,Tl-208 FE 2614 keV,supported,8522,202,-2.4836125950074477,-0.6460558326227384,1.8375567623847093
Attentive CNP,m1,2000,0,101,500,DEP,Tl-208 DEP 1592 keV,supported,828,464,21.01865733799767,0.007443343528279467,21.01121399446939
Attentive CNP,m1,2000,0,101,500,Bi-212,Bi-212 1620.74-keV feature,supported,790,541,-25.547158333138352,-0.008660394576009978,25.538497938562344
Attentive CNP,m1,2000,0,101,500,SE,Tl-208 SE 2103 keV,supported,1356,657,-28.4731482603952,-0.009586874054756667,28.46356138634044
Attentive CNP,m1,2000,0,101,500,FE,Tl-208 FE 2614 keV,supported,8522,202,-2.4836125950074477,-0.6167730696757301,1.8668395253317178
Attentive CNP,m1,2000,0,102,500,DEP,Tl-208 DEP 1592 keV,supported,828,464,21.01865733799767,0.008610630702399202,21.01004670729527
Attentive CNP,m1,2000,0,102,500,Bi-212,Bi-212 1620.74-keV feature,supported,790,541,-25.547158333138352,-0.006976748495757246,25.540181584642596
Attentive CNP,m1,2000,0,102,500,SE,Tl-208 SE 2103 keV,supported,1356,657,-28.4731482603952,-0.0102501006396305,28.462898159755568
Attentive CNP,m1,2000,0,102,500,FE,Tl-208 FE 2614 keV,supported,8522,202,-2.4836125950074477,-0.6381488044363726,1.8454637905710753
Attentive CNP,m1,2000,0,103,500,DEP,Tl-208 DEP 1592 keV,supported,828,464,21.01865733799767,0.009756138902927702,21.008901199094744
Attentive CNP,m1,2000,0,103,500,Bi-212,Bi-212 1620.74-keV feature,supported,790,541,-25.547158333138352,-0.012232185892990799,25.53492614724536
Attentive CNP,m1,2000,0,103,500,SE,Tl-208 SE 2103 keV,supported,1356,657,-28.4731482603952,-0.008752320543592429,28.464395939851606
Attentive CNP,m1,2000,0,103,500,FE,Tl-208 FE 2614 keV,supported,8522,202,-2.4836125950074477,-0.6066401169060542,1.8769724781013934
Attentive CNP,m1,2000,0,104,500,DEP,Tl-208 DEP 1592 keV,supported,828,464,21.01865733799767,0.008638445358077895,21.010018892639593
Attentive CNP,m1,2000,0,104,500,Bi-212,Bi-212 1620.74-keV feature,supported,790,541,-25.547158333138352,-0.008884745025017349,25.538273588113334
Attentive CNP,m1,2000,0,104,500,SE,Tl-208 SE 2103 keV,supported,1356,657,-28.4731482603952,-0.008337544482617254,28.46481071591258
Attentive CNP,m1,2000,0,104,500,FE,Tl-208 FE 2614 keV,supported,8522,202,-2.4836125950074477,-0.6296989078653892,1.8539136871420587
Attentive CNP,m1,2000,0,105,500,DEP,Tl-208 DEP 1592 keV,supported,828,464,21.01865733799767,0.008738458909973712,21.009918879087696
Attentive CNP,m1,2000,0,105,500,Bi-212,Bi-212 1620.74-keV feature,supported,790,541,-25.547158333138352,-0.010785071512153799,25.5363732616262
Attentive CNP,m1,2000,0,105,500,SE,Tl-208 SE 2103 keV,supported,1356,657,-28.4731482603952,-0.006406697056193789,28.466741563339003
Attentive CNP,m1,2000,0,105,500,FE,Tl-208 FE 2614 keV,supported,8522,202,-2.4836125950074477,-0.640066798152622,1.843545796854826
Attentive CNP,m1,2000,0,106,500,DEP,Tl-208 DEP 1592 keV,supported,828,464,21.01865733799767,0.009115233876499929,21.00954210412117
Attentive CNP,m1,2000,0,106,500,Bi-212,Bi-212 1620.74-keV feature,supported,790,541,-25.547158333138352,-0.010983724339075351,25.53617460879928
Attentive CNP,m1,2000,0,106,500,SE,Tl-208 SE 2103 keV,supported,1356,657,-28.4731482603952,-0.0070862490549106205,28.466062011340288
Attentive CNP,m1,2000,0,106,500,FE,Tl-208 FE 2614 keV,supported,8522,202,-2.4836125950074477,-0.6247696706500494,1.8588429243573983
Attentive CNP,m1,2000,0,107,500,DEP,Tl-208 DEP 1592 keV,supported,828,464,21.01865733799767,0.008079222092405303,21.010578115905265
Attentive CNP,m1,2000,0,107,500,Bi-212,Bi-212 1620.74-keV feature,supported,790,541,-25.547158333138352,-0.009241287547034904,25.537917045591318
Attentive CNP,m1,2000,0,107,500,SE,Tl-208 SE 2103 keV,supported,1356,657,-28.4731482603952,-0.006536160474024388,28.466612099921175
Attentive CNP,m1,2000,0,107,500,FE,Tl-208 FE 2614 keV,supported,8522,202,-2.4836125950074477,-0.622053857365179,1.8615587376422686
Attentive CNP,m1,2000,0,108,500,DEP,Tl-208 DEP 1592 keV,supported,828,464,21.01865733799767,0.008448983110542763,21.010208354887126
Attentive CNP,m1,2000,0,108,500,Bi-212,Bi-212 1620.74-keV feature,supported,790,541,-25.547158333138352,-0.014247472592099353,25.532910860546252
Attentive CNP,m1,2000,0,108,500,SE,Tl-208 SE 2103 keV,supported,1356,657,-28.4731482603952,-0.008407148860101188,28.464741111535098
Attentive CNP,m1,2000,0,108,500,FE,Tl-208 FE 2614 keV,supported,8522,202,-2.4836125950074477,-0.6054459100404253,1.8781666849670224
Attentive CNP,m1,2000,0,109,500,DEP,Tl-208 DEP 1592 keV,supported,828,464,21.01865733799767,0.00805609877678748,21.010601239220883
Attentive CNP,m1,2000,0,109,500,Bi-212,Bi-212 1620.74-keV feature,supported,790,541,-25.547158333138352,-0.00799079766778954,25.539167535470565
Attentive CNP,m1,2000,0,109,500,SE,Tl-208 SE 2103 keV,supported,1356,657,-28.4731482603952,-0.0074152867682197865,28.465732973626977
Attentive CNP,m1,2000,0,109,500,FE,Tl-208 FE 2614 keV,supported,8522,202,-2.4836125950074477,-0.642454350006405,1.8411582450010426
Attentive CNP,m1,2000,1,100,500,DEP,Tl-208 DEP 1592 keV,supported,828,464,21.01865733799767,-0.00856332647655167,21.02722066447422
Attentive CNP,m1,2000,1,100,500,Bi-212,Bi-212 1620.74-keV feature,supported,790,541,-25.547158333138352,0.0020147282456028925,25.549173061383957
Attentive CNP,m1,2000,1,100,500,SE,Tl-208 SE 2103 keV,supported,1356,657,-28.4731482603952,-0.009855561220417641,28.46329269917478
Attentive CNP,m1,2000,1,100,500,FE,Tl-208 FE 2614 keV,supported,8522,202,-2.4836125950074477,-0.5688793880848725,1.9147332069225753
Attentive CNP,m1,2000,1,101,500,DEP,Tl-208 DEP 1592 keV,supported,828,464,21.01865733799767,-0.009378463960707517,21.028035801958378
Attentive CNP,m1,2000,1,101,500,Bi-212,Bi-212 1620.74-keV feature,supported,790,541,-25.547158333138352,6.881481560139235e-05,25.547227147953954
Attentive CNP,m1,2000,1,101,500,SE,Tl-208 SE 2103 keV,supported,1356,657,-28.4731482603952,-0.01286271937415151,28.460285541021047
Attentive CNP,m1,2000,1,101,500,FE,Tl-208 FE 2614 keV,supported,8522,202,-2.4836125950074477,-0.5680479012680706,1.9155646937393773
Attentive CNP,m1,2000,1,102,500,DEP,Tl-208 DEP 1592 keV,supported,828,464,21.01865733799767,-0.0072440035906784495,21.025901341588348
Attentive CNP,m1,2000,1,102,500,Bi-212,Bi-212 1620.74-keV feature,supported,790,541,-25.547158333138352,-0.0015572545990827358,25.54560107853927
Attentive CNP,m1,2000,1,102,500,SE,Tl-208 SE 2103 keV,supported,1356,657,-28.4731482603952,-0.012561700656787966,28.46058655973841
Attentive CNP,m1,2000,1,102,500,FE,Tl-208 FE 2614 keV,supported,8522,202,-2.4836125950074477,-0.5657620781369471,1.9178505168705007
Attentive CNP,m1,2000,1,103,500,DEP,Tl-208 DEP 1592 keV,supported,828,464,21.01865733799767,-0.009359147404641721,21.02801648540231
Attentive CNP,m1,2000,1,103,500,Bi-212,Bi-212 1620.74-keV feature,supported,790,541,-25.547158333138352,-0.00010086048184421159,25.54705747265651
Attentive CNP,m1,2000,1,103,500,SE,Tl-208 SE 2103 keV,supported,1356,657,-28.4731482603952,-0.00987193386973173,28.463276326525467
Attentive CNP,m1,2000,1,103,500,FE,Tl-208 FE 2614 keV,supported,8522,202,-2.4836125950074477,-0.5696280638078283,1.9139845311996195
Attentive CNP,m1,2000,1,104,500,DEP,Tl-208 DEP 1592 keV,supported,828,464,21.01865733799767,-0.007467546046768803,21.02612488404444
Attentive CNP,m1,2000,1,104,500,Bi-212,Bi-212 1620.74-keV feature,supported,790,541,-25.547158333138352,0.0004534015139112668,25.547611734652264
Attentive CNP,m1,2000,1,104,500,SE,Tl-208 SE 2103 keV,supported,1356,657,-28.4731482603952,-0.011760670842209109,28.461387589552988
Attentive CNP,m1,2000,1,104,500,FE,Tl-208 FE 2614 keV,supported,8522,202,-2.4836125950074477,-0.5668032534778711,1.9168093415295768
Attentive CNP,m1,2000,1,105,500,DEP,Tl-208 DEP 1592 keV,supported,828,464,21.01865733799767,-0.007331016486966657,21.02598835448464
Attentive CNP,m1,2000,1,105,500,Bi-212,Bi-212 1620.74-keV feature,supported,790,541,-25.547158333138352,-0.0031491677159212195,25.54400916542243
Attentive CNP,m1,2000,1,105,500,SE,Tl-208 SE 2103 keV,supported,1356,657,-28.4731482603952,-0.009606777887671836,28.463541482507527
Attentive CNP,m1,2000,1,105,500,FE,Tl-208 FE 2614 keV,supported,8522,202,-2.4836125950074477,-0.5676223621660925,1.9159902328413554
Attentive CNP,m1,2000,1,106,500,DEP,Tl-208 DEP 1592 keV,supported,828,464,21.01865733799767,-0.0094315921824073,21.02808893018008
Attentive CNP,m1,2000,1,106,500,Bi-212,Bi-212 1620.74-keV feature,supported,790,541,-25.547158333138352,0.0009169561235089496,25.548075289261863
Attentive CNP,m1,2000,1,106,500,SE,Tl-208 SE 2103 keV,supported,1356,657,-28.4731482603952,-0.009575719434185004,28.463572540961014
Attentive CNP,m1,2000,1,106,500,FE,Tl-208 FE 2614 keV,supported,8522,202,-2.4836125950074477,-0.5667561224455941,1.9168564725618538
Attentive CNP,m1,2000,1,107,500,DEP,Tl-208 DEP 1592 keV,supported,828,464,21.01865733799767,-0.009175204067624065,21.027832542065294
Attentive CNP,m1,2000,1,107,500,Bi-212,Bi-212 1620.74-keV feature,supported,790,541,-25.547158333138352,-0.0017686337879019298,25.54538969935045
Attentive CNP,m1,2000,1,107,500,SE,Tl-208 SE 2103 keV,supported,1356,657,-28.4731482603952,-0.010988216785001725,28.462160043610197
Attentive CNP,m1,2000,1,107,500,FE,Tl-208 FE 2614 keV,supported,8522,202,-2.4836125950074477,-0.56504649348392,1.9185661015235278
Attentive CNP,m1,2000,1,108,500,DEP,Tl-208 DEP 1592 keV,supported,828,464,21.01865733799767,-0.009693748374606237,21.028351086372275
Attentive CNP,m1,2000,1,108,500,Bi-212,Bi-212 1620.74-keV feature,supported,790,541,-25.547158333138352,-0.0018463612167729515,25.54531197192158
Attentive CNP,m1,2000,1,108,500,SE,Tl-208 SE 2103 keV,supported,1356,657,-28.4731482603952,-0.012093349098818429,28.46105491129638
Attentive CNP,m1,2000,1,108,500,FE,Tl-208 FE 2614 keV,supported,8522,202,-2.4836125950074477,-0.5705508060814379,1.9130617889260098
Attentive CNP,m1,2000,1,109,500,DEP,Tl-208 DEP 1592 keV,supported,828,464,21.01865733799767,-0.009245550888270504,21.02790288888594
Attentive CNP,m1,2000,1,109,500,Bi-212,Bi-212 1620.74-keV feature,supported,790,541,-25.547158333138352,6.703662402962607e-06,25.547165036800756
Attentive CNP,m1,2000,1,109,500,SE,Tl-208 SE 2103 keV,supported,1356,657,-28.4731482603952,-0.009562996805856372,28.46358526358934
Attentive CNP,m1,2000,1,109,500,FE,Tl-208 FE 2614 keV,supported,8522,202,-2.4836125950074477,-0.5664780338313663,1.9171345611760815
Attentive CNP,m1,2000,2,100,500,DEP,Tl-208 DEP 1592 keV,supported,828,464,21.01865733799767,0.0005707487193307159,21.01808658927834
Attentive CNP,m1,2000,2,100,500,Bi-212,Bi-212 1620.74-keV feature,supported,790,541,-25.547158333138352,-0.011806828965532645,25.53535150417282
Attentive CNP,m1,2000,2,100,500,SE,Tl-208 SE 2103 keV,supported,1356,657,-28.4731482603952,-0.007619509600176322,28.465528750795023
Attentive CNP,m1,2000,2,100,500,FE,Tl-208 FE 2614 keV,supported,8522,202,-2.4836125950074477,-0.6562175613426202,1.8273950336648275
Attentive CNP,m1,2000,2,101,500,DEP,Tl-208 DEP 1592 keV,supported,828,464,21.01865733799767,0.0011388387759936336,21.017518499221676
Attentive CNP,m1,2000,2,101,500,Bi-212,Bi-212 1620.74-keV feature,supported,790,541,-25.547158333138352,-0.01228062927816076,25.534877703860193
Attentive CNP,m1,2000,2,101,500,SE,Tl-208 SE 2103 keV,supported,1356,657,-28.4731482603952,-0.009421741815829332,28.463726518579367
Attentive CNP,m1,2000,2,101,500,FE,Tl-208 FE 2614 keV,supported,8522,202,-2.4836125950074477,-0.6557887414692654,1.8278238535381823
Attentive CNP,m1,2000,2,102,500,DEP,Tl-208 DEP 1592 keV,supported,828,464,21.01865733799767,0.0016906572151698107,21.016966680782502
Attentive CNP,m1,2000,2,102,500,Bi-212,Bi-212 1620.74-keV feature,supported,790,541,-25.547158333138352,-0.013102071254667003,25.534056261883688
Attentive CNP,m1,2000,2,102,500,SE,Tl-208 SE 2103 keV,supported,1356,657,-28.4731482603952,-0.008715976050055474,28.464432284345143
Attentive CNP,m1,2000,2,102,500,FE,Tl-208 FE 2614 keV,supported,8522,202,-2.4836125950074477,-0.6536640572667562,1.8299485377406914
Attentive CNP,m1,2000,2,103,500,DEP,Tl-208 DEP 1592 keV,supported,828,464,21.01865733799767,8.46388096831241e-05,21.018572699187988
Attentive CNP,m1,2000,2,103,500,Bi-212,Bi-212 1620.74-keV feature,supported,790,541,-25.547158333138352,-0.0119430828197431,25.53521525031861
Attentive CNP,m1,2000,2,103,500,SE,Tl-208 SE 2103 keV,supported,1356,657,-28.4731482603952,-0.007870334385584599,28.465277926009612
Attentive CNP,m1,2000,2,103,500,FE,Tl-208 FE 2614 keV,supported,8522,202,-2.4836125950074477,-0.6485582480815377,1.8350543469259102
Attentive CNP,m1,2000,2,104,500,DEP,Tl-208 DEP 1592 keV,supported,828,464,21.01865733799767,0.0008921267878436723,21.017765211209827
Attentive CNP,m1,2000,2,104,500,Bi-212,Bi-212 1620.74-keV feature,supported,790,541,-25.547158333138352,-0.012478918564018393,25.534679414574335
Attentive CNP,m1,2000,2,104,500,SE,Tl-208 SE 2103 keV,supported,1356,657,-28.4731482603952,-0.009237800998318502,28.463910459396878
Attentive CNP,m1,2000,2,104,500,FE,Tl-208 FE 2614 keV,supported,8522,202,-2.4836125950074477,-0.6497126952679705,1.8338998997394773
Attentive CNP,m1,2000,2,105,500,DEP,Tl-208 DEP 1592 keV,supported,828,464,21.01865733799767,0.0007164609385323928,21.01794087705914
Attentive CNP,m1,2000,2,105,500,Bi-212,Bi-212 1620.74-keV feature,supported,790,541,-25.547158333138352,-0.01359991478346867,25.533558418354886
Attentive CNP,m1,2000,2,105,500,SE,Tl-208 SE 2103 keV,supported,1356,657,-28.4731482603952,-0.00785829812410821,28.46528996227109
Attentive CNP,m1,2000,2,105,500,FE,Tl-208 FE 2614 keV,supported,8522,202,-2.4836125950074477,-0.6504531064204955,1.8331594885869524
Attentive CNP,m1,2000,2,106,500,DEP,Tl-208 DEP 1592 keV,supported,828,464,21.01865733799767,0.0008604523752064885,21.017796885622463
Attentive CNP,m1,2000,2,106,500,Bi-212,Bi-212 1620.74-keV feature,supported,790,541,-25.547158333138352,-0.011695330581684704,25.535463002556668
Attentive CNP,m1,2000,2,106,500,SE,Tl-208 SE 2103 keV,supported,1356,657,-28.4731482603952,-0.0072459770685151526,28.465902283326685
Attentive CNP,m1,2000,2,106,500,FE,Tl-208 FE 2614 keV,supported,8522,202,-2.4836125950074477,-0.6505640695088799,1.833048525498568
Attentive CNP,m1,2000,2,107,500,DEP,Tl-208 DEP 1592 keV,supported,828,464,21.01865733799767,0.0013738767494109183,21.017283461248258
Attentive CNP,m1,2000,2,107,500,Bi-212,Bi-212 1620.74-keV feature,supported,790,541,-25.547158333138352,-0.0138782266287385,25.533280106509615
Attentive CNP,m1,2000,2,107,500,SE,Tl-208 SE 2103 keV,supported,1356,657,-28.4731482603952,-0.008240150198601803,28.464908110196596
Attentive CNP,m1,2000,2,107,500,FE,Tl-208 FE 2614 keV,supported,8522,202,-2.4836125950074477,-0.6464743242613147,1.837138270746133
Attentive CNP,m1,2000,2,108,500,DEP,Tl-208 DEP 1592 keV,supported,828,464,21.01865733799767,0.0007812544007279598,21.017876083596942
Attentive CNP,m1,2000,2,108,500,Bi-212,Bi-212 1620.74-keV feature,supported,790,541,-25.547158333138352,-0.013265019588715177,25.533893313549637
Attentive CNP,m1,2000,2,108,500,SE,Tl-208 SE 2103 keV,supported,1356,657,-28.4731482603952,-0.007955553275418303,28.46519270711978
Attentive CNP,m1,2000,2,108,500,FE,Tl-208 FE 2614 keV,supported,8522,202,-2.4836125950074477,-0.6540934153116157,1.829519179695832
Attentive CNP,m1,2000,2,109,500,DEP,Tl-208 DEP 1592 keV,supported,828,464,21.01865733799767,0.0006010692014890573,21.01805626879618
Attentive CNP,m1,2000,2,109,500,Bi-212,Bi-212 1620.74-keV feature,supported,790,541,-25.547158333138352,-0.013131859366311005,25.53402647377204
Attentive CNP,m1,2000,2,109,500,SE,Tl-208 SE 2103 keV,supported,1356,657,-28.4731482603952,-0.008215046244197666,28.464933214151
Attentive CNP,m1,2000,2,109,500,FE,Tl-208 FE 2614 keV,supported,8522,202,-2.4836125950074477,-0.6511352266583087,1.832477368349139
Attentive CNP + PE,m2,2000,0,100,500,DEP,Tl-208 DEP 1592 keV,supported,828,464,21.01865733799767,-7.265620634553582,28.28427797255125
Attentive CNP + PE,m2,2000,0,100,500,Bi-212,Bi-212 1620.74-keV feature,supported,790,541,-25.547158333138352,-14.14945378897943,11.397704544158923
Attentive CNP + PE,m2,2000,0,100,500,SE,Tl-208 SE 2103 keV,supported,1356,657,-28.4731482603952,-24.415821536207616,4.057326724187583
Attentive CNP + PE,m2,2000,0,100,500,FE,Tl-208 FE 2614 keV,supported,8522,202,-2.4836125950074477,-20.08350135695631,17.599888761948865
Attentive CNP + PE,m2,2000,0,101,500,DEP,Tl-208 DEP 1592 keV,supported,828,464,21.01865733799767,-6.779380996953222,27.798038334950892
Attentive CNP + PE,m2,2000,0,101,500,Bi-212,Bi-212 1620.74-keV feature,supported,790,541,-25.547158333138352,-15.016844734294569,10.530313598843785
Attentive CNP + PE,m2,2000,0,101,500,SE,Tl-208 SE 2103 keV,supported,1356,657,-28.4731482603952,-25.07269003606257,3.4004582243326253
Attentive CNP + PE,m2,2000,0,101,500,FE,Tl-208 FE 2614 keV,supported,8522,202,-2.4836125950074477,-20.086460622604925,17.602848027597478
Attentive CNP + PE,m2,2000,0,102,500,DEP,Tl-208 DEP 1592 keV,supported,828,464,21.01865733799767,-6.788517186396681,27.807174524394352
Attentive CNP + PE,m2,2000,0,102,500,Bi-212,Bi-212 1620.74-keV feature,supported,790,541,-25.547158333138352,-15.390527724565448,10.156630608572906
Attentive CNP + PE,m2,2000,0,102,500,SE,Tl-208 SE 2103 keV,supported,1356,657,-28.4731482603952,-23.89387484883555,4.579273411559645
Attentive CNP + PE,m2,2000,0,102,500,FE,Tl-208 FE 2614 keV,supported,8522,202,-2.4836125950074477,-20.342100957752717,17.858488362745266
Attentive CNP + PE,m2,2000,0,103,500,DEP,Tl-208 DEP 1592 keV,supported,828,464,21.01865733799767,-7.186082391433812,28.204739729431484
Attentive CNP + PE,m2,2000,0,103,500,Bi-212,Bi-212 1620.74-keV feature,supported,790,541,-25.547158333138352,-13.725285275395832,11.821873057742522
Attentive CNP + PE,m2,2000,0,103,500,SE,Tl-208 SE 2103 keV,supported,1356,657,-28.4731482603952,-27.876290120537917,0.5968581398572814
Attentive CNP + PE,m2,2000,0,103,500,FE,Tl-208 FE 2614 keV,supported,8522,202,-2.4836125950074477,-21.142158868190457,18.658546273183006
Attentive CNP + PE,m2,2000,0,104,500,DEP,Tl-208 DEP 1592 keV,supported,828,464,21.01865733799767,-7.611736332570295,28.630393670567965
Attentive CNP + PE,m2,2000,0,104,500,Bi-212,Bi-212 1620.74-keV feature,supported,790,541,-25.547158333138352,-14.448275092572201,11.09888324056615
Attentive CNP + PE,m2,2000,0,104,500,SE,Tl-208 SE 2103 keV,supported,1356,657,-28.4731482603952,-25.02290474014155,3.4502435202536486
Attentive CNP + PE,m2,2000,0,104,500,FE,Tl-208 FE 2614 keV,supported,8522,202,-2.4836125950074477,-20.827124565243185,18.34351197023574
Attentive CNP + PE,m2,2000,0,105,500,DEP,Tl-208 DEP 1592 keV,supported,828,464,21.01865733799767,-7.9027815312118115,28.92143886920948
Attentive CNP + PE,m2,2000,0,105,500,Bi-212,Bi-212 1620.74-keV feature,supported,790,541,-25.547158333138352,-11.818034095090102,13.729124238048252
Attentive CNP + PE,m2,2000,0,105,500,SE,Tl-208 SE 2103 keV,supported,1356,657,-28.4731482603952,-28.149244446625012,0.32390381377018773
Attentive CNP + PE,m2,2000,0,105,500,FE,Tl-208 FE 2614 keV,supported,8522,202,-2.4836125950074477,-20.960638621259747,18.4770260262523
Attentive CNP + PE,m2,2000,0,106,500,DEP,Tl-208 DEP 1592 keV,supported,828,464,21.01865733799767,-7.542733204020435,28.561390542018106
Attentive CNP + PE,m2,2000,0,106,500,Bi-212,Bi-212 1620.74-keV feature,supported,790,541,-25.547158333138352,-16.20915223768187,9.338006095456484
Attentive CNP + PE,m2,2000,0,106,500,SE,Tl-208 SE 2103 keV,supported,1356,657,-28.4731482603952,-25.753597608078966,2.719550652316233
Attentive CNP + PE,m2,2000,0,106,500,FE,Tl-208 FE 2614 keV,supported,8522,202,-2.4836125950074477,-20.68687203119816,18.203259436190713
Attentive CNP + PE,m2,2000,0,107,500,DEP,Tl-208 DEP 1592 keV,supported,828,464,21.01865733799767,-6.961248891248816,27.979906229246488
Attentive CNP + PE,m2,2000,0,107,500,Bi-212,Bi-212 1620.74-keV feature,supported,790,541,-25.547158333138352,-13.691965900133651,11.855192433004703
Attentive CNP + PE,m2,2000,0,107,500,SE,Tl-208 SE 2103 keV,supported,1356,657,-28.4731482603952,-25.91309605383909,2.560052206556107
Attentive CNP + PE,m2,2000,0,107,500,FE,Tl-208 FE 2614 keV,supported,8522,202,-2.4836125950074477,-20.828383648211716,18.34477105320427
Attentive CNP + PE,m2,2000,0,108,500,DEP,Tl-208 DEP 1592 keV,supported,828,464,21.01865733799767,-6.42136751382486,27.440024851822532
Attentive CNP + PE,m2,2000,0,108,500,Bi-212,Bi-212 1620.74-keV feature,supported,790,541,-25.547158333138352,-15.082242897056938,10.464915436081416
Attentive CNP + PE,m2,2000,0,108,500,SE,Tl-208 SE 2103 keV,supported,1356,657,-28.4731482603952,-24.43072668481421,4.042421575580987
Attentive CNP + PE,m2,2000,0,108,500,FE,Tl-208 FE 2614 keV,supported,8522,202,-2.4836125950074477,-20.871809563515857,18.388196968508407
Attentive CNP + PE,m2,2000,0,109,500,DEP,Tl-208 DEP 1592 keV,supported,828,464,21.01865733799767,-7.12695016364715,28.14560750164482
Attentive CNP + PE,m2,2000,0,109,500,Bi-212,Bi-212 1620.74-keV feature,supported,790,541,-25.547158333138352,-14.757856503916123,10.78930182922223
Attentive CNP + PE,m2,2000,0,109,500,SE,Tl-208 SE 2103 keV,supported,1356,657,-28.4731482603952,-25.64384391763045,2.829304342764749
Attentive CNP + PE,m2,2000,0,109,500,FE,Tl-208 FE 2614 keV,supported,8522,202,-2.4836125950074477,-20.898482360513405,18.414869765505955
Attentive CNP + PE,m2,2000,1,100,500,DEP,Tl-208 DEP 1592 keV,supported,828,464,21.01865733799767,18.073342899907573,2.9453144380900964
Attentive CNP + PE,m2,2000,1,100,500,Bi-212,Bi-212 1620.74-keV feature,supported,790,541,-25.547158333138352,-14.53107778362378,11.016080549514573
Attentive CNP + PE,m2,2000,1,100,500,SE,Tl-208 SE 2103 keV,supported,1356,657,-28.4731482603952,-17.903960561337527,10.56918769905767
Attentive CNP + PE,m2,2000,1,100,500,FE,Tl-208 FE 2614 keV,supported,8522,202,-2.4836125950074477,-18.162750412735654,15.679137817728206
Attentive CNP + PE,m2,2000,1,101,500,DEP,Tl-208 DEP 1592 keV,supported,828,464,21.01865733799767,15.369276868991355,5.649380469006315
Attentive CNP + PE,m2,2000,1,101,500,Bi-212,Bi-212 1620.74-keV feature,supported,790,541,-25.547158333138352,-15.67651884716527,9.870639485973085
Attentive CNP + PE,m2,2000,1,101,500,SE,Tl-208 SE 2103 keV,supported,1356,657,-28.4731482603952,-19.669799801371152,8.803348459024047
Attentive CNP + PE,m2,2000,1,101,500,FE,Tl-208 FE 2614 keV,supported,8522,202,-2.4836125950074477,-18.25128870517137,15.767676110163922
Attentive CNP + PE,m2,2000,1,102,500,DEP,Tl-208 DEP 1592 keV,supported,828,464,21.01865733799767,17.671278267759938,3.3473790702377326
Attentive CNP + PE,m2,2000,1,102,500,Bi-212,Bi-212 1620.74-keV feature,supported,790,541,-25.547158333138352,-16.228677616028975,9.318480717109379
Attentive CNP + PE,m2,2000,1,102,500,SE,Tl-208 SE 2103 keV,supported,1356,657,-28.4731482603952,-19.309959640012732,9.163188620382467
Attentive CNP + PE,m2,2000,1,102,500,FE,Tl-208 FE 2614 keV,supported,8522,202,-2.4836125950074477,-19.340091081822962,16.856478486815515
Attentive CNP + PE,m2,2000,1,103,500,DEP,Tl-208 DEP 1592 keV,supported,828,464,21.01865733799767,18.255530501606632,2.763126836391039
Attentive CNP + PE,m2,2000,1,103,500,Bi-212,Bi-212 1620.74-keV feature,supported,790,541,-25.547158333138352,-13.489007391552432,12.058150941585922
Attentive CNP + PE,m2,2000,1,103,500,SE,Tl-208 SE 2103 keV,supported,1356,657,-28.4731482603952,-17.89106952000516,10.582078740390036
Attentive CNP + PE,m2,2000,1,103,500,FE,Tl-208 FE 2614 keV,supported,8522,202,-2.4836125950074477,-20.34823566233234,17.864623067324892
Attentive CNP + PE,m2,2000,1,104,500,DEP,Tl-208 DEP 1592 keV,supported,828,464,21.01865733799767,17.45148411291647,3.5671732250811994
Attentive CNP + PE,m2,2000,1,104,500,Bi-212,Bi-212 1620.74-keV feature,supported,790,541,-25.547158333138352,-12.125010084567382,13.42214824857097
Attentive CNP + PE,m2,2000,1,104,500,SE,Tl-208 SE 2103 keV,supported,1356,657,-28.4731482603952,-16.32733285984004,12.145815400555158
Attentive CNP + PE,m2,2000,1,104,500,FE,Tl-208 FE 2614 keV,supported,8522,202,-2.4836125950074477,-19.611684648991094,17.128072053983644
Attentive CNP + PE,m2,2000,1,105,500,DEP,Tl-208 DEP 1592 keV,supported,828,464,21.01865733799767,17.69800332493052,3.320654013067148
Attentive CNP + PE,m2,2000,1,105,500,Bi-212,Bi-212 1620.74-keV feature,supported,790,541,-25.547158333138352,-13.640478541951321,11.906679791187033
Attentive CNP + PE,m2,2000,1,105,500,SE,Tl-208 SE 2103 keV,supported,1356,657,-28.4731482603952,-18.24011576561439,10.233032494780808
Attentive CNP + PE,m2,2000,1,105,500,FE,Tl-208 FE 2614 keV,supported,8522,202,-2.4836125950074477,-20.926384124580665,18.442771529573214
Attentive CNP + PE,m2,2000,1,106,500,DEP,Tl-208 DEP 1592 keV,supported,828,464,21.01865733799767,16.53100929580952,4.487648042188153
Attentive CNP + PE,m2,2000,1,106,500,Bi-212,Bi-212 1620.74-keV feature,supported,790,541,-25.547158333138352,-15.06603487704042,10.481123456097933
Attentive CNP + PE,m2,2000,1,106,500,SE,Tl-208 SE 2103 keV,supported,1356,657,-28.4731482603952,-17.837238465150836,10.63590979524436
Attentive CNP + PE,m2,2000,1,106,500,FE,Tl-208 FE 2614 keV,supported,8522,202,-2.4836125950074477,-18.756021521930332,16.272408926922886
Attentive CNP + PE,m2,2000,1,107,500,DEP,Tl-208 DEP 1592 keV,supported,828,464,21.01865733799767,14.216379490397458,6.802277847600213
Attentive CNP + PE,m2,2000,1,107,500,Bi-212,Bi-212 1620.74-keV feature,supported,790,541,-25.547158333138352,-15.795993820940613,9.751164512197741
Attentive CNP + PE,m2,2000,1,107,500,SE,Tl-208 SE 2103 keV,supported,1356,657,-28.4731482603952,-21.508759778343524,6.9643884820516755
Attentive CNP + PE,m2,2000,1,107,500,FE,Tl-208 FE 2614 keV,supported,8522,202,-2.4836125950074477,-20.362347329604468,17.87873473459702
Attentive CNP + PE,m2,2000,1,108,500,DEP,Tl-208 DEP 1592 keV,supported,828,464,21.01865733799767,14.727506962154957,6.291150375842713
Attentive CNP + PE,m2,2000,1,108,500,Bi-212,Bi-212 1620.74-keV feature,supported,790,541,-25.547158333138352,-16.189740721354514,9.35741761178384
Attentive CNP + PE,m2,2000,1,108,500,SE,Tl-208 SE 2103 keV,supported,1356,657,-28.4731482603952,-20.107326433859924,8.365821826535274
Attentive CNP + PE,m2,2000,1,108,500,FE,Tl-208 FE 2614 keV,supported,8522,202,-2.4836125950074477,-19.45302915187888,16.96941655687143
Attentive CNP + PE,m2,2000,1,109,500,DEP,Tl-208 DEP 1592 keV,supported,828,464,21.01865733799767,15.138314519061202,5.880342818936468
Attentive CNP + PE,m2,2000,1,109,500,Bi-212,Bi-212 1620.74-keV feature,supported,790,541,-25.547158333138352,-17.2906998351177,8.256458498020653
Attentive CNP + PE,m2,2000,1,109,500,SE,Tl-208 SE 2103 keV,supported,1356,657,-28.4731482603952,-21.27883397054112,7.194314289854079
Attentive CNP + PE,m2,2000,1,109,500,FE,Tl-208 FE 2614 keV,supported,8522,202,-2.4836125950074477,-19.48837866575706,17.004766070749614
Attentive CNP + PE,m2,2000,2,100,500,DEP,Tl-208 DEP 1592 keV,supported,828,464,21.01865733799767,7.198267768488886,13.820389569508784
Attentive CNP + PE,m2,2000,2,100,500,Bi-212,Bi-212 1620.74-keV feature,supported,790,541,-25.547158333138352,-15.529114830789245,10.018043502349109
Attentive CNP + PE,m2,2000,2,100,500,SE,Tl-208 SE 2103 keV,supported,1356,657,-28.4731482603952,-14.021639164871424,14.451509095523773
Attentive CNP + PE,m2,2000,2,100,500,FE,Tl-208 FE 2614 keV,supported,8522,202,-2.4836125950074477,-24.295110025312393,21.811497430304946
Attentive CNP + PE,m2,2000,2,101,500,DEP,Tl-208 DEP 1592 keV,supported,828,464,21.01865733799767,7.601293749848248,13.417363588149422
Attentive CNP + PE,m2,2000,2,101,500,Bi-212,Bi-212 1620.74-keV feature,supported,790,541,-25.547158333138352,-18.22214224604844,7.325016087089914
Attentive CNP + PE,m2,2000,2,101,500,SE,Tl-208 SE 2103 keV,supported,1356,657,-28.4731482603952,-14.420423739376535,14.052724521018664
Attentive CNP + PE,m2,2000,2,101,500,FE,Tl-208 FE 2614 keV,supported,8522,202,-2.4836125950074477,-23.608955623763546,21.1253430287561
Attentive CNP + PE,m2,2000,2,102,500,DEP,Tl-208 DEP 1592 keV,supported,828,464,21.01865733799767,5.946236944319772,15.072420393677898
Attentive CNP + PE,m2,2000,2,102,500,Bi-212,Bi-212 1620.74-keV feature,supported,790,541,-25.547158333138352,-16.025289169782226,9.521869163356127
Attentive CNP + PE,m2,2000,2,102,500,SE,Tl-208 SE 2103 keV,supported,1356,657,-28.4731482603952,-13.98961663947069,14.48353162092451
Attentive CNP + PE,m2,2000,2,102,500,FE,Tl-208 FE 2614 keV,supported,8522,202,-2.4836125950074477,-24.677805754642666,22.194193159635216
Attentive CNP + PE,m2,2000,2,103,500,DEP,Tl-208 DEP 1592 keV,supported,828,464,21.01865733799767,5.704063178101048,15.314594159896622
Attentive CNP + PE,m2,2000,2,103,500,Bi-212,Bi-212 1620.74-keV feature,supported,790,541,-25.547158333138352,-14.305405353781852,11.241752979356502
Attentive CNP + PE,m2,2000,2,103,500,SE,Tl-208 SE 2103 keV,supported,1356,657,-28.4731482603952,-14.699873648402919,13.773274611992278
Attentive CNP + PE,m2,2000,2,103,500,FE,Tl-208 FE 2614 keV,supported,8522,202,-2.4836125950074477,-26.192780024517027,23.709167429509577
Attentive CNP + PE,m2,2000,2,104,500,DEP,Tl-208 DEP 1592 keV,supported,828,464,21.01865733799767,5.304942151084136,15.713715186913536
Attentive CNP + PE,m2,2000,2,104,500,Bi-212,Bi-212 1620.74-keV feature,supported,790,541,-25.547158333138352,-15.751376103064887,9.795782230073465
Attentive CNP + PE,m2,2000,2,104,500,SE,Tl-208 SE 2103 keV,supported,1356,657,-28.4731482603952,-14.06958661617834,14.40356164421686
Attentive CNP + PE,m2,2000,2,104,500,FE,Tl-208 FE 2614 keV,supported,8522,202,-2.4836125950074477,-26.03389072648417,23.550278131476723
Attentive CNP + PE,m2,2000,2,105,500,DEP,Tl-208 DEP 1592 keV,supported,828,464,21.01865733799767,5.839796402462638,15.178860935535033
Attentive CNP + PE,m2,2000,2,105,500,Bi-212,Bi-212 1620.74-keV feature,supported,790,541,-25.547158333138352,-14.799362102731145,10.747796230407209
Attentive CNP + PE,m2,2000,2,105,500,SE,Tl-208 SE 2103 keV,supported,1356,657,-28.4731482603952,-16.220781785641954,12.252366474753243
Attentive CNP + PE,m2,2000,2,105,500,FE,Tl-208 FE 2614 keV,supported,8522,202,-2.4836125950074477,-27.572016959586044,25.088404364578597
Attentive CNP + PE,m2,2000,2,106,500,DEP,Tl-208 DEP 1592 keV,supported,828,464,21.01865733799767,5.277652991174087,15.741004346823583
Attentive CNP + PE,m2,2000,2,106,500,Bi-212,Bi-212 1620.74-keV feature,supported,790,541,-25.547158333138352,-14.766843234299238,10.780315098839116
Attentive CNP + PE,m2,2000,2,106,500,SE,Tl-208 SE 2103 keV,supported,1356,657,-28.4731482603952,-14.001649282616423,14.471498977778774
Attentive CNP + PE,m2,2000,2,106,500,FE,Tl-208 FE 2614 keV,supported,8522,202,-2.4836125950074477,-26.043185893472582,23.559573298465132
Attentive CNP + PE,m2,2000,2,107,500,DEP,Tl-208 DEP 1592 keV,supported,828,464,21.01865733799767,4.955087392138047,16.063569945859623
Attentive CNP + PE,m2,2000,2,107,500,Bi-212,Bi-212 1620.74-keV feature,supported,790,541,-25.547158333138352,-16.09473193100765,9.452426402130703
Attentive CNP + PE,m2,2000,2,107,500,SE,Tl-208 SE 2103 keV,supported,1356,657,-28.4731482603952,-15.555016829722677,12.918131430672522
Attentive CNP + PE,m2,2000,2,107,500,FE,Tl-208 FE 2614 keV,supported,8522,202,-2.4836125950074477,-26.864303970885572,24.380691375878126
Attentive CNP + PE,m2,2000,2,108,500,DEP,Tl-208 DEP 1592 keV,supported,828,464,21.01865733799767,6.425462038564755,14.593195299432915
Attentive CNP + PE,m2,2000,2,108,500,Bi-212,Bi-212 1620.74-keV feature,supported,790,541,-25.547158333138352,-16.048484069792206,9.498674263346146
Attentive CNP + PE,m2,2000,2,108,500,SE,Tl-208 SE 2103 keV,supported,1356,657,-28.4731482603952,-15.6808393083026,12.792308952092599
Attentive CNP + PE,m2,2000,2,108,500,FE,Tl-208 FE 2614 keV,supported,8522,202,-2.4836125950074477,-25.44832448570752,22.96471189070007
Attentive CNP + PE,m2,2000,2,109,500,DEP,Tl-208 DEP 1592 keV,supported,828,464,21.01865733799767,6.4728180258448065,14.545839312152864
Attentive CNP + PE,m2,2000,2,109,500,Bi-212,Bi-212 1620.74-keV feature,supported,790,541,-25.547158333138352,-16.840407368355173,8.706750964783181
Attentive CNP + PE,m2,2000,2,109,500,SE,Tl-208 SE 2103 keV,supported,1356,657,-28.4731482603952,-15.294533752370112,13.178614508025085
Attentive CNP + PE,m2,2000,2,109,500,FE,Tl-208 FE 2614 keV,supported,8522,202,-2.4836125950074477,-25.760343178127965,23.276730583120518
Density-guided CNP (ours),ours,2000,0,100,500,DEP,Tl-208 DEP 1592 keV,supported,828,464,21.01865733799767,22.98379781230687,1.9651404743092016
Density-guided CNP (ours),ours,2000,0,100,500,Bi-212,Bi-212 1620.74-keV feature,supported,790,541,-25.547158333138352,-16.020558606092067,9.526599727046287
Density-guided CNP (ours),ours,2000,0,100,500,SE,Tl-208 SE 2103 keV,supported,1356,657,-28.4731482603952,-19.193570026179998,9.2795782342152
Density-guided CNP (ours),ours,2000,0,100,500,FE,Tl-208 FE 2614 keV,supported,8522,202,-2.4836125950074477,-7.453701462306774,4.970088867299325
Density-guided CNP (ours),ours,2000,0,101,500,DEP,Tl-208 DEP 1592 keV,supported,828,464,21.01865733799767,21.61519257933232,0.5965352413346503
Density-guided CNP (ours),ours,2000,0,101,500,Bi-212,Bi-212 1620.74-keV feature,supported,790,541,-25.547158333138352,-12.163690867011583,13.383467466126769
Density-guided CNP (ours),ours,2000,0,101,500,SE,Tl-208 SE 2103 keV,supported,1356,657,-28.4731482603952,-19.223998159244214,9.249150101150983
Density-guided CNP (ours),ours,2000,0,101,500,FE,Tl-208 FE 2614 keV,supported,8522,202,-2.4836125950074477,-8.297663668964866,5.814051073957419
Density-guided CNP (ours),ours,2000,0,102,500,DEP,Tl-208 DEP 1592 keV,supported,828,464,21.01865733799767,22.062630073861953,1.0439727358642847
Density-guided CNP (ours),ours,2000,0,102,500,Bi-212,Bi-212 1620.74-keV feature,supported,790,541,-25.547158333138352,-14.352437454300897,11.194720878837455
Density-guided CNP (ours),ours,2000,0,102,500,SE,Tl-208 SE 2103 keV,supported,1356,657,-28.4731482603952,-19.26929263902048,9.203855621374716
Density-guided CNP (ours),ours,2000,0,102,500,FE,Tl-208 FE 2614 keV,supported,8522,202,-2.4836125950074477,-8.397068996446313,5.913456401438866
Density-guided CNP (ours),ours,2000,0,103,500,DEP,Tl-208 DEP 1592 keV,supported,828,464,21.01865733799767,22.690394990550157,1.6717376525524852
Density-guided CNP (ours),ours,2000,0,103,500,Bi-212,Bi-212 1620.74-keV feature,supported,790,541,-25.547158333138352,-15.660099729069387,9.887058604068965
Density-guided CNP (ours),ours,2000,0,103,500,SE,Tl-208 SE 2103 keV,supported,1356,657,-28.4731482603952,-18.819124147087948,9.65402411330725
Density-guided CNP (ours),ours,2000,0,103,500,FE,Tl-208 FE 2614 keV,supported,8522,202,-2.4836125950074477,-7.740180755276294,5.256568160268846
Density-guided CNP (ours),ours,2000,0,104,500,DEP,Tl-208 DEP 1592 keV,supported,828,464,21.01865733799767,21.599285748515285,0.580628410517614
Density-guided CNP (ours),ours,2000,0,104,500,Bi-212,Bi-212 1620.74-keV feature,supported,790,541,-25.547158333138352,-11.828856486019735,13.718301847118619
Density-guided CNP (ours),ours,2000,0,104,500,SE,Tl-208 SE 2103 keV,supported,1356,657,-28.4731482603952,-19.202270081717938,9.270878178677261
Density-guided CNP (ours),ours,2000,0,104,500,FE,Tl-208 FE 2614 keV,supported,8522,202,-2.4836125950074477,-8.284807284657415,5.801194689649967
Density-guided CNP (ours),ours,2000,0,105,500,DEP,Tl-208 DEP 1592 keV,supported,828,464,21.01865733799767,22.18750313378084,1.1688457957831688
Density-guided CNP (ours),ours,2000,0,105,500,Bi-212,Bi-212 1620.74-keV feature,supported,790,541,-25.547158333138352,-14.68671198227206,10.860446350866294
Density-guided CNP (ours),ours,2000,0,105,500,SE,Tl-208 SE 2103 keV,supported,1356,657,-28.4731482603952,-19.10520151899884,9.36794674139636
Density-guided CNP (ours),ours,2000,0,105,500,FE,Tl-208 FE 2614 keV,supported,8522,202,-2.4836125950074477,-7.013624133730198,4.53001153872275
Density-guided CNP (ours),ours,2000,0,106,500,DEP,Tl-208 DEP 1592 keV,supported,828,464,21.01865733799767,22.121614737134877,1.1029573991372055
Density-guided CNP (ours),ours,2000,0,106,500,Bi-212,Bi-212 1620.74-keV feature,supported,790,541,-25.547158333138352,-14.395041261890778,11.152117071247575
Density-guided CNP (ours),ours,2000,0,106,500,SE,Tl-208 SE 2103 keV,supported,1356,657,-28.4731482603952,-18.926793690937057,9.54635456945814
Density-guided CNP (ours),ours,2000,0,106,500,FE,Tl-208 FE 2614 keV,supported,8522,202,-2.4836125950074477,-7.846796674733129,5.363184079725682
Density-guided CNP (ours),ours,2000,0,107,500,DEP,Tl-208 DEP 1592 keV,supported,828,464,21.01865733799767,21.575973570623617,0.5573162326259484
Density-guided CNP (ours),ours,2000,0,107,500,Bi-212,Bi-212 1620.74-keV feature,supported,790,541,-25.547158333138352,-12.52244546114068,13.024712871997673
Density-guided CNP (ours),ours,2000,0,107,500,SE,Tl-208 SE 2103 keV,supported,1356,657,-28.4731482603952,-19.162517364103294,9.310630896291904
Density-guided CNP (ours),ours,2000,0,107,500,FE,Tl-208 FE 2614 keV,supported,8522,202,-2.4836125950074477,-8.14754927981707,5.663936684809623
Density-guided CNP (ours),ours,2000,0,108,500,DEP,Tl-208 DEP 1592 keV,supported,828,464,21.01865733799767,22.007318978946422,0.9886616409487514
Density-guided CNP (ours),ours,2000,0,108,500,Bi-212,Bi-212 1620.74-keV feature,supported,790,541,-25.547158333138352,-13.722591962754688,11.824566370383666
Density-guided CNP (ours),ours,2000,0,108,500,SE,Tl-208 SE 2103 keV,supported,1356,657,-28.4731482603952,-19.15183690509382,9.321311355301379
Density-guided CNP (ours),ours,2000,0,108,500,FE,Tl-208 FE 2614 keV,supported,8522,202,-2.4836125950074477,-8.373681287618357,5.8900686926109085
Density-guided CNP (ours),ours,2000,0,109,500,DEP,Tl-208 DEP 1592 keV,supported,828,464,21.01865733799767,22.232334442313828,1.2136771043161576
Density-guided CNP (ours),ours,2000,0,109,500,Bi-212,Bi-212 1620.74-keV feature,supported,790,541,-25.547158333138352,-14.619873232129393,10.92728510100896
Density-guided CNP (ours),ours,2000,0,109,500,SE,Tl-208 SE 2103 keV,supported,1356,657,-28.4731482603952,-18.9837318515386,9.489416408856599
Density-guided CNP (ours),ours,2000,0,109,500,FE,Tl-208 FE 2614 keV,supported,8522,202,-2.4836125950074477,-7.5493263427178405,5.065713747710393
Density-guided CNP (ours),ours,2000,1,100,500,DEP,Tl-208 DEP 1592 keV,supported,828,464,21.01865733799767,23.837954736703125,2.819297398705456
Density-guided CNP (ours),ours,2000,1,100,500,Bi-212,Bi-212 1620.74-keV feature,supported,790,541,-25.547158333138352,-4.80094494996493,20.746213383173423
Density-guided CNP (ours),ours,2000,1,100,500,SE,Tl-208 SE 2103 keV,supported,1356,657,-28.4731482603952,-22.18244775231656,6.29070050807864
Density-guided CNP (ours),ours,2000,1,100,500,FE,Tl-208 FE 2614 keV,supported,8522,202,-2.4836125950074477,-10.207910544407298,7.724297949399849
Density-guided CNP (ours),ours,2000,1,101,500,DEP,Tl-208 DEP 1592 keV,supported,828,464,21.01865733799767,23.58854217752231,2.5698848395246388
Density-guided CNP (ours),ours,2000,1,101,500,Bi-212,Bi-212 1620.74-keV feature,supported,790,541,-25.547158333138352,0.16673503443980775,25.713893367578162
Density-guided CNP (ours),ours,2000,1,101,500,SE,Tl-208 SE 2103 keV,supported,1356,657,-28.4731482603952,-22.140938499660635,6.332209760734564
Density-guided CNP (ours),ours,2000,1,101,500,FE,Tl-208 FE 2614 keV,supported,8522,202,-2.4836125950074477,-11.60095210557348,9.117339510566033
Density-guided CNP (ours),ours,2000,1,102,500,DEP,Tl-208 DEP 1592 keV,supported,828,464,21.01865733799767,23.7966584692615,2.7780011312638297
Density-guided CNP (ours),ours,2000,1,102,500,Bi-212,Bi-212 1620.74-keV feature,supported,790,541,-25.547158333138352,-2.655094483594578,22.892063849543774
Density-guided CNP (ours),ours,2000,1,102,500,SE,Tl-208 SE 2103 keV,supported,1356,657,-28.4731482603952,-22.121535805994917,6.351612454400279
Density-guided CNP (ours),ours,2000,1,102,500,FE,Tl-208 FE 2614 keV,supported,8522,202,-2.4836125950074477,-11.330573704752615,8.846961109745168
Density-guided CNP (ours),ours,2000,1,103,500,DEP,Tl-208 DEP 1592 keV,supported,828,464,21.01865733799767,23.875992743783392,2.8573354057857214
Density-guided CNP (ours),ours,2000,1,103,500,Bi-212,Bi-212 1620.74-keV feature,supported,790,541,-25.547158333138352,-4.145626694624605,21.40153163851375
Density-guided CNP (ours),ours,2000,1,103,500,SE,Tl-208 SE 2103 keV,supported,1356,657,-28.4731482603952,-22.38861748450997,6.084530775885227
Density-guided CNP (ours),ours,2000,1,103,500,FE,Tl-208 FE 2614 keV,supported,8522,202,-2.4836125950074477,-10.617586324067846,8.133973729060399
Density-guided CNP (ours),ours,2000,1,104,500,DEP,Tl-208 DEP 1592 keV,supported,828,464,21.01865733799767,23.50627068280131,2.487613344803641
Density-guided CNP (ours),ours,2000,1,104,500,Bi-212,Bi-212 1620.74-keV feature,supported,790,541,-25.547158333138352,0.469738786075552,26.016897119213905
Density-guided CNP (ours),ours,2000,1,104,500,SE,Tl-208 SE 2103 keV,supported,1356,657,-28.4731482603952,-22.175673406740774,6.297474853654422
Density-guided CNP (ours),ours,2000,1,104,500,FE,Tl-208 FE 2614 keV,supported,8522,202,-2.4836125950074477,-11.426080295988235,8.942467700980787
Density-guided CNP (ours),ours,2000,1,105,500,DEP,Tl-208 DEP 1592 keV,supported,828,464,21.01865733799767,23.828166728868304,2.809509390870635
Density-guided CNP (ours),ours,2000,1,105,500,Bi-212,Bi-212 1620.74-keV feature,supported,790,541,-25.547158333138352,-2.872603256598599,22.674555076539754
Density-guided CNP (ours),ours,2000,1,105,500,SE,Tl-208 SE 2103 keV,supported,1356,657,-28.4731482603952,-22.323474154397438,6.14967410599776
Density-guided CNP (ours),ours,2000,1,105,500,FE,Tl-208 FE 2614 keV,supported,8522,202,-2.4836125950074477,-9.865870354729442,7.382257759721994
Density-guided CNP (ours),ours,2000,1,106,500,DEP,Tl-208 DEP 1592 keV,supported,828,464,21.01865733799767,23.808212812516306,2.7895554745186346
Density-guided CNP (ours),ours,2000,1,106,500,Bi-212,Bi-212 1620.74-keV feature,supported,790,541,-25.547158333138352,-2.6675216720365045,22.87963666110185
Density-guided CNP (ours),ours,2000,1,106,500,SE,Tl-208 SE 2103 keV,supported,1356,657,-28.4731482603952,-22.37912104945703,6.094027210938169
Density-guided CNP (ours),ours,2000,1,106,500,FE,Tl-208 FE 2614 keV,supported,8522,202,-2.4836125950074477,-10.810962410266848,8.3273498152594
Density-guided CNP (ours),ours,2000,1,107,500,DEP,Tl-208 DEP 1592 keV,supported,828,464,21.01865733799767,23.600060275030067,2.5814029370323954
Density-guided CNP (ours),ours,2000,1,107,500,Bi-212,Bi-212 1620.74-keV feature,supported,790,541,-25.547158333138352,-0.13591380062035752,25.411244532517998
Density-guided CNP (ours),ours,2000,1,107,500,SE,Tl-208 SE 2103 keV,supported,1356,657,-28.4731482603952,-22.26118587715661,6.211962383238586
Density-guided CNP (ours),ours,2000,1,107,500,FE,Tl-208 FE 2614 keV,supported,8522,202,-2.4836125950074477,-11.26741996814405,8.783807373136602
Density-guided CNP (ours),ours,2000,1,108,500,DEP,Tl-208 DEP 1592 keV,supported,828,464,21.01865733799767,23.76348569907103,2.7448283610733593
Density-guided CNP (ours),ours,2000,1,108,500,Bi-212,Bi-212 1620.74-keV feature,supported,790,541,-25.547158333138352,-2.015046760835876,23.532111572302476
Density-guided CNP (ours),ours,2000,1,108,500,SE,Tl-208 SE 2103 keV,supported,1356,657,-28.4731482603952,-22.28256140223894,6.190586858156258
Density-guided CNP (ours),ours,2000,1,108,500,FE,Tl-208 FE 2614 keV,supported,8522,202,-2.4836125950074477,-11.583186801657451,9.099574206650002
Density-guided CNP (ours),ours,2000,1,109,500,DEP,Tl-208 DEP 1592 keV,supported,828,464,21.01865733799767,23.8356869300277,2.8170295920300292
Density-guided CNP (ours),ours,2000,1,109,500,Bi-212,Bi-212 1620.74-keV feature,supported,790,541,-25.547158333138352,-2.9444565666753797,22.602701766462975
Density-guided CNP (ours),ours,2000,1,109,500,SE,Tl-208 SE 2103 keV,supported,1356,657,-28.4731482603952,-22.356810915382194,6.116337345013004
Density-guided CNP (ours),ours,2000,1,109,500,FE,Tl-208 FE 2614 keV,supported,8522,202,-2.4836125950074477,-10.424682687457654,7.941070092450206
Density-guided CNP (ours),ours,2000,2,100,500,DEP,Tl-208 DEP 1592 keV,supported,828,464,21.01865733799767,19.353886226155193,1.664771111842478
Density-guided CNP (ours),ours,2000,2,100,500,Bi-212,Bi-212 1620.74-keV feature,supported,790,541,-25.547158333138352,-18.812138849040256,6.735019484098098
Density-guided CNP (ours),ours,2000,2,100,500,SE,Tl-208 SE 2103 keV,supported,1356,657,-28.4731482603952,-22.99104656881887,5.482101691576327
Density-guided CNP (ours),ours,2000,2,100,500,FE,Tl-208 FE 2614 keV,supported,8522,202,-2.4836125950074477,-13.21539812145183,10.731785526444382
Density-guided CNP (ours),ours,2000,2,101,500,DEP,Tl-208 DEP 1592 keV,supported,828,464,21.01865733799767,19.11415503960766,1.9045022983900095
Density-guided CNP (ours),ours,2000,2,101,500,Bi-212,Bi-212 1620.74-keV feature,supported,790,541,-25.547158333138352,-12.662688769194263,12.88446956394409
Density-guided CNP (ours),ours,2000,2,101,500,SE,Tl-208 SE 2103 keV,supported,1356,657,-28.4731482603952,-22.86713561768204,5.606012642713157
Density-guided CNP (ours),ours,2000,2,101,500,FE,Tl-208 FE 2614 keV,supported,8522,202,-2.4836125950074477,-12.135423465190998,9.65181087018355
Density-guided CNP (ours),ours,2000,2,102,500,DEP,Tl-208 DEP 1592 keV,supported,828,464,21.01865733799767,19.19103865817007,1.8276186798276028
Density-guided CNP (ours),ours,2000,2,102,500,Bi-212,Bi-212 1620.74-keV feature,supported,790,541,-25.547158333138352,-16.069213746002113,9.477944587136239
Density-guided CNP (ours),ours,2000,2,102,500,SE,Tl-208 SE 2103 keV,supported,1356,657,-28.4731482603952,-22.84405910250955,5.629089157885647
Density-guided CNP (ours),ours,2000,2,102,500,FE,Tl-208 FE 2614 keV,supported,8522,202,-2.4836125950074477,-12.895254854870597,10.411642259863148
Density-guided CNP (ours),ours,2000,2,103,500,DEP,Tl-208 DEP 1592 keV,supported,828,464,21.01865733799767,19.30764988614717,1.7110074518504992
Density-guided CNP (ours),ours,2000,2,103,500,Bi-212,Bi-212 1620.74-keV feature,supported,790,541,-25.547158333138352,-18.08950344580519,7.457654887333165
Density-guided CNP (ours),ours,2000,2,103,500,SE,Tl-208 SE 2103 keV,supported,1356,657,-28.4731482603952,-23.090201854027097,5.3829464063681
Density-guided CNP (ours),ours,2000,2,103,500,FE,Tl-208 FE 2614 keV,supported,8522,202,-2.4836125950074477,-13.291964041383913,10.808351446376466
Density-guided CNP (ours),ours,2000,2,104,500,DEP,Tl-208 DEP 1592 keV,supported,828,464,21.01865733799767,19.10736385817784,1.911293479819831
Density-guided CNP (ours),ours,2000,2,104,500,Bi-212,Bi-212 1620.74-keV feature,supported,790,541,-25.547158333138352,-12.47743250172208,13.069725831416273
Density-guided CNP (ours),ours,2000,2,104,500,SE,Tl-208 SE 2103 keV,supported,1356,657,-28.4731482603952,-22.970686693798747,5.50246156659645
Density-guided CNP (ours),ours,2000,2,104,500,FE,Tl-208 FE 2614 keV,supported,8522,202,-2.4836125950074477,-13.209437853510082,10.725825258502633
Density-guided CNP (ours),ours,2000,2,105,500,DEP,Tl-208 DEP 1592 keV,supported,828,464,21.01865733799767,19.20791843184445,1.8107389061532198
Density-guided CNP (ours),ours,2000,2,105,500,Bi-212,Bi-212 1620.74-keV feature,supported,790,541,-25.547158333138352,-16.369768561383957,9.177389771754395
Density-guided CNP (ours),ours,2000,2,105,500,SE,Tl-208 SE 2103 keV,supported,1356,657,-28.4731482603952,-23.01854626341133,5.454601996983868
Density-guided CNP (ours),ours,2000,2,105,500,FE,Tl-208 FE 2614 keV,supported,8522,202,-2.4836125950074477,-13.135622641871178,10.65201004686373
Density-guided CNP (ours),ours,2000,2,106,500,DEP,Tl-208 DEP 1592 keV,supported,828,464,21.01865733799767,19.198485933232444,1.820171404765225
Density-guided CNP (ours),ours,2000,2,106,500,Bi-212,Bi-212 1620.74-keV feature,supported,790,541,-25.547158333138352,-16.033673809213223,9.51348452392513
Density-guided CNP (ours),ours,2000,2,106,500,SE,Tl-208 SE 2103 keV,supported,1356,657,-28.4731482603952,-23.085041070853624,5.388107189541574
Density-guided CNP (ours),ours,2000,2,106,500,FE,Tl-208 FE 2614 keV,supported,8522,202,-2.4836125950074477,-13.312094749385583,10.828482154378136
Density-guided CNP (ours),ours,2000,2,107,500,DEP,Tl-208 DEP 1592 keV,supported,828,464,21.01865733799767,19.094004104078678,1.9246532339189937
Density-guided CNP (ours),ours,2000,2,107,500,Bi-212,Bi-212 1620.74-keV feature,supported,790,541,-25.547158333138352,-12.59843386127859,12.948724471859762
Density-guided CNP (ours),ours,2000,2,107,500,SE,Tl-208 SE 2103 keV,supported,1356,657,-28.4731482603952,-23.015192246938117,5.457956013457083
Density-guided CNP (ours),ours,2000,2,107,500,FE,Tl-208 FE 2614 keV,supported,8522,202,-2.4836125950074477,-13.228076742179088,10.74446414717164
Density-guided CNP (ours),ours,2000,2,108,500,DEP,Tl-208 DEP 1592 keV,supported,828,464,21.01865733799767,19.182612585261605,1.8360447527360657
Density-guided CNP (ours),ours,2000,2,108,500,Bi-212,Bi-212 1620.74-keV feature,supported,790,541,-25.547158333138352,-15.588018609930089,9.959139723208265
Density-guided CNP (ours),ours,2000,2,108,500,SE,Tl-208 SE 2103 keV,supported,1356,657,-28.4731482603952,-23.105316144227405,5.367832116167792
Density-guided CNP (ours),ours,2000,2,108,500,FE,Tl-208 FE 2614 keV,supported,8522,202,-2.4836125950074477,-12.779569062359682,10.295956467352235
Density-guided CNP (ours),ours,2000,2,109,500,DEP,Tl-208 DEP 1592 keV,supported,828,464,21.01865733799767,19.227343701740285,1.7913136362573856
Density-guided CNP (ours),ours,2000,2,109,500,Bi-212,Bi-212 1620.74-keV feature,supported,790,541,-25.547158333138352,-16.625690166301965,8.921468166836387
Density-guided CNP (ours),ours,2000,2,109,500,SE,Tl-208 SE 2103 keV,supported,1356,657,-28.4731482603952,-23.06659889867288,5.406549361722318
Density-guided CNP (ours),ours,2000,2,109,500,FE,Tl-208 FE 2614 keV,supported,8522,202,-2.4836125950074477,-13.241329477048502,10.757716882041054
CNP,m0,5000,0,100,500,DEP,Tl-208 DEP 1592 keV,supported,828,464,21.01865733799767,0.036995478715373675,20.981661859282298
CNP,m0,5000,0,100,500,Bi-212,Bi-212 1620.74-keV feature,supported,790,541,-25.547158333138352,0.04838141521249506,25.59553974835085
CNP,m0,5000,0,100,500,SE,Tl-208 SE 2103 keV,supported,1356,657,-28.4731482603952,0.011642906547210119,28.484791166942408
CNP,m0,5000,0,100,500,FE,Tl-208 FE 2614 keV,supported,8522,202,-2.4836125950074477,-0.48680775161082934,1.9968048433966183
CNP,m0,5000,0,101,500,DEP,Tl-208 DEP 1592 keV,supported,828,464,21.01865733799767,0.03702875675222206,20.98162858124545
CNP,m0,5000,0,101,500,Bi-212,Bi-212 1620.74-keV feature,supported,790,541,-25.547158333138352,0.04770098146174018,25.594859314600093
CNP,m0,5000,0,101,500,SE,Tl-208 SE 2103 keV,supported,1356,657,-28.4731482603952,0.011545722228861743,28.48469398262406
CNP,m0,5000,0,101,500,FE,Tl-208 FE 2614 keV,supported,8522,202,-2.4836125950074477,-0.48857861184962437,1.9950339831578234
CNP,m0,5000,0,102,500,DEP,Tl-208 DEP 1592 keV,supported,828,464,21.01865733799767,0.03721925255091296,20.981438085446758
CNP,m0,5000,0,102,500,Bi-212,Bi-212 1620.74-keV feature,supported,790,541,-25.547158333138352,0.04847982514556426,25.59563815828392
CNP,m0,5000,0,102,500,SE,Tl-208 SE 2103 keV,supported,1356,657,-28.4731482603952,0.011640564046777602,28.484788824441974
CNP,m0,5000,0,102,500,FE,Tl-208 FE 2614 keV,supported,8522,202,-2.4836125950074477,-0.4874862571744243,1.9961263378330236
CNP,m0,5000,0,103,500,DEP,Tl-208 DEP 1592 keV,supported,828,464,21.01865733799767,0.03665073031837718,20.982006607679292
CNP,m0,5000,0,103,500,Bi-212,Bi-212 1620.74-keV feature,supported,790,541,-25.547158333138352,0.045333871517261315,25.592492204655613
CNP,m0,5000,0,103,500,SE,Tl-208 SE 2103 keV,supported,1356,657,-28.4731482603952,0.012289678890797795,28.485437939285994
CNP,m0,5000,0,103,500,FE,Tl-208 FE 2614 keV,supported,8522,202,-2.4836125950074477,-0.4900910792898727,1.9935215157175752
CNP,m0,5000,0,104,500,DEP,Tl-208 DEP 1592 keV,supported,828,464,21.01865733799767,0.03675755721583851,20.98189978078183
CNP,m0,5000,0,104,500,Bi-212,Bi-212 1620.74-keV feature,supported,790,541,-25.547158333138352,0.04634055453185404,25.593498887670208
CNP,m0,5000,0,104,500,SE,Tl-208 SE 2103 keV,supported,1356,657,-28.4731482603952,0.0120451949034317,28.485193455298628
CNP,m0,5000,0,104,500,FE,Tl-208 FE 2614 keV,supported,8522,202,-2.4836125950074477,-0.48823695500254394,1.9953756400049039
CNP,m0,5000,0,105,500,DEP,Tl-208 DEP 1592 keV,supported,828,464,21.01865733799767,0.036623757800469114,20.9820335801972
CNP,m0,5000,0,105,500,Bi-212,Bi-212 1620.74-keV feature,supported,790,541,-25.547158333138352,0.046406879286498004,25.593565212424853
CNP,m0,5000,0,105,500,SE,Tl-208 SE 2103 keV,supported,1356,657,-28.4731482603952,0.012357151071107353,28.485505411466306
CNP,m0,5000,0,105,500,FE,Tl-208 FE 2614 keV,supported,8522,202,-2.4836125950074477,-0.48840275713416814,1.9952098378732797
CNP,m0,5000,0,106,500,DEP,Tl-208 DEP 1592 keV,supported,828,464,21.01865733799767,0.0370984917601902,20.98155884623748
CNP,m0,5000,0,106,500,Bi-212,Bi-212 1620.74-keV feature,supported,790,541,-25.547158333138352,0.04729587564193949,25.59445420878029
CNP,m0,5000,0,106,500,SE,Tl-208 SE 2103 keV,supported,1356,657,-28.4731482603952,0.011715475074969284,28.484863735470167
CNP,m0,5000,0,106,500,FE,Tl-208 FE 2614 keV,supported,8522,202,-2.4836125950074477,-0.4885015300269191,1.9951110649805286
CNP,m0,5000,0,107,500,DEP,Tl-208 DEP 1592 keV,supported,828,464,21.01865733799767,0.03678430195982463,20.981873036037847
CNP,m0,5000,0,107,500,Bi-212,Bi-212 1620.74-keV feature,supported,790,541,-25.547158333138352,0.04575789999710089,25.592916233135455
CNP,m0,5000,0,107,500,SE,Tl-208 SE 2103 keV,supported,1356,657,-28.4731482603952,0.012186536760794286,28.485334797155993
CNP,m0,5000,0,107,500,FE,Tl-208 FE 2614 keV,supported,8522,202,-2.4836125950074477,-0.4897396707598173,1.9938729242476305
CNP,m0,5000,0,108,500,DEP,Tl-208 DEP 1592 keV,supported,828,464,21.01865733799767,0.0363689821375357,20.982288355860135
CNP,m0,5000,0,108,500,Bi-212,Bi-212 1620.74-keV feature,supported,790,541,-25.547158333138352,0.04519851357096538,25.59235684670932
CNP,m0,5000,0,108,500,SE,Tl-208 SE 2103 keV,supported,1356,657,-28.4731482603952,0.012231671670742683,28.48537993206594
CNP,m0,5000,0,108,500,FE,Tl-208 FE 2614 keV,supported,8522,202,-2.4836125950074477,-0.4927468999583129,1.990865695049135
CNP,m0,5000,0,109,500,DEP,Tl-208 DEP 1592 keV,supported,828,464,21.01865733799767,0.03704126025750876,20.981616077740163
CNP,m0,5000,0,109,500,Bi-212,Bi-212 1620.74-keV feature,supported,790,541,-25.547158333138352,0.0480136264670028,25.595171959605356
CNP,m0,5000,0,109,500,SE,Tl-208 SE 2103 keV,supported,1356,657,-28.4731482603952,0.012009233322823887,28.48515749371802
CNP,m0,5000,0,109,500,FE,Tl-208 FE 2614 keV,supported,8522,202,-2.4836125950074477,-0.4853185493010864,1.9982940457063614
CNP,m0,5000,1,100,500,DEP,Tl-208 DEP 1592 keV,supported,828,464,21.01865733799767,-0.021215699924004294,21.039873037921673
CNP,m0,5000,1,100,500,Bi-212,Bi-212 1620.74-keV feature,supported,790,541,-25.547158333138352,0.017137231517649898,25.564295564656003
CNP,m0,5000,1,100,500,SE,Tl-208 SE 2103 keV,supported,1356,657,-28.4731482603952,-0.018367995515178315,28.45478026488002
CNP,m0,5000,1,100,500,FE,Tl-208 FE 2614 keV,supported,8522,202,-2.4836125950074477,-0.6627916048067839,1.820820990200664
CNP,m0,5000,1,101,500,DEP,Tl-208 DEP 1592 keV,supported,828,464,21.01865733799767,-0.021292349722967785,21.03994968772064
CNP,m0,5000,1,101,500,Bi-212,Bi-212 1620.74-keV feature,supported,790,541,-25.547158333138352,0.01784868041442289,25.565007013552776
CNP,m0,5000,1,101,500,SE,Tl-208 SE 2103 keV,supported,1356,657,-28.4731482603952,-0.018690697102852205,28.454457563292344
CNP,m0,5000,1,101,500,FE,Tl-208 FE 2614 keV,supported,8522,202,-2.4836125950074477,-0.6781281013744866,1.805484493632961
CNP,m0,5000,1,102,500,DEP,Tl-208 DEP 1592 keV,supported,828,464,21.01865733799767,-0.021435121148472014,21.04009245914614
CNP,m0,5000,1,102,500,Bi-212,Bi-212 1620.74-keV feature,supported,790,541,-25.547158333138352,0.01729097743340402,25.564449310571757
CNP,m0,5000,1,102,500,SE,Tl-208 SE 2103 keV,supported,1356,657,-28.4731482603952,-0.018078617235267602,28.45506964315993
CNP,m0,5000,1,102,500,FE,Tl-208 FE 2614 keV,supported,8522,202,-2.4836125950074477,-0.6655551128015136,1.8180574822059343
CNP,m0,5000,1,103,500,DEP,Tl-208 DEP 1592 keV,supported,828,464,21.01865733799767,-0.0224199942380654,21.041077332235737
CNP,m0,5000,1,103,500,Bi-212,Bi-212 1620.74-keV feature,supported,790,541,-25.547158333138352,0.01660821251708855,25.56376654565544
CNP,m0,5000,1,103,500,SE,Tl-208 SE 2103 keV,supported,1356,657,-28.4731482603952,-0.02050152305366204,28.452646737341535
CNP,m0,5000,1,103,500,FE,Tl-208 FE 2614 keV,supported,8522,202,-2.4836125950074477,-0.7043793492973155,1.7792332457101323
CNP,m0,5000,1,104,500,DEP,Tl-208 DEP 1592 keV,supported,828,464,21.01865733799767,-0.022235426161876237,21.040892764159548
CNP,m0,5000,1,104,500,Bi-212,Bi-212 1620.74-keV feature,supported,790,541,-25.547158333138352,0.016860763390258438,25.56401909652861
CNP,m0,5000,1,104,500,SE,Tl-208 SE 2103 keV,supported,1356,657,-28.4731482603952,-0.01974367096808649,28.453404589427112
CNP,m0,5000,1,104,500,FE,Tl-208 FE 2614 keV,supported,8522,202,-2.4836125950074477,-0.6904943315486439,1.7931182634588039
CNP,m0,5000,1,105,500,DEP,Tl-208 DEP 1592 keV,supported,828,464,21.01865733799767,-0.022743810870540226,21.04140114886821
CNP,m0,5000,1,105,500,Bi-212,Bi-212 1620.74-keV feature,supported,790,541,-25.547158333138352,0.01651521675621881,25.563673549894574
CNP,m0,5000,1,105,500,SE,Tl-208 SE 2103 keV,supported,1356,657,-28.4731482603952,-0.01980153246120553,28.453346727933994
CNP,m0,5000,1,105,500,FE,Tl-208 FE 2614 keV,supported,8522,202,-2.4836125950074477,-0.6908904390377751,1.7927221559696727
CNP,m0,5000,1,106,500,DEP,Tl-208 DEP 1592 keV,supported,828,464,21.01865733799767,-0.02197933283405451,21.040636670831724
CNP,m0,5000,1,106,500,Bi-212,Bi-212 1620.74-keV feature,supported,790,541,-25.547158333138352,0.01706022325950185,25.564218556397854
CNP,m0,5000,1,106,500,SE,Tl-208 SE 2103 keV,supported,1356,657,-28.4731482603952,-0.019057817464585014,28.454090442930614
CNP,m0,5000,1,106,500,FE,Tl-208 FE 2614 keV,supported,8522,202,-2.4836125950074477,-0.6845907363854209,1.799021858622027
CNP,m0,5000,1,107,500,DEP,Tl-208 DEP 1592 keV,supported,828,464,21.01865733799767,-0.022504200609363423,21.041161538607035
CNP,m0,5000,1,107,500,Bi-212,Bi-212 1620.74-keV feature,supported,790,541,-25.547158333138352,0.016685094668167366,25.56384342780652
CNP,m0,5000,1,107,500,SE,Tl-208 SE 2103 keV,supported,1356,657,-28.4731482603952,-0.01994257642742303,28.453205683967774
CNP,m0,5000,1,107,500,FE,Tl-208 FE 2614 keV,supported,8522,202,-2.4836125950074477,-0.6992929505081819,1.784319644499266
CNP,m0,5000,1,108,500,DEP,Tl-208 DEP 1592 keV,supported,828,464,21.01865733799767,-0.02210820519339407,21.040765543191064
CNP,m0,5000,1,108,500,Bi-212,Bi-212 1620.74-keV feature,supported,790,541,-25.547158333138352,0.01668746842163893,25.563845801559992
CNP,m0,5000,1,108,500,SE,Tl-208 SE 2103 keV,supported,1356,657,-28.4731482603952,-0.02036505244513709,28.452783207950063
CNP,m0,5000,1,108,500,FE,Tl-208 FE 2614 keV,supported,8522,202,-2.4836125950074477,-0.7067523760867223,1.7768602189207257
CNP,m0,5000,1,109,500,DEP,Tl-208 DEP 1592 keV,supported,828,464,21.01865733799767,-0.022190448548309316,21.04084778654598
CNP,m0,5000,1,109,500,Bi-212,Bi-212 1620.74-keV feature,supported,790,541,-25.547158333138352,0.017218274411956447,25.564376607550308
CNP,m0,5000,1,109,500,SE,Tl-208 SE 2103 keV,supported,1356,657,-28.4731482603952,-0.01894427484633865,28.454203985548858
CNP,m0,5000,1,109,500,FE,Tl-208 FE 2614 keV,supported,8522,202,-2.4836125950074477,-0.6735074693218379,1.81010512568561
CNP,m0,5000,2,100,500,DEP,Tl-208 DEP 1592 keV,supported,828,464,21.01865733799767,0.023546139543817457,20.995111198453852
CNP,m0,5000,2,100,500,Bi-212,Bi-212 1620.74-keV feature,supported,790,541,-25.547158333138352,0.013761530780265208,25.56091986391862
CNP,m0,5000,2,100,500,SE,Tl-208 SE 2103 keV,supported,1356,657,-28.4731482603952,0.0014452282655175175,28.474593488660716
CNP,m0,5000,2,100,500,FE,Tl-208 FE 2614 keV,supported,8522,202,-2.4836125950074477,-0.7109460367899667,1.7726665582174812
CNP,m0,5000,2,101,500,DEP,Tl-208 DEP 1592 keV,supported,828,464,21.01865733799767,0.02355033951042529,20.995106998487245
CNP,m0,5000,2,101,500,Bi-212,Bi-212 1620.74-keV feature,supported,790,541,-25.547158333138352,0.013676672335605211,25.560835005473958
CNP,m0,5000,2,101,500,SE,Tl-208 SE 2103 keV,supported,1356,657,-28.4731482603952,0.0014428346188921637,28.47459109501409
CNP,m0,5000,2,101,500,FE,Tl-208 FE 2614 keV,supported,8522,202,-2.4836125950074477,-0.7107317381579548,1.772880856849493
CNP,m0,5000,2,102,500,DEP,Tl-208 DEP 1592 keV,supported,828,464,21.01865733799767,0.024076853260857067,20.994580484736815
CNP,m0,5000,2,102,500,Bi-212,Bi-212 1620.74-keV feature,supported,790,541,-25.547158333138352,0.013711822446571542,25.560870155584926
CNP,m0,5000,2,102,500,SE,Tl-208 SE 2103 keV,supported,1356,657,-28.4731482603952,0.0014470826884549481,28.474595343083653
CNP,m0,5000,2,102,500,FE,Tl-208 FE 2614 keV,supported,8522,202,-2.4836125950074477,-0.7105400621357005,1.7730725328717472
CNP,m0,5000,2,103,500,DEP,Tl-208 DEP 1592 keV,supported,828,464,21.01865733799767,0.021868169848227037,20.996789168149444
CNP,m0,5000,2,103,500,Bi-212,Bi-212 1620.74-keV feature,supported,790,541,-25.547158333138352,0.015264891902855293,25.562423225041208
CNP,m0,5000,2,103,500,SE,Tl-208 SE 2103 keV,supported,1356,657,-28.4731482603952,0.001980807047385902,28.475129067442584
CNP,m0,5000,2,103,500,FE,Tl-208 FE 2614 keV,supported,8522,202,-2.4836125950074477,-0.7037710419509235,1.7798415530565244
CNP,m0,5000,2,104,500,DEP,Tl-208 DEP 1592 keV,supported,828,464,21.01865733799767,0.0225203050045808,20.99613703299309
CNP,m0,5000,2,104,500,Bi-212,Bi-212 1620.74-keV feature,supported,790,541,-25.547158333138352,0.0144805793360403,25.561638912474393
CNP,m0,5000,2,104,500,SE,Tl-208 SE 2103 keV,supported,1356,657,-28.4731482603952,0.001618296696981325,28.47476655709218
CNP,m0,5000,2,104,500,FE,Tl-208 FE 2614 keV,supported,8522,202,-2.4836125950074477,-0.7040949731674462,1.7795176218400015
CNP,m0,5000,2,105,500,DEP,Tl-208 DEP 1592 keV,supported,828,464,21.01865733799767,0.022070508499305586,20.996586829498366
CNP,m0,5000,2,105,500,Bi-212,Bi-212 1620.74-keV feature,supported,790,541,-25.547158333138352,0.014659092433910725,25.561817425572265
CNP,m0,5000,2,105,500,SE,Tl-208 SE 2103 keV,supported,1356,657,-28.4731482603952,0.002258082215833568,28.47540634261103
CNP,m0,5000,2,105,500,FE,Tl-208 FE 2614 keV,supported,8522,202,-2.4836125950074477,-0.7019394091159981,1.7816731858914499
CNP,m0,5000,2,106,500,DEP,Tl-208 DEP 1592 keV,supported,828,464,21.01865733799767,0.022937856362015285,20.995719481635653
CNP,m0,5000,2,106,500,Bi-212,Bi-212 1620.74-keV feature,supported,790,541,-25.547158333138352,0.014168879430409564,25.561327212568763
CNP,m0,5000,2,106,500,SE,Tl-208 SE 2103 keV,supported,1356,657,-28.4731482603952,0.001453485042868241,28.474601745438065
CNP,m0,5000,2,106,500,FE,Tl-208 FE 2614 keV,supported,8522,202,-2.4836125950074477,-0.7073455743676682,1.7762670206397795
CNP,m0,5000,2,107,500,DEP,Tl-208 DEP 1592 keV,supported,828,464,21.01865733799767,0.021997944854157403,20.996659393143513
CNP,m0,5000,2,107,500,Bi-212,Bi-212 1620.74-keV feature,supported,790,541,-25.547158333138352,0.014941657012357279,25.56209999015071
CNP,m0,5000,2,107,500,SE,Tl-208 SE 2103 keV,supported,1356,657,-28.4731482603952,0.0020354608012751463,28.475183721196473
CNP,m0,5000,2,107,500,FE,Tl-208 FE 2614 keV,supported,8522,202,-2.4836125950074477,-0.7025266527208807,1.781085942286567
CNP,m0,5000,2,108,500,DEP,Tl-208 DEP 1592 keV,supported,828,464,21.01865733799767,0.02206827904926989,20.996589058948402
CNP,m0,5000,2,108,500,Bi-212,Bi-212 1620.74-keV feature,supported,790,541,-25.547158333138352,0.014900869095235691,25.562059202233588
CNP,m0,5000,2,108,500,SE,Tl-208 SE 2103 keV,supported,1356,657,-28.4731482603952,0.001912224305755661,28.475060484700954
CNP,m0,5000,2,108,500,FE,Tl-208 FE 2614 keV,supported,8522,202,-2.4836125950074477,-0.7052936922422703,1.7783189027651773
CNP,m0,5000,2,109,500,DEP,Tl-208 DEP 1592 keV,supported,828,464,21.01865733799767,0.023471158151133764,20.995186179846538
CNP,m0,5000,2,109,500,Bi-212,Bi-212 1620.74-keV feature,supported,790,541,-25.547158333138352,0.01390759069136438,25.561065923829716
CNP,m0,5000,2,109,500,SE,Tl-208 SE 2103 keV,supported,1356,657,-28.4731482603952,0.0018473296712895326,28.474995590066488
CNP,m0,5000,2,109,500,FE,Tl-208 FE 2614 keV,supported,8522,202,-2.4836125950074477,-0.7048785752836129,1.778734019723835
Attentive CNP,m1,5000,0,100,500,DEP,Tl-208 DEP 1592 keV,supported,828,464,21.01865733799767,-0.02292201324352039,21.04157935124119
Attentive CNP,m1,5000,0,100,500,Bi-212,Bi-212 1620.74-keV feature,supported,790,541,-25.547158333138352,-0.0194428961933113,25.52771543694504
Attentive CNP,m1,5000,0,100,500,SE,Tl-208 SE 2103 keV,supported,1356,657,-28.4731482603952,-0.00143044746270804,28.47171781293249
Attentive CNP,m1,5000,0,100,500,FE,Tl-208 FE 2614 keV,supported,8522,202,-2.4836125950074477,-0.5742136735183118,1.909398921489136
Attentive CNP,m1,5000,0,101,500,DEP,Tl-208 DEP 1592 keV,supported,828,464,21.01865733799767,-0.022080858596262853,21.040738196593935
Attentive CNP,m1,5000,0,101,500,Bi-212,Bi-212 1620.74-keV feature,supported,790,541,-25.547158333138352,-0.022374971490479734,25.524783361647874
Attentive CNP,m1,5000,0,101,500,SE,Tl-208 SE 2103 keV,supported,1356,657,-28.4731482603952,-0.0047828170401886805,28.468365443355008
Attentive CNP,m1,5000,0,101,500,FE,Tl-208 FE 2614 keV,supported,8522,202,-2.4836125950074477,-0.5693068438607285,1.9143057511467192
Attentive CNP,m1,5000,0,102,500,DEP,Tl-208 DEP 1592 keV,supported,828,464,21.01865733799767,-0.025294582852686265,21.043951920850358
Attentive CNP,m1,5000,0,102,500,Bi-212,Bi-212 1620.74-keV feature,supported,790,541,-25.547158333138352,-0.02033383318977844,25.526824499948574
Attentive CNP,m1,5000,0,102,500,SE,Tl-208 SE 2103 keV,supported,1356,657,-28.4731482603952,-0.0050214069576504095,28.468126853437546
Attentive CNP,m1,5000,0,102,500,FE,Tl-208 FE 2614 keV,supported,8522,202,-2.4836125950074477,-0.5693538165884388,1.914258778419009
Attentive CNP,m1,5000,0,103,500,DEP,Tl-208 DEP 1592 keV,supported,828,464,21.01865733799767,-0.023508466620081325,21.042165804617753
Attentive CNP,m1,5000,0,103,500,Bi-212,Bi-212 1620.74-keV feature,supported,790,541,-25.547158333138352,-0.020912866027011923,25.52624546711134
Attentive CNP,m1,5000,0,103,500,SE,Tl-208 SE 2103 keV,supported,1356,657,-28.4731482603952,-0.00018485742668827854,28.47296340296851
Attentive CNP,m1,5000,0,103,500,FE,Tl-208 FE 2614 keV,supported,8522,202,-2.4836125950074477,-0.5729579926709416,1.910654602336506
Attentive CNP,m1,5000,0,104,500,DEP,Tl-208 DEP 1592 keV,supported,828,464,21.01865733799767,-0.023403075392269823,21.04206041338994
Attentive CNP,m1,5000,0,104,500,Bi-212,Bi-212 1620.74-keV feature,supported,790,541,-25.547158333138352,-0.020240730069820412,25.526917603068533
Attentive CNP,m1,5000,0,104,500,SE,Tl-208 SE 2103 keV,supported,1356,657,-28.4731482603952,-0.0019383874798162282,28.47120987291538
Attentive CNP,m1,5000,0,104,500,FE,Tl-208 FE 2614 keV,supported,8522,202,-2.4836125950074477,-0.5730946000628456,1.9105179949446023
Attentive CNP,m1,5000,0,105,500,DEP,Tl-208 DEP 1592 keV,supported,828,464,21.01865733799767,-0.024711295328117,21.043368633325787
Attentive CNP,m1,5000,0,105,500,Bi-212,Bi-212 1620.74-keV feature,supported,790,541,-25.547158333138352,-0.020971949730885786,25.526186383407467
Attentive CNP,m1,5000,0,105,500,SE,Tl-208 SE 2103 keV,supported,1356,657,-28.4731482603952,-0.00015952882424508097,28.472988731570954
Attentive CNP,m1,5000,0,105,500,FE,Tl-208 FE 2614 keV,supported,8522,202,-2.4836125950074477,-0.5731822105717405,1.9104303844357073
Attentive CNP,m1,5000,0,106,500,DEP,Tl-208 DEP 1592 keV,supported,828,464,21.01865733799767,-0.025433060946611352,21.04409039894428
Attentive CNP,m1,5000,0,106,500,Bi-212,Bi-212 1620.74-keV feature,supported,790,541,-25.547158333138352,-0.019245383386579107,25.527912949751773
Attentive CNP,m1,5000,0,106,500,SE,Tl-208 SE 2103 keV,supported,1356,657,-28.4731482603952,-0.0010198835443619991,28.472128376850836
Attentive CNP,m1,5000,0,106,500,FE,Tl-208 FE 2614 keV,supported,8522,202,-2.4836125950074477,-0.5690743536458626,1.9145382413615852
Attentive CNP,m1,5000,0,107,500,DEP,Tl-208 DEP 1592 keV,supported,828,464,21.01865733799767,-0.025667944745244586,21.044325282742914
Attentive CNP,m1,5000,0,107,500,Bi-212,Bi-212 1620.74-keV feature,supported,790,541,-25.547158333138352,-0.020532427082298188,25.526625906056054
Attentive CNP,m1,5000,0,107,500,SE,Tl-208 SE 2103 keV,supported,1356,657,-28.4731482603952,-0.000527144768580623,28.472621115626616
Attentive CNP,m1,5000,0,107,500,FE,Tl-208 FE 2614 keV,supported,8522,202,-2.4836125950074477,-0.5730229863561059,1.9105896086513419
Attentive CNP,m1,5000,0,108,500,DEP,Tl-208 DEP 1592 keV,supported,828,464,21.01865733799767,-0.0244002585643166,21.043057596561987
Attentive CNP,m1,5000,0,108,500,Bi-212,Bi-212 1620.74-keV feature,supported,790,541,-25.547158333138352,-0.02171943307665014,25.525438900061705
Attentive CNP,m1,5000,0,108,500,SE,Tl-208 SE 2103 keV,supported,1356,657,-28.4731482603952,-0.0019580930282037112,28.471190167366995
Attentive CNP,m1,5000,0,108,500,FE,Tl-208 FE 2614 keV,supported,8522,202,-2.4836125950074477,-0.5713530679983037,1.912259527009144
Attentive CNP,m1,5000,0,109,500,DEP,Tl-208 DEP 1592 keV,supported,828,464,21.01865733799767,-0.025588066235382456,21.044245404233052
Attentive CNP,m1,5000,0,109,500,Bi-212,Bi-212 1620.74-keV feature,supported,790,541,-25.547158333138352,-0.018758130600016187,25.528400202538336
Attentive CNP,m1,5000,0,109,500,SE,Tl-208 SE 2103 keV,supported,1356,657,-28.4731482603952,-0.0018952978284525468,28.471252962566744
Attentive CNP,m1,5000,0,109,500,FE,Tl-208 FE 2614 keV,supported,8522,202,-2.4836125950074477,-0.5722531459896318,1.9113594490178158
Attentive CNP,m1,5000,1,100,500,DEP,Tl-208 DEP 1592 keV,supported,828,464,21.01865733799767,0.006593924195108514,21.01206341380256
Attentive CNP,m1,5000,1,100,500,Bi-212,Bi-212 1620.74-keV feature,supported,790,541,-25.547158333138352,0.014974572607695524,25.562132905746047
Attentive CNP,m1,5000,1,100,500,SE,Tl-208 SE 2103 keV,supported,1356,657,-28.4731482603952,0.00167262748800856,28.474820887883208
Attentive CNP,m1,5000,1,100,500,FE,Tl-208 FE 2614 keV,supported,8522,202,-2.4836125950074477,-0.6625806904735992,1.8210319045338486
Attentive CNP,m1,5000,1,101,500,DEP,Tl-208 DEP 1592 keV,supported,828,464,21.01865733799767,0.007260187435786936,21.011397150561884
Attentive CNP,m1,5000,1,101,500,Bi-212,Bi-212 1620.74-keV feature,supported,790,541,-25.547158333138352,0.015653326679343493,25.562811659817697
Attentive CNP,m1,5000,1,101,500,SE,Tl-208 SE 2103 keV,supported,1356,657,-28.4731482603952,4.481473708795036e-06,28.47315274186891
Attentive CNP,m1,5000,1,101,500,FE,Tl-208 FE 2614 keV,supported,8522,202,-2.4836125950074477,-0.6603487663366381,1.8232638286708096
Attentive CNP,m1,5000,1,102,500,DEP,Tl-208 DEP 1592 keV,supported,828,464,21.01865733799767,0.007558982113731183,21.011098355883938
Attentive CNP,m1,5000,1,102,500,Bi-212,Bi-212 1620.74-keV feature,supported,790,541,-25.547158333138352,0.013547513392175858,25.560705846530528
Attentive CNP,m1,5000,1,102,500,SE,Tl-208 SE 2103 keV,supported,1356,657,-28.4731482603952,-0.0005503891200520084,28.472597871275145
Attentive CNP,m1,5000,1,102,500,FE,Tl-208 FE 2614 keV,supported,8522,202,-2.4836125950074477,-0.6599975325530333,1.8236150624544145
Attentive CNP,m1,5000,1,103,500,DEP,Tl-208 DEP 1592 keV,supported,828,464,21.01865733799767,0.006411083267277018,21.012246254730393
Attentive CNP,m1,5000,1,103,500,Bi-212,Bi-212 1620.74-keV feature,supported,790,541,-25.547158333138352,0.013187511469903157,25.560345844608257
Attentive CNP,m1,5000,1,103,500,SE,Tl-208 SE 2103 keV,supported,1356,657,-28.4731482603952,0.002182478378875974,28.475330738774073
Attentive CNP,m1,5000,1,103,500,FE,Tl-208 FE 2614 keV,supported,8522,202,-2.4836125950074477,-0.6497854933196212,1.8338271016878265
Attentive CNP,m1,5000,1,104,500,DEP,Tl-208 DEP 1592 keV,supported,828,464,21.01865733799767,0.006978655227463104,21.011678682770206
Attentive CNP,m1,5000,1,104,500,Bi-212,Bi-212 1620.74-keV feature,supported,790,541,-25.547158333138352,0.013839510508906194,25.56099784364726
Attentive CNP,m1,5000,1,104,500,SE,Tl-208 SE 2103 keV,supported,1356,657,-28.4731482603952,0.000397867802437446,28.473546128197636
Attentive CNP,m1,5000,1,104,500,FE,Tl-208 FE 2614 keV,supported,8522,202,-2.4836125950074477,-0.6613332154811108,1.822279379526337
Attentive CNP,m1,5000,1,105,500,DEP,Tl-208 DEP 1592 keV,supported,828,464,21.01865733799767,0.00619381382273021,21.01246352417494
Attentive CNP,m1,5000,1,105,500,Bi-212,Bi-212 1620.74-keV feature,supported,790,541,-25.547158333138352,0.011528244070635463,25.558686577208988
Attentive CNP,m1,5000,1,105,500,SE,Tl-208 SE 2103 keV,supported,1356,657,-28.4731482603952,0.0025040094826567216,28.475652269877855
Attentive CNP,m1,5000,1,105,500,FE,Tl-208 FE 2614 keV,supported,8522,202,-2.4836125950074477,-0.6558668924092348,1.8277457025982131
Attentive CNP,m1,5000,1,106,500,DEP,Tl-208 DEP 1592 keV,supported,828,464,21.01865733799767,0.006600962932845622,21.012056375064823
Attentive CNP,m1,5000,1,106,500,Bi-212,Bi-212 1620.74-keV feature,supported,790,541,-25.547158333138352,0.013659391626696937,25.56081772476505
Attentive CNP,m1,5000,1,106,500,SE,Tl-208 SE 2103 keV,supported,1356,657,-28.4731482603952,0.001829639238964953,28.474977899634162
Attentive CNP,m1,5000,1,106,500,FE,Tl-208 FE 2614 keV,supported,8522,202,-2.4836125950074477,-0.659142595391049,1.8244699996163987
Attentive CNP,m1,5000,1,107,500,DEP,Tl-208 DEP 1592 keV,supported,828,464,21.01865733799767,0.005541139988041177,21.01311619800963
Attentive CNP,m1,5000,1,107,500,Bi-212,Bi-212 1620.74-keV feature,supported,790,541,-25.547158333138352,0.012021398861306043,25.55917973199966
Attentive CNP,m1,5000,1,107,500,SE,Tl-208 SE 2103 keV,supported,1356,657,-28.4731482603952,0.0016373097942723458,28.47478557018947
Attentive CNP,m1,5000,1,107,500,FE,Tl-208 FE 2614 keV,supported,8522,202,-2.4836125950074477,-0.6593501618834541,1.8242624331239936
Attentive CNP,m1,5000,1,108,500,DEP,Tl-208 DEP 1592 keV,supported,828,464,21.01865733799767,0.005885184393283893,21.012772153604388
Attentive CNP,m1,5000,1,108,500,Bi-212,Bi-212 1620.74-keV feature,supported,790,541,-25.547158333138352,0.012160060268029405,25.559318393406382
Attentive CNP,m1,5000,1,108,500,SE,Tl-208 SE 2103 keV,supported,1356,657,-28.4731482603952,0.0009261652709091628,28.474074425666107
Attentive CNP,m1,5000,1,108,500,FE,Tl-208 FE 2614 keV,supported,8522,202,-2.4836125950074477,-0.6655441342919677,1.8180684607154802
Attentive CNP,m1,5000,1,109,500,DEP,Tl-208 DEP 1592 keV,supported,828,464,21.01865733799767,0.006370171096581334,21.01228716690109
Attentive CNP,m1,5000,1,109,500,Bi-212,Bi-212 1620.74-keV feature,supported,790,541,-25.547158333138352,0.013256525890703585,25.560414859029056
Attentive CNP,m1,5000,1,109,500,SE,Tl-208 SE 2103 keV,supported,1356,657,-28.4731482603952,0.0012431279822588959,28.474391388377455
Attentive CNP,m1,5000,1,109,500,FE,Tl-208 FE 2614 keV,supported,8522,202,-2.4836125950074477,-0.6562979715097866,1.8273146234976612
Attentive CNP,m1,5000,2,100,500,DEP,Tl-208 DEP 1592 keV,supported,828,464,21.01865733799767,-0.009761931620733133,21.028419269618404
Attentive CNP,m1,5000,2,100,500,Bi-212,Bi-212 1620.74-keV feature,supported,790,541,-25.547158333138352,-0.02196470659893146,25.525193626539423
Attentive CNP,m1,5000,2,100,500,SE,Tl-208 SE 2103 keV,supported,1356,657,-28.4731482603952,-0.010025911132216514,28.46312234926298
Attentive CNP,m1,5000,2,100,500,FE,Tl-208 FE 2614 keV,supported,8522,202,-2.4836125950074477,-0.5642586806300365,1.9193539143774112
Attentive CNP,m1,5000,2,101,500,DEP,Tl-208 DEP 1592 keV,supported,828,464,21.01865733799767,-0.010020890862227905,21.0286782288599
Attentive CNP,m1,5000,2,101,500,Bi-212,Bi-212 1620.74-keV feature,supported,790,541,-25.547158333138352,-0.02207474561047862,25.525083587527874
Attentive CNP,m1,5000,2,101,500,SE,Tl-208 SE 2103 keV,supported,1356,657,-28.4731482603952,-0.011648807404840422,28.461499452990356
Attentive CNP,m1,5000,2,101,500,FE,Tl-208 FE 2614 keV,supported,8522,202,-2.4836125950074477,-0.5671323222033509,1.916480272804097
Attentive CNP,m1,5000,2,102,500,DEP,Tl-208 DEP 1592 keV,supported,828,464,21.01865733799767,-0.009912619382446142,21.028569957380117
Attentive CNP,m1,5000,2,102,500,Bi-212,Bi-212 1620.74-keV feature,supported,790,541,-25.547158333138352,-0.023199153198349975,25.523959179940004
Attentive CNP,m1,5000,2,102,500,SE,Tl-208 SE 2103 keV,supported,1356,657,-28.4731482603952,-0.010763227148191667,28.462385033247006
Attentive CNP,m1,5000,2,102,500,FE,Tl-208 FE 2614 keV,supported,8522,202,-2.4836125950074477,-0.5669900473274203,1.9166225476800274
Attentive CNP,m1,5000,2,103,500,DEP,Tl-208 DEP 1592 keV,supported,828,464,21.01865733799767,-0.010781264408254998,21.029438602405925
Attentive CNP,m1,5000,2,103,500,Bi-212,Bi-212 1620.74-keV feature,supported,790,541,-25.547158333138352,-0.020538025777439017,25.526620307360915
Attentive CNP,m1,5000,2,103,500,SE,Tl-208 SE 2103 keV,supported,1356,657,-28.4731482603952,-0.01018525188983821,28.46296300850536
Attentive CNP,m1,5000,2,103,500,FE,Tl-208 FE 2614 keV,supported,8522,202,-2.4836125950074477,-0.5624515864867063,1.9211610085207416
Attentive CNP,m1,5000,2,104,500,DEP,Tl-208 DEP 1592 keV,supported,828,464,21.01865733799767,-0.010036398067281294,21.02869373606495
Attentive CNP,m1,5000,2,104,500,Bi-212,Bi-212 1620.74-keV feature,supported,790,541,-25.547158333138352,-0.02163134896483454,25.525526984173517
Attentive CNP,m1,5000,2,104,500,SE,Tl-208 SE 2103 keV,supported,1356,657,-28.4731482603952,-0.010924265238410058,28.462223995156787
Attentive CNP,m1,5000,2,104,500,FE,Tl-208 FE 2614 keV,supported,8522,202,-2.4836125950074477,-0.5643129354060916,1.9192996596013563
Attentive CNP,m1,5000,2,105,500,DEP,Tl-208 DEP 1592 keV,supported,828,464,21.01865733799767,-0.01031969072069483,21.028977028718366
Attentive CNP,m1,5000,2,105,500,Bi-212,Bi-212 1620.74-keV feature,supported,790,541,-25.547158333138352,-0.023932231738998944,25.523226101399356
Attentive CNP,m1,5000,2,105,500,SE,Tl-208 SE 2103 keV,supported,1356,657,-28.4731482603952,-0.00998954466113755,28.46315871573406
Attentive CNP,m1,5000,2,105,500,FE,Tl-208 FE 2614 keV,supported,8522,202,-2.4836125950074477,-0.5609081515193182,1.9227044434881297
Attentive CNP,m1,5000,2,106,500,DEP,Tl-208 DEP 1592 keV,supported,828,464,21.01865733799767,-0.010721683405390259,21.02937902140306
Attentive CNP,m1,5000,2,106,500,Bi-212,Bi-212 1620.74-keV feature,supported,790,541,-25.547158333138352,-0.020831903230589255,25.526326429907765
Attentive CNP,m1,5000,2,106,500,SE,Tl-208 SE 2103 keV,supported,1356,657,-28.4731482603952,-0.009710695634346234,28.463437564760852
Attentive CNP,m1,5000,2,106,500,FE,Tl-208 FE 2614 keV,supported,8522,202,-2.4836125950074477,-0.5622632679592177,1.92134932704823
Attentive CNP,m1,5000,2,107,500,DEP,Tl-208 DEP 1592 keV,supported,828,464,21.01865733799767,-0.010116459792175458,21.028773797789846
Attentive CNP,m1,5000,2,107,500,Bi-212,Bi-212 1620.74-keV feature,supported,790,541,-25.547158333138352,-0.022545467933632324,25.52461286520472
Attentive CNP,m1,5000,2,107,500,SE,Tl-208 SE 2103 keV,supported,1356,657,-28.4731482603952,-0.010353963531939403,28.462794296863258
Attentive CNP,m1,5000,2,107,500,FE,Tl-208 FE 2614 keV,supported,8522,202,-2.4836125950074477,-0.5633910152525401,1.9202215797549078
Attentive CNP,m1,5000,2,108,500,DEP,Tl-208 DEP 1592 keV,supported,828,464,21.01865733799767,-0.009943898661735062,21.028601236659405
Attentive CNP,m1,5000,2,108,500,Bi-212,Bi-212 1620.74-keV feature,supported,790,541,-25.547158333138352,-0.02147587033692888,25.525682462801424
Attentive CNP,m1,5000,2,108,500,SE,Tl-208 SE 2103 keV,supported,1356,657,-28.4731482603952,-0.01054804950583188,28.462600210889367
Attentive CNP,m1,5000,2,108,500,FE,Tl-208 FE 2614 keV,supported,8522,202,-2.4836125950074477,-0.5647576976272051,1.9188548973802426
Attentive CNP,m1,5000,2,109,500,DEP,Tl-208 DEP 1592 keV,supported,828,464,21.01865733799767,-0.010921650568185282,21.029578988565856
Attentive CNP,m1,5000,2,109,500,Bi-212,Bi-212 1620.74-keV feature,supported,790,541,-25.547158333138352,-0.02250761039390703,25.524650722744447
Attentive CNP,m1,5000,2,109,500,SE,Tl-208 SE 2103 keV,supported,1356,657,-28.4731482603952,-0.010222368605994347,28.462925891789205
Attentive CNP,m1,5000,2,109,500,FE,Tl-208 FE 2614 keV,supported,8522,202,-2.4836125950074477,-0.5634623758357771,1.9201502191716706
Attentive CNP + PE,m2,5000,0,100,500,DEP,Tl-208 DEP 1592 keV,supported,828,464,21.01865733799767,24.72519200904128,3.7065346710436096
Attentive CNP + PE,m2,5000,0,100,500,Bi-212,Bi-212 1620.74-keV feature,supported,790,541,-25.547158333138352,-12.792795517651157,12.754362815487196
Attentive CNP + PE,m2,5000,0,100,500,SE,Tl-208 SE 2103 keV,supported,1356,657,-28.4731482603952,-13.098226051673937,15.374922208721262
Attentive CNP + PE,m2,5000,0,100,500,FE,Tl-208 FE 2614 keV,supported,8522,202,-2.4836125950074477,-8.573386806421093,6.089774211413646
Attentive CNP + PE,m2,5000,0,101,500,DEP,Tl-208 DEP 1592 keV,supported,828,464,21.01865733799767,27.14491386769951,6.12625652970184
Attentive CNP + PE,m2,5000,0,101,500,Bi-212,Bi-212 1620.74-keV feature,supported,790,541,-25.547158333138352,-11.559021375841933,13.98813695729642
Attentive CNP + PE,m2,5000,0,101,500,SE,Tl-208 SE 2103 keV,supported,1356,657,-28.4731482603952,-11.499337048876008,16.97381121151919
Attentive CNP + PE,m2,5000,0,101,500,FE,Tl-208 FE 2614 keV,supported,8522,202,-2.4836125950074477,-7.756538652808814,5.272926057801366
Attentive CNP + PE,m2,5000,0,102,500,DEP,Tl-208 DEP 1592 keV,supported,828,464,21.01865733799767,26.815903155605596,5.7972458176079265
Attentive CNP + PE,m2,5000,0,102,500,Bi-212,Bi-212 1620.74-keV feature,supported,790,541,-25.547158333138352,-11.197630177810908,14.349528155327446
Attentive CNP + PE,m2,5000,0,102,500,SE,Tl-208 SE 2103 keV,supported,1356,657,-28.4731482603952,-11.905294195758644,16.567854064636553
Attentive CNP + PE,m2,5000,0,102,500,FE,Tl-208 FE 2614 keV,supported,8522,202,-2.4836125950074477,-8.06300923830601,5.579396643298562
Attentive CNP + PE,m2,5000,0,103,500,DEP,Tl-208 DEP 1592 keV,supported,828,464,21.01865733799767,26.06014905655632,5.04149171855865
Attentive CNP + PE,m2,5000,0,103,500,Bi-212,Bi-212 1620.74-keV feature,supported,790,541,-25.547158333138352,-12.636082528553722,12.911075804584632
Attentive CNP + PE,m2,5000,0,103,500,SE,Tl-208 SE 2103 keV,supported,1356,657,-28.4731482603952,-12.725630120583789,15.747518139811408
Attentive CNP + PE,m2,5000,0,103,500,FE,Tl-208 FE 2614 keV,supported,8522,202,-2.4836125950074477,-9.071268225437516,6.587655630430067
Attentive CNP + PE,m2,5000,0,104,500,DEP,Tl-208 DEP 1592 keV,supported,828,464,21.01865733799767,26.495647826513995,5.476990488516326
Attentive CNP + PE,m2,5000,0,104,500,Bi-212,Bi-212 1620.74-keV feature,supported,790,541,-25.547158333138352,-12.62664219874346,12.920516134394894
Attentive CNP + PE,m2,5000,0,104,500,SE,Tl-208 SE 2103 keV,supported,1356,657,-28.4731482603952,-12.377999736406617,16.09514852398858
Attentive CNP + PE,m2,5000,0,104,500,FE,Tl-208 FE 2614 keV,supported,8522,202,-2.4836125950074477,-8.692576818663083,6.208964223655636
Attentive CNP + PE,m2,5000,0,105,500,DEP,Tl-208 DEP 1592 keV,supported,828,464,21.01865733799767,25.056453681122214,4.037796343124544
Attentive CNP + PE,m2,5000,0,105,500,Bi-212,Bi-212 1620.74-keV feature,supported,790,541,-25.547158333138352,-13.417051830273891,12.130106502864463
Attentive CNP + PE,m2,5000,0,105,500,SE,Tl-208 SE 2103 keV,supported,1356,657,-28.4731482603952,-13.618450551617842,14.854697708777357
Attentive CNP + PE,m2,5000,0,105,500,FE,Tl-208 FE 2614 keV,supported,8522,202,-2.4836125950074477,-9.19415053112353,6.710537936116082
Attentive CNP + PE,m2,5000,0,106,500,DEP,Tl-208 DEP 1592 keV,supported,828,464,21.01865733799767,26.433915099173316,5.415257761175646
Attentive CNP + PE,m2,5000,0,106,500,Bi-212,Bi-212 1620.74-keV feature,supported,790,541,-25.547158333138352,-12.023224907845215,13.523933425293139
Attentive CNP + PE,m2,5000,0,106,500,SE,Tl-208 SE 2103 keV,supported,1356,657,-28.4731482603952,-11.492139899908413,16.981008360486786
Attentive CNP + PE,m2,5000,0,106,500,FE,Tl-208 FE 2614 keV,supported,8522,202,-2.4836125950074477,-9.043173788211575,6.559561193204128
Attentive CNP + PE,m2,5000,0,107,500,DEP,Tl-208 DEP 1592 keV,supported,828,464,21.01865733799767,25.966711397509602,4.9480540595119304
Attentive CNP + PE,m2,5000,0,107,500,Bi-212,Bi-212 1620.74-keV feature,supported,790,541,-25.547158333138352,-13.152485507009775,12.394672826128577
Attentive CNP + PE,m2,5000,0,107,500,SE,Tl-208 SE 2103 keV,supported,1356,657,-28.4731482603952,-12.554933817205155,15.918214443190044
Attentive CNP + PE,m2,5000,0,107,500,FE,Tl-208 FE 2614 keV,supported,8522,202,-2.4836125950074477,-9.331903884505651,6.848291289498204
Attentive CNP + PE,m2,5000,0,108,500,DEP,Tl-208 DEP 1592 keV,supported,828,464,21.01865733799767,26.27795967120304,5.259302333205368
Attentive CNP + PE,m2,5000,0,108,500,Bi-212,Bi-212 1620.74-keV feature,supported,790,541,-25.547158333138352,-12.58012316529506,12.967035167843294
Attentive CNP + PE,m2,5000,0,108,500,SE,Tl-208 SE 2103 keV,supported,1356,657,-28.4731482603952,-12.288908937175655,16.184239323219543
Attentive CNP + PE,m2,5000,0,108,500,FE,Tl-208 FE 2614 keV,supported,8522,202,-2.4836125950074477,-8.687566637131505,6.2039540421240575
Attentive CNP + PE,m2,5000,0,109,500,DEP,Tl-208 DEP 1592 keV,supported,828,464,21.01865733799767,25.787655236982545,4.768997898984873
Attentive CNP + PE,m2,5000,0,109,500,Bi-212,Bi-212 1620.74-keV feature,supported,790,541,-25.547158333138352,-12.57225864679652,12.974899686341834
Attentive CNP + PE,m2,5000,0,109,500,SE,Tl-208 SE 2103 keV,supported,1356,657,-28.4731482603952,-12.445465555350598,16.027682705044597
Attentive CNP + PE,m2,5000,0,109,500,FE,Tl-208 FE 2614 keV,supported,8522,202,-2.4836125950074477,-9.019609579687407,6.53599698467996
Attentive CNP + PE,m2,5000,1,100,500,DEP,Tl-208 DEP 1592 keV,supported,828,464,21.01865733799767,24.708646684113088,3.6899893461154187
Attentive CNP + PE,m2,5000,1,100,500,Bi-212,Bi-212 1620.74-keV feature,supported,790,541,-25.547158333138352,-10.336053667443345,15.211104665695007
Attentive CNP + PE,m2,5000,1,100,500,SE,Tl-208 SE 2103 keV,supported,1356,657,-28.4731482603952,-9.667640451932701,18.805507808462497
Attentive CNP + PE,m2,5000,1,100,500,FE,Tl-208 FE 2614 keV,supported,8522,202,-2.4836125950074477,-15.766311504601301,13.282698909593854
Attentive CNP + PE,m2,5000,1,101,500,DEP,Tl-208 DEP 1592 keV,supported,828,464,21.01865733799767,25.33488903079818,4.31623169280051
Attentive CNP + PE,m2,5000,1,101,500,Bi-212,Bi-212 1620.74-keV feature,supported,790,541,-25.547158333138352,-10.433179045771151,15.113979287367203
Attentive CNP + PE,m2,5000,1,101,500,SE,Tl-208 SE 2103 keV,supported,1356,657,-28.4731482603952,-9.57744515715951,18.89570310323569
Attentive CNP + PE,m2,5000,1,101,500,FE,Tl-208 FE 2614 keV,supported,8522,202,-2.4836125950074477,-14.801416705389169,12.317804110381722
Attentive CNP + PE,m2,5000,1,102,500,DEP,Tl-208 DEP 1592 keV,supported,828,464,21.01865733799767,25.14165452165652,4.12299718365885
Attentive CNP + PE,m2,5000,1,102,500,Bi-212,Bi-212 1620.74-keV feature,supported,790,541,-25.547158333138352,-10.33033311345592,15.216825219682434
Attentive CNP + PE,m2,5000,1,102,500,SE,Tl-208 SE 2103 keV,supported,1356,657,-28.4731482603952,-9.454775105239172,19.018373155156027
Attentive CNP + PE,m2,5000,1,102,500,FE,Tl-208 FE 2614 keV,supported,8522,202,-2.4836125950074477,-15.066491404626674,12.582878809619228
Attentive CNP + PE,m2,5000,1,103,500,DEP,Tl-208 DEP 1592 keV,supported,828,464,21.01865733799767,25.044217334255038,4.025559996257366
Attentive CNP + PE,m2,5000,1,103,500,Bi-212,Bi-212 1620.74-keV feature,supported,790,541,-25.547158333138352,-10.617484013850865,14.92967431928749
Attentive CNP + PE,m2,5000,1,103,500,SE,Tl-208 SE 2103 keV,supported,1356,657,-28.4731482603952,-9.743733840997246,18.72941441939795
Attentive CNP + PE,m2,5000,1,103,500,FE,Tl-208 FE 2614 keV,supported,8522,202,-2.4836125950074477,-16.267808206381083,13.784195611373635
Attentive CNP + PE,m2,5000,1,104,500,DEP,Tl-208 DEP 1592 keV,supported,828,464,21.01865733799767,24.98533746705418,3.96668012905651
Attentive CNP + PE,m2,5000,1,104,500,Bi-212,Bi-212 1620.74-keV feature,supported,790,541,-25.547158333138352,-10.858885235453315,14.68827309768504
Attentive CNP + PE,m2,5000,1,104,500,SE,Tl-208 SE 2103 keV,supported,1356,657,-28.4731482603952,-9.86119587417192,18.61195238622328
Attentive CNP + PE,m2,5000,1,104,500,FE,Tl-208 FE 2614 keV,supported,8522,202,-2.4836125950074477,-16.19742234392943,13.713809748921982
Attentive CNP + PE,m2,5000,1,105,500,DEP,Tl-208 DEP 1592 keV,supported,828,464,21.01865733799767,24.656947417903254,3.6382900799055817
Attentive CNP + PE,m2,5000,1,105,500,Bi-212,Bi-212 1620.74-keV feature,supported,790,541,-25.547158333138352,-11.00540062229669,14.541757710841663
Attentive CNP + PE,m2,5000,1,105,500,SE,Tl-208 SE 2103 keV,supported,1356,657,-28.4731482603952,-9.915130045380662,18.558018215014535
Attentive CNP + PE,m2,5000,1,105,500,FE,Tl-208 FE 2614 keV,supported,8522,202,-2.4836125950074477,-16.709021169009723,14.225408574002273
Attentive CNP + PE,m2,5000,1,106,500,DEP,Tl-208 DEP 1592 keV,supported,828,464,21.01865733799767,24.86388208740753,3.845224749409859
Attentive CNP + PE,m2,5000,1,106,500,Bi-212,Bi-212 1620.74-keV feature,supported,790,541,-25.547158333138352,-10.878223579386809,14.668934753751545
Attentive CNP + PE,m2,5000,1,106,500,SE,Tl-208 SE 2103 keV,supported,1356,657,-28.4731482603952,-9.663900176308879,18.80924808408632
Attentive CNP + PE,m2,5000,1,106,500,FE,Tl-208 FE 2614 keV,supported,8522,202,-2.4836125950074477,-16.211593128411725,13.727980533404278
Attentive CNP + PE,m2,5000,1,107,500,DEP,Tl-208 DEP 1592 keV,supported,828,464,21.01865733799767,24.937465327917497,3.918807989919826
Attentive CNP + PE,m2,5000,1,107,500,Bi-212,Bi-212 1620.74-keV feature,supported,790,541,-25.547158333138352,-10.628505666148946,14.918652666989408
Attentive CNP + PE,m2,5000,1,107,500,SE,Tl-208 SE 2103 keV,supported,1356,657,-28.4731482603952,-9.72827776633702,18.744870494058176
Attentive CNP + PE,m2,5000,1,107,500,FE,Tl-208 FE 2614 keV,supported,8522,202,-2.4836125950074477,-16.375886793096313,13.892274198088867
Attentive CNP + PE,m2,5000,1,108,500,DEP,Tl-208 DEP 1592 keV,supported,828,464,21.01865733799767,25.117675532778648,4.099018194780979
Attentive CNP + PE,m2,5000,1,108,500,Bi-212,Bi-212 1620.74-keV feature,supported,790,541,-25.547158333138352,-10.669291514333217,14.877866818805135
Attentive CNP + PE,m2,5000,1,108,500,SE,Tl-208 SE 2103 keV,supported,1356,657,-28.4731482603952,-9.832753475763855,18.640394784631344
Attentive CNP + PE,m2,5000,1,108,500,FE,Tl-208 FE 2614 keV,supported,8522,202,-2.4836125950074477,-15.471240680525785,12.987628085518338
Attentive CNP + PE,m2,5000,1,109,500,DEP,Tl-208 DEP 1592 keV,supported,828,464,21.01865733799767,24.821469902931646,3.8028125649339772
Attentive CNP + PE,m2,5000,1,109,500,Bi-212,Bi-212 1620.74-keV feature,supported,790,541,-25.547158333138352,-10.679727106639547,14.867431226498805
Attentive CNP + PE,m2,5000,1,109,500,SE,Tl-208 SE 2103 keV,supported,1356,657,-28.4731482603952,-9.906190423581073,18.566957836814126
Attentive CNP + PE,m2,5000,1,109,500,FE,Tl-208 FE 2614 keV,supported,8522,202,-2.4836125950074477,-16.081096450204406,13.597483855196957
Attentive CNP + PE,m2,5000,2,100,500,DEP,Tl-208 DEP 1592 keV,supported,828,464,21.01865733799767,20.123562074941002,0.8950952630566666
Attentive CNP + PE,m2,5000,2,100,500,Bi-212,Bi-212 1620.74-keV feature,supported,790,541,-25.547158333138352,-9.693836665948135,15.853321667190217
Attentive CNP + PE,m2,5000,2,100,500,SE,Tl-208 SE 2103 keV,supported,1356,657,-28.4731482603952,-11.69068388522244,16.782464375172758
Attentive CNP + PE,m2,5000,2,100,500,FE,Tl-208 FE 2614 keV,supported,8522,202,-2.4836125950074477,-8.657725475207902,6.174112880200456
Attentive CNP + PE,m2,5000,2,101,500,DEP,Tl-208 DEP 1592 keV,supported,828,464,21.01865733799767,19.92524298194568,1.0934143560519916
Attentive CNP + PE,m2,5000,2,101,500,Bi-212,Bi-212 1620.74-keV feature,supported,790,541,-25.547158333138352,-10.018833558406337,15.528324774732017
Attentive CNP + PE,m2,5000,2,101,500,SE,Tl-208 SE 2103 keV,supported,1356,657,-28.4731482603952,-10.82138453354992,17.651763726845278
Attentive CNP + PE,m2,5000,2,101,500,FE,Tl-208 FE 2614 keV,supported,8522,202,-2.4836125950074477,-8.096192874603656,5.612580279596208
Attentive CNP + PE,m2,5000,2,102,500,DEP,Tl-208 DEP 1592 keV,supported,828,464,21.01865733799767,19.961094389498633,1.0575629484990356
Attentive CNP + PE,m2,5000,2,102,500,Bi-212,Bi-212 1620.74-keV feature,supported,790,541,-25.547158333138352,-10.154145663181923,15.39301266995643
Attentive CNP + PE,m2,5000,2,102,500,SE,Tl-208 SE 2103 keV,supported,1356,657,-28.4731482603952,-11.142353185204549,17.33079507519065
Attentive CNP + PE,m2,5000,2,102,500,FE,Tl-208 FE 2614 keV,supported,8522,202,-2.4836125950074477,-8.523517923832205,6.039905328824757
Attentive CNP + PE,m2,5000,2,103,500,DEP,Tl-208 DEP 1592 keV,supported,828,464,21.01865733799767,19.798640516652664,1.2200168213450047
Attentive CNP + PE,m2,5000,2,103,500,Bi-212,Bi-212 1620.74-keV feature,supported,790,541,-25.547158333138352,-10.685912307412176,14.861246025726176
Attentive CNP + PE,m2,5000,2,103,500,SE,Tl-208 SE 2103 keV,supported,1356,657,-28.4731482603952,-10.979665773531494,17.493482486863705
Attentive CNP + PE,m2,5000,2,103,500,FE,Tl-208 FE 2614 keV,supported,8522,202,-2.4836125950074477,-10.10928386218348,7.625671267176032
Attentive CNP + PE,m2,5000,2,104,500,DEP,Tl-208 DEP 1592 keV,supported,828,464,21.01865733799767,19.964422760333388,1.0542345776642814
Attentive CNP + PE,m2,5000,2,104,500,Bi-212,Bi-212 1620.74-keV feature,supported,790,541,-25.547158333138352,-10.318866794730386,15.228291538407968
Attentive CNP + PE,m2,5000,2,104,500,SE,Tl-208 SE 2103 keV,supported,1356,657,-28.4731482603952,-11.32410513730567,17.149043123089527
Attentive CNP + PE,m2,5000,2,104,500,FE,Tl-208 FE 2614 keV,supported,8522,202,-2.4836125950074477,-9.296576808569526,6.812964213562078
Attentive CNP + PE,m2,5000,2,105,500,DEP,Tl-208 DEP 1592 keV,supported,828,464,21.01865733799767,20.152092369674534,0.8665649683231358
Attentive CNP + PE,m2,5000,2,105,500,Bi-212,Bi-212 1620.74-keV feature,supported,790,541,-25.547158333138352,-10.467322513242067,15.079835819896287
Attentive CNP + PE,m2,5000,2,105,500,SE,Tl-208 SE 2103 keV,supported,1356,657,-28.4731482603952,-11.533358426334175,16.939789834061024
Attentive CNP + PE,m2,5000,2,105,500,FE,Tl-208 FE 2614 keV,supported,8522,202,-2.4836125950074477,-10.559177971811696,8.075565376804247
Attentive CNP + PE,m2,5000,2,106,500,DEP,Tl-208 DEP 1592 keV,supported,828,464,21.01865733799767,20.088862229852577,0.9297951081450928
Attentive CNP + PE,m2,5000,2,106,500,Bi-212,Bi-212 1620.74-keV feature,supported,790,541,-25.547158333138352,-10.101260422128716,15.445897911009638
Attentive CNP + PE,m2,5000,2,106,500,SE,Tl-208 SE 2103 keV,supported,1356,657,-28.4731482603952,-10.836799560112514,17.636348700282685
Attentive CNP + PE,m2,5000,2,106,500,FE,Tl-208 FE 2614 keV,supported,8522,202,-2.4836125950074477,-8.844274477620814,6.360661882613367
Attentive CNP + PE,m2,5000,2,107,500,DEP,Tl-208 DEP 1592 keV,supported,828,464,21.01865733799767,19.87003095254497,1.1486263854527001
Attentive CNP + PE,m2,5000,2,107,500,Bi-212,Bi-212 1620.74-keV feature,supported,790,541,-25.547158333138352,-10.166433887337,15.380724445801352
Attentive CNP + PE,m2,5000,2,107,500,SE,Tl-208 SE 2103 keV,supported,1356,657,-28.4731482603952,-11.025761270130396,17.447386990264803
Attentive CNP + PE,m2,5000,2,107,500,FE,Tl-208 FE 2614 keV,supported,8522,202,-2.4836125950074477,-9.671016107721364,7.187403512713916
Attentive CNP + PE,m2,5000,2,108,500,DEP,Tl-208 DEP 1592 keV,supported,828,464,21.01865733799767,19.958818467705118,1.059838870292551
Attentive CNP + PE,m2,5000,2,108,500,Bi-212,Bi-212 1620.74-keV feature,supported,790,541,-25.547158333138352,-10.3689718732987,15.178186459839655
Attentive CNP + PE,m2,5000,2,108,500,SE,Tl-208 SE 2103 keV,supported,1356,657,-28.4731482603952,-10.750648674421823,17.722499585973374
Attentive CNP + PE,m2,5000,2,108,500,FE,Tl-208 FE 2614 keV,supported,8522,202,-2.4836125950074477,-8.876780607084553,6.393168012077105
Attentive CNP + PE,m2,5000,2,109,500,DEP,Tl-208 DEP 1592 keV,supported,828,464,21.01865733799767,20.023330111155634,0.9953272268420355
Attentive CNP + PE,m2,5000,2,109,500,Bi-212,Bi-212 1620.74-keV feature,supported,790,541,-25.547158333138352,-10.108847229991829,15.438311103146523
Attentive CNP + PE,m2,5000,2,109,500,SE,Tl-208 SE 2103 keV,supported,1356,657,-28.4731482603952,-11.172833669999099,17.3003145903961
Attentive CNP + PE,m2,5000,2,109,500,FE,Tl-208 FE 2614 keV,supported,8522,202,-2.4836125950074477,-8.511786629873534,6.028174034866085
Density-guided CNP (ours),ours,5000,0,100,500,DEP,Tl-208 DEP 1592 keV,supported,828,464,21.01865733799767,21.09023683948228,0.07157950148460879
Density-guided CNP (ours),ours,5000,0,100,500,Bi-212,Bi-212 1620.74-keV feature,supported,790,541,-25.547158333138352,-12.383799281217922,13.16335905192043
Density-guided CNP (ours),ours,5000,0,100,500,SE,Tl-208 SE 2103 keV,supported,1356,657,-28.4731482603952,-21.828386658018914,6.644761602376284
Density-guided CNP (ours),ours,5000,0,100,500,FE,Tl-208 FE 2614 keV,supported,8522,202,-2.4836125950074477,-11.408906576022881,8.925293981015434
Density-guided CNP (ours),ours,5000,0,101,500,DEP,Tl-208 DEP 1592 keV,supported,828,464,21.01865733799767,22.75510689215935,1.7364495541616787
Density-guided CNP (ours),ours,5000,0,101,500,Bi-212,Bi-212 1620.74-keV feature,supported,790,541,-25.547158333138352,-11.014210710893218,14.532947622245135
Density-guided CNP (ours),ours,5000,0,101,500,SE,Tl-208 SE 2103 keV,supported,1356,657,-28.4731482603952,-21.655955578672312,6.8171926817228865
Density-guided CNP (ours),ours,5000,0,101,500,FE,Tl-208 FE 2614 keV,supported,8522,202,-2.4836125950074477,-11.152412464379543,8.668799869372096
Density-guided CNP (ours),ours,5000,0,102,500,DEP,Tl-208 DEP 1592 keV,supported,828,464,21.01865733799767,21.64889324486553,0.6302359068678598
Density-guided CNP (ours),ours,5000,0,102,500,Bi-212,Bi-212 1620.74-keV feature,supported,790,541,-25.547158333138352,-11.997315741149201,13.549842591989153
Density-guided CNP (ours),ours,5000,0,102,500,SE,Tl-208 SE 2103 keV,supported,1356,657,-28.4731482603952,-22.036538653272434,6.436609607122764
Density-guided CNP (ours),ours,5000,0,102,500,FE,Tl-208 FE 2614 keV,supported,8522,202,-2.4836125950074477,-11.46720292750848,8.983590332501032
Density-guided CNP (ours),ours,5000,0,103,500,DEP,Tl-208 DEP 1592 keV,supported,828,464,21.01865733799767,21.135239029244556,0.11658169124688644
Density-guided CNP (ours),ours,5000,0,103,500,Bi-212,Bi-212 1620.74-keV feature,supported,790,541,-25.547158333138352,-12.366865462491738,13.180292870646614
Density-guided CNP (ours),ours,5000,0,103,500,SE,Tl-208 SE 2103 keV,supported,1356,657,-28.4731482603952,-20.4628371577573,8.010311102637898
Density-guided CNP (ours),ours,5000,0,103,500,FE,Tl-208 FE 2614 keV,supported,8522,202,-2.4836125950074477,-11.460862978448144,8.977250383440696
Density-guided CNP (ours),ours,5000,0,104,500,DEP,Tl-208 DEP 1592 keV,supported,828,464,21.01865733799767,22.951679064821327,1.9330217268236582
Density-guided CNP (ours),ours,5000,0,104,500,Bi-212,Bi-212 1620.74-keV feature,supported,790,541,-25.547158333138352,-10.800689795933632,14.746468537204722
Density-guided CNP (ours),ours,5000,0,104,500,SE,Tl-208 SE 2103 keV,supported,1356,657,-28.4731482603952,-21.696323858634003,6.7768244017611945
Density-guided CNP (ours),ours,5000,0,104,500,FE,Tl-208 FE 2614 keV,supported,8522,202,-2.4836125950074477,-11.492871489586667,9.009258894579219
Density-guided CNP (ours),ours,5000,0,105,500,DEP,Tl-208 DEP 1592 keV,supported,828,464,21.01865733799767,21.466391443941866,0.4477341059441975
Density-guided CNP (ours),ours,5000,0,105,500,Bi-212,Bi-212 1620.74-keV feature,supported,790,541,-25.547158333138352,-12.132609591036104,13.41454874210225
Density-guided CNP (ours),ours,5000,0,105,500,SE,Tl-208 SE 2103 keV,supported,1356,657,-28.4731482603952,-21.027698262300525,7.445449998094672
Density-guided CNP (ours),ours,5000,0,105,500,FE,Tl-208 FE 2614 keV,supported,8522,202,-2.4836125950074477,-11.275576831735654,8.791964236728205
Density-guided CNP (ours),ours,5000,0,106,500,DEP,Tl-208 DEP 1592 keV,supported,828,464,21.01865733799767,21.652160411125642,0.6335030731279723
Density-guided CNP (ours),ours,5000,0,106,500,Bi-212,Bi-212 1620.74-keV feature,supported,790,541,-25.547158333138352,-12.006529001495464,13.54062933164289
Density-guided CNP (ours),ours,5000,0,106,500,SE,Tl-208 SE 2103 keV,supported,1356,657,-28.4731482603952,-20.611953841650728,7.861194418744469
Density-guided CNP (ours),ours,5000,0,106,500,FE,Tl-208 FE 2614 keV,supported,8522,202,-2.4836125950074477,-11.488127152504768,9.00451455749732
Density-guided CNP (ours),ours,5000,0,107,500,DEP,Tl-208 DEP 1592 keV,supported,828,464,21.01865733799767,22.516502623547595,1.4978452855499258
Density-guided CNP (ours),ours,5000,0,107,500,Bi-212,Bi-212 1620.74-keV feature,supported,790,541,-25.547158333138352,-11.185726435940879,14.361431897197473
Density-guided CNP (ours),ours,5000,0,107,500,SE,Tl-208 SE 2103 keV,supported,1356,657,-28.4731482603952,-21.382278742636135,7.090869517759063
Density-guided CNP (ours),ours,5000,0,107,500,FE,Tl-208 FE 2614 keV,supported,8522,202,-2.4836125950074477,-11.482353104634207,8.99874050962676
Density-guided CNP (ours),ours,5000,0,108,500,DEP,Tl-208 DEP 1592 keV,supported,828,464,21.01865733799767,21.88464411523353,0.8659867772358609
Density-guided CNP (ours),ours,5000,0,108,500,Bi-212,Bi-212 1620.74-keV feature,supported,790,541,-25.547158333138352,-11.831619356786927,13.715538976351427
Density-guided CNP (ours),ours,5000,0,108,500,SE,Tl-208 SE 2103 keV,supported,1356,657,-28.4731482603952,-21.174478297409312,7.298669962985885
Density-guided CNP (ours),ours,5000,0,108,500,FE,Tl-208 FE 2614 keV,supported,8522,202,-2.4836125950074477,-11.358779512305853,8.875166917298404
Density-guided CNP (ours),ours,5000,0,109,500,DEP,Tl-208 DEP 1592 keV,supported,828,464,21.01865733799767,21.573058358552334,0.5544010205546623
Density-guided CNP (ours),ours,5000,0,109,500,Bi-212,Bi-212 1620.74-keV feature,supported,790,541,-25.547158333138352,-12.098076527780128,13.449081805358226
Density-guided CNP (ours),ours,5000,0,109,500,SE,Tl-208 SE 2103 keV,supported,1356,657,-28.4731482603952,-20.821495243529323,7.651653016865875
Density-guided CNP (ours),ours,5000,0,109,500,FE,Tl-208 FE 2614 keV,supported,8522,202,-2.4836125950074477,-11.43095063450411,8.947338039496664
Density-guided CNP (ours),ours,5000,1,100,500,DEP,Tl-208 DEP 1592 keV,supported,828,464,21.01865733799767,24.191081485934895,3.172424147937225
Density-guided CNP (ours),ours,5000,1,100,500,Bi-212,Bi-212 1620.74-keV feature,supported,790,541,-25.547158333138352,-11.549943916507521,13.997214416630833
Density-guided CNP (ours),ours,5000,1,100,500,SE,Tl-208 SE 2103 keV,supported,1356,657,-28.4731482603952,-24.889332479516487,3.58381578087871
Density-guided CNP (ours),ours,5000,1,100,500,FE,Tl-208 FE 2614 keV,supported,8522,202,-2.4836125950074477,-15.799075771686288,13.31546317667884
Density-guided CNP (ours),ours,5000,1,101,500,DEP,Tl-208 DEP 1592 keV,supported,828,464,21.01865733799767,23.75773390055983,2.7390765625621594
Density-guided CNP (ours),ours,5000,1,101,500,Bi-212,Bi-212 1620.74-keV feature,supported,790,541,-25.547158333138352,-9.704597493479062,15.842560839659292
Density-guided CNP (ours),ours,5000,1,101,500,SE,Tl-208 SE 2103 keV,supported,1356,657,-28.4731482603952,-24.827369191794403,3.6457790686007963
Density-guided CNP (ours),ours,5000,1,101,500,FE,Tl-208 FE 2614 keV,supported,8522,202,-2.4836125950074477,-12.700528077217497,10.216915482210048
Density-guided CNP (ours),ours,5000,1,102,500,DEP,Tl-208 DEP 1592 keV,supported,828,464,21.01865733799767,23.814693537889653,2.7960361998919825
Density-guided CNP (ours),ours,5000,1,102,500,Bi-212,Bi-212 1620.74-keV feature,supported,790,541,-25.547158333138352,-10.837668329361161,14.709490003777193
Density-guided CNP (ours),ours,5000,1,102,500,SE,Tl-208 SE 2103 keV,supported,1356,657,-28.4731482603952,-24.97833769631949,3.4948105640757094
Density-guided CNP (ours),ours,5000,1,102,500,FE,Tl-208 FE 2614 keV,supported,8522,202,-2.4836125950074477,-14.135052738560624,11.651440143553177
Density-guided CNP (ours),ours,5000,1,103,500,DEP,Tl-208 DEP 1592 keV,supported,828,464,21.01865733799767,24.104613376788485,3.085956038790816
Density-guided CNP (ours),ours,5000,1,103,500,Bi-212,Bi-212 1620.74-keV feature,supported,790,541,-25.547158333138352,-11.437646943149321,14.109511389989033
Density-guided CNP (ours),ours,5000,1,103,500,SE,Tl-208 SE 2103 keV,supported,1356,657,-28.4731482603952,-24.26226311865923,4.210885141735968
Density-guided CNP (ours),ours,5000,1,103,500,FE,Tl-208 FE 2614 keV,supported,8522,202,-2.4836125950074477,-15.557047218029657,13.073434623022209
Density-guided CNP (ours),ours,5000,1,104,500,DEP,Tl-208 DEP 1592 keV,supported,828,464,21.01865733799767,23.781140564150107,2.7624832261524346
Density-guided CNP (ours),ours,5000,1,104,500,Bi-212,Bi-212 1620.74-keV feature,supported,790,541,-25.547158333138352,-9.494153210651312,16.05300512248704
Density-guided CNP (ours),ours,5000,1,104,500,SE,Tl-208 SE 2103 keV,supported,1356,657,-28.4731482603952,-24.856242528830595,3.6169057315646014
Density-guided CNP (ours),ours,5000,1,104,500,FE,Tl-208 FE 2614 keV,supported,8522,202,-2.4836125950074477,-14.282194667172595,11.798582072165148
Density-guided CNP (ours),ours,5000,1,105,500,DEP,Tl-208 DEP 1592 keV,supported,828,464,21.01865733799767,23.855392761310046,2.8367354233123754
Density-guided CNP (ours),ours,5000,1,105,500,Bi-212,Bi-212 1620.74-keV feature,supported,790,541,-25.547158333138352,-10.975752926478687,14.571405406659665
Density-guided CNP (ours),ours,5000,1,105,500,SE,Tl-208 SE 2103 keV,supported,1356,657,-28.4731482603952,-24.52690558054245,3.946242679852749
Density-guided CNP (ours),ours,5000,1,105,500,FE,Tl-208 FE 2614 keV,supported,8522,202,-2.4836125950074477,-16.056017188980586,13.57240459397314
Density-guided CNP (ours),ours,5000,1,106,500,DEP,Tl-208 DEP 1592 keV,supported,828,464,21.01865733799767,23.81016681346544,2.7915094754677683
Density-guided CNP (ours),ours,5000,1,106,500,Bi-212,Bi-212 1620.74-keV feature,supported,790,541,-25.547158333138352,-10.845827759474385,14.701330573663968
Density-guided CNP (ours),ours,5000,1,106,500,SE,Tl-208 SE 2103 keV,supported,1356,657,-28.4731482603952,-24.308166588901603,4.164981671493595
Density-guided CNP (ours),ours,5000,1,106,500,FE,Tl-208 FE 2614 keV,supported,8522,202,-2.4836125950074477,-15.35716803890786,12.873555443900411
Density-guided CNP (ours),ours,5000,1,107,500,DEP,Tl-208 DEP 1592 keV,supported,828,464,21.01865733799767,23.73520246296551,2.7165451249678396
Density-guided CNP (ours),ours,5000,1,107,500,Bi-212,Bi-212 1620.74-keV feature,supported,790,541,-25.547158333138352,-9.891939879732359,15.655218453405995
Density-guided CNP (ours),ours,5000,1,107,500,SE,Tl-208 SE 2103 keV,supported,1356,657,-28.4731482603952,-24.706471584940605,3.7666766754545917
Density-guided CNP (ours),ours,5000,1,107,500,FE,Tl-208 FE 2614 keV,supported,8522,202,-2.4836125950074477,-14.517802656517532,12.034190061510083
Density-guided CNP (ours),ours,5000,1,108,500,DEP,Tl-208 DEP 1592 keV,supported,828,464,21.01865733799767,23.766721617745702,2.7480642797480304
Density-guided CNP (ours),ours,5000,1,108,500,Bi-212,Bi-212 1620.74-keV feature,supported,790,541,-25.547158333138352,-10.62303732432368,14.924121008814673
Density-guided CNP (ours),ours,5000,1,108,500,SE,Tl-208 SE 2103 keV,supported,1356,657,-28.4731482603952,-24.607308264480128,3.8658399959150684
Density-guided CNP (ours),ours,5000,1,108,500,FE,Tl-208 FE 2614 keV,supported,8522,202,-2.4836125950074477,-13.53210533956637,11.04849274455892
Density-guided CNP (ours),ours,5000,1,109,500,DEP,Tl-208 DEP 1592 keV,supported,828,464,21.01865733799767,23.82214876103481,2.803491423037141
Density-guided CNP (ours),ours,5000,1,109,500,Bi-212,Bi-212 1620.74-keV feature,supported,790,541,-25.547158333138352,-10.940354983590556,14.606803349547798
Density-guided CNP (ours),ours,5000,1,109,500,SE,Tl-208 SE 2103 keV,supported,1356,657,-28.4731482603952,-24.42877773590045,4.044370524494748
Density-guided CNP (ours),ours,5000,1,109,500,FE,Tl-208 FE 2614 keV,supported,8522,202,-2.4836125950074477,-15.703671556911287,13.220058961903838
Density-guided CNP (ours),ours,5000,2,100,500,DEP,Tl-208 DEP 1592 keV,supported,828,464,21.01865733799767,22.292465224417768,1.2738078864200975
Density-guided CNP (ours),ours,5000,2,100,500,Bi-212,Bi-212 1620.74-keV feature,supported,790,541,-25.547158333138352,-9.770675575858,15.776482757280352
Density-guided CNP (ours),ours,5000,2,100,500,SE,Tl-208 SE 2103 keV,supported,1356,657,-28.4731482603952,-20.704274329841958,7.768873930553241
Density-guided CNP (ours),ours,5000,2,100,500,FE,Tl-208 FE 2614 keV,supported,8522,202,-2.4836125950074477,-13.851659446772633,11.368046851765184
Density-guided CNP (ours),ours,5000,2,101,500,DEP,Tl-208 DEP 1592 keV,supported,828,464,21.01865733799767,22.961325975405224,1.942668637407552
Density-guided CNP (ours),ours,5000,2,101,500,Bi-212,Bi-212 1620.74-keV feature,supported,790,541,-25.547158333138352,-9.010975949111188,16.536182384027164
Density-guided CNP (ours),ours,5000,2,101,500,SE,Tl-208 SE 2103 keV,supported,1356,657,-28.4731482603952,-20.585205075432043,7.887943184963156
Density-guided CNP (ours),ours,5000,2,101,500,FE,Tl-208 FE 2614 keV,supported,8522,202,-2.4836125950074477,-10.768828758476806,8.285216163469359
Density-guided CNP (ours),ours,5000,2,102,500,DEP,Tl-208 DEP 1592 keV,supported,828,464,21.01865733799767,22.387200047339118,1.368542709341447
Density-guided CNP (ours),ours,5000,2,102,500,Bi-212,Bi-212 1620.74-keV feature,supported,790,541,-25.547158333138352,-9.606808798076505,15.940349535061848
Density-guided CNP (ours),ours,5000,2,102,500,SE,Tl-208 SE 2103 keV,supported,1356,657,-28.4731482603952,-20.828046391096585,7.645101869298612
Density-guided CNP (ours),ours,5000,2,102,500,FE,Tl-208 FE 2614 keV,supported,8522,202,-2.4836125950074477,-12.148568751231108,9.664956156223662
Density-guided CNP (ours),ours,5000,2,103,500,DEP,Tl-208 DEP 1592 keV,supported,828,464,21.01865733799767,22.270250450530547,1.2515931125328783
Density-guided CNP (ours),ours,5000,2,103,500,Bi-212,Bi-212 1620.74-keV feature,supported,790,541,-25.547158333138352,-9.804076818708996,15.743081514429358
Density-guided CNP (ours),ours,5000,2,103,500,SE,Tl-208 SE 2103 keV,supported,1356,657,-28.4731482603952,-19.90909014759669,8.56405811279851
Density-guided CNP (ours),ours,5000,2,103,500,FE,Tl-208 FE 2614 keV,supported,8522,202,-2.4836125950074477,-13.551731050076961,11.068118455069515
Density-guided CNP (ours),ours,5000,2,104,500,DEP,Tl-208 DEP 1592 keV,supported,828,464,21.01865733799767,23.087948122797954,2.0692907848002817
Density-guided CNP (ours),ours,5000,2,104,500,Bi-212,Bi-212 1620.74-keV feature,supported,790,541,-25.547158333138352,-8.876765848143025,16.67039248499533
Density-guided CNP (ours),ours,5000,2,104,500,SE,Tl-208 SE 2103 keV,supported,1356,657,-28.4731482603952,-20.659594274685734,7.813553985709465
Density-guided CNP (ours),ours,5000,2,104,500,FE,Tl-208 FE 2614 keV,supported,8522,202,-2.4836125950074477,-12.826197186071017,10.34258459106357
Density-guided CNP (ours),ours,5000,2,105,500,DEP,Tl-208 DEP 1592 keV,supported,828,464,21.01865733799767,22.329172189913248,1.3105148519155785
Density-guided CNP (ours),ours,5000,2,105,500,Bi-212,Bi-212 1620.74-keV feature,supported,790,541,-25.547158333138352,-9.679604420104514,15.867553913033838
Density-guided CNP (ours),ours,5000,2,105,500,SE,Tl-208 SE 2103 keV,supported,1356,657,-28.4731482603952,-20.246861412301723,8.226286848093475
Density-guided CNP (ours),ours,5000,2,105,500,FE,Tl-208 FE 2614 keV,supported,8522,202,-2.4836125950074477,-14.158626812195394,11.675014217187945
Density-guided CNP (ours),ours,5000,2,106,500,DEP,Tl-208 DEP 1592 keV,supported,828,464,21.01865733799767,22.386718117413686,1.3680607794160138
Density-guided CNP (ours),ours,5000,2,106,500,Bi-212,Bi-212 1620.74-keV feature,supported,790,541,-25.547158333138352,-9.621526018545351,15.925632314593003
Density-guided CNP (ours),ours,5000,2,106,500,SE,Tl-208 SE 2103 keV,supported,1356,657,-28.4731482603952,-19.97917889242755,8.493969367967647
Density-guided CNP (ours),ours,5000,2,106,500,FE,Tl-208 FE 2614 keV,supported,8522,202,-2.4836125950074477,-13.542917624006726,11.059305028999278
Density-guided CNP (ours),ours,5000,2,107,500,DEP,Tl-208 DEP 1592 keV,supported,828,464,21.01865733799767,22.826037880687345,1.8073805426896739
Density-guided CNP (ours),ours,5000,2,107,500,Bi-212,Bi-212 1620.74-keV feature,supported,790,541,-25.547158333138352,-9.110748686903552,16.4364096462348
Density-guided CNP (ours),ours,5000,2,107,500,SE,Tl-208 SE 2103 keV,supported,1356,657,-28.4731482603952,-20.463481693302914,8.009666567092285
Density-guided CNP (ours),ours,5000,2,107,500,FE,Tl-208 FE 2614 keV,supported,8522,202,-2.4836125950074477,-13.11209730034531,10.628484705337863
Density-guided CNP (ours),ours,5000,2,108,500,DEP,Tl-208 DEP 1592 keV,supported,828,464,21.01865733799767,22.48391463139825,1.4652572934005792
Density-guided CNP (ours),ours,5000,2,108,500,Bi-212,Bi-212 1620.74-keV feature,supported,790,541,-25.547158333138352,-9.505149296951277,16.04200903618708
Density-guided CNP (ours),ours,5000,2,108,500,SE,Tl-208 SE 2103 keV,supported,1356,657,-28.4731482603952,-20.301630769954784,8.171517490440413
Density-guided CNP (ours),ours,5000,2,108,500,FE,Tl-208 FE 2614 keV,supported,8522,202,-2.4836125950074477,-12.074295926472484,9.590683331465035
Density-guided CNP (ours),ours,5000,2,109,500,DEP,Tl-208 DEP 1592 keV,supported,828,464,21.01865733799767,22.355944114660097,1.3372867766624275
Density-guided CNP (ours),ours,5000,2,109,500,Bi-212,Bi-212 1620.74-keV feature,supported,790,541,-25.547158333138352,-9.675878722515858,15.871279610622496
Density-guided CNP (ours),ours,5000,2,109,500,SE,Tl-208 SE 2103 keV,supported,1356,657,-28.4731482603952,-20.080035896865088,8.393112363530111
Density-guided CNP (ours),ours,5000,2,109,500,FE,Tl-208 FE 2614 keV,supported,8522,202,-2.4836125950074477,-13.595752842925318,11.112140247917871
