subset_id,training_budget_nominal_events,method,architecture_id,training_seed,context_seed,feature_id,feature,status,center_event_count,sideband_event_count,empirical_contrast_percentage_points,predicted_contrast_percentage_points,absolute_contrast_error_percentage_points
seed20260910_n5000,5000,CNP,m0,0,100,DEP,DEP,supported,828,464,21.01865733799767,0.020660570588559857,20.99799676740911
seed20260910_n5000,5000,CNP,m0,0,100,feature_1620kev,"1,620.74-keV feature",supported,790,541,-25.547158333138352,0.03839583310975003,25.5855541662481
seed20260910_n5000,5000,CNP,m0,0,100,SE,SE,supported,1356,657,-28.4731482603952,0.004691787265287406,28.477840047660486
seed20260910_n5000,5000,CNP,m0,0,100,FE,FE,supported,8522,202,-2.4836125950074477,-0.546069824704748,1.9375427703027
seed20260910_n5000,5000,CNP,m0,0,101,DEP,DEP,supported,828,464,21.01865733799767,0.020354002464706422,20.998303335532963
seed20260910_n5000,5000,CNP,m0,0,101,feature_1620kev,"1,620.74-keV feature",supported,790,541,-25.547158333138352,0.038478619918891344,25.585636953057247
seed20260910_n5000,5000,CNP,m0,0,101,SE,SE,supported,1356,657,-28.4731482603952,0.005060445059335006,28.478208705454534
seed20260910_n5000,5000,CNP,m0,0,101,FE,FE,supported,8522,202,-2.4836125950074477,-0.5422457190689067,1.9413668759385412
seed20260910_n5000,5000,CNP,m0,0,102,DEP,DEP,supported,828,464,21.01865733799767,0.020884251894393024,20.997773086103276
seed20260910_n5000,5000,CNP,m0,0,102,feature_1620kev,"1,620.74-keV feature",supported,790,541,-25.547158333138352,0.03881627346151717,25.58597460659987
seed20260910_n5000,5000,CNP,m0,0,102,SE,SE,supported,1356,657,-28.4731482603952,0.004637303582066821,28.477785563977264
seed20260910_n5000,5000,CNP,m0,0,102,FE,FE,supported,8522,202,-2.4836125950074477,-0.5462515297376347,1.9373610652698132
seed20260910_n5000,5000,CNP,m0,0,103,DEP,DEP,supported,828,464,21.01865733799767,0.019962615440716203,20.998694722556955
seed20260910_n5000,5000,CNP,m0,0,103,feature_1620kev,"1,620.74-keV feature",supported,790,541,-25.547158333138352,0.03737984257388138,25.584538175712236
seed20260910_n5000,5000,CNP,m0,0,103,SE,SE,supported,1356,657,-28.4731482603952,0.005713440289678573,28.478861700684877
seed20260910_n5000,5000,CNP,m0,0,103,FE,FE,supported,8522,202,-2.4836125950074477,-0.5355714417957458,1.948041153211702
seed20260910_n5000,5000,CNP,m0,0,104,DEP,DEP,supported,828,464,21.01865733799767,0.020163364473846368,20.998493973523825
seed20260910_n5000,5000,CNP,m0,0,104,feature_1620kev,"1,620.74-keV feature",supported,790,541,-25.547158333138352,0.03808146938930612,25.58523980252766
seed20260910_n5000,5000,CNP,m0,0,104,SE,SE,supported,1356,657,-28.4731482603952,0.005266932634351296,28.478415193029548
seed20260910_n5000,5000,CNP,m0,0,104,FE,FE,supported,8522,202,-2.4836125950074477,-0.5378186611762092,1.9457939338312387
seed20260910_n5000,5000,CNP,m0,0,105,DEP,DEP,supported,828,464,21.01865733799767,0.020031866447622892,20.99862547155005
seed20260910_n5000,5000,CNP,m0,0,105,feature_1620kev,"1,620.74-keV feature",supported,790,541,-25.547158333138352,0.03793776703444607,25.585096100172798
seed20260910_n5000,5000,CNP,m0,0,105,SE,SE,supported,1356,657,-28.4731482603952,0.0053899779612121,28.47853823835641
seed20260910_n5000,5000,CNP,m0,0,105,FE,FE,supported,8522,202,-2.4836125950074477,-0.537998815593127,1.945613779414321
seed20260910_n5000,5000,CNP,m0,0,106,DEP,DEP,supported,828,464,21.01865733799767,0.020675327047370295,20.9979820109503
seed20260910_n5000,5000,CNP,m0,0,106,feature_1620kev,"1,620.74-keV feature",supported,790,541,-25.547158333138352,0.038298734576469595,25.585457067714824
seed20260910_n5000,5000,CNP,m0,0,106,SE,SE,supported,1356,657,-28.4731482603952,0.005031351910667059,28.478179612305865
seed20260910_n5000,5000,CNP,m0,0,106,FE,FE,supported,8522,202,-2.4836125950074477,-0.5414163783119597,1.9421962166954883
seed20260910_n5000,5000,CNP,m0,0,107,DEP,DEP,supported,828,464,21.01865733799767,0.0201738617809033,20.998483476216766
seed20260910_n5000,5000,CNP,m0,0,107,feature_1620kev,"1,620.74-keV feature",supported,790,541,-25.547158333138352,0.037725086943662944,25.584883420082015
seed20260910_n5000,5000,CNP,m0,0,107,SE,SE,supported,1356,657,-28.4731482603952,0.0054877789998908355,28.478636039395088
seed20260910_n5000,5000,CNP,m0,0,107,FE,FE,supported,8522,202,-2.4836125950074477,-0.5370425776393906,1.9465700173680571
seed20260910_n5000,5000,CNP,m0,0,108,DEP,DEP,supported,828,464,21.01865733799767,0.020013777039873393,20.998643560957795
seed20260910_n5000,5000,CNP,m0,0,108,feature_1620kev,"1,620.74-keV feature",supported,790,541,-25.547158333138352,0.037390779616053305,25.584549112754406
seed20260910_n5000,5000,CNP,m0,0,108,SE,SE,supported,1356,657,-28.4731482603952,0.005686606926469384,28.478834867321666
seed20260910_n5000,5000,CNP,m0,0,108,FE,FE,supported,8522,202,-2.4836125950074477,-0.536055767040744,1.9475568279667037
seed20260910_n5000,5000,CNP,m0,0,109,DEP,DEP,supported,828,464,21.01865733799767,0.020431313469482237,20.998226024528186
seed20260910_n5000,5000,CNP,m0,0,109,feature_1620kev,"1,620.74-keV feature",supported,790,541,-25.547158333138352,0.038660392312650504,25.585818725451006
seed20260910_n5000,5000,CNP,m0,0,109,SE,SE,supported,1356,657,-28.4731482603952,0.004835254205548534,28.477983514600748
seed20260910_n5000,5000,CNP,m0,0,109,FE,FE,supported,8522,202,-2.4836125950074477,-0.5427156750971329,1.940896919910315
seed20260910_n5000,5000,CNP,m0,1,100,DEP,DEP,supported,828,464,21.01865733799767,-0.0147082097586404,21.03336554775631
seed20260910_n5000,5000,CNP,m0,1,100,feature_1620kev,"1,620.74-keV feature",supported,790,541,-25.547158333138352,-0.012795985554181488,25.53436234758417
seed20260910_n5000,5000,CNP,m0,1,100,SE,SE,supported,1356,657,-28.4731482603952,-0.0182956792104616,28.454852581184735
seed20260910_n5000,5000,CNP,m0,1,100,FE,FE,supported,8522,202,-2.4836125950074477,-0.4590682238875432,2.0245443711199047
seed20260910_n5000,5000,CNP,m0,1,101,DEP,DEP,supported,828,464,21.01865733799767,-0.014877147180736294,21.033534485178407
seed20260910_n5000,5000,CNP,m0,1,101,feature_1620kev,"1,620.74-keV feature",supported,790,541,-25.547158333138352,-0.01235297663356727,25.534805356504787
seed20260910_n5000,5000,CNP,m0,1,101,SE,SE,supported,1356,657,-28.4731482603952,-0.018758458892259577,28.454389801502938
seed20260910_n5000,5000,CNP,m0,1,101,FE,FE,supported,8522,202,-2.4836125950074477,-0.46215229337512875,2.021460301632319
seed20260910_n5000,5000,CNP,m0,1,102,DEP,DEP,supported,828,464,21.01865733799767,-0.014847585530852747,21.033504923528522
seed20260910_n5000,5000,CNP,m0,1,102,feature_1620kev,"1,620.74-keV feature",supported,790,541,-25.547158333138352,-0.01281740395896458,25.53434092917939
seed20260910_n5000,5000,CNP,m0,1,102,SE,SE,supported,1356,657,-28.4731482603952,-0.01824101035970971,28.45490725003549
seed20260910_n5000,5000,CNP,m0,1,102,FE,FE,supported,8522,202,-2.4836125950074477,-0.4586088409680167,2.0250037540394312
seed20260910_n5000,5000,CNP,m0,1,103,DEP,DEP,supported,828,464,21.01865733799767,-0.01568196917844933,21.03433930717612
seed20260910_n5000,5000,CNP,m0,1,103,feature_1620kev,"1,620.74-keV feature",supported,790,541,-25.547158333138352,-0.011955418498232895,25.53520291464012
seed20260910_n5000,5000,CNP,m0,1,103,SE,SE,supported,1356,657,-28.4731482603952,-0.01945635992065542,28.453691900474542
seed20260910_n5000,5000,CNP,m0,1,103,FE,FE,supported,8522,202,-2.4836125950074477,-0.46233579566776206,2.021276799339686
seed20260910_n5000,5000,CNP,m0,1,104,DEP,DEP,supported,828,464,21.01865733799767,-0.015417582253518525,21.03407492025119
seed20260910_n5000,5000,CNP,m0,1,104,feature_1620kev,"1,620.74-keV feature",supported,790,541,-25.547158333138352,-0.012112513621409526,25.535045819516945
seed20260910_n5000,5000,CNP,m0,1,104,SE,SE,supported,1356,657,-28.4731482603952,-0.019171759372993424,28.453976501022204
seed20260910_n5000,5000,CNP,m0,1,104,FE,FE,supported,8522,202,-2.4836125950074477,-0.4606103295803188,2.023002265427129
seed20260910_n5000,5000,CNP,m0,1,105,DEP,DEP,supported,828,464,21.01865733799767,-0.015569293402062367,21.034226631399733
seed20260910_n5000,5000,CNP,m0,1,105,feature_1620kev,"1,620.74-keV feature",supported,790,541,-25.547158333138352,-0.012160753834777882,25.534997579303575
seed20260910_n5000,5000,CNP,m0,1,105,SE,SE,supported,1356,657,-28.4731482603952,-0.019245478222390533,28.453902782172808
seed20260910_n5000,5000,CNP,m0,1,105,FE,FE,supported,8522,202,-2.4836125950074477,-0.4585790962199743,2.0250334987874736
seed20260910_n5000,5000,CNP,m0,1,106,DEP,DEP,supported,828,464,21.01865733799767,-0.015153943865564568,21.033811281863237
seed20260910_n5000,5000,CNP,m0,1,106,feature_1620kev,"1,620.74-keV feature",supported,790,541,-25.547158333138352,-0.012366447860934215,25.534791885277418
seed20260910_n5000,5000,CNP,m0,1,106,SE,SE,supported,1356,657,-28.4731482603952,-0.01873761599053836,28.45441064440466
seed20260910_n5000,5000,CNP,m0,1,106,FE,FE,supported,8522,202,-2.4836125950074477,-0.46118938398097,2.022423211026478
seed20260910_n5000,5000,CNP,m0,1,107,DEP,DEP,supported,828,464,21.01865733799767,-0.015477528051233147,21.034134866048902
seed20260910_n5000,5000,CNP,m0,1,107,feature_1620kev,"1,620.74-keV feature",supported,790,541,-25.547158333138352,-0.011865919002929104,25.535292414135423
seed20260910_n5000,5000,CNP,m0,1,107,SE,SE,supported,1356,657,-28.4731482603952,-0.01923369272497366,28.453914567670225
seed20260910_n5000,5000,CNP,m0,1,107,FE,FE,supported,8522,202,-2.4836125950074477,-0.4609736308058443,2.0226389642016036
seed20260910_n5000,5000,CNP,m0,1,108,DEP,DEP,supported,828,464,21.01865733799767,-0.01539185568292245,21.034049193680595
seed20260910_n5000,5000,CNP,m0,1,108,feature_1620kev,"1,620.74-keV feature",supported,790,541,-25.547158333138352,-0.012274776338438986,25.534883556799915
seed20260910_n5000,5000,CNP,m0,1,108,SE,SE,supported,1356,657,-28.4731482603952,-0.019623470879476246,28.453524789515722
seed20260910_n5000,5000,CNP,m0,1,108,FE,FE,supported,8522,202,-2.4836125950074477,-0.4629871680983111,2.020625426909137
seed20260910_n5000,5000,CNP,m0,1,109,DEP,DEP,supported,828,464,21.01865733799767,-0.015243741865333948,21.033901079863004
seed20260910_n5000,5000,CNP,m0,1,109,feature_1620kev,"1,620.74-keV feature",supported,790,541,-25.547158333138352,-0.012414318215880904,25.534744014922474
seed20260910_n5000,5000,CNP,m0,1,109,SE,SE,supported,1356,657,-28.4731482603952,-0.018347848526850674,28.454800411868348
seed20260910_n5000,5000,CNP,m0,1,109,FE,FE,supported,8522,202,-2.4836125950074477,-0.4579982910308089,2.025614303976639
seed20260910_n5000,5000,CNP,m0,2,100,DEP,DEP,supported,828,464,21.01865733799767,0.022827200653618984,20.99583013734405
seed20260910_n5000,5000,CNP,m0,2,100,feature_1620kev,"1,620.74-keV feature",supported,790,541,-25.547158333138352,-0.003144088166229242,25.544014244972125
seed20260910_n5000,5000,CNP,m0,2,100,SE,SE,supported,1356,657,-28.4731482603952,-0.009922705729104031,28.463225554666096
seed20260910_n5000,5000,CNP,m0,2,100,FE,FE,supported,8522,202,-2.4836125950074477,-0.4813019947813857,2.002310600226062
seed20260910_n5000,5000,CNP,m0,2,101,DEP,DEP,supported,828,464,21.01865733799767,0.02280001523068398,20.995857322766987
seed20260910_n5000,5000,CNP,m0,2,101,feature_1620kev,"1,620.74-keV feature",supported,790,541,-25.547158333138352,-0.003173907511344609,25.54398442562701
seed20260910_n5000,5000,CNP,m0,2,101,SE,SE,supported,1356,657,-28.4731482603952,-0.009897106348688567,28.46325115404651
seed20260910_n5000,5000,CNP,m0,2,101,FE,FE,supported,8522,202,-2.4836125950074477,-0.4793432977083345,2.004269297299113
seed20260910_n5000,5000,CNP,m0,2,102,DEP,DEP,supported,828,464,21.01865733799767,0.023276093900426176,20.995381244097246
seed20260910_n5000,5000,CNP,m0,2,102,feature_1620kev,"1,620.74-keV feature",supported,790,541,-25.547158333138352,-0.003285450979895188,25.543872882158457
seed20260910_n5000,5000,CNP,m0,2,102,SE,SE,supported,1356,657,-28.4731482603952,-0.010099230444382545,28.463049029950817
seed20260910_n5000,5000,CNP,m0,2,102,FE,FE,supported,8522,202,-2.4836125950074477,-0.4813913731505748,2.002221221856873
seed20260910_n5000,5000,CNP,m0,2,103,DEP,DEP,supported,828,464,21.01865733799767,0.02084784747763413,20.997809490520037
seed20260910_n5000,5000,CNP,m0,2,103,feature_1620kev,"1,620.74-keV feature",supported,790,541,-25.547158333138352,-0.0016361433505140965,25.54552218978784
seed20260910_n5000,5000,CNP,m0,2,103,SE,SE,supported,1356,657,-28.4731482603952,-0.010575706948157126,28.46257255344704
seed20260910_n5000,5000,CNP,m0,2,103,FE,FE,supported,8522,202,-2.4836125950074477,-0.4710913368008163,2.0125212582066316
seed20260910_n5000,5000,CNP,m0,2,104,DEP,DEP,supported,828,464,21.01865733799767,0.021912021698056172,20.996745316299613
seed20260910_n5000,5000,CNP,m0,2,104,feature_1620kev,"1,620.74-keV feature",supported,790,541,-25.547158333138352,-0.001968790789252939,25.5451895423491
seed20260910_n5000,5000,CNP,m0,2,104,SE,SE,supported,1356,657,-28.4731482603952,-0.010629937320272287,28.462518323074924
seed20260910_n5000,5000,CNP,m0,2,104,FE,FE,supported,8522,202,-2.4836125950074477,-0.47354553119329235,2.0100670638141556
seed20260910_n5000,5000,CNP,m0,2,105,DEP,DEP,supported,828,464,21.01865733799767,0.021295696967349453,20.99736164103032
seed20260910_n5000,5000,CNP,m0,2,105,feature_1620kev,"1,620.74-keV feature",supported,790,541,-25.547158333138352,-0.0020754070441886263,25.545082926094164
seed20260910_n5000,5000,CNP,m0,2,105,SE,SE,supported,1356,657,-28.4731482603952,-0.010541706896549652,28.46260655349865
seed20260910_n5000,5000,CNP,m0,2,105,FE,FE,supported,8522,202,-2.4836125950074477,-0.47216029929955106,2.0114522957078966
seed20260910_n5000,5000,CNP,m0,2,106,DEP,DEP,supported,828,464,21.01865733799767,0.022357865370581376,20.99629947262709
seed20260910_n5000,5000,CNP,m0,2,106,feature_1620kev,"1,620.74-keV feature",supported,790,541,-25.547158333138352,-0.0027219392239485884,25.544436393914406
seed20260910_n5000,5000,CNP,m0,2,106,SE,SE,supported,1356,657,-28.4731482603952,-0.010322318654021334,28.462825941741176
seed20260910_n5000,5000,CNP,m0,2,106,FE,FE,supported,8522,202,-2.4836125950074477,-0.4778797005641655,2.005732894443282
seed20260910_n5000,5000,CNP,m0,2,107,DEP,DEP,supported,828,464,21.01865733799767,0.021159008662274825,20.997498329335397
seed20260910_n5000,5000,CNP,m0,2,107,feature_1620kev,"1,620.74-keV feature",supported,790,541,-25.547158333138352,-0.0020138314788753497,25.54514450165948
seed20260910_n5000,5000,CNP,m0,2,107,SE,SE,supported,1356,657,-28.4731482603952,-0.010661138170475759,28.462487122224722
seed20260910_n5000,5000,CNP,m0,2,107,FE,FE,supported,8522,202,-2.4836125950074477,-0.47166217215638406,2.0119504228510636
seed20260910_n5000,5000,CNP,m0,2,108,DEP,DEP,supported,828,464,21.01865733799767,0.02078153828771745,20.997875799709952
seed20260910_n5000,5000,CNP,m0,2,108,feature_1620kev,"1,620.74-keV feature",supported,790,541,-25.547158333138352,-0.0019563668636868314,25.545201966274668
seed20260910_n5000,5000,CNP,m0,2,108,SE,SE,supported,1356,657,-28.4731482603952,-0.010395943973784405,28.462752316421415
seed20260910_n5000,5000,CNP,m0,2,108,FE,FE,supported,8522,202,-2.4836125950074477,-0.47158644048239107,2.012026154525057
seed20260910_n5000,5000,CNP,m0,2,109,DEP,DEP,supported,828,464,21.01865733799767,0.023044186388421206,20.99561315160925
seed20260910_n5000,5000,CNP,m0,2,109,feature_1620kev,"1,620.74-keV feature",supported,790,541,-25.547158333138352,-0.0027111306227678433,25.544447202515585
seed20260910_n5000,5000,CNP,m0,2,109,SE,SE,supported,1356,657,-28.4731482603952,-0.010413900544814503,28.462734359850383
seed20260910_n5000,5000,CNP,m0,2,109,FE,FE,supported,8522,202,-2.4836125950074477,-0.4771582524036755,2.006454342603772
seed20260910_n5000,5000,Attentive CNP,m1,0,100,DEP,DEP,supported,828,464,21.01865733799767,-0.013537154350040659,21.03219449234771
seed20260910_n5000,5000,Attentive CNP,m1,0,100,feature_1620kev,"1,620.74-keV feature",supported,790,541,-25.547158333138352,-0.014296495811527699,25.532861837326827
seed20260910_n5000,5000,Attentive CNP,m1,0,100,SE,SE,supported,1356,657,-28.4731482603952,-0.0071965610556112836,28.465951699339588
seed20260910_n5000,5000,Attentive CNP,m1,0,100,FE,FE,supported,8522,202,-2.4836125950074477,-0.34312182709731465,2.140490767910133
seed20260910_n5000,5000,Attentive CNP,m1,0,101,DEP,DEP,supported,828,464,21.01865733799767,-0.013143371109258783,21.03180070910693
seed20260910_n5000,5000,Attentive CNP,m1,0,101,feature_1620kev,"1,620.74-keV feature",supported,790,541,-25.547158333138352,-0.01749397933953345,25.52966435379882
seed20260910_n5000,5000,Attentive CNP,m1,0,101,SE,SE,supported,1356,657,-28.4731482603952,-0.008652969239009156,28.46449529115619
seed20260910_n5000,5000,Attentive CNP,m1,0,101,FE,FE,supported,8522,202,-2.4836125950074477,-0.3471545385292485,2.136458056478199
seed20260910_n5000,5000,Attentive CNP,m1,0,102,DEP,DEP,supported,828,464,21.01865733799767,-0.014692402492411105,21.03334974049008
seed20260910_n5000,5000,Attentive CNP,m1,0,102,feature_1620kev,"1,620.74-keV feature",supported,790,541,-25.547158333138352,-0.01614904807581974,25.531009285062535
seed20260910_n5000,5000,Attentive CNP,m1,0,102,SE,SE,supported,1356,657,-28.4731482603952,-0.009561804137514507,28.463586456257683
seed20260910_n5000,5000,Attentive CNP,m1,0,102,FE,FE,supported,8522,202,-2.4836125950074477,-0.3481592523111421,2.1354533426963056
seed20260910_n5000,5000,Attentive CNP,m1,0,103,DEP,DEP,supported,828,464,21.01865733799767,-0.015020180501035263,21.033677518498706
seed20260910_n5000,5000,Attentive CNP,m1,0,103,feature_1620kev,"1,620.74-keV feature",supported,790,541,-25.547158333138352,-0.014130490252650674,25.5330278428857
seed20260910_n5000,5000,Attentive CNP,m1,0,103,SE,SE,supported,1356,657,-28.4731482603952,-0.006452413302704407,28.466695847092495
seed20260910_n5000,5000,Attentive CNP,m1,0,103,FE,FE,supported,8522,202,-2.4836125950074477,-0.3417072780907249,2.141905316916723
seed20260910_n5000,5000,Attentive CNP,m1,0,104,DEP,DEP,supported,828,464,21.01865733799767,-0.013424743400047845,21.032082081397718
seed20260910_n5000,5000,Attentive CNP,m1,0,104,feature_1620kev,"1,620.74-keV feature",supported,790,541,-25.547158333138352,-0.014423016930564803,25.532735316207788
seed20260910_n5000,5000,Attentive CNP,m1,0,104,SE,SE,supported,1356,657,-28.4731482603952,-0.008140086576335914,28.465008173818863
seed20260910_n5000,5000,Attentive CNP,m1,0,104,FE,FE,supported,8522,202,-2.4836125950074477,-0.3460940658873979,2.13751852912005
seed20260910_n5000,5000,Attentive CNP,m1,0,105,DEP,DEP,supported,828,464,21.01865733799767,-0.015238064520439742,21.03389540251811
seed20260910_n5000,5000,Attentive CNP,m1,0,105,feature_1620kev,"1,620.74-keV feature",supported,790,541,-25.547158333138352,-0.01635856029527094,25.530799772843082
seed20260910_n5000,5000,Attentive CNP,m1,0,105,SE,SE,supported,1356,657,-28.4731482603952,-0.00712535206627285,28.466022908328924
seed20260910_n5000,5000,Attentive CNP,m1,0,105,FE,FE,supported,8522,202,-2.4836125950074477,-0.34367944919457827,2.1399331458128694
seed20260910_n5000,5000,Attentive CNP,m1,0,106,DEP,DEP,supported,828,464,21.01865733799767,-0.015448452366462195,21.034105790364134
seed20260910_n5000,5000,Attentive CNP,m1,0,106,feature_1620kev,"1,620.74-keV feature",supported,790,541,-25.547158333138352,-0.0128569388416655,25.534301394296687
seed20260910_n5000,5000,Attentive CNP,m1,0,106,SE,SE,supported,1356,657,-28.4731482603952,-0.006574413625459741,28.466573846769737
seed20260910_n5000,5000,Attentive CNP,m1,0,106,FE,FE,supported,8522,202,-2.4836125950074477,-0.34156012267024805,2.1420524723371996
seed20260910_n5000,5000,Attentive CNP,m1,0,107,DEP,DEP,supported,828,464,21.01865733799767,-0.014770335346392383,21.033427673344065
seed20260910_n5000,5000,Attentive CNP,m1,0,107,feature_1620kev,"1,620.74-keV feature",supported,790,541,-25.547158333138352,-0.014477268891921469,25.532681064246432
seed20260910_n5000,5000,Attentive CNP,m1,0,107,SE,SE,supported,1356,657,-28.4731482603952,-0.005924427647685526,28.467223832747514
seed20260910_n5000,5000,Attentive CNP,m1,0,107,FE,FE,supported,8522,202,-2.4836125950074477,-0.3459349292392111,2.1376776657682366
seed20260910_n5000,5000,Attentive CNP,m1,0,108,DEP,DEP,supported,828,464,21.01865733799767,-0.014184757549562388,21.03284209554723
seed20260910_n5000,5000,Attentive CNP,m1,0,108,feature_1620kev,"1,620.74-keV feature",supported,790,541,-25.547158333138352,-0.0161849903576039,25.53097334278075
seed20260910_n5000,5000,Attentive CNP,m1,0,108,SE,SE,supported,1356,657,-28.4731482603952,-0.008109284431212505,28.465038975963985
seed20260910_n5000,5000,Attentive CNP,m1,0,108,FE,FE,supported,8522,202,-2.4836125950074477,-0.3449226197821731,2.1386899752252746
seed20260910_n5000,5000,Attentive CNP,m1,0,109,DEP,DEP,supported,828,464,21.01865733799767,-0.01520419836184006,21.03386153635951
seed20260910_n5000,5000,Attentive CNP,m1,0,109,feature_1620kev,"1,620.74-keV feature",supported,790,541,-25.547158333138352,-0.01423228282273481,25.53292605031562
seed20260910_n5000,5000,Attentive CNP,m1,0,109,SE,SE,supported,1356,657,-28.4731482603952,-0.007016136372839377,28.46613212402236
seed20260910_n5000,5000,Attentive CNP,m1,0,109,FE,FE,supported,8522,202,-2.4836125950074477,-0.3441200288051949,2.139492566202253
seed20260910_n5000,5000,Attentive CNP,m1,1,100,DEP,DEP,supported,828,464,21.01865733799767,-0.01073947491525562,21.029396812912925
seed20260910_n5000,5000,Attentive CNP,m1,1,100,feature_1620kev,"1,620.74-keV feature",supported,790,541,-25.547158333138352,0.006095412123974242,25.553253745262328
seed20260910_n5000,5000,Attentive CNP,m1,1,100,SE,SE,supported,1356,657,-28.4731482603952,0.00015215110882316196,28.47330041150402
seed20260910_n5000,5000,Attentive CNP,m1,1,100,FE,FE,supported,8522,202,-2.4836125950074477,-0.3726580482233455,2.1109545467841024
seed20260910_n5000,5000,Attentive CNP,m1,1,101,DEP,DEP,supported,828,464,21.01865733799767,-0.010843068667842903,21.029500406665512
seed20260910_n5000,5000,Attentive CNP,m1,1,101,feature_1620kev,"1,620.74-keV feature",supported,790,541,-25.547158333138352,0.0052576372253421155,25.552415970363697
seed20260910_n5000,5000,Attentive CNP,m1,1,101,SE,SE,supported,1356,657,-28.4731482603952,-0.0012143423499533235,28.471933918045245
seed20260910_n5000,5000,Attentive CNP,m1,1,101,FE,FE,supported,8522,202,-2.4836125950074477,-0.37863733631425256,2.1049752586931954
seed20260910_n5000,5000,Attentive CNP,m1,1,102,DEP,DEP,supported,828,464,21.01865733799767,-0.011037896068777364,21.02969523406645
seed20260910_n5000,5000,Attentive CNP,m1,1,102,feature_1620kev,"1,620.74-keV feature",supported,790,541,-25.547158333138352,0.0037117903083139225,25.550870123446668
seed20260910_n5000,5000,Attentive CNP,m1,1,102,SE,SE,supported,1356,657,-28.4731482603952,-0.001297332392313777,28.471850928002883
seed20260910_n5000,5000,Attentive CNP,m1,1,102,FE,FE,supported,8522,202,-2.4836125950074477,-0.38141834569310196,2.102194249314346
seed20260910_n5000,5000,Attentive CNP,m1,1,103,DEP,DEP,supported,828,464,21.01865733799767,-0.010054221899602478,21.028711559897275
seed20260910_n5000,5000,Attentive CNP,m1,1,103,feature_1620kev,"1,620.74-keV feature",supported,790,541,-25.547158333138352,0.005244740687648797,25.552403073826003
seed20260910_n5000,5000,Attentive CNP,m1,1,103,SE,SE,supported,1356,657,-28.4731482603952,0.0015365705107850403,28.474684830905982
seed20260910_n5000,5000,Attentive CNP,m1,1,103,FE,FE,supported,8522,202,-2.4836125950074477,-0.3609112794058733,2.1227013156015744
seed20260910_n5000,5000,Attentive CNP,m1,1,104,DEP,DEP,supported,828,464,21.01865733799767,-0.00934178643543504,21.027999124433105
seed20260910_n5000,5000,Attentive CNP,m1,1,104,feature_1620kev,"1,620.74-keV feature",supported,790,541,-25.547158333138352,0.0060313417300283945,25.55318967486838
seed20260910_n5000,5000,Attentive CNP,m1,1,104,SE,SE,supported,1356,657,-28.4731482603952,-0.0006201519657633714,28.472528108429433
seed20260910_n5000,5000,Attentive CNP,m1,1,104,FE,FE,supported,8522,202,-2.4836125950074477,-0.36695661575718574,2.116655979250262
seed20260910_n5000,5000,Attentive CNP,m1,1,105,DEP,DEP,supported,828,464,21.01865733799767,-0.00975972164112271,21.028417059638794
seed20260910_n5000,5000,Attentive CNP,m1,1,105,feature_1620kev,"1,620.74-keV feature",supported,790,541,-25.547158333138352,0.0037703503346531164,25.550928683473007
seed20260910_n5000,5000,Attentive CNP,m1,1,105,SE,SE,supported,1356,657,-28.4731482603952,0.0013830473386156061,28.474531307733812
seed20260910_n5000,5000,Attentive CNP,m1,1,105,FE,FE,supported,8522,202,-2.4836125950074477,-0.362153333415971,2.1214592615914767
seed20260910_n5000,5000,Attentive CNP,m1,1,106,DEP,DEP,supported,828,464,21.01865733799767,-0.01016045612654004,21.028817794124212
seed20260910_n5000,5000,Attentive CNP,m1,1,106,feature_1620kev,"1,620.74-keV feature",supported,790,541,-25.547158333138352,0.005101989968292475,25.552260323106644
seed20260910_n5000,5000,Attentive CNP,m1,1,106,SE,SE,supported,1356,657,-28.4731482603952,0.0002445340408663288,28.473392794436066
seed20260910_n5000,5000,Attentive CNP,m1,1,106,FE,FE,supported,8522,202,-2.4836125950074477,-0.36664789170843815,2.1169647032990095
seed20260910_n5000,5000,Attentive CNP,m1,1,107,DEP,DEP,supported,828,464,21.01865733799767,-0.009652069634979998,21.02830940763265
seed20260910_n5000,5000,Attentive CNP,m1,1,107,feature_1620kev,"1,620.74-keV feature",supported,790,541,-25.547158333138352,0.004139479798770385,25.551297812937122
seed20260910_n5000,5000,Attentive CNP,m1,1,107,SE,SE,supported,1356,657,-28.4731482603952,2.6163294880587884e-05,28.47317442369008
seed20260910_n5000,5000,Attentive CNP,m1,1,107,FE,FE,supported,8522,202,-2.4836125950074477,-0.36447672521592867,2.1191358697915192
seed20260910_n5000,5000,Attentive CNP,m1,1,108,DEP,DEP,supported,828,464,21.01865733799767,-0.010024600706504128,21.028681938704175
seed20260910_n5000,5000,Attentive CNP,m1,1,108,feature_1620kev,"1,620.74-keV feature",supported,790,541,-25.547158333138352,0.0044220665549987714,25.551580399693353
seed20260910_n5000,5000,Attentive CNP,m1,1,108,SE,SE,supported,1356,657,-28.4731482603952,-0.0004517495741818145,28.472696510821017
seed20260910_n5000,5000,Attentive CNP,m1,1,108,FE,FE,supported,8522,202,-2.4836125950074477,-0.3687353127082571,2.1148772822991906
seed20260910_n5000,5000,Attentive CNP,m1,1,109,DEP,DEP,supported,828,464,21.01865733799767,-0.010989967894337038,21.029647305892006
seed20260910_n5000,5000,Attentive CNP,m1,1,109,feature_1620kev,"1,620.74-keV feature",supported,790,541,-25.547158333138352,0.004666675801601183,25.551825008939954
seed20260910_n5000,5000,Attentive CNP,m1,1,109,SE,SE,supported,1356,657,-28.4731482603952,0.0008010522786150442,28.473949312673813
seed20260910_n5000,5000,Attentive CNP,m1,1,109,FE,FE,supported,8522,202,-2.4836125950074477,-0.367593942686395,2.1160186523210527
seed20260910_n5000,5000,Attentive CNP,m1,2,100,DEP,DEP,supported,828,464,21.01865733799767,0.007967011977316751,21.010690326020352
seed20260910_n5000,5000,Attentive CNP,m1,2,100,feature_1620kev,"1,620.74-keV feature",supported,790,541,-25.547158333138352,-0.0029842542420555063,25.544174078896297
seed20260910_n5000,5000,Attentive CNP,m1,2,100,SE,SE,supported,1356,657,-28.4731482603952,-0.005794956127658235,28.46735330426754
seed20260910_n5000,5000,Attentive CNP,m1,2,100,FE,FE,supported,8522,202,-2.4836125950074477,-0.3433396408204892,2.1402729541869587
seed20260910_n5000,5000,Attentive CNP,m1,2,101,DEP,DEP,supported,828,464,21.01865733799767,0.008414850770233073,21.010242487227437
seed20260910_n5000,5000,Attentive CNP,m1,2,101,feature_1620kev,"1,620.74-keV feature",supported,790,541,-25.547158333138352,-0.003233974237659698,25.543924358900693
seed20260910_n5000,5000,Attentive CNP,m1,2,101,SE,SE,supported,1356,657,-28.4731482603952,-0.007353891661038281,28.46579436873416
seed20260910_n5000,5000,Attentive CNP,m1,2,101,FE,FE,supported,8522,202,-2.4836125950074477,-0.3436206220811422,2.1399919729263055
seed20260910_n5000,5000,Attentive CNP,m1,2,102,DEP,DEP,supported,828,464,21.01865733799767,0.009218188533610672,21.00943914946406
seed20260910_n5000,5000,Attentive CNP,m1,2,102,feature_1620kev,"1,620.74-keV feature",supported,790,541,-25.547158333138352,-0.004450391275612198,25.54270794186274
seed20260910_n5000,5000,Attentive CNP,m1,2,102,SE,SE,supported,1356,657,-28.4731482603952,-0.007097966021146762,28.46605029437405
seed20260910_n5000,5000,Attentive CNP,m1,2,102,FE,FE,supported,8522,202,-2.4836125950074477,-0.3445873999623039,2.1390251950451438
seed20260910_n5000,5000,Attentive CNP,m1,2,103,DEP,DEP,supported,828,464,21.01865733799767,0.0068680107396357215,21.011789327258036
seed20260910_n5000,5000,Attentive CNP,m1,2,103,feature_1620kev,"1,620.74-keV feature",supported,790,541,-25.547158333138352,-0.001762162131069278,25.545396171007283
seed20260910_n5000,5000,Attentive CNP,m1,2,103,SE,SE,supported,1356,657,-28.4731482603952,-0.00542032812251847,28.46772793227268
seed20260910_n5000,5000,Attentive CNP,m1,2,103,FE,FE,supported,8522,202,-2.4836125950074477,-0.336016083729318,2.1475965112781297
seed20260910_n5000,5000,Attentive CNP,m1,2,104,DEP,DEP,supported,828,464,21.01865733799767,0.007788276038267483,21.010869061959404
seed20260910_n5000,5000,Attentive CNP,m1,2,104,feature_1620kev,"1,620.74-keV feature",supported,790,541,-25.547158333138352,-0.002277057473332178,25.54488127566502
seed20260910_n5000,5000,Attentive CNP,m1,2,104,SE,SE,supported,1356,657,-28.4731482603952,-0.007004797614001967,28.466143462781197
seed20260910_n5000,5000,Attentive CNP,m1,2,104,FE,FE,supported,8522,202,-2.4836125950074477,-0.3389586350801832,2.1446539599272647
seed20260910_n5000,5000,Attentive CNP,m1,2,105,DEP,DEP,supported,828,464,21.01865733799767,0.008148162743482068,21.01050917525419
seed20260910_n5000,5000,Attentive CNP,m1,2,105,feature_1620kev,"1,620.74-keV feature",supported,790,541,-25.547158333138352,-0.00450494085547648,25.542653392282876
seed20260910_n5000,5000,Attentive CNP,m1,2,105,SE,SE,supported,1356,657,-28.4731482603952,-0.005770257985371341,28.467378002409827
seed20260910_n5000,5000,Attentive CNP,m1,2,105,FE,FE,supported,8522,202,-2.4836125950074477,-0.33628146186408525,2.1473311331433624
seed20260910_n5000,5000,Attentive CNP,m1,2,106,DEP,DEP,supported,828,464,21.01865733799767,0.008089393754617813,21.010567944243054
seed20260910_n5000,5000,Attentive CNP,m1,2,106,feature_1620kev,"1,620.74-keV feature",supported,790,541,-25.547158333138352,-0.0021151379076211896,25.545043195230733
seed20260910_n5000,5000,Attentive CNP,m1,2,106,SE,SE,supported,1356,657,-28.4731482603952,-0.005834301954849019,28.46731395844035
seed20260910_n5000,5000,Attentive CNP,m1,2,106,FE,FE,supported,8522,202,-2.4836125950074477,-0.33769546377944715,2.1459171312280008
seed20260910_n5000,5000,Attentive CNP,m1,2,107,DEP,DEP,supported,828,464,21.01865733799767,0.007899531298705131,21.010757806698965
seed20260910_n5000,5000,Attentive CNP,m1,2,107,feature_1620kev,"1,620.74-keV feature",supported,790,541,-25.547158333138352,-0.003801263221470119,25.543357069916883
seed20260910_n5000,5000,Attentive CNP,m1,2,107,SE,SE,supported,1356,657,-28.4731482603952,-0.005905946770778936,28.467242313624418
seed20260910_n5000,5000,Attentive CNP,m1,2,107,FE,FE,supported,8522,202,-2.4836125950074477,-0.33690957162379465,2.1467030233836533
seed20260910_n5000,5000,Attentive CNP,m1,2,108,DEP,DEP,supported,828,464,21.01865733799767,0.0077323871536583155,21.01092495084401
seed20260910_n5000,5000,Attentive CNP,m1,2,108,feature_1620kev,"1,620.74-keV feature",supported,790,541,-25.547158333138352,-0.0030792468127760486,25.544079086325578
seed20260910_n5000,5000,Attentive CNP,m1,2,108,SE,SE,supported,1356,657,-28.4731482603952,-0.005917243502240321,28.467231016892956
seed20260910_n5000,5000,Attentive CNP,m1,2,108,FE,FE,supported,8522,202,-2.4836125950074477,-0.33917499408814833,2.1444376009192996
seed20260910_n5000,5000,Attentive CNP,m1,2,109,DEP,DEP,supported,828,464,21.01865733799767,0.007625926042098552,21.01103141195557
seed20260910_n5000,5000,Attentive CNP,m1,2,109,feature_1620kev,"1,620.74-keV feature",supported,790,541,-25.547158333138352,-0.0032665320724767355,25.543891801065875
seed20260910_n5000,5000,Attentive CNP,m1,2,109,SE,SE,supported,1356,657,-28.4731482603952,-0.0062339877643868835,28.46691427263081
seed20260910_n5000,5000,Attentive CNP,m1,2,109,FE,FE,supported,8522,202,-2.4836125950074477,-0.34000699067630036,2.1436056043311473
seed20260910_n5000,5000,Attentive CNP + PE,m2,0,100,DEP,DEP,supported,828,464,21.01865733799767,13.483920120521464,7.534737217476206
seed20260910_n5000,5000,Attentive CNP + PE,m2,0,100,feature_1620kev,"1,620.74-keV feature",supported,790,541,-25.547158333138352,-26.6940835172856,1.146925184147246
seed20260910_n5000,5000,Attentive CNP + PE,m2,0,100,SE,SE,supported,1356,657,-28.4731482603952,-10.230042394981776,18.243105865413423
seed20260910_n5000,5000,Attentive CNP + PE,m2,0,100,FE,FE,supported,8522,202,-2.4836125950074477,-5.315959528707026,2.8323469336995784
seed20260910_n5000,5000,Attentive CNP + PE,m2,0,101,DEP,DEP,supported,828,464,21.01865733799767,14.187513837304605,6.831143500693066
seed20260910_n5000,5000,Attentive CNP + PE,m2,0,101,feature_1620kev,"1,620.74-keV feature",supported,790,541,-25.547158333138352,-25.446831572995293,0.10032676014306019
seed20260910_n5000,5000,Attentive CNP + PE,m2,0,101,SE,SE,supported,1356,657,-28.4731482603952,-9.62703265663159,18.846115603763607
seed20260910_n5000,5000,Attentive CNP + PE,m2,0,101,FE,FE,supported,8522,202,-2.4836125950074477,-3.961467222328463,1.4778546273210154
seed20260910_n5000,5000,Attentive CNP + PE,m2,0,102,DEP,DEP,supported,828,464,21.01865733799767,14.022913787515728,6.995743550481942
seed20260910_n5000,5000,Attentive CNP + PE,m2,0,102,feature_1620kev,"1,620.74-keV feature",supported,790,541,-25.547158333138352,-25.38367163013296,0.16348670300539436
seed20260910_n5000,5000,Attentive CNP + PE,m2,0,102,SE,SE,supported,1356,657,-28.4731482603952,-8.982808466670654,19.490339793724544
seed20260910_n5000,5000,Attentive CNP + PE,m2,0,102,FE,FE,supported,8522,202,-2.4836125950074477,-3.8222758214207344,1.3386632264132863
seed20260910_n5000,5000,Attentive CNP + PE,m2,0,103,DEP,DEP,supported,828,464,21.01865733799767,14.056365913900159,6.962291424097511
seed20260910_n5000,5000,Attentive CNP + PE,m2,0,103,feature_1620kev,"1,620.74-keV feature",supported,790,541,-25.547158333138352,-27.9034835118305,2.356325178692148
seed20260910_n5000,5000,Attentive CNP + PE,m2,0,103,SE,SE,supported,1356,657,-28.4731482603952,-11.553062523120666,16.920085737274533
seed20260910_n5000,5000,Attentive CNP + PE,m2,0,103,FE,FE,supported,8522,202,-2.4836125950074477,-7.857038338990286,5.373425743982837
seed20260910_n5000,5000,Attentive CNP + PE,m2,0,104,DEP,DEP,supported,828,464,21.01865733799767,14.292262501467224,6.726394836530448
seed20260910_n5000,5000,Attentive CNP + PE,m2,0,104,feature_1620kev,"1,620.74-keV feature",supported,790,541,-25.547158333138352,-27.322807967788037,1.7756496346496842
seed20260910_n5000,5000,Attentive CNP + PE,m2,0,104,SE,SE,supported,1356,657,-28.4731482603952,-10.339345572141717,18.133802688253482
seed20260910_n5000,5000,Attentive CNP + PE,m2,0,104,FE,FE,supported,8522,202,-2.4836125950074477,-6.252797252027753,3.7691846570203054
seed20260910_n5000,5000,Attentive CNP + PE,m2,0,105,DEP,DEP,supported,828,464,21.01865733799767,14.065078147357745,6.953579190639925
seed20260910_n5000,5000,Attentive CNP + PE,m2,0,105,feature_1620kev,"1,620.74-keV feature",supported,790,541,-25.547158333138352,-27.906165209347172,2.359006876208819
seed20260910_n5000,5000,Attentive CNP + PE,m2,0,105,SE,SE,supported,1356,657,-28.4731482603952,-10.902567424531167,17.570580835864032
seed20260910_n5000,5000,Attentive CNP + PE,m2,0,105,FE,FE,supported,8522,202,-2.4836125950074477,-7.335037976960845,4.851425381953398
seed20260910_n5000,5000,Attentive CNP + PE,m2,0,106,DEP,DEP,supported,828,464,21.01865733799767,13.910234840697349,7.108422497300321
seed20260910_n5000,5000,Attentive CNP + PE,m2,0,106,feature_1620kev,"1,620.74-keV feature",supported,790,541,-25.547158333138352,-27.61099637052377,2.063838037385418
seed20260910_n5000,5000,Attentive CNP + PE,m2,0,106,SE,SE,supported,1356,657,-28.4731482603952,-10.26291125250382,18.21023700789138
seed20260910_n5000,5000,Attentive CNP + PE,m2,0,106,FE,FE,supported,8522,202,-2.4836125950074477,-6.4539402239795045,3.9703276289720564
seed20260910_n5000,5000,Attentive CNP + PE,m2,0,107,DEP,DEP,supported,828,464,21.01865733799767,14.114739411304233,6.9039179266934365
seed20260910_n5000,5000,Attentive CNP + PE,m2,0,107,feature_1620kev,"1,620.74-keV feature",supported,790,541,-25.547158333138352,-26.97337854776562,1.4262202146272662
seed20260910_n5000,5000,Attentive CNP + PE,m2,0,107,SE,SE,supported,1356,657,-28.4731482603952,-10.780514482689057,17.692633777706142
seed20260910_n5000,5000,Attentive CNP + PE,m2,0,107,FE,FE,supported,8522,202,-2.4836125950074477,-6.176819908706816,3.6932073136993675
seed20260910_n5000,5000,Attentive CNP + PE,m2,0,108,DEP,DEP,supported,828,464,21.01865733799767,14.432556325590228,6.5861010124074415
seed20260910_n5000,5000,Attentive CNP + PE,m2,0,108,feature_1620kev,"1,620.74-keV feature",supported,790,541,-25.547158333138352,-26.50136727105073,0.9542089379123764
seed20260910_n5000,5000,Attentive CNP + PE,m2,0,108,SE,SE,supported,1356,657,-28.4731482603952,-10.847653094375342,17.625495166019856
seed20260910_n5000,5000,Attentive CNP + PE,m2,0,108,FE,FE,supported,8522,202,-2.4836125950074477,-6.138034124560016,3.6544215295525677
seed20260910_n5000,5000,Attentive CNP + PE,m2,0,109,DEP,DEP,supported,828,464,21.01865733799767,13.600016172233376,7.418641165764295
seed20260910_n5000,5000,Attentive CNP + PE,m2,0,109,feature_1620kev,"1,620.74-keV feature",supported,790,541,-25.547158333138352,-26.780077322915723,1.2329189897773707
seed20260910_n5000,5000,Attentive CNP + PE,m2,0,109,SE,SE,supported,1356,657,-28.4731482603952,-10.189550883621834,18.283597376773365
seed20260910_n5000,5000,Attentive CNP + PE,m2,0,109,FE,FE,supported,8522,202,-2.4836125950074477,-5.752756119282548,3.2691435242751004
seed20260910_n5000,5000,Attentive CNP + PE,m2,1,100,DEP,DEP,supported,828,464,21.01865733799767,19.982430977834248,1.0362263601634225
seed20260910_n5000,5000,Attentive CNP + PE,m2,1,100,feature_1620kev,"1,620.74-keV feature",supported,790,541,-25.547158333138352,-24.905335442826726,0.6418228903116274
seed20260910_n5000,5000,Attentive CNP + PE,m2,1,100,SE,SE,supported,1356,657,-28.4731482603952,-10.377513654985309,18.095634605409888
seed20260910_n5000,5000,Attentive CNP + PE,m2,1,100,FE,FE,supported,8522,202,-2.4836125950074477,-9.935629521176844,7.452016926169397
seed20260910_n5000,5000,Attentive CNP + PE,m2,1,101,DEP,DEP,supported,828,464,21.01865733799767,19.755194231396935,1.2634631066007374
seed20260910_n5000,5000,Attentive CNP + PE,m2,1,101,feature_1620kev,"1,620.74-keV feature",supported,790,541,-25.547158333138352,-25.457364957502328,0.08979337563602696
seed20260910_n5000,5000,Attentive CNP + PE,m2,1,101,SE,SE,supported,1356,657,-28.4731482603952,-9.063943770222933,19.409204490172264
seed20260910_n5000,5000,Attentive CNP + PE,m2,1,101,FE,FE,supported,8522,202,-2.4836125950074477,-9.093699295941878,6.610086700934431
seed20260910_n5000,5000,Attentive CNP + PE,m2,1,102,DEP,DEP,supported,828,464,21.01865733799767,18.844910076102916,2.173747261894754
seed20260910_n5000,5000,Attentive CNP + PE,m2,1,102,feature_1620kev,"1,620.74-keV feature",supported,790,541,-25.547158333138352,-25.614716560723437,0.067558227585085
seed20260910_n5000,5000,Attentive CNP + PE,m2,1,102,SE,SE,supported,1356,657,-28.4731482603952,-8.600625327320287,19.87252293307491
seed20260910_n5000,5000,Attentive CNP + PE,m2,1,102,FE,FE,supported,8522,202,-2.4836125950074477,-8.650064678332237,6.1664520833247884
seed20260910_n5000,5000,Attentive CNP + PE,m2,1,103,DEP,DEP,supported,828,464,21.01865733799767,20.585508777395617,0.43314856060205353
seed20260910_n5000,5000,Attentive CNP + PE,m2,1,103,feature_1620kev,"1,620.74-keV feature",supported,790,541,-25.547158333138352,-26.53028876884132,0.9831304357029669
seed20260910_n5000,5000,Attentive CNP + PE,m2,1,103,SE,SE,supported,1356,657,-28.4731482603952,-10.513370548890189,17.95977771150501
seed20260910_n5000,5000,Attentive CNP + PE,m2,1,103,FE,FE,supported,8522,202,-2.4836125950074477,-10.904572885656908,8.42096029064946
seed20260910_n5000,5000,Attentive CNP + PE,m2,1,104,DEP,DEP,supported,828,464,21.01865733799767,20.471802751487328,0.5468545865103425
seed20260910_n5000,5000,Attentive CNP + PE,m2,1,104,feature_1620kev,"1,620.74-keV feature",supported,790,541,-25.547158333138352,-26.322253021388363,0.7750946882500109
seed20260910_n5000,5000,Attentive CNP + PE,m2,1,104,SE,SE,supported,1356,657,-28.4731482603952,-10.604995424554604,17.868152835840593
seed20260910_n5000,5000,Attentive CNP + PE,m2,1,104,FE,FE,supported,8522,202,-2.4836125950074477,-10.720320931805427,8.23670833679798
seed20260910_n5000,5000,Attentive CNP + PE,m2,1,105,DEP,DEP,supported,828,464,21.01865733799767,20.20797597814544,0.8106813598522278
seed20260910_n5000,5000,Attentive CNP + PE,m2,1,105,feature_1620kev,"1,620.74-keV feature",supported,790,541,-25.547158333138352,-26.736756496354687,1.1895981632163322
seed20260910_n5000,5000,Attentive CNP + PE,m2,1,105,SE,SE,supported,1356,657,-28.4731482603952,-10.567292880485201,17.905855379909998
seed20260910_n5000,5000,Attentive CNP + PE,m2,1,105,FE,FE,supported,8522,202,-2.4836125950074477,-10.792796220345219,8.309183625337772
seed20260910_n5000,5000,Attentive CNP + PE,m2,1,106,DEP,DEP,supported,828,464,21.01865733799767,19.69882201867644,1.3198353193212276
seed20260910_n5000,5000,Attentive CNP + PE,m2,1,106,feature_1620kev,"1,620.74-keV feature",supported,790,541,-25.547158333138352,-26.235321557243452,0.6881632241050983
seed20260910_n5000,5000,Attentive CNP + PE,m2,1,106,SE,SE,supported,1356,657,-28.4731482603952,-9.263461453955129,19.209686806440068
seed20260910_n5000,5000,Attentive CNP + PE,m2,1,106,FE,FE,supported,8522,202,-2.4836125950074477,-9.483569927045284,6.999957332037837
seed20260910_n5000,5000,Attentive CNP + PE,m2,1,107,DEP,DEP,supported,828,464,21.01865733799767,20.273844536639025,0.7448128013586464
seed20260910_n5000,5000,Attentive CNP + PE,m2,1,107,feature_1620kev,"1,620.74-keV feature",supported,790,541,-25.547158333138352,-26.220368714833626,0.6732103816952717
seed20260910_n5000,5000,Attentive CNP + PE,m2,1,107,SE,SE,supported,1356,657,-28.4731482603952,-10.557290002510788,17.91585825788441
seed20260910_n5000,5000,Attentive CNP + PE,m2,1,107,FE,FE,supported,8522,202,-2.4836125950074477,-10.726524768521148,8.2429121735137
seed20260910_n5000,5000,Attentive CNP + PE,m2,1,108,DEP,DEP,supported,828,464,21.01865733799767,20.511549317543754,0.5071080204539169
seed20260910_n5000,5000,Attentive CNP + PE,m2,1,108,feature_1620kev,"1,620.74-keV feature",supported,790,541,-25.547158333138352,-25.969440473414068,0.42228214027571487
seed20260910_n5000,5000,Attentive CNP + PE,m2,1,108,SE,SE,supported,1356,657,-28.4731482603952,-10.235120925151175,18.238027335244023
seed20260910_n5000,5000,Attentive CNP + PE,m2,1,108,FE,FE,supported,8522,202,-2.4836125950074477,-10.481862348672575,7.998249753665126
seed20260910_n5000,5000,Attentive CNP + PE,m2,1,109,DEP,DEP,supported,828,464,21.01865733799767,20.095763196397932,0.9228941415997394
seed20260910_n5000,5000,Attentive CNP + PE,m2,1,109,feature_1620kev,"1,620.74-keV feature",supported,790,541,-25.547158333138352,-26.062809920153203,0.5156515870148481
seed20260910_n5000,5000,Attentive CNP + PE,m2,1,109,SE,SE,supported,1356,657,-28.4731482603952,-9.498012563014784,18.975135697380413
seed20260910_n5000,5000,Attentive CNP + PE,m2,1,109,FE,FE,supported,8522,202,-2.4836125950074477,-9.572217647767811,7.0886050527603635
seed20260910_n5000,5000,Attentive CNP + PE,m2,2,100,DEP,DEP,supported,828,464,21.01865733799767,15.671496705478132,5.347160632519538
seed20260910_n5000,5000,Attentive CNP + PE,m2,2,100,feature_1620kev,"1,620.74-keV feature",supported,790,541,-25.547158333138352,-22.944035335441026,2.603122997697327
seed20260910_n5000,5000,Attentive CNP + PE,m2,2,100,SE,SE,supported,1356,657,-28.4731482603952,-4.9291716937242605,23.54397656667094
seed20260910_n5000,5000,Attentive CNP + PE,m2,2,100,FE,FE,supported,8522,202,-2.4836125950074477,-11.353916041478351,8.870303446470903
seed20260910_n5000,5000,Attentive CNP + PE,m2,2,101,DEP,DEP,supported,828,464,21.01865733799767,16.605398752815052,4.413258585182617
seed20260910_n5000,5000,Attentive CNP + PE,m2,2,101,feature_1620kev,"1,620.74-keV feature",supported,790,541,-25.547158333138352,-23.24999404179384,2.297164291344511
seed20260910_n5000,5000,Attentive CNP + PE,m2,2,101,SE,SE,supported,1356,657,-28.4731482603952,-5.256098592472746,23.217049667922453
seed20260910_n5000,5000,Attentive CNP + PE,m2,2,101,FE,FE,supported,8522,202,-2.4836125950074477,-9.640936973415004,7.157324378407556
seed20260910_n5000,5000,Attentive CNP + PE,m2,2,102,DEP,DEP,supported,828,464,21.01865733799767,16.200553362902987,4.818103975094684
seed20260910_n5000,5000,Attentive CNP + PE,m2,2,102,feature_1620kev,"1,620.74-keV feature",supported,790,541,-25.547158333138352,-23.384908440224585,2.16224989291377
seed20260910_n5000,5000,Attentive CNP + PE,m2,2,102,SE,SE,supported,1356,657,-28.4731482603952,-4.8715420794368525,23.601606180958346
seed20260910_n5000,5000,Attentive CNP + PE,m2,2,102,FE,FE,supported,8522,202,-2.4836125950074477,-9.976543941470407,7.492931346462958
seed20260910_n5000,5000,Attentive CNP + PE,m2,2,103,DEP,DEP,supported,828,464,21.01865733799767,16.912212276192207,4.106445061805464
seed20260910_n5000,5000,Attentive CNP + PE,m2,2,103,feature_1620kev,"1,620.74-keV feature",supported,790,541,-25.547158333138352,-24.762849904834628,0.784308428303726
seed20260910_n5000,5000,Attentive CNP + PE,m2,2,103,SE,SE,supported,1356,657,-28.4731482603952,-5.8229286246110785,22.65021963578412
seed20260910_n5000,5000,Attentive CNP + PE,m2,2,103,FE,FE,supported,8522,202,-2.4836125950074477,-12.507737117462131,10.024124522454683
seed20260910_n5000,5000,Attentive CNP + PE,m2,2,104,DEP,DEP,supported,828,464,21.01865733799767,16.52415376020161,4.494503577796061
seed20260910_n5000,5000,Attentive CNP + PE,m2,2,104,feature_1620kev,"1,620.74-keV feature",supported,790,541,-25.547158333138352,-23.81377483985784,1.7333834932805159
seed20260910_n5000,5000,Attentive CNP + PE,m2,2,104,SE,SE,supported,1356,657,-28.4731482603952,-5.197156337546888,23.27599192284831
seed20260910_n5000,5000,Attentive CNP + PE,m2,2,104,FE,FE,supported,8522,202,-2.4836125950074477,-11.27640800497327,8.792795409965823
seed20260910_n5000,5000,Attentive CNP + PE,m2,2,105,DEP,DEP,supported,828,464,21.01865733799767,16.610751784186583,4.407905553811087
seed20260910_n5000,5000,Attentive CNP + PE,m2,2,105,feature_1620kev,"1,620.74-keV feature",supported,790,541,-25.547158333138352,-24.05125962210932,1.4958987110290312
seed20260910_n5000,5000,Attentive CNP + PE,m2,2,105,SE,SE,supported,1356,657,-28.4731482603952,-5.427111062364015,23.046037198031183
seed20260910_n5000,5000,Attentive CNP + PE,m2,2,105,FE,FE,supported,8522,202,-2.4836125950074477,-11.248515223135325,8.764902628127876
seed20260910_n5000,5000,Attentive CNP + PE,m2,2,106,DEP,DEP,supported,828,464,21.01865733799767,16.68534789402816,4.3333094439695135
seed20260910_n5000,5000,Attentive CNP + PE,m2,2,106,feature_1620kev,"1,620.74-keV feature",supported,790,541,-25.547158333138352,-24.488253463860644,1.0589048692777103
seed20260910_n5000,5000,Attentive CNP + PE,m2,2,106,SE,SE,supported,1356,657,-28.4731482603952,-5.54637547989783,22.926772780497366
seed20260910_n5000,5000,Attentive CNP + PE,m2,2,106,FE,FE,supported,8522,202,-2.4836125950074477,-11.195998061869055,8.712385466861608
seed20260910_n5000,5000,Attentive CNP + PE,m2,2,107,DEP,DEP,supported,828,464,21.01865733799767,16.512735011007575,4.505922326990097
seed20260910_n5000,5000,Attentive CNP + PE,m2,2,107,feature_1620kev,"1,620.74-keV feature",supported,790,541,-25.547158333138352,-23.818129516639857,1.7290288164984957
seed20260910_n5000,5000,Attentive CNP + PE,m2,2,107,SE,SE,supported,1356,657,-28.4731482603952,-4.896759407086354,23.576388853308845
seed20260910_n5000,5000,Attentive CNP + PE,m2,2,107,FE,FE,supported,8522,202,-2.4836125950074477,-10.938288843630872,8.454676248623425
seed20260910_n5000,5000,Attentive CNP + PE,m2,2,108,DEP,DEP,supported,828,464,21.01865733799767,16.74461526259694,4.274042075400731
seed20260910_n5000,5000,Attentive CNP + PE,m2,2,108,feature_1620kev,"1,620.74-keV feature",supported,790,541,-25.547158333138352,-23.598278670027785,1.9488796631105698
seed20260910_n5000,5000,Attentive CNP + PE,m2,2,108,SE,SE,supported,1356,657,-28.4731482603952,-5.239130129915814,23.234018130479384
seed20260910_n5000,5000,Attentive CNP + PE,m2,2,108,FE,FE,supported,8522,202,-2.4836125950074477,-10.53368065958653,8.050068064579083
seed20260910_n5000,5000,Attentive CNP + PE,m2,2,109,DEP,DEP,supported,828,464,21.01865733799767,15.823055465665592,5.1956018723320785
seed20260910_n5000,5000,Attentive CNP + PE,m2,2,109,feature_1620kev,"1,620.74-keV feature",supported,790,541,-25.547158333138352,-23.133923512572487,2.4132348205658682
seed20260910_n5000,5000,Attentive CNP + PE,m2,2,109,SE,SE,supported,1356,657,-28.4731482603952,-4.758646760985785,23.714501499409412
seed20260910_n5000,5000,Attentive CNP + PE,m2,2,109,FE,FE,supported,8522,202,-2.4836125950074477,-10.328949534720843,7.845336939713396
seed20260910_n5000,5000,Density-guided CNP (ours),ours,0,100,DEP,DEP,supported,828,464,21.01865733799767,13.620081243668237,7.398576094329434
seed20260910_n5000,5000,Density-guided CNP (ours),ours,0,100,feature_1620kev,"1,620.74-keV feature",supported,790,541,-25.547158333138352,-22.176743608745543,3.3704147243928118
seed20260910_n5000,5000,Density-guided CNP (ours),ours,0,100,SE,SE,supported,1356,657,-28.4731482603952,-6.908824708373307,21.56432355202189
seed20260910_n5000,5000,Density-guided CNP (ours),ours,0,100,FE,FE,supported,8522,202,-2.4836125950074477,-9.512390883862864,7.028778288855417
seed20260910_n5000,5000,Density-guided CNP (ours),ours,0,101,DEP,DEP,supported,828,464,21.01865733799767,15.972170788073647,5.046486549924023
seed20260910_n5000,5000,Density-guided CNP (ours),ours,0,101,feature_1620kev,"1,620.74-keV feature",supported,790,541,-25.547158333138352,-19.43278837504023,6.114369958098126
seed20260910_n5000,5000,Density-guided CNP (ours),ours,0,101,SE,SE,supported,1356,657,-28.4731482603952,-6.928585949147798,21.5445623112474
seed20260910_n5000,5000,Density-guided CNP (ours),ours,0,101,FE,FE,supported,8522,202,-2.4836125950074477,-7.65593884600595,5.172326250998502
seed20260910_n5000,5000,Density-guided CNP (ours),ours,0,102,DEP,DEP,supported,828,464,21.01865733799767,14.589695764532717,6.428961573464953
seed20260910_n5000,5000,Density-guided CNP (ours),ours,0,102,feature_1620kev,"1,620.74-keV feature",supported,790,541,-25.547158333138352,-21.177739309014626,4.369419024123728
seed20260910_n5000,5000,Density-guided CNP (ours),ours,0,102,SE,SE,supported,1356,657,-28.4731482603952,-6.901780131550417,21.57136812884478
seed20260910_n5000,5000,Density-guided CNP (ours),ours,0,102,FE,FE,supported,8522,202,-2.4836125950074477,-8.59572908417884,6.1121164891713935
seed20260910_n5000,5000,Density-guided CNP (ours),ours,0,103,DEP,DEP,supported,828,464,21.01865733799767,13.683692939028413,7.334964398969257
seed20260910_n5000,5000,Density-guided CNP (ours),ours,0,103,feature_1620kev,"1,620.74-keV feature",supported,790,541,-25.547158333138352,-22.109790100389187,3.437368232749166
seed20260910_n5000,5000,Density-guided CNP (ours),ours,0,103,SE,SE,supported,1356,657,-28.4731482603952,-7.022705988661398,21.4504422717338
seed20260910_n5000,5000,Density-guided CNP (ours),ours,0,103,FE,FE,supported,8522,202,-2.4836125950074477,-9.134474931558268,6.650862336550819
seed20260910_n5000,5000,Density-guided CNP (ours),ours,0,104,DEP,DEP,supported,828,464,21.01865733799767,16.183604481964984,4.835052856032684
seed20260910_n5000,5000,Density-guided CNP (ours),ours,0,104,feature_1620kev,"1,620.74-keV feature",supported,790,541,-25.547158333138352,-19.1178822341434,6.429276098994952
seed20260910_n5000,5000,Density-guided CNP (ours),ours,0,104,SE,SE,supported,1356,657,-28.4731482603952,-6.921825485918559,21.55132277447664
seed20260910_n5000,5000,Density-guided CNP (ours),ours,0,104,FE,FE,supported,8522,202,-2.4836125950074477,-9.248164657502922,6.764552062495474
seed20260910_n5000,5000,Density-guided CNP (ours),ours,0,105,DEP,DEP,supported,828,464,21.01865733799767,14.306975121311838,6.7116822166858325
seed20260910_n5000,5000,Density-guided CNP (ours),ours,0,105,feature_1620kev,"1,620.74-keV feature",supported,790,541,-25.547158333138352,-21.463168687121094,4.083989646017261
seed20260910_n5000,5000,Density-guided CNP (ours),ours,0,105,SE,SE,supported,1356,657,-28.4731482603952,-6.9588051574307865,21.51434310296441
seed20260910_n5000,5000,Density-guided CNP (ours),ours,0,105,FE,FE,supported,8522,202,-2.4836125950074477,-9.713677425461665,7.230064830454216
seed20260910_n5000,5000,Density-guided CNP (ours),ours,0,106,DEP,DEP,supported,828,464,21.01865733799767,14.59018580604785,6.428471531949819
seed20260910_n5000,5000,Density-guided CNP (ours),ours,0,106,feature_1620kev,"1,620.74-keV feature",supported,790,541,-25.547158333138352,-21.205312460450624,4.341845872687728
seed20260910_n5000,5000,Density-guided CNP (ours),ours,0,106,SE,SE,supported,1356,657,-28.4731482603952,-7.021019875909923,21.452128384485274
seed20260910_n5000,5000,Density-guided CNP (ours),ours,0,106,FE,FE,supported,8522,202,-2.4836125950074477,-9.355457785095686,6.871845190088238
seed20260910_n5000,5000,Density-guided CNP (ours),ours,0,107,DEP,DEP,supported,828,464,21.01865733799767,15.608219734955142,5.410437603042528
seed20260910_n5000,5000,Density-guided CNP (ours),ours,0,107,feature_1620kev,"1,620.74-keV feature",supported,790,541,-25.547158333138352,-19.762292656797086,5.7848656763412665
seed20260910_n5000,5000,Density-guided CNP (ours),ours,0,107,SE,SE,supported,1356,657,-28.4731482603952,-6.959313863460931,21.513834396934268
seed20260910_n5000,5000,Density-guided CNP (ours),ours,0,107,FE,FE,supported,8522,202,-2.4836125950074477,-9.415991820259528,6.93237922525208
seed20260910_n5000,5000,Density-guided CNP (ours),ours,0,108,DEP,DEP,supported,828,464,21.01865733799767,14.956861177158709,6.061796160838961
seed20260910_n5000,5000,Density-guided CNP (ours),ours,0,108,feature_1620kev,"1,620.74-keV feature",supported,790,541,-25.547158333138352,-20.79034659006387,4.7568117430744845
seed20260910_n5000,5000,Density-guided CNP (ours),ours,0,108,SE,SE,supported,1356,657,-28.4731482603952,-6.969129210922392,21.504019049472806
seed20260910_n5000,5000,Density-guided CNP (ours),ours,0,108,FE,FE,supported,8522,202,-2.4836125950074477,-8.633970271269211,6.150357676261764
seed20260910_n5000,5000,Density-guided CNP (ours),ours,0,109,DEP,DEP,supported,828,464,21.01865733799767,14.5494594609887,6.46919787700897
seed20260910_n5000,5000,Density-guided CNP (ours),ours,0,109,feature_1620kev,"1,620.74-keV feature",supported,790,541,-25.547158333138352,-21.318651586060945,4.228506747077409
seed20260910_n5000,5000,Density-guided CNP (ours),ours,0,109,SE,SE,supported,1356,657,-28.4731482603952,-6.982310945932535,21.490837314462663
seed20260910_n5000,5000,Density-guided CNP (ours),ours,0,109,FE,FE,supported,8522,202,-2.4836125950074477,-9.334978365831056,6.851365770823609
seed20260910_n5000,5000,Density-guided CNP (ours),ours,1,100,DEP,DEP,supported,828,464,21.01865733799767,11.93574032310024,9.08291701489743
seed20260910_n5000,5000,Density-guided CNP (ours),ours,1,100,feature_1620kev,"1,620.74-keV feature",supported,790,541,-25.547158333138352,-21.480612894144063,4.06654543899429
seed20260910_n5000,5000,Density-guided CNP (ours),ours,1,100,SE,SE,supported,1356,657,-28.4731482603952,-8.08769224463588,20.385456015759317
seed20260910_n5000,5000,Density-guided CNP (ours),ours,1,100,FE,FE,supported,8522,202,-2.4836125950074477,-12.820574024758674,10.336961429751227
seed20260910_n5000,5000,Density-guided CNP (ours),ours,1,101,DEP,DEP,supported,828,464,21.01865733799767,15.262076807713044,5.756580530284627
seed20260910_n5000,5000,Density-guided CNP (ours),ours,1,101,feature_1620kev,"1,620.74-keV feature",supported,790,541,-25.547158333138352,-18.49552749971613,7.051630833422223
seed20260910_n5000,5000,Density-guided CNP (ours),ours,1,101,SE,SE,supported,1356,657,-28.4731482603952,-7.796832880525356,20.67631537986984
seed20260910_n5000,5000,Density-guided CNP (ours),ours,1,101,FE,FE,supported,8522,202,-2.4836125950074477,-13.55848951400801,11.074876919000562
seed20260910_n5000,5000,Density-guided CNP (ours),ours,1,102,DEP,DEP,supported,828,464,21.01865733799767,13.318037323556897,7.700620014440773
seed20260910_n5000,5000,Density-guided CNP (ours),ours,1,102,feature_1620kev,"1,620.74-keV feature",supported,790,541,-25.547158333138352,-20.432845562460066,5.1143127706782865
seed20260910_n5000,5000,Density-guided CNP (ours),ours,1,102,SE,SE,supported,1356,657,-28.4731482603952,-8.153147484704048,20.32000077569115
seed20260910_n5000,5000,Density-guided CNP (ours),ours,1,102,FE,FE,supported,8522,202,-2.4836125950074477,-13.492676469587067,11.009063874579619
seed20260910_n5000,5000,Density-guided CNP (ours),ours,1,103,DEP,DEP,supported,828,464,21.01865733799767,12.099087977025702,8.919569360971968
seed20260910_n5000,5000,Density-guided CNP (ours),ours,1,103,feature_1620kev,"1,620.74-keV feature",supported,790,541,-25.547158333138352,-21.38722372944511,4.159934603693244
seed20260910_n5000,5000,Density-guided CNP (ours),ours,1,103,SE,SE,supported,1356,657,-28.4731482603952,-7.390611181207518,21.08253707918768
seed20260910_n5000,5000,Density-guided CNP (ours),ours,1,103,FE,FE,supported,8522,202,-2.4836125950074477,-12.779940204498939,10.29632760949149
seed20260910_n5000,5000,Density-guided CNP (ours),ours,1,104,DEP,DEP,supported,828,464,21.01865733799767,15.525379989780252,5.493277348217418
seed20260910_n5000,5000,Density-guided CNP (ours),ours,1,104,feature_1620kev,"1,620.74-keV feature",supported,790,541,-25.547158333138352,-18.170039886578635,7.377118446559717
seed20260910_n5000,5000,Density-guided CNP (ours),ours,1,104,SE,SE,supported,1356,657,-28.4731482603952,-7.871408129402946,20.60174013099225
seed20260910_n5000,5000,Density-guided CNP (ours),ours,1,104,FE,FE,supported,8522,202,-2.4836125950074477,-14.039240081887616,11.555627486880168
seed20260910_n5000,5000,Density-guided CNP (ours),ours,1,105,DEP,DEP,supported,828,464,21.01865733799767,13.002089543255979,8.016567794741691
seed20260910_n5000,5000,Density-guided CNP (ours),ours,1,105,feature_1620kev,"1,620.74-keV feature",supported,790,541,-25.547158333138352,-20.705903331877977,4.841255001260375
seed20260910_n5000,5000,Density-guided CNP (ours),ours,1,105,SE,SE,supported,1356,657,-28.4731482603952,-7.583547644495287,20.889600615899912
seed20260910_n5000,5000,Density-guided CNP (ours),ours,1,105,FE,FE,supported,8522,202,-2.4836125950074477,-12.478162054944713,9.994549459937266
seed20260910_n5000,5000,Density-guided CNP (ours),ours,1,106,DEP,DEP,supported,828,464,21.01865733799767,13.399418105991401,7.61923923200627
seed20260910_n5000,5000,Density-guided CNP (ours),ours,1,106,feature_1620kev,"1,620.74-keV feature",supported,790,541,-25.547158333138352,-20.392375910603388,5.154782422534964
seed20260910_n5000,5000,Density-guided CNP (ours),ours,1,106,SE,SE,supported,1356,657,-28.4731482603952,-7.390571181642958,21.08257707875224
seed20260910_n5000,5000,Density-guided CNP (ours),ours,1,106,FE,FE,supported,8522,202,-2.4836125950074477,-13.26768960341801,10.784077008410561
seed20260910_n5000,5000,Density-guided CNP (ours),ours,1,107,DEP,DEP,supported,828,464,21.01865733799767,14.768200397649078,6.250456940348592
seed20260910_n5000,5000,Density-guided CNP (ours),ours,1,107,feature_1620kev,"1,620.74-keV feature",supported,790,541,-25.547158333138352,-18.94951386630821,6.597644466830143
seed20260910_n5000,5000,Density-guided CNP (ours),ours,1,107,SE,SE,supported,1356,657,-28.4731482603952,-7.677041571713178,20.79610668868202
seed20260910_n5000,5000,Density-guided CNP (ours),ours,1,107,FE,FE,supported,8522,202,-2.4836125950074477,-14.050843502004136,11.56723090699669
seed20260910_n5000,5000,Density-guided CNP (ours),ours,1,108,DEP,DEP,supported,828,464,21.01865733799767,13.788536996142698,7.230120341854973
seed20260910_n5000,5000,Density-guided CNP (ours),ours,1,108,feature_1620kev,"1,620.74-keV feature",supported,790,541,-25.547158333138352,-20.057580646730578,5.489577686407776
seed20260910_n5000,5000,Density-guided CNP (ours),ours,1,108,SE,SE,supported,1356,657,-28.4731482603952,-7.644161533957783,20.828986726437414
seed20260910_n5000,5000,Density-guided CNP (ours),ours,1,108,FE,FE,supported,8522,202,-2.4836125950074477,-14.087120427546514,11.603507832539067
seed20260910_n5000,5000,Density-guided CNP (ours),ours,1,109,DEP,DEP,supported,828,464,21.01865733799767,13.334720623584062,7.683936714413608
seed20260910_n5000,5000,Density-guided CNP (ours),ours,1,109,feature_1620kev,"1,620.74-keV feature",supported,790,541,-25.547158333138352,-20.50706273722604,5.040095595912314
seed20260910_n5000,5000,Density-guided CNP (ours),ours,1,109,SE,SE,supported,1356,657,-28.4731482603952,-7.540564355106788,20.93258390528841
seed20260910_n5000,5000,Density-guided CNP (ours),ours,1,109,FE,FE,supported,8522,202,-2.4836125950074477,-12.771057331918131,10.287444736910684
seed20260910_n5000,5000,Density-guided CNP (ours),ours,2,100,DEP,DEP,supported,828,464,21.01865733799767,10.21329620982765,10.805361128170022
seed20260910_n5000,5000,Density-guided CNP (ours),ours,2,100,feature_1620kev,"1,620.74-keV feature",supported,790,541,-25.547158333138352,-23.293808205181826,2.2533501279565273
seed20260910_n5000,5000,Density-guided CNP (ours),ours,2,100,SE,SE,supported,1356,657,-28.4731482603952,-8.231985382560403,20.241162877834796
seed20260910_n5000,5000,Density-guided CNP (ours),ours,2,100,FE,FE,supported,8522,202,-2.4836125950074477,-2.7069801677724437,0.22336757276499586
seed20260910_n5000,5000,Density-guided CNP (ours),ours,2,101,DEP,DEP,supported,828,464,21.01865733799767,13.36153467749428,7.65712266050339
seed20260910_n5000,5000,Density-guided CNP (ours),ours,2,101,feature_1620kev,"1,620.74-keV feature",supported,790,541,-25.547158333138352,-20.654450511806953,4.892707821331399
seed20260910_n5000,5000,Density-guided CNP (ours),ours,2,101,SE,SE,supported,1356,657,-28.4731482603952,-7.877599963423648,20.59554829697155
seed20260910_n5000,5000,Density-guided CNP (ours),ours,2,101,FE,FE,supported,8522,202,-2.4836125950074477,0.3534473878097688,2.8370599828172165
seed20260910_n5000,5000,Density-guided CNP (ours),ours,2,102,DEP,DEP,supported,828,464,21.01865733799767,11.364971046834471,9.653686291163199
seed20260910_n5000,5000,Density-guided CNP (ours),ours,2,102,feature_1620kev,"1,620.74-keV feature",supported,790,541,-25.547158333138352,-22.505251582642856,3.0419067504954986
seed20260910_n5000,5000,Density-guided CNP (ours),ours,2,102,SE,SE,supported,1356,657,-28.4731482603952,-8.270582645587627,20.202565614807572
seed20260910_n5000,5000,Density-guided CNP (ours),ours,2,102,FE,FE,supported,8522,202,-2.4836125950074477,-0.6692922082879471,1.8143203867195008
seed20260910_n5000,5000,Density-guided CNP (ours),ours,2,103,DEP,DEP,supported,828,464,21.01865733799767,10.278335429553021,10.740321908444649
seed20260910_n5000,5000,Density-guided CNP (ours),ours,2,103,feature_1620kev,"1,620.74-keV feature",supported,790,541,-25.547158333138352,-23.36174999293131,2.1854083402070454
seed20260910_n5000,5000,Density-guided CNP (ours),ours,2,103,SE,SE,supported,1356,657,-28.4731482603952,-7.636361107769806,20.83678715262539
seed20260910_n5000,5000,Density-guided CNP (ours),ours,2,103,FE,FE,supported,8522,202,-2.4836125950074477,-1.9816753060650727,0.5019372889423751
seed20260910_n5000,5000,Density-guided CNP (ours),ours,2,104,DEP,DEP,supported,828,464,21.01865733799767,13.656163628193097,7.362493709804574
seed20260910_n5000,5000,Density-guided CNP (ours),ours,2,104,feature_1620kev,"1,620.74-keV feature",supported,790,541,-25.547158333138352,-20.33868074894824,5.208477584190113
seed20260910_n5000,5000,Density-guided CNP (ours),ours,2,104,SE,SE,supported,1356,657,-28.4731482603952,-7.995707655621908,20.47744060477329
seed20260910_n5000,5000,Density-guided CNP (ours),ours,2,104,FE,FE,supported,8522,202,-2.4836125950074477,-1.7645128350400636,0.7190997599673843
seed20260910_n5000,5000,Density-guided CNP (ours),ours,2,105,DEP,DEP,supported,828,464,21.01865733799767,11.0610550870477,9.957602250949972
seed20260910_n5000,5000,Density-guided CNP (ours),ours,2,105,feature_1620kev,"1,620.74-keV feature",supported,790,541,-25.547158333138352,-22.79212269618472,2.755035636953634
seed20260910_n5000,5000,Density-guided CNP (ours),ours,2,105,SE,SE,supported,1356,657,-28.4731482603952,-7.8115683496067625,20.661579910788436
seed20260910_n5000,5000,Density-guided CNP (ours),ours,2,105,FE,FE,supported,8522,202,-2.4836125950074477,-3.4828751285578052,0.9992625335503574
seed20260910_n5000,5000,Density-guided CNP (ours),ours,2,106,DEP,DEP,supported,828,464,21.01865733799767,11.43853164325911,9.580125694738562
seed20260910_n5000,5000,Density-guided CNP (ours),ours,2,106,feature_1620kev,"1,620.74-keV feature",supported,790,541,-25.547158333138352,-22.461343276707346,3.085815056431007
seed20260910_n5000,5000,Density-guided CNP (ours),ours,2,106,SE,SE,supported,1356,657,-28.4731482603952,-7.605281209291881,20.867867051103318
seed20260910_n5000,5000,Density-guided CNP (ours),ours,2,106,FE,FE,supported,8522,202,-2.4836125950074477,-2.179931837987975,0.3036807570194727
seed20260910_n5000,5000,Density-guided CNP (ours),ours,2,107,DEP,DEP,supported,828,464,21.01865733799767,12.835654602077806,8.183002735919864
seed20260910_n5000,5000,Density-guided CNP (ours),ours,2,107,feature_1620kev,"1,620.74-keV feature",supported,790,541,-25.547158333138352,-21.096963202432022,4.45019513070633
seed20260910_n5000,5000,Density-guided CNP (ours),ours,2,107,SE,SE,supported,1356,657,-28.4731482603952,-7.851052700860866,20.62209555953433
seed20260910_n5000,5000,Density-guided CNP (ours),ours,2,107,FE,FE,supported,8522,202,-2.4836125950074477,-2.1230573739519447,0.360555221055503
seed20260910_n5000,5000,Density-guided CNP (ours),ours,2,108,DEP,DEP,supported,828,464,21.01865733799767,11.819953830257068,9.198703507740602
seed20260910_n5000,5000,Density-guided CNP (ours),ours,2,108,feature_1620kev,"1,620.74-keV feature",supported,790,541,-25.547158333138352,-22.144636817212472,3.4025215159258826
seed20260910_n5000,5000,Density-guided CNP (ours),ours,2,108,SE,SE,supported,1356,657,-28.4731482603952,-7.786601503563434,20.686546756831763
seed20260910_n5000,5000,Density-guided CNP (ours),ours,2,108,FE,FE,supported,8522,202,-2.4836125950074477,-0.9805998415673173,1.5030127534401305
seed20260910_n5000,5000,Density-guided CNP (ours),ours,2,109,DEP,DEP,supported,828,464,21.01865733799767,11.41806211158034,9.60059522641733
seed20260910_n5000,5000,Density-guided CNP (ours),ours,2,109,feature_1620kev,"1,620.74-keV feature",supported,790,541,-25.547158333138352,-22.468816228913962,3.078342104224391
seed20260910_n5000,5000,Density-guided CNP (ours),ours,2,109,SE,SE,supported,1356,657,-28.4731482603952,-7.756405056756704,20.716743203638494
seed20260910_n5000,5000,Density-guided CNP (ours),ours,2,109,FE,FE,supported,8522,202,-2.4836125950074477,-2.2855238862337424,0.19808870877370544
seed20260911_n5000,5000,CNP,m0,0,100,DEP,DEP,supported,828,464,21.01865733799767,0.03004131625636841,20.9886160217413
seed20260911_n5000,5000,CNP,m0,0,100,feature_1620kev,"1,620.74-keV feature",supported,790,541,-25.547158333138352,0.033350735038395474,25.58050906817675
seed20260911_n5000,5000,CNP,m0,0,100,SE,SE,supported,1356,657,-28.4731482603952,0.021487400025033132,28.49463566042023
seed20260911_n5000,5000,CNP,m0,0,100,FE,FE,supported,8522,202,-2.4836125950074477,-0.5431597538770594,1.9404528411303885
seed20260911_n5000,5000,CNP,m0,0,101,DEP,DEP,supported,828,464,21.01865733799767,0.03015810876026981,20.9884992292374
seed20260911_n5000,5000,CNP,m0,0,101,feature_1620kev,"1,620.74-keV feature",supported,790,541,-25.547158333138352,0.03286111075081477,25.580019443889167
seed20260911_n5000,5000,CNP,m0,0,101,SE,SE,supported,1356,657,-28.4731482603952,0.02110900836022056,28.49425726875542
seed20260911_n5000,5000,CNP,m0,0,101,FE,FE,supported,8522,202,-2.4836125950074477,-0.5446636465089083,1.9389489484985396
seed20260911_n5000,5000,CNP,m0,0,102,DEP,DEP,supported,828,464,21.01865733799767,0.030185221149392483,20.98847211684828
seed20260911_n5000,5000,CNP,m0,0,102,feature_1620kev,"1,620.74-keV feature",supported,790,541,-25.547158333138352,0.03335336836934877,25.580511701507703
seed20260911_n5000,5000,CNP,m0,0,102,SE,SE,supported,1356,657,-28.4731482603952,0.021650150974261706,28.49479841136946
seed20260911_n5000,5000,CNP,m0,0,102,FE,FE,supported,8522,202,-2.4836125950074477,-0.5412079780247686,1.9424046169826792
seed20260911_n5000,5000,CNP,m0,0,103,DEP,DEP,supported,828,464,21.01865733799767,0.03018431133644528,20.988473026661225
seed20260911_n5000,5000,CNP,m0,0,103,feature_1620kev,"1,620.74-keV feature",supported,790,541,-25.547158333138352,0.031630611328314906,25.57878894446667
seed20260911_n5000,5000,CNP,m0,0,103,SE,SE,supported,1356,657,-28.4731482603952,0.020473837786039173,28.493622098181238
seed20260911_n5000,5000,CNP,m0,0,103,FE,FE,supported,8522,202,-2.4836125950074477,-0.554524789207389,1.9290878058000587
seed20260911_n5000,5000,CNP,m0,0,104,DEP,DEP,supported,828,464,21.01865733799767,0.0301188311610745,20.988538506836598
seed20260911_n5000,5000,CNP,m0,0,104,feature_1620kev,"1,620.74-keV feature",supported,790,541,-25.547158333138352,0.032041864844734036,25.579200197983088
seed20260911_n5000,5000,CNP,m0,0,104,SE,SE,supported,1356,657,-28.4731482603952,0.02096246508014321,28.49411072547534
seed20260911_n5000,5000,CNP,m0,0,104,FE,FE,supported,8522,202,-2.4836125950074477,-0.5472141091131644,1.9363984858942835
seed20260911_n5000,5000,CNP,m0,0,105,DEP,DEP,supported,828,464,21.01865733799767,0.030323961080380712,20.98833337691729
seed20260911_n5000,5000,CNP,m0,0,105,feature_1620kev,"1,620.74-keV feature",supported,790,541,-25.547158333138352,0.03234815342905151,25.579506486567404
seed20260911_n5000,5000,CNP,m0,0,105,SE,SE,supported,1356,657,-28.4731482603952,0.02099977655770635,28.494148036952904
seed20260911_n5000,5000,CNP,m0,0,105,FE,FE,supported,8522,202,-2.4836125950074477,-0.5482260192022359,1.9353865758052118
seed20260911_n5000,5000,CNP,m0,0,106,DEP,DEP,supported,828,464,21.01865733799767,0.030371297256970298,20.9882860407407
seed20260911_n5000,5000,CNP,m0,0,106,feature_1620kev,"1,620.74-keV feature",supported,790,541,-25.547158333138352,0.03264349605831551,25.57980182919667
seed20260911_n5000,5000,CNP,m0,0,106,SE,SE,supported,1356,657,-28.4731482603952,0.021109961016319012,28.494258221411517
seed20260911_n5000,5000,CNP,m0,0,106,FE,FE,supported,8522,202,-2.4836125950074477,-0.5463877859189503,1.9372248090884976
seed20260911_n5000,5000,CNP,m0,0,107,DEP,DEP,supported,828,464,21.01865733799767,0.03031452924110445,20.988342808756567
seed20260911_n5000,5000,CNP,m0,0,107,feature_1620kev,"1,620.74-keV feature",supported,790,541,-25.547158333138352,0.0319184672201156,25.579076800358468
seed20260911_n5000,5000,CNP,m0,0,107,SE,SE,supported,1356,657,-28.4731482603952,0.02073037177410253,28.4938786321693
seed20260911_n5000,5000,CNP,m0,0,107,FE,FE,supported,8522,202,-2.4836125950074477,-0.5515197094138224,1.9320928855936255
seed20260911_n5000,5000,CNP,m0,0,108,DEP,DEP,supported,828,464,21.01865733799767,0.030082035485823333,20.988575302511848
seed20260911_n5000,5000,CNP,m0,0,108,feature_1620kev,"1,620.74-keV feature",supported,790,541,-25.547158333138352,0.0317110652314323,25.578869398369786
seed20260911_n5000,5000,CNP,m0,0,108,SE,SE,supported,1356,657,-28.4731482603952,0.020473900729156558,28.493622161124353
seed20260911_n5000,5000,CNP,m0,0,108,FE,FE,supported,8522,202,-2.4836125950074477,-0.5555215342846143,1.9280910607228336
seed20260911_n5000,5000,CNP,m0,0,109,DEP,DEP,supported,828,464,21.01865733799767,0.030211763455534335,20.988445574542137
seed20260911_n5000,5000,CNP,m0,0,109,feature_1620kev,"1,620.74-keV feature",supported,790,541,-25.547158333138352,0.03294699687792502,25.580105330016277
seed20260911_n5000,5000,CNP,m0,0,109,SE,SE,supported,1356,657,-28.4731482603952,0.0213814708060589,28.494529731201258
seed20260911_n5000,5000,CNP,m0,0,109,FE,FE,supported,8522,202,-2.4836125950074477,-0.5417604718069513,1.9418521232004964
seed20260911_n5000,5000,CNP,m0,1,100,DEP,DEP,supported,828,464,21.01865733799767,-0.009517866805353048,21.028175204803023
seed20260911_n5000,5000,CNP,m0,1,100,feature_1620kev,"1,620.74-keV feature",supported,790,541,-25.547158333138352,0.009971100744343708,25.557129433882697
seed20260911_n5000,5000,CNP,m0,1,100,SE,SE,supported,1356,657,-28.4731482603952,-0.035021427521386705,28.438126832873813
seed20260911_n5000,5000,CNP,m0,1,100,FE,FE,supported,8522,202,-2.4836125950074477,-0.27332759543764185,2.210284999569806
seed20260911_n5000,5000,CNP,m0,1,101,DEP,DEP,supported,828,464,21.01865733799767,-0.009448052135263563,21.028105390132936
seed20260911_n5000,5000,CNP,m0,1,101,feature_1620kev,"1,620.74-keV feature",supported,790,541,-25.547158333138352,0.010075234945650102,25.557233568084005
seed20260911_n5000,5000,CNP,m0,1,101,SE,SE,supported,1356,657,-28.4731482603952,-0.0353372464828694,28.437811013912327
seed20260911_n5000,5000,CNP,m0,1,101,FE,FE,supported,8522,202,-2.4836125950074477,-0.26875404418747195,2.214858550819976
seed20260911_n5000,5000,CNP,m0,1,102,DEP,DEP,supported,828,464,21.01865733799767,-0.009885184704505612,21.028542522702175
seed20260911_n5000,5000,CNP,m0,1,102,feature_1620kev,"1,620.74-keV feature",supported,790,541,-25.547158333138352,0.010055086952653891,25.557213420091006
seed20260911_n5000,5000,CNP,m0,1,102,SE,SE,supported,1356,657,-28.4731482603952,-0.034933624529620566,28.438214635865577
seed20260911_n5000,5000,CNP,m0,1,102,FE,FE,supported,8522,202,-2.4836125950074477,-0.2720323263184554,2.2115802686889925
seed20260911_n5000,5000,CNP,m0,1,103,DEP,DEP,supported,828,464,21.01865733799767,-0.00959809878340323,21.028255436781073
seed20260911_n5000,5000,CNP,m0,1,103,feature_1620kev,"1,620.74-keV feature",supported,790,541,-25.547158333138352,0.008966167920787527,25.55612450105914
seed20260911_n5000,5000,CNP,m0,1,103,SE,SE,supported,1356,657,-28.4731482603952,-0.03611240764677115,28.437035852748426
seed20260911_n5000,5000,CNP,m0,1,103,FE,FE,supported,8522,202,-2.4836125950074477,-0.26494606563863543,2.2186665293688126
seed20260911_n5000,5000,CNP,m0,1,104,DEP,DEP,supported,828,464,21.01865733799767,-0.009920994787615545,21.028578332785287
seed20260911_n5000,5000,CNP,m0,1,104,feature_1620kev,"1,620.74-keV feature",supported,790,541,-25.547158333138352,0.009322990623406024,25.55648132376176
seed20260911_n5000,5000,CNP,m0,1,104,SE,SE,supported,1356,657,-28.4731482603952,-0.035779768190880024,28.437368492204318
seed20260911_n5000,5000,CNP,m0,1,104,FE,FE,supported,8522,202,-2.4836125950074477,-0.2674131567060617,2.216199438301386
seed20260911_n5000,5000,CNP,m0,1,105,DEP,DEP,supported,828,464,21.01865733799767,-0.010200884868361015,21.02885822286603
seed20260911_n5000,5000,CNP,m0,1,105,feature_1620kev,"1,620.74-keV feature",supported,790,541,-25.547158333138352,0.00921741380296437,25.556375746941317
seed20260911_n5000,5000,CNP,m0,1,105,SE,SE,supported,1356,657,-28.4731482603952,-0.03570824766768732,28.43744001272751
seed20260911_n5000,5000,CNP,m0,1,105,FE,FE,supported,8522,202,-2.4836125950074477,-0.26766669947777266,2.215945895529675
seed20260911_n5000,5000,CNP,m0,1,106,DEP,DEP,supported,828,464,21.01865733799767,-0.009637177230048533,21.02829451522772
seed20260911_n5000,5000,CNP,m0,1,106,feature_1620kev,"1,620.74-keV feature",supported,790,541,-25.547158333138352,0.00970025640366634,25.55685858954202
seed20260911_n5000,5000,CNP,m0,1,106,SE,SE,supported,1356,657,-28.4731482603952,-0.035493434381306255,28.43765482601389
seed20260911_n5000,5000,CNP,m0,1,106,FE,FE,supported,8522,202,-2.4836125950074477,-0.26983960778141913,2.2137729872260286
seed20260911_n5000,5000,CNP,m0,1,107,DEP,DEP,supported,828,464,21.01865733799767,-0.00972011208276724,21.028377450080438
seed20260911_n5000,5000,CNP,m0,1,107,feature_1620kev,"1,620.74-keV feature",supported,790,541,-25.547158333138352,0.009252524323899447,25.556410857462254
seed20260911_n5000,5000,CNP,m0,1,107,SE,SE,supported,1356,657,-28.4731482603952,-0.03589913862576122,28.437249121769437
seed20260911_n5000,5000,CNP,m0,1,107,FE,FE,supported,8522,202,-2.4836125950074477,-0.26632903995224555,2.2172835550552024
seed20260911_n5000,5000,CNP,m0,1,108,DEP,DEP,supported,828,464,21.01865733799767,-0.009373690432201709,21.028031028429872
seed20260911_n5000,5000,CNP,m0,1,108,feature_1620kev,"1,620.74-keV feature",supported,790,541,-25.547158333138352,0.009201333215369534,25.55635966635372
seed20260911_n5000,5000,CNP,m0,1,108,SE,SE,supported,1356,657,-28.4731482603952,-0.035938731776974375,28.437209528618222
seed20260911_n5000,5000,CNP,m0,1,108,FE,FE,supported,8522,202,-2.4836125950074477,-0.2643631342302416,2.219249460777206
seed20260911_n5000,5000,CNP,m0,1,109,DEP,DEP,supported,828,464,21.01865733799767,-0.010148808903720496,21.028806146901392
seed20260911_n5000,5000,CNP,m0,1,109,feature_1620kev,"1,620.74-keV feature",supported,790,541,-25.547158333138352,0.009757033290791473,25.556915366429145
seed20260911_n5000,5000,CNP,m0,1,109,SE,SE,supported,1356,657,-28.4731482603952,-0.035156393285462606,28.437991867109737
seed20260911_n5000,5000,CNP,m0,1,109,FE,FE,supported,8522,202,-2.4836125950074477,-0.2703593865312881,2.21325320847616
seed20260911_n5000,5000,CNP,m0,2,100,DEP,DEP,supported,828,464,21.01865733799767,-0.004818661112659939,21.02347599911033
seed20260911_n5000,5000,CNP,m0,2,100,feature_1620kev,"1,620.74-keV feature",supported,790,541,-25.547158333138352,0.015603444711198566,25.562761777849552
seed20260911_n5000,5000,CNP,m0,2,100,SE,SE,supported,1356,657,-28.4731482603952,-0.00465835180010199,28.468489908595096
seed20260911_n5000,5000,CNP,m0,2,100,FE,FE,supported,8522,202,-2.4836125950074477,-0.5926595028002246,1.8909530922072233
seed20260911_n5000,5000,CNP,m0,2,101,DEP,DEP,supported,828,464,21.01865733799767,-0.004696498186085307,21.023353836183755
seed20260911_n5000,5000,CNP,m0,2,101,feature_1620kev,"1,620.74-keV feature",supported,790,541,-25.547158333138352,0.015123082792400933,25.562281415930755
seed20260911_n5000,5000,CNP,m0,2,101,SE,SE,supported,1356,657,-28.4731482603952,-0.004464480702737195,28.468683779692462
seed20260911_n5000,5000,CNP,m0,2,101,FE,FE,supported,8522,202,-2.4836125950074477,-0.594669650006685,1.8889429450007627
seed20260911_n5000,5000,CNP,m0,2,102,DEP,DEP,supported,828,464,21.01865733799767,-0.0049443479237076815,21.023601685921378
seed20260911_n5000,5000,CNP,m0,2,102,feature_1620kev,"1,620.74-keV feature",supported,790,541,-25.547158333138352,0.015342125281592178,25.562500458419947
seed20260911_n5000,5000,CNP,m0,2,102,SE,SE,supported,1356,657,-28.4731482603952,-0.004763253702644299,28.468385006692554
seed20260911_n5000,5000,CNP,m0,2,102,FE,FE,supported,8522,202,-2.4836125950074477,-0.5939439612789199,1.8896686337285278
seed20260911_n5000,5000,CNP,m0,2,103,DEP,DEP,supported,828,464,21.01865733799767,-0.004343144094831608,21.023000482092502
seed20260911_n5000,5000,CNP,m0,2,103,feature_1620kev,"1,620.74-keV feature",supported,790,541,-25.547158333138352,0.014476764526227814,25.56163509766458
seed20260911_n5000,5000,CNP,m0,2,103,SE,SE,supported,1356,657,-28.4731482603952,-0.004547225082762729,28.468601035312435
seed20260911_n5000,5000,CNP,m0,2,103,FE,FE,supported,8522,202,-2.4836125950074477,-0.586062193595771,1.8975504014116766
seed20260911_n5000,5000,CNP,m0,2,104,DEP,DEP,supported,828,464,21.01865733799767,-0.0047321506253972245,21.023389488623067
seed20260911_n5000,5000,CNP,m0,2,104,feature_1620kev,"1,620.74-keV feature",supported,790,541,-25.547158333138352,0.014570692407578356,25.561729025545933
seed20260911_n5000,5000,CNP,m0,2,104,SE,SE,supported,1356,657,-28.4731482603952,-0.004955944743501028,28.4681923156517
seed20260911_n5000,5000,CNP,m0,2,104,FE,FE,supported,8522,202,-2.4836125950074477,-0.5875386120263726,1.896073982981075
seed20260911_n5000,5000,CNP,m0,2,105,DEP,DEP,supported,828,464,21.01865733799767,-0.004973314990441846,21.02363065298811
seed20260911_n5000,5000,CNP,m0,2,105,feature_1620kev,"1,620.74-keV feature",supported,790,541,-25.547158333138352,0.014732893943070202,25.561891227081425
seed20260911_n5000,5000,CNP,m0,2,105,SE,SE,supported,1356,657,-28.4731482603952,-0.004251099869523323,28.468897160525675
seed20260911_n5000,5000,CNP,m0,2,105,FE,FE,supported,8522,202,-2.4836125950074477,-0.583395635761369,1.900216959246079
seed20260911_n5000,5000,CNP,m0,2,106,DEP,DEP,supported,828,464,21.01865733799767,-0.004622000487874978,21.023279338485544
seed20260911_n5000,5000,CNP,m0,2,106,feature_1620kev,"1,620.74-keV feature",supported,790,541,-25.547158333138352,0.014870957375001659,25.562029290513355
seed20260911_n5000,5000,CNP,m0,2,106,SE,SE,supported,1356,657,-28.4731482603952,-0.004757706167979325,28.46839055422722
seed20260911_n5000,5000,CNP,m0,2,106,FE,FE,supported,8522,202,-2.4836125950074477,-0.5912137064381262,1.8923988885693217
seed20260911_n5000,5000,CNP,m0,2,107,DEP,DEP,supported,828,464,21.01865733799767,-0.004651325067694945,21.023308663065364
seed20260911_n5000,5000,CNP,m0,2,107,feature_1620kev,"1,620.74-keV feature",supported,790,541,-25.547158333138352,0.014738853031348587,25.561897186169702
seed20260911_n5000,5000,CNP,m0,2,107,SE,SE,supported,1356,657,-28.4731482603952,-0.004395464580819741,28.46875279581438
seed20260911_n5000,5000,CNP,m0,2,107,FE,FE,supported,8522,202,-2.4836125950074477,-0.5851677702809033,1.8984448247265444
seed20260911_n5000,5000,CNP,m0,2,108,DEP,DEP,supported,828,464,21.01865733799767,-0.004668662673623647,21.023326000671293
seed20260911_n5000,5000,CNP,m0,2,108,feature_1620kev,"1,620.74-keV feature",supported,790,541,-25.547158333138352,0.014094699247191311,25.561253032385544
seed20260911_n5000,5000,CNP,m0,2,108,SE,SE,supported,1356,657,-28.4731482603952,-0.0043558303636448414,28.468792430031552
seed20260911_n5000,5000,CNP,m0,2,108,FE,FE,supported,8522,202,-2.4836125950074477,-0.588439136351121,1.895173458656327
seed20260911_n5000,5000,CNP,m0,2,109,DEP,DEP,supported,828,464,21.01865733799767,-0.004955717051102759,21.023613055048774
seed20260911_n5000,5000,CNP,m0,2,109,feature_1620kev,"1,620.74-keV feature",supported,790,541,-25.547158333138352,0.01513584432006887,25.562294177458423
seed20260911_n5000,5000,CNP,m0,2,109,SE,SE,supported,1356,657,-28.4731482603952,-0.004433551712579309,28.46871470868262
seed20260911_n5000,5000,CNP,m0,2,109,FE,FE,supported,8522,202,-2.4836125950074477,-0.5878024214255761,1.8958101735818715
seed20260911_n5000,5000,Attentive CNP,m1,0,100,DEP,DEP,supported,828,464,21.01865733799767,-0.012482183816453496,21.031139521814126
seed20260911_n5000,5000,Attentive CNP,m1,0,100,feature_1620kev,"1,620.74-keV feature",supported,790,541,-25.547158333138352,-0.018077066906307948,25.529081266232044
seed20260911_n5000,5000,Attentive CNP,m1,0,100,SE,SE,supported,1356,657,-28.4731482603952,0.001231117786026914,28.474379378181226
seed20260911_n5000,5000,Attentive CNP,m1,0,100,FE,FE,supported,8522,202,-2.4836125950074477,-0.5161037587730621,1.9675088362343858
seed20260911_n5000,5000,Attentive CNP,m1,0,101,DEP,DEP,supported,828,464,21.01865733799767,-0.011840954070463372,21.030498292068135
seed20260911_n5000,5000,Attentive CNP,m1,0,101,feature_1620kev,"1,620.74-keV feature",supported,790,541,-25.547158333138352,-0.02198773203527793,25.525170601103074
seed20260911_n5000,5000,Attentive CNP,m1,0,101,SE,SE,supported,1356,657,-28.4731482603952,-0.00045119957980954695,28.47269706081539
seed20260911_n5000,5000,Attentive CNP,m1,0,101,FE,FE,supported,8522,202,-2.4836125950074477,-0.520081144643364,1.963531450364084
seed20260911_n5000,5000,Attentive CNP,m1,0,102,DEP,DEP,supported,828,464,21.01865733799767,-0.015739227525168875,21.03439656552284
seed20260911_n5000,5000,Attentive CNP,m1,0,102,feature_1620kev,"1,620.74-keV feature",supported,790,541,-25.547158333138352,-0.01986268704956551,25.52729564608879
seed20260911_n5000,5000,Attentive CNP,m1,0,102,SE,SE,supported,1356,657,-28.4731482603952,-0.0013469998821902252,28.471801260513008
seed20260911_n5000,5000,Attentive CNP,m1,0,102,FE,FE,supported,8522,202,-2.4836125950074477,-0.5195333710247385,1.9640792239827092
seed20260911_n5000,5000,Attentive CNP,m1,0,103,DEP,DEP,supported,828,464,21.01865733799767,-0.014888754943898075,21.03354609294157
seed20260911_n5000,5000,Attentive CNP,m1,0,103,feature_1620kev,"1,620.74-keV feature",supported,790,541,-25.547158333138352,-0.01835452175718011,25.528803811381174
seed20260911_n5000,5000,Attentive CNP,m1,0,103,SE,SE,supported,1356,657,-28.4731482603952,0.0026678886075881536,28.475816149002785
seed20260911_n5000,5000,Attentive CNP,m1,0,103,FE,FE,supported,8522,202,-2.4836125950074477,-0.5096347096579468,1.973977885349501
seed20260911_n5000,5000,Attentive CNP,m1,0,104,DEP,DEP,supported,828,464,21.01865733799767,-0.014581862807283574,21.033239200804953
seed20260911_n5000,5000,Attentive CNP,m1,0,104,feature_1620kev,"1,620.74-keV feature",supported,790,541,-25.547158333138352,-0.01741698616908316,25.52974134696927
seed20260911_n5000,5000,Attentive CNP,m1,0,104,SE,SE,supported,1356,657,-28.4731482603952,0.0010768436957575567,28.474225104090955
seed20260911_n5000,5000,Attentive CNP,m1,0,104,FE,FE,supported,8522,202,-2.4836125950074477,-0.5159032859478718,1.9677093090595759
seed20260911_n5000,5000,Attentive CNP,m1,0,105,DEP,DEP,supported,828,464,21.01865733799767,-0.0166657627306388,21.03532310072831
seed20260911_n5000,5000,Attentive CNP,m1,0,105,feature_1620kev,"1,620.74-keV feature",supported,790,541,-25.547158333138352,-0.018663930871598566,25.528494402266755
seed20260911_n5000,5000,Attentive CNP,m1,0,105,SE,SE,supported,1356,657,-28.4731482603952,0.002931125258442968,28.47607938565364
seed20260911_n5000,5000,Attentive CNP,m1,0,105,FE,FE,supported,8522,202,-2.4836125950074477,-0.5138458186598638,1.969766776347584
seed20260911_n5000,5000,Attentive CNP,m1,0,106,DEP,DEP,supported,828,464,21.01865733799767,-0.01869283740844052,21.03735017540611
seed20260911_n5000,5000,Attentive CNP,m1,0,106,feature_1620kev,"1,620.74-keV feature",supported,790,541,-25.547158333138352,-0.016756483477409212,25.530401849660944
seed20260911_n5000,5000,Attentive CNP,m1,0,106,SE,SE,supported,1356,657,-28.4731482603952,0.003030907114665027,28.476179167509862
seed20260911_n5000,5000,Attentive CNP,m1,0,106,FE,FE,supported,8522,202,-2.4836125950074477,-0.5128405337986974,1.9707720612087503
seed20260911_n5000,5000,Attentive CNP,m1,0,107,DEP,DEP,supported,828,464,21.01865733799767,-0.015885641195489963,21.034542979193162
seed20260911_n5000,5000,Attentive CNP,m1,0,107,feature_1620kev,"1,620.74-keV feature",supported,790,541,-25.547158333138352,-0.020037276351447808,25.527121056786907
seed20260911_n5000,5000,Attentive CNP,m1,0,107,SE,SE,supported,1356,657,-28.4731482603952,0.0036734019888351455,28.476821662384033
seed20260911_n5000,5000,Attentive CNP,m1,0,107,FE,FE,supported,8522,202,-2.4836125950074477,-0.5144655072378879,1.96914708776956
seed20260911_n5000,5000,Attentive CNP,m1,0,108,DEP,DEP,supported,828,464,21.01865733799767,-0.014748458059998804,21.033405796057668
seed20260911_n5000,5000,Attentive CNP,m1,0,108,feature_1620kev,"1,620.74-keV feature",supported,790,541,-25.547158333138352,-0.020113060123172488,25.52704527301518
seed20260911_n5000,5000,Attentive CNP,m1,0,108,SE,SE,supported,1356,657,-28.4731482603952,0.0010247130909801783,28.474172973486176
seed20260911_n5000,5000,Attentive CNP,m1,0,108,FE,FE,supported,8522,202,-2.4836125950074477,-0.5141848602706722,1.9694277347367755
seed20260911_n5000,5000,Attentive CNP,m1,0,109,DEP,DEP,supported,828,464,21.01865733799767,-0.015707811064835653,21.034365149062506
seed20260911_n5000,5000,Attentive CNP,m1,0,109,feature_1620kev,"1,620.74-keV feature",supported,790,541,-25.547158333138352,-0.016603626576117136,25.530554706562235
seed20260911_n5000,5000,Attentive CNP,m1,0,109,SE,SE,supported,1356,657,-28.4731482603952,0.0012850744445236373,28.474433334839723
seed20260911_n5000,5000,Attentive CNP,m1,0,109,FE,FE,supported,8522,202,-2.4836125950074477,-0.5156734076449843,1.9679391873624636
seed20260911_n5000,5000,Attentive CNP,m1,1,100,DEP,DEP,supported,828,464,21.01865733799767,-0.0250335856589623,21.043690923656634
seed20260911_n5000,5000,Attentive CNP,m1,1,100,feature_1620kev,"1,620.74-keV feature",supported,790,541,-25.547158333138352,0.003880070269524083,25.551038403407876
seed20260911_n5000,5000,Attentive CNP,m1,1,100,SE,SE,supported,1356,657,-28.4731482603952,-0.026230907442925666,28.446917352952273
seed20260911_n5000,5000,Attentive CNP,m1,1,100,FE,FE,supported,8522,202,-2.4836125950074477,-0.5149923452235861,1.9686202497838616
seed20260911_n5000,5000,Attentive CNP,m1,1,101,DEP,DEP,supported,828,464,21.01865733799767,-0.026159444020534828,21.044816782018206
seed20260911_n5000,5000,Attentive CNP,m1,1,101,feature_1620kev,"1,620.74-keV feature",supported,790,541,-25.547158333138352,0.0034771515685205756,25.550635484706874
seed20260911_n5000,5000,Attentive CNP,m1,1,101,SE,SE,supported,1356,657,-28.4731482603952,-0.027732236081656758,28.44541602431354
seed20260911_n5000,5000,Attentive CNP,m1,1,101,FE,FE,supported,8522,202,-2.4836125950074477,-0.5184412936255239,1.9651713013819239
seed20260911_n5000,5000,Attentive CNP,m1,1,102,DEP,DEP,supported,828,464,21.01865733799767,-0.024364182976577275,21.043021520974246
seed20260911_n5000,5000,Attentive CNP,m1,1,102,feature_1620kev,"1,620.74-keV feature",supported,790,541,-25.547158333138352,0.001555997549695931,25.54871433068805
seed20260911_n5000,5000,Attentive CNP,m1,1,102,SE,SE,supported,1356,657,-28.4731482603952,-0.02692041751626295,28.446227842878933
seed20260911_n5000,5000,Attentive CNP,m1,1,102,FE,FE,supported,8522,202,-2.4836125950074477,-0.510399479195861,1.9732131158115869
seed20260911_n5000,5000,Attentive CNP,m1,1,103,DEP,DEP,supported,828,464,21.01865733799767,-0.02712574737698814,21.04578308537466
seed20260911_n5000,5000,Attentive CNP,m1,1,103,feature_1620kev,"1,620.74-keV feature",supported,790,541,-25.547158333138352,0.004403184139778471,25.55156151727813
seed20260911_n5000,5000,Attentive CNP,m1,1,103,SE,SE,supported,1356,657,-28.4731482603952,-0.025208331654280602,28.44793992874092
seed20260911_n5000,5000,Attentive CNP,m1,1,103,FE,FE,supported,8522,202,-2.4836125950074477,-0.4978241927976301,1.9857884022098178
seed20260911_n5000,5000,Attentive CNP,m1,1,104,DEP,DEP,supported,828,464,21.01865733799767,-0.025970821892695728,21.044628159890365
seed20260911_n5000,5000,Attentive CNP,m1,1,104,feature_1620kev,"1,620.74-keV feature",supported,790,541,-25.547158333138352,0.004139853522777681,25.551298186661132
seed20260911_n5000,5000,Attentive CNP,m1,1,104,SE,SE,supported,1356,657,-28.4731482603952,-0.02754684850410083,28.445601411891097
seed20260911_n5000,5000,Attentive CNP,m1,1,104,FE,FE,supported,8522,202,-2.4836125950074477,-0.5010916281746824,1.9825209668327655
seed20260911_n5000,5000,Attentive CNP,m1,1,105,DEP,DEP,supported,828,464,21.01865733799767,-0.026491170305675826,21.045148508303345
seed20260911_n5000,5000,Attentive CNP,m1,1,105,feature_1620kev,"1,620.74-keV feature",supported,790,541,-25.547158333138352,0.0019308911929583061,25.54908922433131
seed20260911_n5000,5000,Attentive CNP,m1,1,105,SE,SE,supported,1356,657,-28.4731482603952,-0.02546170388912916,28.44768655650607
seed20260911_n5000,5000,Attentive CNP,m1,1,105,FE,FE,supported,8522,202,-2.4836125950074477,-0.4986195784458608,1.984993016561587
seed20260911_n5000,5000,Attentive CNP,m1,1,106,DEP,DEP,supported,828,464,21.01865733799767,-0.026668393294670967,21.04532573129234
seed20260911_n5000,5000,Attentive CNP,m1,1,106,feature_1620kev,"1,620.74-keV feature",supported,790,541,-25.547158333138352,0.0040527737615758674,25.551211106899927
seed20260911_n5000,5000,Attentive CNP,m1,1,106,SE,SE,supported,1356,657,-28.4731482603952,-0.026963265357993205,28.446184995037203
seed20260911_n5000,5000,Attentive CNP,m1,1,106,FE,FE,supported,8522,202,-2.4836125950074477,-0.49908174852304477,1.984530846484403
seed20260911_n5000,5000,Attentive CNP,m1,1,107,DEP,DEP,supported,828,464,21.01865733799767,-0.02676426071016591,21.045421598707836
seed20260911_n5000,5000,Attentive CNP,m1,1,107,feature_1620kev,"1,620.74-keV feature",supported,790,541,-25.547158333138352,0.0029964587183517466,25.550154791856706
seed20260911_n5000,5000,Attentive CNP,m1,1,107,SE,SE,supported,1356,657,-28.4731482603952,-0.026793173687633676,28.446355086707563
seed20260911_n5000,5000,Attentive CNP,m1,1,107,FE,FE,supported,8522,202,-2.4836125950074477,-0.49545720212401667,1.988155392883431
seed20260911_n5000,5000,Attentive CNP,m1,1,108,DEP,DEP,supported,828,464,21.01865733799767,-0.02731893701791721,21.045976275015587
seed20260911_n5000,5000,Attentive CNP,m1,1,108,feature_1620kev,"1,620.74-keV feature",supported,790,541,-25.547158333138352,0.0032181651692386737,25.550376498307592
seed20260911_n5000,5000,Attentive CNP,m1,1,108,SE,SE,supported,1356,657,-28.4731482603952,-0.02681207236887584,28.446336188026322
seed20260911_n5000,5000,Attentive CNP,m1,1,108,FE,FE,supported,8522,202,-2.4836125950074477,-0.5119488805585826,1.9716637144488653
seed20260911_n5000,5000,Attentive CNP,m1,1,109,DEP,DEP,supported,828,464,21.01865733799767,-0.02615091268625136,21.04480825068392
seed20260911_n5000,5000,Attentive CNP,m1,1,109,feature_1620kev,"1,620.74-keV feature",supported,790,541,-25.547158333138352,0.003210018418531302,25.550368351556884
seed20260911_n5000,5000,Attentive CNP,m1,1,109,SE,SE,supported,1356,657,-28.4731482603952,-0.02642902648880563,28.446719233906393
seed20260911_n5000,5000,Attentive CNP,m1,1,109,FE,FE,supported,8522,202,-2.4836125950074477,-0.5016050039765824,1.9820075910308654
seed20260911_n5000,5000,Attentive CNP,m1,2,100,DEP,DEP,supported,828,464,21.01865733799767,-0.005440671002487907,21.02409800900016
seed20260911_n5000,5000,Attentive CNP,m1,2,100,feature_1620kev,"1,620.74-keV feature",supported,790,541,-25.547158333138352,-0.0026352813740637693,25.54452305176429
seed20260911_n5000,5000,Attentive CNP,m1,2,100,SE,SE,supported,1356,657,-28.4731482603952,-0.009038638244707187,28.46410962215049
seed20260911_n5000,5000,Attentive CNP,m1,2,100,FE,FE,supported,8522,202,-2.4836125950074477,-0.6277204900256295,1.8558921049818182
seed20260911_n5000,5000,Attentive CNP,m1,2,101,DEP,DEP,supported,828,464,21.01865733799767,-0.00494878728320991,21.02360612528088
seed20260911_n5000,5000,Attentive CNP,m1,2,101,feature_1620kev,"1,620.74-keV feature",supported,790,541,-25.547158333138352,-0.0027750895530198605,25.544383243585333
seed20260911_n5000,5000,Attentive CNP,m1,2,101,SE,SE,supported,1356,657,-28.4731482603952,-0.010220478179101544,28.462927782216095
seed20260911_n5000,5000,Attentive CNP,m1,2,101,FE,FE,supported,8522,202,-2.4836125950074477,-0.6287208528948651,1.8548917421125828
seed20260911_n5000,5000,Attentive CNP,m1,2,102,DEP,DEP,supported,828,464,21.01865733799767,-0.005077111367057796,21.023734449364728
seed20260911_n5000,5000,Attentive CNP,m1,2,102,feature_1620kev,"1,620.74-keV feature",supported,790,541,-25.547158333138352,-0.0035124095215222084,25.543645923616833
seed20260911_n5000,5000,Attentive CNP,m1,2,102,SE,SE,supported,1356,657,-28.4731482603952,-0.009402823228232826,28.463745437166963
seed20260911_n5000,5000,Attentive CNP,m1,2,102,FE,FE,supported,8522,202,-2.4836125950074477,-0.6292646645610911,1.8543479304463566
seed20260911_n5000,5000,Attentive CNP,m1,2,103,DEP,DEP,supported,828,464,21.01865733799767,-0.005343138860081087,21.02400047685775
seed20260911_n5000,5000,Attentive CNP,m1,2,103,feature_1620kev,"1,620.74-keV feature",supported,790,541,-25.547158333138352,-0.0019670587614428747,25.54519127437691
seed20260911_n5000,5000,Attentive CNP,m1,2,103,SE,SE,supported,1356,657,-28.4731482603952,-0.009172287480829766,28.46397597291437
seed20260911_n5000,5000,Attentive CNP,m1,2,103,FE,FE,supported,8522,202,-2.4836125950074477,-0.6244922563378275,1.8591203386696202
seed20260911_n5000,5000,Attentive CNP,m1,2,104,DEP,DEP,supported,828,464,21.01865733799767,-0.004485081814287195,21.023142419811958
seed20260911_n5000,5000,Attentive CNP,m1,2,104,feature_1620kev,"1,620.74-keV feature",supported,790,541,-25.547158333138352,-0.0024151486215151508,25.54474318451684
seed20260911_n5000,5000,Attentive CNP,m1,2,104,SE,SE,supported,1356,657,-28.4731482603952,-0.009837869241602348,28.463310391153595
seed20260911_n5000,5000,Attentive CNP,m1,2,104,FE,FE,supported,8522,202,-2.4836125950074477,-0.6261038129169338,1.8575087820905138
seed20260911_n5000,5000,Attentive CNP,m1,2,105,DEP,DEP,supported,828,464,21.01865733799767,-0.004837113986611019,21.02349445198428
seed20260911_n5000,5000,Attentive CNP,m1,2,105,feature_1620kev,"1,620.74-keV feature",supported,790,541,-25.547158333138352,-0.003561990932410275,25.543596342205944
seed20260911_n5000,5000,Attentive CNP,m1,2,105,SE,SE,supported,1356,657,-28.4731482603952,-0.008804605748879979,28.464343654646317
seed20260911_n5000,5000,Attentive CNP,m1,2,105,FE,FE,supported,8522,202,-2.4836125950074477,-0.6248495331507953,1.8587630618566524
seed20260911_n5000,5000,Attentive CNP,m1,2,106,DEP,DEP,supported,828,464,21.01865733799767,-0.005329573739532023,21.023986911737204
seed20260911_n5000,5000,Attentive CNP,m1,2,106,feature_1620kev,"1,620.74-keV feature",supported,790,541,-25.547158333138352,-0.0018476024902014387,25.54531073064815
seed20260911_n5000,5000,Attentive CNP,m1,2,106,SE,SE,supported,1356,657,-28.4731482603952,-0.008865876611663381,28.464282383783534
seed20260911_n5000,5000,Attentive CNP,m1,2,106,FE,FE,supported,8522,202,-2.4836125950074477,-0.6256583746710176,1.8579542203364303
seed20260911_n5000,5000,Attentive CNP,m1,2,107,DEP,DEP,supported,828,464,21.01865733799767,-0.004825448445133773,21.023482786442806
seed20260911_n5000,5000,Attentive CNP,m1,2,107,feature_1620kev,"1,620.74-keV feature",supported,790,541,-25.547158333138352,-0.003111063690997007,25.544047269447358
seed20260911_n5000,5000,Attentive CNP,m1,2,107,SE,SE,supported,1356,657,-28.4731482603952,-0.009282081457984148,28.463866178937213
seed20260911_n5000,5000,Attentive CNP,m1,2,107,FE,FE,supported,8522,202,-2.4836125950074477,-0.6253044791221907,1.858308115885257
seed20260911_n5000,5000,Attentive CNP,m1,2,108,DEP,DEP,supported,828,464,21.01865733799767,-0.004503597719640595,21.02316093571731
seed20260911_n5000,5000,Attentive CNP,m1,2,108,feature_1620kev,"1,620.74-keV feature",supported,790,541,-25.547158333138352,-0.0022307484590977644,25.544927584679257
seed20260911_n5000,5000,Attentive CNP,m1,2,108,SE,SE,supported,1356,657,-28.4731482603952,-0.009547966250578188,28.46360029414462
seed20260911_n5000,5000,Attentive CNP,m1,2,108,FE,FE,supported,8522,202,-2.4836125950074477,-0.6273833754265989,1.856229219580849
seed20260911_n5000,5000,Attentive CNP,m1,2,109,DEP,DEP,supported,828,464,21.01865733799767,-0.005102052307237592,21.023759390304907
seed20260911_n5000,5000,Attentive CNP,m1,2,109,feature_1620kev,"1,620.74-keV feature",supported,790,541,-25.547158333138352,-0.0028469363076211174,25.544311396830732
seed20260911_n5000,5000,Attentive CNP,m1,2,109,SE,SE,supported,1356,657,-28.4731482603952,-0.00886749436664891,28.464280766028548
seed20260911_n5000,5000,Attentive CNP,m1,2,109,FE,FE,supported,8522,202,-2.4836125950074477,-0.6268582522936716,1.856754342713776
seed20260911_n5000,5000,Attentive CNP + PE,m2,0,100,DEP,DEP,supported,828,464,21.01865733799767,28.59709032849328,7.578432990495609
seed20260911_n5000,5000,Attentive CNP + PE,m2,0,100,feature_1620kev,"1,620.74-keV feature",supported,790,541,-25.547158333138352,-4.797332824480757,20.749825508657597
seed20260911_n5000,5000,Attentive CNP + PE,m2,0,100,SE,SE,supported,1356,657,-28.4731482603952,-18.113789725139487,10.35935853525571
seed20260911_n5000,5000,Attentive CNP + PE,m2,0,100,FE,FE,supported,8522,202,-2.4836125950074477,-5.610954324959702,3.1273417299522546
seed20260911_n5000,5000,Attentive CNP + PE,m2,0,101,DEP,DEP,supported,828,464,21.01865733799767,29.898706644007518,8.880049306009846
seed20260911_n5000,5000,Attentive CNP + PE,m2,0,101,feature_1620kev,"1,620.74-keV feature",supported,790,541,-25.547158333138352,-5.182848111137744,20.364310222000608
seed20260911_n5000,5000,Attentive CNP + PE,m2,0,101,SE,SE,supported,1356,657,-28.4731482603952,-18.948469048504283,9.524679211890916
seed20260911_n5000,5000,Attentive CNP + PE,m2,0,101,FE,FE,supported,8522,202,-2.4836125950074477,-6.199448325727275,3.715835730719827
seed20260911_n5000,5000,Attentive CNP + PE,m2,0,102,DEP,DEP,supported,828,464,21.01865733799767,29.294744292862195,8.276086954864525
seed20260911_n5000,5000,Attentive CNP + PE,m2,0,102,feature_1620kev,"1,620.74-keV feature",supported,790,541,-25.547158333138352,-5.543158806937906,20.00399952620045
seed20260911_n5000,5000,Attentive CNP + PE,m2,0,102,SE,SE,supported,1356,657,-28.4731482603952,-17.935890006775676,10.537258253619521
seed20260911_n5000,5000,Attentive CNP + PE,m2,0,102,FE,FE,supported,8522,202,-2.4836125950074477,-5.8811161752194945,3.397503580212047
seed20260911_n5000,5000,Attentive CNP + PE,m2,0,103,DEP,DEP,supported,828,464,21.01865733799767,30.121351443776035,9.102694105778363
seed20260911_n5000,5000,Attentive CNP + PE,m2,0,103,feature_1620kev,"1,620.74-keV feature",supported,790,541,-25.547158333138352,-4.7818257155586075,20.765332617579745
seed20260911_n5000,5000,Attentive CNP + PE,m2,0,103,SE,SE,supported,1356,657,-28.4731482603952,-19.839974268990744,8.633173991404453
seed20260911_n5000,5000,Attentive CNP + PE,m2,0,103,FE,FE,supported,8522,202,-2.4836125950074477,-6.730605783390392,4.246993188382945
seed20260911_n5000,5000,Attentive CNP + PE,m2,0,104,DEP,DEP,supported,828,464,21.01865733799767,29.68643761569767,8.667780277699999
seed20260911_n5000,5000,Attentive CNP + PE,m2,0,104,feature_1620kev,"1,620.74-keV feature",supported,790,541,-25.547158333138352,-5.293947031902174,20.253211301236178
seed20260911_n5000,5000,Attentive CNP + PE,m2,0,104,SE,SE,supported,1356,657,-28.4731482603952,-19.534934122188904,8.938214138206293
seed20260911_n5000,5000,Attentive CNP + PE,m2,0,104,FE,FE,supported,8522,202,-2.4836125950074477,-6.943920040928559,4.460307445921111
seed20260911_n5000,5000,Attentive CNP + PE,m2,0,105,DEP,DEP,supported,828,464,21.01865733799767,29.503578172740717,8.484920834743049
seed20260911_n5000,5000,Attentive CNP + PE,m2,0,105,feature_1620kev,"1,620.74-keV feature",supported,790,541,-25.547158333138352,-5.639352309914153,19.9078060232242
seed20260911_n5000,5000,Attentive CNP + PE,m2,0,105,SE,SE,supported,1356,657,-28.4731482603952,-19.65358711910171,8.819561141293486
seed20260911_n5000,5000,Attentive CNP + PE,m2,0,105,FE,FE,supported,8522,202,-2.4836125950074477,-6.878758082989994,4.395145487982546
seed20260911_n5000,5000,Attentive CNP + PE,m2,0,106,DEP,DEP,supported,828,464,21.01865733799767,29.935442929523244,8.916785591525572
seed20260911_n5000,5000,Attentive CNP + PE,m2,0,106,feature_1620kev,"1,620.74-keV feature",supported,790,541,-25.547158333138352,-5.215725143462269,20.331433189676083
seed20260911_n5000,5000,Attentive CNP + PE,m2,0,106,SE,SE,supported,1356,657,-28.4731482603952,-18.56271190266989,9.910436357725308
seed20260911_n5000,5000,Attentive CNP + PE,m2,0,106,FE,FE,supported,8522,202,-2.4836125950074477,-5.914766004410824,3.4311534094033758
seed20260911_n5000,5000,Attentive CNP + PE,m2,0,107,DEP,DEP,supported,828,464,21.01865733799767,29.536601958181407,8.517944620183737
seed20260911_n5000,5000,Attentive CNP + PE,m2,0,107,feature_1620kev,"1,620.74-keV feature",supported,790,541,-25.547158333138352,-5.396237555865407,20.150920777272948
seed20260911_n5000,5000,Attentive CNP + PE,m2,0,107,SE,SE,supported,1356,657,-28.4731482603952,-19.66305680976897,8.810091450626228
seed20260911_n5000,5000,Attentive CNP + PE,m2,0,107,FE,FE,supported,8522,202,-2.4836125950074477,-6.877296460599763,4.393683865592315
seed20260911_n5000,5000,Attentive CNP + PE,m2,0,108,DEP,DEP,supported,828,464,21.01865733799767,29.92172913662226,8.90307179862459
seed20260911_n5000,5000,Attentive CNP + PE,m2,0,108,feature_1620kev,"1,620.74-keV feature",supported,790,541,-25.547158333138352,-5.157114210143976,20.39004412299438
seed20260911_n5000,5000,Attentive CNP + PE,m2,0,108,SE,SE,supported,1356,657,-28.4731482603952,-19.280774115941952,9.192374144453247
seed20260911_n5000,5000,Attentive CNP + PE,m2,0,108,FE,FE,supported,8522,202,-2.4836125950074477,-6.3223648628348394,3.8387522678273918
seed20260911_n5000,5000,Attentive CNP + PE,m2,0,109,DEP,DEP,supported,828,464,21.01865733799767,29.510275889886667,8.491618551888996
seed20260911_n5000,5000,Attentive CNP + PE,m2,0,109,feature_1620kev,"1,620.74-keV feature",supported,790,541,-25.547158333138352,-5.341881182255892,20.205277150882463
seed20260911_n5000,5000,Attentive CNP + PE,m2,0,109,SE,SE,supported,1356,657,-28.4731482603952,-18.61314866395491,9.85999959644029
seed20260911_n5000,5000,Attentive CNP + PE,m2,0,109,FE,FE,supported,8522,202,-2.4836125950074477,-6.21187675741828,3.7282641624108326
seed20260911_n5000,5000,Attentive CNP + PE,m2,1,100,DEP,DEP,supported,828,464,21.01865733799767,30.790920012380678,9.77226267438301
seed20260911_n5000,5000,Attentive CNP + PE,m2,1,100,feature_1620kev,"1,620.74-keV feature",supported,790,541,-25.547158333138352,-6.377302694377018,19.169855638761334
seed20260911_n5000,5000,Attentive CNP + PE,m2,1,100,SE,SE,supported,1356,657,-28.4731482603952,-17.793374158484944,10.679774101910255
seed20260911_n5000,5000,Attentive CNP + PE,m2,1,100,FE,FE,supported,8522,202,-2.4836125950074477,-1.798405796182323,0.6852067988251248
seed20260911_n5000,5000,Attentive CNP + PE,m2,1,101,DEP,DEP,supported,828,464,21.01865733799767,30.88855552072603,9.86989818272836
seed20260911_n5000,5000,Attentive CNP + PE,m2,1,101,feature_1620kev,"1,620.74-keV feature",supported,790,541,-25.547158333138352,-5.941933471703409,19.605224861434944
seed20260911_n5000,5000,Attentive CNP + PE,m2,1,101,SE,SE,supported,1356,657,-28.4731482603952,-18.321713836965742,10.151434423429457
seed20260911_n5000,5000,Attentive CNP + PE,m2,1,101,FE,FE,supported,8522,202,-2.4836125950074477,-2.151936725053319,0.3316758699541289
seed20260911_n5000,5000,Attentive CNP + PE,m2,1,102,DEP,DEP,supported,828,464,21.01865733799767,30.468698384462922,9.450041046465252
seed20260911_n5000,5000,Attentive CNP + PE,m2,1,102,feature_1620kev,"1,620.74-keV feature",supported,790,541,-25.547158333138352,-5.966969678105877,19.580188655032476
seed20260911_n5000,5000,Attentive CNP + PE,m2,1,102,SE,SE,supported,1356,657,-28.4731482603952,-17.841839111252277,10.63130914914292
seed20260911_n5000,5000,Attentive CNP + PE,m2,1,102,FE,FE,supported,8522,202,-2.4836125950074477,-2.1028220391668464,0.3807905558406016
seed20260911_n5000,5000,Attentive CNP + PE,m2,1,103,DEP,DEP,supported,828,464,21.01865733799767,30.901503208525504,9.882845870527834
seed20260911_n5000,5000,Attentive CNP + PE,m2,1,103,feature_1620kev,"1,620.74-keV feature",supported,790,541,-25.547158333138352,-5.858724303501855,19.688434029636497
seed20260911_n5000,5000,Attentive CNP + PE,m2,1,103,SE,SE,supported,1356,657,-28.4731482603952,-18.778056722508204,9.695091537886993
seed20260911_n5000,5000,Attentive CNP + PE,m2,1,103,FE,FE,supported,8522,202,-2.4836125950074477,-1.646384738852713,0.8372278561547347
seed20260911_n5000,5000,Attentive CNP + PE,m2,1,104,DEP,DEP,supported,828,464,21.01865733799767,30.77455637727257,9.755899039274901
seed20260911_n5000,5000,Attentive CNP + PE,m2,1,104,feature_1620kev,"1,620.74-keV feature",supported,790,541,-25.547158333138352,-6.2133590059170904,19.333799327221264
seed20260911_n5000,5000,Attentive CNP + PE,m2,1,104,SE,SE,supported,1356,657,-28.4731482603952,-18.388853067413503,10.084295192981696
seed20260911_n5000,5000,Attentive CNP + PE,m2,1,104,FE,FE,supported,8522,202,-2.4836125950074477,-2.235875752838798,0.24773684216864988
seed20260911_n5000,5000,Attentive CNP + PE,m2,1,105,DEP,DEP,supported,828,464,21.01865733799767,30.673216057071063,9.654558719073393
seed20260911_n5000,5000,Attentive CNP + PE,m2,1,105,feature_1620kev,"1,620.74-keV feature",supported,790,541,-25.547158333138352,-5.983318622196842,19.56383971094151
seed20260911_n5000,5000,Attentive CNP + PE,m2,1,105,SE,SE,supported,1356,657,-28.4731482603952,-18.503086005624215,9.970062254770983
seed20260911_n5000,5000,Attentive CNP + PE,m2,1,105,FE,FE,supported,8522,202,-2.4836125950074477,-1.838362801287388,0.6452497937200596
seed20260911_n5000,5000,Attentive CNP + PE,m2,1,106,DEP,DEP,supported,828,464,21.01865733799767,30.755678315961603,9.737020977963933
seed20260911_n5000,5000,Attentive CNP + PE,m2,1,106,feature_1620kev,"1,620.74-keV feature",supported,790,541,-25.547158333138352,-6.307734089835132,19.239424243303223
seed20260911_n5000,5000,Attentive CNP + PE,m2,1,106,SE,SE,supported,1356,657,-28.4731482603952,-18.615668421813027,9.857479838582172
seed20260911_n5000,5000,Attentive CNP + PE,m2,1,106,FE,FE,supported,8522,202,-2.4836125950074477,-2.301370245583273,0.18224234942417483
seed20260911_n5000,5000,Attentive CNP + PE,m2,1,107,DEP,DEP,supported,828,464,21.01865733799767,30.776821739653993,9.758164401656321
seed20260911_n5000,5000,Attentive CNP + PE,m2,1,107,feature_1620kev,"1,620.74-keV feature",supported,790,541,-25.547158333138352,-6.084385933374542,19.46277239976381
seed20260911_n5000,5000,Attentive CNP + PE,m2,1,107,SE,SE,supported,1356,657,-28.4731482603952,-18.64417602164847,9.828972238746728
seed20260911_n5000,5000,Attentive CNP + PE,m2,1,107,FE,FE,supported,8522,202,-2.4836125950074477,-1.6359148015202218,0.847697793487226
seed20260911_n5000,5000,Attentive CNP + PE,m2,1,108,DEP,DEP,supported,828,464,21.01865733799767,30.905982645225684,9.887325307228013
seed20260911_n5000,5000,Attentive CNP + PE,m2,1,108,feature_1620kev,"1,620.74-keV feature",supported,790,541,-25.547158333138352,-5.9850553509108115,19.562102982227543
seed20260911_n5000,5000,Attentive CNP + PE,m2,1,108,SE,SE,supported,1356,657,-28.4731482603952,-18.773769044887842,9.699379215507356
seed20260911_n5000,5000,Attentive CNP + PE,m2,1,108,FE,FE,supported,8522,202,-2.4836125950074477,-2.30863167939655,0.1749809156108978
seed20260911_n5000,5000,Attentive CNP + PE,m2,1,109,DEP,DEP,supported,828,464,21.01865733799767,30.866685959495467,9.848028621497795
seed20260911_n5000,5000,Attentive CNP + PE,m2,1,109,feature_1620kev,"1,620.74-keV feature",supported,790,541,-25.547158333138352,-6.4169511533516745,19.13020717978668
seed20260911_n5000,5000,Attentive CNP + PE,m2,1,109,SE,SE,supported,1356,657,-28.4731482603952,-18.574213186599607,9.89893507379559
seed20260911_n5000,5000,Attentive CNP + PE,m2,1,109,FE,FE,supported,8522,202,-2.4836125950074477,-1.8562710354492362,0.6273415595582116
seed20260911_n5000,5000,Attentive CNP + PE,m2,2,100,DEP,DEP,supported,828,464,21.01865733799767,32.05075122260276,11.032093884605093
seed20260911_n5000,5000,Attentive CNP + PE,m2,2,100,feature_1620kev,"1,620.74-keV feature",supported,790,541,-25.547158333138352,-8.868923098493243,16.67823523464511
seed20260911_n5000,5000,Attentive CNP + PE,m2,2,100,SE,SE,supported,1356,657,-28.4731482603952,-23.811759399734512,4.661388860660686
seed20260911_n5000,5000,Attentive CNP + PE,m2,2,100,FE,FE,supported,8522,202,-2.4836125950074477,-8.561516564952184,6.077903969944737
seed20260911_n5000,5000,Attentive CNP + PE,m2,2,101,DEP,DEP,supported,828,464,21.01865733799767,32.562969003795025,11.544311665797357
seed20260911_n5000,5000,Attentive CNP + PE,m2,2,101,feature_1620kev,"1,620.74-keV feature",supported,790,541,-25.547158333138352,-9.129727227051493,16.41743110608686
seed20260911_n5000,5000,Attentive CNP + PE,m2,2,101,SE,SE,supported,1356,657,-28.4731482603952,-23.877243517053174,4.595904743342024
seed20260911_n5000,5000,Attentive CNP + PE,m2,2,101,FE,FE,supported,8522,202,-2.4836125950074477,-9.185013280375012,6.701400685367565
seed20260911_n5000,5000,Attentive CNP + PE,m2,2,102,DEP,DEP,supported,828,464,21.01865733799767,32.15623596340901,11.137578625411344
seed20260911_n5000,5000,Attentive CNP + PE,m2,2,102,feature_1620kev,"1,620.74-keV feature",supported,790,541,-25.547158333138352,-8.698571650843611,16.84858668229474
seed20260911_n5000,5000,Attentive CNP + PE,m2,2,102,SE,SE,supported,1356,657,-28.4731482603952,-23.58155302976724,4.89159523062796
seed20260911_n5000,5000,Attentive CNP + PE,m2,2,102,FE,FE,supported,8522,202,-2.4836125950074477,-9.079342352156708,6.59572975714926
seed20260911_n5000,5000,Attentive CNP + PE,m2,2,103,DEP,DEP,supported,828,464,21.01865733799767,32.37540207074937,11.356744732751695
seed20260911_n5000,5000,Attentive CNP + PE,m2,2,103,feature_1620kev,"1,620.74-keV feature",supported,790,541,-25.547158333138352,-9.423005026432813,16.12415330670554
seed20260911_n5000,5000,Attentive CNP + PE,m2,2,103,SE,SE,supported,1356,657,-28.4731482603952,-24.75451078648646,3.718637473908737
seed20260911_n5000,5000,Attentive CNP + PE,m2,2,103,FE,FE,supported,8522,202,-2.4836125950074477,-8.532321360194695,6.048708765187246
seed20260911_n5000,5000,Attentive CNP + PE,m2,2,104,DEP,DEP,supported,828,464,21.01865733799767,32.405189885678595,11.386532547680927
seed20260911_n5000,5000,Attentive CNP + PE,m2,2,104,feature_1620kev,"1,620.74-keV feature",supported,790,541,-25.547158333138352,-9.089020483814208,16.458137849324146
seed20260911_n5000,5000,Attentive CNP + PE,m2,2,104,SE,SE,supported,1356,657,-28.4731482603952,-24.679544816823267,3.7936034435719304
seed20260911_n5000,5000,Attentive CNP + PE,m2,2,104,FE,FE,supported,8522,202,-2.4836125950074477,-8.595184690320426,6.111572095312978
seed20260911_n5000,5000,Attentive CNP + PE,m2,2,105,DEP,DEP,supported,828,464,21.01865733799767,32.23298796646573,11.214330628468062
seed20260911_n5000,5000,Attentive CNP + PE,m2,2,105,feature_1620kev,"1,620.74-keV feature",supported,790,541,-25.547158333138352,-9.157794415614134,16.389363917524218
seed20260911_n5000,5000,Attentive CNP + PE,m2,2,105,SE,SE,supported,1356,657,-28.4731482603952,-24.73587642681401,3.7372718335811905
seed20260911_n5000,5000,Attentive CNP + PE,m2,2,105,FE,FE,supported,8522,202,-2.4836125950074477,-8.552066211494616,6.068453616487169
seed20260911_n5000,5000,Attentive CNP + PE,m2,2,106,DEP,DEP,supported,828,464,21.01865733799767,32.494021128677566,11.475363790679893
seed20260911_n5000,5000,Attentive CNP + PE,m2,2,106,feature_1620kev,"1,620.74-keV feature",supported,790,541,-25.547158333138352,-9.123053039216632,16.42410529392172
seed20260911_n5000,5000,Attentive CNP + PE,m2,2,106,SE,SE,supported,1356,657,-28.4731482603952,-24.51864615144569,3.9545021089495065
seed20260911_n5000,5000,Attentive CNP + PE,m2,2,106,FE,FE,supported,8522,202,-2.4836125950074477,-9.143633640639534,6.660021045632086
seed20260911_n5000,5000,Attentive CNP + PE,m2,2,107,DEP,DEP,supported,828,464,21.01865733799767,32.190239361466176,11.171582023468506
seed20260911_n5000,5000,Attentive CNP + PE,m2,2,107,feature_1620kev,"1,620.74-keV feature",supported,790,541,-25.547158333138352,-8.952160668225412,16.594997664912942
seed20260911_n5000,5000,Attentive CNP + PE,m2,2,107,SE,SE,supported,1356,657,-28.4731482603952,-24.430482772223673,4.042665488171523
seed20260911_n5000,5000,Attentive CNP + PE,m2,2,107,FE,FE,supported,8522,202,-2.4836125950074477,-8.631039913752957,6.14742731874551
seed20260911_n5000,5000,Attentive CNP + PE,m2,2,108,DEP,DEP,supported,828,464,21.01865733799767,32.272688579957446,11.254031241959778
seed20260911_n5000,5000,Attentive CNP + PE,m2,2,108,feature_1620kev,"1,620.74-keV feature",supported,790,541,-25.547158333138352,-9.372042915251116,16.175115417887238
seed20260911_n5000,5000,Attentive CNP + PE,m2,2,108,SE,SE,supported,1356,657,-28.4731482603952,-24.86087802898033,3.6122702314148656
seed20260911_n5000,5000,Attentive CNP + PE,m2,2,108,FE,FE,supported,8522,202,-2.4836125950074477,-8.733067987659176,6.249455392651729
seed20260911_n5000,5000,Attentive CNP + PE,m2,2,109,DEP,DEP,supported,828,464,21.01865733799767,32.40198679091803,11.38332945292036
seed20260911_n5000,5000,Attentive CNP + PE,m2,2,109,feature_1620kev,"1,620.74-keV feature",supported,790,541,-25.547158333138352,-9.100327743845055,16.4468305892933
seed20260911_n5000,5000,Attentive CNP + PE,m2,2,109,SE,SE,supported,1356,657,-28.4731482603952,-24.208354268770435,4.264793991624763
seed20260911_n5000,5000,Attentive CNP + PE,m2,2,109,FE,FE,supported,8522,202,-2.4836125950074477,-8.89458347986121,6.410970884853762
seed20260911_n5000,5000,Density-guided CNP (ours),ours,0,100,DEP,DEP,supported,828,464,21.01865733799767,26.804446385955238,5.785789047957568
seed20260911_n5000,5000,Density-guided CNP (ours),ours,0,100,feature_1620kev,"1,620.74-keV feature",supported,790,541,-25.547158333138352,-17.28810009526019,8.259058237878165
seed20260911_n5000,5000,Density-guided CNP (ours),ours,0,100,SE,SE,supported,1356,657,-28.4731482603952,-21.31116178705973,7.161986473335466
seed20260911_n5000,5000,Density-guided CNP (ours),ours,0,100,FE,FE,supported,8522,202,-2.4836125950074477,-13.323862193715689,10.84024959870824
seed20260911_n5000,5000,Density-guided CNP (ours),ours,0,101,DEP,DEP,supported,828,464,21.01865733799767,30.638850228396485,9.620192890398815
seed20260911_n5000,5000,Density-guided CNP (ours),ours,0,101,feature_1620kev,"1,620.74-keV feature",supported,790,541,-25.547158333138352,-16.709472956413386,8.837685376724968
seed20260911_n5000,5000,Density-guided CNP (ours),ours,0,101,SE,SE,supported,1356,657,-28.4731482603952,-21.2927963274698,7.180351932925396
seed20260911_n5000,5000,Density-guided CNP (ours),ours,0,101,FE,FE,supported,8522,202,-2.4836125950074477,-13.459385930159106,10.97577333515166
seed20260911_n5000,5000,Density-guided CNP (ours),ours,0,102,DEP,DEP,supported,828,464,21.01865733799767,28.17441254129004,7.155755203292369
seed20260911_n5000,5000,Density-guided CNP (ours),ours,0,102,feature_1620kev,"1,620.74-keV feature",supported,790,541,-25.547158333138352,-17.09820580675211,8.448952526386243
seed20260911_n5000,5000,Density-guided CNP (ours),ours,0,102,SE,SE,supported,1356,657,-28.4731482603952,-21.34369535912769,7.129452901267507
seed20260911_n5000,5000,Density-guided CNP (ours),ours,0,102,FE,FE,supported,8522,202,-2.4836125950074477,-13.800237646514852,11.316625051507403
seed20260911_n5000,5000,Density-guided CNP (ours),ours,0,103,DEP,DEP,supported,828,464,21.01865733799767,26.921744049835322,5.903086711837652
seed20260911_n5000,5000,Density-guided CNP (ours),ours,0,103,feature_1620kev,"1,620.74-keV feature",supported,790,541,-25.547158333138352,-17.28097284165109,8.266185491487265
seed20260911_n5000,5000,Density-guided CNP (ours),ours,0,103,SE,SE,supported,1356,657,-28.4731482603952,-21.094440045280397,7.378708215114801
seed20260911_n5000,5000,Density-guided CNP (ours),ours,0,103,FE,FE,supported,8522,202,-2.4836125950074477,-13.488224698162893,11.004612103155445
seed20260911_n5000,5000,Density-guided CNP (ours),ours,0,104,DEP,DEP,supported,828,464,21.01865733799767,31.00079271690922,9.98213537891155
seed20260911_n5000,5000,Density-guided CNP (ours),ours,0,104,feature_1620kev,"1,620.74-keV feature",supported,790,541,-25.547158333138352,-16.63481455484067,8.912343778297682
seed20260911_n5000,5000,Density-guided CNP (ours),ours,0,104,SE,SE,supported,1356,657,-28.4731482603952,-21.295558468132363,7.177589792262834
seed20260911_n5000,5000,Density-guided CNP (ours),ours,0,104,FE,FE,supported,8522,202,-2.4836125950074477,-13.676013194990706,11.192400599983257
seed20260911_n5000,5000,Density-guided CNP (ours),ours,0,105,DEP,DEP,supported,828,464,21.01865733799767,27.79640649060259,6.777749152604917
seed20260911_n5000,5000,Density-guided CNP (ours),ours,0,105,feature_1620kev,"1,620.74-keV feature",supported,790,541,-25.547158333138352,-17.153433446153127,8.393724886985227
seed20260911_n5000,5000,Density-guided CNP (ours),ours,0,105,SE,SE,supported,1356,657,-28.4731482603952,-21.19214673538438,7.281001525010819
seed20260911_n5000,5000,Density-guided CNP (ours),ours,0,105,FE,FE,supported,8522,202,-2.4836125950074477,-12.85651277250558,10.372900177498131
seed20260911_n5000,5000,Density-guided CNP (ours),ours,0,106,DEP,DEP,supported,828,464,21.01865733799767,28.25677459640389,7.238117258406218
seed20260911_n5000,5000,Density-guided CNP (ours),ours,0,106,feature_1620kev,"1,620.74-keV feature",supported,790,541,-25.547158333138352,-17.103424604255036,8.443733728883318
seed20260911_n5000,5000,Density-guided CNP (ours),ours,0,106,SE,SE,supported,1356,657,-28.4731482603952,-21.12636638099271,7.346781879402487
seed20260911_n5000,5000,Density-guided CNP (ours),ours,0,106,FE,FE,supported,8522,202,-2.4836125950074477,-13.574879248966488,11.091266653959039
seed20260911_n5000,5000,Density-guided CNP (ours),ours,0,107,DEP,DEP,supported,828,464,21.01865733799767,30.003163189242642,8.984505851244972
seed20260911_n5000,5000,Density-guided CNP (ours),ours,0,107,feature_1620kev,"1,620.74-keV feature",supported,790,541,-25.547158333138352,-16.79107135279979,8.756086980338562
seed20260911_n5000,5000,Density-guided CNP (ours),ours,0,107,SE,SE,supported,1356,657,-28.4731482603952,-21.2553638870659,7.217784373329297
seed20260911_n5000,5000,Density-guided CNP (ours),ours,0,107,FE,FE,supported,8522,202,-2.4836125950074477,-13.689720128050784,11.206107533043335
seed20260911_n5000,5000,Density-guided CNP (ours),ours,0,108,DEP,DEP,supported,828,464,21.01865733799767,28.768756151213626,7.750098813215955
seed20260911_n5000,5000,Density-guided CNP (ours),ours,0,108,feature_1620kev,"1,620.74-keV feature",supported,790,541,-25.547158333138352,-17.028530203928927,8.518628129209427
seed20260911_n5000,5000,Density-guided CNP (ours),ours,0,108,SE,SE,supported,1356,657,-28.4731482603952,-21.221797893473276,7.251350366921922
seed20260911_n5000,5000,Density-guided CNP (ours),ours,0,108,FE,FE,supported,8522,202,-2.4836125950074477,-13.619005431203371,11.135392836195923
seed20260911_n5000,5000,Density-guided CNP (ours),ours,0,109,DEP,DEP,supported,828,464,21.01865733799767,28.104844958471944,7.086187620474272
seed20260911_n5000,5000,Density-guided CNP (ours),ours,0,109,feature_1620kev,"1,620.74-keV feature",supported,790,541,-25.547158333138352,-17.14049689439488,8.406661438743473
seed20260911_n5000,5000,Density-guided CNP (ours),ours,0,109,SE,SE,supported,1356,657,-28.4731482603952,-21.171826063983602,7.301322196411597
seed20260911_n5000,5000,Density-guided CNP (ours),ours,0,109,FE,FE,supported,8522,202,-2.4836125950074477,-13.381757102423759,10.89814450741631
seed20260911_n5000,5000,Density-guided CNP (ours),ours,1,100,DEP,DEP,supported,828,464,21.01865733799767,27.27567290955499,6.257015571557323
seed20260911_n5000,5000,Density-guided CNP (ours),ours,1,100,feature_1620kev,"1,620.74-keV feature",supported,790,541,-25.547158333138352,-17.631055947074607,7.916102386063745
seed20260911_n5000,5000,Density-guided CNP (ours),ours,1,100,SE,SE,supported,1356,657,-28.4731482603952,-21.577591226836002,6.8955570335591965
seed20260911_n5000,5000,Density-guided CNP (ours),ours,1,100,FE,FE,supported,8522,202,-2.4836125950074477,-11.938528564369022,9.454915969361574
seed20260911_n5000,5000,Density-guided CNP (ours),ours,1,101,DEP,DEP,supported,828,464,21.01865733799767,31.03874039231388,10.02008305431621
seed20260911_n5000,5000,Density-guided CNP (ours),ours,1,101,feature_1620kev,"1,620.74-keV feature",supported,790,541,-25.547158333138352,-15.466341920653786,10.080816412484566
seed20260911_n5000,5000,Density-guided CNP (ours),ours,1,101,SE,SE,supported,1356,657,-28.4731482603952,-21.539116816161247,6.934031444233951
seed20260911_n5000,5000,Density-guided CNP (ours),ours,1,101,FE,FE,supported,8522,202,-2.4836125950074477,-12.767484954827706,10.28387235982026
seed20260911_n5000,5000,Density-guided CNP (ours),ours,1,102,DEP,DEP,supported,828,464,21.01865733799767,28.815900366394033,7.797243028396361
seed20260911_n5000,5000,Density-guided CNP (ours),ours,1,102,feature_1620kev,"1,620.74-keV feature",supported,790,541,-25.547158333138352,-16.657400406111485,8.88975792702687
seed20260911_n5000,5000,Density-guided CNP (ours),ours,1,102,SE,SE,supported,1356,657,-28.4731482603952,-21.668123221129072,6.805025039266127
seed20260911_n5000,5000,Density-guided CNP (ours),ours,1,102,FE,FE,supported,8522,202,-2.4836125950074477,-12.89952120319548,10.415908608188031
seed20260911_n5000,5000,Density-guided CNP (ours),ours,1,103,DEP,DEP,supported,828,464,21.01865733799767,27.51052057745368,6.491863239456008
seed20260911_n5000,5000,Density-guided CNP (ours),ours,1,103,feature_1620kev,"1,620.74-keV feature",supported,790,541,-25.547158333138352,-17.456883375875332,8.090274957263022
seed20260911_n5000,5000,Density-guided CNP (ours),ours,1,103,SE,SE,supported,1356,657,-28.4731482603952,-21.07514087957733,7.398007380817867
seed20260911_n5000,5000,Density-guided CNP (ours),ours,1,103,FE,FE,supported,8522,202,-2.4836125950074477,-12.225138393451129,9.741525798443682
seed20260911_n5000,5000,Density-guided CNP (ours),ours,1,104,DEP,DEP,supported,828,464,21.01865733799767,31.3678352247068,10.349177886709127
seed20260911_n5000,5000,Density-guided CNP (ours),ours,1,104,feature_1620kev,"1,620.74-keV feature",supported,790,541,-25.547158333138352,-15.28067782711766,10.266480506020692
seed20260911_n5000,5000,Density-guided CNP (ours),ours,1,104,SE,SE,supported,1356,657,-28.4731482603952,-21.552809529000182,6.920338731395015
seed20260911_n5000,5000,Density-guided CNP (ours),ours,1,104,FE,FE,supported,8522,202,-2.4836125950074477,-12.769035971222378,10.285423376214931
seed20260911_n5000,5000,Density-guided CNP (ours),ours,1,105,DEP,DEP,supported,828,464,21.01865733799767,28.509544163291977,7.490886825294307
seed20260911_n5000,5000,Density-guided CNP (ours),ours,1,105,feature_1620kev,"1,620.74-keV feature",supported,790,541,-25.547158333138352,-16.811937014648148,8.735221318490204
seed20260911_n5000,5000,Density-guided CNP (ours),ours,1,105,SE,SE,supported,1356,657,-28.4731482603952,-21.289588476201597,7.1835597841936
seed20260911_n5000,5000,Density-guided CNP (ours),ours,1,105,FE,FE,supported,8522,202,-2.4836125950074477,-11.311411569086466,8.827798974079018
seed20260911_n5000,5000,Density-guided CNP (ours),ours,1,106,DEP,DEP,supported,828,464,21.01865733799767,28.919491868140344,7.900834530142675
seed20260911_n5000,5000,Density-guided CNP (ours),ours,1,106,feature_1620kev,"1,620.74-keV feature",supported,790,541,-25.547158333138352,-16.60820646034329,8.938951872795064
seed20260911_n5000,5000,Density-guided CNP (ours),ours,1,106,SE,SE,supported,1356,657,-28.4731482603952,-21.128105959347227,7.345042301047972
seed20260911_n5000,5000,Density-guided CNP (ours),ours,1,106,FE,FE,supported,8522,202,-2.4836125950074477,-12.404860118100983,9.921247523093534
seed20260911_n5000,5000,Density-guided CNP (ours),ours,1,107,DEP,DEP,supported,828,464,21.01865733799767,30.534502535205142,9.515845197207472
seed20260911_n5000,5000,Density-guided CNP (ours),ours,1,107,feature_1620kev,"1,620.74-keV feature",supported,790,541,-25.547158333138352,-15.678732225401781,9.868426107736571
seed20260911_n5000,5000,Density-guided CNP (ours),ours,1,107,SE,SE,supported,1356,657,-28.4731482603952,-21.426601580548184,7.046546679847015
seed20260911_n5000,5000,Density-guided CNP (ours),ours,1,107,FE,FE,supported,8522,202,-2.4836125950074477,-12.686124886304292,10.202512291296845
seed20260911_n5000,5000,Density-guided CNP (ours),ours,1,108,DEP,DEP,supported,828,464,21.01865733799767,29.363681634938622,8.34502429694095
seed20260911_n5000,5000,Density-guided CNP (ours),ours,1,108,feature_1620kev,"1,620.74-keV feature",supported,790,541,-25.547158333138352,-16.388795669839084,9.158362663299268
seed20260911_n5000,5000,Density-guided CNP (ours),ours,1,108,SE,SE,supported,1356,657,-28.4731482603952,-21.37897991673713,7.094168343658069
seed20260911_n5000,5000,Density-guided CNP (ours),ours,1,108,FE,FE,supported,8522,202,-2.4836125950074477,-12.824247206279185,10.340634611271737
seed20260911_n5000,5000,Density-guided CNP (ours),ours,1,109,DEP,DEP,supported,828,464,21.01865733799767,28.74339668692589,7.724739348928223
seed20260911_n5000,5000,Density-guided CNP (ours),ours,1,109,feature_1620kev,"1,620.74-keV feature",supported,790,541,-25.547158333138352,-16.777423455118416,8.769734878019936
seed20260911_n5000,5000,Density-guided CNP (ours),ours,1,109,SE,SE,supported,1356,657,-28.4731482603952,-21.213647115039137,7.259501145356062
seed20260911_n5000,5000,Density-guided CNP (ours),ours,1,109,FE,FE,supported,8522,202,-2.4836125950074477,-12.060492916356688,9.57688032134924
seed20260911_n5000,5000,Density-guided CNP (ours),ours,2,100,DEP,DEP,supported,828,464,21.01865733799767,27.790505005241272,6.771847667243602
seed20260911_n5000,5000,Density-guided CNP (ours),ours,2,100,feature_1620kev,"1,620.74-keV feature",supported,790,541,-25.547158333138352,-21.942466744195695,3.60469158894266
seed20260911_n5000,5000,Density-guided CNP (ours),ours,2,100,SE,SE,supported,1356,657,-28.4731482603952,-23.01031359140369,5.462834668991507
seed20260911_n5000,5000,Density-guided CNP (ours),ours,2,100,FE,FE,supported,8522,202,-2.4836125950074477,-12.11683711853419,9.633224523526742
seed20260911_n5000,5000,Density-guided CNP (ours),ours,2,101,DEP,DEP,supported,828,464,21.01865733799767,29.541785685173316,8.523128347175646
seed20260911_n5000,5000,Density-guided CNP (ours),ours,2,101,feature_1620kev,"1,620.74-keV feature",supported,790,541,-25.547158333138352,-20.88594869919063,4.661209633947721
seed20260911_n5000,5000,Density-guided CNP (ours),ours,2,101,SE,SE,supported,1356,657,-28.4731482603952,-22.999879610557393,5.473268649837804
seed20260911_n5000,5000,Density-guided CNP (ours),ours,2,101,FE,FE,supported,8522,202,-2.4836125950074477,-12.055167594918148,9.5715549999107
seed20260911_n5000,5000,Density-guided CNP (ours),ours,2,102,DEP,DEP,supported,828,464,21.01865733799767,28.334191524275496,7.315534186277828
seed20260911_n5000,5000,Density-guided CNP (ours),ours,2,102,feature_1620kev,"1,620.74-keV feature",supported,790,541,-25.547158333138352,-21.58312128634102,3.964037046797336
seed20260911_n5000,5000,Density-guided CNP (ours),ours,2,102,SE,SE,supported,1356,657,-28.4731482603952,-23.053002712175104,5.420145548220096
seed20260911_n5000,5000,Density-guided CNP (ours),ours,2,102,FE,FE,supported,8522,202,-2.4836125950074477,-12.442576497514422,9.958963902506973
seed20260911_n5000,5000,Density-guided CNP (ours),ours,2,103,DEP,DEP,supported,828,464,21.01865733799767,27.90080709451527,6.882149756517597
seed20260911_n5000,5000,Density-guided CNP (ours),ours,2,103,feature_1620kev,"1,620.74-keV feature",supported,790,541,-25.547158333138352,-21.90567392972087,3.641484403417483
seed20260911_n5000,5000,Density-guided CNP (ours),ours,2,103,SE,SE,supported,1356,657,-28.4731482603952,-22.61405550752558,5.859092752869616
seed20260911_n5000,5000,Density-guided CNP (ours),ours,2,103,FE,FE,supported,8522,202,-2.4836125950074477,-12.277204706253286,9.793592111245838
seed20260911_n5000,5000,Density-guided CNP (ours),ours,2,104,DEP,DEP,supported,828,464,21.01865733799767,29.703332652883486,8.684675314885816
seed20260911_n5000,5000,Density-guided CNP (ours),ours,2,104,feature_1620kev,"1,620.74-keV feature",supported,790,541,-25.547158333138352,-20.77662780263907,4.770530530499284
seed20260911_n5000,5000,Density-guided CNP (ours),ours,2,104,SE,SE,supported,1356,657,-28.4731482603952,-23.01385500738103,5.459293253014169
seed20260911_n5000,5000,Density-guided CNP (ours),ours,2,104,FE,FE,supported,8522,202,-2.4836125950074477,-12.418959940368147,9.935347345360698
seed20260911_n5000,5000,Density-guided CNP (ours),ours,2,105,DEP,DEP,supported,828,464,21.01865733799767,28.205519486247244,7.186862148249573
seed20260911_n5000,5000,Density-guided CNP (ours),ours,2,105,feature_1620kev,"1,620.74-keV feature",supported,790,541,-25.547158333138352,-21.662283813460103,3.8848745196782497
seed20260911_n5000,5000,Density-guided CNP (ours),ours,2,105,SE,SE,supported,1356,657,-28.4731482603952,-22.809535458301383,5.663612802093815
seed20260911_n5000,5000,Density-guided CNP (ours),ours,2,105,FE,FE,supported,8522,202,-2.4836125950074477,-11.606846926886325,9.123234331878876
seed20260911_n5000,5000,Density-guided CNP (ours),ours,2,106,DEP,DEP,supported,828,464,21.01865733799767,28.397940667687127,7.379283329689457
seed20260911_n5000,5000,Density-guided CNP (ours),ours,2,106,feature_1620kev,"1,620.74-keV feature",supported,790,541,-25.547158333138352,-21.574682457734617,3.972475875403736
seed20260911_n5000,5000,Density-guided CNP (ours),ours,2,106,SE,SE,supported,1356,657,-28.4731482603952,-22.68949450236511,5.783653758030089
seed20260911_n5000,5000,Density-guided CNP (ours),ours,2,106,FE,FE,supported,8522,202,-2.4836125950074477,-12.359973447400774,9.876360852393326
seed20260911_n5000,5000,Density-guided CNP (ours),ours,2,107,DEP,DEP,supported,828,464,21.01865733799767,29.256710799134478,8.238053461136808
seed20260911_n5000,5000,Density-guided CNP (ours),ours,2,107,feature_1620kev,"1,620.74-keV feature",supported,790,541,-25.547158333138352,-21.006650272220774,4.540508060917581
seed20260911_n5000,5000,Density-guided CNP (ours),ours,2,107,SE,SE,supported,1356,657,-28.4731482603952,-22.92853591868498,5.54461234171022
seed20260911_n5000,5000,Density-guided CNP (ours),ours,2,107,FE,FE,supported,8522,202,-2.4836125950074477,-12.412312661438598,9.928700066431151
seed20260911_n5000,5000,Density-guided CNP (ours),ours,2,108,DEP,DEP,supported,828,464,21.01865733799767,28.603579786111077,7.5849224481134065
seed20260911_n5000,5000,Density-guided CNP (ours),ours,2,108,feature_1620kev,"1,620.74-keV feature",supported,790,541,-25.547158333138352,-21.462601184818848,4.084557148319506
seed20260911_n5000,5000,Density-guided CNP (ours),ours,2,108,SE,SE,supported,1356,657,-28.4731482603952,-22.89514640857883,5.578001851816366
seed20260911_n5000,5000,Density-guided CNP (ours),ours,2,108,FE,FE,supported,8522,202,-2.4836125950074477,-12.316388272085296,9.832775677077848
seed20260911_n5000,5000,Density-guided CNP (ours),ours,2,109,DEP,DEP,supported,828,464,21.01865733799767,28.318683599088512,7.300026261090842
seed20260911_n5000,5000,Density-guided CNP (ours),ours,2,109,feature_1620kev,"1,620.74-keV feature",supported,790,541,-25.547158333138352,-21.67540455955001,3.8717537735883436
seed20260911_n5000,5000,Density-guided CNP (ours),ours,2,109,SE,SE,supported,1356,657,-28.4731482603952,-22.752050123721013,5.721098136674185
seed20260911_n5000,5000,Density-guided CNP (ours),ours,2,109,FE,FE,supported,8522,202,-2.4836125950074477,-12.176170206595035,9.692557611587588
original_n10000,10000,CNP,m0,0,100,DEP,DEP,supported,828,464,21.01865733799767,0.027789840874692384,20.990867497122977
original_n10000,10000,CNP,m0,0,100,feature_1620kev,"1,620.74-keV feature",supported,790,541,-25.547158333138352,0.03851928238117752,25.58567761551953
original_n10000,10000,CNP,m0,0,100,SE,SE,supported,1356,657,-28.4731482603952,0.016193333106362395,28.48934159350156
original_n10000,10000,CNP,m0,0,100,FE,FE,supported,8522,202,-2.4836125950074477,-0.8198986642486555,1.6637139307587923
original_n10000,10000,CNP,m0,0,101,DEP,DEP,supported,828,464,21.01865733799767,0.028077367600098935,20.990579970397572
original_n10000,10000,CNP,m0,0,101,feature_1620kev,"1,620.74-keV feature",supported,790,541,-25.547158333138352,0.0382892959918002,25.585447629130154
original_n10000,10000,CNP,m0,0,101,SE,SE,supported,1356,657,-28.4731482603952,0.015707685063004462,28.4888559454582
original_n10000,10000,CNP,m0,0,101,FE,FE,supported,8522,202,-2.4836125950074477,-0.8141183136653379,1.6694942813421099
original_n10000,10000,CNP,m0,0,102,DEP,DEP,supported,828,464,21.01865733799767,0.027989376148918055,20.990667961848754
original_n10000,10000,CNP,m0,0,102,feature_1620kev,"1,620.74-keV feature",supported,790,541,-25.547158333138352,0.038503580213422595,25.585661913351775
original_n10000,10000,CNP,m0,0,102,SE,SE,supported,1356,657,-28.4731482603952,0.01608595472278873,28.489234215117985
original_n10000,10000,CNP,m0,0,102,FE,FE,supported,8522,202,-2.4836125950074477,-0.8143191498151486,1.6692934451922992
original_n10000,10000,CNP,m0,0,103,DEP,DEP,supported,828,464,21.01865733799767,0.028119048828201265,20.990538289169468
original_n10000,10000,CNP,m0,0,103,feature_1620kev,"1,620.74-keV feature",supported,790,541,-25.547158333138352,0.03741126348990598,25.58456959662826
original_n10000,10000,CNP,m0,0,103,SE,SE,supported,1356,657,-28.4731482603952,0.015097235006633625,28.48824549540183
original_n10000,10000,CNP,m0,0,103,FE,FE,supported,8522,202,-2.4836125950074477,-0.8275767675683693,1.6560358274390785
original_n10000,10000,CNP,m0,0,104,DEP,DEP,supported,828,464,21.01865733799767,0.027914186200184155,20.990743151797485
original_n10000,10000,CNP,m0,0,104,feature_1620kev,"1,620.74-keV feature",supported,790,541,-25.547158333138352,0.03756677657844598,25.5847251097168
original_n10000,10000,CNP,m0,0,104,SE,SE,supported,1356,657,-28.4731482603952,0.015537444899282882,28.48868570529448
original_n10000,10000,CNP,m0,0,104,FE,FE,supported,8522,202,-2.4836125950074477,-0.8158098192393132,1.6678027757681346
original_n10000,10000,CNP,m0,0,105,DEP,DEP,supported,828,464,21.01865733799767,0.02786743986930018,20.99078989812837
original_n10000,10000,CNP,m0,0,105,feature_1620kev,"1,620.74-keV feature",supported,790,541,-25.547158333138352,0.03781441347000536,25.584972746608358
original_n10000,10000,CNP,m0,0,105,SE,SE,supported,1356,657,-28.4731482603952,0.015614341110536945,28.488762601505734
original_n10000,10000,CNP,m0,0,105,FE,FE,supported,8522,202,-2.4836125950074477,-0.8212553722110355,1.6623572227964123
original_n10000,10000,CNP,m0,0,106,DEP,DEP,supported,828,464,21.01865733799767,0.028203504156643078,20.990453833841027
original_n10000,10000,CNP,m0,0,106,feature_1620kev,"1,620.74-keV feature",supported,790,541,-25.547158333138352,0.037949559882644035,25.585107893020997
original_n10000,10000,CNP,m0,0,106,SE,SE,supported,1356,657,-28.4731482603952,0.015540644579070673,28.488688904974268
original_n10000,10000,CNP,m0,0,106,FE,FE,supported,8522,202,-2.4836125950074477,-0.8155798226239963,1.6680327723834516
original_n10000,10000,CNP,m0,0,107,DEP,DEP,supported,828,464,21.01865733799767,0.02836724139182456,20.990290096605847
original_n10000,10000,CNP,m0,0,107,feature_1620kev,"1,620.74-keV feature",supported,790,541,-25.547158333138352,0.0376122025560921,25.584770535694446
original_n10000,10000,CNP,m0,0,107,SE,SE,supported,1356,657,-28.4731482603952,0.015245264491936528,28.488393524887133
original_n10000,10000,CNP,m0,0,107,FE,FE,supported,8522,202,-2.4836125950074477,-0.8236809853505028,1.659931609656945
original_n10000,10000,CNP,m0,0,108,DEP,DEP,supported,828,464,21.01865733799767,0.028196278288061816,20.99046105970961
original_n10000,10000,CNP,m0,0,108,feature_1620kev,"1,620.74-keV feature",supported,790,541,-25.547158333138352,0.03724372832610845,25.584402061464463
original_n10000,10000,CNP,m0,0,108,SE,SE,supported,1356,657,-28.4731482603952,0.015281738568639902,28.488429998963838
original_n10000,10000,CNP,m0,0,108,FE,FE,supported,8522,202,-2.4836125950074477,-0.8281889083027572,1.6554236867046908
original_n10000,10000,CNP,m0,0,109,DEP,DEP,supported,828,464,21.01865733799767,0.027803620884847557,20.990853717112824
original_n10000,10000,CNP,m0,0,109,feature_1620kev,"1,620.74-keV feature",supported,790,541,-25.547158333138352,0.03837901018540757,25.58553734332376
original_n10000,10000,CNP,m0,0,109,SE,SE,supported,1356,657,-28.4731482603952,0.015857032380106606,28.489005292775303
original_n10000,10000,CNP,m0,0,109,FE,FE,supported,8522,202,-2.4836125950074477,-0.8139458358549428,1.669666759152505
original_n10000,10000,CNP,m0,1,100,DEP,DEP,supported,828,464,21.01865733799767,-0.00866815530033982,21.02732549329801
original_n10000,10000,CNP,m0,1,100,feature_1620kev,"1,620.74-keV feature",supported,790,541,-25.547158333138352,0.011471027294140956,25.558629360432494
original_n10000,10000,CNP,m0,1,100,SE,SE,supported,1356,657,-28.4731482603952,-0.008723439194302518,28.464424821200897
original_n10000,10000,CNP,m0,1,100,FE,FE,supported,8522,202,-2.4836125950074477,-0.5949104777020681,1.8887021173053797
original_n10000,10000,CNP,m0,1,101,DEP,DEP,supported,828,464,21.01865733799767,-0.008724535264814648,21.027381873262485
original_n10000,10000,CNP,m0,1,101,feature_1620kev,"1,620.74-keV feature",supported,790,541,-25.547158333138352,0.012187620801973331,25.559345953940326
original_n10000,10000,CNP,m0,1,101,SE,SE,supported,1356,657,-28.4731482603952,-0.009023745252756399,28.46412451514244
original_n10000,10000,CNP,m0,1,101,FE,FE,supported,8522,202,-2.4836125950074477,-0.6054655075812237,1.878147087426224
original_n10000,10000,CNP,m0,1,102,DEP,DEP,supported,828,464,21.01865733799767,-0.00860191741531846,21.02725925541299
original_n10000,10000,CNP,m0,1,102,feature_1620kev,"1,620.74-keV feature",supported,790,541,-25.547158333138352,0.011503369110221762,25.558661702248575
original_n10000,10000,CNP,m0,1,102,SE,SE,supported,1356,657,-28.4731482603952,-0.008361901589004628,28.464786358806194
original_n10000,10000,CNP,m0,1,102,FE,FE,supported,8522,202,-2.4836125950074477,-0.5932278577150368,1.890384737292411
original_n10000,10000,CNP,m0,1,103,DEP,DEP,supported,828,464,21.01865733799767,-0.009013862348006274,21.027671200345676
original_n10000,10000,CNP,m0,1,103,feature_1620kev,"1,620.74-keV feature",supported,790,541,-25.547158333138352,0.01281285347884964,25.559971186617204
original_n10000,10000,CNP,m0,1,103,SE,SE,supported,1356,657,-28.4731482603952,-0.010886711795676796,28.46226154859952
original_n10000,10000,CNP,m0,1,103,FE,FE,supported,8522,202,-2.4836125950074477,-0.6285884455741686,1.8550241494332793
original_n10000,10000,CNP,m0,1,104,DEP,DEP,supported,828,464,21.01865733799767,-0.00889520304112601,21.027552541038798
original_n10000,10000,CNP,m0,1,104,feature_1620kev,"1,620.74-keV feature",supported,790,541,-25.547158333138352,0.012635683454398361,25.55979401659275
original_n10000,10000,CNP,m0,1,104,SE,SE,supported,1356,657,-28.4731482603952,-0.009978749088102035,28.463169511307097
original_n10000,10000,CNP,m0,1,104,FE,FE,supported,8522,202,-2.4836125950074477,-0.6127330581327889,1.870879536874659
original_n10000,10000,CNP,m0,1,105,DEP,DEP,supported,828,464,21.01865733799767,-0.009097705875538153,21.02775504387321
original_n10000,10000,CNP,m0,1,105,feature_1620kev,"1,620.74-keV feature",supported,790,541,-25.547158333138352,0.012472329065604804,25.559630662203958
original_n10000,10000,CNP,m0,1,105,SE,SE,supported,1356,657,-28.4731482603952,-0.010002209594006661,28.463146050801193
original_n10000,10000,CNP,m0,1,105,FE,FE,supported,8522,202,-2.4836125950074477,-0.613315614380075,1.8702969806273728
original_n10000,10000,CNP,m0,1,106,DEP,DEP,supported,828,464,21.01865733799767,-0.008934205096688963,21.02759154309436
original_n10000,10000,CNP,m0,1,106,feature_1620kev,"1,620.74-keV feature",supported,790,541,-25.547158333138352,0.01216396414438492,25.559322297282737
original_n10000,10000,CNP,m0,1,106,SE,SE,supported,1356,657,-28.4731482603952,-0.00947735137721839,28.463670909017978
original_n10000,10000,CNP,m0,1,106,FE,FE,supported,8522,202,-2.4836125950074477,-0.6081207464917637,1.8754918485156842
original_n10000,10000,CNP,m0,1,107,DEP,DEP,supported,828,464,21.01865733799767,-0.008895064856628832,21.027552402854297
original_n10000,10000,CNP,m0,1,107,feature_1620kev,"1,620.74-keV feature",supported,790,541,-25.547158333138352,0.01266797317154289,25.559826306309898
original_n10000,10000,CNP,m0,1,107,SE,SE,supported,1356,657,-28.4731482603952,-0.010046013171782775,28.463102247223414
original_n10000,10000,CNP,m0,1,107,FE,FE,supported,8522,202,-2.4836125950074477,-0.6213278946181483,1.8622847003892995
original_n10000,10000,CNP,m0,1,108,DEP,DEP,supported,828,464,21.01865733799767,-0.008961747422653321,21.027619085420323
original_n10000,10000,CNP,m0,1,108,feature_1620kev,"1,620.74-keV feature",supported,790,541,-25.547158333138352,0.01262706397384683,25.5597853971122
original_n10000,10000,CNP,m0,1,108,SE,SE,supported,1356,657,-28.4731482603952,-0.010597829557568161,28.46255043083763
original_n10000,10000,CNP,m0,1,108,FE,FE,supported,8522,202,-2.4836125950074477,-0.6303508124766183,1.8532617825308295
original_n10000,10000,CNP,m0,1,109,DEP,DEP,supported,828,464,21.01865733799767,-0.009032334154346344,21.027689672152018
original_n10000,10000,CNP,m0,1,109,feature_1620kev,"1,620.74-keV feature",supported,790,541,-25.547158333138352,0.011983208108190535,25.559141541246543
original_n10000,10000,CNP,m0,1,109,SE,SE,supported,1356,657,-28.4731482603952,-0.009055861586115821,28.464092398809083
original_n10000,10000,CNP,m0,1,109,FE,FE,supported,8522,202,-2.4836125950074477,-0.5997949382738038,1.883817656733644
original_n10000,10000,CNP,m0,2,100,DEP,DEP,supported,828,464,21.01865733799767,0.017416870816933105,21.001240467180736
original_n10000,10000,CNP,m0,2,100,feature_1620kev,"1,620.74-keV feature",supported,790,541,-25.547158333138352,0.006512698397209693,25.553671031535565
original_n10000,10000,CNP,m0,2,100,SE,SE,supported,1356,657,-28.4731482603952,-0.007752193294385812,28.465396067100812
original_n10000,10000,CNP,m0,2,100,FE,FE,supported,8522,202,-2.4836125950074477,-0.724937513098245,1.7586750819092027
original_n10000,10000,CNP,m0,2,101,DEP,DEP,supported,828,464,21.01865733799767,0.017434274326311172,21.00122306367136
original_n10000,10000,CNP,m0,2,101,feature_1620kev,"1,620.74-keV feature",supported,790,541,-25.547158333138352,0.006304181553140609,25.553462514691493
original_n10000,10000,CNP,m0,2,101,SE,SE,supported,1356,657,-28.4731482603952,-0.007797548682542121,28.465350711712656
original_n10000,10000,CNP,m0,2,101,FE,FE,supported,8522,202,-2.4836125950074477,-0.7292362945261616,1.7543763004812862
original_n10000,10000,CNP,m0,2,102,DEP,DEP,supported,828,464,21.01865733799767,0.01802591400262843,21.000631423995042
original_n10000,10000,CNP,m0,2,102,feature_1620kev,"1,620.74-keV feature",supported,790,541,-25.547158333138352,0.006379185535354548,25.553537518673707
original_n10000,10000,CNP,m0,2,102,SE,SE,supported,1356,657,-28.4731482603952,-0.007953910301816691,28.46519435009338
original_n10000,10000,CNP,m0,2,102,FE,FE,supported,8522,202,-2.4836125950074477,-0.7227992320193194,1.7608133629881284
original_n10000,10000,CNP,m0,2,103,DEP,DEP,supported,828,464,21.01865733799767,0.015846454381562847,21.002810883616107
original_n10000,10000,CNP,m0,2,103,feature_1620kev,"1,620.74-keV feature",supported,790,541,-25.547158333138352,0.008206462529292136,25.555364795667646
original_n10000,10000,CNP,m0,2,103,SE,SE,supported,1356,657,-28.4731482603952,-0.007499020786982946,28.465649239608215
original_n10000,10000,CNP,m0,2,103,FE,FE,supported,8522,202,-2.4836125950074477,-0.7233604949086175,1.7602521000988303
original_n10000,10000,CNP,m0,2,104,DEP,DEP,supported,828,464,21.01865733799767,0.01634842358801958,21.00230891440965
original_n10000,10000,CNP,m0,2,104,feature_1620kev,"1,620.74-keV feature",supported,790,541,-25.547158333138352,0.007570918190036302,25.55472925132839
original_n10000,10000,CNP,m0,2,104,SE,SE,supported,1356,657,-28.4731482603952,-0.0076673187540121646,28.465480941641186
original_n10000,10000,CNP,m0,2,104,FE,FE,supported,8522,202,-2.4836125950074477,-0.7177175879971354,1.7658950070103123
original_n10000,10000,CNP,m0,2,105,DEP,DEP,supported,828,464,21.01865733799767,0.015922699104997662,21.002734638892672
original_n10000,10000,CNP,m0,2,105,feature_1620kev,"1,620.74-keV feature",supported,790,541,-25.547158333138352,0.00824119570675963,25.555399528845115
original_n10000,10000,CNP,m0,2,105,SE,SE,supported,1356,657,-28.4731482603952,-0.007146880440889181,28.46600137995431
original_n10000,10000,CNP,m0,2,105,FE,FE,supported,8522,202,-2.4836125950074477,-0.7137116128482113,1.7699009821592364
original_n10000,10000,CNP,m0,2,106,DEP,DEP,supported,828,464,21.01865733799767,0.016766048440963743,21.001891289556706
original_n10000,10000,CNP,m0,2,106,feature_1620kev,"1,620.74-keV feature",supported,790,541,-25.547158333138352,0.007256704634683864,25.554415037773037
original_n10000,10000,CNP,m0,2,106,SE,SE,supported,1356,657,-28.4731482603952,-0.007691754573158072,28.46545650582204
original_n10000,10000,CNP,m0,2,106,FE,FE,supported,8522,202,-2.4836125950074477,-0.7228235027873481,1.7607890922200997
original_n10000,10000,CNP,m0,2,107,DEP,DEP,supported,828,464,21.01865733799767,0.01585990343786481,21.002797434559806
original_n10000,10000,CNP,m0,2,107,feature_1620kev,"1,620.74-keV feature",supported,790,541,-25.547158333138352,0.008311841085484328,25.55547017422384
original_n10000,10000,CNP,m0,2,107,SE,SE,supported,1356,657,-28.4731482603952,-0.007397152575494559,28.465751107819703
original_n10000,10000,CNP,m0,2,107,FE,FE,supported,8522,202,-2.4836125950074477,-0.7170860210651192,1.7665265739423286
original_n10000,10000,CNP,m0,2,108,DEP,DEP,supported,828,464,21.01865733799767,0.016052020409917933,21.00260531758775
original_n10000,10000,CNP,m0,2,108,feature_1620kev,"1,620.74-keV feature",supported,790,541,-25.547158333138352,0.0079778325128399,25.55513616565119
original_n10000,10000,CNP,m0,2,108,SE,SE,supported,1356,657,-28.4731482603952,-0.007451640662581305,28.46569661973262
original_n10000,10000,CNP,m0,2,108,FE,FE,supported,8522,202,-2.4836125950074477,-0.7262137027621157,1.757398892245332
original_n10000,10000,CNP,m0,2,109,DEP,DEP,supported,828,464,21.01865733799767,0.017297221333734125,21.001360116663935
original_n10000,10000,CNP,m0,2,109,feature_1620kev,"1,620.74-keV feature",supported,790,541,-25.547158333138352,0.007076592726551478,25.554234925864904
original_n10000,10000,CNP,m0,2,109,SE,SE,supported,1356,657,-28.4731482603952,-0.0076422984300328345,28.465505961965164
original_n10000,10000,CNP,m0,2,109,FE,FE,supported,8522,202,-2.4836125950074477,-0.7157914086113437,1.767821186396104
original_n10000,10000,Attentive CNP,m1,0,100,DEP,DEP,supported,828,464,21.01865733799767,-0.018085895452157885,21.03674323344983
original_n10000,10000,Attentive CNP,m1,0,100,feature_1620kev,"1,620.74-keV feature",supported,790,541,-25.547158333138352,-0.015283449277991856,25.53187488386036
original_n10000,10000,Attentive CNP,m1,0,100,SE,SE,supported,1356,657,-28.4731482603952,0.007401825320396682,28.480550085715596
original_n10000,10000,Attentive CNP,m1,0,100,FE,FE,supported,8522,202,-2.4836125950074477,-0.7235238044723064,1.7600887905351414
original_n10000,10000,Attentive CNP,m1,0,101,DEP,DEP,supported,828,464,21.01865733799767,-0.016934994558526206,21.035592332556195
original_n10000,10000,Attentive CNP,m1,0,101,feature_1620kev,"1,620.74-keV feature",supported,790,541,-25.547158333138352,-0.019102263592329916,25.528056069546025
original_n10000,10000,Attentive CNP,m1,0,101,SE,SE,supported,1356,657,-28.4731482603952,0.006797296865779234,28.479945557260976
original_n10000,10000,Attentive CNP,m1,0,101,FE,FE,supported,8522,202,-2.4836125950074477,-0.7109184106160016,1.772694184391446
original_n10000,10000,Attentive CNP,m1,0,102,DEP,DEP,supported,828,464,21.01865733799767,-0.020251074511401512,21.038908412509073
original_n10000,10000,Attentive CNP,m1,0,102,feature_1620kev,"1,620.74-keV feature",supported,790,541,-25.547158333138352,-0.016790074747230488,25.53036825839112
original_n10000,10000,Attentive CNP,m1,0,102,SE,SE,supported,1356,657,-28.4731482603952,0.005905861421851011,28.47905412181705
original_n10000,10000,Attentive CNP,m1,0,102,FE,FE,supported,8522,202,-2.4836125950074477,-0.7180864469621961,1.7655261480452515
original_n10000,10000,Attentive CNP,m1,0,103,DEP,DEP,supported,828,464,21.01865733799767,-0.017465969302798978,21.03612330730047
original_n10000,10000,Attentive CNP,m1,0,103,feature_1620kev,"1,620.74-keV feature",supported,790,541,-25.547158333138352,-0.01600232321682382,25.53115600992153
original_n10000,10000,Attentive CNP,m1,0,103,SE,SE,supported,1356,657,-28.4731482603952,0.007887822553021007,28.48103608294822
original_n10000,10000,Attentive CNP,m1,0,103,FE,FE,supported,8522,202,-2.4836125950074477,-0.7164155578176901,1.7671970371897578
original_n10000,10000,Attentive CNP,m1,0,104,DEP,DEP,supported,828,464,21.01865733799767,-0.018067624516115988,21.036724962513787
original_n10000,10000,Attentive CNP,m1,0,104,feature_1620kev,"1,620.74-keV feature",supported,790,541,-25.547158333138352,-0.014663116119240094,25.532495217019115
original_n10000,10000,Attentive CNP,m1,0,104,SE,SE,supported,1356,657,-28.4731482603952,0.0075012712811961535,28.480649531676395
original_n10000,10000,Attentive CNP,m1,0,104,FE,FE,supported,8522,202,-2.4836125950074477,-0.7133728583007426,1.770239736706705
original_n10000,10000,Attentive CNP,m1,0,105,DEP,DEP,supported,828,464,21.01865733799767,-0.01891272887897255,21.037570066876643
original_n10000,10000,Attentive CNP,m1,0,105,feature_1620kev,"1,620.74-keV feature",supported,790,541,-25.547158333138352,-0.016816787068552053,25.530341546069803
original_n10000,10000,Attentive CNP,m1,0,105,SE,SE,supported,1356,657,-28.4731482603952,0.008547946515269356,28.481696206910467
original_n10000,10000,Attentive CNP,m1,0,105,FE,FE,supported,8522,202,-2.4836125950074477,-0.7176708831090978,1.76594171189835
original_n10000,10000,Attentive CNP,m1,0,106,DEP,DEP,supported,828,464,21.01865733799767,-0.018615982429937006,21.03727332042761
original_n10000,10000,Attentive CNP,m1,0,106,feature_1620kev,"1,620.74-keV feature",supported,790,541,-25.547158333138352,-0.014817439864089899,25.532340893274263
original_n10000,10000,Attentive CNP,m1,0,106,SE,SE,supported,1356,657,-28.4731482603952,0.00833957041530553,28.481487830810504
original_n10000,10000,Attentive CNP,m1,0,106,FE,FE,supported,8522,202,-2.4836125950074477,-0.7144959566036141,1.7691166384038337
original_n10000,10000,Attentive CNP,m1,0,107,DEP,DEP,supported,828,464,21.01865733799767,-0.019030426677446588,21.037687764675116
original_n10000,10000,Attentive CNP,m1,0,107,feature_1620kev,"1,620.74-keV feature",supported,790,541,-25.547158333138352,-0.01553061685262147,25.531627716285733
original_n10000,10000,Attentive CNP,m1,0,107,SE,SE,supported,1356,657,-28.4731482603952,0.008728938303059763,28.481877198698257
original_n10000,10000,Attentive CNP,m1,0,107,FE,FE,supported,8522,202,-2.4836125950074477,-0.7168699773141468,1.766742617693301
original_n10000,10000,Attentive CNP,m1,0,108,DEP,DEP,supported,828,464,21.01865733799767,-0.017845270373628708,21.0365026083713
original_n10000,10000,Attentive CNP,m1,0,108,feature_1620kev,"1,620.74-keV feature",supported,790,541,-25.547158333138352,-0.01710302978576994,25.530055303352583
original_n10000,10000,Attentive CNP,m1,0,108,SE,SE,supported,1356,657,-28.4731482603952,0.006896117488841558,28.480044377884038
original_n10000,10000,Attentive CNP,m1,0,108,FE,FE,supported,8522,202,-2.4836125950074477,-0.7125930455155,1.7710195494919478
original_n10000,10000,Attentive CNP,m1,0,109,DEP,DEP,supported,828,464,21.01865733799767,-0.020157214634541898,21.03881455263221
original_n10000,10000,Attentive CNP,m1,0,109,feature_1620kev,"1,620.74-keV feature",supported,790,541,-25.547158333138352,-0.01463817075325613,25.532520162385097
original_n10000,10000,Attentive CNP,m1,0,109,SE,SE,supported,1356,657,-28.4731482603952,0.0073129408894145875,28.480461201284612
original_n10000,10000,Attentive CNP,m1,0,109,FE,FE,supported,8522,202,-2.4836125950074477,-0.7178744084770206,1.7657381865304274
original_n10000,10000,Attentive CNP,m1,1,100,DEP,DEP,supported,828,464,21.01865733799767,-0.011735179185545785,21.030392517183216
original_n10000,10000,Attentive CNP,m1,1,100,feature_1620kev,"1,620.74-keV feature",supported,790,541,-25.547158333138352,0.012045104470737034,25.559203437609092
original_n10000,10000,Attentive CNP,m1,1,100,SE,SE,supported,1356,657,-28.4731482603952,-0.032095380396479634,28.44105287999872
original_n10000,10000,Attentive CNP,m1,1,100,FE,FE,supported,8522,202,-2.4836125950074477,-0.45662290467813615,2.0269896903293114
original_n10000,10000,Attentive CNP,m1,1,101,DEP,DEP,supported,828,464,21.01865733799767,-0.01171092906361304,21.030368267061284
original_n10000,10000,Attentive CNP,m1,1,101,feature_1620kev,"1,620.74-keV feature",supported,790,541,-25.547158333138352,0.012757567933441294,25.559915901071793
original_n10000,10000,Attentive CNP,m1,1,101,SE,SE,supported,1356,657,-28.4731482603952,-0.031184952273610733,28.441963308121586
original_n10000,10000,Attentive CNP,m1,1,101,FE,FE,supported,8522,202,-2.4836125950074477,-0.4581880291378765,2.0254245658695713
original_n10000,10000,Attentive CNP,m1,1,102,DEP,DEP,supported,828,464,21.01865733799767,-0.010770781118651929,21.02942811911632
original_n10000,10000,Attentive CNP,m1,1,102,feature_1620kev,"1,620.74-keV feature",supported,790,541,-25.547158333138352,0.011797903108123897,25.558956236246477
original_n10000,10000,Attentive CNP,m1,1,102,SE,SE,supported,1356,657,-28.4731482603952,-0.03217712107900228,28.440971139316197
original_n10000,10000,Attentive CNP,m1,1,102,FE,FE,supported,8522,202,-2.4836125950074477,-0.4543932842864806,2.029219310720967
original_n10000,10000,Attentive CNP,m1,1,103,DEP,DEP,supported,828,464,21.01865733799767,-0.011184324758162223,21.029841662755832
original_n10000,10000,Attentive CNP,m1,1,103,feature_1620kev,"1,620.74-keV feature",supported,790,541,-25.547158333138352,0.012607042986911843,25.559765376125267
original_n10000,10000,Attentive CNP,m1,1,103,SE,SE,supported,1356,657,-28.4731482603952,-0.030245658259575592,28.44290260213562
original_n10000,10000,Attentive CNP,m1,1,103,FE,FE,supported,8522,202,-2.4836125950074477,-0.4630272239794897,2.020585371027958
original_n10000,10000,Attentive CNP,m1,1,104,DEP,DEP,supported,828,464,21.01865733799767,-0.010426068902835706,21.029083406900504
original_n10000,10000,Attentive CNP,m1,1,104,feature_1620kev,"1,620.74-keV feature",supported,790,541,-25.547158333138352,0.0128707033374309,25.560029036475783
original_n10000,10000,Attentive CNP,m1,1,104,SE,SE,supported,1356,657,-28.4731482603952,-0.031083395478348486,28.44206486491685
original_n10000,10000,Attentive CNP,m1,1,104,FE,FE,supported,8522,202,-2.4836125950074477,-0.46150339036372945,2.0221092046437183
original_n10000,10000,Attentive CNP,m1,1,105,DEP,DEP,supported,828,464,21.01865733799767,-0.010240802127148285,21.02889814012482
original_n10000,10000,Attentive CNP,m1,1,105,feature_1620kev,"1,620.74-keV feature",supported,790,541,-25.547158333138352,0.011132197427043966,25.558290530565397
original_n10000,10000,Attentive CNP,m1,1,105,SE,SE,supported,1356,657,-28.4731482603952,-0.030964111480880074,28.44218414891432
original_n10000,10000,Attentive CNP,m1,1,105,FE,FE,supported,8522,202,-2.4836125950074477,-0.45933520589425125,2.0242773891131964
original_n10000,10000,Attentive CNP,m1,1,106,DEP,DEP,supported,828,464,21.01865733799767,-0.010919979306023286,21.029577317303694
original_n10000,10000,Attentive CNP,m1,1,106,feature_1620kev,"1,620.74-keV feature",supported,790,541,-25.547158333138352,0.011743872349045947,25.5589022054874
original_n10000,10000,Attentive CNP,m1,1,106,SE,SE,supported,1356,657,-28.4731482603952,-0.03165604778102571,28.441492212614172
original_n10000,10000,Attentive CNP,m1,1,106,FE,FE,supported,8522,202,-2.4836125950074477,-0.45861338027324006,2.0249992147342075
original_n10000,10000,Attentive CNP,m1,1,107,DEP,DEP,supported,828,464,21.01865733799767,-0.010349680462495847,21.029007018460167
original_n10000,10000,Attentive CNP,m1,1,107,feature_1620kev,"1,620.74-keV feature",supported,790,541,-25.547158333138352,0.011591332234461849,25.558749665372815
original_n10000,10000,Attentive CNP,m1,1,107,SE,SE,supported,1356,657,-28.4731482603952,-0.030795003848549385,28.44235325654665
original_n10000,10000,Attentive CNP,m1,1,107,FE,FE,supported,8522,202,-2.4836125950074477,-0.46084254037052075,2.022770054636927
original_n10000,10000,Attentive CNP,m1,1,108,DEP,DEP,supported,828,464,21.01865733799767,-0.010530644756878704,21.02918798275455
original_n10000,10000,Attentive CNP,m1,1,108,feature_1620kev,"1,620.74-keV feature",supported,790,541,-25.547158333138352,0.011750740131810655,25.558909073270165
original_n10000,10000,Attentive CNP,m1,1,108,SE,SE,supported,1356,657,-28.4731482603952,-0.03076042708138882,28.44238783331381
original_n10000,10000,Attentive CNP,m1,1,108,FE,FE,supported,8522,202,-2.4836125950074477,-0.4628712372648086,2.020741357742639
original_n10000,10000,Attentive CNP,m1,1,109,DEP,DEP,supported,828,464,21.01865733799767,-0.010622445768848632,21.02927978376652
original_n10000,10000,Attentive CNP,m1,1,109,feature_1620kev,"1,620.74-keV feature",supported,790,541,-25.547158333138352,0.01184258060729082,25.559000913745646
original_n10000,10000,Attentive CNP,m1,1,109,SE,SE,supported,1356,657,-28.4731482603952,-0.031599085259603754,28.441549175135595
original_n10000,10000,Attentive CNP,m1,1,109,FE,FE,supported,8522,202,-2.4836125950074477,-0.4552339582225451,2.0283786367849026
original_n10000,10000,Attentive CNP,m1,2,100,DEP,DEP,supported,828,464,21.01865733799767,0.0073318264828703406,21.0113255115148
original_n10000,10000,Attentive CNP,m1,2,100,feature_1620kev,"1,620.74-keV feature",supported,790,541,-25.547158333138352,-0.011679830310773465,25.53547850282758
original_n10000,10000,Attentive CNP,m1,2,100,SE,SE,supported,1356,657,-28.4731482603952,-0.008758526269181388,28.464389734126016
original_n10000,10000,Attentive CNP,m1,2,100,FE,FE,supported,8522,202,-2.4836125950074477,-0.7285582981433253,1.7550542968641225
original_n10000,10000,Attentive CNP,m1,2,101,DEP,DEP,supported,828,464,21.01865733799767,0.007885596673806727,21.010771741323865
original_n10000,10000,Attentive CNP,m1,2,101,feature_1620kev,"1,620.74-keV feature",supported,790,541,-25.547158333138352,-0.011956154440351252,25.535202178698
original_n10000,10000,Attentive CNP,m1,2,101,SE,SE,supported,1356,657,-28.4731482603952,-0.011070448130823252,28.462077812264376
original_n10000,10000,Attentive CNP,m1,2,101,FE,FE,supported,8522,202,-2.4836125950074477,-0.7220801385542236,1.7615324564532242
original_n10000,10000,Attentive CNP,m1,2,102,DEP,DEP,supported,828,464,21.01865733799767,0.00912980265467267,21.009527535342997
original_n10000,10000,Attentive CNP,m1,2,102,feature_1620kev,"1,620.74-keV feature",supported,790,541,-25.547158333138352,-0.012940780604075997,25.534217552534276
original_n10000,10000,Attentive CNP,m1,2,102,SE,SE,supported,1356,657,-28.4731482603952,-0.0102051105656642,28.462943149829535
original_n10000,10000,Attentive CNP,m1,2,102,FE,FE,supported,8522,202,-2.4836125950074477,-0.7237163985745754,1.7598961964328725
original_n10000,10000,Attentive CNP,m1,2,103,DEP,DEP,supported,828,464,21.01865733799767,0.007291019306032709,21.01136631869164
original_n10000,10000,Attentive CNP,m1,2,103,feature_1620kev,"1,620.74-keV feature",supported,790,541,-25.547158333138352,-0.009400755332966693,25.537757577805387
original_n10000,10000,Attentive CNP,m1,2,103,SE,SE,supported,1356,657,-28.4731482603952,-0.008946374204243934,28.464201886190953
original_n10000,10000,Attentive CNP,m1,2,103,FE,FE,supported,8522,202,-2.4836125950074477,-0.7253197143483103,1.7582928806591376
original_n10000,10000,Attentive CNP,m1,2,104,DEP,DEP,supported,828,464,21.01865733799767,0.008087815746971039,21.010569522250698
original_n10000,10000,Attentive CNP,m1,2,104,feature_1620kev,"1,620.74-keV feature",supported,790,541,-25.547158333138352,-0.01070236536222513,25.536455967776128
original_n10000,10000,Attentive CNP,m1,2,104,SE,SE,supported,1356,657,-28.4731482603952,-0.010704640973624446,28.462443619421574
original_n10000,10000,Attentive CNP,m1,2,104,FE,FE,supported,8522,202,-2.4836125950074477,-0.7243818608790947,1.759230734128353
original_n10000,10000,Attentive CNP,m1,2,105,DEP,DEP,supported,828,464,21.01865733799767,0.00845693672386627,21.010200401273803
original_n10000,10000,Attentive CNP,m1,2,105,feature_1620kev,"1,620.74-keV feature",supported,790,541,-25.547158333138352,-0.012624244949177577,25.534534088189176
original_n10000,10000,Attentive CNP,m1,2,105,SE,SE,supported,1356,657,-28.4731482603952,-0.009326519863250837,28.463821740531948
original_n10000,10000,Attentive CNP,m1,2,105,FE,FE,supported,8522,202,-2.4836125950074477,-0.7275491084755559,1.7560634865318918
original_n10000,10000,Attentive CNP,m1,2,106,DEP,DEP,supported,828,464,21.01865733799767,0.007751207015560535,21.01090613098211
original_n10000,10000,Attentive CNP,m1,2,106,feature_1620kev,"1,620.74-keV feature",supported,790,541,-25.547158333138352,-0.010531824903370346,25.53662650823498
original_n10000,10000,Attentive CNP,m1,2,106,SE,SE,supported,1356,657,-28.4731482603952,-0.009701972870601594,28.463446287524597
original_n10000,10000,Attentive CNP,m1,2,106,FE,FE,supported,8522,202,-2.4836125950074477,-0.7250565204515363,1.7585560745559115
original_n10000,10000,Attentive CNP,m1,2,107,DEP,DEP,supported,828,464,21.01865733799767,0.008203380074223166,21.010453957923446
original_n10000,10000,Attentive CNP,m1,2,107,feature_1620kev,"1,620.74-keV feature",supported,790,541,-25.547158333138352,-0.011741287345834461,25.53541704579252
original_n10000,10000,Attentive CNP,m1,2,107,SE,SE,supported,1356,657,-28.4731482603952,-0.009788569212321185,28.463359691182877
original_n10000,10000,Attentive CNP,m1,2,107,FE,FE,supported,8522,202,-2.4836125950074477,-0.7251936490686756,1.7584189459387722
original_n10000,10000,Attentive CNP,m1,2,108,DEP,DEP,supported,828,464,21.01865733799767,0.00788615990319208,21.01077117809448
original_n10000,10000,Attentive CNP,m1,2,108,feature_1620kev,"1,620.74-keV feature",supported,790,541,-25.547158333138352,-0.011738036804265217,25.535420296334088
original_n10000,10000,Attentive CNP,m1,2,108,SE,SE,supported,1356,657,-28.4731482603952,-0.00954878136741888,28.463599479027778
original_n10000,10000,Attentive CNP,m1,2,108,FE,FE,supported,8522,202,-2.4836125950074477,-0.7230211568956313,1.7605914381118164
original_n10000,10000,Attentive CNP,m1,2,109,DEP,DEP,supported,828,464,21.01865733799767,0.007157917892641752,21.01149942010503
original_n10000,10000,Attentive CNP,m1,2,109,feature_1620kev,"1,620.74-keV feature",supported,790,541,-25.547158333138352,-0.012869668169657178,25.534288664968695
original_n10000,10000,Attentive CNP,m1,2,109,SE,SE,supported,1356,657,-28.4731482603952,-0.009126711102425134,28.464021549292774
original_n10000,10000,Attentive CNP,m1,2,109,FE,FE,supported,8522,202,-2.4836125950074477,-0.726380720491987,1.757231874515461
original_n10000,10000,Attentive CNP + PE,m2,0,100,DEP,DEP,supported,828,464,21.01865733799767,10.335156524605715,10.683500813391955
original_n10000,10000,Attentive CNP + PE,m2,0,100,feature_1620kev,"1,620.74-keV feature",supported,790,541,-25.547158333138352,-13.947224603571605,11.599933729566747
original_n10000,10000,Attentive CNP + PE,m2,0,100,SE,SE,supported,1356,657,-28.4731482603952,-15.159115058083927,13.31403320231127
original_n10000,10000,Attentive CNP + PE,m2,0,100,FE,FE,supported,8522,202,-2.4836125950074477,-6.346131745084948,3.862519150077501
original_n10000,10000,Attentive CNP + PE,m2,0,101,DEP,DEP,supported,828,464,21.01865733799767,11.359372694698145,9.659284643299525
original_n10000,10000,Attentive CNP + PE,m2,0,101,feature_1620kev,"1,620.74-keV feature",supported,790,541,-25.547158333138352,-14.531714356805825,11.015443976332529
original_n10000,10000,Attentive CNP + PE,m2,0,101,SE,SE,supported,1356,657,-28.4731482603952,-15.495804955330811,12.977343305064387
original_n10000,10000,Attentive CNP + PE,m2,0,101,FE,FE,supported,8522,202,-2.4836125950074477,-6.2425576881845775,3.7589450931771298
original_n10000,10000,Attentive CNP + PE,m2,0,102,DEP,DEP,supported,828,464,21.01865733799767,11.35516378453879,9.66349355345888
original_n10000,10000,Attentive CNP + PE,m2,0,102,feature_1620kev,"1,620.74-keV feature",supported,790,541,-25.547158333138352,-14.39266579473068,11.154492538407673
original_n10000,10000,Attentive CNP + PE,m2,0,102,SE,SE,supported,1356,657,-28.4731482603952,-15.164734826762094,13.308413433633104
original_n10000,10000,Attentive CNP + PE,m2,0,102,FE,FE,supported,8522,202,-2.4836125950074477,-6.380104706678081,3.8964921116706326
original_n10000,10000,Attentive CNP + PE,m2,0,103,DEP,DEP,supported,828,464,21.01865733799767,11.198695308506657,9.819962029491014
original_n10000,10000,Attentive CNP + PE,m2,0,103,feature_1620kev,"1,620.74-keV feature",supported,790,541,-25.547158333138352,-15.047957662004407,10.499200671133945
original_n10000,10000,Attentive CNP + PE,m2,0,103,SE,SE,supported,1356,657,-28.4731482603952,-16.358450501240153,12.114697759155046
original_n10000,10000,Attentive CNP + PE,m2,0,103,FE,FE,supported,8522,202,-2.4836125950074477,-7.025553147692956,4.541940552685508
original_n10000,10000,Attentive CNP + PE,m2,0,104,DEP,DEP,supported,828,464,21.01865733799767,10.92427050788064,10.094386830117031
original_n10000,10000,Attentive CNP + PE,m2,0,104,feature_1620kev,"1,620.74-keV feature",supported,790,541,-25.547158333138352,-14.8240012375553,10.723157095583053
original_n10000,10000,Attentive CNP + PE,m2,0,104,SE,SE,supported,1356,657,-28.4731482603952,-16.168953637128876,12.304194623266323
original_n10000,10000,Attentive CNP + PE,m2,0,104,FE,FE,supported,8522,202,-2.4836125950074477,-6.638301452961476,4.154688857954028
original_n10000,10000,Attentive CNP + PE,m2,0,105,DEP,DEP,supported,828,464,21.01865733799767,10.988056972401317,10.030600365596353
original_n10000,10000,Attentive CNP + PE,m2,0,105,feature_1620kev,"1,620.74-keV feature",supported,790,541,-25.547158333138352,-14.852373719457102,10.694784613681252
original_n10000,10000,Attentive CNP + PE,m2,0,105,SE,SE,supported,1356,657,-28.4731482603952,-16.20203624973562,12.271112010659579
original_n10000,10000,Attentive CNP + PE,m2,0,105,FE,FE,supported,8522,202,-2.4836125950074477,-6.77427855608396,4.290665961076511
original_n10000,10000,Attentive CNP + PE,m2,0,106,DEP,DEP,supported,828,464,21.01865733799767,11.51574685087472,9.50291048712295
original_n10000,10000,Attentive CNP + PE,m2,0,106,feature_1620kev,"1,620.74-keV feature",supported,790,541,-25.547158333138352,-14.872685189575952,10.674473143562402
original_n10000,10000,Attentive CNP + PE,m2,0,106,SE,SE,supported,1356,657,-28.4731482603952,-15.920333894152613,12.552814366242584
original_n10000,10000,Attentive CNP + PE,m2,0,106,FE,FE,supported,8522,202,-2.4836125950074477,-6.745564970927082,4.261952375919634
original_n10000,10000,Attentive CNP + PE,m2,0,107,DEP,DEP,supported,828,464,21.01865733799767,11.159195242982712,9.859462095014958
original_n10000,10000,Attentive CNP + PE,m2,0,107,feature_1620kev,"1,620.74-keV feature",supported,790,541,-25.547158333138352,-15.064284386299597,10.482873946838755
original_n10000,10000,Attentive CNP + PE,m2,0,107,SE,SE,supported,1356,657,-28.4731482603952,-16.285774709872854,12.187373550522343
original_n10000,10000,Attentive CNP + PE,m2,0,107,FE,FE,supported,8522,202,-2.4836125950074477,-6.927520164729395,4.443907569721947
original_n10000,10000,Attentive CNP + PE,m2,0,108,DEP,DEP,supported,828,464,21.01865733799767,11.380120088843837,9.638537249153833
original_n10000,10000,Attentive CNP + PE,m2,0,108,feature_1620kev,"1,620.74-keV feature",supported,790,541,-25.547158333138352,-15.216069989333093,10.331088343805261
original_n10000,10000,Attentive CNP + PE,m2,0,108,SE,SE,supported,1356,657,-28.4731482603952,-16.57347784350976,11.899670416885439
original_n10000,10000,Attentive CNP + PE,m2,0,108,FE,FE,supported,8522,202,-2.4836125950074477,-6.917557247916978,4.43394465290953
original_n10000,10000,Attentive CNP + PE,m2,0,109,DEP,DEP,supported,828,464,21.01865733799767,10.990786488736525,10.027870849261145
original_n10000,10000,Attentive CNP + PE,m2,0,109,feature_1620kev,"1,620.74-keV feature",supported,790,541,-25.547158333138352,-14.57300882264258,10.974149510495772
original_n10000,10000,Attentive CNP + PE,m2,0,109,SE,SE,supported,1356,657,-28.4731482603952,-15.691834935139951,12.781313325255248
original_n10000,10000,Attentive CNP + PE,m2,0,109,FE,FE,supported,8522,202,-2.4836125950074477,-6.780283772626494,4.2966711776190465
original_n10000,10000,Attentive CNP + PE,m2,1,100,DEP,DEP,supported,828,464,21.01865733799767,14.701401676474946,6.317255661522725
original_n10000,10000,Attentive CNP + PE,m2,1,100,feature_1620kev,"1,620.74-keV feature",supported,790,541,-25.547158333138352,-16.51980744719684,9.027350885941516
original_n10000,10000,Attentive CNP + PE,m2,1,100,SE,SE,supported,1356,657,-28.4731482603952,-16.551691782728632,11.921456477666567
original_n10000,10000,Attentive CNP + PE,m2,1,100,FE,FE,supported,8522,202,-2.4836125950074477,-2.038598656106555,0.4450139389008928
original_n10000,10000,Attentive CNP + PE,m2,1,101,DEP,DEP,supported,828,464,21.01865733799767,14.059398292539493,6.959259045458177
original_n10000,10000,Attentive CNP + PE,m2,1,101,feature_1620kev,"1,620.74-keV feature",supported,790,541,-25.547158333138352,-16.60140403375982,8.945754299378534
original_n10000,10000,Attentive CNP + PE,m2,1,101,SE,SE,supported,1356,657,-28.4731482603952,-17.42394986749313,11.04919839290207
original_n10000,10000,Attentive CNP + PE,m2,1,101,FE,FE,supported,8522,202,-2.4836125950074477,-1.686117048624458,0.7974955463829897
original_n10000,10000,Attentive CNP + PE,m2,1,102,DEP,DEP,supported,828,464,21.01865733799767,14.169261823261458,6.849395514736212
original_n10000,10000,Attentive CNP + PE,m2,1,102,feature_1620kev,"1,620.74-keV feature",supported,790,541,-25.547158333138352,-16.259714072062913,9.28744426107544
original_n10000,10000,Attentive CNP + PE,m2,1,102,SE,SE,supported,1356,657,-28.4731482603952,-16.88105095992158,11.592097300473617
original_n10000,10000,Attentive CNP + PE,m2,1,102,FE,FE,supported,8522,202,-2.4836125950074477,-1.6343089790904792,0.8493036159169687
original_n10000,10000,Attentive CNP + PE,m2,1,103,DEP,DEP,supported,828,464,21.01865733799767,14.303064896496664,6.7155924415010055
original_n10000,10000,Attentive CNP + PE,m2,1,103,feature_1620kev,"1,620.74-keV feature",supported,790,541,-25.547158333138352,-16.99695422263835,8.550204110500005
original_n10000,10000,Attentive CNP + PE,m2,1,103,SE,SE,supported,1356,657,-28.4731482603952,-18.255319397221555,10.217828863173642
original_n10000,10000,Attentive CNP + PE,m2,1,103,FE,FE,supported,8522,202,-2.4836125950074477,-2.905342421946572,0.421729826939124
original_n10000,10000,Attentive CNP + PE,m2,1,104,DEP,DEP,supported,828,464,21.01865733799767,14.324119346630859,6.694537991366811
original_n10000,10000,Attentive CNP + PE,m2,1,104,feature_1620kev,"1,620.74-keV feature",supported,790,541,-25.547158333138352,-16.856076436259897,8.691081896878455
original_n10000,10000,Attentive CNP + PE,m2,1,104,SE,SE,supported,1356,657,-28.4731482603952,-17.81076202318421,10.662386237210988
original_n10000,10000,Attentive CNP + PE,m2,1,104,FE,FE,supported,8522,202,-2.4836125950074477,-2.8413204720305036,0.35770787702305573
original_n10000,10000,Attentive CNP + PE,m2,1,105,DEP,DEP,supported,828,464,21.01865733799767,14.512370487419856,6.506286850577814
original_n10000,10000,Attentive CNP + PE,m2,1,105,feature_1620kev,"1,620.74-keV feature",supported,790,541,-25.547158333138352,-16.989419931718814,8.55773840141954
original_n10000,10000,Attentive CNP + PE,m2,1,105,SE,SE,supported,1356,657,-28.4731482603952,-17.903743412492577,10.569404847902621
original_n10000,10000,Attentive CNP + PE,m2,1,105,FE,FE,supported,8522,202,-2.4836125950074477,-3.1463587615998323,0.6627461665923845
original_n10000,10000,Attentive CNP + PE,m2,1,106,DEP,DEP,supported,828,464,21.01865733799767,14.121810408377279,6.896846929620393
original_n10000,10000,Attentive CNP + PE,m2,1,106,feature_1620kev,"1,620.74-keV feature",supported,790,541,-25.547158333138352,-16.52497567033995,9.022182662798405
original_n10000,10000,Attentive CNP + PE,m2,1,106,SE,SE,supported,1356,657,-28.4731482603952,-17.536933217612336,10.936215042782859
original_n10000,10000,Attentive CNP + PE,m2,1,106,FE,FE,supported,8522,202,-2.4836125950074477,-2.0643999025832804,0.41921269242416737
original_n10000,10000,Attentive CNP + PE,m2,1,107,DEP,DEP,supported,828,464,21.01865733799767,14.310351977125368,6.708305360872302
original_n10000,10000,Attentive CNP + PE,m2,1,107,feature_1620kev,"1,620.74-keV feature",supported,790,541,-25.547158333138352,-17.02637789324809,8.520780439890263
original_n10000,10000,Attentive CNP + PE,m2,1,107,SE,SE,supported,1356,657,-28.4731482603952,-18.070042747220388,10.40310551317481
original_n10000,10000,Attentive CNP + PE,m2,1,107,FE,FE,supported,8522,202,-2.4836125950074477,-2.656543296006758,0.1729307009993103
original_n10000,10000,Attentive CNP + PE,m2,1,108,DEP,DEP,supported,828,464,21.01865733799767,14.052934453256327,6.965722884741343
original_n10000,10000,Attentive CNP + PE,m2,1,108,feature_1620kev,"1,620.74-keV feature",supported,790,541,-25.547158333138352,-16.91984220954847,8.627316123589884
original_n10000,10000,Attentive CNP + PE,m2,1,108,SE,SE,supported,1356,657,-28.4731482603952,-18.101622068410528,10.371526191984671
original_n10000,10000,Attentive CNP + PE,m2,1,108,FE,FE,supported,8522,202,-2.4836125950074477,-2.5316493648053884,0.04803676979794058
original_n10000,10000,Attentive CNP + PE,m2,1,109,DEP,DEP,supported,828,464,21.01865733799767,14.579263902635597,6.4393934353620725
original_n10000,10000,Attentive CNP + PE,m2,1,109,feature_1620kev,"1,620.74-keV feature",supported,790,541,-25.547158333138352,-16.5369539513654,9.010204381772951
original_n10000,10000,Attentive CNP + PE,m2,1,109,SE,SE,supported,1356,657,-28.4731482603952,-17.092183568583035,11.380964691812162
original_n10000,10000,Attentive CNP + PE,m2,1,109,FE,FE,supported,8522,202,-2.4836125950074477,-2.5013747585826334,0.017762163575185674
original_n10000,10000,Attentive CNP + PE,m2,2,100,DEP,DEP,supported,828,464,21.01865733799767,8.916526114723167,12.102131223274505
original_n10000,10000,Attentive CNP + PE,m2,2,100,feature_1620kev,"1,620.74-keV feature",supported,790,541,-25.547158333138352,-17.995707928452063,7.551450404686289
original_n10000,10000,Attentive CNP + PE,m2,2,100,SE,SE,supported,1356,657,-28.4731482603952,-16.185475705198122,12.287672555197076
original_n10000,10000,Attentive CNP + PE,m2,2,100,FE,FE,supported,8522,202,-2.4836125950074477,-2.4671120191262497,0.016500575881198132
original_n10000,10000,Attentive CNP + PE,m2,2,101,DEP,DEP,supported,828,464,21.01865733799767,8.475746265398175,12.542911072599495
original_n10000,10000,Attentive CNP + PE,m2,2,101,feature_1620kev,"1,620.74-keV feature",supported,790,541,-25.547158333138352,-18.80215347474412,6.745004858394232
original_n10000,10000,Attentive CNP + PE,m2,2,101,SE,SE,supported,1356,657,-28.4731482603952,-16.490024201635094,11.983124058760103
original_n10000,10000,Attentive CNP + PE,m2,2,101,FE,FE,supported,8522,202,-2.4836125950074477,-2.085590878562951,0.3980217164444966
original_n10000,10000,Attentive CNP + PE,m2,2,102,DEP,DEP,supported,828,464,21.01865733799767,8.685391923115782,12.33326541488189
original_n10000,10000,Attentive CNP + PE,m2,2,102,feature_1620kev,"1,620.74-keV feature",supported,790,541,-25.547158333138352,-18.425653934896534,7.121504398241818
original_n10000,10000,Attentive CNP + PE,m2,2,102,SE,SE,supported,1356,657,-28.4731482603952,-16.133635279518924,12.339512980876274
original_n10000,10000,Attentive CNP + PE,m2,2,102,FE,FE,supported,8522,202,-2.4836125950074477,-2.2177524524028573,0.26586014260459034
original_n10000,10000,Attentive CNP + PE,m2,2,103,DEP,DEP,supported,828,464,21.01865733799767,9.05092220356256,11.96773513443511
original_n10000,10000,Attentive CNP + PE,m2,2,103,feature_1620kev,"1,620.74-keV feature",supported,790,541,-25.547158333138352,-19.141678127372362,6.40548020576599
original_n10000,10000,Attentive CNP + PE,m2,2,103,SE,SE,supported,1356,657,-28.4731482603952,-17.341030199675764,11.132118060719435
original_n10000,10000,Attentive CNP + PE,m2,2,103,FE,FE,supported,8522,202,-2.4836125950074477,-3.4220110091468663,0.9383984141394186
original_n10000,10000,Attentive CNP + PE,m2,2,104,DEP,DEP,supported,828,464,21.01865733799767,8.99943503534617,12.0192223026515
original_n10000,10000,Attentive CNP + PE,m2,2,104,feature_1620kev,"1,620.74-keV feature",supported,790,541,-25.547158333138352,-18.90529382336435,6.6418645097740034
original_n10000,10000,Attentive CNP + PE,m2,2,104,SE,SE,supported,1356,657,-28.4731482603952,-16.913112076963664,11.560036183431535
original_n10000,10000,Attentive CNP + PE,m2,2,104,FE,FE,supported,8522,202,-2.4836125950074477,-2.750270890934406,0.2666582959269581
original_n10000,10000,Attentive CNP + PE,m2,2,105,DEP,DEP,supported,828,464,21.01865733799767,9.042763354335436,11.975893983662234
original_n10000,10000,Attentive CNP + PE,m2,2,105,feature_1620kev,"1,620.74-keV feature",supported,790,541,-25.547158333138352,-18.904566592717753,6.642591740420601
original_n10000,10000,Attentive CNP + PE,m2,2,105,SE,SE,supported,1356,657,-28.4731482603952,-17.2056058363371,11.2675424240581
original_n10000,10000,Attentive CNP + PE,m2,2,105,FE,FE,supported,8522,202,-2.4836125950074477,-3.6176989917487967,1.134086396741349
original_n10000,10000,Attentive CNP + PE,m2,2,106,DEP,DEP,supported,828,464,21.01865733799767,8.688157432551424,12.330499905446246
original_n10000,10000,Attentive CNP + PE,m2,2,106,feature_1620kev,"1,620.74-keV feature",supported,790,541,-25.547158333138352,-18.791763766351792,6.75539456678656
original_n10000,10000,Attentive CNP + PE,m2,2,106,SE,SE,supported,1356,657,-28.4731482603952,-16.656881455046452,11.816266805348747
original_n10000,10000,Attentive CNP + PE,m2,2,106,FE,FE,supported,8522,202,-2.4836125950074477,-2.8193937335833668,0.33578113857591907
original_n10000,10000,Attentive CNP + PE,m2,2,107,DEP,DEP,supported,828,464,21.01865733799767,8.940021618171412,12.07863571982626
original_n10000,10000,Attentive CNP + PE,m2,2,107,feature_1620kev,"1,620.74-keV feature",supported,790,541,-25.547158333138352,-18.962655774179932,6.584502558958421
original_n10000,10000,Attentive CNP + PE,m2,2,107,SE,SE,supported,1356,657,-28.4731482603952,-17.07676370673804,11.39638455365716
original_n10000,10000,Attentive CNP + PE,m2,2,107,FE,FE,supported,8522,202,-2.4836125950074477,-2.9080695668130123,0.42445697180556463
original_n10000,10000,Attentive CNP + PE,m2,2,108,DEP,DEP,supported,828,464,21.01865733799767,8.91948001627394,12.099177321723731
original_n10000,10000,Attentive CNP + PE,m2,2,108,feature_1620kev,"1,620.74-keV feature",supported,790,541,-25.547158333138352,-19.261580900562137,6.285577432576217
original_n10000,10000,Attentive CNP + PE,m2,2,108,SE,SE,supported,1356,657,-28.4731482603952,-16.988850366235965,11.484297894159232
original_n10000,10000,Attentive CNP + PE,m2,2,108,FE,FE,supported,8522,202,-2.4836125950074477,-2.486847694732275,0.0032350997248270508
original_n10000,10000,Attentive CNP + PE,m2,2,109,DEP,DEP,supported,828,464,21.01865733799767,8.943645291576441,12.075012046421229
original_n10000,10000,Attentive CNP + PE,m2,2,109,feature_1620kev,"1,620.74-keV feature",supported,790,541,-25.547158333138352,-18.413014328207478,7.134144004930876
original_n10000,10000,Attentive CNP + PE,m2,2,109,SE,SE,supported,1356,657,-28.4731482603952,-16.72673298731929,11.746415273075907
original_n10000,10000,Attentive CNP + PE,m2,2,109,FE,FE,supported,8522,202,-2.4836125950074477,-3.108226458554453,0.624613863547005
original_n10000,10000,Density-guided CNP (ours),ours,0,100,DEP,DEP,supported,828,464,21.01865733799767,20.441758645153886,0.5768986928437858
original_n10000,10000,Density-guided CNP (ours),ours,0,100,feature_1620kev,"1,620.74-keV feature",supported,790,541,-25.547158333138352,-17.186632491259026,8.36052584187933
original_n10000,10000,Density-guided CNP (ours),ours,0,100,SE,SE,supported,1356,657,-28.4731482603952,-24.44702472379444,4.0261235366007595
original_n10000,10000,Density-guided CNP (ours),ours,0,100,FE,FE,supported,8522,202,-2.4836125950074477,3.1406844364654907,5.624297031472938
original_n10000,10000,Density-guided CNP (ours),ours,0,101,DEP,DEP,supported,828,464,21.01865733799767,21.884091178266484,0.8654338402688144
original_n10000,10000,Density-guided CNP (ours),ours,0,101,feature_1620kev,"1,620.74-keV feature",supported,790,541,-25.547158333138352,-17.499841797164393,8.047316535973959
original_n10000,10000,Density-guided CNP (ours),ours,0,101,SE,SE,supported,1356,657,-28.4731482603952,-24.391735754113487,4.081412506281712
original_n10000,10000,Density-guided CNP (ours),ours,0,101,FE,FE,supported,8522,202,-2.4836125950074477,1.3204246794411567,3.8040372744486044
original_n10000,10000,Density-guided CNP (ours),ours,0,102,DEP,DEP,supported,828,464,21.01865733799767,20.81851386333291,0.20014347466476012
original_n10000,10000,Density-guided CNP (ours),ours,0,102,feature_1620kev,"1,620.74-keV feature",supported,790,541,-25.547158333138352,-17.491225472416023,8.055932860722331
original_n10000,10000,Density-guided CNP (ours),ours,0,102,SE,SE,supported,1356,657,-28.4731482603952,-24.491277944756362,3.9818703156388358
original_n10000,10000,Density-guided CNP (ours),ours,0,102,FE,FE,supported,8522,202,-2.4836125950074477,1.8759122412150608,4.3595248362225085
original_n10000,10000,Density-guided CNP (ours),ours,0,103,DEP,DEP,supported,828,464,21.01865733799767,20.461356223270588,0.5573011147270823
original_n10000,10000,Density-guided CNP (ours),ours,0,103,feature_1620kev,"1,620.74-keV feature",supported,790,541,-25.547158333138352,-17.25540233272508,8.291756000413276
original_n10000,10000,Density-guided CNP (ours),ours,0,103,SE,SE,supported,1356,657,-28.4731482603952,-24.08429046215473,4.38885779824047
original_n10000,10000,Density-guided CNP (ours),ours,0,103,FE,FE,supported,8522,202,-2.4836125950074477,2.847518572543026,5.331131167550474
original_n10000,10000,Density-guided CNP (ours),ours,0,104,DEP,DEP,supported,828,464,21.01865733799767,22.096105868847328,1.0774485308496562
original_n10000,10000,Density-guided CNP (ours),ours,0,104,feature_1620kev,"1,620.74-keV feature",supported,790,541,-25.547158333138352,-17.465989167521634,8.08116916561672
original_n10000,10000,Density-guided CNP (ours),ours,0,104,SE,SE,supported,1356,657,-28.4731482603952,-24.407567532862696,4.0655807275325
original_n10000,10000,Density-guided CNP (ours),ours,0,104,FE,FE,supported,8522,202,-2.4836125950074477,1.752160351832499,4.235772946839947
original_n10000,10000,Density-guided CNP (ours),ours,0,105,DEP,DEP,supported,828,464,21.01865733799767,20.679200398273224,0.33945693972444735
original_n10000,10000,Density-guided CNP (ours),ours,0,105,feature_1620kev,"1,620.74-keV feature",supported,790,541,-25.547158333138352,-17.45164572106839,8.09551261206996
original_n10000,10000,Density-guided CNP (ours),ours,0,105,SE,SE,supported,1356,657,-28.4731482603952,-24.233327801575236,4.239820458819962
original_n10000,10000,Density-guided CNP (ours),ours,0,105,FE,FE,supported,8522,202,-2.4836125950074477,3.60655390806732,6.090166503074768
original_n10000,10000,Density-guided CNP (ours),ours,0,106,DEP,DEP,supported,828,464,21.01865733799767,20.822884902879956,0.1957724351177137
original_n10000,10000,Density-guided CNP (ours),ours,0,106,feature_1620kev,"1,620.74-keV feature",supported,790,541,-25.547158333138352,-17.486426696654277,8.060731636484075
original_n10000,10000,Density-guided CNP (ours),ours,0,106,SE,SE,supported,1356,657,-28.4731482603952,-24.118282351981193,4.354865908414005
original_n10000,10000,Density-guided CNP (ours),ours,0,106,FE,FE,supported,8522,202,-2.4836125950074477,2.5218266670937988,5.0054392621012465
original_n10000,10000,Density-guided CNP (ours),ours,0,107,DEP,DEP,supported,828,464,21.01865733799767,21.597483418902996,0.5788260809053258
original_n10000,10000,Density-guided CNP (ours),ours,0,107,feature_1620kev,"1,620.74-keV feature",supported,790,541,-25.547158333138352,-17.516550523055663,8.03060781008269
original_n10000,10000,Density-guided CNP (ours),ours,0,107,SE,SE,supported,1356,657,-28.4731482603952,-24.322280407251277,4.150867853143922
original_n10000,10000,Density-guided CNP (ours),ours,0,107,FE,FE,supported,8522,202,-2.4836125950074477,1.8811883392586353,4.364800934266083
original_n10000,10000,Density-guided CNP (ours),ours,0,108,DEP,DEP,supported,828,464,21.01865733799767,21.029771028708655,0.011113690710984336
original_n10000,10000,Density-guided CNP (ours),ours,0,108,feature_1620kev,"1,620.74-keV feature",supported,790,541,-25.547158333138352,-17.528134490247577,8.019023842890777
original_n10000,10000,Density-guided CNP (ours),ours,0,108,SE,SE,supported,1356,657,-28.4731482603952,-24.270057889867395,4.203090370527801
original_n10000,10000,Density-guided CNP (ours),ours,0,108,FE,FE,supported,8522,202,-2.4836125950074477,1.4625460746335666,3.9461586696410142
original_n10000,10000,Density-guided CNP (ours),ours,0,109,DEP,DEP,supported,828,464,21.01865733799767,20.780939650593545,0.23771768740412647
original_n10000,10000,Density-guided CNP (ours),ours,0,109,feature_1620kev,"1,620.74-keV feature",supported,790,541,-25.547158333138352,-17.47220953789394,8.074948795244413
original_n10000,10000,Density-guided CNP (ours),ours,0,109,SE,SE,supported,1356,657,-28.4731482603952,-24.182592707137843,4.290555553257355
original_n10000,10000,Density-guided CNP (ours),ours,0,109,FE,FE,supported,8522,202,-2.4836125950074477,3.0416263085592505,5.525238903566699
original_n10000,10000,Density-guided CNP (ours),ours,1,100,DEP,DEP,supported,828,464,21.01865733799767,23.78823978340806,2.76958244541039
original_n10000,10000,Density-guided CNP (ours),ours,1,100,feature_1620kev,"1,620.74-keV feature",supported,790,541,-25.547158333138352,-18.513802857670242,7.033355475468111
original_n10000,10000,Density-guided CNP (ours),ours,1,100,SE,SE,supported,1356,657,-28.4731482603952,-26.50329719642667,1.9698510639685307
original_n10000,10000,Density-guided CNP (ours),ours,1,100,FE,FE,supported,8522,202,-2.4836125950074477,4.025667348098535,6.509279943105984
original_n10000,10000,Density-guided CNP (ours),ours,1,101,DEP,DEP,supported,828,464,21.01865733799767,27.974778901043397,6.956121563045725
original_n10000,10000,Density-guided CNP (ours),ours,1,101,feature_1620kev,"1,620.74-keV feature",supported,790,541,-25.547158333138352,-13.056267007178018,12.490891325960336
original_n10000,10000,Density-guided CNP (ours),ours,1,101,SE,SE,supported,1356,657,-28.4731482603952,-26.39796744604207,2.075180814353128
original_n10000,10000,Density-guided CNP (ours),ours,1,101,FE,FE,supported,8522,202,-2.4836125950074477,-0.22157445969332168,2.262038135314126
original_n10000,10000,Density-guided CNP (ours),ours,1,102,DEP,DEP,supported,828,464,21.01865733799767,25.112079653184583,4.093422315186912
original_n10000,10000,Density-guided CNP (ours),ours,1,102,feature_1620kev,"1,620.74-keV feature",supported,790,541,-25.547158333138352,-16.50704727744685,9.040111055691503
original_n10000,10000,Density-guided CNP (ours),ours,1,102,SE,SE,supported,1356,657,-28.4731482603952,-26.574222447264795,1.8989258131304032
original_n10000,10000,Density-guided CNP (ours),ours,1,102,FE,FE,supported,8522,202,-2.4836125950074477,1.1470270207439015,3.6306396157513494
original_n10000,10000,Density-guided CNP (ours),ours,1,103,DEP,DEP,supported,828,464,21.01865733799767,23.91988519474544,2.901227856747768
original_n10000,10000,Density-guided CNP (ours),ours,1,103,feature_1620kev,"1,620.74-keV feature",supported,790,541,-25.547158333138352,-18.238661245429434,7.30849708770892
original_n10000,10000,Density-guided CNP (ours),ours,1,103,SE,SE,supported,1356,657,-28.4731482603952,-25.893429966520998,2.5797182938742003
original_n10000,10000,Density-guided CNP (ours),ours,1,103,FE,FE,supported,8522,202,-2.4836125950074477,3.5964020253953706,6.080014620402818
original_n10000,10000,Density-guided CNP (ours),ours,1,104,DEP,DEP,supported,828,464,21.01865733799767,28.67148938490749,7.652832046909818
original_n10000,10000,Density-guided CNP (ours),ours,1,104,feature_1620kev,"1,620.74-keV feature",supported,790,541,-25.547158333138352,-12.256985428791738,13.290172904346614
original_n10000,10000,Density-guided CNP (ours),ours,1,104,SE,SE,supported,1356,657,-28.4731482603952,-26.425291120029016,2.0478571403661827
original_n10000,10000,Density-guided CNP (ours),ours,1,104,FE,FE,supported,8522,202,-2.4836125950074477,0.990502361107029,3.4741149561144766
original_n10000,10000,Density-guided CNP (ours),ours,1,105,DEP,DEP,supported,828,464,21.01865733799767,24.73640700673253,3.71774966873486
original_n10000,10000,Density-guided CNP (ours),ours,1,105,feature_1620kev,"1,620.74-keV feature",supported,790,541,-25.547158333138352,-16.991446814561534,8.55571151857682
original_n10000,10000,Density-guided CNP (ours),ours,1,105,SE,SE,supported,1356,657,-28.4731482603952,-26.090731108058375,2.3824171523368243
original_n10000,10000,Density-guided CNP (ours),ours,1,105,FE,FE,supported,8522,202,-2.4836125950074477,4.810238657666336,7.293851252673783
original_n10000,10000,Density-guided CNP (ours),ours,1,106,DEP,DEP,supported,828,464,21.01865733799767,25.115346853170927,4.096689515173257
original_n10000,10000,Density-guided CNP (ours),ours,1,106,feature_1620kev,"1,620.74-keV feature",supported,790,541,-25.547158333138352,-16.5482960679237,8.998862265214653
original_n10000,10000,Density-guided CNP (ours),ours,1,106,SE,SE,supported,1356,657,-28.4731482603952,-25.91905237758291,2.554095882812285
original_n10000,10000,Density-guided CNP (ours),ours,1,106,FE,FE,supported,8522,202,-2.4836125950074477,2.9456117782495546,5.429224373257002
original_n10000,10000,Density-guided CNP (ours),ours,1,107,DEP,DEP,supported,828,464,21.01865733799767,27.23864765615376,6.219990318156087
original_n10000,10000,Density-guided CNP (ours),ours,1,107,feature_1620kev,"1,620.74-keV feature",supported,790,541,-25.547158333138352,-13.737666207715415,11.809492125422938
original_n10000,10000,Density-guided CNP (ours),ours,1,107,SE,SE,supported,1356,657,-28.4731482603952,-26.269045428206418,2.2041028321887812
original_n10000,10000,Density-guided CNP (ours),ours,1,107,FE,FE,supported,8522,202,-2.4836125950074477,1.4154703115396128,3.8990829065470605
original_n10000,10000,Density-guided CNP (ours),ours,1,108,DEP,DEP,supported,828,464,21.01865733799767,25.691928025851396,4.673270687853726
original_n10000,10000,Density-guided CNP (ours),ours,1,108,feature_1620kev,"1,620.74-keV feature",supported,790,541,-25.547158333138352,-15.823328067132358,9.723830266005995
original_n10000,10000,Density-guided CNP (ours),ours,1,108,SE,SE,supported,1356,657,-28.4731482603952,-26.194365941726666,2.278782318668532
original_n10000,10000,Density-guided CNP (ours),ours,1,108,FE,FE,supported,8522,202,-2.4836125950074477,0.4436481631638872,2.927260758171335
original_n10000,10000,Density-guided CNP (ours),ours,1,109,DEP,DEP,supported,828,464,21.01865733799767,25.04259097411318,4.0239336361155065
original_n10000,10000,Density-guided CNP (ours),ours,1,109,feature_1620kev,"1,620.74-keV feature",supported,790,541,-25.547158333138352,-16.74140469112173,8.805753642016622
original_n10000,10000,Density-guided CNP (ours),ours,1,109,SE,SE,supported,1356,657,-28.4731482603952,-26.035805086561027,2.437343173834172
original_n10000,10000,Density-guided CNP (ours),ours,1,109,FE,FE,supported,8522,202,-2.4836125950074477,3.7762095743363977,6.259822169343845
original_n10000,10000,Density-guided CNP (ours),ours,2,100,DEP,DEP,supported,828,464,21.01865733799767,20.52290278996429,0.49575454803337804
original_n10000,10000,Density-guided CNP (ours),ours,2,100,feature_1620kev,"1,620.74-keV feature",supported,790,541,-25.547158333138352,-16.368435307440844,9.178723025697511
original_n10000,10000,Density-guided CNP (ours),ours,2,100,SE,SE,supported,1356,657,-28.4731482603952,-26.62581864861358,1.8473296117816174
original_n10000,10000,Density-guided CNP (ours),ours,2,100,FE,FE,supported,8522,202,-2.4836125950074477,4.703468833204807,7.187081428212255
original_n10000,10000,Density-guided CNP (ours),ours,2,101,DEP,DEP,supported,828,464,21.01865733799767,22.549385827951916,1.5307284899542473
original_n10000,10000,Density-guided CNP (ours),ours,2,101,feature_1620kev,"1,620.74-keV feature",supported,790,541,-25.547158333138352,-14.247622555020511,11.299535778117843
original_n10000,10000,Density-guided CNP (ours),ours,2,101,SE,SE,supported,1356,657,-28.4731482603952,-26.273014762907493,2.2001334974877054
original_n10000,10000,Density-guided CNP (ours),ours,2,101,FE,FE,supported,8522,202,-2.4836125950074477,1.5200995799524553,4.003712174959903
original_n10000,10000,Density-guided CNP (ours),ours,2,102,DEP,DEP,supported,828,464,21.01865733799767,21.268103388647763,0.24944605065009284
original_n10000,10000,Density-guided CNP (ours),ours,2,102,feature_1620kev,"1,620.74-keV feature",supported,790,541,-25.547158333138352,-15.445287855916668,10.101870477221686
original_n10000,10000,Density-guided CNP (ours),ours,2,102,SE,SE,supported,1356,657,-28.4731482603952,-26.735068774019144,1.738079486376054
original_n10000,10000,Density-guided CNP (ours),ours,2,102,FE,FE,supported,8522,202,-2.4836125950074477,2.545467042922811,5.029079637930259
original_n10000,10000,Density-guided CNP (ours),ours,2,103,DEP,DEP,supported,828,464,21.01865733799767,20.611979609705642,0.4066777282920264
original_n10000,10000,Density-guided CNP (ours),ours,2,103,feature_1620kev,"1,620.74-keV feature",supported,790,541,-25.547158333138352,-16.23333205423179,9.313826278906562
original_n10000,10000,Density-guided CNP (ours),ours,2,103,SE,SE,supported,1356,657,-28.4731482603952,-25.6325382838557,2.8406099765394988
original_n10000,10000,Density-guided CNP (ours),ours,2,103,FE,FE,supported,8522,202,-2.4836125950074477,4.46546410027136,6.949076695278808
original_n10000,10000,Density-guided CNP (ours),ours,2,104,DEP,DEP,supported,828,464,21.01865733799767,22.772420008498784,1.7537626705011133
original_n10000,10000,Density-guided CNP (ours),ours,2,104,feature_1620kev,"1,620.74-keV feature",supported,790,541,-25.547158333138352,-14.05194049175909,11.495217841379263
original_n10000,10000,Density-guided CNP (ours),ours,2,104,SE,SE,supported,1356,657,-28.4731482603952,-26.347016558771898,2.1261317016233017
original_n10000,10000,Density-guided CNP (ours),ours,2,104,FE,FE,supported,8522,202,-2.4836125950074477,2.338998080450119,4.822610675457567
original_n10000,10000,Density-guided CNP (ours),ours,2,105,DEP,DEP,supported,828,464,21.01865733799767,21.094468485667615,0.07581114766994634
original_n10000,10000,Density-guided CNP (ours),ours,2,105,feature_1620kev,"1,620.74-keV feature",supported,790,541,-25.547158333138352,-15.629300772739779,9.917857560398573
original_n10000,10000,Density-guided CNP (ours),ours,2,105,SE,SE,supported,1356,657,-28.4731482603952,-25.90338380656845,2.5697644538267506
original_n10000,10000,Density-guided CNP (ours),ours,2,105,FE,FE,supported,8522,202,-2.4836125950074477,5.444548361920198,7.9281609569276466
original_n10000,10000,Density-guided CNP (ours),ours,2,106,DEP,DEP,supported,828,464,21.01865733799767,21.281827187404232,0.26316984940656374
original_n10000,10000,Density-guided CNP (ours),ours,2,106,feature_1620kev,"1,620.74-keV feature",supported,790,541,-25.547158333138352,-15.453974985979336,10.093183347159018
original_n10000,10000,Density-guided CNP (ours),ours,2,106,SE,SE,supported,1356,657,-28.4731482603952,-25.669657038353087,2.8034912220421093
original_n10000,10000,Density-guided CNP (ours),ours,2,106,FE,FE,supported,8522,202,-2.4836125950074477,3.7789237997064404,6.262536394713888
original_n10000,10000,Density-guided CNP (ours),ours,2,107,DEP,DEP,supported,828,464,21.01865733799767,22.218861830776525,1.2002044927788558
original_n10000,10000,Density-guided CNP (ours),ours,2,107,feature_1620kev,"1,620.74-keV feature",supported,790,541,-25.547158333138352,-14.461224053318029,11.085934279820325
original_n10000,10000,Density-guided CNP (ours),ours,2,107,SE,SE,supported,1356,657,-28.4731482603952,-26.060540415312204,2.4126078450829924
original_n10000,10000,Density-guided CNP (ours),ours,2,107,FE,FE,supported,8522,202,-2.4836125950074477,2.542053242137074,5.025665837144522
original_n10000,10000,Density-guided CNP (ours),ours,2,108,DEP,DEP,supported,828,464,21.01865733799767,21.58009733133267,0.561439993335
original_n10000,10000,Density-guided CNP (ours),ours,2,108,feature_1620kev,"1,620.74-keV feature",supported,790,541,-25.547158333138352,-15.14349788342859,10.403660449709761
original_n10000,10000,Density-guided CNP (ours),ours,2,108,SE,SE,supported,1356,657,-28.4731482603952,-25.979638138327775,2.4935101220674216
original_n10000,10000,Density-guided CNP (ours),ours,2,108,FE,FE,supported,8522,202,-2.4836125950074477,1.809575646340561,4.293188241348009
original_n10000,10000,Density-guided CNP (ours),ours,2,109,DEP,DEP,supported,828,464,21.01865733799767,21.266142347570327,0.24748500957265662
original_n10000,10000,Density-guided CNP (ours),ours,2,109,feature_1620kev,"1,620.74-keV feature",supported,790,541,-25.547158333138352,-15.51961674603869,10.027541587099664
original_n10000,10000,Density-guided CNP (ours),ours,2,109,SE,SE,supported,1356,657,-28.4731482603952,-25.930101481330404,2.543046779064795
original_n10000,10000,Density-guided CNP (ours),ours,2,109,FE,FE,supported,8522,202,-2.4836125950074477,4.722371855245397,7.205984450252845
