subset_id,training_budget_nominal_events,method,architecture_id,training_seed,context_seed,region_id,valid_bin_count,excluded_bin_count,events_in_valid_bins,mae_percentage_points,rmse_percentage_points
seed20260910_n5000,5000,CNP,m0,0,100,full,442,58,114299,6.475678444205586,8.95667184038195
seed20260910_n5000,5000,CNP,m0,0,100,DEP,6,0,1323,6.4764924062477025,10.052796327479484
seed20260910_n5000,5000,CNP,m0,0,100,feature_1620kev,6,0,1361,9.050050448208285,13.606812236883462
seed20260910_n5000,5000,CNP,m0,0,100,continuum_1700_2000,60,0,8230,5.496084249068877,6.428155352268801
seed20260910_n5000,5000,CNP,m0,0,100,SE,6,0,2023,13.399483735568626,17.267729881641642
seed20260910_n5000,5000,CNP,m0,0,100,continuum_2200_2400,40,0,9093,4.278676587862046,5.039846857377785
seed20260910_n5000,5000,CNP,m0,0,100,FE,5,1,8709,9.721958825008906,9.990456269180696
seed20260910_n5000,5000,CNP,m0,0,100,sparse_tail,13,47,68,16.930079858625334,17.619954593896328
seed20260910_n5000,5000,CNP,m0,0,101,full,442,58,114299,6.383692292751072,8.844596395018666
seed20260910_n5000,5000,CNP,m0,0,101,DEP,6,0,1323,6.476194258894717,10.08693086105735
seed20260910_n5000,5000,CNP,m0,0,101,feature_1620kev,6,0,1361,9.01293590053645,13.55256876923257
seed20260910_n5000,5000,CNP,m0,0,101,continuum_1700_2000,60,0,8230,5.4285610922048155,6.35155414073611
seed20260910_n5000,5000,CNP,m0,0,101,SE,6,0,2023,13.234043058081832,17.140162362538618
seed20260910_n5000,5000,CNP,m0,0,101,continuum_2200_2400,40,0,9093,4.417146524583072,5.178854205809377
seed20260910_n5000,5000,CNP,m0,0,101,FE,5,1,8709,9.42689578108104,9.703732999629608
seed20260910_n5000,5000,CNP,m0,0,101,sparse_tail,13,47,68,16.801334659649648,17.48371084934795
seed20260910_n5000,5000,CNP,m0,0,102,full,442,58,114299,6.430961057244092,8.899312881288253
seed20260910_n5000,5000,CNP,m0,0,102,DEP,6,0,1323,6.476567927349652,10.078912474082538
seed20260910_n5000,5000,CNP,m0,0,102,feature_1620kev,6,0,1361,9.021286811911274,13.564839577739937
seed20260910_n5000,5000,CNP,m0,0,102,continuum_1700_2000,60,0,8230,5.445312953923396,6.371027173522137
seed20260910_n5000,5000,CNP,m0,0,102,SE,6,0,2023,13.300419518848047,17.19102188231056
seed20260910_n5000,5000,CNP,m0,0,102,continuum_2200_2400,40,0,9093,4.3472248973554475,5.107024032799714
seed20260910_n5000,5000,CNP,m0,0,102,FE,5,1,8709,9.563524418824212,9.836326998986832
seed20260910_n5000,5000,CNP,m0,0,102,sparse_tail,13,47,68,16.81377521827092,17.498620052092758
seed20260910_n5000,5000,CNP,m0,0,103,full,442,58,114299,6.526822436006325,9.036065991663339
seed20260910_n5000,5000,CNP,m0,0,103,DEP,6,0,1323,6.474848756198239,9.978858562470094
seed20260910_n5000,5000,CNP,m0,0,103,feature_1620kev,6,0,1361,9.135989128973147,13.73492056593576
seed20260910_n5000,5000,CNP,m0,0,103,continuum_1700_2000,60,0,8230,5.644881356829556,6.594970190623027
seed20260910_n5000,5000,CNP,m0,0,103,SE,6,0,2023,13.599614565847013,17.424203694701678
seed20260910_n5000,5000,CNP,m0,0,103,continuum_2200_2400,40,0,9093,4.200268445383874,4.968545705624079
seed20260910_n5000,5000,CNP,m0,0,103,FE,5,1,8709,9.975452814774574,10.238307803025833
seed20260910_n5000,5000,CNP,m0,0,103,sparse_tail,13,47,68,17.343914149447613,18.047068955241635
seed20260910_n5000,5000,CNP,m0,0,104,full,442,58,114299,6.377861975872776,8.842754093179234
seed20260910_n5000,5000,CNP,m0,0,104,DEP,6,0,1323,6.4755331635232745,10.074391936120952
seed20260910_n5000,5000,CNP,m0,0,104,feature_1620kev,6,0,1361,9.026718826272608,13.572500630016018
seed20260910_n5000,5000,CNP,m0,0,104,continuum_1700_2000,60,0,8230,5.4509584595663005,6.375790211865652
seed20260910_n5000,5000,CNP,m0,0,104,SE,6,0,2023,13.246545139632499,17.150127701175883
seed20260910_n5000,5000,CNP,m0,0,104,continuum_2200_2400,40,0,9093,4.429581378708673,5.192662712873926
seed20260910_n5000,5000,CNP,m0,0,104,FE,5,1,8709,9.445114986177702,9.721878214712646
seed20260910_n5000,5000,CNP,m0,0,104,sparse_tail,13,47,68,16.90968282377712,17.59464248375684
seed20260910_n5000,5000,CNP,m0,0,105,full,442,58,114299,6.518943960891329,9.023614445689763
seed20260910_n5000,5000,CNP,m0,0,105,DEP,6,0,1323,6.475419333595165,10.000757516668205
seed20260910_n5000,5000,CNP,m0,0,105,feature_1620kev,6,0,1361,9.109834215575301,13.695529778404433
seed20260910_n5000,5000,CNP,m0,0,105,continuum_1700_2000,60,0,8230,5.5979988688544715,6.543606711926277
seed20260910_n5000,5000,CNP,m0,0,105,SE,6,0,2023,13.542485452476555,17.379375737643375
seed20260910_n5000,5000,CNP,m0,0,105,continuum_2200_2400,40,0,9093,4.21702068077235,4.982867805296882
seed20260910_n5000,5000,CNP,m0,0,105,FE,5,1,8709,9.944691519435867,10.208147659513864
seed20260910_n5000,5000,CNP,m0,0,105,sparse_tail,13,47,68,17.263826700998134,17.96411429840359
seed20260910_n5000,5000,CNP,m0,0,106,full,442,58,114299,6.4656573883726685,8.950018019468915
seed20260910_n5000,5000,CNP,m0,0,106,DEP,6,0,1323,6.475743977974591,10.039028464645925
seed20260910_n5000,5000,CNP,m0,0,106,feature_1620kev,6,0,1361,9.06572901251355,13.629661310731562
seed20260910_n5000,5000,CNP,m0,0,106,continuum_1700_2000,60,0,8230,5.521218643882478,6.455862588868758
seed20260910_n5000,5000,CNP,m0,0,106,SE,6,0,2023,13.413902357171825,17.279281466566594
seed20260910_n5000,5000,CNP,m0,0,106,continuum_2200_2400,40,0,9093,4.2928702246207,5.054957999221733
seed20260910_n5000,5000,CNP,m0,0,106,FE,5,1,8709,9.72347116202251,9.992338005731044
seed20260910_n5000,5000,CNP,m0,0,106,sparse_tail,13,47,68,17.026486505898593,17.718020535191332
seed20260910_n5000,5000,CNP,m0,0,107,full,442,58,114299,6.53221634670661,9.041540948073504
seed20260910_n5000,5000,CNP,m0,0,107,DEP,6,0,1323,6.475179307451458,9.985934742699424
seed20260910_n5000,5000,CNP,m0,0,107,feature_1620kev,6,0,1361,9.127394654066677,13.721953321846017
seed20260910_n5000,5000,CNP,m0,0,107,continuum_1700_2000,60,0,8230,5.629915527323675,6.578691243597117
seed20260910_n5000,5000,CNP,m0,0,107,SE,6,0,2023,13.588791129832254,17.415591198451637
seed20260910_n5000,5000,CNP,m0,0,107,continuum_2200_2400,40,0,9093,4.194822362666368,4.9626111217472
seed20260910_n5000,5000,CNP,m0,0,107,FE,5,1,8709,9.991115742066583,10.253460657701398
seed20260910_n5000,5000,CNP,m0,0,107,sparse_tail,13,47,68,17.32242582134302,18.024949170024207
seed20260910_n5000,5000,CNP,m0,0,108,full,442,58,114299,6.586389279125836,9.109988973219009
seed20260910_n5000,5000,CNP,m0,0,108,DEP,6,0,1323,6.4748105936721085,9.95289489446582
seed20260910_n5000,5000,CNP,m0,0,108,feature_1620kev,6,0,1361,9.167488012110567,13.783134446503134
seed20260910_n5000,5000,CNP,m0,0,108,continuum_1700_2000,60,0,8230,5.704863386389595,6.661772217191674
seed20260910_n5000,5000,CNP,m0,0,108,SE,6,0,2023,13.716999413370834,17.515819782957298
seed20260910_n5000,5000,CNP,m0,0,108,continuum_2200_2400,40,0,9093,4.113931399366703,4.888883612682665
seed20260910_n5000,5000,CNP,m0,0,108,FE,5,1,8709,10.168405553261591,10.42645857721589
seed20260910_n5000,5000,CNP,m0,0,108,sparse_tail,13,47,68,17.466841014948482,18.176521718943203
seed20260910_n5000,5000,CNP,m0,0,109,full,442,58,114299,6.371634734484004,8.829850517977937
seed20260910_n5000,5000,CNP,m0,0,109,DEP,6,0,1323,6.476135594129828,10.100056270230192
seed20260910_n5000,5000,CNP,m0,0,109,feature_1620kev,6,0,1361,8.998859889787152,13.532156076733443
seed20260910_n5000,5000,CNP,m0,0,109,continuum_1700_2000,60,0,8230,5.403890962591916,6.324336182978615
seed20260910_n5000,5000,CNP,m0,0,109,SE,6,0,2023,13.192109370145403,17.107751301260553
seed20260910_n5000,5000,CNP,m0,0,109,continuum_2200_2400,40,0,9093,4.440478957738997,5.202247245929354
seed20260910_n5000,5000,CNP,m0,0,109,FE,5,1,8709,9.393910859874234,9.671657679917548
seed20260910_n5000,5000,CNP,m0,0,109,sparse_tail,13,47,68,16.776542311945025,17.458101668015267
seed20260910_n5000,5000,CNP,m0,1,100,full,442,58,114299,5.732002975135241,7.568195010253932
seed20260910_n5000,5000,CNP,m0,1,100,DEP,6,0,1323,8.113776586819432,11.993606895239587
seed20260910_n5000,5000,CNP,m0,1,100,feature_1620kev,6,0,1361,9.784052600878468,12.094465419738501
seed20260910_n5000,5000,CNP,m0,1,100,continuum_1700_2000,60,0,8230,3.9844057732902045,4.9541722079109185
seed20260910_n5000,5000,CNP,m0,1,100,SE,6,0,2023,9.280599364340537,13.775717352956116
seed20260910_n5000,5000,CNP,m0,1,100,continuum_2200_2400,40,0,9093,9.376365160734483,10.180614494765647
seed20260910_n5000,5000,CNP,m0,1,100,FE,5,1,8709,2.5139209647638676,3.1496983736818356
seed20260910_n5000,5000,CNP,m0,1,100,sparse_tail,13,47,68,13.057120132974381,13.703405985529546
seed20260910_n5000,5000,CNP,m0,1,101,full,442,58,114299,5.712008722222842,7.579879259673601
seed20260910_n5000,5000,CNP,m0,1,101,DEP,6,0,1323,7.9771108982679015,11.871491403676728
seed20260910_n5000,5000,CNP,m0,1,101,feature_1620kev,6,0,1361,9.714568372830513,12.140390313534787
seed20260910_n5000,5000,CNP,m0,1,101,continuum_1700_2000,60,0,8230,4.022157180311204,4.951174584585215
seed20260910_n5000,5000,CNP,m0,1,101,SE,6,0,2023,9.392060996233383,13.988636179478773
seed20260910_n5000,5000,CNP,m0,1,101,continuum_2200_2400,40,0,9093,8.919328867535448,9.737776288465305
seed20260910_n5000,5000,CNP,m0,1,101,FE,5,1,8709,2.816347035080491,3.5774204812596277
seed20260910_n5000,5000,CNP,m0,1,101,sparse_tail,13,47,68,13.462955866226986,14.111249874823578
seed20260910_n5000,5000,CNP,m0,1,102,full,442,58,114299,5.744136312598193,7.5771546906480856
seed20260910_n5000,5000,CNP,m0,1,102,DEP,6,0,1323,8.150981925517701,12.027304741143181
seed20260910_n5000,5000,CNP,m0,1,102,feature_1620kev,6,0,1361,9.802564612836184,12.082867587561692
seed20260910_n5000,5000,CNP,m0,1,102,continuum_1700_2000,60,0,8230,3.978287154551287,4.95600210776206
seed20260910_n5000,5000,CNP,m0,1,102,SE,6,0,2023,9.266175002010375,13.749493701194027
seed20260910_n5000,5000,CNP,m0,1,102,continuum_2200_2400,40,0,9093,9.408960058425556,10.211604067618284
seed20260910_n5000,5000,CNP,m0,1,102,FE,5,1,8709,2.5112797327637137,3.1421912454210297
seed20260910_n5000,5000,CNP,m0,1,102,sparse_tail,13,47,68,13.055897008461177,13.702135169805862
seed20260910_n5000,5000,CNP,m0,1,103,full,442,58,114299,5.736861361956183,7.651805548786755
seed20260910_n5000,5000,CNP,m0,1,103,DEP,6,0,1323,7.872549222387769,11.77929765635339
seed20260910_n5000,5000,CNP,m0,1,103,feature_1620kev,6,0,1361,9.660318850973294,12.178657970571946
seed20260910_n5000,5000,CNP,m0,1,103,continuum_1700_2000,60,0,8230,4.056722566673899,4.957846722021346
seed20260910_n5000,5000,CNP,m0,1,103,SE,6,0,2023,9.492923838245108,14.18850169343787
seed20260910_n5000,5000,CNP,m0,1,103,continuum_2200_2400,40,0,9093,8.423928990550714,9.257447258931384
seed20260910_n5000,5000,CNP,m0,1,103,FE,5,1,8709,3.5190602957557924,4.321312601603266
seed20260910_n5000,5000,CNP,m0,1,103,sparse_tail,13,47,68,14.147849042663493,14.804542737925571
seed20260910_n5000,5000,CNP,m0,1,104,full,442,58,114299,5.750631934952724,7.6262882646787435
seed20260910_n5000,5000,CNP,m0,1,104,DEP,6,0,1323,8.030142466920069,11.918446127557356
seed20260910_n5000,5000,CNP,m0,1,104,feature_1620kev,6,0,1361,9.740087370346362,12.123448297423565
seed20260910_n5000,5000,CNP,m0,1,104,continuum_1700_2000,60,0,8230,4.0118065116130035,4.94948470811859
seed20260910_n5000,5000,CNP,m0,1,104,SE,6,0,2023,9.387490147044588,13.98349366393191
seed20260910_n5000,5000,CNP,m0,1,104,continuum_2200_2400,40,0,9093,8.833414613334352,9.651775495761322
seed20260910_n5000,5000,CNP,m0,1,104,FE,5,1,8709,3.0250388083413338,3.831330633380943
seed20260910_n5000,5000,CNP,m0,1,104,sparse_tail,13,47,68,13.739720136684538,14.388995132495097
seed20260910_n5000,5000,CNP,m0,1,105,full,442,58,114299,5.764372112995149,7.6341845457320225
seed20260910_n5000,5000,CNP,m0,1,105,DEP,6,0,1323,8.073933351751743,11.957500283446649
seed20260910_n5000,5000,CNP,m0,1,105,feature_1620kev,6,0,1361,9.762079137636425,12.108982894244894
seed20260910_n5000,5000,CNP,m0,1,105,continuum_1700_2000,60,0,8230,3.999495517071019,4.949680175729748
seed20260910_n5000,5000,CNP,m0,1,105,SE,6,0,2023,9.35637844403621,13.924485810882793
seed20260910_n5000,5000,CNP,m0,1,105,continuum_2200_2400,40,0,9093,8.935421147283044,9.749158189769757
seed20260910_n5000,5000,CNP,m0,1,105,FE,5,1,8709,2.982301113636384,3.776521722370206
seed20260910_n5000,5000,CNP,m0,1,105,sparse_tail,13,47,68,13.715422139972135,14.363781001867276
seed20260910_n5000,5000,CNP,m0,1,106,full,442,58,114299,5.731332065850066,7.596754744661335
seed20260910_n5000,5000,CNP,m0,1,106,DEP,6,0,1323,8.021420174094859,11.910683723882883
seed20260910_n5000,5000,CNP,m0,1,106,feature_1620kev,6,0,1361,9.736408032841704,12.125675717249845
seed20260910_n5000,5000,CNP,m0,1,106,continuum_1700_2000,60,0,8230,4.011190477765429,4.950255743188089
seed20260910_n5000,5000,CNP,m0,1,106,SE,6,0,2023,9.370715811760892,13.949119117047818
seed20260910_n5000,5000,CNP,m0,1,106,continuum_2200_2400,40,0,9093,8.961970670295942,9.777442955420938
seed20260910_n5000,5000,CNP,m0,1,106,FE,5,1,8709,2.8421272284703503,3.606594111347635
seed20260910_n5000,5000,CNP,m0,1,106,sparse_tail,13,47,68,13.516429508929123,14.163926555609688
seed20260910_n5000,5000,CNP,m0,1,107,full,442,58,114299,5.749187131924175,7.641840525659944
seed20260910_n5000,5000,CNP,m0,1,107,DEP,6,0,1323,7.973046990020823,11.867495340318108
seed20260910_n5000,5000,CNP,m0,1,107,feature_1620kev,6,0,1361,9.711156870881975,12.143093471406912
seed20260910_n5000,5000,CNP,m0,1,107,continuum_1700_2000,60,0,8230,4.027370793433775,4.950808129764202
seed20260910_n5000,5000,CNP,m0,1,107,SE,6,0,2023,9.426799112068355,14.060054490904891
seed20260910_n5000,5000,CNP,m0,1,107,continuum_2200_2400,40,0,9093,8.665825344472204,9.490439985268196
seed20260910_n5000,5000,CNP,m0,1,107,FE,5,1,8709,3.2022330109659083,4.058527571103918
seed20260910_n5000,5000,CNP,m0,1,107,sparse_tail,13,47,68,13.944825227930119,14.59706090484898
seed20260910_n5000,5000,CNP,m0,1,108,full,442,58,114299,5.727545669477864,7.647924947500324
seed20260910_n5000,5000,CNP,m0,1,108,DEP,6,0,1323,7.832061875958847,11.744075907881212
seed20260910_n5000,5000,CNP,m0,1,108,feature_1620kev,6,0,1361,9.639947580926055,12.193222412526001
seed20260910_n5000,5000,CNP,m0,1,108,continuum_1700_2000,60,0,8230,4.069170617965678,4.962071849581873
seed20260910_n5000,5000,CNP,m0,1,108,SE,6,0,2023,9.51521864568743,14.231756104679738
seed20260910_n5000,5000,CNP,m0,1,108,continuum_2200_2400,40,0,9093,8.36090414006444,9.194911301898708
seed20260910_n5000,5000,CNP,m0,1,108,FE,5,1,8709,3.5663932095800197,4.360227306802254
seed20260910_n5000,5000,CNP,m0,1,108,sparse_tail,13,47,68,14.166426859451493,14.823892087730393
seed20260910_n5000,5000,CNP,m0,1,109,full,442,58,114299,5.761236827977831,7.601619983468955
seed20260910_n5000,5000,CNP,m0,1,109,DEP,6,0,1323,8.159836846322126,12.035128720900609
seed20260910_n5000,5000,CNP,m0,1,109,feature_1620kev,6,0,1361,9.80622885127759,12.080926315102758
seed20260910_n5000,5000,CNP,m0,1,109,continuum_1700_2000,60,0,8230,3.9785977947453905,4.954840090078697
seed20260910_n5000,5000,CNP,m0,1,109,SE,6,0,2023,9.28039675949724,13.778345268216844
seed20260910_n5000,5000,CNP,m0,1,109,continuum_2200_2400,40,0,9093,9.29302405591845,10.096973747093791
seed20260910_n5000,5000,CNP,m0,1,109,FE,5,1,8709,2.591408888661418,3.3187778418068694
seed20260910_n5000,5000,CNP,m0,1,109,sparse_tail,13,47,68,13.26332468039769,13.90903574027264
seed20260910_n5000,5000,CNP,m0,2,100,full,442,58,114299,5.776429148425056,7.996405023539645
seed20260910_n5000,5000,CNP,m0,2,100,DEP,6,0,1323,6.745469749935616,10.500302858521831
seed20260910_n5000,5000,CNP,m0,2,100,feature_1620kev,6,0,1361,8.845879322807688,13.02553161740021
seed20260910_n5000,5000,CNP,m0,2,100,continuum_1700_2000,60,0,8230,4.820482693754042,5.618139744617723
seed20260910_n5000,5000,CNP,m0,2,100,SE,6,0,2023,11.42920167904571,15.784698710721564
seed20260910_n5000,5000,CNP,m0,2,100,continuum_2200_2400,40,0,9093,6.213593770908492,7.031346470730318
seed20260910_n5000,5000,CNP,m0,2,100,FE,5,1,8709,6.400231604764597,6.853561930424259
seed20260910_n5000,5000,CNP,m0,2,100,sparse_tail,13,47,68,16.179392321708,16.86615901312678
seed20260910_n5000,5000,CNP,m0,2,101,full,442,58,114299,5.796965747316863,8.034605884784401
seed20260910_n5000,5000,CNP,m0,2,101,DEP,6,0,1323,6.733003010737742,10.485018293460598
seed20260910_n5000,5000,CNP,m0,2,101,feature_1620kev,6,0,1361,8.845772162441897,13.041396010326903
seed20260910_n5000,5000,CNP,m0,2,101,continuum_1700_2000,60,0,8230,4.83772255188229,5.639099992120478
seed20260910_n5000,5000,CNP,m0,2,101,SE,6,0,2023,11.489969915899069,15.828559237485424
seed20260910_n5000,5000,CNP,m0,2,101,continuum_2200_2400,40,0,9093,6.141317010536411,6.955631755073803
seed20260910_n5000,5000,CNP,m0,2,101,FE,5,1,8709,6.584181341046199,7.025824377743267
seed20260910_n5000,5000,CNP,m0,2,101,sparse_tail,13,47,68,16.351670519272105,17.046158669147957
seed20260910_n5000,5000,CNP,m0,2,102,full,442,58,114299,5.746792881600425,7.941594584435703
seed20260910_n5000,5000,CNP,m0,2,102,DEP,6,0,1323,6.786122810673166,10.55052511982752
seed20260910_n5000,5000,CNP,m0,2,102,feature_1620kev,6,0,1361,8.860835087291258,12.97499052973954
seed20260910_n5000,5000,CNP,m0,2,102,continuum_1700_2000,60,0,8230,4.769207001835751,5.557628717416035
seed20260910_n5000,5000,CNP,m0,2,102,SE,6,0,2023,11.276396125078575,15.674552816200935
seed20260910_n5000,5000,CNP,m0,2,102,continuum_2200_2400,40,0,9093,6.363616750888243,7.186800508335538
seed20260910_n5000,5000,CNP,m0,2,102,FE,5,1,8709,6.160120461582467,6.629854277135186
seed20260910_n5000,5000,CNP,m0,2,102,sparse_tail,13,47,68,16.006970411644488,16.685274849513203
seed20260910_n5000,5000,CNP,m0,2,103,full,442,58,114299,5.8969064223669605,8.222562819250786
seed20260910_n5000,5000,CNP,m0,2,103,DEP,6,0,1323,6.646231752408159,10.38325819558265
seed20260910_n5000,5000,CNP,m0,2,103,feature_1620kev,6,0,1361,8.845493125112519,13.15247632853686
seed20260910_n5000,5000,CNP,m0,2,103,continuum_1700_2000,60,0,8230,4.956697223418822,5.778624867166171
seed20260910_n5000,5000,CNP,m0,2,103,SE,6,0,2023,11.826716592036561,16.073954599221587
seed20260910_n5000,5000,CNP,m0,2,103,continuum_2200_2400,40,0,9093,5.7837626494020355,6.591256524360932
seed20260910_n5000,5000,CNP,m0,2,103,FE,5,1,8709,7.412739691151946,7.808291729110911
seed20260910_n5000,5000,CNP,m0,2,103,sparse_tail,13,47,68,17.13132010122809,17.8685040657705
seed20260910_n5000,5000,CNP,m0,2,104,full,442,58,114299,5.792621813722937,8.028229692520409
seed20260910_n5000,5000,CNP,m0,2,104,DEP,6,0,1323,6.764804519344193,10.524896679999584
seed20260910_n5000,5000,CNP,m0,2,104,feature_1620kev,6,0,1361,8.846047912931091,13.000716616457384
seed20260910_n5000,5000,CNP,m0,2,104,continuum_1700_2000,60,0,8230,4.797169526321761,5.590808920949053
seed20260910_n5000,5000,CNP,m0,2,104,SE,6,0,2023,11.375667253424528,15.745652425460591
seed20260910_n5000,5000,CNP,m0,2,104,continuum_2200_2400,40,0,9093,6.23665581558944,7.050944658493195
seed20260910_n5000,5000,CNP,m0,2,104,FE,5,1,8709,6.605924242238389,7.046474983115317
seed20260910_n5000,5000,CNP,m0,2,104,sparse_tail,13,47,68,16.494127091181362,17.19498113919761
seed20260910_n5000,5000,CNP,m0,2,105,full,442,58,114299,5.820108033537403,8.080202593300431
seed20260910_n5000,5000,CNP,m0,2,105,DEP,6,0,1323,6.733228355639604,10.48638231217497
seed20260910_n5000,5000,CNP,m0,2,105,feature_1620kev,6,0,1361,8.845619314308877,13.040111836218252
seed20260910_n5000,5000,CNP,m0,2,105,continuum_1700_2000,60,0,8230,4.836876941644976,5.638228180736434
seed20260910_n5000,5000,CNP,m0,2,105,SE,6,0,2023,11.490737665144719,15.828866143269213
seed20260910_n5000,5000,CNP,m0,2,105,continuum_2200_2400,40,0,9093,6.122282017614372,6.933034148822403
seed20260910_n5000,5000,CNP,m0,2,105,FE,5,1,8709,6.835243827991558,7.262084301826157
seed20260910_n5000,5000,CNP,m0,2,105,sparse_tail,13,47,68,16.702180971847266,17.414083176272616
seed20260910_n5000,5000,CNP,m0,2,106,full,442,58,114299,5.790959916022723,8.02420775868281
seed20260910_n5000,5000,CNP,m0,2,106,DEP,6,0,1323,6.745281501254658,10.500500168353126
seed20260910_n5000,5000,CNP,m0,2,106,feature_1620kev,6,0,1361,8.845824544326906,13.02531807491735
seed20260910_n5000,5000,CNP,m0,2,106,continuum_1700_2000,60,0,8230,4.821036337870987,5.618998525640617
seed20260910_n5000,5000,CNP,m0,2,106,SE,6,0,2023,11.437117477119427,15.790218280622797
seed20260910_n5000,5000,CNP,m0,2,106,continuum_2200_2400,40,0,9093,6.1919047207932865,7.0069816274461445
seed20260910_n5000,5000,CNP,m0,2,106,FE,5,1,8709,6.554398211044574,6.997990766837628
seed20260910_n5000,5000,CNP,m0,2,106,sparse_tail,13,47,68,16.37057399709262,17.065971004320005
seed20260910_n5000,5000,CNP,m0,2,107,full,442,58,114299,5.841917329775402,8.120640860403977
seed20260910_n5000,5000,CNP,m0,2,107,DEP,6,0,1323,6.708595111737642,10.456625059239459
seed20260910_n5000,5000,CNP,m0,2,107,feature_1620kev,6,0,1361,8.845670802067795,13.071628117131311
seed20260910_n5000,5000,CNP,m0,2,107,continuum_1700_2000,60,0,8230,4.871070953836702,5.6773043266055225
seed20260910_n5000,5000,CNP,m0,2,107,SE,6,0,2023,11.588151798835613,15.899548478234248
seed20260910_n5000,5000,CNP,m0,2,107,continuum_2200_2400,40,0,9093,6.022892074636461,6.831496505087524
seed20260910_n5000,5000,CNP,m0,2,107,FE,5,1,8709,7.006333746082101,7.423417546100403
seed20260910_n5000,5000,CNP,m0,2,107,sparse_tail,13,47,68,16.827164571417068,17.546276998636255
seed20260910_n5000,5000,CNP,m0,2,108,full,442,58,114299,5.916384323246972,8.257309101224214
seed20260910_n5000,5000,CNP,m0,2,108,DEP,6,0,1323,6.620969448714459,10.354282773675811
seed20260910_n5000,5000,CNP,m0,2,108,feature_1620kev,6,0,1361,8.845548975282872,13.18600050644219
seed20260910_n5000,5000,CNP,m0,2,108,continuum_1700_2000,60,0,8230,4.991267930402141,5.820988278244433
seed20260910_n5000,5000,CNP,m0,2,108,SE,6,0,2023,11.92161983879611,16.143789622516966
seed20260910_n5000,5000,CNP,m0,2,108,continuum_2200_2400,40,0,9093,5.696213077475782,6.501714060827525
seed20260910_n5000,5000,CNP,m0,2,108,FE,5,1,8709,7.532940949904623,7.922533788823186
seed20260910_n5000,5000,CNP,m0,2,108,sparse_tail,13,47,68,17.196863046502727,17.938199906034818
seed20260910_n5000,5000,CNP,m0,2,109,full,442,58,114299,5.732990261432773,7.916359083174106
seed20260910_n5000,5000,CNP,m0,2,109,DEP,6,0,1323,6.827875115679177,10.603980953347516
seed20260910_n5000,5000,CNP,m0,2,109,feature_1620kev,6,0,1361,8.903478449022002,12.923462342681857
seed20260910_n5000,5000,CNP,m0,2,109,continuum_1700_2000,60,0,8230,4.716745660170989,5.498438623817677
seed20260910_n5000,5000,CNP,m0,2,109,SE,6,0,2023,11.126449852118679,15.567087326933496
seed20260910_n5000,5000,CNP,m0,2,109,continuum_2200_2400,40,0,9093,6.49725735113679,7.3245877885966255
seed20260910_n5000,5000,CNP,m0,2,109,FE,5,1,8709,6.07239656858065,6.5486335451896585
seed20260910_n5000,5000,CNP,m0,2,109,sparse_tail,13,47,68,16.033341333583582,16.711620348657203
seed20260910_n5000,5000,Attentive CNP,m1,0,100,full,442,58,114299,5.855588715747691,8.085061746934741
seed20260910_n5000,5000,Attentive CNP,m1,0,100,DEP,6,0,1323,6.900997589191276,10.712433094635168
seed20260910_n5000,5000,Attentive CNP,m1,0,100,feature_1620kev,6,0,1361,8.962700948384873,12.842031296602727
seed20260910_n5000,5000,Attentive CNP,m1,0,100,continuum_1700_2000,60,0,8230,4.733169207009689,5.5155309400535915
seed20260910_n5000,5000,Attentive CNP,m1,0,100,SE,6,0,2023,10.878901846219403,15.40362139431641
seed20260910_n5000,5000,Attentive CNP,m1,0,100,continuum_2200_2400,40,0,9093,6.872401779021245,7.712825190139021
seed20260910_n5000,5000,Attentive CNP,m1,0,100,FE,5,1,8709,6.982848085367056,7.40067683639227
seed20260910_n5000,5000,Attentive CNP,m1,0,100,sparse_tail,13,47,68,17.783428958025606,18.54098572624052
seed20260910_n5000,5000,Attentive CNP,m1,0,101,full,442,58,114299,5.80479561455199,8.001488430406452
seed20260910_n5000,5000,Attentive CNP,m1,0,101,DEP,6,0,1323,6.766568814717731,10.53867752309323
seed20260910_n5000,5000,Attentive CNP,m1,0,101,feature_1620kev,6,0,1361,8.829310762622116,13.005355094442598
seed20260910_n5000,5000,Attentive CNP,m1,0,101,continuum_1700_2000,60,0,8230,4.887943765751689,5.686807447577199
seed20260910_n5000,5000,Attentive CNP,m1,0,101,SE,6,0,2023,11.035491208443283,15.51607350969829
seed20260910_n5000,5000,Attentive CNP,m1,0,101,continuum_2200_2400,40,0,9093,6.979427907028694,7.841256015659477
seed20260910_n5000,5000,Attentive CNP,m1,0,101,FE,5,1,8709,6.425398443945466,6.874969753269126
seed20260910_n5000,5000,Attentive CNP,m1,0,101,sparse_tail,13,47,68,17.304615736145852,18.028867285336858
seed20260910_n5000,5000,Attentive CNP,m1,0,102,full,442,58,114299,5.828885257509279,8.05299224789262
seed20260910_n5000,5000,Attentive CNP,m1,0,102,DEP,6,0,1323,6.7873976430182354,10.56566820748339
seed20260910_n5000,5000,Attentive CNP,m1,0,102,feature_1620kev,6,0,1361,8.84777960366136,12.97853793551153
seed20260910_n5000,5000,Attentive CNP,m1,0,102,continuum_1700_2000,60,0,8230,4.86459339061874,5.663053420082105
seed20260910_n5000,5000,Attentive CNP,m1,0,102,SE,6,0,2023,11.0830177738325,15.548650986618195
seed20260910_n5000,5000,Attentive CNP,m1,0,102,continuum_2200_2400,40,0,9093,6.843415413106005,7.695785053173208
seed20260910_n5000,5000,Attentive CNP,m1,0,102,FE,5,1,8709,6.737407322580172,7.168322962410062
seed20260910_n5000,5000,Attentive CNP,m1,0,102,sparse_tail,13,47,68,17.558293430535837,18.298755453606706
seed20260910_n5000,5000,Attentive CNP,m1,0,103,full,442,58,114299,5.846461655755815,8.03537711127032
seed20260910_n5000,5000,Attentive CNP,m1,0,103,DEP,6,0,1323,6.9830192592018125,10.826425921871081
seed20260910_n5000,5000,Attentive CNP,m1,0,103,feature_1620kev,6,0,1361,9.045551499328717,12.746767122318104
seed20260910_n5000,5000,Attentive CNP,m1,0,103,continuum_1700_2000,60,0,8230,4.632389134832107,5.407438537979805
seed20260910_n5000,5000,Attentive CNP,m1,0,103,SE,6,0,2023,10.583375011441905,15.196304830711385
seed20260910_n5000,5000,Attentive CNP,m1,0,103,continuum_2200_2400,40,0,9093,7.146169192099808,7.994897702927889
seed20260910_n5000,5000,Attentive CNP,m1,0,103,FE,5,1,8709,6.693107810677737,7.127018030735692
seed20260910_n5000,5000,Attentive CNP,m1,0,103,sparse_tail,13,47,68,17.629780828305297,18.377030528371975
seed20260910_n5000,5000,Attentive CNP,m1,0,104,full,442,58,114299,5.804241338048508,7.983276767068825
seed20260910_n5000,5000,Attentive CNP,m1,0,104,DEP,6,0,1323,6.8773635986501285,10.681836364741224
seed20260910_n5000,5000,Attentive CNP,m1,0,104,feature_1620kev,6,0,1361,8.939187334457179,12.86936022654034
seed20260910_n5000,5000,Attentive CNP,m1,0,104,continuum_1700_2000,60,0,8230,4.755340648891538,5.536536471011411
seed20260910_n5000,5000,Attentive CNP,m1,0,104,SE,6,0,2023,10.819407520339587,15.362292008717837
seed20260910_n5000,5000,Attentive CNP,m1,0,104,continuum_2200_2400,40,0,9093,7.07180162404167,7.929098592858554
seed20260910_n5000,5000,Attentive CNP,m1,0,104,FE,5,1,8709,6.385785704846354,6.838996709979163
seed20260910_n5000,5000,Attentive CNP,m1,0,104,sparse_tail,13,47,68,17.26629095203533,17.986627451931167
seed20260910_n5000,5000,Attentive CNP,m1,0,105,full,442,58,114299,5.839674714268394,8.03651414442716
seed20260910_n5000,5000,Attentive CNP,m1,0,105,DEP,6,0,1323,6.967979507731557,10.805133165470608
seed20260910_n5000,5000,Attentive CNP,m1,0,105,feature_1620kev,6,0,1361,9.029022808009847,12.76344142136474
seed20260910_n5000,5000,Attentive CNP,m1,0,105,continuum_1700_2000,60,0,8230,4.651632650450688,5.429550094729193
seed20260910_n5000,5000,Attentive CNP,m1,0,105,SE,6,0,2023,10.68684496773557,15.268387696310986
seed20260910_n5000,5000,Attentive CNP,m1,0,105,continuum_2200_2400,40,0,9093,7.0403871784111365,7.888869064319021
seed20260910_n5000,5000,Attentive CNP,m1,0,105,FE,5,1,8709,6.718631597281684,7.151583207151852
seed20260910_n5000,5000,Attentive CNP,m1,0,105,sparse_tail,13,47,68,17.585857685168882,18.32838536335871
seed20260910_n5000,5000,Attentive CNP,m1,0,106,full,442,58,114299,5.826734421364224,8.017264068858813
seed20260910_n5000,5000,Attentive CNP,m1,0,106,DEP,6,0,1323,6.926091090197524,10.745847901675111
seed20260910_n5000,5000,Attentive CNP,m1,0,106,feature_1620kev,6,0,1361,8.987346254337375,12.813919295190122
seed20260910_n5000,5000,Attentive CNP,m1,0,106,continuum_1700_2000,60,0,8230,4.700419765025383,5.477926097624772
seed20260910_n5000,5000,Attentive CNP,m1,0,106,SE,6,0,2023,10.732732003881441,15.301138437002933
seed20260910_n5000,5000,Attentive CNP,m1,0,106,continuum_2200_2400,40,0,9093,7.067958686801748,7.920194812023644
seed20260910_n5000,5000,Attentive CNP,m1,0,106,FE,5,1,8709,6.5956950054452,7.034637144830374
seed20260910_n5000,5000,Attentive CNP,m1,0,106,sparse_tail,13,47,68,17.476748492637643,18.211506028519004
seed20260910_n5000,5000,Attentive CNP,m1,0,107,full,442,58,114299,5.816896611892574,8.002471895097568
seed20260910_n5000,5000,Attentive CNP,m1,0,107,DEP,6,0,1323,6.909295499708001,10.724569891477948
seed20260910_n5000,5000,Attentive CNP,m1,0,107,feature_1620kev,6,0,1361,8.971181331769008,12.831753968932736
seed20260910_n5000,5000,Attentive CNP,m1,0,107,continuum_1700_2000,60,0,8230,4.71939486448163,5.498446744662207
seed20260910_n5000,5000,Attentive CNP,m1,0,107,SE,6,0,2023,10.771967931074027,15.328893746496849
seed20260910_n5000,5000,Attentive CNP,m1,0,107,continuum_2200_2400,40,0,9093,7.062974860464077,7.917290708225503
seed20260910_n5000,5000,Attentive CNP,m1,0,107,FE,5,1,8709,6.509338233837238,6.954133725312415
seed20260910_n5000,5000,Attentive CNP,m1,0,107,sparse_tail,13,47,68,17.390004249912565,18.11955183372586
seed20260910_n5000,5000,Attentive CNP,m1,0,108,full,442,58,114299,5.813105148601958,7.994285244769282
seed20260910_n5000,5000,Attentive CNP,m1,0,108,DEP,6,0,1323,6.885602776731703,10.692727222759862
seed20260910_n5000,5000,Attentive CNP,m1,0,108,feature_1620kev,6,0,1361,8.94574431812822,12.859728901138858
seed20260910_n5000,5000,Attentive CNP,m1,0,108,continuum_1700_2000,60,0,8230,4.745932635996051,5.52523111081704
seed20260910_n5000,5000,Attentive CNP,m1,0,108,SE,6,0,2023,10.770776387491487,15.328197513730203
seed20260910_n5000,5000,Attentive CNP,m1,0,108,continuum_2200_2400,40,0,9093,7.110146281206065,7.966484893173482
seed20260910_n5000,5000,Attentive CNP,m1,0,108,FE,5,1,8709,6.439511926208954,6.8893323809102816
seed20260910_n5000,5000,Attentive CNP,m1,0,108,sparse_tail,13,47,68,17.359951350702175,18.085925194963675
seed20260910_n5000,5000,Attentive CNP,m1,0,109,full,442,58,114299,5.828749914878868,8.032609542633848
seed20260910_n5000,5000,Attentive CNP,m1,0,109,DEP,6,0,1323,6.893493059037069,10.704170750659516
seed20260910_n5000,5000,Attentive CNP,m1,0,109,feature_1620kev,6,0,1361,8.956428269371047,12.849359955059455
seed20260910_n5000,5000,Attentive CNP,m1,0,109,continuum_1700_2000,60,0,8230,4.73754142143953,5.518947766724774
seed20260910_n5000,5000,Attentive CNP,m1,0,109,SE,6,0,2023,10.843600078433418,15.378801996689342
seed20260910_n5000,5000,Attentive CNP,m1,0,109,continuum_2200_2400,40,0,9093,6.96725238695874,7.819005729724374
seed20260910_n5000,5000,Attentive CNP,m1,0,109,FE,5,1,8709,6.681441876302261,7.1161115980371585
seed20260910_n5000,5000,Attentive CNP,m1,0,109,sparse_tail,13,47,68,17.512943752790246,18.25070210225533
seed20260910_n5000,5000,Attentive CNP,m1,1,100,full,442,58,114299,5.929303147862465,7.89228137132054
seed20260910_n5000,5000,Attentive CNP,m1,1,100,DEP,6,0,1323,7.98535176435346,11.882990812057617
seed20260910_n5000,5000,Attentive CNP,m1,1,100,feature_1620kev,6,0,1361,9.727763268816613,12.148237746694155
seed20260910_n5000,5000,Attentive CNP,m1,1,100,continuum_1700_2000,60,0,8230,4.063007293626465,4.966637328888214
seed20260910_n5000,5000,Attentive CNP,m1,1,100,SE,6,0,2023,9.38281081024488,13.948693686761656
seed20260910_n5000,5000,Attentive CNP,m1,1,100,continuum_2200_2400,40,0,9093,9.154068309419687,9.95930570992609
seed20260910_n5000,5000,Attentive CNP,m1,1,100,FE,5,1,8709,4.185207214786335,4.8732513403961315
seed20260910_n5000,5000,Attentive CNP,m1,1,100,sparse_tail,13,47,68,16.11625874578038,16.756251312539945
seed20260910_n5000,5000,Attentive CNP,m1,1,101,full,442,58,114299,5.911067045987472,7.841349839716985
seed20260910_n5000,5000,Attentive CNP,m1,1,101,DEP,6,0,1323,8.03121116856675,11.923976095085168
seed20260910_n5000,5000,Attentive CNP,m1,1,101,feature_1620kev,6,0,1361,9.749822497615055,12.132827550413355
seed20260910_n5000,5000,Attentive CNP,m1,1,101,continuum_1700_2000,60,0,8230,4.050937702712669,4.963945539834742
seed20260910_n5000,5000,Attentive CNP,m1,1,101,SE,6,0,2023,9.369946905094984,13.926497103313901
seed20260910_n5000,5000,Attentive CNP,m1,1,101,continuum_2200_2400,40,0,9093,9.208398213812824,10.013032990915569
seed20260910_n5000,5000,Attentive CNP,m1,1,101,FE,5,1,8709,3.8231756729061073,4.5667844976103575
seed20260910_n5000,5000,Attentive CNP,m1,1,101,sparse_tail,13,47,68,15.591926041301404,16.212580291149557
seed20260910_n5000,5000,Attentive CNP,m1,1,102,full,442,58,114299,5.8964109502995905,7.832777261782442
seed20260910_n5000,5000,Attentive CNP,m1,1,102,DEP,6,0,1323,7.978427487144398,11.876675613015541
seed20260910_n5000,5000,Attentive CNP,m1,1,102,feature_1620kev,6,0,1361,9.72209007540092,12.150310537889302
seed20260910_n5000,5000,Attentive CNP,m1,1,102,continuum_1700_2000,60,0,8230,4.068040520815326,4.967842501904718
seed20260910_n5000,5000,Attentive CNP,m1,1,102,SE,6,0,2023,9.393719619265028,13.968840132921237
seed20260910_n5000,5000,Attentive CNP,m1,1,102,continuum_2200_2400,40,0,9093,9.181286902631605,9.988578018264684
seed20260910_n5000,5000,Attentive CNP,m1,1,102,FE,5,1,8709,3.8348010350375183,4.573199859784924
seed20260910_n5000,5000,Attentive CNP,m1,1,102,sparse_tail,13,47,68,15.635507742771981,16.25697097643299
seed20260910_n5000,5000,Attentive CNP,m1,1,103,full,442,58,114299,6.0096229308872955,7.9754913660746345
seed20260910_n5000,5000,Attentive CNP,m1,1,103,DEP,6,0,1323,8.154936670747732,12.034086233093817
seed20260910_n5000,5000,Attentive CNP,m1,1,103,feature_1620kev,6,0,1361,9.813090207387631,12.092831740518339
seed20260910_n5000,5000,Attentive CNP,m1,1,103,continuum_1700_2000,60,0,8230,4.013187055877427,4.960755662564719
seed20260910_n5000,5000,Attentive CNP,m1,1,103,SE,6,0,2023,9.291219787327469,13.783956615073748
seed20260910_n5000,5000,Attentive CNP,m1,1,103,continuum_2200_2400,40,0,9093,9.281288971068605,10.075450029245205
seed20260910_n5000,5000,Attentive CNP,m1,1,103,FE,5,1,8709,4.438970869906711,5.093586442747192
seed20260910_n5000,5000,Attentive CNP,m1,1,103,sparse_tail,13,47,68,16.47656593426052,17.13478970020493
seed20260910_n5000,5000,Attentive CNP,m1,1,104,full,442,58,114299,5.97726801993222,7.933785282878553
seed20260910_n5000,5000,Attentive CNP,m1,1,104,DEP,6,0,1323,8.108189689887562,11.992206686091023
seed20260910_n5000,5000,Attentive CNP,m1,1,104,feature_1620kev,6,0,1361,9.789551348344585,12.107922540969986
seed20260910_n5000,5000,Attentive CNP,m1,1,104,continuum_1700_2000,60,0,8230,4.026284555145783,4.960326764476142
seed20260910_n5000,5000,Attentive CNP,m1,1,104,SE,6,0,2023,9.321147732328944,13.836851151018914
seed20260910_n5000,5000,Attentive CNP,m1,1,104,continuum_2200_2400,40,0,9093,9.249364069585939,10.047179881688024
seed20260910_n5000,5000,Attentive CNP,m1,1,104,FE,5,1,8709,4.257651083258999,4.937715678527475
seed20260910_n5000,5000,Attentive CNP,m1,1,104,sparse_tail,13,47,68,16.239260802847834,16.88426620974554
seed20260910_n5000,5000,Attentive CNP,m1,1,105,full,442,58,114299,5.991999985887082,7.964619887997945
seed20260910_n5000,5000,Attentive CNP,m1,1,105,DEP,6,0,1323,8.09998106011392,11.984551150543705
seed20260910_n5000,5000,Attentive CNP,m1,1,105,feature_1620kev,6,0,1361,9.784667787193465,12.109346908476477
seed20260910_n5000,5000,Attentive CNP,m1,1,105,continuum_1700_2000,60,0,8230,4.026835615904652,4.960519400509885
seed20260910_n5000,5000,Attentive CNP,m1,1,105,SE,6,0,2023,9.31622728340606,13.828458139734149
seed20260910_n5000,5000,Attentive CNP,m1,1,105,continuum_2200_2400,40,0,9093,9.249157346097055,10.046080242695576
seed20260910_n5000,5000,Attentive CNP,m1,1,105,FE,5,1,8709,4.430989808312595,5.087058051099583
seed20260910_n5000,5000,Attentive CNP,m1,1,105,sparse_tail,13,47,68,16.517283211941166,17.178821950892097
seed20260910_n5000,5000,Attentive CNP,m1,1,106,full,442,58,114299,5.972086928630089,7.935936387848088
seed20260910_n5000,5000,Attentive CNP,m1,1,106,DEP,6,0,1323,8.0798472188242,11.966811967532857
seed20260910_n5000,5000,Attentive CNP,m1,1,106,feature_1620kev,6,0,1361,9.775038056851441,12.116454491367557
seed20260910_n5000,5000,Attentive CNP,m1,1,106,continuum_1700_2000,60,0,8230,4.033592851121508,4.961080245573692
seed20260910_n5000,5000,Attentive CNP,m1,1,106,SE,6,0,2023,9.331694927585772,13.856927676939645
seed20260910_n5000,5000,Attentive CNP,m1,1,106,continuum_2200_2400,40,0,9093,9.227102529529366,10.02606021176502
seed20260910_n5000,5000,Attentive CNP,m1,1,106,FE,5,1,8709,4.316762706260265,4.987235769181624
seed20260910_n5000,5000,Attentive CNP,m1,1,106,sparse_tail,13,47,68,16.30557590538752,16.95697950458394
seed20260910_n5000,5000,Attentive CNP,m1,1,107,full,442,58,114299,5.9871562651141135,7.946046796578561
seed20260910_n5000,5000,Attentive CNP,m1,1,107,DEP,6,0,1323,8.121687996012657,12.004076472843932
seed20260910_n5000,5000,Attentive CNP,m1,1,107,feature_1620kev,6,0,1361,9.795503071985314,12.102984320744719
seed20260910_n5000,5000,Attentive CNP,m1,1,107,continuum_1700_2000,60,0,8230,4.022696407776212,4.9606335224627065
seed20260910_n5000,5000,Attentive CNP,m1,1,107,SE,6,0,2023,9.311941479550704,13.82065945328003
seed20260910_n5000,5000,Attentive CNP,m1,1,107,continuum_2200_2400,40,0,9093,9.266022875883023,10.062794255911514
seed20260910_n5000,5000,Attentive CNP,m1,1,107,FE,5,1,8709,4.303726120255952,4.976081226110356
seed20260910_n5000,5000,Attentive CNP,m1,1,107,sparse_tail,13,47,68,16.319650817100953,16.969607522704592
seed20260910_n5000,5000,Attentive CNP,m1,1,108,full,442,58,114299,5.978199988926142,7.923610148863941
seed20260910_n5000,5000,Attentive CNP,m1,1,108,DEP,6,0,1323,8.132715461546743,12.014481466393358
seed20260910_n5000,5000,Attentive CNP,m1,1,108,feature_1620kev,6,0,1361,9.801064660066151,12.0995570227176
seed20260910_n5000,5000,Attentive CNP,m1,1,108,continuum_1700_2000,60,0,8230,4.020723866958645,4.960106165244258
seed20260910_n5000,5000,Attentive CNP,m1,1,108,SE,6,0,2023,9.311692818943937,13.820722475817535
seed20260910_n5000,5000,Attentive CNP,m1,1,108,continuum_2200_2400,40,0,9093,9.274377947232182,10.071434374088046
seed20260910_n5000,5000,Attentive CNP,m1,1,108,FE,5,1,8709,4.169958958752993,4.8598642067571864
seed20260910_n5000,5000,Attentive CNP,m1,1,108,sparse_tail,13,47,68,16.09177877165841,16.73524811635982
seed20260910_n5000,5000,Attentive CNP,m1,1,109,full,442,58,114299,5.954399815708299,7.917188535967405
seed20260910_n5000,5000,Attentive CNP,m1,1,109,DEP,6,0,1323,8.044993547825213,11.935558873354374
seed20260910_n5000,5000,Attentive CNP,m1,1,109,feature_1620kev,6,0,1361,9.757124094947143,12.127854241634726
seed20260910_n5000,5000,Attentive CNP,m1,1,109,continuum_1700_2000,60,0,8230,4.043559791869555,4.962759856305556
seed20260910_n5000,5000,Attentive CNP,m1,1,109,SE,6,0,2023,9.350603487602287,13.889696741435397
seed20260910_n5000,5000,Attentive CNP,m1,1,109,continuum_2200_2400,40,0,9093,9.205264194570539,10.0063832921
seed20260910_n5000,5000,Attentive CNP,m1,1,109,FE,5,1,8709,4.24629806420406,4.927100220837912
seed20260910_n5000,5000,Attentive CNP,m1,1,109,sparse_tail,13,47,68,16.217836075769434,16.863262267375795
seed20260910_n5000,5000,Attentive CNP,m1,2,100,full,442,58,114299,5.967636651477374,8.258724838136706
seed20260910_n5000,5000,Attentive CNP,m1,2,100,DEP,6,0,1323,6.870958330859506,10.668590500394687
seed20260910_n5000,5000,Attentive CNP,m1,2,100,feature_1620kev,6,0,1361,8.94737130399379,12.874636083942697
seed20260910_n5000,5000,Attentive CNP,m1,2,100,continuum_1700_2000,60,0,8230,4.618886725863704,5.352639878589776
seed20260910_n5000,5000,Attentive CNP,m1,2,100,SE,6,0,2023,9.67050213296189,14.422762272707176
seed20260910_n5000,5000,Attentive CNP,m1,2,100,continuum_2200_2400,40,0,9093,8.872548178121487,9.696046613372312
seed20260910_n5000,5000,Attentive CNP,m1,2,100,FE,5,1,8709,6.606754037257523,7.049838318672197
seed20260910_n5000,5000,Attentive CNP,m1,2,100,sparse_tail,13,47,68,19.736858324215305,20.69640580733811
seed20260910_n5000,5000,Attentive CNP,m1,2,101,full,442,58,114299,5.9515235468512255,8.2235060869206
seed20260910_n5000,5000,Attentive CNP,m1,2,101,DEP,6,0,1323,6.884050420361613,10.68554329392225
seed20260910_n5000,5000,Attentive CNP,m1,2,101,feature_1620kev,6,0,1361,8.95933180974185,12.860209640546863
seed20260910_n5000,5000,Attentive CNP,m1,2,101,continuum_1700_2000,60,0,8230,4.607055030179356,5.340872625869376
seed20260910_n5000,5000,Attentive CNP,m1,2,101,SE,6,0,2023,9.658118812456495,14.399523977244469
seed20260910_n5000,5000,Attentive CNP,m1,2,101,continuum_2200_2400,40,0,9093,8.936638078923083,9.758441655766351
seed20260910_n5000,5000,Attentive CNP,m1,2,101,FE,5,1,8709,6.409280653793532,6.865208729251321
seed20260910_n5000,5000,Attentive CNP,m1,2,101,sparse_tail,13,47,68,19.50897130438915,20.443385235764097
seed20260910_n5000,5000,Attentive CNP,m1,2,102,full,442,58,114299,5.950148152095698,8.22937132417647
seed20260910_n5000,5000,Attentive CNP,m1,2,102,DEP,6,0,1323,6.854419892198472,10.646336570391663
seed20260910_n5000,5000,Attentive CNP,m1,2,102,feature_1620kev,6,0,1361,8.928967445461021,12.89515431021058
seed20260910_n5000,5000,Attentive CNP,m1,2,102,continuum_1700_2000,60,0,8230,4.64007109129529,5.374223463016057
seed20260910_n5000,5000,Attentive CNP,m1,2,102,SE,6,0,2023,9.685496232212646,14.451971695630435
seed20260910_n5000,5000,Attentive CNP,m1,2,102,continuum_2200_2400,40,0,9093,8.876069855915306,9.701449019628454
seed20260910_n5000,5000,Attentive CNP,m1,2,102,FE,5,1,8709,6.4568730056668535,6.908743482235121
seed20260910_n5000,5000,Attentive CNP,m1,2,102,sparse_tail,13,47,68,19.549351604432967,20.488984346999477
seed20260910_n5000,5000,Attentive CNP,m1,2,103,full,442,58,114299,6.000667135030966,8.292623357259496
seed20260910_n5000,5000,Attentive CNP,m1,2,103,DEP,6,0,1323,6.967436443199919,10.799745267279402
seed20260910_n5000,5000,Attentive CNP,m1,2,103,feature_1620kev,6,0,1361,9.046404304264856,12.761840464220779
seed20260910_n5000,5000,Attentive CNP,m1,2,103,continuum_1700_2000,60,0,8230,4.504589920635885,5.245055408568908
seed20260910_n5000,5000,Attentive CNP,m1,2,103,SE,6,0,2023,9.574981660946673,14.241917532238732
seed20260910_n5000,5000,Attentive CNP,m1,2,103,continuum_2200_2400,40,0,9093,9.034474626862918,9.845718057019049
seed20260910_n5000,5000,Attentive CNP,m1,2,103,FE,5,1,8709,6.724717161084562,7.1620244977727285
seed20260910_n5000,5000,Attentive CNP,m1,2,103,sparse_tail,13,47,68,19.937775441321914,20.921699685835833
seed20260910_n5000,5000,Attentive CNP,m1,2,104,full,442,58,114299,5.983621334000219,8.270418930393541
seed20260910_n5000,5000,Attentive CNP,m1,2,104,DEP,6,0,1323,6.934276974627982,10.753726829814587
seed20260910_n5000,5000,Attentive CNP,m1,2,104,feature_1620kev,6,0,1361,9.012139287324612,12.799980124768446
seed20260910_n5000,5000,Attentive CNP,m1,2,104,continuum_1700_2000,60,0,8230,4.542828084293704,5.279070487885073
seed20260910_n5000,5000,Attentive CNP,m1,2,104,SE,6,0,2023,9.60483754115586,14.297555981911009
seed20260910_n5000,5000,Attentive CNP,m1,2,104,continuum_2200_2400,40,0,9093,8.999964310804383,9.814846683549195
seed20260910_n5000,5000,Attentive CNP,m1,2,104,FE,5,1,8709,6.623792135873067,7.067117675173397
seed20260910_n5000,5000,Attentive CNP,m1,2,104,sparse_tail,13,47,68,19.80690923885821,20.77537492155141
seed20260910_n5000,5000,Attentive CNP,m1,2,105,full,442,58,114299,5.998814374610321,8.298509253678441
seed20260910_n5000,5000,Attentive CNP,m1,2,105,DEP,6,0,1323,6.939481313600469,10.761620395411896
seed20260910_n5000,5000,Attentive CNP,m1,2,105,feature_1620kev,6,0,1361,9.01719154025476,12.792103811277991
seed20260910_n5000,5000,Attentive CNP,m1,2,105,continuum_1700_2000,60,0,8230,4.5336458829401005,5.270575468470715
seed20260910_n5000,5000,Attentive CNP,m1,2,105,SE,6,0,2023,9.597190597137162,14.283791150405515
seed20260910_n5000,5000,Attentive CNP,m1,2,105,continuum_2200_2400,40,0,9093,8.98647064987983,9.80039643949215
seed20260910_n5000,5000,Attentive CNP,m1,2,105,FE,5,1,8709,6.769506079874272,7.203276972769931
seed20260910_n5000,5000,Attentive CNP,m1,2,105,sparse_tail,13,47,68,19.983808741227286,20.972906630758743
seed20260910_n5000,5000,Attentive CNP,m1,2,106,full,442,58,114299,5.981953847266017,8.269960819769336
seed20260910_n5000,5000,Attentive CNP,m1,2,106,DEP,6,0,1323,6.923435408016843,10.738940579653296
seed20260910_n5000,5000,Attentive CNP,m1,2,106,feature_1620kev,6,0,1361,9.001297265471985,12.812610073959455
seed20260910_n5000,5000,Attentive CNP,m1,2,106,continuum_1700_2000,60,0,8230,4.554545968208382,5.289575483042588
seed20260910_n5000,5000,Attentive CNP,m1,2,106,SE,6,0,2023,9.612032460491674,14.311106172492691
seed20260910_n5000,5000,Attentive CNP,m1,2,106,continuum_2200_2400,40,0,9093,8.991632051444801,9.807205519209205
seed20260910_n5000,5000,Attentive CNP,m1,2,106,FE,5,1,8709,6.622830073369848,7.06590942120361
seed20260910_n5000,5000,Attentive CNP,m1,2,106,sparse_tail,13,47,68,19.803920322397367,20.77286646878112
seed20260910_n5000,5000,Attentive CNP,m1,2,107,full,442,58,114299,5.988037067938956,8.277128555466943
seed20260910_n5000,5000,Attentive CNP,m1,2,107,DEP,6,0,1323,6.940456954909124,10.762344514029145
seed20260910_n5000,5000,Attentive CNP,m1,2,107,feature_1620kev,6,0,1361,9.017829468412332,12.792294183678148
seed20260910_n5000,5000,Attentive CNP,m1,2,107,continuum_1700_2000,60,0,8230,4.536506242132343,5.273352132291341
seed20260910_n5000,5000,Attentive CNP,m1,2,107,SE,6,0,2023,9.600048879384467,14.28947858572397
seed20260910_n5000,5000,Attentive CNP,m1,2,107,continuum_2200_2400,40,0,9093,9.000381926856445,9.814759062919705
seed20260910_n5000,5000,Attentive CNP,m1,2,107,FE,5,1,8709,6.6599773717850805,7.100659134762909
seed20260910_n5000,5000,Attentive CNP,m1,2,107,sparse_tail,13,47,68,19.848050770744848,20.820641795661416
seed20260910_n5000,5000,Attentive CNP,m1,2,108,full,442,58,114299,5.979166209735054,8.258820512142862
seed20260910_n5000,5000,Attentive CNP,m1,2,108,DEP,6,0,1323,6.94347093471102,10.766145837492825
seed20260910_n5000,5000,Attentive CNP,m1,2,108,feature_1620kev,6,0,1361,9.02048575047978,12.789820169485349
seed20260910_n5000,5000,Attentive CNP,m1,2,108,continuum_1700_2000,60,0,8230,4.536155080463397,5.273298514122792
seed20260910_n5000,5000,Attentive CNP,m1,2,108,SE,6,0,2023,9.600981705139903,14.290988209726521
seed20260910_n5000,5000,Attentive CNP,m1,2,108,continuum_2200_2400,40,0,9093,9.015081676281378,9.829489549629509
seed20260910_n5000,5000,Attentive CNP,m1,2,108,FE,5,1,8709,6.566943222509123,7.013363480276223
seed20260910_n5000,5000,Attentive CNP,m1,2,108,sparse_tail,13,47,68,19.726286377572205,20.68774867902418
seed20260910_n5000,5000,Attentive CNP,m1,2,109,full,442,58,114299,5.976302794605943,8.267437746739207
seed20260910_n5000,5000,Attentive CNP,m1,2,109,DEP,6,0,1323,6.897100283054238,10.70425149483734
seed20260910_n5000,5000,Attentive CNP,m1,2,109,feature_1620kev,6,0,1361,8.974902387399208,12.842264558929314
seed20260910_n5000,5000,Attentive CNP,m1,2,109,continuum_1700_2000,60,0,8230,4.584146298203655,5.317787472628434
seed20260910_n5000,5000,Attentive CNP,m1,2,109,SE,6,0,2023,9.636986413069176,14.358822498512566
seed20260910_n5000,5000,Attentive CNP,m1,2,109,continuum_2200_2400,40,0,9093,8.940288443280481,9.759202138916661
seed20260910_n5000,5000,Attentive CNP,m1,2,109,FE,5,1,8709,6.627697688483554,7.069649199937918
seed20260910_n5000,5000,Attentive CNP,m1,2,109,sparse_tail,13,47,68,19.78923673036716,20.757524479433183
seed20260910_n5000,5000,Attentive CNP + PE,m2,0,100,full,442,58,114299,12.138198825826196,15.586899849021224
seed20260910_n5000,5000,Attentive CNP + PE,m2,0,100,DEP,6,0,1323,10.928646287967947,11.6988729820295
seed20260910_n5000,5000,Attentive CNP + PE,m2,0,100,feature_1620kev,6,0,1361,6.116229686601315,7.862273416204359
seed20260910_n5000,5000,Attentive CNP + PE,m2,0,100,continuum_1700_2000,60,0,8230,11.235657092943203,13.644807382665968
seed20260910_n5000,5000,Attentive CNP + PE,m2,0,100,SE,6,0,2023,11.207246888057439,12.298636545522154
seed20260910_n5000,5000,Attentive CNP + PE,m2,0,100,continuum_2200_2400,40,0,9093,10.682837758577097,13.796969023943914
seed20260910_n5000,5000,Attentive CNP + PE,m2,0,100,FE,5,1,8709,10.569890794972556,13.120582349841433
seed20260910_n5000,5000,Attentive CNP + PE,m2,0,100,sparse_tail,13,47,68,29.143239035327333,32.666613170697275
seed20260910_n5000,5000,Attentive CNP + PE,m2,0,101,full,442,58,114299,12.112895919185016,15.575359614121464
seed20260910_n5000,5000,Attentive CNP + PE,m2,0,101,DEP,6,0,1323,10.407697099663814,10.894408663429935
seed20260910_n5000,5000,Attentive CNP + PE,m2,0,101,feature_1620kev,6,0,1361,6.443396593551551,8.235660509389644
seed20260910_n5000,5000,Attentive CNP + PE,m2,0,101,continuum_1700_2000,60,0,8230,11.36848506524267,13.7487363984973
seed20260910_n5000,5000,Attentive CNP + PE,m2,0,101,SE,6,0,2023,11.405228056815204,13.049365487742106
seed20260910_n5000,5000,Attentive CNP + PE,m2,0,101,continuum_2200_2400,40,0,9093,10.62666850171456,13.553189123463108
seed20260910_n5000,5000,Attentive CNP + PE,m2,0,101,FE,5,1,8709,11.11974315989039,13.669208577561903
seed20260910_n5000,5000,Attentive CNP + PE,m2,0,101,sparse_tail,13,47,68,30.077156591291594,33.542540694507835
seed20260910_n5000,5000,Attentive CNP + PE,m2,0,102,full,442,58,114299,12.177556787266246,15.602303095817637
seed20260910_n5000,5000,Attentive CNP + PE,m2,0,102,DEP,6,0,1323,11.199848854265264,11.882017941925408
seed20260910_n5000,5000,Attentive CNP + PE,m2,0,102,feature_1620kev,6,0,1361,6.632078479201044,7.978957899993214
seed20260910_n5000,5000,Attentive CNP + PE,m2,0,102,continuum_1700_2000,60,0,8230,11.359453658581588,13.86409263375879
seed20260910_n5000,5000,Attentive CNP + PE,m2,0,102,SE,6,0,2023,11.941219529951274,12.994720793988801
seed20260910_n5000,5000,Attentive CNP + PE,m2,0,102,continuum_2200_2400,40,0,9093,10.706221768637892,13.824809808594718
seed20260910_n5000,5000,Attentive CNP + PE,m2,0,102,FE,5,1,8709,10.459038600499753,13.032314601406657
seed20260910_n5000,5000,Attentive CNP + PE,m2,0,102,sparse_tail,13,47,68,28.255008574525046,31.6759331047326
seed20260910_n5000,5000,Attentive CNP + PE,m2,0,103,full,442,58,114299,12.22919236916874,15.817957279704853
seed20260910_n5000,5000,Attentive CNP + PE,m2,0,103,DEP,6,0,1323,9.65154427978017,10.06111896964392
seed20260910_n5000,5000,Attentive CNP + PE,m2,0,103,feature_1620kev,6,0,1361,6.861620945264827,8.415444052111962
seed20260910_n5000,5000,Attentive CNP + PE,m2,0,103,continuum_1700_2000,60,0,8230,11.322118343981145,13.653387390825925
seed20260910_n5000,5000,Attentive CNP + PE,m2,0,103,SE,6,0,2023,10.936923128622523,12.696144468520087
seed20260910_n5000,5000,Attentive CNP + PE,m2,0,103,continuum_2200_2400,40,0,9093,10.721965957580062,13.3536588776803
seed20260910_n5000,5000,Attentive CNP + PE,m2,0,103,FE,5,1,8709,10.935308109892839,14.432965461036263
seed20260910_n5000,5000,Attentive CNP + PE,m2,0,103,sparse_tail,13,47,68,33.22454887437297,36.64599840319677
seed20260910_n5000,5000,Attentive CNP + PE,m2,0,104,full,442,58,114299,12.22018384663588,15.76550161659926
seed20260910_n5000,5000,Attentive CNP + PE,m2,0,104,DEP,6,0,1323,10.126446177528987,10.528632686196312
seed20260910_n5000,5000,Attentive CNP + PE,m2,0,104,feature_1620kev,6,0,1361,6.542803532515689,8.201450311356528
seed20260910_n5000,5000,Attentive CNP + PE,m2,0,104,continuum_1700_2000,60,0,8230,11.452337141997559,13.794790953941968
seed20260910_n5000,5000,Attentive CNP + PE,m2,0,104,SE,6,0,2023,11.261716711311669,13.145668736813132
seed20260910_n5000,5000,Attentive CNP + PE,m2,0,104,continuum_2200_2400,40,0,9093,10.624273284890878,13.399507849237292
seed20260910_n5000,5000,Attentive CNP + PE,m2,0,104,FE,5,1,8709,10.86205007458834,13.703133835940257
seed20260910_n5000,5000,Attentive CNP + PE,m2,0,104,sparse_tail,13,47,68,32.03646526770274,35.37549112739478
seed20260910_n5000,5000,Attentive CNP + PE,m2,0,105,full,442,58,114299,12.200643987831594,15.759892202397749
seed20260910_n5000,5000,Attentive CNP + PE,m2,0,105,DEP,6,0,1323,10.04211001624345,10.531301586692047
seed20260910_n5000,5000,Attentive CNP + PE,m2,0,105,feature_1620kev,6,0,1361,6.818104816675685,8.249386201584908
seed20260910_n5000,5000,Attentive CNP + PE,m2,0,105,continuum_1700_2000,60,0,8230,11.315908439195315,13.643199748296952
seed20260910_n5000,5000,Attentive CNP + PE,m2,0,105,SE,6,0,2023,11.020994949276592,12.776483947847552
seed20260910_n5000,5000,Attentive CNP + PE,m2,0,105,continuum_2200_2400,40,0,9093,10.644045435505431,13.427728017976618
seed20260910_n5000,5000,Attentive CNP + PE,m2,0,105,FE,5,1,8709,10.599953032687033,13.80814592006333
seed20260910_n5000,5000,Attentive CNP + PE,m2,0,105,sparse_tail,13,47,68,32.33540826130342,35.788004821949336
seed20260910_n5000,5000,Attentive CNP + PE,m2,0,106,full,442,58,114299,12.212261767877736,15.726187525304153
seed20260910_n5000,5000,Attentive CNP + PE,m2,0,106,DEP,6,0,1323,10.585256308110175,11.130247565094802
seed20260910_n5000,5000,Attentive CNP + PE,m2,0,106,feature_1620kev,6,0,1361,6.49424319470788,7.963169216846952
seed20260910_n5000,5000,Attentive CNP + PE,m2,0,106,continuum_1700_2000,60,0,8230,11.398659947810687,13.749439467084981
seed20260910_n5000,5000,Attentive CNP + PE,m2,0,106,SE,6,0,2023,11.12805864107291,12.817680493571778
seed20260910_n5000,5000,Attentive CNP + PE,m2,0,106,continuum_2200_2400,40,0,9093,10.552676809235342,13.530574938542939
seed20260910_n5000,5000,Attentive CNP + PE,m2,0,106,FE,5,1,8709,10.359415935021854,13.129662708191958
seed20260910_n5000,5000,Attentive CNP + PE,m2,0,106,sparse_tail,13,47,68,30.99595157362583,34.33142951468764
seed20260910_n5000,5000,Attentive CNP + PE,m2,0,107,full,442,58,114299,12.16387929349393,15.696754304778135
seed20260910_n5000,5000,Attentive CNP + PE,m2,0,107,DEP,6,0,1323,9.88431903663095,10.306456218171986
seed20260910_n5000,5000,Attentive CNP + PE,m2,0,107,feature_1620kev,6,0,1361,6.3415611340631175,8.184651609073214
seed20260910_n5000,5000,Attentive CNP + PE,m2,0,107,continuum_1700_2000,60,0,8230,11.357630969556638,13.654385829018548
seed20260910_n5000,5000,Attentive CNP + PE,m2,0,107,SE,6,0,2023,11.027741697273651,12.887455394962718
seed20260910_n5000,5000,Attentive CNP + PE,m2,0,107,continuum_2200_2400,40,0,9093,10.66718287106401,13.379609823473693
seed20260910_n5000,5000,Attentive CNP + PE,m2,0,107,FE,5,1,8709,11.316262266792148,14.305073663541682
seed20260910_n5000,5000,Attentive CNP + PE,m2,0,107,sparse_tail,13,47,68,32.11487373609233,35.51564200394719
seed20260910_n5000,5000,Attentive CNP + PE,m2,0,108,full,442,58,114299,12.197201711790738,15.775142156139715
seed20260910_n5000,5000,Attentive CNP + PE,m2,0,108,DEP,6,0,1323,9.572993901928061,9.904942596763556
seed20260910_n5000,5000,Attentive CNP + PE,m2,0,108,feature_1620kev,6,0,1361,6.26463901562304,8.360213775147427
seed20260910_n5000,5000,Attentive CNP + PE,m2,0,108,continuum_1700_2000,60,0,8230,11.398125385745425,13.692895075253627
seed20260910_n5000,5000,Attentive CNP + PE,m2,0,108,SE,6,0,2023,11.303551628241097,13.265125903646307
seed20260910_n5000,5000,Attentive CNP + PE,m2,0,108,continuum_2200_2400,40,0,9093,10.764936526415706,13.320298041130357
seed20260910_n5000,5000,Attentive CNP + PE,m2,0,108,FE,5,1,8709,11.455146154529869,14.528191252084305
seed20260910_n5000,5000,Attentive CNP + PE,m2,0,108,sparse_tail,13,47,68,33.03848065910007,36.43246645290538
seed20260910_n5000,5000,Attentive CNP + PE,m2,0,109,full,442,58,114299,12.21584792654722,15.666387876002258
seed20260910_n5000,5000,Attentive CNP + PE,m2,0,109,DEP,6,0,1323,11.086852631547812,11.8520380714752
seed20260910_n5000,5000,Attentive CNP + PE,m2,0,109,feature_1620kev,6,0,1361,6.024790879586187,7.663868028643731
seed20260910_n5000,5000,Attentive CNP + PE,m2,0,109,continuum_1700_2000,60,0,8230,11.295967621925772,13.696462392117336
seed20260910_n5000,5000,Attentive CNP + PE,m2,0,109,SE,6,0,2023,11.267718254970271,12.385516330744831
seed20260910_n5000,5000,Attentive CNP + PE,m2,0,109,continuum_2200_2400,40,0,9093,10.673801949100902,13.83667484362249
seed20260910_n5000,5000,Attentive CNP + PE,m2,0,109,FE,5,1,8709,10.268839006990165,12.907728229448502
seed20260910_n5000,5000,Attentive CNP + PE,m2,0,109,sparse_tail,13,47,68,29.286488126739947,32.65149842930924
seed20260910_n5000,5000,Attentive CNP + PE,m2,1,100,full,442,58,114299,13.806122648827571,17.301759381245176
seed20260910_n5000,5000,Attentive CNP + PE,m2,1,100,DEP,6,0,1323,13.969295417778769,16.26442841917778
seed20260910_n5000,5000,Attentive CNP + PE,m2,1,100,feature_1620kev,6,0,1361,9.039872084061958,9.355127838848366
seed20260910_n5000,5000,Attentive CNP + PE,m2,1,100,continuum_1700_2000,60,0,8230,13.146780299445785,15.76562801163094
seed20260910_n5000,5000,Attentive CNP + PE,m2,1,100,SE,6,0,2023,10.951760026165173,12.930903768104809
seed20260910_n5000,5000,Attentive CNP + PE,m2,1,100,continuum_2200_2400,40,0,9093,12.421894960393312,15.422311496439859
seed20260910_n5000,5000,Attentive CNP + PE,m2,1,100,FE,5,1,8709,7.662873291436213,9.900289147850016
seed20260910_n5000,5000,Attentive CNP + PE,m2,1,100,sparse_tail,13,47,68,33.01080693400879,35.86056723737809
seed20260910_n5000,5000,Attentive CNP + PE,m2,1,101,full,442,58,114299,13.36327618499142,16.90474367041547
seed20260910_n5000,5000,Attentive CNP + PE,m2,1,101,DEP,6,0,1323,13.31744092359789,14.943161928839169
seed20260910_n5000,5000,Attentive CNP + PE,m2,1,101,feature_1620kev,6,0,1361,8.935398739517272,9.40176148501419
seed20260910_n5000,5000,Attentive CNP + PE,m2,1,101,continuum_1700_2000,60,0,8230,12.713168573752256,15.319044178275517
seed20260910_n5000,5000,Attentive CNP + PE,m2,1,101,SE,6,0,2023,11.471362853484337,13.297525511937245
seed20260910_n5000,5000,Attentive CNP + PE,m2,1,101,continuum_2200_2400,40,0,9093,11.771694245191744,14.948436436852935
seed20260910_n5000,5000,Attentive CNP + PE,m2,1,101,FE,5,1,8709,7.955231884715065,10.386107992784261
seed20260910_n5000,5000,Attentive CNP + PE,m2,1,101,sparse_tail,13,47,68,32.57173052770375,35.636767632059474
seed20260910_n5000,5000,Attentive CNP + PE,m2,1,102,full,442,58,114299,13.734784416635854,17.239075516363048
seed20260910_n5000,5000,Attentive CNP + PE,m2,1,102,DEP,6,0,1323,13.862175492743646,15.915750850166937
seed20260910_n5000,5000,Attentive CNP + PE,m2,1,102,feature_1620kev,6,0,1361,9.316380735662479,9.700245371674516
seed20260910_n5000,5000,Attentive CNP + PE,m2,1,102,continuum_1700_2000,60,0,8230,13.106685554868685,15.760840434668799
seed20260910_n5000,5000,Attentive CNP + PE,m2,1,102,SE,6,0,2023,11.77396250025835,13.47457472791969
seed20260910_n5000,5000,Attentive CNP + PE,m2,1,102,continuum_2200_2400,40,0,9093,12.47273997709514,15.508625413195375
seed20260910_n5000,5000,Attentive CNP + PE,m2,1,102,FE,5,1,8709,7.962192584121107,10.166513875521161
seed20260910_n5000,5000,Attentive CNP + PE,m2,1,102,sparse_tail,13,47,68,31.763389742142266,34.870167028584426
seed20260910_n5000,5000,Attentive CNP + PE,m2,1,103,full,442,58,114299,13.079332104076727,16.740348197832482
seed20260910_n5000,5000,Attentive CNP + PE,m2,1,103,DEP,6,0,1323,13.102144185357655,14.30678929856595
seed20260910_n5000,5000,Attentive CNP + PE,m2,1,103,feature_1620kev,6,0,1361,8.106746518994278,8.69821619750772
seed20260910_n5000,5000,Attentive CNP + PE,m2,1,103,continuum_1700_2000,60,0,8230,12.157474169612033,14.666012477314
seed20260910_n5000,5000,Attentive CNP + PE,m2,1,103,SE,6,0,2023,11.142520680495945,12.881710983242268
seed20260910_n5000,5000,Attentive CNP + PE,m2,1,103,continuum_2200_2400,40,0,9093,10.88371174662139,14.2469170673745
seed20260910_n5000,5000,Attentive CNP + PE,m2,1,103,FE,5,1,8709,7.377222710717504,10.524550962489238
seed20260910_n5000,5000,Attentive CNP + PE,m2,1,103,sparse_tail,13,47,68,36.33879596228774,39.192539635707625
seed20260910_n5000,5000,Attentive CNP + PE,m2,1,104,full,442,58,114299,13.252208240021673,16.88386107186016
seed20260910_n5000,5000,Attentive CNP + PE,m2,1,104,DEP,6,0,1323,13.209999682693352,14.568080832697802
seed20260910_n5000,5000,Attentive CNP + PE,m2,1,104,feature_1620kev,6,0,1361,8.330751646188677,8.828515257772878
seed20260910_n5000,5000,Attentive CNP + PE,m2,1,104,continuum_1700_2000,60,0,8230,12.340596252997328,14.846634282104532
seed20260910_n5000,5000,Attentive CNP + PE,m2,1,104,SE,6,0,2023,11.183466404145836,12.865910998710378
seed20260910_n5000,5000,Attentive CNP + PE,m2,1,104,continuum_2200_2400,40,0,9093,11.147872355269453,14.482175785857828
seed20260910_n5000,5000,Attentive CNP + PE,m2,1,104,FE,5,1,8709,7.511413970958711,10.40563365260657
seed20260910_n5000,5000,Attentive CNP + PE,m2,1,104,sparse_tail,13,47,68,36.43480327870996,39.18580526580181
seed20260910_n5000,5000,Attentive CNP + PE,m2,1,105,full,442,58,114299,13.26270250503929,16.913096903316692
seed20260910_n5000,5000,Attentive CNP + PE,m2,1,105,DEP,6,0,1323,13.45765868863928,14.95548111816643
seed20260910_n5000,5000,Attentive CNP + PE,m2,1,105,feature_1620kev,6,0,1361,8.282537949187956,8.770528778065003
seed20260910_n5000,5000,Attentive CNP + PE,m2,1,105,continuum_1700_2000,60,0,8230,12.28348636218145,14.802346028292224
seed20260910_n5000,5000,Attentive CNP + PE,m2,1,105,SE,6,0,2023,11.122954118227392,12.822436056691286
seed20260910_n5000,5000,Attentive CNP + PE,m2,1,105,continuum_2200_2400,40,0,9093,11.050425048698937,14.437592739736042
seed20260910_n5000,5000,Attentive CNP + PE,m2,1,105,FE,5,1,8709,7.258690107692452,10.294415734107968
seed20260910_n5000,5000,Attentive CNP + PE,m2,1,105,sparse_tail,13,47,68,36.62555950989289,39.34964903280117
seed20260910_n5000,5000,Attentive CNP + PE,m2,1,106,full,442,58,114299,13.499702262898094,17.040260978380537
seed20260910_n5000,5000,Attentive CNP + PE,m2,1,106,DEP,6,0,1323,13.676425241868431,15.437933409119031
seed20260910_n5000,5000,Attentive CNP + PE,m2,1,106,feature_1620kev,6,0,1361,8.845678870513595,9.253364897168142
seed20260910_n5000,5000,Attentive CNP + PE,m2,1,106,continuum_1700_2000,60,0,8230,12.702830522159465,15.32181561375465
seed20260910_n5000,5000,Attentive CNP + PE,m2,1,106,SE,6,0,2023,11.211966152553991,13.118187572698611
seed20260910_n5000,5000,Attentive CNP + PE,m2,1,106,continuum_2200_2400,40,0,9093,11.839692641071604,15.016019006295748
seed20260910_n5000,5000,Attentive CNP + PE,m2,1,106,FE,5,1,8709,7.777560864248794,10.23830052811115
seed20260910_n5000,5000,Attentive CNP + PE,m2,1,106,sparse_tail,13,47,68,33.4412641581106,36.41449368308567
seed20260910_n5000,5000,Attentive CNP + PE,m2,1,107,full,442,58,114299,13.239766263242897,16.85342275542886
seed20260910_n5000,5000,Attentive CNP + PE,m2,1,107,DEP,6,0,1323,13.31087543447628,14.725044891855834
seed20260910_n5000,5000,Attentive CNP + PE,m2,1,107,feature_1620kev,6,0,1361,8.352693327404115,8.811129212080482
seed20260910_n5000,5000,Attentive CNP + PE,m2,1,107,continuum_1700_2000,60,0,8230,12.371515710956915,14.895019684748057
seed20260910_n5000,5000,Attentive CNP + PE,m2,1,107,SE,6,0,2023,11.064468585067377,12.857456974824204
seed20260910_n5000,5000,Attentive CNP + PE,m2,1,107,continuum_2200_2400,40,0,9093,11.178770043655947,14.503359331746344
seed20260910_n5000,5000,Attentive CNP + PE,m2,1,107,FE,5,1,8709,7.423685260294792,10.265572102345534
seed20260910_n5000,5000,Attentive CNP + PE,m2,1,107,sparse_tail,13,47,68,35.70011058094257,38.56442322245668
seed20260910_n5000,5000,Attentive CNP + PE,m2,1,108,full,442,58,114299,13.041590684773935,16.68144565798997
seed20260910_n5000,5000,Attentive CNP + PE,m2,1,108,DEP,6,0,1323,12.962999501567433,14.097074667148762
seed20260910_n5000,5000,Attentive CNP + PE,m2,1,108,feature_1620kev,6,0,1361,8.273889754385374,8.9127325156669
seed20260910_n5000,5000,Attentive CNP + PE,m2,1,108,continuum_1700_2000,60,0,8230,12.208506180081269,14.740769926291689
seed20260910_n5000,5000,Attentive CNP + PE,m2,1,108,SE,6,0,2023,11.155689284744144,13.028940883764605
seed20260910_n5000,5000,Attentive CNP + PE,m2,1,108,continuum_2200_2400,40,0,9093,10.942453403785404,14.243421784480494
seed20260910_n5000,5000,Attentive CNP + PE,m2,1,108,FE,5,1,8709,7.600040622021879,10.59243063357926
seed20260910_n5000,5000,Attentive CNP + PE,m2,1,108,sparse_tail,13,47,68,35.48091002429625,38.384203847795995
seed20260910_n5000,5000,Attentive CNP + PE,m2,1,109,full,442,58,114299,13.589158595054531,17.122992574326904
seed20260910_n5000,5000,Attentive CNP + PE,m2,1,109,DEP,6,0,1323,13.681785783601727,15.571691707336258
seed20260910_n5000,5000,Attentive CNP + PE,m2,1,109,feature_1620kev,6,0,1361,8.833939975411724,9.179892137687473
seed20260910_n5000,5000,Attentive CNP + PE,m2,1,109,continuum_1700_2000,60,0,8230,12.831756697502653,15.460757844103243
seed20260910_n5000,5000,Attentive CNP + PE,m2,1,109,SE,6,0,2023,11.164225476967715,13.085290174014014
seed20260910_n5000,5000,Attentive CNP + PE,m2,1,109,continuum_2200_2400,40,0,9093,12.009025638158857,15.146189302361659
seed20260910_n5000,5000,Attentive CNP + PE,m2,1,109,FE,5,1,8709,7.868681043525269,10.304886785051897
seed20260910_n5000,5000,Attentive CNP + PE,m2,1,109,sparse_tail,13,47,68,33.342832959562244,36.34333774355614
seed20260910_n5000,5000,Attentive CNP + PE,m2,2,100,full,442,58,114299,12.132314119661507,15.7764756915937
seed20260910_n5000,5000,Attentive CNP + PE,m2,2,100,DEP,6,0,1323,11.778749530468408,13.287560233606
seed20260910_n5000,5000,Attentive CNP + PE,m2,2,100,feature_1620kev,6,0,1361,8.973997203447748,9.484831193455678
seed20260910_n5000,5000,Attentive CNP + PE,m2,2,100,continuum_1700_2000,60,0,8230,11.182924402402715,13.84349759580384
seed20260910_n5000,5000,Attentive CNP + PE,m2,2,100,SE,6,0,2023,10.48587141647921,12.273980565673027
seed20260910_n5000,5000,Attentive CNP + PE,m2,2,100,continuum_2200_2400,40,0,9093,9.909948538963679,12.655492472774593
seed20260910_n5000,5000,Attentive CNP + PE,m2,2,100,FE,5,1,8709,7.209668112951021,10.21441421786831
seed20260910_n5000,5000,Attentive CNP + PE,m2,2,100,sparse_tail,13,47,68,26.483598812649824,31.01819897892134
seed20260910_n5000,5000,Attentive CNP + PE,m2,2,101,full,442,58,114299,12.07619996913207,15.776053163432682
seed20260910_n5000,5000,Attentive CNP + PE,m2,2,101,DEP,6,0,1323,11.668195969269542,12.873666040615287
seed20260910_n5000,5000,Attentive CNP + PE,m2,2,101,feature_1620kev,6,0,1361,9.305290279897015,9.817212416375872
seed20260910_n5000,5000,Attentive CNP + PE,m2,2,101,continuum_1700_2000,60,0,8230,11.24151446581718,14.062081577413043
seed20260910_n5000,5000,Attentive CNP + PE,m2,2,101,SE,6,0,2023,10.216549303018434,12.546697178775764
seed20260910_n5000,5000,Attentive CNP + PE,m2,2,101,continuum_2200_2400,40,0,9093,9.776845856822293,12.798734997479478
seed20260910_n5000,5000,Attentive CNP + PE,m2,2,101,FE,5,1,8709,7.702110433453504,10.063934433187272
seed20260910_n5000,5000,Attentive CNP + PE,m2,2,101,sparse_tail,13,47,68,27.203183873518782,31.81232396096045
seed20260910_n5000,5000,Attentive CNP + PE,m2,2,102,full,442,58,114299,12.136494995301746,15.812043109089371
seed20260910_n5000,5000,Attentive CNP + PE,m2,2,102,DEP,6,0,1323,11.879272281041587,13.371391493416972
seed20260910_n5000,5000,Attentive CNP + PE,m2,2,102,feature_1620kev,6,0,1361,9.074764415139764,9.586075590390596
seed20260910_n5000,5000,Attentive CNP + PE,m2,2,102,continuum_1700_2000,60,0,8230,11.499213622423134,14.20532909719546
seed20260910_n5000,5000,Attentive CNP + PE,m2,2,102,SE,6,0,2023,10.584525117156222,12.410270305564458
seed20260910_n5000,5000,Attentive CNP + PE,m2,2,102,continuum_2200_2400,40,0,9093,10.024731175991922,13.020556199431743
seed20260910_n5000,5000,Attentive CNP + PE,m2,2,102,FE,5,1,8709,7.000849395214423,9.388920596157897
seed20260910_n5000,5000,Attentive CNP + PE,m2,2,102,sparse_tail,13,47,68,26.098703399989066,30.67854620290611
seed20260910_n5000,5000,Attentive CNP + PE,m2,2,103,full,442,58,114299,11.764357698823428,15.533372833911832
seed20260910_n5000,5000,Attentive CNP + PE,m2,2,103,DEP,6,0,1323,11.410406314430986,12.356672004866125
seed20260910_n5000,5000,Attentive CNP + PE,m2,2,103,feature_1620kev,6,0,1361,7.749726178327314,8.072544739893829
seed20260910_n5000,5000,Attentive CNP + PE,m2,2,103,continuum_1700_2000,60,0,8230,10.357608241469093,13.277023975075842
seed20260910_n5000,5000,Attentive CNP + PE,m2,2,103,SE,6,0,2023,10.220939063332183,12.873185900317294
seed20260910_n5000,5000,Attentive CNP + PE,m2,2,103,continuum_2200_2400,40,0,9093,9.290813978011474,12.068123936790405
seed20260910_n5000,5000,Attentive CNP + PE,m2,2,103,FE,5,1,8709,7.862200038340745,11.700615255914313
seed20260910_n5000,5000,Attentive CNP + PE,m2,2,103,sparse_tail,13,47,68,29.8514134564418,34.14866919442023
seed20260910_n5000,5000,Attentive CNP + PE,m2,2,104,full,442,58,114299,11.812041677474701,15.513954608851712
seed20260910_n5000,5000,Attentive CNP + PE,m2,2,104,DEP,6,0,1323,11.33812746466749,12.345113915627257
seed20260910_n5000,5000,Attentive CNP + PE,m2,2,104,feature_1620kev,6,0,1361,8.601933486346981,8.964746101018315
seed20260910_n5000,5000,Attentive CNP + PE,m2,2,104,continuum_1700_2000,60,0,8230,10.847333925394379,13.587395307976113
seed20260910_n5000,5000,Attentive CNP + PE,m2,2,104,SE,6,0,2023,10.28137311395929,12.706847541470449
seed20260910_n5000,5000,Attentive CNP + PE,m2,2,104,continuum_2200_2400,40,0,9093,9.389588226609611,12.15053432238921
seed20260910_n5000,5000,Attentive CNP + PE,m2,2,104,FE,5,1,8709,7.563983707294734,11.23042754643266
seed20260910_n5000,5000,Attentive CNP + PE,m2,2,104,sparse_tail,13,47,68,28.491088336127707,33.01505210384529
seed20260910_n5000,5000,Attentive CNP + PE,m2,2,105,full,442,58,114299,11.841212873257572,15.556839046592625
seed20260910_n5000,5000,Attentive CNP + PE,m2,2,105,DEP,6,0,1323,11.403937385124742,12.429031432310344
seed20260910_n5000,5000,Attentive CNP + PE,m2,2,105,feature_1620kev,6,0,1361,8.533278508575314,8.872765149521749
seed20260910_n5000,5000,Attentive CNP + PE,m2,2,105,continuum_1700_2000,60,0,8230,10.75308413481929,13.572000726584776
seed20260910_n5000,5000,Attentive CNP + PE,m2,2,105,SE,6,0,2023,10.177971180087724,12.77018007651003
seed20260910_n5000,5000,Attentive CNP + PE,m2,2,105,continuum_2200_2400,40,0,9093,9.470525910857573,12.25546482510795
seed20260910_n5000,5000,Attentive CNP + PE,m2,2,105,FE,5,1,8709,7.624399466325799,11.096220736840689
seed20260910_n5000,5000,Attentive CNP + PE,m2,2,105,sparse_tail,13,47,68,28.770351619104122,33.25948127528464
seed20260910_n5000,5000,Attentive CNP + PE,m2,2,106,full,442,58,114299,11.873691171321113,15.578557461623562
seed20260910_n5000,5000,Attentive CNP + PE,m2,2,106,DEP,6,0,1323,11.606754343570898,12.666916464626468
seed20260910_n5000,5000,Attentive CNP + PE,m2,2,106,feature_1620kev,6,0,1361,8.46086871663095,8.81442795646883
seed20260910_n5000,5000,Attentive CNP + PE,m2,2,106,continuum_1700_2000,60,0,8230,10.833476516274244,13.680770587938444
seed20260910_n5000,5000,Attentive CNP + PE,m2,2,106,SE,6,0,2023,10.065614359845947,12.617860049036732
seed20260910_n5000,5000,Attentive CNP + PE,m2,2,106,continuum_2200_2400,40,0,9093,9.594749081769939,12.503579159478049
seed20260910_n5000,5000,Attentive CNP + PE,m2,2,106,FE,5,1,8709,7.257256950662196,10.410545528541668
seed20260910_n5000,5000,Attentive CNP + PE,m2,2,106,sparse_tail,13,47,68,28.13020854053446,32.604113045046354
seed20260910_n5000,5000,Attentive CNP + PE,m2,2,107,full,442,58,114299,11.775647146773732,15.491912911281164
seed20260910_n5000,5000,Attentive CNP + PE,m2,2,107,DEP,6,0,1323,11.510514834225168,12.609630364001353
seed20260910_n5000,5000,Attentive CNP + PE,m2,2,107,feature_1620kev,6,0,1361,8.562813281880526,8.882577449943133
seed20260910_n5000,5000,Attentive CNP + PE,m2,2,107,continuum_1700_2000,60,0,8230,10.880764152612853,13.641412480796447
seed20260910_n5000,5000,Attentive CNP + PE,m2,2,107,SE,6,0,2023,10.367732408690584,12.696880145224856
seed20260910_n5000,5000,Attentive CNP + PE,m2,2,107,continuum_2200_2400,40,0,9093,9.375525633049856,12.208164418746959
seed20260910_n5000,5000,Attentive CNP + PE,m2,2,107,FE,5,1,8709,7.258213736872499,10.765676653914797
seed20260910_n5000,5000,Attentive CNP + PE,m2,2,107,sparse_tail,13,47,68,28.188946303155653,32.67062179592497
seed20260910_n5000,5000,Attentive CNP + PE,m2,2,108,full,442,58,114299,11.831266711962945,15.538408653911306
seed20260910_n5000,5000,Attentive CNP + PE,m2,2,108,DEP,6,0,1323,11.324918033626837,12.324457406512806
seed20260910_n5000,5000,Attentive CNP + PE,m2,2,108,feature_1620kev,6,0,1361,8.831422957316848,9.24568705847418
seed20260910_n5000,5000,Attentive CNP + PE,m2,2,108,continuum_1700_2000,60,0,8230,10.863273315751881,13.572485266788478
seed20260910_n5000,5000,Attentive CNP + PE,m2,2,108,SE,6,0,2023,10.447136518458334,12.900492630467749
seed20260910_n5000,5000,Attentive CNP + PE,m2,2,108,continuum_2200_2400,40,0,9093,9.387706415503617,12.119223415326182
seed20260910_n5000,5000,Attentive CNP + PE,m2,2,108,FE,5,1,8709,7.857785920935749,11.087383775630803
seed20260910_n5000,5000,Attentive CNP + PE,m2,2,108,sparse_tail,13,47,68,28.659741842057052,33.19437677367728
seed20260910_n5000,5000,Attentive CNP + PE,m2,2,109,full,442,58,114299,12.097983031771976,15.763358965790438
seed20260910_n5000,5000,Attentive CNP + PE,m2,2,109,DEP,6,0,1323,11.835358322260719,13.358788305584145
seed20260910_n5000,5000,Attentive CNP + PE,m2,2,109,feature_1620kev,6,0,1361,8.933087858253955,9.456515260726373
seed20260910_n5000,5000,Attentive CNP + PE,m2,2,109,continuum_1700_2000,60,0,8230,11.399120616018909,14.05850300779495
seed20260910_n5000,5000,Attentive CNP + PE,m2,2,109,SE,6,0,2023,10.555744136935756,12.298550414083902
seed20260910_n5000,5000,Attentive CNP + PE,m2,2,109,continuum_2200_2400,40,0,9093,9.935803935718752,12.828102990061835
seed20260910_n5000,5000,Attentive CNP + PE,m2,2,109,FE,5,1,8709,7.042949395248786,9.757279360839524
seed20260910_n5000,5000,Attentive CNP + PE,m2,2,109,sparse_tail,13,47,68,26.39262872610086,30.903714811403994
seed20260910_n5000,5000,Density-guided CNP (ours),ours,0,100,full,442,58,114299,5.709096805243255,7.9674429093566355
seed20260910_n5000,5000,Density-guided CNP (ours),ours,0,100,DEP,6,0,1323,3.360076624840219,4.209727437389632
seed20260910_n5000,5000,Density-guided CNP (ours),ours,0,100,feature_1620kev,6,0,1361,2.7856457529280094,3.566903346869294
seed20260910_n5000,5000,Density-guided CNP (ours),ours,0,100,continuum_1700_2000,60,0,8230,4.705809711868296,5.703102326722421
seed20260910_n5000,5000,Density-guided CNP (ours),ours,0,100,SE,6,0,2023,7.525979491140318,9.088123686965838
seed20260910_n5000,5000,Density-guided CNP (ours),ours,0,100,continuum_2200_2400,40,0,9093,4.749152009241316,5.834854407127834
seed20260910_n5000,5000,Density-guided CNP (ours),ours,0,100,FE,5,1,8709,6.358006240222901,9.380797939581937
seed20260910_n5000,5000,Density-guided CNP (ours),ours,0,100,sparse_tail,13,47,68,22.455707058340415,25.792295900511665
seed20260910_n5000,5000,Density-guided CNP (ours),ours,0,101,full,442,58,114299,5.198166182214681,6.770540944013197
seed20260910_n5000,5000,Density-guided CNP (ours),ours,0,101,DEP,6,0,1323,2.9975071182792967,3.6431945880978907
seed20260910_n5000,5000,Density-guided CNP (ours),ours,0,101,feature_1620kev,6,0,1361,3.135035160409474,4.249467738749207
seed20260910_n5000,5000,Density-guided CNP (ours),ours,0,101,continuum_1700_2000,60,0,8230,4.85150414341072,5.827378023079793
seed20260910_n5000,5000,Density-guided CNP (ours),ours,0,101,SE,6,0,2023,7.576878716632125,9.14649899016533
seed20260910_n5000,5000,Density-guided CNP (ours),ours,0,101,continuum_2200_2400,40,0,9093,4.701866569888772,5.784913432429663
seed20260910_n5000,5000,Density-guided CNP (ours),ours,0,101,FE,5,1,8709,5.820303654202609,7.699634227236498
seed20260910_n5000,5000,Density-guided CNP (ours),ours,0,101,sparse_tail,13,47,68,9.95581038465589,13.755134362130523
seed20260910_n5000,5000,Density-guided CNP (ours),ours,0,102,full,442,58,114299,5.235373796370352,6.916027387004732
seed20260910_n5000,5000,Density-guided CNP (ours),ours,0,102,DEP,6,0,1323,3.184727831477683,3.929093730790235
seed20260910_n5000,5000,Density-guided CNP (ours),ours,0,102,feature_1620kev,6,0,1361,2.745195400390246,3.79563318822691
seed20260910_n5000,5000,Density-guided CNP (ours),ours,0,102,continuum_1700_2000,60,0,8230,4.761885487543039,5.735716143194956
seed20260910_n5000,5000,Density-guided CNP (ours),ours,0,102,SE,6,0,2023,7.531640831207103,9.084838841014523
seed20260910_n5000,5000,Density-guided CNP (ours),ours,0,102,continuum_2200_2400,40,0,9093,4.738611233925316,5.818616646106609
seed20260910_n5000,5000,Density-guided CNP (ours),ours,0,102,FE,5,1,8709,4.999510266153457,8.072134730489728
seed20260910_n5000,5000,Density-guided CNP (ours),ours,0,102,sparse_tail,13,47,68,11.588353818346436,15.489716141374728
seed20260910_n5000,5000,Density-guided CNP (ours),ours,0,103,full,442,58,114299,6.05253917844287,9.20580784848426
seed20260910_n5000,5000,Density-guided CNP (ours),ours,0,103,DEP,6,0,1323,3.3346870747182655,4.1822205719231444
seed20260910_n5000,5000,Density-guided CNP (ours),ours,0,103,feature_1620kev,6,0,1361,2.783468535932033,3.58720696879409
seed20260910_n5000,5000,Density-guided CNP (ours),ours,0,103,continuum_1700_2000,60,0,8230,4.768999828970929,5.740913390349637
seed20260910_n5000,5000,Density-guided CNP (ours),ours,0,103,SE,6,0,2023,7.563239888452679,9.162992217375656
seed20260910_n5000,5000,Density-guided CNP (ours),ours,0,103,continuum_2200_2400,40,0,9093,4.720369896209114,5.813595619119181
seed20260910_n5000,5000,Density-guided CNP (ours),ours,0,103,FE,5,1,8709,5.8722555158824035,9.115985562562994
seed20260910_n5000,5000,Density-guided CNP (ours),ours,0,103,sparse_tail,13,47,68,36.06617212088663,37.786961148667025
seed20260910_n5000,5000,Density-guided CNP (ours),ours,0,104,full,442,58,114299,5.328951507328667,7.321350919087552
seed20260910_n5000,5000,Density-guided CNP (ours),ours,0,104,DEP,6,0,1323,2.9649427322986535,3.604445799172198
seed20260910_n5000,5000,Density-guided CNP (ours),ours,0,104,feature_1620kev,6,0,1361,3.2430559499001608,4.3460714587043086
seed20260910_n5000,5000,Density-guided CNP (ours),ours,0,104,continuum_1700_2000,60,0,8230,4.843550523746972,5.822444695010789
seed20260910_n5000,5000,Density-guided CNP (ours),ours,0,104,SE,6,0,2023,7.567345834935936,9.13533751383592
seed20260910_n5000,5000,Density-guided CNP (ours),ours,0,104,continuum_2200_2400,40,0,9093,4.70422953728342,5.780339053608586
seed20260910_n5000,5000,Density-guided CNP (ours),ours,0,104,FE,5,1,8709,5.015775076552916,7.976025126702059
seed20260910_n5000,5000,Density-guided CNP (ours),ours,0,104,sparse_tail,13,47,68,14.319381114156164,20.12373342516885
seed20260910_n5000,5000,Density-guided CNP (ours),ours,0,105,full,442,58,114299,6.1918747900974,9.579415232663678
seed20260910_n5000,5000,Density-guided CNP (ours),ours,0,105,DEP,6,0,1323,3.225029724078369,4.000150091671358
seed20260910_n5000,5000,Density-guided CNP (ours),ours,0,105,feature_1620kev,6,0,1361,2.7602018334897855,3.736647344956026
seed20260910_n5000,5000,Density-guided CNP (ours),ours,0,105,continuum_1700_2000,60,0,8230,4.799543210850364,5.767042945650162
seed20260910_n5000,5000,Density-guided CNP (ours),ours,0,105,SE,6,0,2023,7.568488322983824,9.152207734435654
seed20260910_n5000,5000,Density-guided CNP (ours),ours,0,105,continuum_2200_2400,40,0,9093,4.753500766009351,5.846213222716851
seed20260910_n5000,5000,Density-guided CNP (ours),ours,0,105,FE,5,1,8709,7.0922110177871245,9.773836545380984
seed20260910_n5000,5000,Density-guided CNP (ours),ours,0,105,sparse_tail,13,47,68,38.54573906555826,40.04197719853101
seed20260910_n5000,5000,Density-guided CNP (ours),ours,0,106,full,442,58,114299,5.361798849897653,7.356316167994987
seed20260910_n5000,5000,Density-guided CNP (ours),ours,0,106,DEP,6,0,1323,3.185397156722667,3.926110541758972
seed20260910_n5000,5000,Density-guided CNP (ours),ours,0,106,feature_1620kev,6,0,1361,2.7463989244546347,3.789581202699771
seed20260910_n5000,5000,Density-guided CNP (ours),ours,0,106,continuum_1700_2000,60,0,8230,4.802709004773056,5.772047469988129
seed20260910_n5000,5000,Density-guided CNP (ours),ours,0,106,SE,6,0,2023,7.567810113173233,9.164953185735461
seed20260910_n5000,5000,Density-guided CNP (ours),ours,0,106,continuum_2200_2400,40,0,9093,4.7132944609988305,5.798503494041144
seed20260910_n5000,5000,Density-guided CNP (ours),ours,0,106,FE,5,1,8709,5.530923866433792,8.806224947371563
seed20260910_n5000,5000,Density-guided CNP (ours),ours,0,106,sparse_tail,13,47,68,14.33768135502797,20.027949042399502
seed20260910_n5000,5000,Density-guided CNP (ours),ours,0,107,full,442,58,114299,6.019930762643695,9.288908526677405
seed20260910_n5000,5000,Density-guided CNP (ours),ours,0,107,DEP,6,0,1323,3.0522803612876666,3.712432233005641
seed20260910_n5000,5000,Density-guided CNP (ours),ours,0,107,feature_1620kev,6,0,1361,3.0334141098970435,4.159962551572897
seed20260910_n5000,5000,Density-guided CNP (ours),ours,0,107,continuum_1700_2000,60,0,8230,4.842572281099257,5.81719430913169
seed20260910_n5000,5000,Density-guided CNP (ours),ours,0,107,SE,6,0,2023,7.574451912536113,9.151969837484518
seed20260910_n5000,5000,Density-guided CNP (ours),ours,0,107,continuum_2200_2400,40,0,9093,4.692739828458723,5.767792722363868
seed20260910_n5000,5000,Density-guided CNP (ours),ours,0,107,FE,5,1,8709,5.128322892406496,8.072088847519225
seed20260910_n5000,5000,Density-guided CNP (ours),ours,0,107,sparse_tail,13,47,68,37.01198889918816,38.71565788139728
seed20260910_n5000,5000,Density-guided CNP (ours),ours,0,108,full,442,58,114299,5.262224724600858,7.135989588507447
seed20260910_n5000,5000,Density-guided CNP (ours),ours,0,108,DEP,6,0,1323,3.137668380323163,3.8440069503308
seed20260910_n5000,5000,Density-guided CNP (ours),ours,0,108,feature_1620kev,6,0,1361,2.724963549229877,3.8879147162864656
seed20260910_n5000,5000,Density-guided CNP (ours),ours,0,108,continuum_1700_2000,60,0,8230,4.8123381670632375,5.785835019061373
seed20260910_n5000,5000,Density-guided CNP (ours),ours,0,108,SE,6,0,2023,7.573294503560232,9.157307330057545
seed20260910_n5000,5000,Density-guided CNP (ours),ours,0,108,continuum_2200_2400,40,0,9093,4.694854212537984,5.773226429183192
seed20260910_n5000,5000,Density-guided CNP (ours),ours,0,108,FE,5,1,8709,4.851741348205306,7.580714140813126
seed20260910_n5000,5000,Density-guided CNP (ours),ours,0,108,sparse_tail,13,47,68,13.141941055233383,18.478186215319305
seed20260910_n5000,5000,Density-guided CNP (ours),ours,0,109,full,442,58,114299,5.976978582481988,9.032393337765491
seed20260910_n5000,5000,Density-guided CNP (ours),ours,0,109,DEP,6,0,1323,3.1983436375953023,3.937950089938652
seed20260910_n5000,5000,Density-guided CNP (ours),ours,0,109,feature_1620kev,6,0,1361,2.7506792362041828,3.7632088115905544
seed20260910_n5000,5000,Density-guided CNP (ours),ours,0,109,continuum_1700_2000,60,0,8230,4.773675808785877,5.7398915194142575
seed20260910_n5000,5000,Density-guided CNP (ours),ours,0,109,SE,6,0,2023,7.564288021543743,9.155200969770865
seed20260910_n5000,5000,Density-guided CNP (ours),ours,0,109,continuum_2200_2400,40,0,9093,4.731700987629291,5.825570732748043
seed20260910_n5000,5000,Density-guided CNP (ours),ours,0,109,FE,5,1,8709,6.100560399893204,9.294544029260383
seed20260910_n5000,5000,Density-guided CNP (ours),ours,0,109,sparse_tail,13,47,68,34.566768167981195,36.37870581567845
seed20260910_n5000,5000,Density-guided CNP (ours),ours,1,100,full,442,58,114299,5.937198272691437,7.907292569349951
seed20260910_n5000,5000,Density-guided CNP (ours),ours,1,100,DEP,6,0,1323,4.549580084612461,5.337715979727017
seed20260910_n5000,5000,Density-guided CNP (ours),ours,1,100,feature_1620kev,6,0,1361,2.662739027058478,3.5144039120375288
seed20260910_n5000,5000,Density-guided CNP (ours),ours,1,100,continuum_1700_2000,60,0,8230,4.2095280370875825,5.293799881112124
seed20260910_n5000,5000,Density-guided CNP (ours),ours,1,100,SE,6,0,2023,6.774181352778537,8.094473293801059
seed20260910_n5000,5000,Density-guided CNP (ours),ours,1,100,continuum_2200_2400,40,0,9093,4.400559804131307,5.362966709065814
seed20260910_n5000,5000,Density-guided CNP (ours),ours,1,100,FE,5,1,8709,7.963656355134534,9.70041509448226
seed20260910_n5000,5000,Density-guided CNP (ours),ours,1,100,sparse_tail,13,47,68,14.898650883740794,18.010496863455476
seed20260910_n5000,5000,Density-guided CNP (ours),ours,1,101,full,442,58,114299,5.322681452068874,6.866610345303547
seed20260910_n5000,5000,Density-guided CNP (ours),ours,1,101,DEP,6,0,1323,3.611218367445842,4.040358469180432
seed20260910_n5000,5000,Density-guided CNP (ours),ours,1,101,feature_1620kev,6,0,1361,3.3172574987690857,4.4449444449440945
seed20260910_n5000,5000,Density-guided CNP (ours),ours,1,101,continuum_1700_2000,60,0,8230,4.4650987499277175,5.436581824627655
seed20260910_n5000,5000,Density-guided CNP (ours),ours,1,101,SE,6,0,2023,6.855754190211837,8.257171040325964
seed20260910_n5000,5000,Density-guided CNP (ours),ours,1,101,continuum_2200_2400,40,0,9093,4.150810754737537,5.106626748593359
seed20260910_n5000,5000,Density-guided CNP (ours),ours,1,101,FE,5,1,8709,4.9330053792983115,7.029077916809351
seed20260910_n5000,5000,Density-guided CNP (ours),ours,1,101,sparse_tail,13,47,68,7.005779553294887,9.172260322878895
seed20260910_n5000,5000,Density-guided CNP (ours),ours,1,102,full,442,58,114299,5.4288865674338185,7.045404989848674
seed20260910_n5000,5000,Density-guided CNP (ours),ours,1,102,DEP,6,0,1323,4.093312867054042,4.704149376855651
seed20260910_n5000,5000,Density-guided CNP (ours),ours,1,102,feature_1620kev,6,0,1361,2.6729729295011255,3.788063509947749
seed20260910_n5000,5000,Density-guided CNP (ours),ours,1,102,continuum_1700_2000,60,0,8230,4.314735674615477,5.3287718778923185
seed20260910_n5000,5000,Density-guided CNP (ours),ours,1,102,SE,6,0,2023,6.756759327500547,8.065882168339153
seed20260910_n5000,5000,Density-guided CNP (ours),ours,1,102,continuum_2200_2400,40,0,9093,4.304672335308561,5.253096160779983
seed20260910_n5000,5000,Density-guided CNP (ours),ours,1,102,FE,5,1,8709,6.130767401473571,8.136467431433973
seed20260910_n5000,5000,Density-guided CNP (ours),ours,1,102,sparse_tail,13,47,68,7.221066153078347,10.013787480300195
seed20260910_n5000,5000,Density-guided CNP (ours),ours,1,103,full,442,58,114299,5.898409778497394,7.923044433641474
seed20260910_n5000,5000,Density-guided CNP (ours),ours,1,103,DEP,6,0,1323,4.48812485181903,5.252806452291501
seed20260910_n5000,5000,Density-guided CNP (ours),ours,1,103,feature_1620kev,6,0,1361,2.6218751023069893,3.524421814914912
seed20260910_n5000,5000,Density-guided CNP (ours),ours,1,103,continuum_1700_2000,60,0,8230,4.261589285456897,5.307923964095843
seed20260910_n5000,5000,Density-guided CNP (ours),ours,1,103,SE,6,0,2023,6.968827507058169,8.457628582637728
seed20260910_n5000,5000,Density-guided CNP (ours),ours,1,103,continuum_2200_2400,40,0,9093,4.521910303368082,5.505395791674994
seed20260910_n5000,5000,Density-guided CNP (ours),ours,1,103,FE,5,1,8709,7.699464119770521,9.511445535885226
seed20260910_n5000,5000,Density-guided CNP (ours),ours,1,103,sparse_tail,13,47,68,15.845151459432941,19.311557891875555
seed20260910_n5000,5000,Density-guided CNP (ours),ours,1,104,full,442,58,114299,5.513545264439418,7.285822426214109
seed20260910_n5000,5000,Density-guided CNP (ours),ours,1,104,DEP,6,0,1323,3.55061900928492,3.9630058304753204
seed20260910_n5000,5000,Density-guided CNP (ours),ours,1,104,feature_1620kev,6,0,1361,3.4178029819583866,4.56495306352442
seed20260910_n5000,5000,Density-guided CNP (ours),ours,1,104,continuum_1700_2000,60,0,8230,4.466907243648309,5.436973782966869
seed20260910_n5000,5000,Density-guided CNP (ours),ours,1,104,SE,6,0,2023,6.834408380733974,8.21734664243983
seed20260910_n5000,5000,Density-guided CNP (ours),ours,1,104,continuum_2200_2400,40,0,9093,4.218371787997486,5.1669312927616655
seed20260910_n5000,5000,Density-guided CNP (ours),ours,1,104,FE,5,1,8709,6.44141207375106,8.312617022198236
seed20260910_n5000,5000,Density-guided CNP (ours),ours,1,104,sparse_tail,13,47,68,8.56063367485304,12.581611384788404
seed20260910_n5000,5000,Density-guided CNP (ours),ours,1,105,full,442,58,114299,6.281918285740081,8.830808463281524
seed20260910_n5000,5000,Density-guided CNP (ours),ours,1,105,DEP,6,0,1323,4.182528329683324,4.830676285514455
seed20260910_n5000,5000,Density-guided CNP (ours),ours,1,105,feature_1620kev,6,0,1361,2.611581238802334,3.705502186627689
seed20260910_n5000,5000,Density-guided CNP (ours),ours,1,105,continuum_1700_2000,60,0,8230,4.3286052689120575,5.3424282859671
seed20260910_n5000,5000,Density-guided CNP (ours),ours,1,105,SE,6,0,2023,6.915047930823583,8.359982832517897
seed20260910_n5000,5000,Density-guided CNP (ours),ours,1,105,continuum_2200_2400,40,0,9093,4.43217920622647,5.4047463982384825
seed20260910_n5000,5000,Density-guided CNP (ours),ours,1,105,FE,5,1,8709,8.578999260808887,10.095538156174571
seed20260910_n5000,5000,Density-guided CNP (ours),ours,1,105,sparse_tail,13,47,68,27.429314429995234,29.123329660358543
seed20260910_n5000,5000,Density-guided CNP (ours),ours,1,106,full,442,58,114299,5.661655777687618,7.531331898218766
seed20260910_n5000,5000,Density-guided CNP (ours),ours,1,106,DEP,6,0,1323,4.071074757574328,4.67096320954727
seed20260910_n5000,5000,Density-guided CNP (ours),ours,1,106,feature_1620kev,6,0,1361,2.6850467254363233,3.8000159069504083
seed20260910_n5000,5000,Density-guided CNP (ours),ours,1,106,continuum_1700_2000,60,0,8230,4.33800503396396,5.3470422013149825
seed20260910_n5000,5000,Density-guided CNP (ours),ours,1,106,SE,6,0,2023,6.968181261490174,8.46107830529953
seed20260910_n5000,5000,Density-guided CNP (ours),ours,1,106,continuum_2200_2400,40,0,9093,4.416724588334805,5.386424101897925
seed20260910_n5000,5000,Density-guided CNP (ours),ours,1,106,FE,5,1,8709,7.260606087745611,9.271632435285621
seed20260910_n5000,5000,Density-guided CNP (ours),ours,1,106,sparse_tail,13,47,68,10.526762607661047,14.656624192931888
seed20260910_n5000,5000,Density-guided CNP (ours),ours,1,107,full,442,58,114299,5.869983674470203,7.975507883620478
seed20260910_n5000,5000,Density-guided CNP (ours),ours,1,107,DEP,6,0,1323,3.720021685250441,4.195025472862433
seed20260910_n5000,5000,Density-guided CNP (ours),ours,1,107,feature_1620kev,6,0,1361,3.1710165207359466,4.279686991801527
seed20260910_n5000,5000,Density-guided CNP (ours),ours,1,107,continuum_1700_2000,60,0,8230,4.45057833729774,5.4263629732497805
seed20260910_n5000,5000,Density-guided CNP (ours),ours,1,107,SE,6,0,2023,6.888292102014049,8.317885915821774
seed20260910_n5000,5000,Density-guided CNP (ours),ours,1,107,continuum_2200_2400,40,0,9093,4.244860934822531,5.192309524594374
seed20260910_n5000,5000,Density-guided CNP (ours),ours,1,107,FE,5,1,8709,6.749462639580769,8.618005130903171
seed20260910_n5000,5000,Density-guided CNP (ours),ours,1,107,sparse_tail,13,47,68,19.42485823742725,22.079914802758996
seed20260910_n5000,5000,Density-guided CNP (ours),ours,1,108,full,442,58,114299,5.449893160132478,7.197771521479793
seed20260910_n5000,5000,Density-guided CNP (ours),ours,1,108,DEP,6,0,1323,3.968606226726088,4.527017383103062
seed20260910_n5000,5000,Density-guided CNP (ours),ours,1,108,feature_1620kev,6,0,1361,2.8046748388240754,3.907832574274407
seed20260910_n5000,5000,Density-guided CNP (ours),ours,1,108,continuum_1700_2000,60,0,8230,4.363508981321804,5.361548268453562
seed20260910_n5000,5000,Density-guided CNP (ours),ours,1,108,SE,6,0,2023,6.896712184229719,8.334545183124273
seed20260910_n5000,5000,Density-guided CNP (ours),ours,1,108,continuum_2200_2400,40,0,9093,4.225782333440539,5.173853016061678
seed20260910_n5000,5000,Density-guided CNP (ours),ours,1,108,FE,5,1,8709,5.853253644319056,7.754820711769097
seed20260910_n5000,5000,Density-guided CNP (ours),ours,1,108,sparse_tail,13,47,68,9.527901232649533,13.071903171520741
seed20260910_n5000,5000,Density-guided CNP (ours),ours,1,109,full,442,58,114299,5.706147265066163,7.655753710420762
seed20260910_n5000,5000,Density-guided CNP (ours),ours,1,109,DEP,6,0,1323,4.093016378118847,4.69550618693181
seed20260910_n5000,5000,Density-guided CNP (ours),ours,1,109,feature_1620kev,6,0,1361,2.6402235323793257,3.767609785015886
seed20260910_n5000,5000,Density-guided CNP (ours),ours,1,109,continuum_1700_2000,60,0,8230,4.2961549066477795,5.323639720864909
seed20260910_n5000,5000,Density-guided CNP (ours),ours,1,109,SE,6,0,2023,6.927749316183711,8.380975671140641
seed20260910_n5000,5000,Density-guided CNP (ours),ours,1,109,continuum_2200_2400,40,0,9093,4.479292485670862,5.4561025777856615
seed20260910_n5000,5000,Density-guided CNP (ours),ours,1,109,FE,5,1,8709,7.762651431019216,9.545902524831499
seed20260910_n5000,5000,Density-guided CNP (ours),ours,1,109,sparse_tail,13,47,68,11.669836655223177,16.42939999861963
seed20260910_n5000,5000,Density-guided CNP (ours),ours,2,100,full,442,58,114299,5.722329314027371,7.802314168875345
seed20260910_n5000,5000,Density-guided CNP (ours),ours,2,100,DEP,6,0,1323,5.2786640919932255,6.191514565163582
seed20260910_n5000,5000,Density-guided CNP (ours),ours,2,100,feature_1620kev,6,0,1361,2.889291227849036,3.69170181389821
seed20260910_n5000,5000,Density-guided CNP (ours),ours,2,100,continuum_1700_2000,60,0,8230,4.5264420473432825,5.6124380813989765
seed20260910_n5000,5000,Density-guided CNP (ours),ours,2,100,SE,6,0,2023,6.880909993596683,8.297439619403498
seed20260910_n5000,5000,Density-guided CNP (ours),ours,2,100,continuum_2200_2400,40,0,9093,4.483039539576704,5.43083449848676
seed20260910_n5000,5000,Density-guided CNP (ours),ours,2,100,FE,5,1,8709,6.696657485424602,7.770407813208537
seed20260910_n5000,5000,Density-guided CNP (ours),ours,2,100,sparse_tail,13,47,68,17.94322677690132,21.14448761092578
seed20260910_n5000,5000,Density-guided CNP (ours),ours,2,101,full,442,58,114299,5.3205653387580085,7.074541152302863
seed20260910_n5000,5000,Density-guided CNP (ours),ours,2,101,DEP,6,0,1323,4.204728818040582,5.2498625237598695
seed20260910_n5000,5000,Density-guided CNP (ours),ours,2,101,feature_1620kev,6,0,1361,3.5335536009847046,5.097764593453865
seed20260910_n5000,5000,Density-guided CNP (ours),ours,2,101,continuum_1700_2000,60,0,8230,4.7700782322303095,5.689641410837572
seed20260910_n5000,5000,Density-guided CNP (ours),ours,2,101,SE,6,0,2023,6.948955324193825,8.435162533466869
seed20260910_n5000,5000,Density-guided CNP (ours),ours,2,101,continuum_2200_2400,40,0,9093,4.234179037635673,5.16714840811983
seed20260910_n5000,5000,Density-guided CNP (ours),ours,2,101,FE,5,1,8709,7.588407754139957,9.17981037969352
seed20260910_n5000,5000,Density-guided CNP (ours),ours,2,101,sparse_tail,13,47,68,8.85679216766,11.62409775380999
seed20260910_n5000,5000,Density-guided CNP (ours),ours,2,102,full,442,58,114299,5.340693799990288,7.080033195557298
seed20260910_n5000,5000,Density-guided CNP (ours),ours,2,102,DEP,6,0,1323,4.76234854047015,5.832361007268685
seed20260910_n5000,5000,Density-guided CNP (ours),ours,2,102,feature_1620kev,6,0,1361,2.9177918629684005,4.295140312503095
seed20260910_n5000,5000,Density-guided CNP (ours),ours,2,102,continuum_1700_2000,60,0,8230,4.678505625046336,5.639174875456374
seed20260910_n5000,5000,Density-guided CNP (ours),ours,2,102,SE,6,0,2023,6.873774642622283,8.284308518797753
seed20260910_n5000,5000,Density-guided CNP (ours),ours,2,102,continuum_2200_2400,40,0,9093,4.389234633067714,5.333976000686813
seed20260910_n5000,5000,Density-guided CNP (ours),ours,2,102,FE,5,1,8709,7.428785666320501,8.2684868089205
seed20260910_n5000,5000,Density-guided CNP (ours),ours,2,102,sparse_tail,13,47,68,9.709962083106303,13.158499640881125
seed20260910_n5000,5000,Density-guided CNP (ours),ours,2,103,full,442,58,114299,6.1344997002249935,9.101671589381397
seed20260910_n5000,5000,Density-guided CNP (ours),ours,2,103,DEP,6,0,1323,5.218535019876319,6.164375657985081
seed20260910_n5000,5000,Density-guided CNP (ours),ours,2,103,feature_1620kev,6,0,1361,2.8930080943599448,3.740700419635105
seed20260910_n5000,5000,Density-guided CNP (ours),ours,2,103,continuum_1700_2000,60,0,8230,4.605860601161411,5.614177917957061
seed20260910_n5000,5000,Density-guided CNP (ours),ours,2,103,SE,6,0,2023,6.990516885491734,8.520056990306015
seed20260910_n5000,5000,Density-guided CNP (ours),ours,2,103,continuum_2200_2400,40,0,9093,4.637419536988306,5.599388153262752
seed20260910_n5000,5000,Density-guided CNP (ours),ours,2,103,FE,5,1,8709,7.0726385319150085,7.859641420675152
seed20260910_n5000,5000,Density-guided CNP (ours),ours,2,103,sparse_tail,13,47,68,32.551398874205226,34.52915133254396
seed20260910_n5000,5000,Density-guided CNP (ours),ours,2,104,full,442,58,114299,5.353894514956841,7.328462033201556
seed20260910_n5000,5000,Density-guided CNP (ours),ours,2,104,DEP,6,0,1323,4.129316900708741,5.169365555049221
seed20260910_n5000,5000,Density-guided CNP (ours),ours,2,104,feature_1620kev,6,0,1361,3.632328270146502,5.2159472384984324
seed20260910_n5000,5000,Density-guided CNP (ours),ours,2,104,continuum_1700_2000,60,0,8230,4.769514802977244,5.69119293185362
seed20260910_n5000,5000,Density-guided CNP (ours),ours,2,104,SE,6,0,2023,6.930062952459654,8.392503709159332
seed20260910_n5000,5000,Density-guided CNP (ours),ours,2,104,continuum_2200_2400,40,0,9093,4.303475072912366,5.24034570695987
seed20260910_n5000,5000,Density-guided CNP (ours),ours,2,104,FE,5,1,8709,6.108755030315651,6.853203036980875
seed20260910_n5000,5000,Density-guided CNP (ours),ours,2,104,sparse_tail,13,47,68,11.690280887841181,16.342960037715315
seed20260910_n5000,5000,Density-guided CNP (ours),ours,2,105,full,442,58,114299,6.232418260980995,9.458861885641461
seed20260910_n5000,5000,Density-guided CNP (ours),ours,2,105,DEP,6,0,1323,4.851500892508761,5.918331445804205
seed20260910_n5000,5000,Density-guided CNP (ours),ours,2,105,feature_1620kev,6,0,1361,2.9212085396643634,4.1589058715786775
seed20260910_n5000,5000,Density-guided CNP (ours),ours,2,105,continuum_1700_2000,60,0,8230,4.684996239384514,5.637752434692995
seed20260910_n5000,5000,Density-guided CNP (ours),ours,2,105,SE,6,0,2023,6.961292277968171,8.457700450895855
seed20260910_n5000,5000,Density-guided CNP (ours),ours,2,105,continuum_2200_2400,40,0,9093,4.5113731774767505,5.46108340093767
seed20260910_n5000,5000,Density-guided CNP (ours),ours,2,105,FE,5,1,8709,6.001954608753449,7.88171109010037
seed20260910_n5000,5000,Density-guided CNP (ours),ours,2,105,sparse_tail,13,47,68,35.351789954091814,37.05212332940148
seed20260910_n5000,5000,Density-guided CNP (ours),ours,2,106,full,442,58,114299,5.468941160004129,7.469145484616356
seed20260910_n5000,5000,Density-guided CNP (ours),ours,2,106,DEP,6,0,1323,4.741051596229887,5.814097264523984
seed20260910_n5000,5000,Density-guided CNP (ours),ours,2,106,feature_1620kev,6,0,1361,2.9189003993902656,4.320380908325781
seed20260910_n5000,5000,Density-guided CNP (ours),ours,2,106,continuum_1700_2000,60,0,8230,4.702480186230728,5.649410692562457
seed20260910_n5000,5000,Density-guided CNP (ours),ours,2,106,SE,6,0,2023,6.991003247952578,8.52965691857194
seed20260910_n5000,5000,Density-guided CNP (ours),ours,2,106,continuum_2200_2400,40,0,9093,4.568271124098146,5.52475628022424
seed20260910_n5000,5000,Density-guided CNP (ours),ours,2,106,FE,5,1,8709,6.549170442708899,7.356276058529905
seed20260910_n5000,5000,Density-guided CNP (ours),ours,2,106,sparse_tail,13,47,68,12.944301586710333,17.695539130034003
seed20260910_n5000,5000,Density-guided CNP (ours),ours,2,107,full,442,58,114299,6.019371763175176,9.134155468821637
seed20260910_n5000,5000,Density-guided CNP (ours),ours,2,107,DEP,6,0,1323,4.337831693063818,5.386679291293133
seed20260910_n5000,5000,Density-guided CNP (ours),ours,2,107,feature_1620kev,6,0,1361,3.386402962762041,4.9273454846281775
seed20260910_n5000,5000,Density-guided CNP (ours),ours,2,107,continuum_1700_2000,60,0,8230,4.7631966539982935,5.684376128712013
seed20260910_n5000,5000,Density-guided CNP (ours),ours,2,107,SE,6,0,2023,6.952609044312013,8.444507361895726
seed20260910_n5000,5000,Density-guided CNP (ours),ours,2,107,continuum_2200_2400,40,0,9093,4.339260363697683,5.282580591067351
seed20260910_n5000,5000,Density-guided CNP (ours),ours,2,107,FE,5,1,8709,5.699110997901361,6.502019179304462
seed20260910_n5000,5000,Density-guided CNP (ours),ours,2,107,sparse_tail,13,47,68,33.58804082945262,35.49384862751606
seed20260910_n5000,5000,Density-guided CNP (ours),ours,2,108,full,442,58,114299,5.378350243756627,7.283525731550242
seed20260910_n5000,5000,Density-guided CNP (ours),ours,2,108,DEP,6,0,1323,4.63119100540986,5.7072282314067895
seed20260910_n5000,5000,Density-guided CNP (ours),ours,2,108,feature_1620kev,6,0,1361,2.951556527124809,4.484141243390003
seed20260910_n5000,5000,Density-guided CNP (ours),ours,2,108,continuum_1700_2000,60,0,8230,4.718366779427915,5.657376800944207
seed20260910_n5000,5000,Density-guided CNP (ours),ours,2,108,SE,6,0,2023,6.965572725158076,8.467454015839117
seed20260910_n5000,5000,Density-guided CNP (ours),ours,2,108,continuum_2200_2400,40,0,9093,4.353773791721589,5.30117764196001
seed20260910_n5000,5000,Density-guided CNP (ours),ours,2,108,FE,5,1,8709,6.166385770702534,7.130138659395041
seed20260910_n5000,5000,Density-guided CNP (ours),ours,2,108,sparse_tail,13,47,68,11.53128813889024,15.448934117338583
seed20260910_n5000,5000,Density-guided CNP (ours),ours,2,109,full,442,58,114299,5.999075339307171,8.808398710977908
seed20260910_n5000,5000,Density-guided CNP (ours),ours,2,109,DEP,6,0,1323,4.755346736018719,5.832998758503552
seed20260910_n5000,5000,Density-guided CNP (ours),ours,2,109,feature_1620kev,6,0,1361,2.918914421766828,4.2846572911658924
seed20260910_n5000,5000,Density-guided CNP (ours),ours,2,109,continuum_1700_2000,60,0,8230,4.667923104009816,5.637626394800015
seed20260910_n5000,5000,Density-guided CNP (ours),ours,2,109,SE,6,0,2023,6.970782003163971,8.477852862890249
seed20260910_n5000,5000,Density-guided CNP (ours),ours,2,109,continuum_2200_2400,40,0,9093,4.590947164933419,5.547583645195155
seed20260910_n5000,5000,Density-guided CNP (ours),ours,2,109,FE,5,1,8709,7.139748367925162,7.9856880295985615
seed20260910_n5000,5000,Density-guided CNP (ours),ours,2,109,sparse_tail,13,47,68,30.432087803150328,32.610874937913806
seed20260911_n5000,5000,CNP,m0,0,100,full,442,58,114299,5.565007355382525,7.339561867113521
seed20260911_n5000,5000,CNP,m0,0,100,DEP,6,0,1323,8.416779451572117,12.27559190869952
seed20260911_n5000,5000,CNP,m0,0,100,feature_1620kev,6,0,1361,9.966954725394588,12.025496001200114
seed20260911_n5000,5000,CNP,m0,0,100,continuum_1700_2000,60,0,8230,3.9807522880002373,4.937328123447454
seed20260911_n5000,5000,CNP,m0,0,100,SE,6,0,2023,10.254657826813778,14.958784844162976
seed20260911_n5000,5000,CNP,m0,0,100,continuum_2200_2400,40,0,9093,6.733079578669727,7.600009428746428
seed20260911_n5000,5000,CNP,m0,0,100,FE,5,1,8709,2.2720743568905206,2.9422461106984077
seed20260911_n5000,5000,CNP,m0,0,100,sparse_tail,13,47,68,12.265179381884067,12.911309866106643
seed20260911_n5000,5000,CNP,m0,0,101,full,442,58,114299,5.5355014611411475,7.3306804901105265
seed20260911_n5000,5000,CNP,m0,0,101,DEP,6,0,1323,8.247444623094735,12.118578226997895
seed20260911_n5000,5000,CNP,m0,0,101,feature_1620kev,6,0,1361,9.881593177896116,12.071797729640341
seed20260911_n5000,5000,CNP,m0,0,101,continuum_1700_2000,60,0,8230,4.016732524810241,4.945048836234942
seed20260911_n5000,5000,CNP,m0,0,101,SE,6,0,2023,10.53843774679682,15.154518619693977
seed20260911_n5000,5000,CNP,m0,0,101,continuum_2200_2400,40,0,9093,6.4927877866862,7.354810722319878
seed20260911_n5000,5000,CNP,m0,0,101,FE,5,1,8709,2.4279643432985507,3.111269837839805
seed20260911_n5000,5000,CNP,m0,0,101,sparse_tail,13,47,68,12.434567496272134,13.076467905281403
seed20260911_n5000,5000,CNP,m0,0,102,full,442,58,114299,5.585232793873279,7.34686660694261
seed20260911_n5000,5000,CNP,m0,0,102,DEP,6,0,1323,8.497384031577443,12.351533662589569
seed20260911_n5000,5000,CNP,m0,0,102,feature_1620kev,6,0,1361,10.007390278631949,12.00531820971767
seed20260911_n5000,5000,CNP,m0,0,102,continuum_1700_2000,60,0,8230,3.967488710466713,4.938753627068959
seed20260911_n5000,5000,CNP,m0,0,102,SE,6,0,2023,10.120269143723458,14.867133008474093
seed20260911_n5000,5000,CNP,m0,0,102,continuum_2200_2400,40,0,9093,6.8622041481104885,7.729603691718245
seed20260911_n5000,5000,CNP,m0,0,102,FE,5,1,8709,2.2312134976826417,2.856677863055071
seed20260911_n5000,5000,CNP,m0,0,102,sparse_tail,13,47,68,12.184596936390548,12.832831677237044
seed20260911_n5000,5000,CNP,m0,0,103,full,442,58,114299,5.47688538245255,7.373665994891747
seed20260911_n5000,5000,CNP,m0,0,103,DEP,6,0,1323,7.694925658376345,11.62981216507832
seed20260911_n5000,5000,CNP,m0,0,103,feature_1620kev,6,0,1361,9.603423486457986,12.258603502488022
seed20260911_n5000,5000,CNP,m0,0,103,continuum_1700_2000,60,0,8230,4.2014647258275035,5.069404703016867
seed20260911_n5000,5000,CNP,m0,0,103,SE,6,0,2023,11.466577838361443,15.813229738753998
seed20260911_n5000,5000,CNP,m0,0,103,continuum_2200_2400,40,0,9093,5.6918601730119445,6.53230602723408
seed20260911_n5000,5000,CNP,m0,0,103,FE,5,1,8709,3.058544201472675,3.8322329003574787
seed20260911_n5000,5000,CNP,m0,0,103,sparse_tail,13,47,68,13.032970174139317,13.665762887501964
seed20260911_n5000,5000,CNP,m0,0,104,full,442,58,114299,5.513302660969953,7.336837694914084
seed20260911_n5000,5000,CNP,m0,0,104,DEP,6,0,1323,8.06656140422118,11.954584696288626
seed20260911_n5000,5000,CNP,m0,0,104,feature_1620kev,6,0,1361,9.79022261354645,12.126858016291212
seed20260911_n5000,5000,CNP,m0,0,104,continuum_1700_2000,60,0,8230,4.06051875043145,4.969711983613583
seed20260911_n5000,5000,CNP,m0,0,104,SE,6,0,2023,10.846983006589646,15.370440419926743
seed20260911_n5000,5000,CNP,m0,0,104,continuum_2200_2400,40,0,9093,6.227509128215468,7.079400764402982
seed20260911_n5000,5000,CNP,m0,0,104,FE,5,1,8709,2.6261540533668684,3.3428099951999064
seed20260911_n5000,5000,CNP,m0,0,104,sparse_tail,13,47,68,12.655817114042575,13.292405327654228
seed20260911_n5000,5000,CNP,m0,0,105,full,442,58,114299,5.511068979627715,7.342055222459405
seed20260911_n5000,5000,CNP,m0,0,105,DEP,6,0,1323,8.037046191933488,11.928015946521558
seed20260911_n5000,5000,CNP,m0,0,105,feature_1620kev,6,0,1361,9.775460572110141,12.136659700744701
seed20260911_n5000,5000,CNP,m0,0,105,continuum_1700_2000,60,0,8230,4.0697552464945,4.975253725150871
seed20260911_n5000,5000,CNP,m0,0,105,SE,6,0,2023,10.89954962366269,15.407511225242335
seed20260911_n5000,5000,CNP,m0,0,105,continuum_2200_2400,40,0,9093,6.173660025001452,7.02294291952108
seed20260911_n5000,5000,CNP,m0,0,105,FE,5,1,8709,2.675706851406998,3.403015455117908
seed20260911_n5000,5000,CNP,m0,0,105,sparse_tail,13,47,68,12.708994594273998,13.344669226707492
seed20260911_n5000,5000,CNP,m0,0,106,full,442,58,114299,5.521737391505362,7.331926786297571
seed20260911_n5000,5000,CNP,m0,0,106,DEP,6,0,1323,8.15651912724108,12.035536440311725
seed20260911_n5000,5000,CNP,m0,0,106,feature_1620kev,6,0,1361,9.83569493857177,12.098874656998602
seed20260911_n5000,5000,CNP,m0,0,106,continuum_1700_2000,60,0,8230,4.035882251062802,4.955173332769999
seed20260911_n5000,5000,CNP,m0,0,106,SE,6,0,2023,10.692635625338664,15.262017184190144
seed20260911_n5000,5000,CNP,m0,0,106,continuum_2200_2400,40,0,9093,6.356736400484109,7.212494514243563
seed20260911_n5000,5000,CNP,m0,0,106,FE,5,1,8709,2.5278469634099667,3.226096310318962
seed20260911_n5000,5000,CNP,m0,0,106,sparse_tail,13,47,68,12.540178859015864,13.179588009267224
seed20260911_n5000,5000,CNP,m0,0,107,full,442,58,114299,5.488350618316284,7.354284068599033
seed20260911_n5000,5000,CNP,m0,0,107,DEP,6,0,1323,7.8477126727303945,11.761144765572688
seed20260911_n5000,5000,CNP,m0,0,107,feature_1620kev,6,0,1361,9.68021015974454,12.201574274177865
seed20260911_n5000,5000,CNP,m0,0,107,continuum_1700_2000,60,0,8230,4.137965583004011,5.020479073333299
seed20260911_n5000,5000,CNP,m0,0,107,SE,6,0,2023,11.21277427532873,15.630403033601741
seed20260911_n5000,5000,CNP,m0,0,107,continuum_2200_2400,40,0,9093,5.903785139891902,6.749432880830057
seed20260911_n5000,5000,CNP,m0,0,107,FE,5,1,8709,2.8569338677998513,3.6330584069300493
seed20260911_n5000,5000,CNP,m0,0,107,sparse_tail,13,47,68,12.883497897984169,13.517411039919725
seed20260911_n5000,5000,CNP,m0,0,108,full,442,58,114299,5.4737871879338185,7.378723101298274
seed20260911_n5000,5000,CNP,m0,0,108,DEP,6,0,1323,7.657732738976803,11.598368346577288
seed20260911_n5000,5000,CNP,m0,0,108,feature_1620kev,6,0,1361,9.584909821128857,12.273097193627061
seed20260911_n5000,5000,CNP,m0,0,108,continuum_1700_2000,60,0,8230,4.2167628096357435,5.0828263864030445
seed20260911_n5000,5000,CNP,m0,0,108,SE,6,0,2023,11.52720028203546,15.857212768029779
seed20260911_n5000,5000,CNP,m0,0,108,continuum_2200_2400,40,0,9093,5.642793703293796,6.481117878596479
seed20260911_n5000,5000,CNP,m0,0,108,FE,5,1,8709,3.115976346003672,3.8779614211023516
seed20260911_n5000,5000,CNP,m0,0,108,sparse_tail,13,47,68,13.06270828754965,13.695355528831332
seed20260911_n5000,5000,CNP,m0,0,109,full,442,58,114299,5.566192089233303,7.342271504999159
seed20260911_n5000,5000,CNP,m0,0,109,DEP,6,0,1323,8.395271150144307,12.255460349662819
seed20260911_n5000,5000,CNP,m0,0,109,feature_1620kev,6,0,1361,9.95566132016933,12.031124322910403
seed20260911_n5000,5000,CNP,m0,0,109,continuum_1700_2000,60,0,8230,3.986002015976987,4.937565001626605
seed20260911_n5000,5000,CNP,m0,0,109,SE,6,0,2023,10.296721853384213,14.987618403822658
seed20260911_n5000,5000,CNP,m0,0,109,continuum_2200_2400,40,0,9093,6.702522059733614,7.570191412494386
seed20260911_n5000,5000,CNP,m0,0,109,FE,5,1,8709,2.301482504112362,2.9728290030638695
seed20260911_n5000,5000,CNP,m0,0,109,sparse_tail,13,47,68,12.319509964838673,12.96343422788144
seed20260911_n5000,5000,CNP,m0,1,100,full,442,58,114299,4.7042407157796,6.574582649424912
seed20260911_n5000,5000,CNP,m0,1,100,DEP,6,0,1323,7.275938733232799,11.264673325893785
seed20260911_n5000,5000,CNP,m0,1,100,feature_1620kev,6,0,1361,9.3886596683662,12.419173728025527
seed20260911_n5000,5000,CNP,m0,1,100,continuum_1700_2000,60,0,8230,4.1709786322581,5.016715081947865
seed20260911_n5000,5000,CNP,m0,1,100,SE,6,0,2023,10.836639035047446,15.339914602904777
seed20260911_n5000,5000,CNP,m0,1,100,continuum_2200_2400,40,0,9093,4.1964299171833765,5.214477482816394
seed20260911_n5000,5000,CNP,m0,1,100,FE,5,1,8709,2.3408433602729253,2.66783448759082
seed20260911_n5000,5000,CNP,m0,1,100,sparse_tail,13,47,68,10.948120505211133,11.756899464040842
seed20260911_n5000,5000,CNP,m0,1,101,full,442,58,114299,4.712576831356174,6.616453801792846
seed20260911_n5000,5000,CNP,m0,1,101,DEP,6,0,1323,7.178155456544949,11.113335503269402
seed20260911_n5000,5000,CNP,m0,1,101,feature_1620kev,6,0,1361,9.289219246967166,12.512897249656696
seed20260911_n5000,5000,CNP,m0,1,101,continuum_1700_2000,60,0,8230,4.266981640862125,5.087124629592857
seed20260911_n5000,5000,CNP,m0,1,101,SE,6,0,2023,11.233306103034174,15.622220576903583
seed20260911_n5000,5000,CNP,m0,1,101,continuum_2200_2400,40,0,9093,3.865115932430286,4.807118629429521
seed20260911_n5000,5000,CNP,m0,1,101,FE,5,1,8709,2.2443216036579465,2.547979457736246
seed20260911_n5000,5000,CNP,m0,1,101,sparse_tail,13,47,68,11.308709778821852,12.094361385270497
seed20260911_n5000,5000,CNP,m0,1,102,full,442,58,114299,4.704968671892771,6.572445841656051
seed20260911_n5000,5000,CNP,m0,1,102,DEP,6,0,1323,7.289902999413793,11.286532239411917
seed20260911_n5000,5000,CNP,m0,1,102,feature_1620kev,6,0,1361,9.402586067515651,12.406666028168695
seed20260911_n5000,5000,CNP,m0,1,102,continuum_1700_2000,60,0,8230,4.160698736173039,5.009922910415835
seed20260911_n5000,5000,CNP,m0,1,102,SE,6,0,2023,10.797859108359193,15.312649866164596
seed20260911_n5000,5000,CNP,m0,1,102,continuum_2200_2400,40,0,9093,4.201505231926541,5.206238397346887
seed20260911_n5000,5000,CNP,m0,1,102,FE,5,1,8709,2.342169571156153,2.6702296360390516
seed20260911_n5000,5000,CNP,m0,1,102,sparse_tail,13,47,68,10.954900351153368,11.762685340292583
seed20260911_n5000,5000,CNP,m0,1,103,full,442,58,114299,4.740486127332945,6.681754686208112
seed20260911_n5000,5000,CNP,m0,1,103,DEP,6,0,1323,7.109556132739443,11.010269210252913
seed20260911_n5000,5000,CNP,m0,1,103,feature_1620kev,6,0,1361,9.21695457433238,12.583704309992589
seed20260911_n5000,5000,CNP,m0,1,103,continuum_1700_2000,60,0,8230,4.346295667379394,5.162390775624625
seed20260911_n5000,5000,CNP,m0,1,103,SE,6,0,2023,11.671866712683505,15.93902169339056
seed20260911_n5000,5000,CNP,m0,1,103,continuum_2200_2400,40,0,9093,3.6254552335373584,4.563402167930319
seed20260911_n5000,5000,CNP,m0,1,103,FE,5,1,8709,2.1207959286643336,2.5275172743510317
seed20260911_n5000,5000,CNP,m0,1,103,sparse_tail,13,47,68,11.770394557202769,12.529730683533863
seed20260911_n5000,5000,CNP,m0,1,104,full,442,58,114299,4.719292430211048,6.626877922032678
seed20260911_n5000,5000,CNP,m0,1,104,DEP,6,0,1323,7.198024466296582,11.143151216689276
seed20260911_n5000,5000,CNP,m0,1,104,feature_1620kev,6,0,1361,9.307135908029885,12.494773341591388
seed20260911_n5000,5000,CNP,m0,1,104,continuum_1700_2000,60,0,8230,4.257628630874773,5.081633519192092
seed20260911_n5000,5000,CNP,m0,1,104,SE,6,0,2023,11.299203900204365,15.66881318318586
seed20260911_n5000,5000,CNP,m0,1,104,continuum_2200_2400,40,0,9093,3.8409125662323005,4.821561087856165
seed20260911_n5000,5000,CNP,m0,1,104,FE,5,1,8709,2.209533013215542,2.527023495655149
seed20260911_n5000,5000,CNP,m0,1,104,sparse_tail,13,47,68,11.451178558175986,12.226449822669064
seed20260911_n5000,5000,CNP,m0,1,105,full,442,58,114299,4.718827538804164,6.617416920140096
seed20260911_n5000,5000,CNP,m0,1,105,DEP,6,0,1323,7.236781764766103,11.202729358576162
seed20260911_n5000,5000,CNP,m0,1,105,feature_1620kev,6,0,1361,9.345832687982327,12.457860044578045
seed20260911_n5000,5000,CNP,m0,1,105,continuum_1700_2000,60,0,8230,4.223093255176651,5.0557227998834255
seed20260911_n5000,5000,CNP,m0,1,105,SE,6,0,2023,11.205634907355174,15.60134371559759
seed20260911_n5000,5000,CNP,m0,1,105,continuum_2200_2400,40,0,9093,3.9339889382582776,4.96859926529813
seed20260911_n5000,5000,CNP,m0,1,105,FE,5,1,8709,2.222607010766748,2.533819837655098
seed20260911_n5000,5000,CNP,m0,1,105,sparse_tail,13,47,68,11.397620965369907,12.175253104398168
seed20260911_n5000,5000,CNP,m0,1,106,full,442,58,114299,4.713062348793591,6.614770507103228
seed20260911_n5000,5000,CNP,m0,1,106,DEP,6,0,1323,7.195882424298279,11.140272525351362
seed20260911_n5000,5000,CNP,m0,1,106,feature_1620kev,6,0,1361,9.306378877186518,12.495834535236657
seed20260911_n5000,5000,CNP,m0,1,106,continuum_1700_2000,60,0,8230,4.253015495144479,5.076659961809494
seed20260911_n5000,5000,CNP,m0,1,106,SE,6,0,2023,11.225030915586306,15.615878934623872
seed20260911_n5000,5000,CNP,m0,1,106,continuum_2200_2400,40,0,9093,3.908090722435995,4.898093148822792
seed20260911_n5000,5000,CNP,m0,1,106,FE,5,1,8709,2.2424322386835596,2.546475804539394
seed20260911_n5000,5000,CNP,m0,1,106,sparse_tail,13,47,68,11.305504335654788,12.090426698484876
seed20260911_n5000,5000,CNP,m0,1,107,full,442,58,114299,4.726375588008695,6.645812877421961
seed20260911_n5000,5000,CNP,m0,1,107,DEP,6,0,1323,7.175590742096481,11.108941971685644
seed20260911_n5000,5000,CNP,m0,1,107,feature_1620kev,6,0,1361,9.283850120526582,12.51718644532803
seed20260911_n5000,5000,CNP,m0,1,107,continuum_1700_2000,60,0,8230,4.282953589110281,5.103664432302249
seed20260911_n5000,5000,CNP,m0,1,107,SE,6,0,2023,11.434477991888564,15.766274889777158
seed20260911_n5000,5000,CNP,m0,1,107,continuum_2200_2400,40,0,9093,3.762511786442319,4.746111849035162
seed20260911_n5000,5000,CNP,m0,1,107,FE,5,1,8709,2.1706646503050147,2.517563135725175
seed20260911_n5000,5000,CNP,m0,1,107,sparse_tail,13,47,68,11.592964455551101,12.359975703597467
seed20260911_n5000,5000,CNP,m0,1,108,full,442,58,114299,4.747133833884086,6.6965875219791595
seed20260911_n5000,5000,CNP,m0,1,108,DEP,6,0,1323,7.0833379048357274,10.971876179189683
seed20260911_n5000,5000,CNP,m0,1,108,feature_1620kev,6,0,1361,9.190791697125398,12.610883693332969
seed20260911_n5000,5000,CNP,m0,1,108,continuum_1700_2000,60,0,8230,4.37077469120444,5.187020965722254
seed20260911_n5000,5000,CNP,m0,1,108,SE,6,0,2023,11.752115391739427,15.997978609559993
seed20260911_n5000,5000,CNP,m0,1,108,continuum_2200_2400,40,0,9093,3.566230122644872,4.476766256263425
seed20260911_n5000,5000,CNP,m0,1,108,FE,5,1,8709,2.1047415571328427,2.535895909949303
seed20260911_n5000,5000,CNP,m0,1,108,sparse_tail,13,47,68,11.830150251439024,12.587116448315772
seed20260911_n5000,5000,CNP,m0,1,109,full,442,58,114299,4.709748241978328,6.582145845045558
seed20260911_n5000,5000,CNP,m0,1,109,DEP,6,0,1323,7.294741826250093,11.293738035705937
seed20260911_n5000,5000,CNP,m0,1,109,feature_1620kev,6,0,1361,9.405998745896294,12.403278696640523
seed20260911_n5000,5000,CNP,m0,1,109,continuum_1700_2000,60,0,8230,4.1623879355807505,5.0118486800980016
seed20260911_n5000,5000,CNP,m0,1,109,SE,6,0,2023,10.873920656231371,15.365722908265125
seed20260911_n5000,5000,CNP,m0,1,109,continuum_2200_2400,40,0,9093,4.155528798411283,5.191567441485215
seed20260911_n5000,5000,CNP,m0,1,109,FE,5,1,8709,2.314567107422567,2.6260791832128954
seed20260911_n5000,5000,CNP,m0,1,109,sparse_tail,13,47,68,11.066351843347112,11.865321057058093
seed20260911_n5000,5000,CNP,m0,2,100,full,442,58,114299,6.451418766048043,9.042791122057025
seed20260911_n5000,5000,CNP,m0,2,100,DEP,6,0,1323,6.478341462979742,10.06664019566141
seed20260911_n5000,5000,CNP,m0,2,100,feature_1620kev,6,0,1361,9.026779472031873,13.578072153920761
seed20260911_n5000,5000,CNP,m0,2,100,continuum_1700_2000,60,0,8230,5.8073003519806,6.793009466880781
seed20260911_n5000,5000,CNP,m0,2,100,SE,6,0,2023,15.329060557456456,18.79213769704887
seed20260911_n5000,5000,CNP,m0,2,100,continuum_2200_2400,40,0,9093,3.239810776809151,4.097354380903407
seed20260911_n5000,5000,CNP,m0,2,100,FE,5,1,8709,9.049169693668501,9.375280642697922
seed20260911_n5000,5000,CNP,m0,2,100,sparse_tail,13,47,68,16.429936778000748,17.16436270623392
seed20260911_n5000,5000,CNP,m0,2,101,full,442,58,114299,6.608300281612498,9.239323220104561
seed20260911_n5000,5000,CNP,m0,2,101,DEP,6,0,1323,6.478584030708507,9.994691189342511
seed20260911_n5000,5000,CNP,m0,2,101,feature_1620kev,6,0,1361,9.108563994932073,13.699678028745568
seed20260911_n5000,5000,CNP,m0,2,101,continuum_1700_2000,60,0,8230,5.969551877089552,6.9716872806070365
seed20260911_n5000,5000,CNP,m0,2,101,SE,6,0,2023,15.611859314284423,19.023373186088328
seed20260911_n5000,5000,CNP,m0,2,101,continuum_2200_2400,40,0,9093,3.195856829667596,4.102967482596313
seed20260911_n5000,5000,CNP,m0,2,101,FE,5,1,8709,9.562475655036282,9.871664008371223
seed20260911_n5000,5000,CNP,m0,2,101,sparse_tail,13,47,68,16.753393713499833,17.506189711494383
seed20260911_n5000,5000,CNP,m0,2,102,full,442,58,114299,6.441565345139379,9.030857010602755
seed20260911_n5000,5000,CNP,m0,2,102,DEP,6,0,1323,6.478396656789491,10.075215122203456
seed20260911_n5000,5000,CNP,m0,2,102,feature_1620kev,6,0,1361,9.017523902666863,13.564346993640475
seed20260911_n5000,5000,CNP,m0,2,102,continuum_1700_2000,60,0,8230,5.7897210758716975,6.774001345692628
seed20260911_n5000,5000,CNP,m0,2,102,SE,6,0,2023,15.30206816562483,18.77013324673592
seed20260911_n5000,5000,CNP,m0,2,102,continuum_2200_2400,40,0,9093,3.243331448701264,4.0982889631827994
seed20260911_n5000,5000,CNP,m0,2,102,FE,5,1,8709,9.024433340379254,9.351378851982131
seed20260911_n5000,5000,CNP,m0,2,102,sparse_tail,13,47,68,16.400816860248508,17.134108600220717
seed20260911_n5000,5000,CNP,m0,2,103,full,442,58,114299,6.374816725095897,8.936973032830387
seed20260911_n5000,5000,CNP,m0,2,103,DEP,6,0,1323,6.478797070948089,10.074248121262752
seed20260911_n5000,5000,CNP,m0,2,103,feature_1620kev,6,0,1361,9.02002914371417,13.566289484404331
seed20260911_n5000,5000,CNP,m0,2,103,continuum_1700_2000,60,0,8230,5.783389557830268,6.766848184256198
seed20260911_n5000,5000,CNP,m0,2,103,SE,6,0,2023,15.249136269013372,18.72753607119715
seed20260911_n5000,5000,CNP,m0,2,103,continuum_2200_2400,40,0,9093,3.2753889427250016,4.108321972846645
seed20260911_n5000,5000,CNP,m0,2,103,FE,5,1,8709,8.734809503125057,9.07214115097786
seed20260911_n5000,5000,CNP,m0,2,103,sparse_tail,13,47,68,16.41630577772238,17.147544697457256
seed20260911_n5000,5000,CNP,m0,2,104,full,442,58,114299,6.309245382260842,8.852570122229011
seed20260911_n5000,5000,CNP,m0,2,104,DEP,6,0,1323,6.478715907644987,10.121100571058216
seed20260911_n5000,5000,CNP,m0,2,104,feature_1620kev,6,0,1361,8.96983714355301,13.493826606997713
seed20260911_n5000,5000,CNP,m0,2,104,continuum_1700_2000,60,0,8230,5.686812664943664,6.663384425735027
seed20260911_n5000,5000,CNP,m0,2,104,SE,6,0,2023,15.093125845652525,18.60067546076142
seed20260911_n5000,5000,CNP,m0,2,104,continuum_2200_2400,40,0,9093,3.3079727465353,4.125563658877908
seed20260911_n5000,5000,CNP,m0,2,104,FE,5,1,8709,8.527054139477935,8.871957843258784
seed20260911_n5000,5000,CNP,m0,2,104,sparse_tail,13,47,68,16.235423922574917,16.957701705970084
seed20260911_n5000,5000,CNP,m0,2,105,full,442,58,114299,6.1663989007806554,8.663657494569845
seed20260911_n5000,5000,CNP,m0,2,105,DEP,6,0,1323,6.478992790339734,10.199884042642694
seed20260911_n5000,5000,CNP,m0,2,105,feature_1620kev,6,0,1361,8.89081358321538,13.38125254646783
seed20260911_n5000,5000,CNP,m0,2,105,continuum_1700_2000,60,0,8230,5.527367105827518,6.496749864162461
seed20260911_n5000,5000,CNP,m0,2,105,SE,6,0,2023,14.805550158042694,18.368583185918762
seed20260911_n5000,5000,CNP,m0,2,105,continuum_2200_2400,40,0,9093,3.398985026103718,4.192439620544586
seed20260911_n5000,5000,CNP,m0,2,105,FE,5,1,8709,8.007974986266655,8.374709182370346
seed20260911_n5000,5000,CNP,m0,2,105,sparse_tail,13,47,68,15.971012663986572,16.678806315385707
seed20260911_n5000,5000,CNP,m0,2,106,full,442,58,114299,6.44671593333851,9.034774489292854
seed20260911_n5000,5000,CNP,m0,2,106,DEP,6,0,1323,6.478569889618983,10.057468461632908
seed20260911_n5000,5000,CNP,m0,2,106,feature_1620kev,6,0,1361,9.037452871244824,13.59304046201005
seed20260911_n5000,5000,CNP,m0,2,106,continuum_1700_2000,60,0,8230,5.824639742919282,6.811758338159985
seed20260911_n5000,5000,CNP,m0,2,106,SE,6,0,2023,15.345956502063677,18.806058052825854
seed20260911_n5000,5000,CNP,m0,2,106,continuum_2200_2400,40,0,9093,3.242497844355112,4.097411473063324
seed20260911_n5000,5000,CNP,m0,2,106,FE,5,1,8709,9.014554788344977,9.341708368306595
seed20260911_n5000,5000,CNP,m0,2,106,sparse_tail,13,47,68,16.46993610709428,17.206211581920083
seed20260911_n5000,5000,CNP,m0,2,107,full,442,58,114299,6.242327374850796,8.763903496506662
seed20260911_n5000,5000,CNP,m0,2,107,DEP,6,0,1323,6.478940354823948,10.152568355058182
seed20260911_n5000,5000,CNP,m0,2,107,feature_1620kev,6,0,1361,8.937910235712156,13.447597517054549
seed20260911_n5000,5000,CNP,m0,2,107,continuum_1700_2000,60,0,8230,5.620789588033599,6.593760956359178
seed20260911_n5000,5000,CNP,m0,2,107,SE,6,0,2023,14.968735489570484,18.50016400082191
seed20260911_n5000,5000,CNP,m0,2,107,continuum_2200_2400,40,0,9093,3.3467402648010944,4.152336354536941
seed20260911_n5000,5000,CNP,m0,2,107,FE,5,1,8709,8.281074935696356,8.636076516075807
seed20260911_n5000,5000,CNP,m0,2,107,sparse_tail,13,47,68,16.13307651056151,16.849748195027832
seed20260911_n5000,5000,CNP,m0,2,108,full,442,58,114299,6.4567289655543325,9.045164963253436
seed20260911_n5000,5000,CNP,m0,2,108,DEP,6,0,1323,6.478882895482539,10.036195941138503
seed20260911_n5000,5000,CNP,m0,2,108,feature_1620kev,6,0,1361,9.06206717445685,13.628431640450678
seed20260911_n5000,5000,CNP,m0,2,108,continuum_1700_2000,60,0,8230,5.868091658828314,6.859152604090343
seed20260911_n5000,5000,CNP,m0,2,108,SE,6,0,2023,15.402052865343283,18.85212068587428
seed20260911_n5000,5000,CNP,m0,2,108,continuum_2200_2400,40,0,9093,3.240523551966047,4.09641893048302
seed20260911_n5000,5000,CNP,m0,2,108,FE,5,1,8709,9.022309183408174,9.349296789449921
seed20260911_n5000,5000,CNP,m0,2,108,sparse_tail,13,47,68,16.568662731243545,17.30921655288522
seed20260911_n5000,5000,CNP,m0,2,109,full,442,58,114299,6.277339845535644,8.812892415265845
seed20260911_n5000,5000,CNP,m0,2,109,DEP,6,0,1323,6.478849396676491,10.151601435479272
seed20260911_n5000,5000,CNP,m0,2,109,feature_1620kev,6,0,1361,8.938165376621432,13.449103879729684
seed20260911_n5000,5000,CNP,m0,2,109,continuum_1700_2000,60,0,8230,5.627562650143095,6.600964085314498
seed20260911_n5000,5000,CNP,m0,2,109,SE,6,0,2023,15.003075925723191,18.527698666360855
seed20260911_n5000,5000,CNP,m0,2,109,continuum_2200_2400,40,0,9093,3.3231688517146334,4.135788053499864
seed20260911_n5000,5000,CNP,m0,2,109,FE,5,1,8709,8.432282261548727,8.780953647347884
seed20260911_n5000,5000,CNP,m0,2,109,sparse_tail,13,47,68,16.114853070880503,16.8313402941174
seed20260911_n5000,5000,Attentive CNP,m1,0,100,full,442,58,114299,5.614745993432631,7.710443134083499
seed20260911_n5000,5000,Attentive CNP,m1,0,100,DEP,6,0,1323,6.909138657558739,10.721257281043002
seed20260911_n5000,5000,Attentive CNP,m1,0,100,feature_1620kev,6,0,1361,8.961986070750706,12.836757266699506
seed20260911_n5000,5000,Attentive CNP,m1,0,100,continuum_1700_2000,60,0,8230,4.88689998762053,5.780201469092184
seed20260911_n5000,5000,Attentive CNP,m1,0,100,SE,6,0,2023,12.812262086701235,16.817983998632652
seed20260911_n5000,5000,Attentive CNP,m1,0,100,continuum_2200_2400,40,0,9093,5.001702937898584,5.839665528240035
seed20260911_n5000,5000,Attentive CNP,m1,0,100,FE,5,1,8709,4.888178642388655,5.467161389648941
seed20260911_n5000,5000,Attentive CNP,m1,0,100,sparse_tail,13,47,68,14.844960508676374,15.413211201592372
seed20260911_n5000,5000,Attentive CNP,m1,0,101,full,442,58,114299,5.597756322512232,7.686327613102298
seed20260911_n5000,5000,Attentive CNP,m1,0,101,DEP,6,0,1323,6.718010372558618,10.478629827520995
seed20260911_n5000,5000,Attentive CNP,m1,0,101,feature_1620kev,6,0,1361,8.820789866511621,13.06954775399782
seed20260911_n5000,5000,Attentive CNP,m1,0,101,continuum_1700_2000,60,0,8230,5.164428552406749,6.09492563641362
seed20260911_n5000,5000,Attentive CNP,m1,0,101,SE,6,0,2023,13.301124052713817,17.193875896698092
seed20260911_n5000,5000,Attentive CNP,m1,0,101,continuum_2200_2400,40,0,9093,4.83942401500831,5.692651888373838
seed20260911_n5000,5000,Attentive CNP,m1,0,101,FE,5,1,8709,4.439869381320554,5.0686401687020615
seed20260911_n5000,5000,Attentive CNP,m1,0,101,sparse_tail,13,47,68,14.521715367032087,15.080624649749158
seed20260911_n5000,5000,Attentive CNP,m1,0,102,full,442,58,114299,5.608493843787415,7.71037478776145
seed20260911_n5000,5000,Attentive CNP,m1,0,102,DEP,6,0,1323,6.7659323641594895,10.537716078691183
seed20260911_n5000,5000,Attentive CNP,m1,0,102,feature_1620kev,6,0,1361,8.821183282430706,13.009915293811837
seed20260911_n5000,5000,Attentive CNP,m1,0,102,continuum_1700_2000,60,0,8230,5.089969539820515,6.014418234427535
seed20260911_n5000,5000,Attentive CNP,m1,0,102,SE,6,0,2023,13.208521260732727,17.121722683052333
seed20260911_n5000,5000,Attentive CNP,m1,0,102,continuum_2200_2400,40,0,9093,4.827509144607123,5.674722767622678
seed20260911_n5000,5000,Attentive CNP,m1,0,102,FE,5,1,8709,4.670086908787937,5.271086710368668
seed20260911_n5000,5000,Attentive CNP,m1,0,102,sparse_tail,13,47,68,14.654094398873704,15.217137307082949
seed20260911_n5000,5000,Attentive CNP,m1,0,103,full,442,58,114299,5.6100178874907165,7.687056096579617
seed20260911_n5000,5000,Attentive CNP,m1,0,103,DEP,6,0,1323,6.985911478145389,10.827532035357562
seed20260911_n5000,5000,Attentive CNP,m1,0,103,feature_1620kev,6,0,1361,9.039684215255225,12.74691683487745
seed20260911_n5000,5000,Attentive CNP,m1,0,103,continuum_1700_2000,60,0,8230,4.789315936489168,5.658093384020069
seed20260911_n5000,5000,Attentive CNP,m1,0,103,SE,6,0,2023,12.566458269254216,16.631046058710787
seed20260911_n5000,5000,Attentive CNP,m1,0,103,continuum_2200_2400,40,0,9093,5.1561521851424,5.993293865922714
seed20260911_n5000,5000,Attentive CNP,m1,0,103,FE,5,1,8709,4.842502274857635,5.426456979185022
seed20260911_n5000,5000,Attentive CNP,m1,0,103,sparse_tail,13,47,68,14.855268622925777,15.423911186769681
seed20260911_n5000,5000,Attentive CNP,m1,0,104,full,442,58,114299,5.59683096454581,7.680703982052854
seed20260911_n5000,5000,Attentive CNP,m1,0,104,DEP,6,0,1323,6.871542840955612,10.673140235896902
seed20260911_n5000,5000,Attentive CNP,m1,0,104,feature_1620kev,6,0,1361,8.92626235000007,12.879569709629832
seed20260911_n5000,5000,Attentive CNP,m1,0,104,continuum_1700_2000,60,0,8230,4.931843829302765,5.831939029451233
seed20260911_n5000,5000,Attentive CNP,m1,0,104,SE,6,0,2023,12.8885903589303,16.87614198157678
seed20260911_n5000,5000,Attentive CNP,m1,0,104,continuum_2200_2400,40,0,9093,4.996798147911615,5.839109749481994
seed20260911_n5000,5000,Attentive CNP,m1,0,104,FE,5,1,8709,4.662610916035668,5.2670046044370435
seed20260911_n5000,5000,Attentive CNP,m1,0,104,sparse_tail,13,47,68,14.679478066916078,15.244219662352748
seed20260911_n5000,5000,Attentive CNP,m1,0,105,full,442,58,114299,5.617009432369414,7.70573570957257
seed20260911_n5000,5000,Attentive CNP,m1,0,105,DEP,6,0,1323,6.984287633180504,10.82525917703587
seed20260911_n5000,5000,Attentive CNP,m1,0,105,feature_1620kev,6,0,1361,9.036666843694741,12.749999725355476
seed20260911_n5000,5000,Attentive CNP,m1,0,105,continuum_1700_2000,60,0,8230,4.791804687693904,5.662773966395832
seed20260911_n5000,5000,Attentive CNP,m1,0,105,SE,6,0,2023,12.60782424947075,16.66260826986684
seed20260911_n5000,5000,Attentive CNP,m1,0,105,continuum_2200_2400,40,0,9093,5.08365634446419,5.919629177122338
seed20260911_n5000,5000,Attentive CNP,m1,0,105,FE,5,1,8709,4.947680662820776,5.52017479376645
seed20260911_n5000,5000,Attentive CNP,m1,0,105,sparse_tail,13,47,68,14.891103926776555,15.460642633221255
seed20260911_n5000,5000,Attentive CNP,m1,0,106,full,442,58,114299,5.605526591089383,7.688689492081233
seed20260911_n5000,5000,Attentive CNP,m1,0,106,DEP,6,0,1323,6.941023161985349,10.76373096134844
seed20260911_n5000,5000,Attentive CNP,m1,0,106,feature_1620kev,6,0,1361,8.993144346466696,12.801063884348796
seed20260911_n5000,5000,Attentive CNP,m1,0,106,continuum_1700_2000,60,0,8230,4.845774869827351,5.728016413984455
seed20260911_n5000,5000,Attentive CNP,m1,0,106,SE,6,0,2023,12.701806853928613,16.73407954896237
seed20260911_n5000,5000,Attentive CNP,m1,0,106,continuum_2200_2400,40,0,9093,5.0798105128824895,5.919652288215762
seed20260911_n5000,5000,Attentive CNP,m1,0,106,FE,5,1,8709,4.800399347804402,5.388704610779394
seed20260911_n5000,5000,Attentive CNP,m1,0,106,sparse_tail,13,47,68,14.797233690365113,15.36432976644142
seed20260911_n5000,5000,Attentive CNP,m1,0,107,full,442,58,114299,5.60488277340383,7.693191467468638
seed20260911_n5000,5000,Attentive CNP,m1,0,107,DEP,6,0,1323,6.911209998779659,10.725201438889496
seed20260911_n5000,5000,Attentive CNP,m1,0,107,feature_1620kev,6,0,1361,8.964504236911845,12.83218276999002
seed20260911_n5000,5000,Attentive CNP,m1,0,107,continuum_1700_2000,60,0,8230,4.879348105875634,5.77094118184454
seed20260911_n5000,5000,Attentive CNP,m1,0,107,SE,6,0,2023,12.791118407535803,16.80214837362563
seed20260911_n5000,5000,Attentive CNP,m1,0,107,continuum_2200_2400,40,0,9093,5.023311306671485,5.862633501470734
seed20260911_n5000,5000,Attentive CNP,m1,0,107,FE,5,1,8709,4.7946972889334845,5.382878418255261
seed20260911_n5000,5000,Attentive CNP,m1,0,107,sparse_tail,13,47,68,14.773730326774992,15.340444673314785
seed20260911_n5000,5000,Attentive CNP,m1,0,108,full,442,58,114299,5.597945507860269,7.680839725847526
seed20260911_n5000,5000,Attentive CNP,m1,0,108,DEP,6,0,1323,6.868242092704385,10.667319117319753
seed20260911_n5000,5000,Attentive CNP,m1,0,108,feature_1620kev,6,0,1361,8.919731020734007,12.884252872726096
seed20260911_n5000,5000,Attentive CNP,m1,0,108,continuum_1700_2000,60,0,8230,4.939577454749913,5.840083269039031
seed20260911_n5000,5000,Attentive CNP,m1,0,108,SE,6,0,2023,12.883086569857296,16.872246875717043
seed20260911_n5000,5000,Attentive CNP,m1,0,108,continuum_2200_2400,40,0,9093,5.022480513112793,5.866148562447165
seed20260911_n5000,5000,Attentive CNP,m1,0,108,FE,5,1,8709,4.668169266552949,5.268986925037234
seed20260911_n5000,5000,Attentive CNP,m1,0,108,sparse_tail,13,47,68,14.709623308317573,15.274637071290378
seed20260911_n5000,5000,Attentive CNP,m1,0,109,full,442,58,114299,5.607952682915257,7.701238328519916
seed20260911_n5000,5000,Attentive CNP,m1,0,109,DEP,6,0,1323,6.893410898456988,10.701917065972731
seed20260911_n5000,5000,Attentive CNP,m1,0,109,feature_1620kev,6,0,1361,8.947946128565519,12.85450857099423
seed20260911_n5000,5000,Attentive CNP,m1,0,109,continuum_1700_2000,60,0,8230,4.9038134150351995,5.800511317902942
seed20260911_n5000,5000,Attentive CNP,m1,0,109,SE,6,0,2023,12.854096892737275,16.849583620418827
seed20260911_n5000,5000,Attentive CNP,m1,0,109,continuum_2200_2400,40,0,9093,4.98115447663175,5.8202959856807235
seed20260911_n5000,5000,Attentive CNP,m1,0,109,FE,5,1,8709,4.815425001593634,5.402091854357605
seed20260911_n5000,5000,Attentive CNP,m1,0,109,sparse_tail,13,47,68,14.773296548137374,15.338871312780647
seed20260911_n5000,5000,Attentive CNP,m1,1,100,full,442,58,114299,5.173229050274544,7.042260941060337
seed20260911_n5000,5000,Attentive CNP,m1,1,100,DEP,6,0,1323,6.9472972678462686,10.775051168960474
seed20260911_n5000,5000,Attentive CNP,m1,1,100,feature_1620kev,6,0,1361,9.031304860654771,12.780308626508225
seed20260911_n5000,5000,Attentive CNP,m1,1,100,continuum_1700_2000,60,0,8230,4.705776780756819,5.526654647875014
seed20260911_n5000,5000,Attentive CNP,m1,1,100,SE,6,0,2023,11.73078228050632,16.001748059039905
seed20260911_n5000,5000,Attentive CNP,m1,1,100,continuum_2200_2400,40,0,9093,6.9387700390499045,7.953083784252951
seed20260911_n5000,5000,Attentive CNP,m1,1,100,FE,5,1,8709,2.1788888628509326,2.4638598789135
seed20260911_n5000,5000,Attentive CNP,m1,1,100,sparse_tail,13,47,68,11.749795958375806,12.397196903383554
seed20260911_n5000,5000,Attentive CNP,m1,1,101,full,442,58,114299,5.13115431862341,6.983462704581232
seed20260911_n5000,5000,Attentive CNP,m1,1,101,DEP,6,0,1323,6.949404553409823,10.777011939721076
seed20260911_n5000,5000,Attentive CNP,m1,1,101,feature_1620kev,6,0,1361,9.031063395019025,12.779934277514185
seed20260911_n5000,5000,Attentive CNP,m1,1,101,continuum_1700_2000,60,0,8230,4.710778465445158,5.533491999439724
seed20260911_n5000,5000,Attentive CNP,m1,1,101,SE,6,0,2023,11.752979370922752,16.01783955368188
seed20260911_n5000,5000,Attentive CNP,m1,1,101,continuum_2200_2400,40,0,9093,7.092454969198866,8.11764838901118
seed20260911_n5000,5000,Attentive CNP,m1,1,101,FE,5,1,8709,2.3322749772406137,2.70924154063117
seed20260911_n5000,5000,Attentive CNP,m1,1,101,sparse_tail,13,47,68,11.222942414258746,11.887348399227958
seed20260911_n5000,5000,Attentive CNP,m1,1,102,full,442,58,114299,5.150326392277109,7.01449672341381
seed20260911_n5000,5000,Attentive CNP,m1,1,102,DEP,6,0,1323,6.927299541608834,10.747058093499065
seed20260911_n5000,5000,Attentive CNP,m1,1,102,feature_1620kev,6,0,1361,9.008684600615059,12.803882725538095
seed20260911_n5000,5000,Attentive CNP,m1,1,102,continuum_1700_2000,60,0,8230,4.733670020645782,5.558306848982449
seed20260911_n5000,5000,Attentive CNP,m1,1,102,SE,6,0,2023,11.789746761988601,16.04494262298314
seed20260911_n5000,5000,Attentive CNP,m1,1,102,continuum_2200_2400,40,0,9093,7.045824125157697,8.070246690034388
seed20260911_n5000,5000,Attentive CNP,m1,1,102,FE,5,1,8709,2.269418146950735,2.587872908019877
seed20260911_n5000,5000,Attentive CNP,m1,1,102,sparse_tail,13,47,68,11.60148554041695,12.232589703741262
seed20260911_n5000,5000,Attentive CNP,m1,1,103,full,442,58,114299,5.218184099926136,7.093788201208639
seed20260911_n5000,5000,Attentive CNP,m1,1,103,DEP,6,0,1323,7.0461218956775165,10.913762935539815
seed20260911_n5000,5000,Attentive CNP,m1,1,103,feature_1620kev,6,0,1361,9.130465168997766,12.671175070641445
seed20260911_n5000,5000,Attentive CNP,m1,1,103,continuum_1700_2000,60,0,8230,4.5884927983659,5.403765512052772
seed20260911_n5000,5000,Attentive CNP,m1,1,103,SE,6,0,2023,11.491087299890806,15.82608137503318
seed20260911_n5000,5000,Attentive CNP,m1,1,103,continuum_2200_2400,40,0,9093,6.960596569092976,7.957594013776112
seed20260911_n5000,5000,Attentive CNP,m1,1,103,FE,5,1,8709,2.106754883805388,2.425821975687907
seed20260911_n5000,5000,Attentive CNP,m1,1,103,sparse_tail,13,47,68,12.434851066648427,13.03073107140332
seed20260911_n5000,5000,Attentive CNP,m1,1,104,full,442,58,114299,5.190672907001218,7.0615413484837175
seed20260911_n5000,5000,Attentive CNP,m1,1,104,DEP,6,0,1323,7.000766999880748,10.848980732950059
seed20260911_n5000,5000,Attentive CNP,m1,1,104,feature_1620kev,6,0,1361,9.084429102885922,12.720969741083115
seed20260911_n5000,5000,Attentive CNP,m1,1,104,continuum_1700_2000,60,0,8230,4.644106062387019,5.460967077875145
seed20260911_n5000,5000,Attentive CNP,m1,1,104,SE,6,0,2023,11.607815615402377,15.911204701407888
seed20260911_n5000,5000,Attentive CNP,m1,1,104,continuum_2200_2400,40,0,9093,7.007106977624187,8.014649059759146
seed20260911_n5000,5000,Attentive CNP,m1,1,104,FE,5,1,8709,2.1764776473477085,2.4628216858521434
seed20260911_n5000,5000,Attentive CNP,m1,1,104,sparse_tail,13,47,68,12.1420856121061,12.747208749529618
seed20260911_n5000,5000,Attentive CNP,m1,1,105,full,442,58,114299,5.229321777533043,7.1162594874376675
seed20260911_n5000,5000,Attentive CNP,m1,1,105,DEP,6,0,1323,7.017204377897479,10.87344701539875
seed20260911_n5000,5000,Attentive CNP,m1,1,105,feature_1620kev,6,0,1361,9.10091154569862,12.700744471681464
seed20260911_n5000,5000,Attentive CNP,m1,1,105,continuum_1700_2000,60,0,8230,4.619648676074075,5.434650009708853
seed20260911_n5000,5000,Attentive CNP,m1,1,105,SE,6,0,2023,11.542401786542449,15.86382323937626
seed20260911_n5000,5000,Attentive CNP,m1,1,105,continuum_2200_2400,40,0,9093,6.949833419919335,7.948970091758969
seed20260911_n5000,5000,Attentive CNP,m1,1,105,FE,5,1,8709,2.075971778405273,2.4255165325097567
seed20260911_n5000,5000,Attentive CNP,m1,1,105,sparse_tail,13,47,68,12.689738691347438,13.274519226388943
seed20260911_n5000,5000,Attentive CNP,m1,1,106,full,442,58,114299,5.1965970421509216,7.0705867603947175
seed20260911_n5000,5000,Attentive CNP,m1,1,106,DEP,6,0,1323,6.994254581643484,10.839022366294138
seed20260911_n5000,5000,Attentive CNP,m1,1,106,feature_1620kev,6,0,1361,9.07708434721842,12.728810452185883
seed20260911_n5000,5000,Attentive CNP,m1,1,106,continuum_1700_2000,60,0,8230,4.651562443579123,5.468303580733293
seed20260911_n5000,5000,Attentive CNP,m1,1,106,SE,6,0,2023,11.617741360344128,15.918525751929097
seed20260911_n5000,5000,Attentive CNP,m1,1,106,continuum_2200_2400,40,0,9093,6.987589759473376,7.994734576501007
seed20260911_n5000,5000,Attentive CNP,m1,1,106,FE,5,1,8709,2.1531051604251923,2.44482115420866
seed20260911_n5000,5000,Attentive CNP,m1,1,106,sparse_tail,13,47,68,12.215610377941513,12.818000103759083
seed20260911_n5000,5000,Attentive CNP,m1,1,107,full,442,58,114299,5.210056066300888,7.086214256289979
seed20260911_n5000,5000,Attentive CNP,m1,1,107,DEP,6,0,1323,7.024694192121688,10.882403865884973
seed20260911_n5000,5000,Attentive CNP,m1,1,107,feature_1620kev,6,0,1361,9.10750434419034,12.694729519818976
seed20260911_n5000,5000,Attentive CNP,m1,1,107,continuum_1700_2000,60,0,8230,4.615478574827734,5.431257325341984
seed20260911_n5000,5000,Attentive CNP,m1,1,107,SE,6,0,2023,11.547458125084255,15.867036283802022
seed20260911_n5000,5000,Attentive CNP,m1,1,107,continuum_2200_2400,40,0,9093,6.98006084612964,7.981886691653071
seed20260911_n5000,5000,Attentive CNP,m1,1,107,FE,5,1,8709,2.1245937708113236,2.429955528269042
seed20260911_n5000,5000,Attentive CNP,m1,1,107,sparse_tail,13,47,68,12.394226848085378,12.989647803769705
seed20260911_n5000,5000,Attentive CNP,m1,1,108,full,442,58,114299,5.177050919020768,7.036605172988623
seed20260911_n5000,5000,Attentive CNP,m1,1,108,DEP,6,0,1323,7.026530266383212,10.885027962482932
seed20260911_n5000,5000,Attentive CNP,m1,1,108,feature_1620kev,6,0,1361,9.109215863527304,12.69309090724261
seed20260911_n5000,5000,Attentive CNP,m1,1,108,continuum_1700_2000,60,0,8230,4.616287770545261,5.432628765435172
seed20260911_n5000,5000,Attentive CNP,m1,1,108,SE,6,0,2023,11.562434191778374,15.877929478617892
seed20260911_n5000,5000,Attentive CNP,m1,1,108,continuum_2200_2400,40,0,9093,7.0137444040235115,8.019171493249257
seed20260911_n5000,5000,Attentive CNP,m1,1,108,FE,5,1,8709,2.194542839694789,2.4811467260603677
seed20260911_n5000,5000,Attentive CNP,m1,1,108,sparse_tail,13,47,68,11.804453057537858,12.43584827552586
seed20260911_n5000,5000,Attentive CNP,m1,1,109,full,442,58,114299,5.189118620047475,7.064846663998319
seed20260911_n5000,5000,Attentive CNP,m1,1,109,DEP,6,0,1323,6.969485438788213,10.80598796719093
seed20260911_n5000,5000,Attentive CNP,m1,1,109,feature_1620kev,6,0,1361,9.053006755053634,12.755157970895606
seed20260911_n5000,5000,Attentive CNP,m1,1,109,continuum_1700_2000,60,0,8230,4.679435698142967,5.497969275651457
seed20260911_n5000,5000,Attentive CNP,m1,1,109,SE,6,0,2023,11.66961620772415,15.95688130962148
seed20260911_n5000,5000,Attentive CNP,m1,1,109,continuum_2200_2400,40,0,9093,7.001661488445059,8.013056793119992
seed20260911_n5000,5000,Attentive CNP,m1,1,109,FE,5,1,8709,2.175440388044746,2.4615820044660075
seed20260911_n5000,5000,Attentive CNP,m1,1,109,sparse_tail,13,47,68,12.179495701105793,12.77842925353187
seed20260911_n5000,5000,Attentive CNP,m1,2,100,full,442,58,114299,5.741903704429933,8.00692120883629
seed20260911_n5000,5000,Attentive CNP,m1,2,100,DEP,6,0,1323,6.742527658920712,10.509150432077472
seed20260911_n5000,5000,Attentive CNP,m1,2,100,feature_1620kev,6,0,1361,8.838946867936466,13.041537806149602
seed20260911_n5000,5000,Attentive CNP,m1,2,100,continuum_1700_2000,60,0,8230,5.12447858395777,6.054163624701061
seed20260911_n5000,5000,Attentive CNP,m1,2,100,SE,6,0,2023,13.49126348898724,17.331418690198007
seed20260911_n5000,5000,Attentive CNP,m1,2,100,continuum_2200_2400,40,0,9093,4.335808194681345,5.145267529896926
seed20260911_n5000,5000,Attentive CNP,m1,2,100,FE,5,1,8709,6.207737671389596,6.658142194980655
seed20260911_n5000,5000,Attentive CNP,m1,2,100,sparse_tail,13,47,68,15.14944574360364,15.785994624952155
seed20260911_n5000,5000,Attentive CNP,m1,2,101,full,442,58,114299,5.722096554047669,7.973506243929935
seed20260911_n5000,5000,Attentive CNP,m1,2,101,DEP,6,0,1323,6.764692423710707,10.535757621718885
seed20260911_n5000,5000,Attentive CNP,m1,2,101,feature_1620kev,6,0,1361,8.83922722236519,13.01423239174738
seed20260911_n5000,5000,Attentive CNP,m1,2,101,continuum_1700_2000,60,0,8230,5.087132689291074,6.014008547912264
seed20260911_n5000,5000,Attentive CNP,m1,2,101,SE,6,0,2023,13.425657292714522,17.280001846319518
seed20260911_n5000,5000,Attentive CNP,m1,2,101,continuum_2200_2400,40,0,9093,4.377740283123451,5.189252374487108
seed20260911_n5000,5000,Attentive CNP,m1,2,101,FE,5,1,8709,6.061653684714904,6.521612998708355
seed20260911_n5000,5000,Attentive CNP,m1,2,101,sparse_tail,13,47,68,15.036559005440536,15.669458392807833
seed20260911_n5000,5000,Attentive CNP,m1,2,102,full,442,58,114299,5.735966708251426,7.995280991880451
seed20260911_n5000,5000,Attentive CNP,m1,2,102,DEP,6,0,1323,6.735951379979088,10.500762524508536
seed20260911_n5000,5000,Attentive CNP,m1,2,102,feature_1620kev,6,0,1361,8.838335494956123,13.049802236902858
seed20260911_n5000,5000,Attentive CNP,m1,2,102,continuum_1700_2000,60,0,8230,5.133983492563945,6.064435499243177
seed20260911_n5000,5000,Attentive CNP,m1,2,102,SE,6,0,2023,13.507766360425451,17.34405890595751
seed20260911_n5000,5000,Attentive CNP,m1,2,102,continuum_2200_2400,40,0,9093,4.333755082311246,5.145045279395708
seed20260911_n5000,5000,Attentive CNP,m1,2,102,FE,5,1,8709,6.1316241304575705,6.586037497419525
seed20260911_n5000,5000,Attentive CNP,m1,2,102,sparse_tail,13,47,68,15.082342384817698,15.716682245568636
seed20260911_n5000,5000,Attentive CNP,m1,2,103,full,442,58,114299,5.71848364862026,7.969140302497216
seed20260911_n5000,5000,Attentive CNP,m1,2,103,DEP,6,0,1323,6.818203631251706,10.604398545438915
seed20260911_n5000,5000,Attentive CNP,m1,2,103,feature_1620kev,6,0,1361,8.887863680450021,12.947002586940984
seed20260911_n5000,5000,Attentive CNP,m1,2,103,continuum_1700_2000,60,0,8230,5.0020371972612505,5.920040989792037
seed20260911_n5000,5000,Attentive CNP,m1,2,103,SE,6,0,2023,13.265963141305773,17.156397651652394
seed20260911_n5000,5000,Attentive CNP,m1,2,103,continuum_2200_2400,40,0,9093,4.450268688204107,5.259242174725047
seed20260911_n5000,5000,Attentive CNP,m1,2,103,FE,5,1,8709,6.145590302355611,6.599384441396705
seed20260911_n5000,5000,Attentive CNP,m1,2,103,sparse_tail,13,47,68,15.12851160074219,15.764078113376941
seed20260911_n5000,5000,Attentive CNP,m1,2,104,full,442,58,114299,5.7209571206478325,7.9744115379491625
seed20260911_n5000,5000,Attentive CNP,m1,2,104,DEP,6,0,1323,6.801198835212059,10.582215430366738
seed20260911_n5000,5000,Attentive CNP,m1,2,104,feature_1620kev,6,0,1361,8.870356688797312,12.967796962114312
seed20260911_n5000,5000,Attentive CNP,m1,2,104,continuum_1700_2000,60,0,8230,5.025930169696684,5.947511969556962
seed20260911_n5000,5000,Attentive CNP,m1,2,104,SE,6,0,2023,13.313438840397703,17.19314082619803
seed20260911_n5000,5000,Attentive CNP,m1,2,104,continuum_2200_2400,40,0,9093,4.426655291349859,5.235719883454924
seed20260911_n5000,5000,Attentive CNP,m1,2,104,FE,5,1,8709,6.139968406279114,6.594715644173463
seed20260911_n5000,5000,Attentive CNP,m1,2,104,sparse_tail,13,47,68,15.120454388066799,15.755936475097295
seed20260911_n5000,5000,Attentive CNP,m1,2,105,full,442,58,114299,5.728368508105885,7.987582085727325
seed20260911_n5000,5000,Attentive CNP,m1,2,105,DEP,6,0,1323,6.7959784488958395,10.576262548018322
seed20260911_n5000,5000,Attentive CNP,m1,2,105,feature_1620kev,6,0,1361,8.864900820784417,12.973392252591204
seed20260911_n5000,5000,Attentive CNP,m1,2,105,continuum_1700_2000,60,0,8230,5.033668117622135,5.9561692515928035
seed20260911_n5000,5000,Attentive CNP,m1,2,105,SE,6,0,2023,13.32705455689056,17.20391848344022
seed20260911_n5000,5000,Attentive CNP,m1,2,105,continuum_2200_2400,40,0,9093,4.41581875190349,5.223572680416931
seed20260911_n5000,5000,Attentive CNP,m1,2,105,FE,5,1,8709,6.210183213213146,6.659636032816136
seed20260911_n5000,5000,Attentive CNP,m1,2,105,sparse_tail,13,47,68,15.1743509858642,15.811225511680776
seed20260911_n5000,5000,Attentive CNP,m1,2,106,full,442,58,114299,5.723299541200226,7.978188658014986
seed20260911_n5000,5000,Attentive CNP,m1,2,106,DEP,6,0,1323,6.790840417609852,10.56911546642614
seed20260911_n5000,5000,Attentive CNP,m1,2,106,feature_1620kev,6,0,1361,8.8601307558341,12.980871698498788
seed20260911_n5000,5000,Attentive CNP,m1,2,106,continuum_1700_2000,60,0,8230,5.041703273941491,5.964878760000096
seed20260911_n5000,5000,Attentive CNP,m1,2,106,SE,6,0,2023,13.340389694413346,17.214163692791253
seed20260911_n5000,5000,Attentive CNP,m1,2,106,continuum_2200_2400,40,0,9093,4.414702515681925,5.223890859044112
seed20260911_n5000,5000,Attentive CNP,m1,2,106,FE,5,1,8709,6.145065158437961,6.599046147071499
seed20260911_n5000,5000,Attentive CNP,m1,2,106,sparse_tail,13,47,68,15.117273173189888,15.752527493611876
seed20260911_n5000,5000,Attentive CNP,m1,2,107,full,442,58,114299,5.721099525586929,7.974265542690675
seed20260911_n5000,5000,Attentive CNP,m1,2,107,DEP,6,0,1323,6.799968152436302,10.58114409843907
seed20260911_n5000,5000,Attentive CNP,m1,2,107,feature_1620kev,6,0,1361,8.86922648628159,12.968663972705816
seed20260911_n5000,5000,Attentive CNP,m1,2,107,continuum_1700_2000,60,0,8230,5.02807282987194,5.949902192602236
seed20260911_n5000,5000,Attentive CNP,m1,2,107,SE,6,0,2023,13.316791037071576,17.195759203264142
seed20260911_n5000,5000,Attentive CNP,m1,2,107,continuum_2200_2400,40,0,9093,4.42648735456521,5.235731372751511
seed20260911_n5000,5000,Attentive CNP,m1,2,107,FE,5,1,8709,6.139838983873865,6.593848611280848
seed20260911_n5000,5000,Attentive CNP,m1,2,107,sparse_tail,13,47,68,15.120801258992556,15.755895706660361
seed20260911_n5000,5000,Attentive CNP,m1,2,108,full,442,58,114299,5.712681861232594,7.958872185089391
seed20260911_n5000,5000,Attentive CNP,m1,2,108,DEP,6,0,1323,6.80492542916057,10.586658568490092
seed20260911_n5000,5000,Attentive CNP,m1,2,108,feature_1620kev,6,0,1361,8.873802621945929,12.963864424393941
seed20260911_n5000,5000,Attentive CNP,m1,2,108,continuum_1700_2000,60,0,8230,5.022135874854856,5.9433293549661865
seed20260911_n5000,5000,Attentive CNP,m1,2,108,SE,6,0,2023,13.30426344649058,17.18607912347547
seed20260911_n5000,5000,Attentive CNP,m1,2,108,continuum_2200_2400,40,0,9093,4.438917832532915,5.249952548028839
seed20260911_n5000,5000,Attentive CNP,m1,2,108,FE,5,1,8709,6.060499942417433,6.520227694830585
seed20260911_n5000,5000,Attentive CNP,m1,2,108,sparse_tail,13,47,68,15.055924271976393,15.690178441191035
seed20260911_n5000,5000,Attentive CNP,m1,2,109,full,442,58,114299,5.730247057039601,7.989626258084989
seed20260911_n5000,5000,Attentive CNP,m1,2,109,DEP,6,0,1323,6.7713212199513775,10.545057865298393
seed20260911_n5000,5000,Attentive CNP,m1,2,109,feature_1620kev,6,0,1361,8.840771799471254,13.004115695263046
seed20260911_n5000,5000,Attentive CNP,m1,2,109,continuum_1700_2000,60,0,8230,5.072142192826372,5.997836046298106
seed20260911_n5000,5000,Attentive CNP,m1,2,109,SE,6,0,2023,13.395862612767658,17.257217913718492
seed20260911_n5000,5000,Attentive CNP,m1,2,109,continuum_2200_2400,40,0,9093,4.3851493433693305,5.194131214150468
seed20260911_n5000,5000,Attentive CNP,m1,2,109,FE,5,1,8709,6.172203374430894,6.62424244112581
seed20260911_n5000,5000,Attentive CNP,m1,2,109,sparse_tail,13,47,68,15.132261287771687,15.76804773918232
seed20260911_n5000,5000,Attentive CNP + PE,m2,0,100,full,442,58,114299,14.07534910173583,17.578105325814917
seed20260911_n5000,5000,Attentive CNP + PE,m2,0,100,DEP,6,0,1323,21.334529662357657,23.652376816607916
seed20260911_n5000,5000,Attentive CNP + PE,m2,0,100,feature_1620kev,6,0,1361,24.319029973888775,27.774241869482662
seed20260911_n5000,5000,Attentive CNP + PE,m2,0,100,continuum_1700_2000,60,0,8230,14.162650741751499,17.462545848920392
seed20260911_n5000,5000,Attentive CNP + PE,m2,0,100,SE,6,0,2023,12.528198454389983,14.849295415549177
seed20260911_n5000,5000,Attentive CNP + PE,m2,0,100,continuum_2200_2400,40,0,9093,12.83592355939946,15.522093125818829
seed20260911_n5000,5000,Attentive CNP + PE,m2,0,100,FE,5,1,8709,4.511794085997036,4.953279871572662
seed20260911_n5000,5000,Attentive CNP + PE,m2,0,100,sparse_tail,13,47,68,29.218759964948603,32.567796149211
seed20260911_n5000,5000,Attentive CNP + PE,m2,0,101,full,442,58,114299,13.084306302906445,16.83387532497727
seed20260911_n5000,5000,Attentive CNP + PE,m2,0,101,DEP,6,0,1323,19.120925594924895,21.899809769306323
seed20260911_n5000,5000,Attentive CNP + PE,m2,0,101,feature_1620kev,6,0,1361,22.59651345409551,26.126903926150753
seed20260911_n5000,5000,Attentive CNP + PE,m2,0,101,continuum_1700_2000,60,0,8230,13.137430547123957,16.353666226471937
seed20260911_n5000,5000,Attentive CNP + PE,m2,0,101,SE,6,0,2023,10.296304199903702,12.8151503510645
seed20260911_n5000,5000,Attentive CNP + PE,m2,0,101,continuum_2200_2400,40,0,9093,10.871450102004173,13.843763079255808
seed20260911_n5000,5000,Attentive CNP + PE,m2,0,101,FE,5,1,8709,5.662069296866294,5.755272501368319
seed20260911_n5000,5000,Attentive CNP + PE,m2,0,101,sparse_tail,13,47,68,31.45568290068661,34.78620705389204
seed20260911_n5000,5000,Attentive CNP + PE,m2,0,102,full,442,58,114299,14.023561195174919,17.603811704215772
seed20260911_n5000,5000,Attentive CNP + PE,m2,0,102,DEP,6,0,1323,20.60782564349907,23.15483545397722
seed20260911_n5000,5000,Attentive CNP + PE,m2,0,102,feature_1620kev,6,0,1361,23.477430622416083,26.995925596670954
seed20260911_n5000,5000,Attentive CNP + PE,m2,0,102,continuum_1700_2000,60,0,8230,14.086210603871702,17.387112881011866
seed20260911_n5000,5000,Attentive CNP + PE,m2,0,102,SE,6,0,2023,12.169913506239235,14.706168257827311
seed20260911_n5000,5000,Attentive CNP + PE,m2,0,102,continuum_2200_2400,40,0,9093,12.54215185874954,15.346468455112069
seed20260911_n5000,5000,Attentive CNP + PE,m2,0,102,FE,5,1,8709,4.884146619196143,5.125320167768565
seed20260911_n5000,5000,Attentive CNP + PE,m2,0,102,sparse_tail,13,47,68,29.970472524683572,33.7290853163345
seed20260911_n5000,5000,Attentive CNP + PE,m2,0,103,full,442,58,114299,12.719962926032252,16.587198144701727
seed20260911_n5000,5000,Attentive CNP + PE,m2,0,103,DEP,6,0,1323,17.484932439621907,20.51887053954305
seed20260911_n5000,5000,Attentive CNP + PE,m2,0,103,feature_1620kev,6,0,1361,20.485542794591098,24.833695678329498
seed20260911_n5000,5000,Attentive CNP + PE,m2,0,103,continuum_1700_2000,60,0,8230,13.188132010662859,15.900018690995063
seed20260911_n5000,5000,Attentive CNP + PE,m2,0,103,SE,6,0,2023,9.75386059703925,12.112667407957005
seed20260911_n5000,5000,Attentive CNP + PE,m2,0,103,continuum_2200_2400,40,0,9093,9.835315300835449,12.745127902154426
seed20260911_n5000,5000,Attentive CNP + PE,m2,0,103,FE,5,1,8709,6.204232149714626,6.625406447375099
seed20260911_n5000,5000,Attentive CNP + PE,m2,0,103,sparse_tail,13,47,68,33.699216468313395,37.174306529980406
seed20260911_n5000,5000,Attentive CNP + PE,m2,0,104,full,442,58,114299,12.86499926993805,16.71363162207993
seed20260911_n5000,5000,Attentive CNP + PE,m2,0,104,DEP,6,0,1323,17.507012485171924,20.496154844541223
seed20260911_n5000,5000,Attentive CNP + PE,m2,0,104,feature_1620kev,6,0,1361,20.402823858128514,24.814535977966397
seed20260911_n5000,5000,Attentive CNP + PE,m2,0,104,continuum_1700_2000,60,0,8230,13.395622919226474,16.11976515187292
seed20260911_n5000,5000,Attentive CNP + PE,m2,0,104,SE,6,0,2023,9.976443148990164,12.458039721343381
seed20260911_n5000,5000,Attentive CNP + PE,m2,0,104,continuum_2200_2400,40,0,9093,9.966076924868746,12.894227518007304
seed20260911_n5000,5000,Attentive CNP + PE,m2,0,104,FE,5,1,8709,6.271222061721201,6.773004159810253
seed20260911_n5000,5000,Attentive CNP + PE,m2,0,104,sparse_tail,13,47,68,33.71341619707816,37.12343225999466
seed20260911_n5000,5000,Attentive CNP + PE,m2,0,105,full,442,58,114299,12.870137378993075,16.70396062502023
seed20260911_n5000,5000,Attentive CNP + PE,m2,0,105,DEP,6,0,1323,17.66673419656105,20.64720408705039
seed20260911_n5000,5000,Attentive CNP + PE,m2,0,105,feature_1620kev,6,0,1361,20.701835575608676,25.02582208342744
seed20260911_n5000,5000,Attentive CNP + PE,m2,0,105,continuum_1700_2000,60,0,8230,13.412554966253163,16.161602908107263
seed20260911_n5000,5000,Attentive CNP + PE,m2,0,105,SE,6,0,2023,9.973957919410132,12.444103608134556
seed20260911_n5000,5000,Attentive CNP + PE,m2,0,105,continuum_2200_2400,40,0,9093,10.03647381726549,12.9590303242649
seed20260911_n5000,5000,Attentive CNP + PE,m2,0,105,FE,5,1,8709,6.201580880539008,6.542865406186101
seed20260911_n5000,5000,Attentive CNP + PE,m2,0,105,sparse_tail,13,47,68,33.2971025192216,36.85465352576894
seed20260911_n5000,5000,Attentive CNP + PE,m2,0,106,full,442,58,114299,13.495509662945135,17.18440095555127
seed20260911_n5000,5000,Attentive CNP + PE,m2,0,106,DEP,6,0,1323,19.55820768025093,22.299695250488835
seed20260911_n5000,5000,Attentive CNP + PE,m2,0,106,feature_1620kev,6,0,1361,22.487058738525477,26.196215484749708
seed20260911_n5000,5000,Attentive CNP + PE,m2,0,106,continuum_1700_2000,60,0,8230,13.667927629177154,16.868443383778917
seed20260911_n5000,5000,Attentive CNP + PE,m2,0,106,SE,6,0,2023,11.261470665405936,13.85281171684091
seed20260911_n5000,5000,Attentive CNP + PE,m2,0,106,continuum_2200_2400,40,0,9093,11.535520840955641,14.462786685895148
seed20260911_n5000,5000,Attentive CNP + PE,m2,0,106,FE,5,1,8709,5.179384330277501,5.3556265690998615
seed20260911_n5000,5000,Attentive CNP + PE,m2,0,106,sparse_tail,13,47,68,30.79825195231272,34.39469588386405
seed20260911_n5000,5000,Attentive CNP + PE,m2,0,107,full,442,58,114299,12.783102743723381,16.61843710077938
seed20260911_n5000,5000,Attentive CNP + PE,m2,0,107,DEP,6,0,1323,17.702994573522147,20.6671700549601
seed20260911_n5000,5000,Attentive CNP + PE,m2,0,107,feature_1620kev,6,0,1361,20.83455959323183,25.099484296619483
seed20260911_n5000,5000,Attentive CNP + PE,m2,0,107,continuum_1700_2000,60,0,8230,13.289414779565876,16.01036103683778
seed20260911_n5000,5000,Attentive CNP + PE,m2,0,107,SE,6,0,2023,9.847521113667758,12.240095418119404
seed20260911_n5000,5000,Attentive CNP + PE,m2,0,107,continuum_2200_2400,40,0,9093,9.94952064380171,12.90936288780316
seed20260911_n5000,5000,Attentive CNP + PE,m2,0,107,FE,5,1,8709,6.166134406046102,6.465260398746935
seed20260911_n5000,5000,Attentive CNP + PE,m2,0,107,sparse_tail,13,47,68,32.99111972860951,36.55141613011903
seed20260911_n5000,5000,Attentive CNP + PE,m2,0,108,full,442,58,114299,12.922782859904602,16.710340860478386
seed20260911_n5000,5000,Attentive CNP + PE,m2,0,108,DEP,6,0,1323,18.384410211691495,21.25730883677817
seed20260911_n5000,5000,Attentive CNP + PE,m2,0,108,feature_1620kev,6,0,1361,21.37218629937289,25.360943754285582
seed20260911_n5000,5000,Attentive CNP + PE,m2,0,108,continuum_1700_2000,60,0,8230,13.273463365620369,16.17937353865731
seed20260911_n5000,5000,Attentive CNP + PE,m2,0,108,SE,6,0,2023,10.100129901583925,12.634125310108585
seed20260911_n5000,5000,Attentive CNP + PE,m2,0,108,continuum_2200_2400,40,0,9093,10.372845032773418,13.375892540631432
seed20260911_n5000,5000,Attentive CNP + PE,m2,0,108,FE,5,1,8709,5.727498624486562,5.951364017437866
seed20260911_n5000,5000,Attentive CNP + PE,m2,0,108,sparse_tail,13,47,68,32.194075936463015,35.645766407093355
seed20260911_n5000,5000,Attentive CNP + PE,m2,0,109,full,442,58,114299,13.55729373967795,17.22595307116144
seed20260911_n5000,5000,Attentive CNP + PE,m2,0,109,DEP,6,0,1323,19.56066149917458,22.254107637022997
seed20260911_n5000,5000,Attentive CNP + PE,m2,0,109,feature_1620kev,6,0,1361,22.238800778406624,26.102345589063987
seed20260911_n5000,5000,Attentive CNP + PE,m2,0,109,continuum_1700_2000,60,0,8230,13.793962555426187,16.926327965069284
seed20260911_n5000,5000,Attentive CNP + PE,m2,0,109,SE,6,0,2023,11.33550437334871,13.893868591708408
seed20260911_n5000,5000,Attentive CNP + PE,m2,0,109,continuum_2200_2400,40,0,9093,11.527394456729475,14.433220157256496
seed20260911_n5000,5000,Attentive CNP + PE,m2,0,109,FE,5,1,8709,5.363949840907893,5.513026867609331
seed20260911_n5000,5000,Attentive CNP + PE,m2,0,109,sparse_tail,13,47,68,31.146131713474357,34.62719243708672
seed20260911_n5000,5000,Attentive CNP + PE,m2,1,100,full,442,58,114299,12.516568326141837,16.436796323954447
seed20260911_n5000,5000,Attentive CNP + PE,m2,1,100,DEP,6,0,1323,14.302943613681238,18.083827710308125
seed20260911_n5000,5000,Attentive CNP + PE,m2,1,100,feature_1620kev,6,0,1361,15.91703871459075,20.049314001318326
seed20260911_n5000,5000,Attentive CNP + PE,m2,1,100,continuum_1700_2000,60,0,8230,12.818676616467787,15.157693330930774
seed20260911_n5000,5000,Attentive CNP + PE,m2,1,100,SE,6,0,2023,10.20852715123886,12.478750483235315
seed20260911_n5000,5000,Attentive CNP + PE,m2,1,100,continuum_2200_2400,40,0,9093,11.20181263466891,13.387617651045547
seed20260911_n5000,5000,Attentive CNP + PE,m2,1,100,FE,5,1,8709,5.024244239752416,7.451255124145709
seed20260911_n5000,5000,Attentive CNP + PE,m2,1,100,sparse_tail,13,47,68,35.544287391914764,40.504966496800115
seed20260911_n5000,5000,Attentive CNP + PE,m2,1,101,full,442,58,114299,12.30042403597628,16.371632768467894
seed20260911_n5000,5000,Attentive CNP + PE,m2,1,101,DEP,6,0,1323,13.269106120193772,17.307032506204116
seed20260911_n5000,5000,Attentive CNP + PE,m2,1,101,feature_1620kev,6,0,1361,14.446004246553072,19.059322558669027
seed20260911_n5000,5000,Attentive CNP + PE,m2,1,101,continuum_1700_2000,60,0,8230,12.868688152539873,15.138221556483128
seed20260911_n5000,5000,Attentive CNP + PE,m2,1,101,SE,6,0,2023,9.07060087058948,11.14239548848997
seed20260911_n5000,5000,Attentive CNP + PE,m2,1,101,continuum_2200_2400,40,0,9093,10.718072897114464,12.764938887508832
seed20260911_n5000,5000,Attentive CNP + PE,m2,1,101,FE,5,1,8709,5.62825619960199,8.617782025521505
seed20260911_n5000,5000,Attentive CNP + PE,m2,1,101,sparse_tail,13,47,68,37.10950800415819,42.02075582414972
seed20260911_n5000,5000,Attentive CNP + PE,m2,1,102,full,442,58,114299,12.594476467848418,16.49743772734465
seed20260911_n5000,5000,Attentive CNP + PE,m2,1,102,DEP,6,0,1323,14.73003082918881,18.362161877855364
seed20260911_n5000,5000,Attentive CNP + PE,m2,1,102,feature_1620kev,6,0,1361,15.946603328892703,20.103970125548898
seed20260911_n5000,5000,Attentive CNP + PE,m2,1,102,continuum_1700_2000,60,0,8230,12.98034038067738,15.445590984473762
seed20260911_n5000,5000,Attentive CNP + PE,m2,1,102,SE,6,0,2023,10.036586892568208,12.171452238013131
seed20260911_n5000,5000,Attentive CNP + PE,m2,1,102,continuum_2200_2400,40,0,9093,11.567173560948238,13.720009040274572
seed20260911_n5000,5000,Attentive CNP + PE,m2,1,102,FE,5,1,8709,5.054479788235768,7.374124248898614
seed20260911_n5000,5000,Attentive CNP + PE,m2,1,102,sparse_tail,13,47,68,35.16466592099744,40.03563925665321
seed20260911_n5000,5000,Attentive CNP + PE,m2,1,103,full,442,58,114299,12.009436871459206,16.243845381512756
seed20260911_n5000,5000,Attentive CNP + PE,m2,1,103,DEP,6,0,1323,10.98998455195452,15.818585341220007
seed20260911_n5000,5000,Attentive CNP + PE,m2,1,103,feature_1620kev,6,0,1361,13.354162007180573,17.581685914266096
seed20260911_n5000,5000,Attentive CNP + PE,m2,1,103,continuum_1700_2000,60,0,8230,12.645378522126721,14.700299648672088
seed20260911_n5000,5000,Attentive CNP + PE,m2,1,103,SE,6,0,2023,7.94887471366352,10.005000030755241
seed20260911_n5000,5000,Attentive CNP + PE,m2,1,103,continuum_2200_2400,40,0,9093,9.800364286718276,11.638898185615831
seed20260911_n5000,5000,Attentive CNP + PE,m2,1,103,FE,5,1,8709,7.656100040466048,10.200478232505558
seed20260911_n5000,5000,Attentive CNP + PE,m2,1,103,sparse_tail,13,47,68,39.284503416333244,44.035618341185064
seed20260911_n5000,5000,Attentive CNP + PE,m2,1,104,full,442,58,114299,12.133028839898772,16.299303656757218
seed20260911_n5000,5000,Attentive CNP + PE,m2,1,104,DEP,6,0,1323,11.834176225196035,16.266891406509437
seed20260911_n5000,5000,Attentive CNP + PE,m2,1,104,feature_1620kev,6,0,1361,13.68666824942331,18.54088335194744
seed20260911_n5000,5000,Attentive CNP + PE,m2,1,104,continuum_1700_2000,60,0,8230,12.807354724774553,14.863188578391263
seed20260911_n5000,5000,Attentive CNP + PE,m2,1,104,SE,6,0,2023,9.08384043440036,11.226567710171445
seed20260911_n5000,5000,Attentive CNP + PE,m2,1,104,continuum_2200_2400,40,0,9093,10.229634599325413,12.13288712903923
seed20260911_n5000,5000,Attentive CNP + PE,m2,1,104,FE,5,1,8709,6.200544481033128,9.06485660623703
seed20260911_n5000,5000,Attentive CNP + PE,m2,1,104,sparse_tail,13,47,68,38.27638232293724,43.356612215984576
seed20260911_n5000,5000,Attentive CNP + PE,m2,1,105,full,442,58,114299,12.052512257577174,16.225654080024658
seed20260911_n5000,5000,Attentive CNP + PE,m2,1,105,DEP,6,0,1323,11.46631272720166,16.03463482132525
seed20260911_n5000,5000,Attentive CNP + PE,m2,1,105,feature_1620kev,6,0,1361,13.57413099370477,18.117025577471313
seed20260911_n5000,5000,Attentive CNP + PE,m2,1,105,continuum_1700_2000,60,0,8230,12.70870001607759,14.759725783464074
seed20260911_n5000,5000,Attentive CNP + PE,m2,1,105,SE,6,0,2023,8.59358063980683,10.703876430577791
seed20260911_n5000,5000,Attentive CNP + PE,m2,1,105,continuum_2200_2400,40,0,9093,10.029815692521534,11.881947706707779
seed20260911_n5000,5000,Attentive CNP + PE,m2,1,105,FE,5,1,8709,6.994474791697845,9.670274608010251
seed20260911_n5000,5000,Attentive CNP + PE,m2,1,105,sparse_tail,13,47,68,38.60126128653334,43.430176583940515
seed20260911_n5000,5000,Attentive CNP + PE,m2,1,106,full,442,58,114299,12.257856692970117,16.341967344935252
seed20260911_n5000,5000,Attentive CNP + PE,m2,1,106,DEP,6,0,1323,12.99488830361056,17.263503706349194
seed20260911_n5000,5000,Attentive CNP + PE,m2,1,106,feature_1620kev,6,0,1361,14.3964962088344,18.94715970755909
seed20260911_n5000,5000,Attentive CNP + PE,m2,1,106,continuum_1700_2000,60,0,8230,12.876160457549732,15.118901967743293
seed20260911_n5000,5000,Attentive CNP + PE,m2,1,106,SE,6,0,2023,9.059219299780374,11.135524747269763
seed20260911_n5000,5000,Attentive CNP + PE,m2,1,106,continuum_2200_2400,40,0,9093,10.729171388909013,12.813939164664781
seed20260911_n5000,5000,Attentive CNP + PE,m2,1,106,FE,5,1,8709,5.121380029285271,8.359011424995957
seed20260911_n5000,5000,Attentive CNP + PE,m2,1,106,sparse_tail,13,47,68,36.89303685413586,41.84501036541398
seed20260911_n5000,5000,Attentive CNP + PE,m2,1,107,full,442,58,114299,12.047976439670133,16.220463408228447
seed20260911_n5000,5000,Attentive CNP + PE,m2,1,107,DEP,6,0,1323,11.476030311401102,16.099597225536918
seed20260911_n5000,5000,Attentive CNP + PE,m2,1,107,feature_1620kev,6,0,1361,13.532884759265022,18.064495318352428
seed20260911_n5000,5000,Attentive CNP + PE,m2,1,107,continuum_1700_2000,60,0,8230,12.65394728250133,14.692654949685732
seed20260911_n5000,5000,Attentive CNP + PE,m2,1,107,SE,6,0,2023,8.434525152510783,10.562661712788604
seed20260911_n5000,5000,Attentive CNP + PE,m2,1,107,continuum_2200_2400,40,0,9093,9.990165440874978,11.84849735330749
seed20260911_n5000,5000,Attentive CNP + PE,m2,1,107,FE,5,1,8709,7.006219757321633,9.643667899735995
seed20260911_n5000,5000,Attentive CNP + PE,m2,1,107,sparse_tail,13,47,68,38.577045379502174,43.398283226258066
seed20260911_n5000,5000,Attentive CNP + PE,m2,1,108,full,442,58,114299,12.08364375212686,16.287446056950746
seed20260911_n5000,5000,Attentive CNP + PE,m2,1,108,DEP,6,0,1323,11.39831403950268,16.053542823708266
seed20260911_n5000,5000,Attentive CNP + PE,m2,1,108,feature_1620kev,6,0,1361,13.457183785638282,17.85265934330753
seed20260911_n5000,5000,Attentive CNP + PE,m2,1,108,continuum_1700_2000,60,0,8230,12.801191796112462,14.89345710919615
seed20260911_n5000,5000,Attentive CNP + PE,m2,1,108,SE,6,0,2023,8.174037385588646,10.269094375169537
seed20260911_n5000,5000,Attentive CNP + PE,m2,1,108,continuum_2200_2400,40,0,9093,10.030365176188536,11.871757099457337
seed20260911_n5000,5000,Attentive CNP + PE,m2,1,108,FE,5,1,8709,7.287682449776142,9.986325175509904
seed20260911_n5000,5000,Attentive CNP + PE,m2,1,108,sparse_tail,13,47,68,38.98690198213135,43.87372608102662
seed20260911_n5000,5000,Attentive CNP + PE,m2,1,109,full,442,58,114299,12.351592862184361,16.377874963475836
seed20260911_n5000,5000,Attentive CNP + PE,m2,1,109,DEP,6,0,1323,13.454405298194807,17.66936810153999
seed20260911_n5000,5000,Attentive CNP + PE,m2,1,109,feature_1620kev,6,0,1361,15.011070552300273,19.336800241636674
seed20260911_n5000,5000,Attentive CNP + PE,m2,1,109,continuum_1700_2000,60,0,8230,12.905207592090553,15.195006562384005
seed20260911_n5000,5000,Attentive CNP + PE,m2,1,109,SE,6,0,2023,9.385431572422208,11.514484421920168
seed20260911_n5000,5000,Attentive CNP + PE,m2,1,109,continuum_2200_2400,40,0,9093,10.915816048460592,13.072033811911945
seed20260911_n5000,5000,Attentive CNP + PE,m2,1,109,FE,5,1,8709,5.066205996449839,8.016346391141571
seed20260911_n5000,5000,Attentive CNP + PE,m2,1,109,sparse_tail,13,47,68,36.165819537656645,41.03927888321993
seed20260911_n5000,5000,Attentive CNP + PE,m2,2,100,full,442,58,114299,11.794903927004317,15.67600540898558
seed20260911_n5000,5000,Attentive CNP + PE,m2,2,100,DEP,6,0,1323,13.845054241105496,19.140328181848286
seed20260911_n5000,5000,Attentive CNP + PE,m2,2,100,feature_1620kev,6,0,1361,12.630353379121177,15.945539786761726
seed20260911_n5000,5000,Attentive CNP + PE,m2,2,100,continuum_1700_2000,60,0,8230,11.940745711218629,14.22028293453177
seed20260911_n5000,5000,Attentive CNP + PE,m2,2,100,SE,6,0,2023,8.427539568716865,9.780106580662842
seed20260911_n5000,5000,Attentive CNP + PE,m2,2,100,continuum_2200_2400,40,0,9093,8.123526316490567,10.119319815032254
seed20260911_n5000,5000,Attentive CNP + PE,m2,2,100,FE,5,1,8709,8.848530536990603,10.541261055485613
seed20260911_n5000,5000,Attentive CNP + PE,m2,2,100,sparse_tail,13,47,68,33.133197826994696,36.4717738486276
seed20260911_n5000,5000,Attentive CNP + PE,m2,2,101,full,442,58,114299,11.719410598080952,15.639238353923043
seed20260911_n5000,5000,Attentive CNP + PE,m2,2,101,DEP,6,0,1323,13.204235013053037,18.94405664456959
seed20260911_n5000,5000,Attentive CNP + PE,m2,2,101,feature_1620kev,6,0,1361,12.294060250227064,15.463572842113132
seed20260911_n5000,5000,Attentive CNP + PE,m2,2,101,continuum_1700_2000,60,0,8230,11.815095101819056,14.11113276014381
seed20260911_n5000,5000,Attentive CNP + PE,m2,2,101,SE,6,0,2023,7.931605594827381,9.267390610195944
seed20260911_n5000,5000,Attentive CNP + PE,m2,2,101,continuum_2200_2400,40,0,9093,7.981999694468447,9.967682606045654
seed20260911_n5000,5000,Attentive CNP + PE,m2,2,101,FE,5,1,8709,9.375673284774797,11.11554593232838
seed20260911_n5000,5000,Attentive CNP + PE,m2,2,101,sparse_tail,13,47,68,33.641504392236286,36.8166929316303
seed20260911_n5000,5000,Attentive CNP + PE,m2,2,102,full,442,58,114299,11.786958054257408,15.623459564852062
seed20260911_n5000,5000,Attentive CNP + PE,m2,2,102,DEP,6,0,1323,14.544992904364143,19.60358777754439
seed20260911_n5000,5000,Attentive CNP + PE,m2,2,102,feature_1620kev,6,0,1361,12.700462943820092,16.300022841572055
seed20260911_n5000,5000,Attentive CNP + PE,m2,2,102,continuum_1700_2000,60,0,8230,11.953173134822913,14.382422467027295
seed20260911_n5000,5000,Attentive CNP + PE,m2,2,102,SE,6,0,2023,8.599661314662578,9.979387820412555
seed20260911_n5000,5000,Attentive CNP + PE,m2,2,102,continuum_2200_2400,40,0,9093,8.332573737172478,10.280598439862738
seed20260911_n5000,5000,Attentive CNP + PE,m2,2,102,FE,5,1,8709,7.88099082721195,9.818115412065016
seed20260911_n5000,5000,Attentive CNP + PE,m2,2,102,sparse_tail,13,47,68,32.157272228142574,35.3184869693382
seed20260911_n5000,5000,Attentive CNP + PE,m2,2,103,full,442,58,114299,11.92854890824751,16.00327552521065
seed20260911_n5000,5000,Attentive CNP + PE,m2,2,103,DEP,6,0,1323,11.18742361412153,17.36181892017421
seed20260911_n5000,5000,Attentive CNP + PE,m2,2,103,feature_1620kev,6,0,1361,12.078313801352248,14.583347185982493
seed20260911_n5000,5000,Attentive CNP + PE,m2,2,103,continuum_1700_2000,60,0,8230,11.775812710996124,14.018105262916277
seed20260911_n5000,5000,Attentive CNP + PE,m2,2,103,SE,6,0,2023,7.1502555872878775,8.438931273011853
seed20260911_n5000,5000,Attentive CNP + PE,m2,2,103,continuum_2200_2400,40,0,9093,7.867936632041664,9.865743111551938
seed20260911_n5000,5000,Attentive CNP + PE,m2,2,103,FE,5,1,8709,11.906019024820424,13.34288981772747
seed20260911_n5000,5000,Attentive CNP + PE,m2,2,103,sparse_tail,13,47,68,36.2206061180088,39.564206115884794
seed20260911_n5000,5000,Attentive CNP + PE,m2,2,104,full,442,58,114299,11.937872959044274,15.970263292025393
seed20260911_n5000,5000,Attentive CNP + PE,m2,2,104,DEP,6,0,1323,11.556557637681697,17.551881289046513
seed20260911_n5000,5000,Attentive CNP + PE,m2,2,104,feature_1620kev,6,0,1361,12.346900946866288,15.194320410500083
seed20260911_n5000,5000,Attentive CNP + PE,m2,2,104,continuum_1700_2000,60,0,8230,11.915303382565254,14.123634345794661
seed20260911_n5000,5000,Attentive CNP + PE,m2,2,104,SE,6,0,2023,7.554325190651764,8.778420688544236
seed20260911_n5000,5000,Attentive CNP + PE,m2,2,104,continuum_2200_2400,40,0,9093,7.880579789335726,9.938377330381874
seed20260911_n5000,5000,Attentive CNP + PE,m2,2,104,FE,5,1,8709,10.755279894183296,12.315147833902671
seed20260911_n5000,5000,Attentive CNP + PE,m2,2,104,sparse_tail,13,47,68,35.22464996309299,38.72411260218357
seed20260911_n5000,5000,Attentive CNP + PE,m2,2,105,full,442,58,114299,11.888521711763653,15.92623282382747
seed20260911_n5000,5000,Attentive CNP + PE,m2,2,105,DEP,6,0,1323,11.394295430990082,17.422078193722314
seed20260911_n5000,5000,Attentive CNP + PE,m2,2,105,feature_1620kev,6,0,1361,12.228698977348207,14.890405833551497
seed20260911_n5000,5000,Attentive CNP + PE,m2,2,105,continuum_1700_2000,60,0,8230,11.837742868960541,14.042138192838616
seed20260911_n5000,5000,Attentive CNP + PE,m2,2,105,SE,6,0,2023,7.433380973022115,8.687360409858593
seed20260911_n5000,5000,Attentive CNP + PE,m2,2,105,continuum_2200_2400,40,0,9093,7.852483110235993,9.882171775186448
seed20260911_n5000,5000,Attentive CNP + PE,m2,2,105,FE,5,1,8709,11.273522648496003,12.758919669881008
seed20260911_n5000,5000,Attentive CNP + PE,m2,2,105,sparse_tail,13,47,68,35.70137976594429,39.06093060377039
seed20260911_n5000,5000,Attentive CNP + PE,m2,2,106,full,442,58,114299,11.837786124906707,15.788067085928626
seed20260911_n5000,5000,Attentive CNP + PE,m2,2,106,DEP,6,0,1323,12.215015541844961,18.298789403532982
seed20260911_n5000,5000,Attentive CNP + PE,m2,2,106,feature_1620kev,6,0,1361,12.410729342842762,15.424981659097572
seed20260911_n5000,5000,Attentive CNP + PE,m2,2,106,continuum_1700_2000,60,0,8230,11.966052303581904,14.21605424141016
seed20260911_n5000,5000,Attentive CNP + PE,m2,2,106,SE,6,0,2023,7.7286641683095,8.96915534653534
seed20260911_n5000,5000,Attentive CNP + PE,m2,2,106,continuum_2200_2400,40,0,9093,7.969623689798376,9.956115257755673
seed20260911_n5000,5000,Attentive CNP + PE,m2,2,106,FE,5,1,8709,9.842484729005507,11.597336933180705
seed20260911_n5000,5000,Attentive CNP + PE,m2,2,106,sparse_tail,13,47,68,33.946798218123234,37.253911602595316
seed20260911_n5000,5000,Attentive CNP + PE,m2,2,107,full,442,58,114299,11.856788773231944,15.852521696395112
seed20260911_n5000,5000,Attentive CNP + PE,m2,2,107,DEP,6,0,1323,11.819626790264413,17.71851075235181
seed20260911_n5000,5000,Attentive CNP + PE,m2,2,107,feature_1620kev,6,0,1361,12.299341366487521,15.2121965775701
seed20260911_n5000,5000,Attentive CNP + PE,m2,2,107,continuum_1700_2000,60,0,8230,11.855828601784827,14.052368206124585
seed20260911_n5000,5000,Attentive CNP + PE,m2,2,107,SE,6,0,2023,7.766167454386065,9.022506342577866
seed20260911_n5000,5000,Attentive CNP + PE,m2,2,107,continuum_2200_2400,40,0,9093,7.858449504113424,9.916047823847144
seed20260911_n5000,5000,Attentive CNP + PE,m2,2,107,FE,5,1,8709,10.446154171095275,12.02427114343844
seed20260911_n5000,5000,Attentive CNP + PE,m2,2,107,sparse_tail,13,47,68,34.99454571147522,38.394154150098956
seed20260911_n5000,5000,Attentive CNP + PE,m2,2,108,full,442,58,114299,11.939680060773206,15.98916548169742
seed20260911_n5000,5000,Attentive CNP + PE,m2,2,108,DEP,6,0,1323,11.458375022282818,17.57248666081618
seed20260911_n5000,5000,Attentive CNP + PE,m2,2,108,feature_1620kev,6,0,1361,12.182442162847874,14.855438961376406
seed20260911_n5000,5000,Attentive CNP + PE,m2,2,108,continuum_1700_2000,60,0,8230,11.925542722783767,14.1489150726605
seed20260911_n5000,5000,Attentive CNP + PE,m2,2,108,SE,6,0,2023,7.280940065015742,8.531186601665722
seed20260911_n5000,5000,Attentive CNP + PE,m2,2,108,continuum_2200_2400,40,0,9093,7.864545603661216,9.88993692901922
seed20260911_n5000,5000,Attentive CNP + PE,m2,2,108,FE,5,1,8709,11.450904052159377,12.989900452017036
seed20260911_n5000,5000,Attentive CNP + PE,m2,2,108,sparse_tail,13,47,68,35.533860921747205,38.94072521855891
seed20260911_n5000,5000,Attentive CNP + PE,m2,2,109,full,442,58,114299,11.83847808571391,15.75037277434296
seed20260911_n5000,5000,Attentive CNP + PE,m2,2,109,DEP,6,0,1323,12.820495902118223,18.738246142163444
seed20260911_n5000,5000,Attentive CNP + PE,m2,2,109,feature_1620kev,6,0,1361,12.569857167442153,15.728500326905587
seed20260911_n5000,5000,Attentive CNP + PE,m2,2,109,continuum_1700_2000,60,0,8230,11.983900649374075,14.23476919164974
seed20260911_n5000,5000,Attentive CNP + PE,m2,2,109,SE,6,0,2023,8.05312413541513,9.334611651586279
seed20260911_n5000,5000,Attentive CNP + PE,m2,2,109,continuum_2200_2400,40,0,9093,8.051528028120917,10.040790978253124
seed20260911_n5000,5000,Attentive CNP + PE,m2,2,109,FE,5,1,8709,9.290292596569001,11.02496701174449
seed20260911_n5000,5000,Attentive CNP + PE,m2,2,109,sparse_tail,13,47,68,33.46985994537503,36.85422775658274
seed20260911_n5000,5000,Density-guided CNP (ours),ours,0,100,full,442,58,114299,5.582318161652127,7.8594032264131215
seed20260911_n5000,5000,Density-guided CNP (ours),ours,0,100,DEP,6,0,1323,6.1890979594358635,7.585698983385333
seed20260911_n5000,5000,Density-guided CNP (ours),ours,0,100,feature_1620kev,6,0,1361,8.148951477691037,9.193665961368982
seed20260911_n5000,5000,Density-guided CNP (ours),ours,0,100,continuum_1700_2000,60,0,8230,3.9729958104078276,5.20610963718231
seed20260911_n5000,5000,Density-guided CNP (ours),ours,0,100,SE,6,0,2023,3.412575393415877,4.098291128797971
seed20260911_n5000,5000,Density-guided CNP (ours),ours,0,100,continuum_2200_2400,40,0,9093,3.524710515992825,4.326610929323308
seed20260911_n5000,5000,Density-guided CNP (ours),ours,0,100,FE,5,1,8709,5.3885070222575155,6.65170246409917
seed20260911_n5000,5000,Density-guided CNP (ours),ours,0,100,sparse_tail,13,47,68,22.540883011093964,23.95312462908713
seed20260911_n5000,5000,Density-guided CNP (ours),ours,0,101,full,442,58,114299,4.955435799263707,6.511386933743458
seed20260911_n5000,5000,Density-guided CNP (ours),ours,0,101,DEP,6,0,1323,5.794403670814034,6.694465358617936
seed20260911_n5000,5000,Density-guided CNP (ours),ours,0,101,feature_1620kev,6,0,1361,6.068433072441575,7.271450822683849
seed20260911_n5000,5000,Density-guided CNP (ours),ours,0,101,continuum_1700_2000,60,0,8230,3.930325388974841,5.142014588133152
seed20260911_n5000,5000,Density-guided CNP (ours),ours,0,101,SE,6,0,2023,3.419685242565095,4.104082577928046
seed20260911_n5000,5000,Density-guided CNP (ours),ours,0,101,continuum_2200_2400,40,0,9093,3.4600739457302043,4.2677659157936425
seed20260911_n5000,5000,Density-guided CNP (ours),ours,0,101,FE,5,1,8709,4.4802593404698765,4.596920919445816
seed20260911_n5000,5000,Density-guided CNP (ours),ours,0,101,sparse_tail,13,47,68,12.173806038123793,12.94253192867377
seed20260911_n5000,5000,Density-guided CNP (ours),ours,0,102,full,442,58,114299,5.215171717158068,6.9865084123373205
seed20260911_n5000,5000,Density-guided CNP (ours),ours,0,102,DEP,6,0,1323,5.57532443130928,6.702709066344139
seed20260911_n5000,5000,Density-guided CNP (ours),ours,0,102,feature_1620kev,6,0,1361,6.6627758434445665,7.940542930680618
seed20260911_n5000,5000,Density-guided CNP (ours),ours,0,102,continuum_1700_2000,60,0,8230,3.9360135270103807,5.145955400911358
seed20260911_n5000,5000,Density-guided CNP (ours),ours,0,102,SE,6,0,2023,3.3979104653203516,4.085346175649686
seed20260911_n5000,5000,Density-guided CNP (ours),ours,0,102,continuum_2200_2400,40,0,9093,3.4998836583624695,4.310542767911376
seed20260911_n5000,5000,Density-guided CNP (ours),ours,0,102,FE,5,1,8709,5.0394067855631235,5.4250022903928175
seed20260911_n5000,5000,Density-guided CNP (ours),ours,0,102,sparse_tail,13,47,68,15.418076475241627,16.591946297567077
seed20260911_n5000,5000,Density-guided CNP (ours),ours,0,103,full,442,58,114299,5.705065440100517,8.325303006827928
seed20260911_n5000,5000,Density-guided CNP (ours),ours,0,103,DEP,6,0,1323,6.094271656674243,7.443297769306992
seed20260911_n5000,5000,Density-guided CNP (ours),ours,0,103,feature_1620kev,6,0,1361,7.89418929084779,8.96838800369299
seed20260911_n5000,5000,Density-guided CNP (ours),ours,0,103,continuum_1700_2000,60,0,8230,3.934601972058898,5.162049731219374
seed20260911_n5000,5000,Density-guided CNP (ours),ours,0,103,SE,6,0,2023,3.4935336380851383,4.150693099859984
seed20260911_n5000,5000,Density-guided CNP (ours),ours,0,103,continuum_2200_2400,40,0,9093,3.5267411103342985,4.30920899875354
seed20260911_n5000,5000,Density-guided CNP (ours),ours,0,103,FE,5,1,8709,5.281066437004204,6.4950306130540145
seed20260911_n5000,5000,Density-guided CNP (ours),ours,0,103,sparse_tail,13,47,68,28.702046687939227,29.377356266389913
seed20260911_n5000,5000,Density-guided CNP (ours),ours,0,104,full,442,58,114299,5.412846150879017,7.649156366889466
seed20260911_n5000,5000,Density-guided CNP (ours),ours,0,104,DEP,6,0,1323,5.83976870728034,6.750942411532986
seed20260911_n5000,5000,Density-guided CNP (ours),ours,0,104,feature_1620kev,6,0,1361,6.024549295413243,7.2184536902548
seed20260911_n5000,5000,Density-guided CNP (ours),ours,0,104,continuum_1700_2000,60,0,8230,3.926264885508098,5.140687132913981
seed20260911_n5000,5000,Density-guided CNP (ours),ours,0,104,SE,6,0,2023,3.420664814392126,4.106452599066388
seed20260911_n5000,5000,Density-guided CNP (ours),ours,0,104,continuum_2200_2400,40,0,9093,3.4814163578847035,4.283656460669881
seed20260911_n5000,5000,Density-guided CNP (ours),ours,0,104,FE,5,1,8709,5.025733308014211,5.481422373746794
seed20260911_n5000,5000,Density-guided CNP (ours),ours,0,104,sparse_tail,13,47,68,23.54282418533161,24.688258047034132
seed20260911_n5000,5000,Density-guided CNP (ours),ours,0,105,full,442,58,114299,5.8231808273708925,8.807598010053427
seed20260911_n5000,5000,Density-guided CNP (ours),ours,0,105,DEP,6,0,1323,5.6366799266834855,6.82022232836381
seed20260911_n5000,5000,Density-guided CNP (ours),ours,0,105,feature_1620kev,6,0,1361,6.901458758428132,8.131022634737601
seed20260911_n5000,5000,Density-guided CNP (ours),ours,0,105,continuum_1700_2000,60,0,8230,3.926694009620282,5.143286618844573
seed20260911_n5000,5000,Density-guided CNP (ours),ours,0,105,SE,6,0,2023,3.4583967786419776,4.131499221692081
seed20260911_n5000,5000,Density-guided CNP (ours),ours,0,105,continuum_2200_2400,40,0,9093,3.5228798038661524,4.317356368473772
seed20260911_n5000,5000,Density-guided CNP (ours),ours,0,105,FE,5,1,8709,5.515350832286547,6.773385256655658
seed20260911_n5000,5000,Density-guided CNP (ours),ours,0,105,sparse_tail,13,47,68,33.15821691565625,33.791247880296666
seed20260911_n5000,5000,Density-guided CNP (ours),ours,0,106,full,442,58,114299,5.50688870623066,7.786304351708837
seed20260911_n5000,5000,Density-guided CNP (ours),ours,0,106,DEP,6,0,1323,5.581822580792462,6.68635203321995
seed20260911_n5000,5000,Density-guided CNP (ours),ours,0,106,feature_1620kev,6,0,1361,6.638103078928452,7.918460668901421
seed20260911_n5000,5000,Density-guided CNP (ours),ours,0,106,continuum_1700_2000,60,0,8230,3.9286222830257262,5.143992144217495
seed20260911_n5000,5000,Density-guided CNP (ours),ours,0,106,SE,6,0,2023,3.481679450010159,4.143143409604447
seed20260911_n5000,5000,Density-guided CNP (ours),ours,0,106,continuum_2200_2400,40,0,9093,3.518481783639153,4.306127441401294
seed20260911_n5000,5000,Density-guided CNP (ours),ours,0,106,FE,5,1,8709,5.25937757276941,6.276963646026693
seed20260911_n5000,5000,Density-guided CNP (ours),ours,0,106,sparse_tail,13,47,68,23.295705267551803,24.595558230468964
seed20260911_n5000,5000,Density-guided CNP (ours),ours,0,107,full,442,58,114299,5.595575869685249,8.261881353863854
seed20260911_n5000,5000,Density-guided CNP (ours),ours,0,107,DEP,6,0,1323,5.712801064868931,6.617632056953321
seed20260911_n5000,5000,Density-guided CNP (ours),ours,0,107,feature_1620kev,6,0,1361,6.144053226611555,7.360476504091516
seed20260911_n5000,5000,Density-guided CNP (ours),ours,0,107,continuum_1700_2000,60,0,8230,3.9276960280107165,5.141073736623556
seed20260911_n5000,5000,Density-guided CNP (ours),ours,0,107,SE,6,0,2023,3.434539821739052,4.115402729654831
seed20260911_n5000,5000,Density-guided CNP (ours),ours,0,107,continuum_2200_2400,40,0,9093,3.4773705934565724,4.275361861660558
seed20260911_n5000,5000,Density-guided CNP (ours),ours,0,107,FE,5,1,8709,5.121145209081746,5.667297066648009
seed20260911_n5000,5000,Density-guided CNP (ours),ours,0,107,sparse_tail,13,47,68,29.8878954870524,30.548725906094237
seed20260911_n5000,5000,Density-guided CNP (ours),ours,0,108,full,442,58,114299,5.223899575241255,7.21415301793403
seed20260911_n5000,5000,Density-guided CNP (ours),ours,0,108,DEP,6,0,1323,5.608060948422252,6.617420802269586
seed20260911_n5000,5000,Density-guided CNP (ours),ours,0,108,feature_1620kev,6,0,1361,6.42717679520754,7.722548988969323
seed20260911_n5000,5000,Density-guided CNP (ours),ours,0,108,continuum_1700_2000,60,0,8230,3.9249030607422277,5.140436521991212
seed20260911_n5000,5000,Density-guided CNP (ours),ours,0,108,SE,6,0,2023,3.4471091646324483,4.123099634492028
seed20260911_n5000,5000,Density-guided CNP (ours),ours,0,108,continuum_2200_2400,40,0,9093,3.4690474608097306,4.263530249330604
seed20260911_n5000,5000,Density-guided CNP (ours),ours,0,108,FE,5,1,8709,4.8328615934588015,5.047253867115287
seed20260911_n5000,5000,Density-guided CNP (ours),ours,0,108,sparse_tail,13,47,68,19.830255537216328,21.003397684850718
seed20260911_n5000,5000,Density-guided CNP (ours),ours,0,109,full,442,58,114299,5.727679635264998,8.185431033239746
seed20260911_n5000,5000,Density-guided CNP (ours),ours,0,109,DEP,6,0,1323,5.586324355590592,6.730445741744615
seed20260911_n5000,5000,Density-guided CNP (ours),ours,0,109,feature_1620kev,6,0,1361,6.803382027644575,8.052415885536146
seed20260911_n5000,5000,Density-guided CNP (ours),ours,0,109,continuum_1700_2000,60,0,8230,3.9355984859672226,5.153684609191009
seed20260911_n5000,5000,Density-guided CNP (ours),ours,0,109,SE,6,0,2023,3.463598308897077,4.132750115268063
seed20260911_n5000,5000,Density-guided CNP (ours),ours,0,109,continuum_2200_2400,40,0,9093,3.525801223991136,4.312331016270313
seed20260911_n5000,5000,Density-guided CNP (ours),ours,0,109,FE,5,1,8709,5.280684712952659,6.523704590963825
seed20260911_n5000,5000,Density-guided CNP (ours),ours,0,109,sparse_tail,13,47,68,27.152339912402436,27.8280751448318
seed20260911_n5000,5000,Density-guided CNP (ours),ours,1,100,full,442,58,114299,5.383981151421606,7.547003667349878
seed20260911_n5000,5000,Density-guided CNP (ours),ours,1,100,DEP,6,0,1323,5.043286574176131,5.69643321466208
seed20260911_n5000,5000,Density-guided CNP (ours),ours,1,100,feature_1620kev,6,0,1361,6.046189583057573,7.282798546013569
seed20260911_n5000,5000,Density-guided CNP (ours),ours,1,100,continuum_1700_2000,60,0,8230,4.429972170036187,5.583409825042715
seed20260911_n5000,5000,Density-guided CNP (ours),ours,1,100,SE,6,0,2023,3.966171751619965,4.768364016078576
seed20260911_n5000,5000,Density-guided CNP (ours),ours,1,100,continuum_2200_2400,40,0,9093,3.9706703396592498,4.7308332176163805
seed20260911_n5000,5000,Density-guided CNP (ours),ours,1,100,FE,5,1,8709,9.593385803616291,10.266323733844196
seed20260911_n5000,5000,Density-guided CNP (ours),ours,1,100,sparse_tail,13,47,68,12.253448500455372,16.15709416822263
seed20260911_n5000,5000,Density-guided CNP (ours),ours,1,101,full,442,58,114299,5.008205874157257,6.682658530824212
seed20260911_n5000,5000,Density-guided CNP (ours),ours,1,101,DEP,6,0,1323,5.429972912116252,6.41416688702226
seed20260911_n5000,5000,Density-guided CNP (ours),ours,1,101,feature_1620kev,6,0,1361,5.885848018276719,7.017647139544582
seed20260911_n5000,5000,Density-guided CNP (ours),ours,1,101,continuum_1700_2000,60,0,8230,4.4252991515611875,5.599783510178088
seed20260911_n5000,5000,Density-guided CNP (ours),ours,1,101,SE,6,0,2023,4.077091950334303,4.885721791447435
seed20260911_n5000,5000,Density-guided CNP (ours),ours,1,101,continuum_2200_2400,40,0,9093,3.792852222680333,4.57409484399305
seed20260911_n5000,5000,Density-guided CNP (ours),ours,1,101,FE,5,1,8709,4.607596995242547,5.5673938859235825
seed20260911_n5000,5000,Density-guided CNP (ours),ours,1,101,sparse_tail,13,47,68,6.941388854656437,9.474192477708248
seed20260911_n5000,5000,Density-guided CNP (ours),ours,1,102,full,442,58,114299,5.161533827069965,6.980087567040476
seed20260911_n5000,5000,Density-guided CNP (ours),ours,1,102,DEP,6,0,1323,5.121935919353273,5.821028040893766
seed20260911_n5000,5000,Density-guided CNP (ours),ours,1,102,feature_1620kev,6,0,1361,5.816305954459794,6.941998407715078
seed20260911_n5000,5000,Density-guided CNP (ours),ours,1,102,continuum_1700_2000,60,0,8230,4.496137078003581,5.63401661817967
seed20260911_n5000,5000,Density-guided CNP (ours),ours,1,102,SE,6,0,2023,3.9157664195343784,4.6899716115621
seed20260911_n5000,5000,Density-guided CNP (ours),ours,1,102,continuum_2200_2400,40,0,9093,3.9456605745785343,4.713956949411264
seed20260911_n5000,5000,Density-guided CNP (ours),ours,1,102,FE,5,1,8709,6.462362051017773,7.620106161397132
seed20260911_n5000,5000,Density-guided CNP (ours),ours,1,102,sparse_tail,13,47,68,7.230012229453797,10.295965104013838
seed20260911_n5000,5000,Density-guided CNP (ours),ours,1,103,full,442,58,114299,5.619346310915681,7.814760830511059
seed20260911_n5000,5000,Density-guided CNP (ours),ours,1,103,DEP,6,0,1323,5.045486815903712,5.686841197065355
seed20260911_n5000,5000,Density-guided CNP (ours),ours,1,103,feature_1620kev,6,0,1361,5.986008893341023,7.188469240160658
seed20260911_n5000,5000,Density-guided CNP (ours),ours,1,103,continuum_1700_2000,60,0,8230,4.473055522975644,5.621789612624481
seed20260911_n5000,5000,Density-guided CNP (ours),ours,1,103,SE,6,0,2023,4.400497763144664,5.425435556288868
seed20260911_n5000,5000,Density-guided CNP (ours),ours,1,103,continuum_2200_2400,40,0,9093,3.989252323945905,4.723755541841655
seed20260911_n5000,5000,Density-guided CNP (ours),ours,1,103,FE,5,1,8709,9.159520552007343,9.899958748227824
seed20260911_n5000,5000,Density-guided CNP (ours),ours,1,103,sparse_tail,13,47,68,18.3799350082852,19.90003008917155
seed20260911_n5000,5000,Density-guided CNP (ours),ours,1,104,full,442,58,114299,5.242544420837966,7.283006887582909
seed20260911_n5000,5000,Density-guided CNP (ours),ours,1,104,DEP,6,0,1323,5.4768154480358575,6.51681806948001
seed20260911_n5000,5000,Density-guided CNP (ours),ours,1,104,feature_1620kev,6,0,1361,5.897664374417816,7.037704793984421
seed20260911_n5000,5000,Density-guided CNP (ours),ours,1,104,continuum_1700_2000,60,0,8230,4.429970969926868,5.605623324322679
seed20260911_n5000,5000,Density-guided CNP (ours),ours,1,104,SE,6,0,2023,4.056461473124629,4.869411515012735
seed20260911_n5000,5000,Density-guided CNP (ours),ours,1,104,continuum_2200_2400,40,0,9093,3.876295427932324,4.647615963045457
seed20260911_n5000,5000,Density-guided CNP (ours),ours,1,104,FE,5,1,8709,6.75290820963486,7.858599965318776
seed20260911_n5000,5000,Density-guided CNP (ours),ours,1,104,sparse_tail,13,47,68,9.93486618772656,14.863383330739607
seed20260911_n5000,5000,Density-guided CNP (ours),ours,1,105,full,442,58,114299,5.8859903375511635,8.632718393468227
seed20260911_n5000,5000,Density-guided CNP (ours),ours,1,105,DEP,6,0,1323,5.087248989798824,5.7616715781077765
seed20260911_n5000,5000,Density-guided CNP (ours),ours,1,105,feature_1620kev,6,0,1361,5.8271425620665624,6.959279012538272
seed20260911_n5000,5000,Density-guided CNP (ours),ours,1,105,continuum_1700_2000,60,0,8230,4.470530720954107,5.62411171130017
seed20260911_n5000,5000,Density-guided CNP (ours),ours,1,105,SE,6,0,2023,4.254146386906825,5.181960694020221
seed20260911_n5000,5000,Density-guided CNP (ours),ours,1,105,continuum_2200_2400,40,0,9093,3.9844638679610793,4.731324835150843
seed20260911_n5000,5000,Density-guided CNP (ours),ours,1,105,FE,5,1,8709,10.410376753595774,10.946831730327787
seed20260911_n5000,5000,Density-guided CNP (ours),ours,1,105,sparse_tail,13,47,68,27.60845843700815,28.450307566948986
seed20260911_n5000,5000,Density-guided CNP (ours),ours,1,106,full,442,58,114299,5.346172730269117,7.4613702630671215
seed20260911_n5000,5000,Density-guided CNP (ours),ours,1,106,DEP,6,0,1323,5.127019210499217,5.838675349280862
seed20260911_n5000,5000,Density-guided CNP (ours),ours,1,106,feature_1620kev,6,0,1361,5.810965394523258,6.934147293724551
seed20260911_n5000,5000,Density-guided CNP (ours),ours,1,106,continuum_1700_2000,60,0,8230,4.474568875461556,5.625628532032608
seed20260911_n5000,5000,Density-guided CNP (ours),ours,1,106,SE,6,0,2023,4.373399013313025,5.368359366549632
seed20260911_n5000,5000,Density-guided CNP (ours),ours,1,106,continuum_2200_2400,40,0,9093,3.9938047285664435,4.733619742828584
seed20260911_n5000,5000,Density-guided CNP (ours),ours,1,106,FE,5,1,8709,8.661921687701883,9.484523704001683
seed20260911_n5000,5000,Density-guided CNP (ours),ours,1,106,sparse_tail,13,47,68,10.428983115326503,15.087286440587805
seed20260911_n5000,5000,Density-guided CNP (ours),ours,1,107,full,442,58,114299,5.578343469558869,7.807297266592235
seed20260911_n5000,5000,Density-guided CNP (ours),ours,1,107,DEP,6,0,1323,5.356043978757262,6.2632448279418105
seed20260911_n5000,5000,Density-guided CNP (ours),ours,1,107,feature_1620kev,6,0,1361,5.876893982197809,7.003371021628394
seed20260911_n5000,5000,Density-guided CNP (ours),ours,1,107,continuum_1700_2000,60,0,8230,4.429082111272187,5.601495331177242
seed20260911_n5000,5000,Density-guided CNP (ours),ours,1,107,SE,6,0,2023,4.164510876794864,5.027241171890725
seed20260911_n5000,5000,Density-guided CNP (ours),ours,1,107,continuum_2200_2400,40,0,9093,3.891139934665782,4.657568224173325
seed20260911_n5000,5000,Density-guided CNP (ours),ours,1,107,FE,5,1,8709,7.295632017507392,8.343420610758479
seed20260911_n5000,5000,Density-guided CNP (ours),ours,1,107,sparse_tail,13,47,68,20.29682220440548,21.574936368311256
seed20260911_n5000,5000,Density-guided CNP (ours),ours,1,108,full,442,58,114299,5.207669515248926,7.09220947582343
seed20260911_n5000,5000,Density-guided CNP (ours),ours,1,108,DEP,6,0,1323,5.193723273422605,5.948073901273233
seed20260911_n5000,5000,Density-guided CNP (ours),ours,1,108,feature_1620kev,6,0,1361,5.830609129985734,6.951485124653615
seed20260911_n5000,5000,Density-guided CNP (ours),ours,1,108,continuum_1700_2000,60,0,8230,4.462657954658933,5.618502277936539
seed20260911_n5000,5000,Density-guided CNP (ours),ours,1,108,SE,6,0,2023,4.1970719685232565,5.0779777575637555
seed20260911_n5000,5000,Density-guided CNP (ours),ours,1,108,continuum_2200_2400,40,0,9093,3.872404629547048,4.638914171196038
seed20260911_n5000,5000,Density-guided CNP (ours),ours,1,108,FE,5,1,8709,5.573476837705134,6.910595387962378
seed20260911_n5000,5000,Density-guided CNP (ours),ours,1,108,sparse_tail,13,47,68,9.23110984245808,13.539545011541684
seed20260911_n5000,5000,Density-guided CNP (ours),ours,1,109,full,442,58,114299,5.568255110182527,7.7314279683444305
seed20260911_n5000,5000,Density-guided CNP (ours),ours,1,109,DEP,6,0,1323,5.125436605225112,5.81786482892269
seed20260911_n5000,5000,Density-guided CNP (ours),ours,1,109,feature_1620kev,6,0,1361,5.861165489431064,6.999113808731938
seed20260911_n5000,5000,Density-guided CNP (ours),ours,1,109,continuum_1700_2000,60,0,8230,4.484418610721782,5.629564159181066
seed20260911_n5000,5000,Density-guided CNP (ours),ours,1,109,SE,6,0,2023,4.3023241284733835,5.268008898070933
seed20260911_n5000,5000,Density-guided CNP (ours),ours,1,109,continuum_2200_2400,40,0,9093,3.9939953209916355,4.732644352268614
seed20260911_n5000,5000,Density-guided CNP (ours),ours,1,109,FE,5,1,8709,9.378122466323502,10.066203083464323
seed20260911_n5000,5000,Density-guided CNP (ours),ours,1,109,sparse_tail,13,47,68,16.42854126132221,18.311651617491627
seed20260911_n5000,5000,Density-guided CNP (ours),ours,2,100,full,442,58,114299,5.702734939545757,8.387989479446206
seed20260911_n5000,5000,Density-guided CNP (ours),ours,2,100,DEP,6,0,1323,5.3138109070310104,5.724873170364665
seed20260911_n5000,5000,Density-guided CNP (ours),ours,2,100,feature_1620kev,6,0,1361,5.672723853282564,6.238014147297287
seed20260911_n5000,5000,Density-guided CNP (ours),ours,2,100,continuum_1700_2000,60,0,8230,3.947428120794839,5.172344372212099
seed20260911_n5000,5000,Density-guided CNP (ours),ours,2,100,SE,6,0,2023,4.019713508413539,5.219256815494435
seed20260911_n5000,5000,Density-guided CNP (ours),ours,2,100,continuum_2200_2400,40,0,9093,3.8695396325966733,4.616891981800271
seed20260911_n5000,5000,Density-guided CNP (ours),ours,2,100,FE,5,1,8709,8.201160929277899,9.174066528239473
seed20260911_n5000,5000,Density-guided CNP (ours),ours,2,100,sparse_tail,13,47,68,25.126737063692584,27.36810436184609
seed20260911_n5000,5000,Density-guided CNP (ours),ours,2,101,full,442,58,114299,4.9484723322201125,6.582902182017867
seed20260911_n5000,5000,Density-guided CNP (ours),ours,2,101,DEP,6,0,1323,4.6272362857970375,5.700974755750118
seed20260911_n5000,5000,Density-guided CNP (ours),ours,2,101,feature_1620kev,6,0,1361,2.7950879371963793,3.8321445550738416
seed20260911_n5000,5000,Density-guided CNP (ours),ours,2,101,continuum_1700_2000,60,0,8230,4.250156853756255,5.393085133793068
seed20260911_n5000,5000,Density-guided CNP (ours),ours,2,101,SE,6,0,2023,4.060987537182755,5.218278188631072
seed20260911_n5000,5000,Density-guided CNP (ours),ours,2,101,continuum_2200_2400,40,0,9093,3.463348848404555,4.167955065891597
seed20260911_n5000,5000,Density-guided CNP (ours),ours,2,101,FE,5,1,8709,4.194335424457635,4.666169407901212
seed20260911_n5000,5000,Density-guided CNP (ours),ours,2,101,sparse_tail,13,47,68,12.15331032629167,13.128847676793374
seed20260911_n5000,5000,Density-guided CNP (ours),ours,2,102,full,442,58,114299,5.266898669962353,7.161499518934181
seed20260911_n5000,5000,Density-guided CNP (ours),ours,2,102,DEP,6,0,1323,4.862356608972048,5.378540724707352
seed20260911_n5000,5000,Density-guided CNP (ours),ours,2,102,feature_1620kev,6,0,1361,3.9900764190414404,4.802451570142831
seed20260911_n5000,5000,Density-guided CNP (ours),ours,2,102,continuum_1700_2000,60,0,8230,4.114987949086264,5.27192596919586
seed20260911_n5000,5000,Density-guided CNP (ours),ours,2,102,SE,6,0,2023,3.9730919453041733,5.104611483621082
seed20260911_n5000,5000,Density-guided CNP (ours),ours,2,102,continuum_2200_2400,40,0,9093,3.739472036573871,4.4794963253055124
seed20260911_n5000,5000,Density-guided CNP (ours),ours,2,102,FE,5,1,8709,5.266997594405772,6.628078602289846
seed20260911_n5000,5000,Density-guided CNP (ours),ours,2,102,sparse_tail,13,47,68,16.56832051669374,17.19278326127419
seed20260911_n5000,5000,Density-guided CNP (ours),ours,2,103,full,442,58,114299,6.017153641049171,9.168448749667487
seed20260911_n5000,5000,Density-guided CNP (ours),ours,2,103,DEP,6,0,1323,5.232034480750097,5.628513130014854
seed20260911_n5000,5000,Density-guided CNP (ours),ours,2,103,feature_1620kev,6,0,1361,5.319406451277123,5.917558623984396
seed20260911_n5000,5000,Density-guided CNP (ours),ours,2,103,continuum_1700_2000,60,0,8230,4.06558072048352,5.259296034661385
seed20260911_n5000,5000,Density-guided CNP (ours),ours,2,103,SE,6,0,2023,4.477938450118852,5.829588937371613
seed20260911_n5000,5000,Density-guided CNP (ours),ours,2,103,continuum_2200_2400,40,0,9093,4.02147870016262,4.792812152354333
seed20260911_n5000,5000,Density-guided CNP (ours),ours,2,103,FE,5,1,8709,7.725438827994957,8.753204185852637
seed20260911_n5000,5000,Density-guided CNP (ours),ours,2,103,sparse_tail,13,47,68,34.23560247463839,34.8999212262512
seed20260911_n5000,5000,Density-guided CNP (ours),ours,2,104,full,442,58,114299,5.4287589145542645,7.90738626033358
seed20260911_n5000,5000,Density-guided CNP (ours),ours,2,104,DEP,6,0,1323,4.651721504179207,5.768760271361884
seed20260911_n5000,5000,Density-guided CNP (ours),ours,2,104,feature_1620kev,6,0,1361,2.7078683702812274,3.7447903467204635
seed20260911_n5000,5000,Density-guided CNP (ours),ours,2,104,continuum_1700_2000,60,0,8230,4.25266540791204,5.395324901366472
seed20260911_n5000,5000,Density-guided CNP (ours),ours,2,104,SE,6,0,2023,4.043876137824693,5.209625545342784
seed20260911_n5000,5000,Density-guided CNP (ours),ours,2,104,continuum_2200_2400,40,0,9093,3.5580458103300723,4.29793745604203
seed20260911_n5000,5000,Density-guided CNP (ours),ours,2,104,FE,5,1,8709,5.759381746069201,7.1176800844794625
seed20260911_n5000,5000,Density-guided CNP (ours),ours,2,104,sparse_tail,13,47,68,22.784132289794158,25.2240604839975
seed20260911_n5000,5000,Density-guided CNP (ours),ours,2,105,full,442,58,114299,6.124205565897416,9.71964713732562
seed20260911_n5000,5000,Density-guided CNP (ours),ours,2,105,DEP,6,0,1323,4.92542693587326,5.391550126044777
seed20260911_n5000,5000,Density-guided CNP (ours),ours,2,105,feature_1620kev,6,0,1361,4.224308447536413,4.986995433597947
seed20260911_n5000,5000,Density-guided CNP (ours),ours,2,105,continuum_1700_2000,60,0,8230,4.145024132606214,5.310228527148873
seed20260911_n5000,5000,Density-guided CNP (ours),ours,2,105,SE,6,0,2023,4.2470856950441735,5.576306786767231
seed20260911_n5000,5000,Density-guided CNP (ours),ours,2,105,continuum_2200_2400,40,0,9093,3.9123585437035686,4.666407539568372
seed20260911_n5000,5000,Density-guided CNP (ours),ours,2,105,FE,5,1,8709,9.039219151793718,9.84617390875997
seed20260911_n5000,5000,Density-guided CNP (ours),ours,2,105,sparse_tail,13,47,68,38.29813401166336,38.97078519192287
seed20260911_n5000,5000,Density-guided CNP (ours),ours,2,106,full,442,58,114299,5.601588950791054,8.162290476630151
seed20260911_n5000,5000,Density-guided CNP (ours),ours,2,106,DEP,6,0,1323,4.860345240847325,5.393122377190285
seed20260911_n5000,5000,Density-guided CNP (ours),ours,2,106,feature_1620kev,6,0,1361,3.9612876459441857,4.779655679966012
seed20260911_n5000,5000,Density-guided CNP (ours),ours,2,106,continuum_1700_2000,60,0,8230,4.152136846384691,5.317024128957442
seed20260911_n5000,5000,Density-guided CNP (ours),ours,2,106,SE,6,0,2023,4.394573143452234,5.738144413254093
seed20260911_n5000,5000,Density-guided CNP (ours),ours,2,106,continuum_2200_2400,40,0,9093,3.895530730391668,4.647691148569331
seed20260911_n5000,5000,Density-guided CNP (ours),ours,2,106,FE,5,1,8709,7.3832999079551955,8.500183267448174
seed20260911_n5000,5000,Density-guided CNP (ours),ours,2,106,sparse_tail,13,47,68,23.02843406742761,25.729375555473606
seed20260911_n5000,5000,Density-guided CNP (ours),ours,2,107,full,442,58,114299,5.839635538546461,9.083682159666125
seed20260911_n5000,5000,Density-guided CNP (ours),ours,2,107,DEP,6,0,1323,4.647404563336668,5.585457253015354
seed20260911_n5000,5000,Density-guided CNP (ours),ours,2,107,feature_1620kev,6,0,1361,2.8978145042575325,3.9386802795283113
seed20260911_n5000,5000,Density-guided CNP (ours),ours,2,107,continuum_1700_2000,60,0,8230,4.245275661772899,5.389341843818734
seed20260911_n5000,5000,Density-guided CNP (ours),ours,2,107,SE,6,0,2023,4.131418503465338,5.381247107649391
seed20260911_n5000,5000,Density-guided CNP (ours),ours,2,107,continuum_2200_2400,40,0,9093,3.587177287679429,4.325977901945881
seed20260911_n5000,5000,Density-guided CNP (ours),ours,2,107,FE,5,1,8709,6.234714178141282,7.570533221598345
seed20260911_n5000,5000,Density-guided CNP (ours),ours,2,107,sparse_tail,13,47,68,35.02374095865986,35.70580551691057
seed20260911_n5000,5000,Density-guided CNP (ours),ours,2,108,full,442,58,114299,5.319738666915611,7.5127000880454275
seed20260911_n5000,5000,Density-guided CNP (ours),ours,2,108,DEP,6,0,1323,4.801877107010553,5.414436619350344
seed20260911_n5000,5000,Density-guided CNP (ours),ours,2,108,feature_1620kev,6,0,1361,3.670628326049372,4.5590441990587856
seed20260911_n5000,5000,Density-guided CNP (ours),ours,2,108,continuum_1700_2000,60,0,8230,4.16608432190437,5.3276164778614055
seed20260911_n5000,5000,Density-guided CNP (ours),ours,2,108,SE,6,0,2023,4.15642626769551,5.433522250125669
seed20260911_n5000,5000,Density-guided CNP (ours),ours,2,108,continuum_2200_2400,40,0,9093,3.5548487975968315,4.283515403903001
seed20260911_n5000,5000,Density-guided CNP (ours),ours,2,108,FE,5,1,8709,4.876153277071673,6.136633371646936
seed20260911_n5000,5000,Density-guided CNP (ours),ours,2,108,sparse_tail,13,47,68,19.683560642577756,22.010162777609754
seed20260911_n5000,5000,Density-guided CNP (ours),ours,2,109,full,442,58,114299,5.919865386514696,8.921086396753335
seed20260911_n5000,5000,Density-guided CNP (ours),ours,2,109,DEP,6,0,1323,4.9372402729475855,5.421987255050439
seed20260911_n5000,5000,Density-guided CNP (ours),ours,2,109,feature_1620kev,6,0,1361,4.307011347754089,5.061955122594238
seed20260911_n5000,5000,Density-guided CNP (ours),ours,2,109,continuum_1700_2000,60,0,8230,4.096044690214164,5.274232464668331
seed20260911_n5000,5000,Density-guided CNP (ours),ours,2,109,SE,6,0,2023,4.318930118831869,5.653671959328699
seed20260911_n5000,5000,Density-guided CNP (ours),ours,2,109,continuum_2200_2400,40,0,9093,3.9642868442795116,4.727565509296651
seed20260911_n5000,5000,Density-guided CNP (ours),ours,2,109,FE,5,1,8709,7.940300046739969,8.908302852486836
seed20260911_n5000,5000,Density-guided CNP (ours),ours,2,109,sparse_tail,13,47,68,32.15183377240412,32.82876826356223
original_n10000,10000,CNP,m0,0,100,full,442,58,114299,5.08920602789429,6.776889391398157
original_n10000,10000,CNP,m0,0,100,DEP,6,0,1323,7.779354010441645,11.700406485176186
original_n10000,10000,CNP,m0,0,100,feature_1620kev,6,0,1361,9.65676219988152,12.224467919337721
original_n10000,10000,CNP,m0,0,100,continuum_1700_2000,60,0,8230,4.042197337905528,4.948982178524848
original_n10000,10000,CNP,m0,0,100,SE,6,0,2023,10.251788287698322,14.951992996601305
original_n10000,10000,CNP,m0,0,100,continuum_2200_2400,40,0,9093,5.771909067475356,6.555956396856789
original_n10000,10000,CNP,m0,0,100,FE,5,1,8709,3.2357862403138435,3.8067582615726887
original_n10000,10000,CNP,m0,0,100,sparse_tail,13,47,68,6.4769823338793096,7.698250179016377
original_n10000,10000,CNP,m0,0,101,full,442,58,114299,5.095739190937588,6.779763617956659
original_n10000,10000,CNP,m0,0,101,DEP,6,0,1323,7.795035667722251,11.714114642511497
original_n10000,10000,CNP,m0,0,101,feature_1620kev,6,0,1361,9.663779559501034,12.219276672981698
original_n10000,10000,CNP,m0,0,101,continuum_1700_2000,60,0,8230,4.041657648670622,4.948867542752383
original_n10000,10000,CNP,m0,0,101,SE,6,0,2023,10.260103180946777,14.957684344013783
original_n10000,10000,CNP,m0,0,101,continuum_2200_2400,40,0,9093,5.784035213073596,6.5700340119374045
original_n10000,10000,CNP,m0,0,101,FE,5,1,8709,3.225001013260284,3.7921822393927282
original_n10000,10000,CNP,m0,0,101,sparse_tail,13,47,68,6.518670003430124,7.726023013361141
original_n10000,10000,CNP,m0,0,102,full,442,58,114299,5.111608377232565,6.78373018081847
original_n10000,10000,CNP,m0,0,102,DEP,6,0,1323,7.9440800168024115,11.843695867369112
original_n10000,10000,CNP,m0,0,102,feature_1620kev,6,0,1361,9.7394571678425,12.165918221963308
original_n10000,10000,CNP,m0,0,102,continuum_1700_2000,60,0,8230,3.9963314322656034,4.938119826194668
original_n10000,10000,CNP,m0,0,102,SE,6,0,2023,9.980781789115872,14.767592035846159
original_n10000,10000,CNP,m0,0,102,continuum_2200_2400,40,0,9093,6.000515812878089,6.785840797433059
original_n10000,10000,CNP,m0,0,102,FE,5,1,8709,3.4123559211519163,4.0510865333794746
original_n10000,10000,CNP,m0,0,102,sparse_tail,13,47,68,6.385382485509805,7.631844851900062
original_n10000,10000,CNP,m0,0,103,full,442,58,114299,5.080242889631539,6.845850480047084
original_n10000,10000,CNP,m0,0,103,DEP,6,0,1323,7.243514210749226,11.198337331303772
original_n10000,10000,CNP,m0,0,103,feature_1620kev,6,0,1361,9.346140314756111,12.485570374351102
original_n10000,10000,CNP,m0,0,103,continuum_1700_2000,60,0,8230,4.304151792216552,5.122809900686481
original_n10000,10000,CNP,m0,0,103,SE,6,0,2023,11.350067850989234,15.72492825777072
original_n10000,10000,CNP,m0,0,103,continuum_2200_2400,40,0,9093,4.928989979475375,5.732364568154324
original_n10000,10000,CNP,m0,0,103,FE,5,1,8709,2.4835168118447526,2.872877877994896
original_n10000,10000,CNP,m0,0,103,sparse_tail,13,47,68,6.986850569469784,8.086311060664874
original_n10000,10000,CNP,m0,0,104,full,442,58,114299,5.087749619159611,6.786181553308555
original_n10000,10000,CNP,m0,0,104,DEP,6,0,1323,7.625943535320605,11.570574741131937
original_n10000,10000,CNP,m0,0,104,feature_1620kev,6,0,1361,9.577934074408102,12.284154225474488
original_n10000,10000,CNP,m0,0,104,continuum_1700_2000,60,0,8230,4.105449323849741,4.976484288306859
original_n10000,10000,CNP,m0,0,104,SE,6,0,2023,10.566337472032545,15.16930502615794
original_n10000,10000,CNP,m0,0,104,continuum_2200_2400,40,0,9093,5.543472914211976,6.334633556512167
original_n10000,10000,CNP,m0,0,104,FE,5,1,8709,2.9994153754895345,3.4922096830107314
original_n10000,10000,CNP,m0,0,104,sparse_tail,13,47,68,6.681849948018851,7.8460789858250655
original_n10000,10000,CNP,m0,0,105,full,442,58,114299,5.079624392980955,6.800474964179504
original_n10000,10000,CNP,m0,0,105,DEP,6,0,1323,7.457605527285079,11.431029663812666
original_n10000,10000,CNP,m0,0,105,feature_1620kev,6,0,1361,9.493613312907643,12.353496757654622
original_n10000,10000,CNP,m0,0,105,continuum_1700_2000,60,0,8230,4.166660188669505,5.016046822844776
original_n10000,10000,CNP,m0,0,105,SE,6,0,2023,10.838325161962405,15.359957781648802
original_n10000,10000,CNP,m0,0,105,continuum_2200_2400,40,0,9093,5.317534222523161,6.113089577362463
original_n10000,10000,CNP,m0,0,105,FE,5,1,8709,2.804151521841987,3.24495335519457
original_n10000,10000,CNP,m0,0,105,sparse_tail,13,47,68,6.78960458450298,7.929750160295594
original_n10000,10000,CNP,m0,0,106,full,442,58,114299,5.0892297739932175,6.781302685554246
original_n10000,10000,CNP,m0,0,106,DEP,6,0,1323,7.701480154329558,11.6341215963521
original_n10000,10000,CNP,m0,0,106,feature_1620kev,6,0,1361,9.616439716542718,12.25448827257216
original_n10000,10000,CNP,m0,0,106,continuum_1700_2000,60,0,8230,4.075044828838629,4.9615137842613395
original_n10000,10000,CNP,m0,0,106,SE,6,0,2023,10.421008761307714,15.06843993846524
original_n10000,10000,CNP,m0,0,106,continuum_2200_2400,40,0,9093,5.653615521228363,6.4412713941377415
original_n10000,10000,CNP,m0,0,106,FE,5,1,8709,3.107338215634031,3.6339291762666086
original_n10000,10000,CNP,m0,0,106,sparse_tail,13,47,68,6.595458461465767,7.782810123070207
original_n10000,10000,CNP,m0,0,107,full,442,58,114299,5.077723000344283,6.816911758743934
original_n10000,10000,CNP,m0,0,107,DEP,6,0,1323,7.32356151172935,11.322902838119498
original_n10000,10000,CNP,m0,0,107,feature_1620kev,6,0,1361,9.426017330189147,12.412239596835791
original_n10000,10000,CNP,m0,0,107,continuum_1700_2000,60,0,8230,4.227383687646661,5.059810409454161
original_n10000,10000,CNP,m0,0,107,SE,6,0,2023,11.074526542594887,15.52736085285222
original_n10000,10000,CNP,m0,0,107,continuum_2200_2400,40,0,9093,5.138853517252425,5.9353740330481495
original_n10000,10000,CNP,m0,0,107,FE,5,1,8709,2.6620328986513306,3.074208107959215
original_n10000,10000,CNP,m0,0,107,sparse_tail,13,47,68,6.875438169206481,7.997417616796354
original_n10000,10000,CNP,m0,0,108,full,442,58,114299,5.08002974933267,6.847844529592013
original_n10000,10000,CNP,m0,0,108,DEP,6,0,1323,7.237539902842545,11.188990089775636
original_n10000,10000,CNP,m0,0,108,feature_1620kev,6,0,1361,9.340018867784293,12.491307513207568
original_n10000,10000,CNP,m0,0,108,continuum_1700_2000,60,0,8230,4.309998229493376,5.128153921472994
original_n10000,10000,CNP,m0,0,108,SE,6,0,2023,11.371368190387992,15.740373020981652
original_n10000,10000,CNP,m0,0,108,continuum_2200_2400,40,0,9093,4.912901607510557,5.717106477352762
original_n10000,10000,CNP,m0,0,108,FE,5,1,8709,2.4734509308137835,2.8617764578617653
original_n10000,10000,CNP,m0,0,108,sparse_tail,13,47,68,6.990517126046281,8.089375461445995
original_n10000,10000,CNP,m0,0,109,full,442,58,114299,5.101926169600914,6.781878440444704
original_n10000,10000,CNP,m0,0,109,DEP,6,0,1323,7.849128621823649,11.760710913129028
original_n10000,10000,CNP,m0,0,109,feature_1620kev,6,0,1361,9.691202977768071,12.199442978762692
original_n10000,10000,CNP,m0,0,109,continuum_1700_2000,60,0,8230,4.023230162674005,4.943312440635707
original_n10000,10000,CNP,m0,0,109,SE,6,0,2023,10.156539105532337,14.886894286295673
original_n10000,10000,CNP,m0,0,109,continuum_2200_2400,40,0,9093,5.863624106739599,6.648686863035995
original_n10000,10000,CNP,m0,0,109,FE,5,1,8709,3.2778814524528426,3.8644788940170436
original_n10000,10000,CNP,m0,0,109,sparse_tail,13,47,68,6.484248980094274,7.701592391459493
original_n10000,10000,CNP,m0,1,100,full,442,58,114299,5.01653418206838,6.609965344557731
original_n10000,10000,CNP,m0,1,100,DEP,6,0,1323,7.7448429105401395,11.668816540962206
original_n10000,10000,CNP,m0,1,100,feature_1620kev,6,0,1361,9.611968309637863,12.23233232395166
original_n10000,10000,CNP,m0,1,100,continuum_1700_2000,60,0,8230,4.028381106199256,4.947424764026109
original_n10000,10000,CNP,m0,1,100,SE,6,0,2023,9.825203179028756,14.637181083633735
original_n10000,10000,CNP,m0,1,100,continuum_2200_2400,40,0,9093,6.684724910519786,7.664572927894933
original_n10000,10000,CNP,m0,1,100,FE,5,1,8709,9.576803477752726,9.893068632822748
original_n10000,10000,CNP,m0,1,100,sparse_tail,13,47,68,5.060567091778863,6.75049292262046
original_n10000,10000,CNP,m0,1,101,full,442,58,114299,4.950987582422205,6.550653941087859
original_n10000,10000,CNP,m0,1,101,DEP,6,0,1323,7.623744732498143,11.566056611686474
original_n10000,10000,CNP,m0,1,101,feature_1620kev,6,0,1361,9.551846357042477,12.279865567615968
original_n10000,10000,CNP,m0,1,101,continuum_1700_2000,60,0,8230,4.0693260214781795,4.956641178797274
original_n10000,10000,CNP,m0,1,101,SE,6,0,2023,10.0183949191142,14.779803828825466
original_n10000,10000,CNP,m0,1,101,continuum_2200_2400,40,0,9093,6.347315431568032,7.33546338373912
original_n10000,10000,CNP,m0,1,101,FE,5,1,8709,9.252159098990024,9.578802859885524
original_n10000,10000,CNP,m0,1,101,sparse_tail,13,47,68,5.14583002956894,6.786270172352762
original_n10000,10000,CNP,m0,1,102,full,442,58,114299,5.035872968815144,6.6271983809134465
original_n10000,10000,CNP,m0,1,102,DEP,6,0,1323,7.789998703759826,11.707531304374017
original_n10000,10000,CNP,m0,1,102,feature_1620kev,6,0,1361,9.63487685470798,12.21517671837031
original_n10000,10000,CNP,m0,1,102,continuum_1700_2000,60,0,8230,4.014551484357671,4.945466642153568
original_n10000,10000,CNP,m0,1,102,SE,6,0,2023,9.77223466878817,14.584083130237454
original_n10000,10000,CNP,m0,1,102,continuum_2200_2400,40,0,9093,6.760252109834301,7.7365849840816585
original_n10000,10000,CNP,m0,1,102,FE,5,1,8709,9.637855726388123,9.952241543163183
original_n10000,10000,CNP,m0,1,102,sparse_tail,13,47,68,5.044193139191036,6.744507813673783
original_n10000,10000,CNP,m0,1,103,full,442,58,114299,4.839568164250636,6.456144088832266
original_n10000,10000,CNP,m0,1,103,DEP,6,0,1323,7.321146580408705,11.318335677336151
original_n10000,10000,CNP,m0,1,103,feature_1620kev,6,0,1361,9.400027474590178,12.409838034184407
original_n10000,10000,CNP,m0,1,103,continuum_1700_2000,60,0,8230,4.17631785406555,5.010645070066482
original_n10000,10000,CNP,m0,1,103,SE,6,0,2023,10.548837179380467,15.142962836339041
original_n10000,10000,CNP,m0,1,103,continuum_2200_2400,40,0,9093,5.633189709406343,6.625384109109358
original_n10000,10000,CNP,m0,1,103,FE,5,1,8709,8.408212348113741,8.765418200738317
original_n10000,10000,CNP,m0,1,103,sparse_tail,13,47,68,5.388883521721196,6.898257335834941
original_n10000,10000,CNP,m0,1,104,full,442,58,114299,4.925523561376151,6.5250061174947875
original_n10000,10000,CNP,m0,1,104,DEP,6,0,1323,7.571811567471287,11.522504285912666
original_n10000,10000,CNP,m0,1,104,feature_1620kev,6,0,1361,9.525905215876836,12.301337429495298
original_n10000,10000,CNP,m0,1,104,continuum_1700_2000,60,0,8230,4.086067105336914,4.962134191467709
original_n10000,10000,CNP,m0,1,104,SE,6,0,2023,10.11246779406925,14.843062376347701
original_n10000,10000,CNP,m0,1,104,continuum_2200_2400,40,0,9093,6.128836863916972,7.121474469992625
original_n10000,10000,CNP,m0,1,104,FE,5,1,8709,8.930478075363425,9.268078035468962
original_n10000,10000,CNP,m0,1,104,sparse_tail,13,47,68,5.246179231653154,6.830161329593919
original_n10000,10000,CNP,m0,1,105,full,442,58,114299,4.917757408123066,6.5180079451722035
original_n10000,10000,CNP,m0,1,105,DEP,6,0,1323,7.536053336060794,11.492930598699715
original_n10000,10000,CNP,m0,1,105,feature_1620kev,6,0,1361,9.507684098798862,12.316162062283958
original_n10000,10000,CNP,m0,1,105,continuum_1700_2000,60,0,8230,4.099936091132392,4.967669859008876
original_n10000,10000,CNP,m0,1,105,SE,6,0,2023,10.170340801390052,14.882617411841034
original_n10000,10000,CNP,m0,1,105,continuum_2200_2400,40,0,9093,6.086115003308567,7.082650868743784
original_n10000,10000,CNP,m0,1,105,FE,5,1,8709,8.87983335242838,9.219166815339348
original_n10000,10000,CNP,m0,1,105,sparse_tail,13,47,68,5.264255579464034,6.8383586318236125
original_n10000,10000,CNP,m0,1,106,full,442,58,114299,4.940295560307635,6.5389394005743755
original_n10000,10000,CNP,m0,1,106,DEP,6,0,1323,7.595056796444921,11.54200087981239
original_n10000,10000,CNP,m0,1,106,feature_1620kev,6,0,1361,9.537373455962694,12.291543514294217
original_n10000,10000,CNP,m0,1,106,continuum_1700_2000,60,0,8230,4.078972110503641,4.959767578656573
original_n10000,10000,CNP,m0,1,106,SE,6,0,2023,10.065481663314744,14.811451809431395
original_n10000,10000,CNP,m0,1,106,continuum_2200_2400,40,0,9093,6.25469508429646,7.24478195844749
original_n10000,10000,CNP,m0,1,106,FE,5,1,8709,9.114535314649846,9.44571686693617
original_n10000,10000,CNP,m0,1,106,sparse_tail,13,47,68,5.189211014889329,6.805479519094066
original_n10000,10000,CNP,m0,1,107,full,442,58,114299,4.869777468402097,6.479913726512549
original_n10000,10000,CNP,m0,1,107,DEP,6,0,1323,7.409488970612172,11.389242751508512
original_n10000,10000,CNP,m0,1,107,feature_1620kev,6,0,1361,9.444287586241927,12.370388626052488
original_n10000,10000,CNP,m0,1,107,continuum_1700_2000,60,0,8230,4.145090949749903,4.990454094135176
original_n10000,10000,CNP,m0,1,107,SE,6,0,2023,10.389582074946508,15.032929296864268
original_n10000,10000,CNP,m0,1,107,continuum_2200_2400,40,0,9093,5.83355103549595,6.8328550906589
original_n10000,10000,CNP,m0,1,107,FE,5,1,8709,8.642787290666284,8.990945491339799
original_n10000,10000,CNP,m0,1,107,sparse_tail,13,47,68,5.3253422868988025,6.867109151462018
original_n10000,10000,CNP,m0,1,108,full,442,58,114299,4.827389280337267,6.447901955661055
original_n10000,10000,CNP,m0,1,108,DEP,6,0,1323,7.29306933212825,11.28292755139924
original_n10000,10000,CNP,m0,1,108,feature_1620kev,6,0,1361,9.377640728194736,12.430100699765925
original_n10000,10000,CNP,m0,1,108,continuum_1700_2000,60,0,8230,4.194282196243501,5.022435802169997
original_n10000,10000,CNP,m0,1,108,SE,6,0,2023,10.620236828722408,15.192881920371242
original_n10000,10000,CNP,m0,1,108,continuum_2200_2400,40,0,9093,5.57885875021781,6.571580372992155
original_n10000,10000,CNP,m0,1,108,FE,5,1,8709,8.384569475592548,8.742595302523096
original_n10000,10000,CNP,m0,1,108,sparse_tail,13,47,68,5.390770827582143,6.899890077471309
original_n10000,10000,CNP,m0,1,109,full,442,58,114299,5.001684392232622,6.592820103616119
original_n10000,10000,CNP,m0,1,109,DEP,6,0,1323,7.727197171451998,11.653584013447698
original_n10000,10000,CNP,m0,1,109,feature_1620kev,6,0,1361,9.603469430727325,12.23927318630729
original_n10000,10000,CNP,m0,1,109,continuum_1700_2000,60,0,8230,4.032232222157839,4.9479520653019105
original_n10000,10000,CNP,m0,1,109,SE,6,0,2023,9.844540418357777,14.65660823313582
original_n10000,10000,CNP,m0,1,109,continuum_2200_2400,40,0,9093,6.5567752682397895,7.5349534572766945
original_n10000,10000,CNP,m0,1,109,FE,5,1,8709,9.39305423702784,9.715243051308297
original_n10000,10000,CNP,m0,1,109,sparse_tail,13,47,68,5.116001687860494,6.773086261598069
original_n10000,10000,CNP,m0,2,100,full,442,58,114299,5.037386964075506,6.870546359441638
original_n10000,10000,CNP,m0,2,100,DEP,6,0,1323,6.661113342602946,10.400833676851134
original_n10000,10000,CNP,m0,2,100,feature_1620kev,6,0,1361,8.855233992464173,13.141357568734493
original_n10000,10000,CNP,m0,2,100,continuum_1700_2000,60,0,8230,4.9678930412271445,5.8153840704915
original_n10000,10000,CNP,m0,2,100,SE,6,0,2023,12.566485203528863,16.620775598238215
original_n10000,10000,CNP,m0,2,100,continuum_2200_2400,40,0,9093,4.675642089320797,5.5214796073685815
original_n10000,10000,CNP,m0,2,100,FE,5,1,8709,2.7636882691037727,3.2751510252641585
original_n10000,10000,CNP,m0,2,100,sparse_tail,13,47,68,7.9824726657866885,8.743715767799236
original_n10000,10000,CNP,m0,2,101,full,442,58,114299,5.080607627165878,6.940977448855129
original_n10000,10000,CNP,m0,2,101,DEP,6,0,1323,6.608355531078482,10.340483398465448
original_n10000,10000,CNP,m0,2,101,feature_1620kev,6,0,1361,8.854950780036443,13.211094523549052
original_n10000,10000,CNP,m0,2,101,continuum_1700_2000,60,0,8230,5.040312120042077,5.906948493852559
original_n10000,10000,CNP,m0,2,101,SE,6,0,2023,12.768465300351709,16.773771593669267
original_n10000,10000,CNP,m0,2,101,continuum_2200_2400,40,0,9093,4.495193424727395,5.330357042249583
original_n10000,10000,CNP,m0,2,101,FE,5,1,8709,2.5473926637635285,3.046908373100634
original_n10000,10000,CNP,m0,2,101,sparse_tail,13,47,68,8.12984441810683,8.8842752770714
original_n10000,10000,CNP,m0,2,102,full,442,58,114299,5.020273558148363,6.840041738213108
original_n10000,10000,CNP,m0,2,102,DEP,6,0,1323,6.689893563907072,10.434254808646225
original_n10000,10000,CNP,m0,2,102,feature_1620kev,6,0,1361,8.855422918247648,13.104404603561532
original_n10000,10000,CNP,m0,2,102,continuum_1700_2000,60,0,8230,4.929355147632542,5.768319872597525
original_n10000,10000,CNP,m0,2,102,SE,6,0,2023,12.463592850923673,16.54325024592542
original_n10000,10000,CNP,m0,2,102,continuum_2200_2400,40,0,9093,4.767986133212866,5.616401596950426
original_n10000,10000,CNP,m0,2,102,FE,5,1,8709,2.8591035474207027,3.383292835609528
original_n10000,10000,CNP,m0,2,102,sparse_tail,13,47,68,7.922361905577935,8.686624181375374
original_n10000,10000,CNP,m0,2,103,full,442,58,114299,5.121948124012037,6.996949070784243
original_n10000,10000,CNP,m0,2,103,DEP,6,0,1323,6.628040612659131,10.36453528252204
original_n10000,10000,CNP,m0,2,103,feature_1620kev,6,0,1361,8.854559760254341,13.182899272810372
original_n10000,10000,CNP,m0,2,103,continuum_1700_2000,60,0,8230,5.01880395691874,5.883178736997354
original_n10000,10000,CNP,m0,2,103,SE,6,0,2023,12.783702040192082,16.785245501970092
original_n10000,10000,CNP,m0,2,103,continuum_2200_2400,40,0,9093,4.419284030992827,5.248864797250053
original_n10000,10000,CNP,m0,2,103,FE,5,1,8709,2.3485139249239144,2.792677719541155
original_n10000,10000,CNP,m0,2,103,sparse_tail,13,47,68,8.430105437800352,9.169202841560098
original_n10000,10000,CNP,m0,2,104,full,442,58,114299,5.052379081275606,6.886294000439531
original_n10000,10000,CNP,m0,2,104,DEP,6,0,1323,6.700862855784694,10.448959547484211
original_n10000,10000,CNP,m0,2,104,feature_1620kev,6,0,1361,8.855082069920499,13.088435493398082
original_n10000,10000,CNP,m0,2,104,continuum_1700_2000,60,0,8230,4.9183977267722065,5.757888211808719
original_n10000,10000,CNP,m0,2,104,SE,6,0,2023,12.49327632979389,16.565475364229528
original_n10000,10000,CNP,m0,2,104,continuum_2200_2400,40,0,9093,4.686994482472541,5.5302032742153875
original_n10000,10000,CNP,m0,2,104,FE,5,1,8709,2.609383281511806,3.109812674879358
original_n10000,10000,CNP,m0,2,104,sparse_tail,13,47,68,8.175214475883266,8.921147053586138
original_n10000,10000,CNP,m0,2,105,full,442,58,114299,5.038965312411,6.8602751598561165
original_n10000,10000,CNP,m0,2,105,DEP,6,0,1323,6.746845831675918,10.505086080558637
original_n10000,10000,CNP,m0,2,105,feature_1620kev,6,0,1361,8.855065095980075,13.029631983582727
original_n10000,10000,CNP,m0,2,105,continuum_1700_2000,60,0,8230,4.858017994920879,5.687572916148517
original_n10000,10000,CNP,m0,2,105,SE,6,0,2023,12.354354334852598,16.461164201444216
original_n10000,10000,CNP,m0,2,105,continuum_2200_2400,40,0,9093,4.7911885914743895,5.635871930575961
original_n10000,10000,CNP,m0,2,105,FE,5,1,8709,2.651178331364044,3.1536204743437546
original_n10000,10000,CNP,m0,2,105,sparse_tail,13,47,68,8.187633159502914,8.92960244026662
original_n10000,10000,CNP,m0,2,106,full,442,58,114299,5.054962465619147,6.894975094975936
original_n10000,10000,CNP,m0,2,106,DEP,6,0,1323,6.666230226812943,10.407624119546007
original_n10000,10000,CNP,m0,2,106,feature_1620kev,6,0,1361,8.855143593825726,13.133820623116698
original_n10000,10000,CNP,m0,2,106,continuum_1700_2000,60,0,8230,4.962783973115583,5.810521154876793
original_n10000,10000,CNP,m0,2,106,SE,6,0,2023,12.582411946344225,16.632791173313684
original_n10000,10000,CNP,m0,2,106,continuum_2200_2400,40,0,9093,4.6375866965661885,5.4790137223184585
original_n10000,10000,CNP,m0,2,106,FE,5,1,8709,2.636683465689174,3.1381277843188498
original_n10000,10000,CNP,m0,2,106,sparse_tail,13,47,68,8.109836086658671,8.862309842264084
original_n10000,10000,CNP,m0,2,107,full,442,58,114299,5.0663167784886625,6.90619892315657
original_n10000,10000,CNP,m0,2,107,DEP,6,0,1323,6.703050556744887,10.452060073137048
original_n10000,10000,CNP,m0,2,107,feature_1620kev,6,0,1361,8.855043132017688,13.085338190274543
original_n10000,10000,CNP,m0,2,107,continuum_1700_2000,60,0,8230,4.91729912474178,5.75764424110757
original_n10000,10000,CNP,m0,2,107,SE,6,0,2023,12.512315173310043,16.579800834101583
original_n10000,10000,CNP,m0,2,107,continuum_2200_2400,40,0,9093,4.651973059278092,5.491193172978998
original_n10000,10000,CNP,m0,2,107,FE,5,1,8709,2.5154209903865543,3.015572100672651
original_n10000,10000,CNP,m0,2,107,sparse_tail,13,47,68,8.272173213560764,9.012750288018925
original_n10000,10000,CNP,m0,2,108,full,442,58,114299,5.138510936480037,7.024293290869882
original_n10000,10000,CNP,m0,2,108,DEP,6,0,1323,6.600917442433012,10.333682365256571
original_n10000,10000,CNP,m0,2,108,feature_1620kev,6,0,1361,8.854773213319564,13.219387821754724
original_n10000,10000,CNP,m0,2,108,continuum_1700_2000,60,0,8230,5.055047362408887,5.929263245880821
original_n10000,10000,CNP,m0,2,108,SE,6,0,2023,12.872875121326862,16.853149218515775
original_n10000,10000,CNP,m0,2,108,continuum_2200_2400,40,0,9093,4.349727117966663,5.179650493201586
original_n10000,10000,CNP,m0,2,108,FE,5,1,8709,2.3301606576060037,2.749409590781754
original_n10000,10000,CNP,m0,2,108,sparse_tail,13,47,68,8.456283633519735,9.196652433051822
original_n10000,10000,CNP,m0,2,109,full,442,58,114299,5.007974102391122,6.813823553528953
original_n10000,10000,CNP,m0,2,109,DEP,6,0,1323,6.745745279584443,10.502496638260705
original_n10000,10000,CNP,m0,2,109,feature_1620kev,6,0,1361,8.855427150921496,13.032035807202803
original_n10000,10000,CNP,m0,2,109,continuum_1700_2000,60,0,8230,4.855393695390413,5.682272257073692
original_n10000,10000,CNP,m0,2,109,SE,6,0,2023,12.296343235431852,16.41781763012519
original_n10000,10000,CNP,m0,2,109,continuum_2200_2400,40,0,9093,4.892767540205788,5.742908140394175
original_n10000,10000,CNP,m0,2,109,FE,5,1,8709,2.885942759659619,3.414387498335719
original_n10000,10000,CNP,m0,2,109,sparse_tail,13,47,68,7.9566992293603285,8.714930987240818
original_n10000,10000,Attentive CNP,m1,0,100,full,442,58,114299,5.135018897981068,6.825075564222765
original_n10000,10000,Attentive CNP,m1,0,100,DEP,6,0,1323,7.378880635144218,11.375272169918405
original_n10000,10000,Attentive CNP,m1,0,100,feature_1620kev,6,0,1361,9.388961995754764,12.394228793809516
original_n10000,10000,Attentive CNP,m1,0,100,continuum_1700_2000,60,0,8230,4.4718409095623715,5.315627230219432
original_n10000,10000,Attentive CNP,m1,0,100,SE,6,0,2023,11.62983220759564,15.938124055906174
original_n10000,10000,Attentive CNP,m1,0,100,continuum_2200_2400,40,0,9093,6.216576996332442,7.154026378815603
original_n10000,10000,Attentive CNP,m1,0,100,FE,5,1,8709,3.203272877788367,3.7910546118250954
original_n10000,10000,Attentive CNP,m1,0,100,sparse_tail,13,47,68,7.226774948714426,8.080786579670786
original_n10000,10000,Attentive CNP,m1,0,101,full,442,58,114299,5.096879058297219,6.790746885197114
original_n10000,10000,Attentive CNP,m1,0,101,DEP,6,0,1323,7.190570182479599,11.135788015437505
original_n10000,10000,Attentive CNP,m1,0,101,feature_1620kev,6,0,1361,9.23142808246352,12.540636760934628
original_n10000,10000,Attentive CNP,m1,0,101,continuum_1700_2000,60,0,8230,4.665122445690524,5.511343379527739
original_n10000,10000,Attentive CNP,m1,0,101,SE,6,0,2023,11.947643912327752,16.1733356321296
original_n10000,10000,Attentive CNP,m1,0,101,continuum_2200_2400,40,0,9093,6.263077134912034,7.228116996484594
original_n10000,10000,Attentive CNP,m1,0,101,FE,5,1,8709,3.483400221221978,4.171683138131225
original_n10000,10000,Attentive CNP,m1,0,101,sparse_tail,13,47,68,7.0962911832661995,7.968466576958567
original_n10000,10000,Attentive CNP,m1,0,102,full,442,58,114299,5.101709997347345,6.8001166342751675
original_n10000,10000,Attentive CNP,m1,0,102,DEP,6,0,1323,7.220695550436612,11.182748761817225
original_n10000,10000,Attentive CNP,m1,0,102,feature_1620kev,6,0,1361,9.263999950677688,12.510786421171312
original_n10000,10000,Attentive CNP,m1,0,102,continuum_1700_2000,60,0,8230,4.624459891429686,5.46937505377153
original_n10000,10000,Attentive CNP,m1,0,102,SE,6,0,2023,11.920168732035469,16.151862010892728
original_n10000,10000,Attentive CNP,m1,0,102,continuum_2200_2400,40,0,9093,6.180597213520069,7.138317786305803
original_n10000,10000,Attentive CNP,m1,0,102,FE,5,1,8709,3.361404031530081,4.003493229843519
original_n10000,10000,Attentive CNP,m1,0,102,sparse_tail,13,47,68,7.150264805996727,8.01471628601472
original_n10000,10000,Attentive CNP,m1,0,103,full,442,58,114299,5.154388199460282,6.830177193699429
original_n10000,10000,Attentive CNP,m1,0,103,DEP,6,0,1323,7.498176825998948,11.4736054724004
original_n10000,10000,Attentive CNP,m1,0,103,feature_1620kev,6,0,1361,9.448790208009829,12.340435093976561
original_n10000,10000,Attentive CNP,m1,0,103,continuum_1700_2000,60,0,8230,4.406420601775989,5.246103871974623
original_n10000,10000,Attentive CNP,m1,0,103,SE,6,0,2023,11.419422823166446,15.784856951551582
original_n10000,10000,Attentive CNP,m1,0,103,continuum_2200_2400,40,0,9093,6.38109106039266,7.312276823326391
original_n10000,10000,Attentive CNP,m1,0,103,FE,5,1,8709,3.265461196019307,3.8743319630259876
original_n10000,10000,Attentive CNP,m1,0,103,sparse_tail,13,47,68,7.219334259254227,8.072876383302562
original_n10000,10000,Attentive CNP,m1,0,104,full,442,58,114299,5.105595281645376,6.789520858496154
original_n10000,10000,Attentive CNP,m1,0,104,DEP,6,0,1323,7.28865361708028,11.288385981505341
original_n10000,10000,Attentive CNP,m1,0,104,feature_1620kev,6,0,1361,9.3342035833828,12.445058214368466
original_n10000,10000,Attentive CNP,m1,0,104,continuum_1700_2000,60,0,8230,4.531867020878121,5.373744225231369
original_n10000,10000,Attentive CNP,m1,0,104,SE,6,0,2023,11.707906415709713,15.995912386941166
original_n10000,10000,Attentive CNP,m1,0,104,continuum_2200_2400,40,0,9093,6.312774814588465,7.265382669470663
original_n10000,10000,Attentive CNP,m1,0,104,FE,5,1,8709,3.521380341518654,4.207827694377207
original_n10000,10000,Attentive CNP,m1,0,104,sparse_tail,13,47,68,7.072308349117165,7.95060287606377
original_n10000,10000,Attentive CNP,m1,0,105,full,442,58,114299,5.1350754588313885,6.81882068584853
original_n10000,10000,Attentive CNP,m1,0,105,DEP,6,0,1323,7.422703842710394,11.41114929291714
original_n10000,10000,Attentive CNP,m1,0,105,feature_1620kev,6,0,1361,9.41008034377933,12.37389824284187
original_n10000,10000,Attentive CNP,m1,0,105,continuum_1700_2000,60,0,8230,4.445976002419718,5.287465439908702
original_n10000,10000,Attentive CNP,m1,0,105,SE,6,0,2023,11.555875826047304,15.884340182843221
original_n10000,10000,Attentive CNP,m1,0,105,continuum_2200_2400,40,0,9093,6.279123056543916,7.216111327709548
original_n10000,10000,Attentive CNP,m1,0,105,FE,5,1,8709,3.282781760234599,3.8973456121860637
original_n10000,10000,Attentive CNP,m1,0,105,sparse_tail,13,47,68,7.194296636545292,8.053378760232052
original_n10000,10000,Attentive CNP,m1,0,106,full,442,58,114299,5.1324521149727635,6.812939228084161
original_n10000,10000,Attentive CNP,m1,0,106,DEP,6,0,1323,7.410799758715836,11.401503788564362
original_n10000,10000,Attentive CNP,m1,0,106,feature_1620kev,6,0,1361,9.405072884359008,12.379630371939895
original_n10000,10000,Attentive CNP,m1,0,106,continuum_1700_2000,60,0,8230,4.4517806352110885,5.292494117405379
original_n10000,10000,Attentive CNP,m1,0,106,SE,6,0,2023,11.534291364670779,15.868716047986537
original_n10000,10000,Attentive CNP,m1,0,106,continuum_2200_2400,40,0,9093,6.338186199206716,7.276730970852187
original_n10000,10000,Attentive CNP,m1,0,106,FE,5,1,8709,3.350790081561656,3.9892229432585684
original_n10000,10000,Attentive CNP,m1,0,106,sparse_tail,13,47,68,7.1568543827645135,8.018833813456796
original_n10000,10000,Attentive CNP,m1,0,107,full,442,58,114299,5.112666376667139,6.798521653627391
original_n10000,10000,Attentive CNP,m1,0,107,DEP,6,0,1323,7.309264759553814,11.319970026542691
original_n10000,10000,Attentive CNP,m1,0,107,feature_1620kev,6,0,1361,9.354433297696698,12.425451316620881
original_n10000,10000,Attentive CNP,m1,0,107,continuum_1700_2000,60,0,8230,4.505602771929876,5.34917834231351
original_n10000,10000,Attentive CNP,m1,0,107,SE,6,0,2023,11.673430509885275,15.970595034385818
original_n10000,10000,Attentive CNP,m1,0,107,continuum_2200_2400,40,0,9093,6.2827533045870565,7.230144071018249
original_n10000,10000,Attentive CNP,m1,0,107,FE,5,1,8709,3.412110118308594,4.073123719245321
original_n10000,10000,Attentive CNP,m1,0,107,sparse_tail,13,47,68,7.1264776951113395,7.994168119856816
original_n10000,10000,Attentive CNP,m1,0,108,full,442,58,114299,5.11828213220523,6.801394320102602
original_n10000,10000,Attentive CNP,m1,0,108,DEP,6,0,1323,7.298341674965431,11.303495321891477
original_n10000,10000,Attentive CNP,m1,0,108,feature_1620kev,6,0,1361,9.341760494745444,12.435443869060665
original_n10000,10000,Attentive CNP,m1,0,108,continuum_1700_2000,60,0,8230,4.522961347345623,5.365006104705855
original_n10000,10000,Attentive CNP,m1,0,108,SE,6,0,2023,11.67117516573362,15.969238805091146
original_n10000,10000,Attentive CNP,m1,0,108,continuum_2200_2400,40,0,9093,6.330611530931407,7.2789017829424525
original_n10000,10000,Attentive CNP,m1,0,108,FE,5,1,8709,3.4237476199280956,4.088886556667401
original_n10000,10000,Attentive CNP,m1,0,108,sparse_tail,13,47,68,7.126763465427753,7.99449179196081
original_n10000,10000,Attentive CNP,m1,0,109,full,442,58,114299,5.118044167783574,6.806761757547855
original_n10000,10000,Attentive CNP,m1,0,109,DEP,6,0,1323,7.3169914673307135,11.325839567148726
original_n10000,10000,Attentive CNP,m1,0,109,feature_1620kev,6,0,1361,9.358234679493005,12.422825830649225
original_n10000,10000,Attentive CNP,m1,0,109,continuum_1700_2000,60,0,8230,4.504045265220664,5.348459730220371
original_n10000,10000,Attentive CNP,m1,0,109,SE,6,0,2023,11.681715753522594,15.976122577896223
original_n10000,10000,Attentive CNP,m1,0,109,continuum_2200_2400,40,0,9093,6.255425102270687,7.20021792126828
original_n10000,10000,Attentive CNP,m1,0,109,FE,5,1,8709,3.3466381277969233,3.9833816595059144
original_n10000,10000,Attentive CNP,m1,0,109,sparse_tail,13,47,68,7.148079238447622,8.01410522004157
original_n10000,10000,Attentive CNP,m1,1,100,full,442,58,114299,5.076196301106499,6.706721561825576
original_n10000,10000,Attentive CNP,m1,1,100,DEP,6,0,1323,7.245081351673364,11.199917395683565
original_n10000,10000,Attentive CNP,m1,1,100,feature_1620kev,6,0,1361,9.302551467271709,12.503042753750487
original_n10000,10000,Attentive CNP,m1,1,100,continuum_1700_2000,60,0,8230,4.529230446143581,5.367222404517678
original_n10000,10000,Attentive CNP,m1,1,100,SE,6,0,2023,11.813831367327648,16.056915248397
original_n10000,10000,Attentive CNP,m1,1,100,continuum_2200_2400,40,0,9093,6.704436895300859,7.773656807204822
original_n10000,10000,Attentive CNP,m1,1,100,FE,5,1,8709,5.0808757880415705,5.626303085415296
original_n10000,10000,Attentive CNP,m1,1,100,sparse_tail,13,47,68,8.131768884968151,8.82208585862731
original_n10000,10000,Attentive CNP,m1,1,101,full,442,58,114299,5.059721444533776,6.692234866417969
original_n10000,10000,Attentive CNP,m1,1,101,DEP,6,0,1323,7.2611694817199535,11.224134311802453
original_n10000,10000,Attentive CNP,m1,1,101,feature_1620kev,6,0,1361,9.319360662922872,12.487574426220359
original_n10000,10000,Attentive CNP,m1,1,101,continuum_1700_2000,60,0,8230,4.505151662541735,5.344313007106399
original_n10000,10000,Attentive CNP,m1,1,101,SE,6,0,2023,11.774857385599836,16.02829104841383
original_n10000,10000,Attentive CNP,m1,1,101,continuum_2200_2400,40,0,9093,6.650296775563882,7.713043413824015
original_n10000,10000,Attentive CNP,m1,1,101,FE,5,1,8709,5.102597354980631,5.647075165371424
original_n10000,10000,Attentive CNP,m1,1,101,sparse_tail,13,47,68,8.050215956361493,8.754396822397311
original_n10000,10000,Attentive CNP,m1,1,102,full,442,58,114299,5.081799143042255,6.706766412504775
original_n10000,10000,Attentive CNP,m1,1,102,DEP,6,0,1323,7.247348902976188,11.203056508409158
original_n10000,10000,Attentive CNP,m1,1,102,feature_1620kev,6,0,1361,9.304670737996611,12.500735902514789
original_n10000,10000,Attentive CNP,m1,1,102,continuum_1700_2000,60,0,8230,4.525205411968665,5.363141618409129
original_n10000,10000,Attentive CNP,m1,1,102,SE,6,0,2023,11.800032362825615,16.04681977449506
original_n10000,10000,Attentive CNP,m1,1,102,continuum_2200_2400,40,0,9093,6.755011824550699,7.828095892512897
original_n10000,10000,Attentive CNP,m1,1,102,FE,5,1,8709,5.211140824675282,5.744407283508397
original_n10000,10000,Attentive CNP,m1,1,102,sparse_tail,13,47,68,8.022981308904798,8.724659329676513
original_n10000,10000,Attentive CNP,m1,1,103,full,442,58,114299,5.048434902315992,6.691313905153
original_n10000,10000,Attentive CNP,m1,1,103,DEP,6,0,1323,7.288156246136477,11.266427185297024
original_n10000,10000,Attentive CNP,m1,1,103,feature_1620kev,6,0,1361,9.34730316169194,12.461235761400639
original_n10000,10000,Attentive CNP,m1,1,103,continuum_1700_2000,60,0,8230,4.469511935534943,5.31058586991778
original_n10000,10000,Attentive CNP,m1,1,103,SE,6,0,2023,11.71034167865524,15.98058447610627
original_n10000,10000,Attentive CNP,m1,1,103,continuum_2200_2400,40,0,9093,6.47318855018985,7.515973596782784
original_n10000,10000,Attentive CNP,m1,1,103,FE,5,1,8709,4.693995882741097,5.280658792158303
original_n10000,10000,Attentive CNP,m1,1,103,sparse_tail,13,47,68,8.34048652166912,9.018210251126357
original_n10000,10000,Attentive CNP,m1,1,104,full,442,58,114299,5.052915556137258,6.690713874394443
original_n10000,10000,Attentive CNP,m1,1,104,DEP,6,0,1323,7.2757154924118534,11.247084386746579
original_n10000,10000,Attentive CNP,m1,1,104,feature_1620kev,6,0,1361,9.3350395127771,12.472721049584768
original_n10000,10000,Attentive CNP,m1,1,104,continuum_1700_2000,60,0,8230,4.4837187464926025,5.32438223904579
original_n10000,10000,Attentive CNP,m1,1,104,SE,6,0,2023,11.739135674421734,16.001671443094807
original_n10000,10000,Attentive CNP,m1,1,104,continuum_2200_2400,40,0,9093,6.5394106314570655,7.589488583812081
original_n10000,10000,Attentive CNP,m1,1,104,FE,5,1,8709,4.852958778838954,5.4224224738518085
original_n10000,10000,Attentive CNP,m1,1,104,sparse_tail,13,47,68,8.23529836552724,8.921620159837286
original_n10000,10000,Attentive CNP,m1,1,105,full,442,58,114299,5.056772990506017,6.695181022210835
original_n10000,10000,Attentive CNP,m1,1,105,DEP,6,0,1323,7.266881032758427,11.233127816896546
original_n10000,10000,Attentive CNP,m1,1,105,feature_1620kev,6,0,1361,9.324857169084776,12.480993048887765
original_n10000,10000,Attentive CNP,m1,1,105,continuum_1700_2000,60,0,8230,4.496488658705983,5.336059334881528
original_n10000,10000,Attentive CNP,m1,1,105,SE,6,0,2023,11.761621456279226,16.018333317750187
original_n10000,10000,Attentive CNP,m1,1,105,continuum_2200_2400,40,0,9093,6.537403908618764,7.588610462305015
original_n10000,10000,Attentive CNP,m1,1,105,FE,5,1,8709,4.810335588202162,5.384114846280394
original_n10000,10000,Attentive CNP,m1,1,105,sparse_tail,13,47,68,8.297338275049357,8.973831441766128
original_n10000,10000,Attentive CNP,m1,1,106,full,442,58,114299,5.05972919365846,6.6949348890988425
original_n10000,10000,Attentive CNP,m1,1,106,DEP,6,0,1323,7.265476227449379,11.230984643022738
original_n10000,10000,Attentive CNP,m1,1,106,feature_1620kev,6,0,1361,9.323812907565978,12.48250970660313
original_n10000,10000,Attentive CNP,m1,1,106,continuum_1700_2000,60,0,8230,4.498139191886881,5.337433638479078
original_n10000,10000,Attentive CNP,m1,1,106,SE,6,0,2023,11.76312330839914,16.019402144365742
original_n10000,10000,Attentive CNP,m1,1,106,continuum_2200_2400,40,0,9093,6.5776675191866,7.632561478522626
original_n10000,10000,Attentive CNP,m1,1,106,FE,5,1,8709,4.907477981888635,5.471134943225834
original_n10000,10000,Attentive CNP,m1,1,106,sparse_tail,13,47,68,8.216649220857228,8.901440341131568
original_n10000,10000,Attentive CNP,m1,1,107,full,442,58,114299,5.052044945585045,6.691394389399201
original_n10000,10000,Attentive CNP,m1,1,107,DEP,6,0,1323,7.280162491538738,11.253498247647203
original_n10000,10000,Attentive CNP,m1,1,107,feature_1620kev,6,0,1361,9.33859392573799,12.468455239764968
original_n10000,10000,Attentive CNP,m1,1,107,continuum_1700_2000,60,0,8230,4.47906278959501,5.320082596388981
original_n10000,10000,Attentive CNP,m1,1,107,SE,6,0,2023,11.728613609170207,15.993938579301242
original_n10000,10000,Attentive CNP,m1,1,107,continuum_2200_2400,40,0,9093,6.5210675491284995,7.568976446518135
original_n10000,10000,Attentive CNP,m1,1,107,FE,5,1,8709,4.8002100843383255,5.37462740588834
original_n10000,10000,Attentive CNP,m1,1,107,sparse_tail,13,47,68,8.277600910879702,8.960040548822533
original_n10000,10000,Attentive CNP,m1,1,108,full,442,58,114299,5.0495682570453875,6.689041425966476
original_n10000,10000,Attentive CNP,m1,1,108,DEP,6,0,1323,7.291114300946733,11.271154619249105
original_n10000,10000,Attentive CNP,m1,1,108,feature_1620kev,6,0,1361,9.349852823185955,12.457893432401267
original_n10000,10000,Attentive CNP,m1,1,108,continuum_1700_2000,60,0,8230,4.465662718176067,5.3066925935069555
original_n10000,10000,Attentive CNP,m1,1,108,SE,6,0,2023,11.698121630175596,15.971549136502523
original_n10000,10000,Attentive CNP,m1,1,108,continuum_2200_2400,40,0,9093,6.525358472878557,7.57141459919625
original_n10000,10000,Attentive CNP,m1,1,108,FE,5,1,8709,4.81901500012079,5.391430605283844
original_n10000,10000,Attentive CNP,m1,1,108,sparse_tail,13,47,68,8.235262536827227,8.924238230537856
original_n10000,10000,Attentive CNP,m1,1,109,full,442,58,114299,5.066404460030083,6.699054062445195
original_n10000,10000,Attentive CNP,m1,1,109,DEP,6,0,1323,7.2549030521127476,11.214772045538576
original_n10000,10000,Attentive CNP,m1,1,109,feature_1620kev,6,0,1361,9.312820803607137,12.493054675594353
original_n10000,10000,Attentive CNP,m1,1,109,continuum_1700_2000,60,0,8230,4.513329024517914,5.351934530661785
original_n10000,10000,Attentive CNP,m1,1,109,SE,6,0,2023,11.790167202202568,16.039471723618643
original_n10000,10000,Attentive CNP,m1,1,109,continuum_2200_2400,40,0,9093,6.620984729342649,7.681342270515591
original_n10000,10000,Attentive CNP,m1,1,109,FE,5,1,8709,4.9836705886082475,5.539575638989587
original_n10000,10000,Attentive CNP,m1,1,109,sparse_tail,13,47,68,8.175214350068961,8.862330463216182
original_n10000,10000,Attentive CNP,m1,2,100,full,442,58,114299,5.081857103490135,6.880155558499592
original_n10000,10000,Attentive CNP,m1,2,100,DEP,6,0,1323,6.630755828605682,10.377470843985527
original_n10000,10000,Attentive CNP,m1,2,100,feature_1620kev,6,0,1361,8.831252099048339,13.187809097893732
original_n10000,10000,Attentive CNP,m1,2,100,continuum_1700_2000,60,0,8230,5.3889876617841646,6.355046657538072
original_n10000,10000,Attentive CNP,m1,2,100,SE,6,0,2023,14.316731506312399,17.981939090183165
original_n10000,10000,Attentive CNP,m1,2,100,continuum_2200_2400,40,0,9093,4.026486446475039,4.935043966546941
original_n10000,10000,Attentive CNP,m1,2,100,FE,5,1,8709,3.184269185664363,3.747556800672516
original_n10000,10000,Attentive CNP,m1,2,100,sparse_tail,13,47,68,7.807040611785594,8.630575776146753
original_n10000,10000,Attentive CNP,m1,2,101,full,442,58,114299,5.06410786805359,6.846097669157249
original_n10000,10000,Attentive CNP,m1,2,101,DEP,6,0,1323,6.691987459511443,10.448903059512617
original_n10000,10000,Attentive CNP,m1,2,101,feature_1620kev,6,0,1361,8.832255471387697,13.10696184319792
original_n10000,10000,Attentive CNP,m1,2,101,continuum_1700_2000,60,0,8230,5.272086014405988,6.228375799727221
original_n10000,10000,Attentive CNP,m1,2,101,SE,6,0,2023,14.118823915630555,17.824134588144222
original_n10000,10000,Attentive CNP,m1,2,101,continuum_2200_2400,40,0,9093,4.123762744126913,5.035088128647083
original_n10000,10000,Attentive CNP,m1,2,101,FE,5,1,8709,3.2216666357219355,3.7967733626468525
original_n10000,10000,Attentive CNP,m1,2,101,sparse_tail,13,47,68,7.809628680779122,8.628082795960818
original_n10000,10000,Attentive CNP,m1,2,102,full,442,58,114299,5.072287479535952,6.865389901708829
original_n10000,10000,Attentive CNP,m1,2,102,DEP,6,0,1323,6.6289703571231335,10.37497572262996
original_n10000,10000,Attentive CNP,m1,2,102,feature_1620kev,6,0,1361,8.830469287236237,13.190045183777785
original_n10000,10000,Attentive CNP,m1,2,102,continuum_1700_2000,60,0,8230,5.389795471486878,6.355386770231251
original_n10000,10000,Attentive CNP,m1,2,102,SE,6,0,2023,14.31324883426279,17.97857460474352
original_n10000,10000,Attentive CNP,m1,2,102,continuum_2200_2400,40,0,9093,4.048164773264726,4.960571406479464
original_n10000,10000,Attentive CNP,m1,2,102,FE,5,1,8709,3.2732616795516907,3.864777739507381
original_n10000,10000,Attentive CNP,m1,2,102,sparse_tail,13,47,68,7.752256754197846,8.579421608466383
original_n10000,10000,Attentive CNP,m1,2,103,full,442,58,114299,5.0786995674051925,6.860620710178118
original_n10000,10000,Attentive CNP,m1,2,103,DEP,6,0,1323,6.759796309761194,10.532291746362246
original_n10000,10000,Attentive CNP,m1,2,103,feature_1620kev,6,0,1361,8.832552765872716,13.019525284271063
original_n10000,10000,Attentive CNP,m1,2,103,continuum_1700_2000,60,0,8230,5.158085663531275,6.100732082400241
original_n10000,10000,Attentive CNP,m1,2,103,SE,6,0,2023,13.923616212599782,17.670133527662752
original_n10000,10000,Attentive CNP,m1,2,103,continuum_2200_2400,40,0,9093,4.162138887020014,5.065466296676121
original_n10000,10000,Attentive CNP,m1,2,103,FE,5,1,8709,2.972354114055229,3.477861690682385
original_n10000,10000,Attentive CNP,m1,2,103,sparse_tail,13,47,68,7.98528581085257,8.789539952191184
original_n10000,10000,Attentive CNP,m1,2,104,full,442,58,114299,5.074259497286258,6.857266548895526
original_n10000,10000,Attentive CNP,m1,2,104,DEP,6,0,1323,6.73308363438984,10.498078083249835
original_n10000,10000,Attentive CNP,m1,2,104,feature_1620kev,6,0,1361,8.832363865873699,13.05421914296675
original_n10000,10000,Attentive CNP,m1,2,104,continuum_1700_2000,60,0,8230,5.202150326695988,6.149358579314765
original_n10000,10000,Attentive CNP,m1,2,104,SE,6,0,2023,13.996518195089788,17.7275411158147
original_n10000,10000,Attentive CNP,m1,2,104,continuum_2200_2400,40,0,9093,4.145312600121058,5.0508458045179845
original_n10000,10000,Attentive CNP,m1,2,104,FE,5,1,8709,3.054216961706753,3.5810574940300968
original_n10000,10000,Attentive CNP,m1,2,104,sparse_tail,13,47,68,7.93230417411955,8.740599515337966
original_n10000,10000,Attentive CNP,m1,2,105,full,442,58,114299,5.083374993177969,6.875225491872633
original_n10000,10000,Attentive CNP,m1,2,105,DEP,6,0,1323,6.702480663121875,10.462322669722973
original_n10000,10000,Attentive CNP,m1,2,105,feature_1620kev,6,0,1361,8.831149170830072,13.091789925619683
original_n10000,10000,Attentive CNP,m1,2,105,continuum_1700_2000,60,0,8230,5.2551116731501475,6.209207120973485
original_n10000,10000,Attentive CNP,m1,2,105,SE,6,0,2023,14.092373059087013,17.803458005859955
original_n10000,10000,Attentive CNP,m1,2,105,continuum_2200_2400,40,0,9093,4.0962969827040085,4.998792998017943
original_n10000,10000,Attentive CNP,m1,2,105,FE,5,1,8709,3.014399398172804,3.529784365257268
original_n10000,10000,Attentive CNP,m1,2,105,sparse_tail,13,47,68,7.939709189574165,8.749834069013444
original_n10000,10000,Attentive CNP,m1,2,106,full,442,58,114299,5.073341403866707,6.858268154028398
original_n10000,10000,Attentive CNP,m1,2,106,DEP,6,0,1323,6.717314645783638,10.479328995201273
original_n10000,10000,Attentive CNP,m1,2,106,feature_1620kev,6,0,1361,8.832024083852902,13.074259744572473
original_n10000,10000,Attentive CNP,m1,2,106,continuum_1700_2000,60,0,8230,5.230467881184773,6.1809763245557665
original_n10000,10000,Attentive CNP,m1,2,106,SE,6,0,2023,14.050460681215082,17.770320775096682
original_n10000,10000,Attentive CNP,m1,2,106,continuum_2200_2400,40,0,9093,4.125725030029849,5.031286036510471
original_n10000,10000,Attentive CNP,m1,2,106,FE,5,1,8709,3.08437506390986,3.618390102092529
original_n10000,10000,Attentive CNP,m1,2,106,sparse_tail,13,47,68,7.899243371759844,8.709916081545588
original_n10000,10000,Attentive CNP,m1,2,107,full,442,58,114299,5.073688796918127,6.85736063694021
original_n10000,10000,Attentive CNP,m1,2,107,DEP,6,0,1323,6.724656141153525,10.488320262175113
original_n10000,10000,Attentive CNP,m1,2,107,feature_1620kev,6,0,1361,8.83246308112972,13.064442839323046
original_n10000,10000,Attentive CNP,m1,2,107,continuum_1700_2000,60,0,8230,5.217621474584611,6.166620932587046
original_n10000,10000,Attentive CNP,m1,2,107,SE,6,0,2023,14.02516639102257,17.75013237188293
original_n10000,10000,Attentive CNP,m1,2,107,continuum_2200_2400,40,0,9093,4.136856379249442,5.042751669263542
original_n10000,10000,Attentive CNP,m1,2,107,FE,5,1,8709,3.070108804419541,3.6003343984062957
original_n10000,10000,Attentive CNP,m1,2,107,sparse_tail,13,47,68,7.9120374125886475,8.723219637573496
original_n10000,10000,Attentive CNP,m1,2,108,full,442,58,114299,5.066016099521913,6.841602712189437
original_n10000,10000,Attentive CNP,m1,2,108,DEP,6,0,1323,6.7521673517210905,10.522173483395033
original_n10000,10000,Attentive CNP,m1,2,108,feature_1620kev,6,0,1361,8.832342649016521,13.028863231349622
original_n10000,10000,Attentive CNP,m1,2,108,continuum_1700_2000,60,0,8230,5.170026240519578,6.113747922819467
original_n10000,10000,Attentive CNP,m1,2,108,SE,6,0,2023,13.94189859223177,17.684458716206155
original_n10000,10000,Attentive CNP,m1,2,108,continuum_2200_2400,40,0,9093,4.178091261859633,5.087159115107549
original_n10000,10000,Attentive CNP,m1,2,108,FE,5,1,8709,3.105348745705969,3.6454758472866575
original_n10000,10000,Attentive CNP,m1,2,108,sparse_tail,13,47,68,7.900273985174744,8.71075300382915
original_n10000,10000,Attentive CNP,m1,2,109,full,442,58,114299,5.079670316626667,6.8731019770911566
original_n10000,10000,Attentive CNP,m1,2,109,DEP,6,0,1323,6.670483245878517,10.424456205655012
original_n10000,10000,Attentive CNP,m1,2,109,feature_1620kev,6,0,1361,8.831493525101395,13.133223815362122
original_n10000,10000,Attentive CNP,m1,2,109,continuum_1700_2000,60,0,8230,5.31063213778926,6.27001738778661
original_n10000,10000,Attentive CNP,m1,2,109,SE,6,0,2023,14.185032454825766,17.877021017866912
original_n10000,10000,Attentive CNP,m1,2,109,continuum_2200_2400,40,0,9093,4.072418966369854,4.977998329883983
original_n10000,10000,Attentive CNP,m1,2,109,FE,5,1,8709,3.1071675191310533,3.647390836843284
original_n10000,10000,Attentive CNP,m1,2,109,sparse_tail,13,47,68,7.872324578534264,8.687676084205867
original_n10000,10000,Attentive CNP + PE,m2,0,100,full,442,58,114299,11.581189240167078,14.576490976854053
original_n10000,10000,Attentive CNP + PE,m2,0,100,DEP,6,0,1323,8.61318513349948,10.644986618830394
original_n10000,10000,Attentive CNP + PE,m2,0,100,feature_1620kev,6,0,1361,13.284351115202778,19.301324219603245
original_n10000,10000,Attentive CNP + PE,m2,0,100,continuum_1700_2000,60,0,8230,11.00111118913107,14.008411102651433
original_n10000,10000,Attentive CNP + PE,m2,0,100,SE,6,0,2023,9.49638956666522,11.011424079907046
original_n10000,10000,Attentive CNP + PE,m2,0,100,continuum_2200_2400,40,0,9093,10.03686881191386,11.577440058550522
original_n10000,10000,Attentive CNP + PE,m2,0,100,FE,5,1,8709,4.870455369125322,5.7288316479606065
original_n10000,10000,Attentive CNP + PE,m2,0,100,sparse_tail,13,47,68,26.620945196789325,30.030071609042512
original_n10000,10000,Attentive CNP + PE,m2,0,101,full,442,58,114299,10.874930633163839,13.967571512806884
original_n10000,10000,Attentive CNP + PE,m2,0,101,DEP,6,0,1323,7.527072456216414,8.318180880535323
original_n10000,10000,Attentive CNP + PE,m2,0,101,feature_1620kev,6,0,1361,13.087258594073628,18.961003185469433
original_n10000,10000,Attentive CNP + PE,m2,0,101,continuum_1700_2000,60,0,8230,10.590489980111016,13.645128354488833
original_n10000,10000,Attentive CNP + PE,m2,0,101,SE,6,0,2023,7.960159027397198,9.826967039523456
original_n10000,10000,Attentive CNP + PE,m2,0,101,continuum_2200_2400,40,0,9093,9.288517715776248,10.698024663112644
original_n10000,10000,Attentive CNP + PE,m2,0,101,FE,5,1,8709,5.931511349081179,7.105022110609186
original_n10000,10000,Attentive CNP + PE,m2,0,101,sparse_tail,13,47,68,26.48606622750397,30.00776717598818
original_n10000,10000,Attentive CNP + PE,m2,0,102,full,442,58,114299,11.27521800686718,14.308194860842821
original_n10000,10000,Attentive CNP + PE,m2,0,102,DEP,6,0,1323,7.856938869896145,9.066287383921006
original_n10000,10000,Attentive CNP + PE,m2,0,102,feature_1620kev,6,0,1361,13.236559339431317,19.278041206435027
original_n10000,10000,Attentive CNP + PE,m2,0,102,continuum_1700_2000,60,0,8230,10.844351389641666,13.905320085155415
original_n10000,10000,Attentive CNP + PE,m2,0,102,SE,6,0,2023,8.476712925100005,10.375881184516981
original_n10000,10000,Attentive CNP + PE,m2,0,102,continuum_2200_2400,40,0,9093,9.946988648932132,11.361004422662917
original_n10000,10000,Attentive CNP + PE,m2,0,102,FE,5,1,8709,5.785587558578949,6.933806974344995
original_n10000,10000,Attentive CNP + PE,m2,0,102,sparse_tail,13,47,68,26.363252244449768,29.87461907954868
original_n10000,10000,Attentive CNP + PE,m2,0,103,full,442,58,114299,10.294118492756676,13.598993584058535
original_n10000,10000,Attentive CNP + PE,m2,0,103,DEP,6,0,1323,7.215949220917177,7.717182260634415
original_n10000,10000,Attentive CNP + PE,m2,0,103,feature_1620kev,6,0,1361,12.690600624872284,18.317725413886656
original_n10000,10000,Attentive CNP + PE,m2,0,103,continuum_1700_2000,60,0,8230,10.02867622914255,13.000747668003662
original_n10000,10000,Attentive CNP + PE,m2,0,103,SE,6,0,2023,7.293539555235877,8.876681389935873
original_n10000,10000,Attentive CNP + PE,m2,0,103,continuum_2200_2400,40,0,9093,7.850284555038109,9.350984150931428
original_n10000,10000,Attentive CNP + PE,m2,0,103,FE,5,1,8709,4.077226695687876,4.7514809865291285
original_n10000,10000,Attentive CNP + PE,m2,0,103,sparse_tail,13,47,68,29.54441367885949,33.13757332451916
original_n10000,10000,Attentive CNP + PE,m2,0,104,full,442,58,114299,10.5397898776506,13.756038653043982
original_n10000,10000,Attentive CNP + PE,m2,0,104,DEP,6,0,1323,7.565351037650048,8.363504700489056
original_n10000,10000,Attentive CNP + PE,m2,0,104,feature_1620kev,6,0,1361,12.822224756035691,18.46627560898221
original_n10000,10000,Attentive CNP + PE,m2,0,104,continuum_1700_2000,60,0,8230,10.157492125908359,13.144741066077719
original_n10000,10000,Attentive CNP + PE,m2,0,104,SE,6,0,2023,7.591060504316473,9.271558157379996
original_n10000,10000,Attentive CNP + PE,m2,0,104,continuum_2200_2400,40,0,9093,8.28243092345207,9.774971234908794
original_n10000,10000,Attentive CNP + PE,m2,0,104,FE,5,1,8709,4.106784469415558,4.769378800307357
original_n10000,10000,Attentive CNP + PE,m2,0,104,sparse_tail,13,47,68,28.83179324291749,32.37676047982402
original_n10000,10000,Attentive CNP + PE,m2,0,105,full,442,58,114299,10.454290175320015,13.730862407208628
original_n10000,10000,Attentive CNP + PE,m2,0,105,DEP,6,0,1323,7.513418195151843,8.275543045655857
original_n10000,10000,Attentive CNP + PE,m2,0,105,feature_1620kev,6,0,1361,12.775515411727788,18.394790640013372
original_n10000,10000,Attentive CNP + PE,m2,0,105,continuum_1700_2000,60,0,8230,10.07302887763695,13.052210043439501
original_n10000,10000,Attentive CNP + PE,m2,0,105,SE,6,0,2023,7.545279706728077,9.208354914865902
original_n10000,10000,Attentive CNP + PE,m2,0,105,continuum_2200_2400,40,0,9093,8.109772837485227,9.599081359758772
original_n10000,10000,Attentive CNP + PE,m2,0,105,FE,5,1,8709,3.171071852136189,3.6694225512939336
original_n10000,10000,Attentive CNP + PE,m2,0,105,sparse_tail,13,47,68,29.745700905331635,33.2793998910119
original_n10000,10000,Attentive CNP + PE,m2,0,106,full,442,58,114299,10.675208863125011,13.863952709431034
original_n10000,10000,Attentive CNP + PE,m2,0,106,DEP,6,0,1323,7.402805514153343,8.084140923740964
original_n10000,10000,Attentive CNP + PE,m2,0,106,feature_1620kev,6,0,1361,12.963283274046908,18.754530370790178
original_n10000,10000,Attentive CNP + PE,m2,0,106,continuum_1700_2000,60,0,8230,10.3716961238432,13.349721786462895
original_n10000,10000,Attentive CNP + PE,m2,0,106,SE,6,0,2023,7.685207563835453,9.432368985399672
original_n10000,10000,Attentive CNP + PE,m2,0,106,continuum_2200_2400,40,0,9093,8.686198440715435,10.171357568097337
original_n10000,10000,Attentive CNP + PE,m2,0,106,FE,5,1,8709,4.8853245382231325,5.700323197131757
original_n10000,10000,Attentive CNP + PE,m2,0,106,sparse_tail,13,47,68,28.239956957128282,31.86359877667298
original_n10000,10000,Attentive CNP + PE,m2,0,107,full,442,58,114299,10.3741402127694,13.64438405543727
original_n10000,10000,Attentive CNP + PE,m2,0,107,DEP,6,0,1323,7.3357621306399,7.920230661992315
original_n10000,10000,Attentive CNP + PE,m2,0,107,feature_1620kev,6,0,1361,12.695596439865698,18.347267638369217
original_n10000,10000,Attentive CNP + PE,m2,0,107,continuum_1700_2000,60,0,8230,10.052881860999605,13.037688067926577
original_n10000,10000,Attentive CNP + PE,m2,0,107,SE,6,0,2023,7.441413820238872,9.031659001377019
original_n10000,10000,Attentive CNP + PE,m2,0,107,continuum_2200_2400,40,0,9093,7.956425219985411,9.468564746217563
original_n10000,10000,Attentive CNP + PE,m2,0,107,FE,5,1,8709,4.049655365815904,4.695453068418902
original_n10000,10000,Attentive CNP + PE,m2,0,107,sparse_tail,13,47,68,29.12790655105239,32.67726698360075
original_n10000,10000,Attentive CNP + PE,m2,0,108,full,442,58,114299,10.065183641010995,13.405375345833544
original_n10000,10000,Attentive CNP + PE,m2,0,108,DEP,6,0,1323,6.867032313589462,7.214727427177167
original_n10000,10000,Attentive CNP + PE,m2,0,108,feature_1620kev,6,0,1361,12.591562335786987,18.177774542914047
original_n10000,10000,Attentive CNP + PE,m2,0,108,continuum_1700_2000,60,0,8230,9.902709522978684,12.86245116755552
original_n10000,10000,Attentive CNP + PE,m2,0,108,SE,6,0,2023,6.916711943248559,8.443371426390577
original_n10000,10000,Attentive CNP + PE,m2,0,108,continuum_2200_2400,40,0,9093,7.435240279438644,8.988778852684721
original_n10000,10000,Attentive CNP + PE,m2,0,108,FE,5,1,8709,4.366344671859061,5.116027204913316
original_n10000,10000,Attentive CNP + PE,m2,0,108,sparse_tail,13,47,68,29.527411718792983,33.17423629317768
original_n10000,10000,Attentive CNP + PE,m2,0,109,full,442,58,114299,11.06304047979607,14.184245026150686
original_n10000,10000,Attentive CNP + PE,m2,0,109,DEP,6,0,1323,8.01262346857242,9.253388435526999
original_n10000,10000,Attentive CNP + PE,m2,0,109,feature_1620kev,6,0,1361,13.085916265949477,18.979450476616215
original_n10000,10000,Attentive CNP + PE,m2,0,109,continuum_1700_2000,60,0,8230,10.558579981721081,13.570863348752175
original_n10000,10000,Attentive CNP + PE,m2,0,109,SE,6,0,2023,8.30996380043714,10.087956588082413
original_n10000,10000,Attentive CNP + PE,m2,0,109,continuum_2200_2400,40,0,9093,9.162112307048602,10.652693260443849
original_n10000,10000,Attentive CNP + PE,m2,0,109,FE,5,1,8709,4.543619474776346,5.252683894262638
original_n10000,10000,Attentive CNP + PE,m2,0,109,sparse_tail,13,47,68,27.94675606537401,31.51271911329018
original_n10000,10000,Attentive CNP + PE,m2,1,100,full,442,58,114299,10.953558841737442,13.77858080895187
original_n10000,10000,Attentive CNP + PE,m2,1,100,DEP,6,0,1323,6.374651982554713,6.9755536892929
original_n10000,10000,Attentive CNP + PE,m2,1,100,feature_1620kev,6,0,1361,11.129320838910887,13.885608134293333
original_n10000,10000,Attentive CNP + PE,m2,1,100,continuum_1700_2000,60,0,8230,10.614915685511429,13.616392132198268
original_n10000,10000,Attentive CNP + PE,m2,1,100,SE,6,0,2023,6.529615084221814,7.720915035859946
original_n10000,10000,Attentive CNP + PE,m2,1,100,continuum_2200_2400,40,0,9093,9.688537267943918,11.427089669420235
original_n10000,10000,Attentive CNP + PE,m2,1,100,FE,5,1,8709,4.890211498240568,7.045158065057673
original_n10000,10000,Attentive CNP + PE,m2,1,100,sparse_tail,13,47,68,21.629617577909233,24.76681789452374
original_n10000,10000,Attentive CNP + PE,m2,1,101,full,442,58,114299,10.34642597932489,13.247299927873183
original_n10000,10000,Attentive CNP + PE,m2,1,101,DEP,6,0,1323,5.466113855081812,6.183400738078824
original_n10000,10000,Attentive CNP + PE,m2,1,101,feature_1620kev,6,0,1361,10.734527893740998,13.063307989518949
original_n10000,10000,Attentive CNP + PE,m2,1,101,continuum_1700_2000,60,0,8230,10.25705061157325,13.143878668263397
original_n10000,10000,Attentive CNP + PE,m2,1,101,SE,6,0,2023,5.3061285966006215,6.41298247446472
original_n10000,10000,Attentive CNP + PE,m2,1,101,continuum_2200_2400,40,0,9093,9.020281564497298,10.752736923270872
original_n10000,10000,Attentive CNP + PE,m2,1,101,FE,5,1,8709,4.764515791143202,7.420369318422269
original_n10000,10000,Attentive CNP + PE,m2,1,101,sparse_tail,13,47,68,22.10879175592087,25.179401019939295
original_n10000,10000,Attentive CNP + PE,m2,1,102,full,442,58,114299,10.917724074033707,13.762337040946921
original_n10000,10000,Attentive CNP + PE,m2,1,102,DEP,6,0,1323,5.876956004767619,6.426879271441141
original_n10000,10000,Attentive CNP + PE,m2,1,102,feature_1620kev,6,0,1361,11.028217926633234,13.623333801994155
original_n10000,10000,Attentive CNP + PE,m2,1,102,continuum_1700_2000,60,0,8230,10.601738610984961,13.622321690668842
original_n10000,10000,Attentive CNP + PE,m2,1,102,SE,6,0,2023,6.150214972145126,7.363661960828286
original_n10000,10000,Attentive CNP + PE,m2,1,102,continuum_2200_2400,40,0,9093,9.942908656360693,11.618766987414332
original_n10000,10000,Attentive CNP + PE,m2,1,102,FE,5,1,8709,5.494352537499021,7.7578407962292335
original_n10000,10000,Attentive CNP + PE,m2,1,102,sparse_tail,13,47,68,21.502674012972,24.514106340043103
original_n10000,10000,Attentive CNP + PE,m2,1,103,full,442,58,114299,9.854097057903557,12.864360465381052
original_n10000,10000,Attentive CNP + PE,m2,1,103,DEP,6,0,1323,5.327857914903138,6.344704005377408
original_n10000,10000,Attentive CNP + PE,m2,1,103,feature_1620kev,6,0,1361,10.550976235741976,12.691114387461141
original_n10000,10000,Attentive CNP + PE,m2,1,103,continuum_1700_2000,60,0,8230,10.10920712004119,12.763505996878449
original_n10000,10000,Attentive CNP + PE,m2,1,103,SE,6,0,2023,4.47384135031662,5.436482251772818
original_n10000,10000,Attentive CNP + PE,m2,1,103,continuum_2200_2400,40,0,9093,7.478984848868094,9.38494230817148
original_n10000,10000,Attentive CNP + PE,m2,1,103,FE,5,1,8709,3.924584236856934,5.982785535683815
original_n10000,10000,Attentive CNP + PE,m2,1,103,sparse_tail,13,47,68,23.799035225674192,27.403948537378923
original_n10000,10000,Attentive CNP + PE,m2,1,104,full,442,58,114299,10.151079096771614,13.102209586548843
original_n10000,10000,Attentive CNP + PE,m2,1,104,DEP,6,0,1323,5.652086639207546,6.307693259153864
original_n10000,10000,Attentive CNP + PE,m2,1,104,feature_1620kev,6,0,1361,10.784290439651274,13.060681373551411
original_n10000,10000,Attentive CNP + PE,m2,1,104,continuum_1700_2000,60,0,8230,10.196199423728167,12.974346383218657
original_n10000,10000,Attentive CNP + PE,m2,1,104,SE,6,0,2023,4.991636949814798,6.064553696569351
original_n10000,10000,Attentive CNP + PE,m2,1,104,continuum_2200_2400,40,0,9093,8.083909074442888,9.88897008277109
original_n10000,10000,Attentive CNP + PE,m2,1,104,FE,5,1,8709,3.9559802448182233,6.161918317250075
original_n10000,10000,Attentive CNP + PE,m2,1,104,sparse_tail,13,47,68,23.244909905544635,26.716714282703297
original_n10000,10000,Attentive CNP + PE,m2,1,105,full,442,58,114299,10.082362286439942,13.069860947034734
original_n10000,10000,Attentive CNP + PE,m2,1,105,DEP,6,0,1323,5.629694165974219,6.315968240758732
original_n10000,10000,Attentive CNP + PE,m2,1,105,feature_1620kev,6,0,1361,10.72861546147344,12.985108823079871
original_n10000,10000,Attentive CNP + PE,m2,1,105,continuum_1700_2000,60,0,8230,10.192977604296523,12.929449854453964
original_n10000,10000,Attentive CNP + PE,m2,1,105,SE,6,0,2023,4.882028636734023,5.946319070573184
original_n10000,10000,Attentive CNP + PE,m2,1,105,continuum_2200_2400,40,0,9093,7.8058668379172875,9.6827058921927
original_n10000,10000,Attentive CNP + PE,m2,1,105,FE,5,1,8709,3.718040256172465,5.717886721087645
original_n10000,10000,Attentive CNP + PE,m2,1,105,sparse_tail,13,47,68,23.66602311925593,27.379822936982308
original_n10000,10000,Attentive CNP + PE,m2,1,106,full,442,58,114299,10.465075720929159,13.375402303295688
original_n10000,10000,Attentive CNP + PE,m2,1,106,DEP,6,0,1323,5.581687078391095,6.235460646363293
original_n10000,10000,Attentive CNP + PE,m2,1,106,feature_1620kev,6,0,1361,10.848860025611117,13.20805162293227
original_n10000,10000,Attentive CNP + PE,m2,1,106,continuum_1700_2000,60,0,8230,10.330520174140839,13.25273838266596
original_n10000,10000,Attentive CNP + PE,m2,1,106,SE,6,0,2023,5.356847014967569,6.499820038799976
original_n10000,10000,Attentive CNP + PE,m2,1,106,continuum_2200_2400,40,0,9093,8.94999568316311,10.700673181213755
original_n10000,10000,Attentive CNP + PE,m2,1,106,FE,5,1,8709,4.712978081462345,7.155552860608627
original_n10000,10000,Attentive CNP + PE,m2,1,106,sparse_tail,13,47,68,22.293860664867964,25.52179659999498
original_n10000,10000,Attentive CNP + PE,m2,1,107,full,442,58,114299,9.962777602403538,12.950227199729333
original_n10000,10000,Attentive CNP + PE,m2,1,107,DEP,6,0,1323,5.309606953150603,6.2991271148787815
original_n10000,10000,Attentive CNP + PE,m2,1,107,feature_1620kev,6,0,1361,10.560314756253131,12.751955125413136
original_n10000,10000,Attentive CNP + PE,m2,1,107,continuum_1700_2000,60,0,8230,10.125754848905014,12.823418859012136
original_n10000,10000,Attentive CNP + PE,m2,1,107,SE,6,0,2023,4.676364065892341,5.654939774152776
original_n10000,10000,Attentive CNP + PE,m2,1,107,continuum_2200_2400,40,0,9093,7.774625692412221,9.644948990992411
original_n10000,10000,Attentive CNP + PE,m2,1,107,FE,5,1,8709,4.011964081322958,6.246552025838871
original_n10000,10000,Attentive CNP + PE,m2,1,107,sparse_tail,13,47,68,23.51748554315601,27.018184533650796
original_n10000,10000,Attentive CNP + PE,m2,1,108,full,442,58,114299,9.88659391371212,12.873665071784119
original_n10000,10000,Attentive CNP + PE,m2,1,108,DEP,6,0,1323,5.149226818902527,6.312840277447094
original_n10000,10000,Attentive CNP + PE,m2,1,108,feature_1620kev,6,0,1361,10.529659657739364,12.678514520754616
original_n10000,10000,Attentive CNP + PE,m2,1,108,continuum_1700_2000,60,0,8230,10.108837165817032,12.799441488751587
original_n10000,10000,Attentive CNP + PE,m2,1,108,SE,6,0,2023,4.551812612149489,5.496299325326888
original_n10000,10000,Attentive CNP + PE,m2,1,108,continuum_2200_2400,40,0,9093,7.828302372428091,9.672750447562395
original_n10000,10000,Attentive CNP + PE,m2,1,108,FE,5,1,8709,4.159890830328602,6.497945073076606
original_n10000,10000,Attentive CNP + PE,m2,1,108,sparse_tail,13,47,68,23.408508795270873,26.831999151051395
original_n10000,10000,Attentive CNP + PE,m2,1,109,full,442,58,114299,10.85720746577072,13.736587311216407
original_n10000,10000,Attentive CNP + PE,m2,1,109,DEP,6,0,1323,6.227037560563961,6.718448745275158
original_n10000,10000,Attentive CNP + PE,m2,1,109,feature_1620kev,6,0,1361,11.148052080294061,13.812062064195265
original_n10000,10000,Attentive CNP + PE,m2,1,109,continuum_1700_2000,60,0,8230,10.500123611601447,13.532834630226962
original_n10000,10000,Attentive CNP + PE,m2,1,109,SE,6,0,2023,6.112071622311411,7.3152525367252474
original_n10000,10000,Attentive CNP + PE,m2,1,109,continuum_2200_2400,40,0,9093,9.31739110592098,11.049283254308358
original_n10000,10000,Attentive CNP + PE,m2,1,109,FE,5,1,8709,4.63354507955047,6.876694957280276
original_n10000,10000,Attentive CNP + PE,m2,1,109,sparse_tail,13,47,68,22.180292520316726,25.420372408162763
original_n10000,10000,Attentive CNP + PE,m2,2,100,full,442,58,114299,10.44802375503488,13.973425445163453
original_n10000,10000,Attentive CNP + PE,m2,2,100,DEP,6,0,1323,6.170645674365159,7.109368740453688
original_n10000,10000,Attentive CNP + PE,m2,2,100,feature_1620kev,6,0,1361,11.104303520869095,15.577969477879838
original_n10000,10000,Attentive CNP + PE,m2,2,100,continuum_1700_2000,60,0,8230,9.664645413431055,13.091946603393517
original_n10000,10000,Attentive CNP + PE,m2,2,100,SE,6,0,2023,6.673817743915128,7.869558007112165
original_n10000,10000,Attentive CNP + PE,m2,2,100,continuum_2200_2400,40,0,9093,7.575168044378902,9.319035586025489
original_n10000,10000,Attentive CNP + PE,m2,2,100,FE,5,1,8709,2.872666238066608,4.373009974112712
original_n10000,10000,Attentive CNP + PE,m2,2,100,sparse_tail,13,47,68,27.7833767124249,33.72875346435727
original_n10000,10000,Attentive CNP + PE,m2,2,101,full,442,58,114299,10.358736467441583,13.888547216383346
original_n10000,10000,Attentive CNP + PE,m2,2,101,DEP,6,0,1323,5.849656287318567,6.788970022244109
original_n10000,10000,Attentive CNP + PE,m2,2,101,feature_1620kev,6,0,1361,11.290170442185488,15.714952906790028
original_n10000,10000,Attentive CNP + PE,m2,2,101,continuum_1700_2000,60,0,8230,9.72346618265418,13.103796496522396
original_n10000,10000,Attentive CNP + PE,m2,2,101,SE,6,0,2023,5.908813480350975,6.917373974726996
original_n10000,10000,Attentive CNP + PE,m2,2,101,continuum_2200_2400,40,0,9093,7.491714332834512,9.29264959842614
original_n10000,10000,Attentive CNP + PE,m2,2,101,FE,5,1,8709,2.6530439499824716,4.373955781450147
original_n10000,10000,Attentive CNP + PE,m2,2,101,sparse_tail,13,47,68,27.255486242792315,33.30612682348748
original_n10000,10000,Attentive CNP + PE,m2,2,102,full,442,58,114299,10.671891132387147,14.16388721083561
original_n10000,10000,Attentive CNP + PE,m2,2,102,DEP,6,0,1323,6.17679439632259,7.099658290971793
original_n10000,10000,Attentive CNP + PE,m2,2,102,feature_1620kev,6,0,1361,11.28138836996022,15.961559546186685
original_n10000,10000,Attentive CNP + PE,m2,2,102,continuum_1700_2000,60,0,8230,9.897287261199116,13.331165490034886
original_n10000,10000,Attentive CNP + PE,m2,2,102,SE,6,0,2023,6.737761755149098,7.936726851988735
original_n10000,10000,Attentive CNP + PE,m2,2,102,continuum_2200_2400,40,0,9093,7.912689817997499,9.712925690850948
original_n10000,10000,Attentive CNP + PE,m2,2,102,FE,5,1,8709,3.14350469395541,4.709537923758989
original_n10000,10000,Attentive CNP + PE,m2,2,102,sparse_tail,13,47,68,27.126996801928417,33.14761314162467
original_n10000,10000,Attentive CNP + PE,m2,2,103,full,442,58,114299,10.069057736267329,13.79484716654972
original_n10000,10000,Attentive CNP + PE,m2,2,103,DEP,6,0,1323,5.763126591417724,6.648699985803185
original_n10000,10000,Attentive CNP + PE,m2,2,103,feature_1620kev,6,0,1361,11.198163228147472,15.159044474047883
original_n10000,10000,Attentive CNP + PE,m2,2,103,continuum_1700_2000,60,0,8230,9.365468193377033,12.707213610533808
original_n10000,10000,Attentive CNP + PE,m2,2,103,SE,6,0,2023,5.127669084751648,5.92391163751989
original_n10000,10000,Attentive CNP + PE,m2,2,103,continuum_2200_2400,40,0,9093,6.724080039888107,8.509728326772063
original_n10000,10000,Attentive CNP + PE,m2,2,103,FE,5,1,8709,2.621809334253826,3.6303655446358065
original_n10000,10000,Attentive CNP + PE,m2,2,103,sparse_tail,13,47,68,31.10584569015123,37.36772229997513
original_n10000,10000,Attentive CNP + PE,m2,2,104,full,442,58,114299,10.238833922502529,13.830407341144316
original_n10000,10000,Attentive CNP + PE,m2,2,104,DEP,6,0,1323,5.8556373858654425,6.696843591144895
original_n10000,10000,Attentive CNP + PE,m2,2,104,feature_1620kev,6,0,1361,11.124637246484394,15.384008682133116
original_n10000,10000,Attentive CNP + PE,m2,2,104,continuum_1700_2000,60,0,8230,9.503710895125005,12.862043718043449
original_n10000,10000,Attentive CNP + PE,m2,2,104,SE,6,0,2023,5.721301967812178,6.699362105173407
original_n10000,10000,Attentive CNP + PE,m2,2,104,continuum_2200_2400,40,0,9093,7.105444191015395,8.814969457228491
original_n10000,10000,Attentive CNP + PE,m2,2,104,FE,5,1,8709,2.57824950052379,3.905330724722858
original_n10000,10000,Attentive CNP + PE,m2,2,104,sparse_tail,13,47,68,29.159382170977068,35.374053927074605
original_n10000,10000,Attentive CNP + PE,m2,2,105,full,442,58,114299,10.144439418158314,13.857285732033601
original_n10000,10000,Attentive CNP + PE,m2,2,105,DEP,6,0,1323,5.802104158108974,6.688484613951748
original_n10000,10000,Attentive CNP + PE,m2,2,105,feature_1620kev,6,0,1361,11.012800296152612,15.145605201590179
original_n10000,10000,Attentive CNP + PE,m2,2,105,continuum_1700_2000,60,0,8230,9.399861924349281,12.739240623791654
original_n10000,10000,Attentive CNP + PE,m2,2,105,SE,6,0,2023,5.486764482253704,6.352007154817222
original_n10000,10000,Attentive CNP + PE,m2,2,105,continuum_2200_2400,40,0,9093,6.788628185273916,8.561430232582072
original_n10000,10000,Attentive CNP + PE,m2,2,105,FE,5,1,8709,2.7132900265025888,3.7870782191665633
original_n10000,10000,Attentive CNP + PE,m2,2,105,sparse_tail,13,47,68,31.315796774615613,37.44477621219199
original_n10000,10000,Attentive CNP + PE,m2,2,106,full,442,58,114299,10.338627537874315,13.92203272466886
original_n10000,10000,Attentive CNP + PE,m2,2,106,DEP,6,0,1323,5.913896642872497,6.792629582246967
original_n10000,10000,Attentive CNP + PE,m2,2,106,feature_1620kev,6,0,1361,11.124630227925058,15.569107602401036
original_n10000,10000,Attentive CNP + PE,m2,2,106,continuum_1700_2000,60,0,8230,9.565852513842286,12.957115934679633
original_n10000,10000,Attentive CNP + PE,m2,2,106,SE,6,0,2023,5.9490706865548715,6.9558614033900135
original_n10000,10000,Attentive CNP + PE,m2,2,106,continuum_2200_2400,40,0,9093,7.3082746471400855,9.044641233966473
original_n10000,10000,Attentive CNP + PE,m2,2,106,FE,5,1,8709,2.5365956405928416,3.9309873456110007
original_n10000,10000,Attentive CNP + PE,m2,2,106,sparse_tail,13,47,68,28.762228012346725,34.976301568854815
original_n10000,10000,Attentive CNP + PE,m2,2,107,full,442,58,114299,10.087440168745731,13.69109241623592
original_n10000,10000,Attentive CNP + PE,m2,2,107,DEP,6,0,1323,5.762028894054517,6.684953079000063
original_n10000,10000,Attentive CNP + PE,m2,2,107,feature_1620kev,6,0,1361,11.121886700543504,15.191427533283921
original_n10000,10000,Attentive CNP + PE,m2,2,107,continuum_1700_2000,60,0,8230,9.423022876044989,12.749895971261113
original_n10000,10000,Attentive CNP + PE,m2,2,107,SE,6,0,2023,5.415895787434344,6.293078302815146
original_n10000,10000,Attentive CNP + PE,m2,2,107,continuum_2200_2400,40,0,9093,6.869885258925022,8.613334587057265
original_n10000,10000,Attentive CNP + PE,m2,2,107,FE,5,1,8709,2.472727941533206,3.7588915304118613
original_n10000,10000,Attentive CNP + PE,m2,2,107,sparse_tail,13,47,68,29.267667372526617,35.424731818239394
original_n10000,10000,Attentive CNP + PE,m2,2,108,full,442,58,114299,10.191734507269253,13.765940450815068
original_n10000,10000,Attentive CNP + PE,m2,2,108,DEP,6,0,1323,5.761250088732846,6.675560371873256
original_n10000,10000,Attentive CNP + PE,m2,2,108,feature_1620kev,6,0,1361,11.333784599012885,15.459400473967538
original_n10000,10000,Attentive CNP + PE,m2,2,108,continuum_1700_2000,60,0,8230,9.52514449569267,12.87598023625726
original_n10000,10000,Attentive CNP + PE,m2,2,108,SE,6,0,2023,5.396733264200104,6.2780049907831685
original_n10000,10000,Attentive CNP + PE,m2,2,108,continuum_2200_2400,40,0,9093,7.041072182542488,8.780791382317759
original_n10000,10000,Attentive CNP + PE,m2,2,108,FE,5,1,8709,2.535766268487118,3.885178522203624
original_n10000,10000,Attentive CNP + PE,m2,2,108,sparse_tail,13,47,68,28.846965592559187,34.94714259445998
original_n10000,10000,Attentive CNP + PE,m2,2,109,full,442,58,114299,10.393186728131079,13.992408461807674
original_n10000,10000,Attentive CNP + PE,m2,2,109,DEP,6,0,1323,6.033409933260128,6.874081289319543
original_n10000,10000,Attentive CNP + PE,m2,2,109,feature_1620kev,6,0,1361,11.021488353567122,15.51462353452675
original_n10000,10000,Attentive CNP + PE,m2,2,109,continuum_1700_2000,60,0,8230,9.543280286311303,12.951281349724908
original_n10000,10000,Attentive CNP + PE,m2,2,109,SE,6,0,2023,6.196931731590812,7.303398805000723
original_n10000,10000,Attentive CNP + PE,m2,2,109,continuum_2200_2400,40,0,9093,7.3434181107844605,9.050999810880153
original_n10000,10000,Attentive CNP + PE,m2,2,109,FE,5,1,8709,2.599892566752212,3.887342364691936
original_n10000,10000,Attentive CNP + PE,m2,2,109,sparse_tail,13,47,68,29.206552158198512,35.4806463494482
original_n10000,10000,Density-guided CNP (ours),ours,0,100,full,442,58,114299,4.991356028384848,6.208170657734257
original_n10000,10000,Density-guided CNP (ours),ours,0,100,DEP,6,0,1323,5.465208809167164,6.323847186636791
original_n10000,10000,Density-guided CNP (ours),ours,0,100,feature_1620kev,6,0,1361,7.290803812948962,7.701036237666144
original_n10000,10000,Density-guided CNP (ours),ours,0,100,continuum_1700_2000,60,0,8230,4.00913222967617,5.004596121941252
original_n10000,10000,Density-guided CNP (ours),ours,0,100,SE,6,0,2023,3.2603840219731484,3.5537195935456243
original_n10000,10000,Density-guided CNP (ours),ours,0,100,continuum_2200_2400,40,0,9093,3.562875580841722,4.418565004358723
original_n10000,10000,Density-guided CNP (ours),ours,0,100,FE,5,1,8709,8.487306304227616,11.402941603964958
original_n10000,10000,Density-guided CNP (ours),ours,0,100,sparse_tail,13,47,68,8.240091029069593,9.736127575371988
original_n10000,10000,Density-guided CNP (ours),ours,0,101,full,442,58,114299,4.82800379904378,6.066974876915181
original_n10000,10000,Density-guided CNP (ours),ours,0,101,DEP,6,0,1323,4.88857938333887,5.805546652620457
original_n10000,10000,Density-guided CNP (ours),ours,0,101,feature_1620kev,6,0,1361,7.158179956901946,7.582140549695718
original_n10000,10000,Density-guided CNP (ours),ours,0,101,continuum_1700_2000,60,0,8230,3.9799971347477716,4.971161805612982
original_n10000,10000,Density-guided CNP (ours),ours,0,101,SE,6,0,2023,3.2771327958708287,3.5698400170461717
original_n10000,10000,Density-guided CNP (ours),ours,0,101,continuum_2200_2400,40,0,9093,3.7067016400108357,4.619110291794637
original_n10000,10000,Density-guided CNP (ours),ours,0,101,FE,5,1,8709,11.613050087607284,13.529127675460694
original_n10000,10000,Density-guided CNP (ours),ours,0,101,sparse_tail,13,47,68,4.551165286121629,6.300954478749958
original_n10000,10000,Density-guided CNP (ours),ours,0,102,full,442,58,114299,4.820749095329575,6.112099055337379
original_n10000,10000,Density-guided CNP (ours),ours,0,102,DEP,6,0,1323,5.077516362687253,5.9028241334419285
original_n10000,10000,Density-guided CNP (ours),ours,0,102,feature_1620kev,6,0,1361,7.0554917681247495,7.474824936181329
original_n10000,10000,Density-guided CNP (ours),ours,0,102,continuum_1700_2000,60,0,8230,3.9844120413153763,4.979533918292941
original_n10000,10000,Density-guided CNP (ours),ours,0,102,SE,6,0,2023,3.269790172500612,3.559365408640927
original_n10000,10000,Density-guided CNP (ours),ours,0,102,continuum_2200_2400,40,0,9093,3.596928645698093,4.466031156546681
original_n10000,10000,Density-guided CNP (ours),ours,0,102,FE,5,1,8709,10.459765779251317,12.914155929030057
original_n10000,10000,Density-guided CNP (ours),ours,0,102,sparse_tail,13,47,68,4.792225700296256,6.381799221189348
original_n10000,10000,Density-guided CNP (ours),ours,0,103,full,442,58,114299,4.876219421116238,6.119515322533728
original_n10000,10000,Density-guided CNP (ours),ours,0,103,DEP,6,0,1323,5.3848779278369285,6.2304243422164705
original_n10000,10000,Density-guided CNP (ours),ours,0,103,feature_1620kev,6,0,1361,7.215902536659781,7.62658514825546
original_n10000,10000,Density-guided CNP (ours),ours,0,103,continuum_1700_2000,60,0,8230,3.987076754046343,4.9789582707191675
original_n10000,10000,Density-guided CNP (ours),ours,0,103,SE,6,0,2023,3.2390984202851594,3.5764201762324297
original_n10000,10000,Density-guided CNP (ours),ours,0,103,continuum_2200_2400,40,0,9093,3.5432146285550337,4.39177859896392
original_n10000,10000,Density-guided CNP (ours),ours,0,103,FE,5,1,8709,8.459257827050035,11.124271221051266
original_n10000,10000,Density-guided CNP (ours),ours,0,103,sparse_tail,13,47,68,6.532741152536062,8.510172968141358
original_n10000,10000,Density-guided CNP (ours),ours,0,104,full,442,58,114299,4.821672639432658,6.007881342487967
original_n10000,10000,Density-guided CNP (ours),ours,0,104,DEP,6,0,1323,4.859264808002087,5.801411654546802
original_n10000,10000,Density-guided CNP (ours),ours,0,104,feature_1620kev,6,0,1361,7.189687524476954,7.613094062096695
original_n10000,10000,Density-guided CNP (ours),ours,0,104,continuum_1700_2000,60,0,8230,3.981095202785645,4.972383027909933
original_n10000,10000,Density-guided CNP (ours),ours,0,104,SE,6,0,2023,3.274363234772198,3.566561963483797
original_n10000,10000,Density-guided CNP (ours),ours,0,104,continuum_2200_2400,40,0,9093,3.6475631007410794,4.535640760192082
original_n10000,10000,Density-guided CNP (ours),ours,0,104,FE,5,1,8709,9.59600831853728,11.579154869684496
original_n10000,10000,Density-guided CNP (ours),ours,0,104,sparse_tail,13,47,68,5.38589274462794,7.130800373742095
original_n10000,10000,Density-guided CNP (ours),ours,0,105,full,442,58,114299,5.16352487282763,6.719111580229302
original_n10000,10000,Density-guided CNP (ours),ours,0,105,DEP,6,0,1323,5.137682760217619,5.958800984660496
original_n10000,10000,Density-guided CNP (ours),ours,0,105,feature_1620kev,6,0,1361,7.065344442345557,7.482911808678086
original_n10000,10000,Density-guided CNP (ours),ours,0,105,continuum_1700_2000,60,0,8230,3.9805129059119584,4.971690959636611
original_n10000,10000,Density-guided CNP (ours),ours,0,105,SE,6,0,2023,3.254067653934024,3.56827634038774
original_n10000,10000,Density-guided CNP (ours),ours,0,105,continuum_2200_2400,40,0,9093,3.553619478667714,4.405935111516965
original_n10000,10000,Density-guided CNP (ours),ours,0,105,FE,5,1,8709,7.937734194054999,10.926736128610976
original_n10000,10000,Density-guided CNP (ours),ours,0,105,sparse_tail,13,47,68,17.69470953980679,19.132477733509088
original_n10000,10000,Density-guided CNP (ours),ours,0,106,full,442,58,114299,4.821688297170875,6.007355853283585
original_n10000,10000,Density-guided CNP (ours),ours,0,106,DEP,6,0,1323,5.078053337845736,5.903029888897547
original_n10000,10000,Density-guided CNP (ours),ours,0,106,feature_1620kev,6,0,1361,7.0557598674174855,7.4751094194404715
original_n10000,10000,Density-guided CNP (ours),ours,0,106,continuum_1700_2000,60,0,8230,3.9796248793839335,4.970403734410735
original_n10000,10000,Density-guided CNP (ours),ours,0,106,SE,6,0,2023,3.2437259313150517,3.574908918018797
original_n10000,10000,Density-guided CNP (ours),ours,0,106,continuum_2200_2400,40,0,9093,3.551459568302775,4.4042077700486
original_n10000,10000,Density-guided CNP (ours),ours,0,106,FE,5,1,8709,8.599436690114546,11.030438377745693
original_n10000,10000,Density-guided CNP (ours),ours,0,106,sparse_tail,13,47,68,5.944719629996768,7.585544248402871
original_n10000,10000,Density-guided CNP (ours),ours,0,107,full,442,58,114299,4.849128859718435,6.0610245747407925
original_n10000,10000,Density-guided CNP (ours),ours,0,107,DEP,6,0,1323,4.929563772685136,5.816730421299761
original_n10000,10000,Density-guided CNP (ours),ours,0,107,feature_1620kev,6,0,1361,7.1326641944500295,7.556109934411856
original_n10000,10000,Density-guided CNP (ours),ours,0,107,continuum_1700_2000,60,0,8230,3.979993337883904,4.971301786464866
original_n10000,10000,Density-guided CNP (ours),ours,0,107,SE,6,0,2023,3.266970560957431,3.5682598539836645
original_n10000,10000,Density-guided CNP (ours),ours,0,107,continuum_2200_2400,40,0,9093,3.6279974128429626,4.511395480670673
original_n10000,10000,Density-guided CNP (ours),ours,0,107,FE,5,1,8709,9.41636252229275,11.463478629573382
original_n10000,10000,Density-guided CNP (ours),ours,0,107,sparse_tail,13,47,68,7.002630248954957,8.720460062628375
original_n10000,10000,Density-guided CNP (ours),ours,0,108,full,442,58,114299,4.796610366858991,5.986002030665946
original_n10000,10000,Density-guided CNP (ours),ours,0,108,DEP,6,0,1323,5.019073164998169,5.856046042517664
original_n10000,10000,Density-guided CNP (ours),ours,0,108,feature_1620kev,6,0,1361,7.055271258097356,7.476658927925459
original_n10000,10000,Density-guided CNP (ours),ours,0,108,continuum_1700_2000,60,0,8230,3.978804583061542,4.970337958431213
original_n10000,10000,Density-guided CNP (ours),ours,0,108,SE,6,0,2023,3.2602373713017907,3.5685554870668166
original_n10000,10000,Density-guided CNP (ours),ours,0,108,continuum_2200_2400,40,0,9093,3.627693461314009,4.514751058926167
original_n10000,10000,Density-guided CNP (ours),ours,0,108,FE,5,1,8709,10.417123238429607,12.251261184799372
original_n10000,10000,Density-guided CNP (ours),ours,0,108,sparse_tail,13,47,68,5.005897421908663,6.681474221273173
original_n10000,10000,Density-guided CNP (ours),ours,0,109,full,442,58,114299,4.885830156114393,6.136431085484612
original_n10000,10000,Density-guided CNP (ours),ours,0,109,DEP,6,0,1323,5.0918606806386375,5.914630012652309
original_n10000,10000,Density-guided CNP (ours),ours,0,109,feature_1620kev,6,0,1361,7.05816497446528,7.477350376358665
original_n10000,10000,Density-guided CNP (ours),ours,0,109,continuum_1700_2000,60,0,8230,3.982228253290333,4.973861800545013
original_n10000,10000,Density-guided CNP (ours),ours,0,109,SE,6,0,2023,3.247221481312997,3.5693419138330755
original_n10000,10000,Density-guided CNP (ours),ours,0,109,continuum_2200_2400,40,0,9093,3.545980987021733,4.395804210899698
original_n10000,10000,Density-guided CNP (ours),ours,0,109,FE,5,1,8709,8.437264448553798,11.242205752891936
original_n10000,10000,Density-guided CNP (ours),ours,0,109,sparse_tail,13,47,68,6.331802851429366,8.182671548594653
original_n10000,10000,Density-guided CNP (ours),ours,1,100,full,442,58,114299,4.944166312094917,6.101260577579112
original_n10000,10000,Density-guided CNP (ours),ours,1,100,DEP,6,0,1323,3.8502298178998897,4.883550198369971
original_n10000,10000,Density-guided CNP (ours),ours,1,100,feature_1620kev,6,0,1361,5.683513279355537,6.530371534246539
original_n10000,10000,Density-guided CNP (ours),ours,1,100,continuum_1700_2000,60,0,8230,4.051813289899612,4.954741594587655
original_n10000,10000,Density-guided CNP (ours),ours,1,100,SE,6,0,2023,3.285042120999731,3.6302405732444107
original_n10000,10000,Density-guided CNP (ours),ours,1,100,continuum_2200_2400,40,0,9093,3.3835772686111563,4.0355267986522
original_n10000,10000,Density-guided CNP (ours),ours,1,100,FE,5,1,8709,8.219244469974434,10.572552139045204
original_n10000,10000,Density-guided CNP (ours),ours,1,100,sparse_tail,13,47,68,9.633463802753472,10.266164277809985
original_n10000,10000,Density-guided CNP (ours),ours,1,101,full,442,58,114299,5.0120937693937915,6.160388371784413
original_n10000,10000,Density-guided CNP (ours),ours,1,101,DEP,6,0,1323,5.323517410540433,7.223777010175418
original_n10000,10000,Density-guided CNP (ours),ours,1,101,feature_1620kev,6,0,1361,8.758758543976402,9.928927392655124
original_n10000,10000,Density-guided CNP (ours),ours,1,101,continuum_1700_2000,60,0,8230,4.526956123824458,5.262679002163726
original_n10000,10000,Density-guided CNP (ours),ours,1,101,SE,6,0,2023,3.33235192500085,3.7410639291373977
original_n10000,10000,Density-guided CNP (ours),ours,1,101,continuum_2200_2400,40,0,9093,3.644843467177107,4.500267408216893
original_n10000,10000,Density-guided CNP (ours),ours,1,101,FE,5,1,8709,10.715344926668564,11.453846136375935
original_n10000,10000,Density-guided CNP (ours),ours,1,101,sparse_tail,13,47,68,5.517558272634818,6.9772825692594065
original_n10000,10000,Density-guided CNP (ours),ours,1,102,full,442,58,114299,4.870301588421907,5.973585593127516
original_n10000,10000,Density-guided CNP (ours),ours,1,102,DEP,6,0,1323,4.348033054932096,5.603447845584549
original_n10000,10000,Density-guided CNP (ours),ours,1,102,feature_1620kev,6,0,1361,6.565822656370838,7.566833912115264
original_n10000,10000,Density-guided CNP (ours),ours,1,102,continuum_1700_2000,60,0,8230,4.2709944881843604,5.082139198917269
original_n10000,10000,Density-guided CNP (ours),ours,1,102,SE,6,0,2023,3.29504135694689,3.6172832357887077
original_n10000,10000,Density-guided CNP (ours),ours,1,102,continuum_2200_2400,40,0,9093,3.448470655906364,4.165868131289095
original_n10000,10000,Density-guided CNP (ours),ours,1,102,FE,5,1,8709,9.464857848656044,10.672453186657247
original_n10000,10000,Density-guided CNP (ours),ours,1,102,sparse_tail,13,47,68,6.263774104216504,6.994262437755125
original_n10000,10000,Density-guided CNP (ours),ours,1,103,full,442,58,114299,4.8013985998311215,5.964709865474345
original_n10000,10000,Density-guided CNP (ours),ours,1,103,DEP,6,0,1323,3.9026022111162852,4.953194234423914
original_n10000,10000,Density-guided CNP (ours),ours,1,103,feature_1620kev,6,0,1361,5.769412065143487,6.641307260138024
original_n10000,10000,Density-guided CNP (ours),ours,1,103,continuum_1700_2000,60,0,8230,4.177860495320752,5.023284047513677
original_n10000,10000,Density-guided CNP (ours),ours,1,103,SE,6,0,2023,3.313794791403662,3.9083118428010017
original_n10000,10000,Density-guided CNP (ours),ours,1,103,continuum_2200_2400,40,0,9093,3.318869641910642,3.9155078487176795
original_n10000,10000,Density-guided CNP (ours),ours,1,103,FE,5,1,8709,8.331684949242373,10.502181940775323
original_n10000,10000,Density-guided CNP (ours),ours,1,103,sparse_tail,13,47,68,9.51362679891336,10.080550793456544
original_n10000,10000,Density-guided CNP (ours),ours,1,104,full,442,58,114299,5.235647874219802,6.408967695783385
original_n10000,10000,Density-guided CNP (ours),ours,1,104,DEP,6,0,1323,5.671522599582513,7.652981295318935
original_n10000,10000,Density-guided CNP (ours),ours,1,104,feature_1620kev,6,0,1361,9.31523576099536,10.529064084854598
original_n10000,10000,Density-guided CNP (ours),ours,1,104,continuum_1700_2000,60,0,8230,4.524824064755784,5.255320691152146
original_n10000,10000,Density-guided CNP (ours),ours,1,104,SE,6,0,2023,3.3226401776873424,3.7198488717707416
original_n10000,10000,Density-guided CNP (ours),ours,1,104,continuum_2200_2400,40,0,9093,3.553533448711904,4.333248470110166
original_n10000,10000,Density-guided CNP (ours),ours,1,104,FE,5,1,8709,9.424070618375243,10.597621539645573
original_n10000,10000,Density-guided CNP (ours),ours,1,104,sparse_tail,13,47,68,9.951162214952646,10.506029335735406
original_n10000,10000,Density-guided CNP (ours),ours,1,105,full,442,58,114299,4.950913358952528,6.1292816113719155
original_n10000,10000,Density-guided CNP (ours),ours,1,105,DEP,6,0,1323,4.214956435000907,5.401153488766572
original_n10000,10000,Density-guided CNP (ours),ours,1,105,feature_1620kev,6,0,1361,6.3133459675166606,7.28268554261687
original_n10000,10000,Density-guided CNP (ours),ours,1,105,continuum_1700_2000,60,0,8230,4.326670663298845,5.121329271322093
original_n10000,10000,Density-guided CNP (ours),ours,1,105,SE,6,0,2023,3.3150676842836027,3.83115766850375
original_n10000,10000,Density-guided CNP (ours),ours,1,105,continuum_2200_2400,40,0,9093,3.360862046573337,3.9908741451532803
original_n10000,10000,Density-guided CNP (ours),ours,1,105,FE,5,1,8709,7.907487149778866,10.6305804388304
original_n10000,10000,Density-guided CNP (ours),ours,1,105,sparse_tail,13,47,68,10.025687717402102,10.842655102377199
original_n10000,10000,Density-guided CNP (ours),ours,1,106,full,442,58,114299,4.96546730117753,6.126401810793033
original_n10000,10000,Density-guided CNP (ours),ours,1,106,DEP,6,0,1323,4.347165165986996,5.596561681943383
original_n10000,10000,Density-guided CNP (ours),ours,1,106,feature_1620kev,6,0,1361,6.547173772807821,7.54306507314636
original_n10000,10000,Density-guided CNP (ours),ours,1,106,continuum_1700_2000,60,0,8230,4.323673765910821,5.119293045382955
original_n10000,10000,Density-guided CNP (ours),ours,1,106,SE,6,0,2023,3.3171000245096884,3.8973158476000984
original_n10000,10000,Density-guided CNP (ours),ours,1,106,continuum_2200_2400,40,0,9093,3.3673104081306473,4.004198501857078
original_n10000,10000,Density-guided CNP (ours),ours,1,106,FE,5,1,8709,8.57583730304877,10.479096445568468
original_n10000,10000,Density-guided CNP (ours),ours,1,106,sparse_tail,13,47,68,9.913878695745794,10.529381381628985
original_n10000,10000,Density-guided CNP (ours),ours,1,107,full,442,58,114299,5.029948685438999,6.186782776780095
original_n10000,10000,Density-guided CNP (ours),ours,1,107,DEP,6,0,1323,5.06722080393199,6.820871660901405
original_n10000,10000,Density-guided CNP (ours),ours,1,107,feature_1620kev,6,0,1361,8.300688971634122,9.44044054571434
original_n10000,10000,Density-guided CNP (ours),ours,1,107,continuum_1700_2000,60,0,8230,4.51450102341449,5.252457388959164
original_n10000,10000,Density-guided CNP (ours),ours,1,107,SE,6,0,2023,3.3268737531250703,3.8016662010694424
original_n10000,10000,Density-guided CNP (ours),ours,1,107,continuum_2200_2400,40,0,9093,3.5020223779791677,4.246146220586832
original_n10000,10000,Density-guided CNP (ours),ours,1,107,FE,5,1,8709,9.162215854144703,10.489026130050645
original_n10000,10000,Density-guided CNP (ours),ours,1,107,sparse_tail,13,47,68,9.743251432885073,10.365676901552527
original_n10000,10000,Density-guided CNP (ours),ours,1,108,full,442,58,114299,4.849903458063351,5.9857443796263725
original_n10000,10000,Density-guided CNP (ours),ours,1,108,DEP,6,0,1323,4.5503122021351095,5.931061602472516
original_n10000,10000,Density-guided CNP (ours),ours,1,108,feature_1620kev,6,0,1361,6.981532973581399,8.011234311352705
original_n10000,10000,Density-guided CNP (ours),ours,1,108,continuum_1700_2000,60,0,8230,4.368014146468931,5.146694405138999
original_n10000,10000,Density-guided CNP (ours),ours,1,108,SE,6,0,2023,3.3232286767003716,3.80395028236019
original_n10000,10000,Density-guided CNP (ours),ours,1,108,continuum_2200_2400,40,0,9093,3.5373911871614303,4.301794731505545
original_n10000,10000,Density-guided CNP (ours),ours,1,108,FE,5,1,8709,9.98202660073476,10.937087032289154
original_n10000,10000,Density-guided CNP (ours),ours,1,108,sparse_tail,13,47,68,8.63042250394799,9.338467092526338
original_n10000,10000,Density-guided CNP (ours),ours,1,109,full,442,58,114299,5.130331324959466,6.2727310404133805
original_n10000,10000,Density-guided CNP (ours),ours,1,109,DEP,6,0,1323,4.32103159260663,5.553090666424958
original_n10000,10000,Density-guided CNP (ours),ours,1,109,feature_1620kev,6,0,1361,6.442660524534856,7.423171090309302
original_n10000,10000,Density-guided CNP (ours),ours,1,109,continuum_1700_2000,60,0,8230,4.237657264165075,5.058802265659917
original_n10000,10000,Density-guided CNP (ours),ours,1,109,SE,6,0,2023,3.313511799732357,3.847306283645411
original_n10000,10000,Density-guided CNP (ours),ours,1,109,continuum_2200_2400,40,0,9093,3.3439234958292765,3.9586683316274263
original_n10000,10000,Density-guided CNP (ours),ours,1,109,FE,5,1,8709,8.284976949035402,10.529995239088223
original_n10000,10000,Density-guided CNP (ours),ours,1,109,sparse_tail,13,47,68,9.093101503779163,9.468147479011902
original_n10000,10000,Density-guided CNP (ours),ours,2,100,full,442,58,114299,4.77780226240367,5.982226864647567
original_n10000,10000,Density-guided CNP (ours),ours,2,100,DEP,6,0,1323,3.579609390718789,4.363284164619259
original_n10000,10000,Density-guided CNP (ours),ours,2,100,feature_1620kev,6,0,1361,5.341162918404951,6.549556057159436
original_n10000,10000,Density-guided CNP (ours),ours,2,100,continuum_1700_2000,60,0,8230,4.804561454312963,5.605401030921809
original_n10000,10000,Density-guided CNP (ours),ours,2,100,SE,6,0,2023,3.4813158759129723,4.477354101887426
original_n10000,10000,Density-guided CNP (ours),ours,2,100,continuum_2200_2400,40,0,9093,3.778199327007117,4.429986770108156
original_n10000,10000,Density-guided CNP (ours),ours,2,100,FE,5,1,8709,7.71712208075418,11.244717528859736
original_n10000,10000,Density-guided CNP (ours),ours,2,100,sparse_tail,13,47,68,8.275620918350985,9.790047677674654
original_n10000,10000,Density-guided CNP (ours),ours,2,101,full,442,58,114299,4.712478809038358,5.961003590401434
original_n10000,10000,Density-guided CNP (ours),ours,2,101,DEP,6,0,1323,3.709816124075951,4.952792871113045
original_n10000,10000,Density-guided CNP (ours),ours,2,101,feature_1620kev,6,0,1361,6.600804090037081,7.811099279470646
original_n10000,10000,Density-guided CNP (ours),ours,2,101,continuum_1700_2000,60,0,8230,4.946633752233192,5.79555301952451
original_n10000,10000,Density-guided CNP (ours),ours,2,101,SE,6,0,2023,3.4863599702883725,4.607240464276513
original_n10000,10000,Density-guided CNP (ours),ours,2,101,continuum_2200_2400,40,0,9093,3.7877202774157537,4.4100476714196395
original_n10000,10000,Density-guided CNP (ours),ours,2,101,FE,5,1,8709,10.006637097529117,12.589229502477892
original_n10000,10000,Density-guided CNP (ours),ours,2,101,sparse_tail,13,47,68,4.506584089611335,6.507239690345945
original_n10000,10000,Density-guided CNP (ours),ours,2,102,full,442,58,114299,4.724126005605219,5.963779696780068
original_n10000,10000,Density-guided CNP (ours),ours,2,102,DEP,6,0,1323,3.5756005834476747,4.513925345199994
original_n10000,10000,Density-guided CNP (ours),ours,2,102,feature_1620kev,6,0,1361,5.72674256957677,7.049673348839904
original_n10000,10000,Density-guided CNP (ours),ours,2,102,continuum_1700_2000,60,0,8230,4.961586296007819,5.76121291226003
original_n10000,10000,Density-guided CNP (ours),ours,2,102,SE,6,0,2023,3.4896741388895918,4.443858033427539
original_n10000,10000,Density-guided CNP (ours),ours,2,102,continuum_2200_2400,40,0,9093,3.7982330282678527,4.440544872231521
original_n10000,10000,Density-guided CNP (ours),ours,2,102,FE,5,1,8709,8.68496102456512,11.990905930185676
original_n10000,10000,Density-guided CNP (ours),ours,2,102,sparse_tail,13,47,68,4.907404193075567,6.69948646737189
original_n10000,10000,Density-guided CNP (ours),ours,2,103,full,442,58,114299,4.959080976155743,6.376208508245239
original_n10000,10000,Density-guided CNP (ours),ours,2,103,DEP,6,0,1323,3.5595237579333974,4.354636299931614
original_n10000,10000,Density-guided CNP (ours),ours,2,103,feature_1620kev,6,0,1361,5.351946091415107,6.611542633121781
original_n10000,10000,Density-guided CNP (ours),ours,2,103,continuum_1700_2000,60,0,8230,4.918138043829938,5.752890243155787
original_n10000,10000,Density-guided CNP (ours),ours,2,103,SE,6,0,2023,3.4723451804706174,4.777979158060713
original_n10000,10000,Density-guided CNP (ours),ours,2,103,continuum_2200_2400,40,0,9093,3.711029257930486,4.357429840262492
original_n10000,10000,Density-guided CNP (ours),ours,2,103,FE,5,1,8709,7.618110722875385,11.138493837069738
original_n10000,10000,Density-guided CNP (ours),ours,2,103,sparse_tail,13,47,68,14.096904293761586,15.62979949903093
original_n10000,10000,Density-guided CNP (ours),ours,2,104,full,442,58,114299,4.787334596578333,5.989900764522581
original_n10000,10000,Density-guided CNP (ours),ours,2,104,DEP,6,0,1323,3.7330402500651614,5.035790241119255
original_n10000,10000,Density-guided CNP (ours),ours,2,104,feature_1620kev,6,0,1361,6.759017392457,7.946081962328325
original_n10000,10000,Density-guided CNP (ours),ours,2,104,continuum_1700_2000,60,0,8230,4.940791707731074,5.787478350418783
original_n10000,10000,Density-guided CNP (ours),ours,2,104,SE,6,0,2023,3.4863806295750246,4.591201129822325
original_n10000,10000,Density-guided CNP (ours),ours,2,104,continuum_2200_2400,40,0,9093,3.803952783960178,4.436355431150848
original_n10000,10000,Density-guided CNP (ours),ours,2,104,FE,5,1,8709,8.317839477455097,11.283567234218356
original_n10000,10000,Density-guided CNP (ours),ours,2,104,sparse_tail,13,47,68,6.095294398398134,7.976529439471309
original_n10000,10000,Density-guided CNP (ours),ours,2,105,full,442,58,114299,5.034231776525541,6.499437193449194
original_n10000,10000,Density-guided CNP (ours),ours,2,105,DEP,6,0,1323,3.5582780607458098,4.457102979218409
original_n10000,10000,Density-guided CNP (ours),ours,2,105,feature_1620kev,6,0,1361,5.605830736733798,6.937642820869762
original_n10000,10000,Density-guided CNP (ours),ours,2,105,continuum_1700_2000,60,0,8230,4.9862909964720155,5.82020396333102
original_n10000,10000,Density-guided CNP (ours),ours,2,105,SE,6,0,2023,3.4633108294326065,4.716011011871664
original_n10000,10000,Density-guided CNP (ours),ours,2,105,continuum_2200_2400,40,0,9093,3.7649428433583445,4.418474809744884
original_n10000,10000,Density-guided CNP (ours),ours,2,105,FE,5,1,8709,7.870252725789258,11.049929534226315
original_n10000,10000,Density-guided CNP (ours),ours,2,105,sparse_tail,13,47,68,15.67811380656975,17.134750981210427
original_n10000,10000,Density-guided CNP (ours),ours,2,106,full,442,58,114299,4.789328124356099,6.012582182843305
original_n10000,10000,Density-guided CNP (ours),ours,2,106,DEP,6,0,1323,3.57508418088515,4.514445918843652
original_n10000,10000,Density-guided CNP (ours),ours,2,106,feature_1620kev,6,0,1361,5.721811311875388,7.043231317417173
original_n10000,10000,Density-guided CNP (ours),ours,2,106,continuum_1700_2000,60,0,8230,4.968269722755722,5.802309834490538
original_n10000,10000,Density-guided CNP (ours),ours,2,106,SE,6,0,2023,3.4563762370396054,4.764653991456747
original_n10000,10000,Density-guided CNP (ours),ours,2,106,continuum_2200_2400,40,0,9093,3.759185658013627,4.410694480046351
original_n10000,10000,Density-guided CNP (ours),ours,2,106,FE,5,1,8709,7.702706841378467,11.109786993220741
original_n10000,10000,Density-guided CNP (ours),ours,2,106,sparse_tail,13,47,68,7.3509815749883485,8.940503948844535
original_n10000,10000,Density-guided CNP (ours),ours,2,107,full,442,58,114299,5.0369043250748,6.497745691911989
original_n10000,10000,Density-guided CNP (ours),ours,2,107,DEP,6,0,1323,3.6707822235905576,4.836331124270198
original_n10000,10000,Density-guided CNP (ours),ours,2,107,feature_1620kev,6,0,1361,6.413898635131586,7.65979002391171
original_n10000,10000,Density-guided CNP (ours),ours,2,107,continuum_1700_2000,60,0,8230,4.957681225384524,5.807228349887871
original_n10000,10000,Density-guided CNP (ours),ours,2,107,SE,6,0,2023,3.472429445217906,4.677747380912814
original_n10000,10000,Density-guided CNP (ours),ours,2,107,continuum_2200_2400,40,0,9093,3.8089892357920556,4.446468397403758
original_n10000,10000,Density-guided CNP (ours),ours,2,107,FE,5,1,8709,8.086192545201058,11.158230253602769
original_n10000,10000,Density-guided CNP (ours),ours,2,107,sparse_tail,13,47,68,15.525424683472696,17.003535800730614
original_n10000,10000,Density-guided CNP (ours),ours,2,108,full,442,58,114299,4.752286017893411,5.961253922707126
original_n10000,10000,Density-guided CNP (ours),ours,2,108,DEP,6,0,1323,3.6015153926292043,4.6104055374199735
original_n10000,10000,Density-guided CNP (ours),ours,2,108,feature_1620kev,6,0,1361,5.9118285948314035,7.226044503161805
original_n10000,10000,Density-guided CNP (ours),ours,2,108,continuum_1700_2000,60,0,8230,4.9847781263624515,5.820311450902675
original_n10000,10000,Density-guided CNP (ours),ours,2,108,SE,6,0,2023,3.471998666855363,4.6970374265736385
original_n10000,10000,Density-guided CNP (ours),ours,2,108,continuum_2200_2400,40,0,9093,3.8047829155705855,4.4393830529897516
original_n10000,10000,Density-guided CNP (ours),ours,2,108,FE,5,1,8709,9.046146890653592,11.662329592940788
original_n10000,10000,Density-guided CNP (ours),ours,2,108,sparse_tail,13,47,68,6.275959707760123,7.834856845579398
original_n10000,10000,Density-guided CNP (ours),ours,2,109,full,442,58,114299,5.018998811110933,6.388919422131069
original_n10000,10000,Density-guided CNP (ours),ours,2,109,DEP,6,0,1323,3.5689115438619856,4.50443220442591
original_n10000,10000,Density-guided CNP (ours),ours,2,109,feature_1620kev,6,0,1361,5.667683833006264,7.000273268874309
original_n10000,10000,Density-guided CNP (ours),ours,2,109,continuum_1700_2000,60,0,8230,4.95797779511511,5.778914998170373
original_n10000,10000,Density-guided CNP (ours),ours,2,109,SE,6,0,2023,3.465571495495744,4.713031521360875
original_n10000,10000,Density-guided CNP (ours),ours,2,109,continuum_2200_2400,40,0,9093,3.7411908994457397,4.391863982366732
original_n10000,10000,Density-guided CNP (ours),ours,2,109,FE,5,1,8709,7.72324120365996,11.246587090114147
original_n10000,10000,Density-guided CNP (ours),ours,2,109,sparse_tail,13,47,68,13.318547649999344,14.616679335790236
