method,architecture_id,training_seed,context_seed,context_size,region_id,region,valid_bin_count,excluded_bin_count,events_in_valid_bins,mae_percentage_points,rmse_percentage_points
CNP,m0,0,100,250,full,Full 500-3000 keV,442,58,114299,4.8584150066810325,6.7101770487463135
CNP,m0,0,100,250,DEP,Tl-208 DEP 1592 keV,6,0,1323,6.554328075254917,10.283843541230336
CNP,m0,0,100,250,Bi-214,Bi-212 1620.74-keV feature,6,0,1361,8.874045224182234,13.251640874100861
CNP,m0,0,100,250,continuum_1700_2000,Continuum 1700-2000 keV,60,0,8230,4.773971638164414,5.546544501046571
CNP,m0,0,100,250,SE,Tl-208 SE 2103 keV,6,0,2023,12.048713899068913,16.23198102912192
CNP,m0,0,100,250,continuum_2200_2400,Continuum 2200-2400 keV,40,0,9093,4.174471644689552,5.053988087579424
CNP,m0,0,100,250,FE,Tl-208 FE 2614 keV,5,1,8709,3.096855074132552,3.6550810776354443
CNP,m0,0,100,250,sparse_tail,Sparse tail 2700-3000 keV,13,47,68,9.798420907930455,10.553004632004908
CNP,m0,0,101,250,full,Full 500-3000 keV,442,58,114299,4.766531871718543,6.546401973938185
CNP,m0,0,101,250,DEP,Tl-208 DEP 1592 keV,6,0,1323,6.840795371131743,10.623770146776028
CNP,m0,0,101,250,Bi-214,Bi-212 1620.74-keV feature,6,0,1361,8.960071934833723,12.886868464670014
CNP,m0,0,101,250,continuum_1700_2000,Continuum 1700-2000 keV,60,0,8230,4.4288759764023595,5.193804957354202
CNP,m0,0,101,250,SE,Tl-208 SE 2103 keV,6,0,2023,11.076825180458275,15.524252623999299
CNP,m0,0,101,250,continuum_2200_2400,Continuum 2200-2400 keV,40,0,9093,4.7752474490982895,5.67938234809111
CNP,m0,0,101,250,FE,Tl-208 FE 2614 keV,5,1,8709,3.6344509627609143,4.3429556171110235
CNP,m0,0,101,250,sparse_tail,Sparse tail 2700-3000 keV,13,47,68,9.296079338451856,10.031074153802887
CNP,m0,0,102,250,full,Full 500-3000 keV,442,58,114299,4.79926453489372,6.606679894886082
CNP,m0,0,102,250,DEP,Tl-208 DEP 1592 keV,6,0,1323,6.7225349361166655,10.47625056416866
CNP,m0,0,102,250,Bi-214,Bi-212 1620.74-keV feature,6,0,1361,8.87464898821862,13.031626144510064
CNP,m0,0,102,250,continuum_1700_2000,Continuum 1700-2000 keV,60,0,8230,4.568231855581524,5.321506099911858
CNP,m0,0,102,250,SE,Tl-208 SE 2103 keV,6,0,2023,11.479767536374688,15.814204060555232
CNP,m0,0,102,250,continuum_2200_2400,Continuum 2200-2400 keV,40,0,9093,4.513107747834452,5.3974952252697035
CNP,m0,0,102,250,FE,Tl-208 FE 2614 keV,5,1,8709,3.4307785614693587,4.093703121227735
CNP,m0,0,102,250,sparse_tail,Sparse tail 2700-3000 keV,13,47,68,9.443631092872446,10.18522097071894
CNP,m0,0,103,250,full,Full 500-3000 keV,442,58,114299,4.825828075862671,6.656653399427192
CNP,m0,0,103,250,DEP,Tl-208 DEP 1592 keV,6,0,1323,6.622099366112224,10.35870274282525
CNP,m0,0,103,250,Bi-214,Bi-212 1620.74-keV feature,6,0,1361,8.873888289974268,13.161848148671995
CNP,m0,0,103,250,continuum_1700_2000,Continuum 1700-2000 keV,60,0,8230,4.6921160509367725,5.4555897244094185
CNP,m0,0,103,250,SE,Tl-208 SE 2103 keV,6,0,2023,11.824857939761262,16.066615610524103
CNP,m0,0,103,250,continuum_2200_2400,Continuum 2200-2400 keV,40,0,9093,4.330839147927323,5.211384990746575
CNP,m0,0,103,250,FE,Tl-208 FE 2614 keV,5,1,8709,3.1857765303716437,3.769583500845116
CNP,m0,0,103,250,sparse_tail,Sparse tail 2700-3000 keV,13,47,68,9.765255007110705,10.512365160985562
CNP,m0,0,104,250,full,Full 500-3000 keV,442,58,114299,4.78207631226676,6.57883080885146
CNP,m0,0,104,250,DEP,Tl-208 DEP 1592 keV,6,0,1323,6.762284656433064,10.525059281870165
CNP,m0,0,104,250,Bi-214,Bi-212 1620.74-keV feature,6,0,1361,8.881143005486125,12.982288686669946
CNP,m0,0,104,250,continuum_1700_2000,Continuum 1700-2000 keV,60,0,8230,4.523829650589869,5.278156616455451
CNP,m0,0,104,250,SE,Tl-208 SE 2103 keV,6,0,2023,11.346709329499218,15.718008068040104
CNP,m0,0,104,250,continuum_2200_2400,Continuum 2200-2400 keV,40,0,9093,4.613750468942705,5.508375689345824
CNP,m0,0,104,250,FE,Tl-208 FE 2614 keV,5,1,8709,3.4540553044741977,4.126197068653629
CNP,m0,0,104,250,sparse_tail,Sparse tail 2700-3000 keV,13,47,68,9.477137988126215,10.213772527232964
CNP,m0,0,105,250,full,Full 500-3000 keV,442,58,114299,4.8578369789959215,6.706756746189492
CNP,m0,0,105,250,DEP,Tl-208 DEP 1592 keV,6,0,1323,6.568104607523784,10.298440172537928
CNP,m0,0,105,250,Bi-214,Bi-212 1620.74-keV feature,6,0,1361,8.873888369672661,13.23347372056448
CNP,m0,0,105,250,continuum_1700_2000,Continuum 1700-2000 keV,60,0,8230,4.758151947893985,5.528880125267721
CNP,m0,0,105,250,SE,Tl-208 SE 2103 keV,6,0,2023,12.009506557638439,16.20287523371245
CNP,m0,0,105,250,continuum_2200_2400,Continuum 2200-2400 keV,40,0,9093,4.195814812022404,5.072795022692648
CNP,m0,0,105,250,FE,Tl-208 FE 2614 keV,5,1,8709,3.1292998363670694,3.696022738091983
CNP,m0,0,105,250,sparse_tail,Sparse tail 2700-3000 keV,13,47,68,9.766226788145982,10.520282094797382
CNP,m0,0,106,250,full,Full 500-3000 keV,442,58,114299,4.781074970333011,6.5723608928963255
CNP,m0,0,106,250,DEP,Tl-208 DEP 1592 keV,6,0,1323,6.793555473643504,10.563802623468694
CNP,m0,0,106,250,Bi-214,Bi-212 1620.74-keV feature,6,0,1361,8.913193594896129,12.94346548310526
CNP,m0,0,106,250,continuum_1700_2000,Continuum 1700-2000 keV,60,0,8230,4.484281733835054,5.241577371484312
CNP,m0,0,106,250,SE,Tl-208 SE 2103 keV,6,0,2023,11.239540513347663,15.640623482211712
CNP,m0,0,106,250,continuum_2200_2400,Continuum 2200-2400 keV,40,0,9093,4.659554074379342,5.554880678969927
CNP,m0,0,106,250,FE,Tl-208 FE 2614 keV,5,1,8709,3.563540607682257,4.275851517734417
CNP,m0,0,106,250,sparse_tail,Sparse tail 2700-3000 keV,13,47,68,9.31222347496771,10.050488517080229
CNP,m0,0,107,250,full,Full 500-3000 keV,442,58,114299,4.836557129941137,6.671607445315055
CNP,m0,0,107,250,DEP,Tl-208 DEP 1592 keV,6,0,1323,6.6181629253266445,10.35435682180155
CNP,m0,0,107,250,Bi-214,Bi-212 1620.74-keV feature,6,0,1361,8.874319563518045,13.166504066209384
CNP,m0,0,107,250,continuum_1700_2000,Continuum 1700-2000 keV,60,0,8230,4.692657914028544,5.4561558854274494
CNP,m0,0,107,250,SE,Tl-208 SE 2103 keV,6,0,2023,11.836305718388186,16.07488684960759
CNP,m0,0,107,250,continuum_2200_2400,Continuum 2200-2400 keV,40,0,9093,4.2965762427045515,5.173096822212261
CNP,m0,0,107,250,FE,Tl-208 FE 2614 keV,5,1,8709,3.233667374575043,3.8308183454058438
CNP,m0,0,107,250,sparse_tail,Sparse tail 2700-3000 keV,13,47,68,9.644407984574546,10.393310097129351
CNP,m0,0,108,250,full,Full 500-3000 keV,442,58,114299,4.869216279375797,6.733591071384798
CNP,m0,0,108,250,DEP,Tl-208 DEP 1592 keV,6,0,1323,6.4960482266611095,10.222035997261976
CNP,m0,0,108,250,Bi-214,Bi-212 1620.74-keV feature,6,0,1361,8.873228826449292,13.33174098403019
CNP,m0,0,108,250,continuum_1700_2000,Continuum 1700-2000 keV,60,0,8230,4.8552378187759615,5.637383905783293
CNP,m0,0,108,250,SE,Tl-208 SE 2103 keV,6,0,2023,12.238985044328334,16.37382799365305
CNP,m0,0,108,250,continuum_2200_2400,Continuum 2200-2400 keV,40,0,9093,4.0898276432410805,4.978491688540846
CNP,m0,0,108,250,FE,Tl-208 FE 2614 keV,5,1,8709,2.9407368412308807,3.462830476522636
CNP,m0,0,108,250,sparse_tail,Sparse tail 2700-3000 keV,13,47,68,10.010699406882754,10.773102491542065
CNP,m0,0,109,250,full,Full 500-3000 keV,442,58,114299,4.765217753585429,6.528145336590424
CNP,m0,0,109,250,DEP,Tl-208 DEP 1592 keV,6,0,1323,6.923790506249966,10.733015109183931
CNP,m0,0,109,250,Bi-214,Bi-212 1620.74-keV feature,6,0,1361,9.044726931035502,12.790426385842505
CNP,m0,0,109,250,continuum_1700_2000,Continuum 1700-2000 keV,60,0,8230,4.338856742112262,5.119503464154699
CNP,m0,0,109,250,SE,Tl-208 SE 2103 keV,6,0,2023,10.802018018460723,15.329286774652584
CNP,m0,0,109,250,continuum_2200_2400,Continuum 2200-2400 keV,40,0,9093,4.948914488593177,5.848354741740806
CNP,m0,0,109,250,FE,Tl-208 FE 2614 keV,5,1,8709,3.9859831980235163,4.639863284310232
CNP,m0,0,109,250,sparse_tail,Sparse tail 2700-3000 keV,13,47,68,9.036532292181755,9.773506728131931
CNP,m0,0,100,500,full,Full 500-3000 keV,442,58,114299,4.7733342750494945,6.550354661371979
CNP,m0,0,100,500,DEP,Tl-208 DEP 1592 keV,6,0,1323,6.856362945410672,10.643888062720187
CNP,m0,0,100,500,Bi-214,Bi-212 1620.74-keV feature,6,0,1361,8.976780328865582,12.868034910948142
CNP,m0,0,100,500,continuum_1700_2000,Continuum 1700-2000 keV,60,0,8230,4.408600206175362,5.1764309169921034
CNP,m0,0,100,500,SE,Tl-208 SE 2103 keV,6,0,2023,11.022789692658295,15.485546262476724
CNP,m0,0,100,500,continuum_2200_2400,Continuum 2200-2400 keV,40,0,9093,4.786483192835429,5.687276321615101
CNP,m0,0,100,500,FE,Tl-208 FE 2614 keV,5,1,8709,3.8161637267326887,4.494001308047918
CNP,m0,0,100,500,sparse_tail,Sparse tail 2700-3000 keV,13,47,68,9.108065821986235,9.848206894421166
CNP,m0,0,101,500,full,Full 500-3000 keV,442,58,114299,4.759199126307816,6.518744055173792
CNP,m0,0,101,500,DEP,Tl-208 DEP 1592 keV,6,0,1323,6.929088480371987,10.740303774415286
CNP,m0,0,101,500,Bi-214,Bi-212 1620.74-keV feature,6,0,1361,9.049375913393796,12.783821975004258
CNP,m0,0,101,500,continuum_1700_2000,Continuum 1700-2000 keV,60,0,8230,4.33231578849564,5.113905332825299
CNP,m0,0,101,500,SE,Tl-208 SE 2103 keV,6,0,2023,10.774051067097497,15.309642563293885
CNP,m0,0,101,500,continuum_2200_2400,Continuum 2200-2400 keV,40,0,9093,4.978372884499775,5.882714410675037
CNP,m0,0,101,500,FE,Tl-208 FE 2614 keV,5,1,8709,3.931066143818761,4.593850748246901
CNP,m0,0,101,500,sparse_tail,Sparse tail 2700-3000 keV,13,47,68,9.100964255477404,9.835336709400423
CNP,m0,0,102,500,full,Full 500-3000 keV,442,58,114299,4.764886643794231,6.530186857377627
CNP,m0,0,102,500,DEP,Tl-208 DEP 1592 keV,6,0,1323,6.911908865029197,10.716881574939148
CNP,m0,0,102,500,Bi-214,Bi-212 1620.74-keV feature,6,0,1361,9.032731920334975,12.80370545462223
CNP,m0,0,102,500,continuum_1700_2000,Continuum 1700-2000 keV,60,0,8230,4.34883040457189,5.127143291168566
CNP,m0,0,102,500,SE,Tl-208 SE 2103 keV,6,0,2023,10.833289660315874,15.351225921732453
CNP,m0,0,102,500,continuum_2200_2400,Continuum 2200-2400 keV,40,0,9093,4.91974357816928,5.820558070506677
CNP,m0,0,102,500,FE,Tl-208 FE 2614 keV,5,1,8709,3.9821253018001204,4.636035817505375
CNP,m0,0,102,500,sparse_tail,Sparse tail 2700-3000 keV,13,47,68,9.01181549630172,9.752552572969382
CNP,m0,0,103,500,full,Full 500-3000 keV,442,58,114299,4.823485172362671,6.652970512971952
CNP,m0,0,103,500,DEP,Tl-208 DEP 1592 keV,6,0,1323,6.628362038153372,10.36594658162879
CNP,m0,0,103,500,Bi-214,Bi-212 1620.74-keV feature,6,0,1361,8.873889194785137,13.152924629150379
CNP,m0,0,103,500,continuum_1700_2000,Continuum 1700-2000 keV,60,0,8230,4.681874031049415,5.4435523846155105
CNP,m0,0,103,500,SE,Tl-208 SE 2103 keV,6,0,2023,11.798207903801696,16.04692426233867
CNP,m0,0,103,500,continuum_2200_2400,Continuum 2200-2400 keV,40,0,9093,4.336571844832025,5.217054200168865
CNP,m0,0,103,500,FE,Tl-208 FE 2614 keV,5,1,8709,3.212346953994156,3.8040251706672787
CNP,m0,0,103,500,sparse_tail,Sparse tail 2700-3000 keV,13,47,68,9.70994302975984,10.457920744942703
CNP,m0,0,104,500,full,Full 500-3000 keV,442,58,114299,4.769615620115916,6.552779880345022
CNP,m0,0,104,500,DEP,Tl-208 DEP 1592 keV,6,0,1323,6.826694384016657,10.605842076313166
CNP,m0,0,104,500,Bi-214,Bi-212 1620.74-keV feature,6,0,1361,8.94572965921261,12.903677947592247
CNP,m0,0,104,500,continuum_1700_2000,Continuum 1700-2000 keV,60,0,8230,4.446867159789207,5.208951752262958
CNP,m0,0,104,500,SE,Tl-208 SE 2103 keV,6,0,2023,11.128091237010235,15.560924974065243
CNP,m0,0,104,500,continuum_2200_2400,Continuum 2200-2400 keV,40,0,9093,4.744902271768438,5.647449737467596
CNP,m0,0,104,500,FE,Tl-208 FE 2614 keV,5,1,8709,3.5844768905963096,4.301462569219629
CNP,m0,0,104,500,sparse_tail,Sparse tail 2700-3000 keV,13,47,68,9.339263880697596,10.073330311777328
CNP,m0,0,105,500,full,Full 500-3000 keV,442,58,114299,4.8225317683590045,6.645925087218889
CNP,m0,0,105,500,DEP,Tl-208 DEP 1592 keV,6,0,1323,6.661085670400611,10.40348625846629
CNP,m0,0,105,500,Bi-214,Bi-212 1620.74-keV feature,6,0,1361,8.874338643770011,13.110428049271473
CNP,m0,0,105,500,continuum_1700_2000,Continuum 1700-2000 keV,60,0,8230,4.643057648461084,5.400386126093408
CNP,m0,0,105,500,SE,Tl-208 SE 2103 keV,6,0,2023,11.69454595108177,15.970873541493352
CNP,m0,0,105,500,continuum_2200_2400,Continuum 2200-2400 keV,40,0,9093,4.383803960568609,5.261033960370512
CNP,m0,0,105,500,FE,Tl-208 FE 2614 keV,5,1,8709,3.3125805928765075,3.934868626366825
CNP,m0,0,105,500,sparse_tail,Sparse tail 2700-3000 keV,13,47,68,9.572663361016172,10.317594561863855
CNP,m0,0,106,500,full,Full 500-3000 keV,442,58,114299,4.778689416708043,6.5689438600446515
CNP,m0,0,106,500,DEP,Tl-208 DEP 1592 keV,6,0,1323,6.7978613125448355,10.569174989563052
CNP,m0,0,106,500,Bi-214,Bi-212 1620.74-keV feature,6,0,1361,8.917529088563205,12.93834787216442
CNP,m0,0,106,500,continuum_1700_2000,Continuum 1700-2000 keV,60,0,8230,4.478333053737189,5.236186961167691
CNP,m0,0,106,500,SE,Tl-208 SE 2103 keV,6,0,2023,11.22255250811918,15.628433486241441
CNP,m0,0,106,500,continuum_2200_2400,Continuum 2200-2400 keV,40,0,9093,4.668760566305079,5.565536201836856
CNP,m0,0,106,500,FE,Tl-208 FE 2614 keV,5,1,8709,3.570330006628545,4.285304123615967
CNP,m0,0,106,500,sparse_tail,Sparse tail 2700-3000 keV,13,47,68,9.301088221220514,10.03970692790927
CNP,m0,0,107,500,full,Full 500-3000 keV,442,58,114299,4.822755192709426,6.648958883178638
CNP,m0,0,107,500,DEP,Tl-208 DEP 1592 keV,6,0,1323,6.645625309936236,10.385655290691972
CNP,m0,0,107,500,Bi-214,Bi-212 1620.74-keV feature,6,0,1361,8.874042787966859,13.130221747198464
CNP,m0,0,107,500,continuum_1700_2000,Continuum 1700-2000 keV,60,0,8230,4.660774914953157,5.419827772944745
CNP,m0,0,107,500,SE,Tl-208 SE 2103 keV,6,0,2023,11.742276190656142,16.0057625552443
CNP,m0,0,107,500,continuum_2200_2400,Continuum 2200-2400 keV,40,0,9093,4.360476912696621,5.239176191303884
CNP,m0,0,107,500,FE,Tl-208 FE 2614 keV,5,1,8709,3.2671649907648384,3.8751726791067256
CNP,m0,0,107,500,sparse_tail,Sparse tail 2700-3000 keV,13,47,68,9.632337981297791,10.379539047019737
CNP,m0,0,108,500,full,Full 500-3000 keV,442,58,114299,4.8292408320754525,6.6631333638901795
CNP,m0,0,108,500,DEP,Tl-208 DEP 1592 keV,6,0,1323,6.614044888687752,10.349612276642477
CNP,m0,0,108,500,Bi-214,Bi-212 1620.74-keV feature,6,0,1361,8.873951964846881,13.17194238623824
CNP,m0,0,108,500,continuum_1700_2000,Continuum 1700-2000 keV,60,0,8230,4.698248619580484,5.462374320036923
CNP,m0,0,108,500,SE,Tl-208 SE 2103 keV,6,0,2023,11.845789367929054,16.082011126859975
CNP,m0,0,108,500,continuum_2200_2400,Continuum 2200-2400 keV,40,0,9093,4.304445182716651,5.184427116149878
CNP,m0,0,108,500,FE,Tl-208 FE 2614 keV,5,1,8709,3.1937789712443565,3.7797047818898992
CNP,m0,0,108,500,sparse_tail,Sparse tail 2700-3000 keV,13,47,68,9.718641631263816,10.46839488849937
CNP,m0,0,109,500,full,Full 500-3000 keV,442,58,114299,4.7674001001567605,6.5390159795008715
CNP,m0,0,109,500,DEP,Tl-208 DEP 1592 keV,6,0,1323,6.881228615711148,10.676516378876157
CNP,m0,0,109,500,Bi-214,Bi-212 1620.74-keV feature,6,0,1361,9.00149585495257,12.839177694259215
CNP,m0,0,109,500,continuum_1700_2000,Continuum 1700-2000 keV,60,0,8230,4.3840851646370265,5.155575315815238
CNP,m0,0,109,500,SE,Tl-208 SE 2103 keV,6,0,2023,10.943223812098168,15.429070307239318
CNP,m0,0,109,500,continuum_2200_2400,Continuum 2200-2400 keV,40,0,9093,4.85103882051747,5.753372079738863
CNP,m0,0,109,500,FE,Tl-208 FE 2614 keV,5,1,8709,3.8346679824554997,4.5105970982076835
CNP,m0,0,109,500,sparse_tail,Sparse tail 2700-3000 keV,13,47,68,9.137717767188944,9.874165649125684
CNP,m0,0,100,1000,full,Full 500-3000 keV,442,58,114299,4.7731118273987185,6.553932178783661
CNP,m0,0,100,1000,DEP,Tl-208 DEP 1592 keV,6,0,1323,6.838477848892982,10.62086985372844
CNP,m0,0,100,1000,Bi-214,Bi-212 1620.74-keV feature,6,0,1361,8.958372842513768,12.889354161287446
CNP,m0,0,100,1000,continuum_1700_2000,Continuum 1700-2000 keV,60,0,8230,4.430118430344223,5.194858325991399
CNP,m0,0,100,1000,SE,Tl-208 SE 2103 keV,6,0,2023,11.085635221428735,15.530469399415638
CNP,m0,0,100,1000,continuum_2200_2400,Continuum 2200-2400 keV,40,0,9093,4.753265285757424,5.653779253239942
CNP,m0,0,100,1000,FE,Tl-208 FE 2614 keV,5,1,8709,3.7093046012594866,4.404580744716404
CNP,m0,0,100,1000,sparse_tail,Sparse tail 2700-3000 keV,13,47,68,9.206367054049242,9.944234160772467
CNP,m0,0,101,1000,full,Full 500-3000 keV,442,58,114299,4.786834095219068,6.4944832343223124
CNP,m0,0,101,1000,DEP,Tl-208 DEP 1592 keV,6,0,1323,7.174821840197783,11.09106504468702
CNP,m0,0,101,1000,Bi-214,Bi-212 1620.74-keV feature,6,0,1361,9.297322510961747,12.523147309662889
CNP,m0,0,101,1000,continuum_1700_2000,Continuum 1700-2000 keV,60,0,8230,4.120274145012506,4.977980481972443
CNP,m0,0,101,1000,SE,Tl-208 SE 2103 keV,6,0,2023,9.936062142405207,14.73193063845514
CNP,m0,0,101,1000,continuum_2200_2400,Continuum 2200-2400 keV,40,0,9093,5.577899280295556,6.484671932630527
CNP,m0,0,101,1000,FE,Tl-208 FE 2614 keV,5,1,8709,4.743038669424236,5.304600618081368
CNP,m0,0,101,1000,sparse_tail,Sparse tail 2700-3000 keV,13,47,68,8.578314837393295,9.325532433909595
CNP,m0,0,102,1000,full,Full 500-3000 keV,442,58,114299,4.768532166080661,6.497862669246287
CNP,m0,0,102,1000,DEP,Tl-208 DEP 1592 keV,6,0,1323,7.068229635094318,10.934180307927635
CNP,m0,0,102,1000,Bi-214,Bi-212 1620.74-keV feature,6,0,1361,9.190081957392398,12.631402173286348
CNP,m0,0,102,1000,continuum_1700_2000,Continuum 1700-2000 keV,60,0,8230,4.206214703328037,5.020889226789207
CNP,m0,0,102,1000,SE,Tl-208 SE 2103 keV,6,0,2023,10.29843170658364,14.978673887639053
CNP,m0,0,102,1000,continuum_2200_2400,Continuum 2200-2400 keV,40,0,9093,5.300410408208341,6.206138811260591
CNP,m0,0,102,1000,FE,Tl-208 FE 2614 keV,5,1,8709,4.465635312029346,5.0575947193057536
CNP,m0,0,102,1000,sparse_tail,Sparse tail 2700-3000 keV,13,47,68,8.720375162865345,9.465169422630105
CNP,m0,0,103,1000,full,Full 500-3000 keV,442,58,114299,4.807682189585625,6.622556251053558
CNP,m0,0,103,1000,DEP,Tl-208 DEP 1592 keV,6,0,1323,6.689072175200489,10.436426286980707
CNP,m0,0,103,1000,Bi-214,Bi-212 1620.74-keV feature,6,0,1361,8.87420130902735,13.074142329107156
CNP,m0,0,103,1000,continuum_1700_2000,Continuum 1700-2000 keV,60,0,8230,4.609667838166719,5.364315108235411
CNP,m0,0,103,1000,SE,Tl-208 SE 2103 keV,6,0,2023,11.596082328248137,15.898885930700418
CNP,m0,0,103,1000,continuum_2200_2400,Continuum 2200-2400 keV,40,0,9093,4.450875627942397,5.332852812642499
CNP,m0,0,103,1000,FE,Tl-208 FE 2614 keV,5,1,8709,3.3437023902858494,3.97680759472354
CNP,m0,0,103,1000,sparse_tail,Sparse tail 2700-3000 keV,13,47,68,9.561621789614652,10.3042643253544
CNP,m0,0,104,1000,full,Full 500-3000 keV,442,58,114299,4.806279475708789,6.621358620813214
CNP,m0,0,104,1000,DEP,Tl-208 DEP 1592 keV,6,0,1323,6.686800924549301,10.433777366915823
CNP,m0,0,104,1000,Bi-214,Bi-212 1620.74-keV feature,6,0,1361,8.874218434605288,13.076803992040498
CNP,m0,0,104,1000,continuum_1700_2000,Continuum 1700-2000 keV,60,0,8230,4.611299540175289,5.365887043403986
CNP,m0,0,104,1000,SE,Tl-208 SE 2103 keV,6,0,2023,11.599640120864635,15.901473997427248
CNP,m0,0,104,1000,continuum_2200_2400,Continuum 2200-2400 keV,40,0,9093,4.448453952423923,5.331172928609394
CNP,m0,0,104,1000,FE,Tl-208 FE 2614 keV,5,1,8709,3.3409418782351414,3.97306996476892
CNP,m0,0,104,1000,sparse_tail,Sparse tail 2700-3000 keV,13,47,68,9.560092799697701,10.303259472855101
CNP,m0,0,105,1000,full,Full 500-3000 keV,442,58,114299,4.805389866290208,6.617128981414394
CNP,m0,0,105,1000,DEP,Tl-208 DEP 1592 keV,6,0,1323,6.703295384508835,10.453225686858561
CNP,m0,0,105,1000,Bi-214,Bi-212 1620.74-keV feature,6,0,1361,8.874374450496832,13.056106240259938
CNP,m0,0,105,1000,continuum_1700_2000,Continuum 1700-2000 keV,60,0,8230,4.592791847245751,5.346678491527112
CNP,m0,0,105,1000,SE,Tl-208 SE 2103 keV,6,0,2023,11.549181366082408,15.864707140930387
CNP,m0,0,105,1000,continuum_2200_2400,Continuum 2200-2400 keV,40,0,9093,4.4759111571144325,5.3580714292001
CNP,m0,0,105,1000,FE,Tl-208 FE 2614 keV,5,1,8709,3.3809897245757106,4.026597682616912
CNP,m0,0,105,1000,sparse_tail,Sparse tail 2700-3000 keV,13,47,68,9.51468179962321,10.256661088778001
CNP,m0,0,106,1000,full,Full 500-3000 keV,442,58,114299,4.783851634589783,6.579342922690877
CNP,m0,0,106,1000,DEP,Tl-208 DEP 1592 keV,6,0,1323,6.772742508554934,10.53771834267204
CNP,m0,0,106,1000,Bi-214,Bi-212 1620.74-keV feature,6,0,1361,8.891871052659063,12.968879877790668
CNP,m0,0,106,1000,continuum_1700_2000,Continuum 1700-2000 keV,60,0,8230,4.508495824989225,5.2636205366241215
CNP,m0,0,106,1000,SE,Tl-208 SE 2103 keV,6,0,2023,11.3079508097436,15.689979336750747
CNP,m0,0,106,1000,continuum_2200_2400,Continuum 2200-2400 keV,40,0,9093,4.619037334950522,5.51186737997409
CNP,m0,0,106,1000,FE,Tl-208 FE 2614 keV,5,1,8709,3.5152513431069052,4.209384467756516
CNP,m0,0,106,1000,sparse_tail,Sparse tail 2700-3000 keV,13,47,68,9.365740683658677,10.104811202950822
CNP,m0,0,107,1000,full,Full 500-3000 keV,442,58,114299,4.761555399414088,6.520800733981232
CNP,m0,0,107,1000,DEP,Tl-208 DEP 1592 keV,6,0,1323,6.937336568464625,10.75140745789009
CNP,m0,0,107,1000,Bi-214,Bi-212 1620.74-keV feature,6,0,1361,9.057909368402129,12.7745005600752
CNP,m0,0,107,1000,continuum_1700_2000,Continuum 1700-2000 keV,60,0,8230,4.324348070375172,5.107431307095667
CNP,m0,0,107,1000,SE,Tl-208 SE 2103 keV,6,0,2023,10.749204927719989,15.292177883616132
CNP,m0,0,107,1000,continuum_2200_2400,Continuum 2200-2400 keV,40,0,9093,4.986857714569837,5.888171626529698
CNP,m0,0,107,1000,FE,Tl-208 FE 2614 keV,5,1,8709,4.008728144187016,4.659712047618075
CNP,m0,0,107,1000,sparse_tail,Sparse tail 2700-3000 keV,13,47,68,9.027919321723289,9.765115090597781
CNP,m0,0,108,1000,full,Full 500-3000 keV,442,58,114299,4.779207552156307,6.571418728275091
CNP,m0,0,108,1000,DEP,Tl-208 DEP 1592 keV,6,0,1323,6.787501501740555,10.556212821261305
CNP,m0,0,108,1000,Bi-214,Bi-212 1620.74-keV feature,6,0,1361,8.906742138698672,12.950871445284609
CNP,m0,0,108,1000,continuum_1700_2000,Continuum 1700-2000 keV,60,0,8230,4.491442886997458,5.248006147379161
CNP,m0,0,108,1000,SE,Tl-208 SE 2103 keV,6,0,2023,11.258389833912043,15.654238799241249
CNP,m0,0,108,1000,continuum_2200_2400,Continuum 2200-2400 keV,40,0,9093,4.652152751811788,5.54836669001068
CNP,m0,0,108,1000,FE,Tl-208 FE 2614 keV,5,1,8709,3.534469606785847,4.235867429068188
CNP,m0,0,108,1000,sparse_tail,Sparse tail 2700-3000 keV,13,47,68,9.356247688742757,10.094352221747823
CNP,m0,0,109,1000,full,Full 500-3000 keV,442,58,114299,4.779411069677277,6.56547784473132
CNP,m0,0,109,1000,DEP,Tl-208 DEP 1592 keV,6,0,1323,6.817818013845174,10.594366370480094
CNP,m0,0,109,1000,Bi-214,Bi-212 1620.74-keV feature,6,0,1361,8.937528463526021,12.914398632964911
CNP,m0,0,109,1000,continuum_1700_2000,Continuum 1700-2000 keV,60,0,8230,4.45593560701389,5.216749920890653
CNP,m0,0,109,1000,SE,Tl-208 SE 2103 keV,6,0,2023,11.160705476445248,15.58411215723354
CNP,m0,0,109,1000,continuum_2200_2400,Continuum 2200-2400 keV,40,0,9093,4.703276424591666,5.601126783670536
CNP,m0,0,109,1000,FE,Tl-208 FE 2614 keV,5,1,8709,3.6532790042186813,4.357216205412551
CNP,m0,0,109,1000,sparse_tail,Sparse tail 2700-3000 keV,13,47,68,9.239166637114195,9.977369776906047
CNP,m0,0,100,2000,full,Full 500-3000 keV,442,58,114299,4.789934145680331,6.589224141088404
CNP,m0,0,100,2000,DEP,Tl-208 DEP 1592 keV,6,0,1323,6.758037469948036,10.519494706654362
CNP,m0,0,100,2000,Bi-214,Bi-212 1620.74-keV feature,6,0,1361,8.877162644617565,12.987136736560714
CNP,m0,0,100,2000,continuum_1700_2000,Continuum 1700-2000 keV,60,0,8230,4.526077734924069,5.280242059294706
CNP,m0,0,100,2000,SE,Tl-208 SE 2103 keV,6,0,2023,11.35979482821576,15.727284346107783
CNP,m0,0,100,2000,continuum_2200_2400,Continuum 2200-2400 keV,40,0,9093,4.584337428303497,5.47329106295291
CNP,m0,0,100,2000,FE,Tl-208 FE 2614 keV,5,1,8709,3.4998315990095348,4.18799348683376
CNP,m0,0,100,2000,sparse_tail,Sparse tail 2700-3000 keV,13,47,68,9.370906832165831,10.111308883919799
CNP,m0,0,101,2000,full,Full 500-3000 keV,442,58,114299,4.7676775701085266,6.543779329793699
CNP,m0,0,101,2000,DEP,Tl-208 DEP 1592 keV,6,0,1323,6.860050193771228,10.648761646345026
CNP,m0,0,101,2000,Bi-214,Bi-212 1620.74-keV feature,6,0,1361,8.979787298427343,12.863825730861608
CNP,m0,0,101,2000,continuum_1700_2000,Continuum 1700-2000 keV,60,0,8230,4.406536760221383,5.174683514140266
CNP,m0,0,101,2000,SE,Tl-208 SE 2103 keV,6,0,2023,11.012411940336843,15.478331926715638
CNP,m0,0,101,2000,continuum_2200_2400,Continuum 2200-2400 keV,40,0,9093,4.8064160893201775,5.709781848483382
CNP,m0,0,101,2000,FE,Tl-208 FE 2614 keV,5,1,8709,3.748934302254619,4.438304517311615
CNP,m0,0,101,2000,sparse_tail,Sparse tail 2700-3000 keV,13,47,68,9.19822302218305,9.934483761793423
CNP,m0,0,102,2000,full,Full 500-3000 keV,442,58,114299,4.777122281031083,6.564883368420185
CNP,m0,0,102,2000,DEP,Tl-208 DEP 1592 keV,6,0,1323,6.808619885243298,10.582723978740946
CNP,m0,0,102,2000,Bi-214,Bi-212 1620.74-keV feature,6,0,1361,8.928142495369286,12.925156572424946
CNP,m0,0,102,2000,continuum_1700_2000,Continuum 1700-2000 keV,60,0,8230,4.465854175376484,5.225212958172241
CNP,m0,0,102,2000,SE,Tl-208 SE 2103 keV,6,0,2023,11.186851636230227,15.602854888083773
CNP,m0,0,102,2000,continuum_2200_2400,Continuum 2200-2400 keV,40,0,9093,4.6903224149518925,5.588924240733758
CNP,m0,0,102,2000,FE,Tl-208 FE 2614 keV,5,1,8709,3.602209851980505,4.314957661711332
CNP,m0,0,102,2000,sparse_tail,Sparse tail 2700-3000 keV,13,47,68,9.280319957031661,10.01853195323328
CNP,m0,0,103,2000,full,Full 500-3000 keV,442,58,114299,4.765694351745367,6.538224168244235
CNP,m0,0,103,2000,DEP,Tl-208 DEP 1592 keV,6,0,1323,6.877011333129319,10.670810176175488
CNP,m0,0,103,2000,Bi-214,Bi-212 1620.74-keV feature,6,0,1361,8.996779456706824,12.844089886543516
CNP,m0,0,103,2000,continuum_1700_2000,Continuum 1700-2000 keV,60,0,8230,4.388723270813273,5.159454987493381
CNP,m0,0,103,2000,SE,Tl-208 SE 2103 keV,6,0,2023,10.956589005144428,15.438674024623742
CNP,m0,0,103,2000,continuum_2200_2400,Continuum 2200-2400 keV,40,0,9093,4.844971608597863,5.748641185305379
CNP,m0,0,103,2000,FE,Tl-208 FE 2614 keV,5,1,8709,3.797014852828114,4.479115336381592
CNP,m0,0,103,2000,sparse_tail,Sparse tail 2700-3000 keV,13,47,68,9.173033597034317,9.908617085067078
CNP,m0,0,104,2000,full,Full 500-3000 keV,442,58,114299,4.824453052645101,6.652833208483076
CNP,m0,0,104,2000,DEP,Tl-208 DEP 1592 keV,6,0,1323,6.637140913124311,10.375822088909567
CNP,m0,0,104,2000,Bi-214,Bi-212 1620.74-keV feature,6,0,1361,8.874210221892277,13.141429857491202
CNP,m0,0,104,2000,continuum_1700_2000,Continuum 1700-2000 keV,60,0,8230,4.670279646996174,5.430400815951164
CNP,m0,0,104,2000,SE,Tl-208 SE 2103 keV,6,0,2023,11.768925369432914,16.025329989731606
CNP,m0,0,104,2000,continuum_2200_2400,Continuum 2200-2400 keV,40,0,9093,4.343947332801988,5.222935226264326
CNP,m0,0,104,2000,FE,Tl-208 FE 2614 keV,5,1,8709,3.2522929153829754,3.855741761275424
CNP,m0,0,104,2000,sparse_tail,Sparse tail 2700-3000 keV,13,47,68,9.642977484749036,10.39064290826723
CNP,m0,0,105,2000,full,Full 500-3000 keV,442,58,114299,4.800389346449689,6.609345300978109
CNP,m0,0,105,2000,DEP,Tl-208 DEP 1592 keV,6,0,1323,6.714469641907635,10.466589337278172
CNP,m0,0,105,2000,Bi-214,Bi-212 1620.74-keV feature,6,0,1361,8.874351351990068,13.041844647406005
CNP,m0,0,105,2000,continuum_1700_2000,Continuum 1700-2000 keV,60,0,8230,4.57897040427065,5.332418873319109
CNP,m0,0,105,2000,SE,Tl-208 SE 2103 keV,6,0,2023,11.508972832653253,15.835455094156279
CNP,m0,0,105,2000,continuum_2200_2400,Continuum 2200-2400 keV,40,0,9093,4.500327690882947,5.3844500643433815
CNP,m0,0,105,2000,FE,Tl-208 FE 2614 keV,5,1,8709,3.399565596817856,4.0517604792872675
CNP,m0,0,105,2000,sparse_tail,Sparse tail 2700-3000 keV,13,47,68,9.494286617193676,10.235771866087775
CNP,m0,0,106,2000,full,Full 500-3000 keV,442,58,114299,4.792101729058334,6.59510075224113
CNP,m0,0,106,2000,DEP,Tl-208 DEP 1592 keV,6,0,1323,6.739060309968388,10.496280316700618
CNP,m0,0,106,2000,Bi-214,Bi-212 1620.74-keV feature,6,0,1361,8.87449844358929,13.010895133875987
CNP,m0,0,106,2000,continuum_1700_2000,Continuum 1700-2000 keV,60,0,8230,4.549332782387878,5.3026953878280425
CNP,m0,0,106,2000,SE,Tl-208 SE 2103 keV,6,0,2023,11.42381375934191,15.77361688623832
CNP,m0,0,106,2000,continuum_2200_2400,Continuum 2200-2400 keV,40,0,9093,4.552248966063629,5.440220062090306
CNP,m0,0,106,2000,FE,Tl-208 FE 2614 keV,5,1,8709,3.4447543511254413,4.113050778322707
CNP,m0,0,106,2000,sparse_tail,Sparse tail 2700-3000 keV,13,47,68,9.44720746477102,10.18755608610218
CNP,m0,0,107,2000,full,Full 500-3000 keV,442,58,114299,4.76301929482772,6.528379915775963
CNP,m0,0,107,2000,DEP,Tl-208 DEP 1592 keV,6,0,1323,6.907601133627363,10.711478650540942
CNP,m0,0,107,2000,Bi-214,Bi-212 1620.74-keV feature,6,0,1361,9.027629213742939,12.80856763487754
CNP,m0,0,107,2000,continuum_1700_2000,Continuum 1700-2000 keV,60,0,8230,4.355993038399007,5.132799738806925
CNP,m0,0,107,2000,SE,Tl-208 SE 2103 keV,6,0,2023,10.853371697303423,15.365571226531898
CNP,m0,0,107,2000,continuum_2200_2400,Continuum 2200-2400 keV,40,0,9093,4.919663978830155,5.822070883209044
CNP,m0,0,107,2000,FE,Tl-208 FE 2614 keV,5,1,8709,3.883738847072942,4.55291686673624
CNP,m0,0,107,2000,sparse_tail,Sparse tail 2700-3000 keV,13,47,68,9.126186078868455,9.860842075856093
CNP,m0,0,108,2000,full,Full 500-3000 keV,442,58,114299,4.766366708895512,6.541334891551033
CNP,m0,0,108,2000,DEP,Tl-208 DEP 1592 keV,6,0,1323,6.865214121315627,10.65555986990402
CNP,m0,0,108,2000,Bi-214,Bi-212 1620.74-keV feature,6,0,1361,8.984991323623914,12.85772446732959
CNP,m0,0,108,2000,continuum_1700_2000,Continuum 1700-2000 keV,60,0,8230,4.401243190689883,5.17012011911782
CNP,m0,0,108,2000,SE,Tl-208 SE 2103 keV,6,0,2023,10.995402065264324,15.466229596756948
CNP,m0,0,108,2000,continuum_2200_2400,Continuum 2200-2400 keV,40,0,9093,4.82000358594739,5.7241557455818874
CNP,m0,0,108,2000,FE,Tl-208 FE 2614 keV,5,1,8709,3.7554626368203605,4.443908345648143
CNP,m0,0,108,2000,sparse_tail,Sparse tail 2700-3000 keV,13,47,68,9.200647024054097,9.936371191013984
CNP,m0,0,109,2000,full,Full 500-3000 keV,442,58,114299,4.772849563235285,6.5535015952229045
CNP,m0,0,109,2000,DEP,Tl-208 DEP 1592 keV,6,0,1323,6.839380017125661,10.621923569638103
CNP,m0,0,109,2000,Bi-214,Bi-212 1620.74-keV feature,6,0,1361,8.958933453853874,12.88844119721994
CNP,m0,0,109,2000,continuum_1700_2000,Continuum 1700-2000 keV,60,0,8230,4.430473301551556,5.195226105028154
CNP,m0,0,109,2000,SE,Tl-208 SE 2103 keV,6,0,2023,11.08590011886045,15.530669624501964
CNP,m0,0,109,2000,continuum_2200_2400,Continuum 2200-2400 keV,40,0,9093,4.757226794240039,5.6577605668107305
CNP,m0,0,109,2000,FE,Tl-208 FE 2614 keV,5,1,8709,3.691849655522356,4.389990037951078
CNP,m0,0,109,2000,sparse_tail,Sparse tail 2700-3000 keV,13,47,68,9.231786743068547,9.968429748255666
CNP,m0,1,100,250,full,Full 500-3000 keV,442,58,114299,4.642481500558559,6.347771525322137
CNP,m0,1,100,250,DEP,Tl-208 DEP 1592 keV,6,0,1323,6.9664818229869185,10.806658657036309
CNP,m0,1,100,250,Bi-214,Bi-212 1620.74-keV feature,6,0,1361,9.088524135511854,12.734337866956228
CNP,m0,1,100,250,continuum_1700_2000,Continuum 1700-2000 keV,60,0,8230,4.2826089475555875,5.077285056124456
CNP,m0,1,100,250,SE,Tl-208 SE 2103 keV,6,0,2023,10.998598729813137,15.452707619831216
CNP,m0,1,100,250,continuum_2200_2400,Continuum 2200-2400 keV,40,0,9093,4.478255878758071,5.427270558284892
CNP,m0,1,100,250,FE,Tl-208 FE 2614 keV,5,1,8709,5.911863757263982,6.421022293790231
CNP,m0,1,100,250,sparse_tail,Sparse tail 2700-3000 keV,13,47,68,7.596296600566951,8.462881118970143
CNP,m0,1,101,250,full,Full 500-3000 keV,442,58,114299,4.671170234631734,6.3463078084300335
CNP,m0,1,101,250,DEP,Tl-208 DEP 1592 keV,6,0,1323,7.0883662716638085,10.979606418119355
CNP,m0,1,101,250,Bi-214,Bi-212 1620.74-keV feature,6,0,1361,9.211807797093597,12.60330328209332
CNP,m0,1,101,250,continuum_1700_2000,Continuum 1700-2000 keV,60,0,8230,4.176891263125717,5.0049459931408595
CNP,m0,1,101,250,SE,Tl-208 SE 2103 keV,6,0,2023,10.572798588373043,15.153195084468587
CNP,m0,1,101,250,continuum_2200_2400,Continuum 2200-2400 keV,40,0,9093,4.874549502535268,5.877108582336968
CNP,m0,1,101,250,FE,Tl-208 FE 2614 keV,5,1,8709,6.453011143646728,6.923147286825328
CNP,m0,1,101,250,sparse_tail,Sparse tail 2700-3000 keV,13,47,68,7.3183627575740235,8.222304259626586
CNP,m0,1,102,250,full,Full 500-3000 keV,442,58,114299,4.672099429624517,6.346908372454392
CNP,m0,1,102,250,DEP,Tl-208 DEP 1592 keV,6,0,1323,7.077642810046993,10.964172149082211
CNP,m0,1,102,250,Bi-214,Bi-212 1620.74-keV feature,6,0,1361,9.201089921353706,12.61429137747716
CNP,m0,1,102,250,continuum_1700_2000,Continuum 1700-2000 keV,60,0,8230,4.185494034625084,5.00983100929577
CNP,m0,1,102,250,SE,Tl-208 SE 2103 keV,6,0,2023,10.589576071966674,15.165076549964427
CNP,m0,1,102,250,continuum_2200_2400,Continuum 2200-2400 keV,40,0,9093,4.890049883060517,5.8976742713945844
CNP,m0,1,102,250,FE,Tl-208 FE 2614 keV,5,1,8709,6.466814059533455,6.936121997149133
CNP,m0,1,102,250,sparse_tail,Sparse tail 2700-3000 keV,13,47,68,7.318444204360376,8.220872247611185
CNP,m0,1,103,250,full,Full 500-3000 keV,442,58,114299,4.660777939638967,6.347072516781129
CNP,m0,1,103,250,DEP,Tl-208 DEP 1592 keV,6,0,1323,7.035797669542814,10.903699791418862
CNP,m0,1,103,250,Bi-214,Bi-212 1620.74-keV feature,6,0,1361,9.158211106832825,12.659338195718176
CNP,m0,1,103,250,continuum_1700_2000,Continuum 1700-2000 keV,60,0,8230,4.220701878946898,5.032478914439003
CNP,m0,1,103,250,SE,Tl-208 SE 2103 keV,6,0,2023,10.788577253398053,15.303544421573163
CNP,m0,1,103,250,continuum_2200_2400,Continuum 2200-2400 keV,40,0,9093,4.561393967175833,5.508090042594472
CNP,m0,1,103,250,FE,Tl-208 FE 2614 keV,5,1,8709,5.910173959347773,6.419559194512262
CNP,m0,1,103,250,sparse_tail,Sparse tail 2700-3000 keV,13,47,68,7.61451378432051,8.476968159302492
CNP,m0,1,104,250,full,Full 500-3000 keV,442,58,114299,4.677016407044309,6.347605180893765
CNP,m0,1,104,250,DEP,Tl-208 DEP 1592 keV,6,0,1323,7.091378962799584,10.983855963426029
CNP,m0,1,104,250,Bi-214,Bi-212 1620.74-keV feature,6,0,1361,9.214533241951704,12.600621152222663
CNP,m0,1,104,250,continuum_1700_2000,Continuum 1700-2000 keV,60,0,8230,4.172862581235351,5.002514463706492
CNP,m0,1,104,250,SE,Tl-208 SE 2103 keV,6,0,2023,10.556962130382756,15.141874397419059
CNP,m0,1,104,250,continuum_2200_2400,Continuum 2200-2400 keV,40,0,9093,4.840094354306382,5.832828996523871
CNP,m0,1,104,250,FE,Tl-208 FE 2614 keV,5,1,8709,6.328924015030271,6.80768994969579
CNP,m0,1,104,250,sparse_tail,Sparse tail 2700-3000 keV,13,47,68,7.397305678240509,8.28799791711923
CNP,m0,1,105,250,full,Full 500-3000 keV,442,58,114299,4.662716152037186,6.345588131907198
CNP,m0,1,105,250,DEP,Tl-208 DEP 1592 keV,6,0,1323,7.04597072919456,10.91806411471938
CNP,m0,1,105,250,Bi-214,Bi-212 1620.74-keV feature,6,0,1361,9.168321903278331,12.648586573889364
CNP,m0,1,105,250,continuum_1700_2000,Continuum 1700-2000 keV,60,0,8230,4.21293064356642,5.02711594159762
CNP,m0,1,105,250,SE,Tl-208 SE 2103 keV,6,0,2023,10.736228897975453,15.267060105842715
CNP,m0,1,105,250,continuum_2200_2400,Continuum 2200-2400 keV,40,0,9093,4.6605666948979945,5.630779199617805
CNP,m0,1,105,250,FE,Tl-208 FE 2614 keV,5,1,8709,6.091343937790908,6.586981758461126
CNP,m0,1,105,250,sparse_tail,Sparse tail 2700-3000 keV,13,47,68,7.522509458362816,8.396369459431725
CNP,m0,1,106,250,full,Full 500-3000 keV,442,58,114299,4.695835838347411,6.356827122729296
CNP,m0,1,106,250,DEP,Tl-208 DEP 1592 keV,6,0,1323,7.144062993719152,11.062032150932529
CNP,m0,1,106,250,Bi-214,Bi-212 1620.74-keV feature,6,0,1361,9.268137786132012,12.546732043131078
CNP,m0,1,106,250,continuum_1700_2000,Continuum 1700-2000 keV,60,0,8230,4.132308981358994,4.98148199761809
CNP,m0,1,106,250,SE,Tl-208 SE 2103 keV,6,0,2023,10.36626500683306,15.010266151331543
CNP,m0,1,106,250,continuum_2200_2400,Continuum 2200-2400 keV,40,0,9093,5.0878006449067446,6.103034801013794
CNP,m0,1,106,250,FE,Tl-208 FE 2614 keV,5,1,8709,6.664907827657236,7.121383273150005
CNP,m0,1,106,250,sparse_tail,Sparse tail 2700-3000 keV,13,47,68,7.226411584534888,8.143083132990013
CNP,m0,1,107,250,full,Full 500-3000 keV,442,58,114299,4.656286413092689,6.343867073837026
CNP,m0,1,107,250,DEP,Tl-208 DEP 1592 keV,6,0,1323,7.026199841000462,10.890170554978905
CNP,m0,1,107,250,Bi-214,Bi-212 1620.74-keV feature,6,0,1361,9.148967761486158,12.668778536849118
CNP,m0,1,107,250,continuum_1700_2000,Continuum 1700-2000 keV,60,0,8230,4.227899905841888,5.037211992024471
CNP,m0,1,107,250,SE,Tl-208 SE 2103 keV,6,0,2023,10.760518654803652,15.284800712135155
CNP,m0,1,107,250,continuum_2200_2400,Continuum 2200-2400 keV,40,0,9093,4.730926498406924,5.721772230315242
CNP,m0,1,107,250,FE,Tl-208 FE 2614 keV,5,1,8709,6.269787843658096,6.752411343043735
CNP,m0,1,107,250,sparse_tail,Sparse tail 2700-3000 keV,13,47,68,7.4149352401170265,8.304684427664652
CNP,m0,1,108,250,full,Full 500-3000 keV,442,58,114299,4.641876047366522,6.3629450371765195
CNP,m0,1,108,250,DEP,Tl-208 DEP 1592 keV,6,0,1323,6.901374136394773,10.717618610847696
CNP,m0,1,108,250,Bi-214,Bi-212 1620.74-keV feature,6,0,1361,9.022813316710959,12.808655990311335
CNP,m0,1,108,250,continuum_1700_2000,Continuum 1700-2000 keV,60,0,8230,4.341105300521598,5.123413255594204
CNP,m0,1,108,250,SE,Tl-208 SE 2103 keV,6,0,2023,11.2113557844709,15.604098147510115
CNP,m0,1,108,250,continuum_2200_2400,Continuum 2200-2400 keV,40,0,9093,4.226429432604984,5.140248860534115
CNP,m0,1,108,250,FE,Tl-208 FE 2614 keV,5,1,8709,5.46554168498667,6.0119672951509
CNP,m0,1,108,250,sparse_tail,Sparse tail 2700-3000 keV,13,47,68,7.827047457857236,8.67022828660414
CNP,m0,1,109,250,full,Full 500-3000 keV,442,58,114299,4.734055153027769,6.380867260334079
CNP,m0,1,109,250,DEP,Tl-208 DEP 1592 keV,6,0,1323,7.220714087876584,11.178465395735712
CNP,m0,1,109,250,Bi-214,Bi-212 1620.74-keV feature,6,0,1361,9.34528151080909,12.471415592703808
CNP,m0,1,109,250,continuum_1700_2000,Continuum 1700-2000 keV,60,0,8230,4.076808351533634,4.959890233962716
CNP,m0,1,109,250,SE,Tl-208 SE 2103 keV,6,0,2023,10.093208212742377,14.82342616218823
CNP,m0,1,109,250,continuum_2200_2400,Continuum 2200-2400 keV,40,0,9093,5.421384475992584,6.444035489620148
CNP,m0,1,109,250,FE,Tl-208 FE 2614 keV,5,1,8709,7.023750093207151,7.458696179583677
CNP,m0,1,109,250,sparse_tail,Sparse tail 2700-3000 keV,13,47,68,7.051394193874103,7.998445268125151
CNP,m0,1,100,500,full,Full 500-3000 keV,442,58,114299,4.709385089735479,6.367537388824145
CNP,m0,1,100,500,DEP,Tl-208 DEP 1592 keV,6,0,1323,7.17501780916675,11.10863777493803
CNP,m0,1,100,500,Bi-214,Bi-212 1620.74-keV feature,6,0,1361,9.298739222759382,12.515777804153974
CNP,m0,1,100,500,continuum_1700_2000,Continuum 1700-2000 keV,60,0,8230,4.112940587187072,4.9725598132623885
CNP,m0,1,100,500,SE,Tl-208 SE 2103 keV,6,0,2023,10.26405411450539,14.940236029375612
CNP,m0,1,100,500,continuum_2200_2400,Continuum 2200-2400 keV,40,0,9093,5.294493246543321,6.318872598055403
CNP,m0,1,100,500,FE,Tl-208 FE 2614 keV,5,1,8709,6.962673521934351,7.401389798967739
CNP,m0,1,100,500,sparse_tail,Sparse tail 2700-3000 keV,13,47,68,7.071169921202189,8.01597584926181
CNP,m0,1,101,500,full,Full 500-3000 keV,442,58,114299,4.694717545846672,6.358097360791713
CNP,m0,1,101,500,DEP,Tl-208 DEP 1592 keV,6,0,1323,7.147250641825359,11.066792738244148
CNP,m0,1,101,500,Bi-214,Bi-212 1620.74-keV feature,6,0,1361,9.27124030731446,12.543033970209013
CNP,m0,1,101,500,continuum_1700_2000,Continuum 1700-2000 keV,60,0,8230,4.130848360542189,4.9806961576927735
CNP,m0,1,101,500,SE,Tl-208 SE 2103 keV,6,0,2023,10.355174940759984,15.002734314791397
CNP,m0,1,101,500,continuum_2200_2400,Continuum 2200-2400 keV,40,0,9093,5.150519500270207,6.170322918498897
CNP,m0,1,101,500,FE,Tl-208 FE 2614 keV,5,1,8709,6.796647201303345,7.245142234191405
CNP,m0,1,101,500,sparse_tail,Sparse tail 2700-3000 keV,13,47,68,7.147525548118513,8.079333554052539
CNP,m0,1,102,500,full,Full 500-3000 keV,442,58,114299,4.724659802143151,6.3770584343017855
CNP,m0,1,102,500,DEP,Tl-208 DEP 1592 keV,6,0,1323,7.205181417253538,11.154667533259625
CNP,m0,1,102,500,Bi-214,Bi-212 1620.74-keV feature,6,0,1361,9.329667622102997,12.486244770242045
CNP,m0,1,102,500,continuum_1700_2000,Continuum 1700-2000 keV,60,0,8230,4.089427209009068,4.963781257336733
CNP,m0,1,102,500,SE,Tl-208 SE 2103 keV,6,0,2023,10.14881400690704,14.861557945712073
CNP,m0,1,102,500,continuum_2200_2400,Continuum 2200-2400 keV,40,0,9093,5.410585631771882,6.4373215907675805
CNP,m0,1,102,500,FE,Tl-208 FE 2614 keV,5,1,8709,7.073511383867722,7.5057577199660175
CNP,m0,1,102,500,sparse_tail,Sparse tail 2700-3000 keV,13,47,68,7.015818581498435,7.971429851700959
CNP,m0,1,103,500,full,Full 500-3000 keV,442,58,114299,4.652450036540009,6.345176266115087
CNP,m0,1,103,500,DEP,Tl-208 DEP 1592 keV,6,0,1323,7.013487349975351,10.871889400694089
CNP,m0,1,103,500,Bi-214,Bi-212 1620.74-keV feature,6,0,1361,9.1356642576301,12.683492055535314
CNP,m0,1,103,500,continuum_1700_2000,Continuum 1700-2000 keV,60,0,8230,4.239655774598938,5.045964553998247
CNP,m0,1,103,500,SE,Tl-208 SE 2103 keV,6,0,2023,10.842638604996969,15.341973177070958
CNP,m0,1,103,500,continuum_2200_2400,Continuum 2200-2400 keV,40,0,9093,4.583868972763938,5.543986537433275
CNP,m0,1,103,500,FE,Tl-208 FE 2614 keV,5,1,8709,6.016739698980151,6.517939303425381
CNP,m0,1,103,500,sparse_tail,Sparse tail 2700-3000 keV,13,47,68,7.549694670758239,8.420608600784856
CNP,m0,1,104,500,full,Full 500-3000 keV,442,58,114299,4.69214387817188,6.353746706154211
CNP,m0,1,104,500,DEP,Tl-208 DEP 1592 keV,6,0,1323,7.1367203234766485,11.050692464262141
CNP,m0,1,104,500,Bi-214,Bi-212 1620.74-keV feature,6,0,1361,9.260086732145785,12.554412662005973
CNP,m0,1,104,500,continuum_1700_2000,Continuum 1700-2000 keV,60,0,8230,4.137809958027711,4.984085826224397
CNP,m0,1,104,500,SE,Tl-208 SE 2103 keV,6,0,2023,10.409290878992184,15.039525447243642
CNP,m0,1,104,500,continuum_2200_2400,Continuum 2200-2400 keV,40,0,9093,4.991861571952826,5.99622680626243
CNP,m0,1,104,500,FE,Tl-208 FE 2614 keV,5,1,8709,6.51584949620935,6.981979414299517
CNP,m0,1,104,500,sparse_tail,Sparse tail 2700-3000 keV,13,47,68,7.305520982206529,8.209176146823854
CNP,m0,1,105,500,full,Full 500-3000 keV,442,58,114299,4.679970140035446,6.348834642793963
CNP,m0,1,105,500,DEP,Tl-208 DEP 1592 keV,6,0,1323,7.100746529851736,10.99756263735145
CNP,m0,1,105,500,Bi-214,Bi-212 1620.74-keV feature,6,0,1361,9.223649646977917,12.591182076002747
CNP,m0,1,105,500,continuum_1700_2000,Continuum 1700-2000 keV,60,0,8230,4.167318936928844,4.999560131307685
CNP,m0,1,105,500,SE,Tl-208 SE 2103 keV,6,0,2023,10.539810656145464,15.130014839806478
CNP,m0,1,105,500,continuum_2200_2400,Continuum 2200-2400 keV,40,0,9093,4.863386961907457,5.858685353155797
CNP,m0,1,105,500,FE,Tl-208 FE 2614 keV,5,1,8709,6.359633285592706,6.836169230662979
CNP,m0,1,105,500,sparse_tail,Sparse tail 2700-3000 keV,13,47,68,7.3872334602771,8.27791315612174
CNP,m0,1,106,500,full,Full 500-3000 keV,442,58,114299,4.6901488349164255,6.3544241029940745
CNP,m0,1,106,500,DEP,Tl-208 DEP 1592 keV,6,0,1323,7.132378071703456,11.044567566540822
CNP,m0,1,106,500,Bi-214,Bi-212 1620.74-keV feature,6,0,1361,9.256175783605448,12.558301385003842
CNP,m0,1,106,500,continuum_1700_2000,Continuum 1700-2000 keV,60,0,8230,4.1413659109687435,4.986036380839305
CNP,m0,1,106,500,SE,Tl-208 SE 2103 keV,6,0,2023,10.409365715821684,15.039923427429958
CNP,m0,1,106,500,continuum_2200_2400,Continuum 2200-2400 keV,40,0,9093,5.052089460762743,6.06831952886277
CNP,m0,1,106,500,FE,Tl-208 FE 2614 keV,5,1,8709,6.6424311107769665,7.100412670888094
CNP,m0,1,106,500,sparse_tail,Sparse tail 2700-3000 keV,13,47,68,7.233841976268261,8.150097830812744
CNP,m0,1,107,500,full,Full 500-3000 keV,442,58,114299,4.66306102833083,6.344770231434888
CNP,m0,1,107,500,DEP,Tl-208 DEP 1592 keV,6,0,1323,7.04928729569262,10.922930140744473
CNP,m0,1,107,500,Bi-214,Bi-212 1620.74-keV feature,6,0,1361,9.171946890833297,12.644711183819535
CNP,m0,1,107,500,continuum_1700_2000,Continuum 1700-2000 keV,60,0,8230,4.209294491490257,5.024658299523417
CNP,m0,1,107,500,SE,Tl-208 SE 2103 keV,6,0,2023,10.70639497504652,15.246407081823826
CNP,m0,1,107,500,continuum_2200_2400,Continuum 2200-2400 keV,40,0,9093,4.7226784951947165,5.705523524975121
CNP,m0,1,107,500,FE,Tl-208 FE 2614 keV,5,1,8709,6.207834042784992,6.694880957821538
CNP,m0,1,107,500,sparse_tail,Sparse tail 2700-3000 keV,13,47,68,7.456001541203176,8.338545037691848
CNP,m0,1,108,500,full,Full 500-3000 keV,442,58,114299,4.645891797761668,6.345378391197569
CNP,m0,1,108,500,DEP,Tl-208 DEP 1592 keV,6,0,1323,6.985679428972208,10.832860278541837
CNP,m0,1,108,500,Bi-214,Bi-212 1620.74-keV feature,6,0,1361,9.107764037941767,12.71340185428515
CNP,m0,1,108,500,continuum_1700_2000,Continuum 1700-2000 keV,60,0,8230,4.263352738527506,5.063077051332704
CNP,m0,1,108,500,SE,Tl-208 SE 2103 keV,6,0,2023,10.920700838653024,15.397389542165243
CNP,m0,1,108,500,continuum_2200_2400,Continuum 2200-2400 keV,40,0,9093,4.548727107182173,5.508813458273494
CNP,m0,1,108,500,FE,Tl-208 FE 2614 keV,5,1,8709,6.006958311733688,6.508938588411817
CNP,m0,1,108,500,sparse_tail,Sparse tail 2700-3000 keV,13,47,68,7.547208693836207,8.419482091297795
CNP,m0,1,109,500,full,Full 500-3000 keV,442,58,114299,4.71756731552199,6.369651961421254
CNP,m0,1,109,500,DEP,Tl-208 DEP 1592 keV,6,0,1323,7.194128368177361,11.137235870761307
CNP,m0,1,109,500,Bi-214,Bi-212 1620.74-keV feature,6,0,1361,9.318051225177875,12.49765363621388
CNP,m0,1,109,500,continuum_1700_2000,Continuum 1700-2000 keV,60,0,8230,4.096883280698503,4.9662236204604
CNP,m0,1,109,500,SE,Tl-208 SE 2103 keV,6,0,2023,10.199728747302338,14.895835642569471
CNP,m0,1,109,500,continuum_2200_2400,Continuum 2200-2400 keV,40,0,9093,5.2810132041241555,6.2983362278235155
CNP,m0,1,109,500,FE,Tl-208 FE 2614 keV,5,1,8709,6.875895016245366,7.319701080734668
CNP,m0,1,109,500,sparse_tail,Sparse tail 2700-3000 keV,13,47,68,7.122932751505719,8.05740024671763
CNP,m0,1,100,1000,full,Full 500-3000 keV,442,58,114299,4.70412555593871,6.362835070435037
CNP,m0,1,100,1000,DEP,Tl-208 DEP 1592 keV,6,0,1323,7.166790991240463,11.096225145643206
CNP,m0,1,100,1000,Bi-214,Bi-212 1620.74-keV feature,6,0,1361,9.290601123318332,12.523933616848984
CNP,m0,1,100,1000,continuum_1700_2000,Continuum 1700-2000 keV,60,0,8230,4.118035128778024,4.974707670658326
CNP,m0,1,100,1000,SE,Tl-208 SE 2103 keV,6,0,2023,10.299211547947351,14.964188424546204
CNP,m0,1,100,1000,continuum_2200_2400,Continuum 2200-2400 keV,40,0,9093,5.2047446208223525,6.223567107474684
CNP,m0,1,100,1000,FE,Tl-208 FE 2614 keV,5,1,8709,6.830081597152601,7.276519919031775
CNP,m0,1,100,1000,sparse_tail,Sparse tail 2700-3000 keV,13,47,68,7.1413438526201105,8.072785864193847
CNP,m0,1,101,1000,full,Full 500-3000 keV,442,58,114299,4.801166453678138,6.433496245730376
CNP,m0,1,101,1000,DEP,Tl-208 DEP 1592 keV,6,0,1323,7.358184370344014,11.34452186491661
CNP,m0,1,101,1000,Bi-214,Bi-212 1620.74-keV feature,6,0,1361,9.451678908319174,12.37458535896571
CNP,m0,1,101,1000,continuum_1700_2000,Continuum 1700-2000 keV,60,0,8230,4.001996637894745,4.949198049057059
CNP,m0,1,101,1000,SE,Tl-208 SE 2103 keV,6,0,2023,9.761840616473165,14.575461564888059
CNP,m0,1,101,1000,continuum_2200_2400,Continuum 2200-2400 keV,40,0,9093,5.954935458743614,6.954778749454779
CNP,m0,1,101,1000,FE,Tl-208 FE 2614 keV,5,1,8709,7.583257331615692,7.988523285921224
CNP,m0,1,101,1000,sparse_tail,Sparse tail 2700-3000 keV,13,47,68,6.769128829330229,7.7775345547278985
CNP,m0,1,102,1000,full,Full 500-3000 keV,442,58,114299,4.771144322773296,6.411487558104412
CNP,m0,1,102,1000,DEP,Tl-208 DEP 1592 keV,6,0,1323,7.28219488253059,11.274481447712866
CNP,m0,1,102,1000,Bi-214,Bi-212 1620.74-keV feature,6,0,1361,9.407479384587681,12.414192892357544
CNP,m0,1,102,1000,continuum_1700_2000,Continuum 1700-2000 keV,60,0,8230,4.033652583466604,4.951120954683353
CNP,m0,1,102,1000,SE,Tl-208 SE 2103 keV,6,0,2023,9.875124191355845,14.676592800596202
CNP,m0,1,102,1000,continuum_2200_2400,Continuum 2200-2400 keV,40,0,9093,5.776971197285108,6.7883159869871275
CNP,m0,1,102,1000,FE,Tl-208 FE 2614 keV,5,1,8709,7.435829917240347,7.848593616575894
CNP,m0,1,102,1000,sparse_tail,Sparse tail 2700-3000 keV,13,47,68,6.838644547354647,7.832018850173007
CNP,m0,1,103,1000,full,Full 500-3000 keV,442,58,114299,4.666040107919557,6.345199367170213
CNP,m0,1,103,1000,DEP,Tl-208 DEP 1592 keV,6,0,1323,7.065235814587728,10.946015531924298
CNP,m0,1,103,1000,Bi-214,Bi-212 1620.74-keV feature,6,0,1361,9.187978073755792,12.627881053974097
CNP,m0,1,103,1000,continuum_1700_2000,Continuum 1700-2000 keV,60,0,8230,4.1973125056163765,5.017072611415001
CNP,m0,1,103,1000,SE,Tl-208 SE 2103 keV,6,0,2023,10.664457481953049,15.216961547090898
CNP,m0,1,103,1000,continuum_2200_2400,Continuum 2200-2400 keV,40,0,9093,4.763815385641342,5.750511377954994
CNP,m0,1,103,1000,FE,Tl-208 FE 2614 keV,5,1,8709,6.272491511394981,6.755078391331569
CNP,m0,1,103,1000,sparse_tail,Sparse tail 2700-3000 keV,13,47,68,7.42214121310388,8.309367654747708
CNP,m0,1,104,1000,full,Full 500-3000 keV,442,58,114299,4.664322938859514,6.344700391097014
CNP,m0,1,104,1000,DEP,Tl-208 DEP 1592 keV,6,0,1323,7.054866792717595,10.930955802929207
CNP,m0,1,104,1000,Bi-214,Bi-212 1620.74-keV feature,6,0,1361,9.177690043214607,12.63869372537198
CNP,m0,1,104,1000,continuum_1700_2000,Continuum 1700-2000 keV,60,0,8230,4.204005425684854,5.021189918539273
CNP,m0,1,104,1000,SE,Tl-208 SE 2103 keV,6,0,2023,10.67871113996515,15.22705186727622
CNP,m0,1,104,1000,continuum_2200_2400,Continuum 2200-2400 keV,40,0,9093,4.760022718880343,5.7481912214033155
CNP,m0,1,104,1000,FE,Tl-208 FE 2614 keV,5,1,8709,6.269110046277845,6.751967373866398
CNP,m0,1,104,1000,sparse_tail,Sparse tail 2700-3000 keV,13,47,68,7.421260814699468,8.309203736447209
CNP,m0,1,105,1000,full,Full 500-3000 keV,442,58,114299,4.675244556406135,6.34737527996209
CNP,m0,1,105,1000,DEP,Tl-208 DEP 1592 keV,6,0,1323,7.088258876121505,10.979299892779615
CNP,m0,1,105,1000,Bi-214,Bi-212 1620.74-keV feature,6,0,1361,9.211210908829846,12.603915655844707
CNP,m0,1,105,1000,continuum_1700_2000,Continuum 1700-2000 keV,60,0,8230,4.177355332742415,5.005102831674253
CNP,m0,1,105,1000,SE,Tl-208 SE 2103 keV,6,0,2023,10.573925710985398,15.153833855915991
CNP,m0,1,105,1000,continuum_2200_2400,Continuum 2200-2400 keV,40,0,9093,4.854875685125414,5.8522862408663725
CNP,m0,1,105,1000,FE,Tl-208 FE 2614 keV,5,1,8709,6.37733031061167,6.852670703320078
CNP,m0,1,105,1000,sparse_tail,Sparse tail 2700-3000 keV,13,47,68,7.3717362141076475,8.266048708276816
CNP,m0,1,106,1000,full,Full 500-3000 keV,442,58,114299,4.680210176042579,6.3498908560296705
CNP,m0,1,106,1000,DEP,Tl-208 DEP 1592 keV,6,0,1323,7.105205668267721,11.004322177959223
CNP,m0,1,106,1000,Bi-214,Bi-212 1620.74-keV feature,6,0,1361,9.228478144110886,12.585906730903618
CNP,m0,1,106,1000,continuum_1700_2000,Continuum 1700-2000 keV,60,0,8230,4.1630941910347135,4.997315292346985
CNP,m0,1,106,1000,SE,Tl-208 SE 2103 keV,6,0,2023,10.503358820526131,15.105043524686291
CNP,m0,1,106,1000,continuum_2200_2400,Continuum 2200-2400 keV,40,0,9093,4.965126921762871,5.977331155414529
CNP,m0,1,106,1000,FE,Tl-208 FE 2614 keV,5,1,8709,6.554037561867377,7.017689543658763
CNP,m0,1,106,1000,sparse_tail,Sparse tail 2700-3000 keV,13,47,68,7.2757789611470045,8.185279688470628
CNP,m0,1,107,1000,full,Full 500-3000 keV,442,58,114299,4.722627777676435,6.374582407198372
CNP,m0,1,107,1000,DEP,Tl-208 DEP 1592 keV,6,0,1323,7.204813128294134,11.153974113186246
CNP,m0,1,107,1000,Bi-214,Bi-212 1620.74-keV feature,6,0,1361,9.329207468596858,12.486834841100135
CNP,m0,1,107,1000,continuum_1700_2000,Continuum 1700-2000 keV,60,0,8230,4.0895209849620935,4.963685194534188
CNP,m0,1,107,1000,SE,Tl-208 SE 2103 keV,6,0,2023,10.159238003598169,14.868431674065095
CNP,m0,1,107,1000,continuum_2200_2400,Continuum 2200-2400 keV,40,0,9093,5.365633657883935,6.3882712404271444
CNP,m0,1,107,1000,FE,Tl-208 FE 2614 keV,5,1,8709,7.003831725900412,7.440024810368061
CNP,m0,1,107,1000,sparse_tail,Sparse tail 2700-3000 keV,13,47,68,7.053287787374869,8.001259977614597
CNP,m0,1,108,1000,full,Full 500-3000 keV,442,58,114299,4.673619883150737,6.347730144091061
CNP,m0,1,108,1000,DEP,Tl-208 DEP 1592 keV,6,0,1323,7.093077780918024,10.986559097268302
CNP,m0,1,108,1000,Bi-214,Bi-212 1620.74-keV feature,6,0,1361,9.216297088807583,12.598545644511175
CNP,m0,1,108,1000,continuum_1700_2000,Continuum 1700-2000 keV,60,0,8230,4.174427651940079,5.003524058414379
CNP,m0,1,108,1000,SE,Tl-208 SE 2103 keV,6,0,2023,10.556726643747337,15.142146735760404
CNP,m0,1,108,1000,continuum_2200_2400,Continuum 2200-2400 keV,40,0,9093,4.917675640167984,5.927660202592443
CNP,m0,1,108,1000,FE,Tl-208 FE 2614 keV,5,1,8709,6.52192427223353,6.987625798919258
CNP,m0,1,108,1000,sparse_tail,Sparse tail 2700-3000 keV,13,47,68,7.2870777272053555,8.195335996835475
CNP,m0,1,109,1000,full,Full 500-3000 keV,442,58,114299,4.704560113672325,6.362444392240679
CNP,m0,1,109,1000,DEP,Tl-208 DEP 1592 keV,6,0,1323,7.165237187040442,11.093597838697038
CNP,m0,1,109,1000,Bi-214,Bi-212 1620.74-keV feature,6,0,1361,9.288933161095324,12.5257104394466
CNP,m0,1,109,1000,continuum_1700_2000,Continuum 1700-2000 keV,60,0,8230,4.1185428144175935,4.9749520242265195
CNP,m0,1,109,1000,SE,Tl-208 SE 2103 keV,6,0,2023,10.299651990989938,14.964435387987807
CNP,m0,1,109,1000,continuum_2200_2400,Continuum 2200-2400 keV,40,0,9093,5.193175108242631,6.211159560232159
CNP,m0,1,109,1000,FE,Tl-208 FE 2614 keV,5,1,8709,6.801462812462993,7.249643987154901
CNP,m0,1,109,1000,sparse_tail,Sparse tail 2700-3000 keV,13,47,68,7.157964966503477,8.086056724660935
CNP,m0,1,100,2000,full,Full 500-3000 keV,442,58,114299,4.682139191556396,6.350790043873718
CNP,m0,1,100,2000,DEP,Tl-208 DEP 1592 keV,6,0,1323,7.113948669518296,11.01707922959165
CNP,m0,1,100,2000,Bi-214,Bi-212 1620.74-keV feature,6,0,1361,9.23706989066164,12.577349157509673
CNP,m0,1,100,2000,continuum_1700_2000,Continuum 1700-2000 keV,60,0,8230,4.157202284987909,4.994277496781853
CNP,m0,1,100,2000,SE,Tl-208 SE 2103 keV,6,0,2023,10.48638889646505,15.093212089276776
CNP,m0,1,100,2000,continuum_2200_2400,Continuum 2200-2400 keV,40,0,9093,4.9785710720873295,5.9907410420590095
CNP,m0,1,100,2000,FE,Tl-208 FE 2614 keV,5,1,8709,6.570548280133356,7.033071187425843
CNP,m0,1,100,2000,sparse_tail,Sparse tail 2700-3000 keV,13,47,68,7.269664454387284,8.179634299834243
CNP,m0,1,101,2000,full,Full 500-3000 keV,442,58,114299,4.699130709023757,6.359871326542629
CNP,m0,1,101,2000,DEP,Tl-208 DEP 1592 keV,6,0,1323,7.154793634492042,11.07807666535529
CNP,m0,1,101,2000,Bi-214,Bi-212 1620.74-keV feature,6,0,1361,9.278604085138625,12.535922179537037
CNP,m0,1,101,2000,continuum_1700_2000,Continuum 1700-2000 keV,60,0,8230,4.126006420230928,4.9783617969622185
CNP,m0,1,101,2000,SE,Tl-208 SE 2103 keV,6,0,2023,10.334894635168416,14.98867287244477
CNP,m0,1,101,2000,continuum_2200_2400,Continuum 2200-2400 keV,40,0,9093,5.161963400238783,6.180433375274964
CNP,m0,1,101,2000,FE,Tl-208 FE 2614 keV,5,1,8709,6.782904249602387,7.2321222267018355
CNP,m0,1,101,2000,sparse_tail,Sparse tail 2700-3000 keV,13,47,68,7.162695966200852,8.090700738606607
CNP,m0,1,102,2000,full,Full 500-3000 keV,442,58,114299,4.684929851264025,6.352606993717667
CNP,m0,1,102,2000,DEP,Tl-208 DEP 1592 keV,6,0,1323,7.122406969066776,11.029772424385678
CNP,m0,1,102,2000,Bi-214,Bi-212 1620.74-keV feature,6,0,1361,9.245853226581648,12.568375058992947
CNP,m0,1,102,2000,continuum_1700_2000,Continuum 1700-2000 keV,60,0,8230,4.149506694127374,4.990428574376291
CNP,m0,1,102,2000,SE,Tl-208 SE 2103 keV,6,0,2023,10.449164860253902,15.0674342997373
CNP,m0,1,102,2000,continuum_2200_2400,Continuum 2200-2400 keV,40,0,9093,5.030703001536913,6.048990687000391
CNP,m0,1,102,2000,FE,Tl-208 FE 2614 keV,5,1,8709,6.647656512201864,7.1053706630347255
CNP,m0,1,102,2000,sparse_tail,Sparse tail 2700-3000 keV,13,47,68,7.227511785067334,8.144808364396926
CNP,m0,1,103,2000,full,Full 500-3000 keV,442,58,114299,4.7052721823685095,6.362874557090886
CNP,m0,1,103,2000,DEP,Tl-208 DEP 1592 keV,6,0,1323,7.168968868144726,11.099367820477607
CNP,m0,1,103,2000,Bi-214,Bi-212 1620.74-keV feature,6,0,1361,9.292759190471552,12.52196201165636
CNP,m0,1,103,2000,continuum_1700_2000,Continuum 1700-2000 keV,60,0,8230,4.1156501085663,4.973683692908127
CNP,m0,1,103,2000,SE,Tl-208 SE 2103 keV,6,0,2023,10.288795103688498,14.956921367892551
CNP,m0,1,103,2000,continuum_2200_2400,Continuum 2200-2400 keV,40,0,9093,5.198416114631987,6.215895886991631
CNP,m0,1,103,2000,FE,Tl-208 FE 2614 keV,5,1,8709,6.808002886244122,7.255742436814503
CNP,m0,1,103,2000,sparse_tail,Sparse tail 2700-3000 keV,13,47,68,7.152846097081563,8.08230312992619
CNP,m0,1,104,2000,full,Full 500-3000 keV,442,58,114299,4.65590441008379,6.344031529336931
CNP,m0,1,104,2000,DEP,Tl-208 DEP 1592 keV,6,0,1323,7.026711071890135,10.890744543225226
CNP,m0,1,104,2000,Bi-214,Bi-212 1620.74-keV feature,6,0,1361,9.149140474768828,12.668730904827678
CNP,m0,1,104,2000,continuum_1700_2000,Continuum 1700-2000 keV,60,0,8230,4.227766303205426,5.0372226440559364
CNP,m0,1,104,2000,SE,Tl-208 SE 2103 keV,6,0,2023,10.777810699106947,15.296576632271469
CNP,m0,1,104,2000,continuum_2200_2400,Continuum 2200-2400 keV,40,0,9093,4.670575169104993,5.650140484096912
CNP,m0,1,104,2000,FE,Tl-208 FE 2614 keV,5,1,8709,6.161444473081552,6.6519594589297455
CNP,m0,1,104,2000,sparse_tail,Sparse tail 2700-3000 keV,13,47,68,7.474202156111341,8.35518191594608
CNP,m0,1,105,2000,full,Full 500-3000 keV,442,58,114299,4.6720504151524604,6.34649309245894
CNP,m0,1,105,2000,DEP,Tl-208 DEP 1592 keV,6,0,1323,7.080725587700338,10.968384621604189
CNP,m0,1,105,2000,Bi-214,Bi-212 1620.74-keV feature,6,0,1361,9.203652331045262,12.611615767045734
CNP,m0,1,105,2000,continuum_1700_2000,Continuum 1700-2000 keV,60,0,8230,4.183545987861892,5.008663807514039
CNP,m0,1,105,2000,SE,Tl-208 SE 2103 keV,6,0,2023,10.597371118651608,15.17022705622875
CNP,m0,1,105,2000,continuum_2200_2400,Continuum 2200-2400 keV,40,0,9093,4.843962880792038,5.841607558118594
CNP,m0,1,105,2000,FE,Tl-208 FE 2614 keV,5,1,8709,6.380696569112647,6.855773016623301
CNP,m0,1,105,2000,sparse_tail,Sparse tail 2700-3000 keV,13,47,68,7.366390092108246,8.261847733876184
CNP,m0,1,106,2000,full,Full 500-3000 keV,442,58,114299,4.673039274087077,6.34676311511124
CNP,m0,1,106,2000,DEP,Tl-208 DEP 1592 keV,6,0,1323,7.087972886685752,10.978908082447395
CNP,m0,1,106,2000,Bi-214,Bi-212 1620.74-keV feature,6,0,1361,9.210913866780578,12.604135722753801
CNP,m0,1,106,2000,continuum_1700_2000,Continuum 1700-2000 keV,60,0,8230,4.177934372704752,5.005461087339141
CNP,m0,1,106,2000,SE,Tl-208 SE 2103 keV,6,0,2023,10.579275410283383,15.157591102593976
CNP,m0,1,106,2000,continuum_2200_2400,Continuum 2200-2400 keV,40,0,9093,4.85732981763908,5.856074952507022
CNP,m0,1,106,2000,FE,Tl-208 FE 2614 keV,5,1,8709,6.4045479690236995,6.878063537374094
CNP,m0,1,106,2000,sparse_tail,Sparse tail 2700-3000 keV,13,47,68,7.352705578839823,8.25023640657485
CNP,m0,1,107,2000,full,Full 500-3000 keV,442,58,114299,4.711985988324645,6.366886781426953
CNP,m0,1,107,2000,DEP,Tl-208 DEP 1592 keV,6,0,1323,7.187120671092428,11.126851102283219
CNP,m0,1,107,2000,Bi-214,Bi-212 1620.74-keV feature,6,0,1361,9.311191806920817,12.504243334690393
CNP,m0,1,107,2000,continuum_1700_2000,Continuum 1700-2000 keV,60,0,8230,4.102681541990993,4.968365786272999
CNP,m0,1,107,2000,SE,Tl-208 SE 2103 keV,6,0,2023,10.23296582345856,14.918632745846136
CNP,m0,1,107,2000,continuum_2200_2400,Continuum 2200-2400 keV,40,0,9093,5.250260567245835,6.267567830229264
CNP,m0,1,107,2000,FE,Tl-208 FE 2614 keV,5,1,8709,6.862638663305612,7.307089686155381
CNP,m0,1,107,2000,sparse_tail,Sparse tail 2700-3000 keV,13,47,68,7.126077275763593,8.060469313643965
CNP,m0,1,108,2000,full,Full 500-3000 keV,442,58,114299,4.696147118029103,6.358188089632562
CNP,m0,1,108,2000,DEP,Tl-208 DEP 1592 keV,6,0,1323,7.151617616417176,11.07329191266925
CNP,m0,1,108,2000,Bi-214,Bi-212 1620.74-keV feature,6,0,1361,9.275272233117553,12.539143979866473
CNP,m0,1,108,2000,continuum_1700_2000,Continuum 1700-2000 keV,60,0,8230,4.128754910222003,4.979637554380072
CNP,m0,1,108,2000,SE,Tl-208 SE 2103 keV,6,0,2023,10.354757926963586,15.002281168851841
CNP,m0,1,108,2000,continuum_2200_2400,Continuum 2200-2400 keV,40,0,9093,5.129539133224951,6.146971757903411
CNP,m0,1,108,2000,FE,Tl-208 FE 2614 keV,5,1,8709,6.749486593062068,7.200810866645827
CNP,m0,1,108,2000,sparse_tail,Sparse tail 2700-3000 keV,13,47,68,7.178960362920779,8.104272956773418
CNP,m0,1,109,2000,full,Full 500-3000 keV,442,58,114299,4.702969904896187,6.360955714137891
CNP,m0,1,109,2000,DEP,Tl-208 DEP 1592 keV,6,0,1323,7.166459252333175,11.09540545658704
CNP,m0,1,109,2000,Bi-214,Bi-212 1620.74-keV feature,6,0,1361,9.290155736602411,12.524598332209125
CNP,m0,1,109,2000,continuum_1700_2000,Continuum 1700-2000 keV,60,0,8230,4.117634394798475,4.974494200778126
CNP,m0,1,109,2000,SE,Tl-208 SE 2103 keV,6,0,2023,10.306698048703451,14.969111333447223
CNP,m0,1,109,2000,continuum_2200_2400,Continuum 2200-2400 keV,40,0,9093,5.153607215344073,6.168617388227156
CNP,m0,1,109,2000,FE,Tl-208 FE 2614 keV,5,1,8709,6.744931569292952,7.19654459625219
CNP,m0,1,109,2000,sparse_tail,Sparse tail 2700-3000 keV,13,47,68,7.186899488951087,8.110143659165802
CNP,m0,2,100,250,full,Full 500-3000 keV,442,58,114299,5.215773765415266,7.137530085178384
CNP,m0,2,100,250,DEP,Tl-208 DEP 1592 keV,6,0,1323,6.492166306803577,9.944885565671276
CNP,m0,2,100,250,Bi-214,Bi-212 1620.74-keV feature,6,0,1361,9.17114027856618,13.782501144506623
CNP,m0,2,100,250,continuum_1700_2000,Continuum 1700-2000 keV,60,0,8230,5.487580268693094,6.399051313361115
CNP,m0,2,100,250,SE,Tl-208 SE 2103 keV,6,0,2023,13.48625787028563,17.324995991053825
CNP,m0,2,100,250,continuum_2200_2400,Continuum 2200-2400 keV,40,0,9093,3.657887286638654,4.445764381141696
CNP,m0,2,100,250,FE,Tl-208 FE 2614 keV,5,1,8709,3.0528696157874466,3.6117952421842507
CNP,m0,2,100,250,sparse_tail,Sparse tail 2700-3000 keV,13,47,68,9.042540705322274,9.85404630831998
CNP,m0,2,101,250,full,Full 500-3000 keV,442,58,114299,5.110734916006398,7.009694771019224
CNP,m0,2,101,250,DEP,Tl-208 DEP 1592 keV,6,0,1323,6.492851727531235,10.004963372189664
CNP,m0,2,101,250,Bi-214,Bi-212 1620.74-keV feature,6,0,1361,9.098743550215698,13.671660109108316
CNP,m0,2,101,250,continuum_1700_2000,Continuum 1700-2000 keV,60,0,8230,5.346138557206723,6.241844452110367
CNP,m0,2,101,250,SE,Tl-208 SE 2103 keV,6,0,2023,13.178352187717849,17.08674292498268
CNP,m0,2,101,250,continuum_2200_2400,Continuum 2200-2400 keV,40,0,9093,3.810977559343702,4.631999664934252
CNP,m0,2,101,250,FE,Tl-208 FE 2614 keV,5,1,8709,3.2985349258619614,3.925507245294487
CNP,m0,2,101,250,sparse_tail,Sparse tail 2700-3000 keV,13,47,68,8.777520732161657,9.58332255157158
CNP,m0,2,102,250,full,Full 500-3000 keV,442,58,114299,5.0546866394718695,6.94031683271517
CNP,m0,2,102,250,DEP,Tl-208 DEP 1592 keV,6,0,1323,6.492606274232242,10.053597802892835
CNP,m0,2,102,250,Bi-214,Bi-212 1620.74-keV feature,6,0,1361,9.042424652178891,13.588552503364012
CNP,m0,2,102,250,continuum_1700_2000,Continuum 1700-2000 keV,60,0,8230,5.257879292579441,6.138531028721873
CNP,m0,2,102,250,SE,Tl-208 SE 2103 keV,6,0,2023,12.99536253520824,16.946158124282324
CNP,m0,2,102,250,continuum_2200_2400,Continuum 2200-2400 keV,40,0,9093,3.9260985542141724,4.762846686612926
CNP,m0,2,102,250,FE,Tl-208 FE 2614 keV,5,1,8709,3.4077955434116793,4.07077091460998
CNP,m0,2,102,250,sparse_tail,Sparse tail 2700-3000 keV,13,47,68,8.707137719172891,9.509413782307094
CNP,m0,2,103,250,full,Full 500-3000 keV,442,58,114299,5.071685954722298,6.962595833077839
CNP,m0,2,103,250,DEP,Tl-208 DEP 1592 keV,6,0,1323,6.491795278898565,10.060897305345575
CNP,m0,2,103,250,Bi-214,Bi-212 1620.74-keV feature,6,0,1361,9.034022001638222,13.576959702764487
CNP,m0,2,103,250,continuum_1700_2000,Continuum 1700-2000 keV,60,0,8230,5.25818337574024,6.14162964155804
CNP,m0,2,103,250,SE,Tl-208 SE 2103 keV,6,0,2023,13.044461330850233,16.983720900034527
CNP,m0,2,103,250,continuum_2200_2400,Continuum 2200-2400 keV,40,0,9093,3.8977436370075087,4.733007152695637
CNP,m0,2,103,250,FE,Tl-208 FE 2614 keV,5,1,8709,3.3149774803419034,3.9479962802947735
CNP,m0,2,103,250,sparse_tail,Sparse tail 2700-3000 keV,13,47,68,8.869184392999687,9.668952067098726
CNP,m0,2,104,250,full,Full 500-3000 keV,442,58,114299,5.0722526797692815,6.963504668414669
CNP,m0,2,104,250,DEP,Tl-208 DEP 1592 keV,6,0,1323,6.492578115002456,10.037530999460134
CNP,m0,2,104,250,Bi-214,Bi-212 1620.74-keV feature,6,0,1361,9.060503376232527,13.615544956360756
CNP,m0,2,104,250,continuum_1700_2000,Continuum 1700-2000 keV,60,0,8230,5.289552322328744,6.177145382967513
CNP,m0,2,104,250,SE,Tl-208 SE 2103 keV,6,0,2023,13.073975384102368,17.006497533943435
CNP,m0,2,104,250,continuum_2200_2400,Continuum 2200-2400 keV,40,0,9093,3.891610929257841,4.727547801226249
CNP,m0,2,104,250,FE,Tl-208 FE 2614 keV,5,1,8709,3.3574356004054957,4.003910988561707
CNP,m0,2,104,250,sparse_tail,Sparse tail 2700-3000 keV,13,47,68,8.762593316193584,9.566309355875143
CNP,m0,2,105,250,full,Full 500-3000 keV,442,58,114299,5.025893714129545,6.903450289679884
CNP,m0,2,105,250,DEP,Tl-208 DEP 1592 keV,6,0,1323,6.491961828026166,10.097714124941808
CNP,m0,2,105,250,Bi-214,Bi-212 1620.74-keV feature,6,0,1361,8.993955670370186,13.518420899044534
CNP,m0,2,105,250,continuum_1700_2000,Continuum 1700-2000 keV,60,0,8230,5.192265964350011,6.062990431755583
CNP,m0,2,105,250,SE,Tl-208 SE 2103 keV,6,0,2023,12.885367230223377,16.862069809788633
CNP,m0,2,105,250,continuum_2200_2400,Continuum 2200-2400 keV,40,0,9093,4.007567589931896,4.850459988194652
CNP,m0,2,105,250,FE,Tl-208 FE 2614 keV,5,1,8709,3.4354253936125803,4.108535604187236
CNP,m0,2,105,250,sparse_tail,Sparse tail 2700-3000 keV,13,47,68,8.750769375742816,9.548603020692003
CNP,m0,2,106,250,full,Full 500-3000 keV,442,58,114299,5.009244946310782,6.879797939446694
CNP,m0,2,106,250,DEP,Tl-208 DEP 1592 keV,6,0,1323,6.493033700849142,10.092269308051899
CNP,m0,2,106,250,Bi-214,Bi-212 1620.74-keV feature,6,0,1361,9.000366282137778,13.526885282307846
CNP,m0,2,106,250,continuum_1700_2000,Continuum 1700-2000 keV,60,0,8230,5.189376701799571,6.0569899114042665
CNP,m0,2,106,250,SE,Tl-208 SE 2103 keV,6,0,2023,12.832096613137391,16.82156848100319
CNP,m0,2,106,250,continuum_2200_2400,Continuum 2200-2400 keV,40,0,9093,4.047852529794543,4.88600204208905
CNP,m0,2,106,250,FE,Tl-208 FE 2614 keV,5,1,8709,3.5308162515279267,4.237754704119264
CNP,m0,2,106,250,sparse_tail,Sparse tail 2700-3000 keV,13,47,68,8.587755445195002,9.390359736789433
CNP,m0,2,107,250,full,Full 500-3000 keV,442,58,114299,5.073235190306718,6.964356494326335
CNP,m0,2,107,250,DEP,Tl-208 DEP 1592 keV,6,0,1323,6.492487810270835,10.040215652853721
CNP,m0,2,107,250,Bi-214,Bi-212 1620.74-keV feature,6,0,1361,9.057345816684126,13.610857418646022
CNP,m0,2,107,250,continuum_1700_2000,Continuum 1700-2000 keV,60,0,8230,5.284993147756691,6.171783967271042
CNP,m0,2,107,250,SE,Tl-208 SE 2103 keV,6,0,2023,13.066250838329484,17.00044613810766
CNP,m0,2,107,250,continuum_2200_2400,Continuum 2200-2400 keV,40,0,9093,3.8897739892523444,4.723517409009541
CNP,m0,2,107,250,FE,Tl-208 FE 2614 keV,5,1,8709,3.353953030856144,3.999256476165879
CNP,m0,2,107,250,sparse_tail,Sparse tail 2700-3000 keV,13,47,68,8.769564624315372,9.572702675046896
CNP,m0,2,108,250,full,Full 500-3000 keV,442,58,114299,5.331248614113861,7.270779405178712
CNP,m0,2,108,250,DEP,Tl-208 DEP 1592 keV,6,0,1323,6.49137481268427,9.885446982863462
CNP,m0,2,108,250,Bi-214,Bi-212 1620.74-keV feature,6,0,1361,9.248878490701957,13.90415731219106
CNP,m0,2,108,250,continuum_1700_2000,Continuum 1700-2000 keV,60,0,8230,5.638392632058719,6.573191474328826
CNP,m0,2,108,250,SE,Tl-208 SE 2103 keV,6,0,2023,13.807585128418129,17.5759983262125
CNP,m0,2,108,250,continuum_2200_2400,Continuum 2200-2400 keV,40,0,9093,3.5297836577442134,4.291912991869616
CNP,m0,2,108,250,FE,Tl-208 FE 2614 keV,5,1,8709,2.828919513359287,3.344158186570867
CNP,m0,2,108,250,sparse_tail,Sparse tail 2700-3000 keV,13,47,68,9.283918442393523,10.105413152736647
CNP,m0,2,109,250,full,Full 500-3000 keV,442,58,114299,4.893237340835754,6.717979328017025
CNP,m0,2,109,250,DEP,Tl-208 DEP 1592 keV,6,0,1323,6.506590066470736,10.235719511218592
CNP,m0,2,109,250,Bi-214,Bi-212 1620.74-keV feature,6,0,1361,8.862334121726802,13.321293856105399
CNP,m0,2,109,250,continuum_1700_2000,Continuum 1700-2000 keV,60,0,8230,4.982075708534003,5.797894964147677
CNP,m0,2,109,250,SE,Tl-208 SE 2103 keV,6,0,2023,12.297563670594764,16.418053511471705
CNP,m0,2,109,250,continuum_2200_2400,Continuum 2200-2400 keV,40,0,9093,4.467797301972361,5.304504702753103
CNP,m0,2,109,250,FE,Tl-208 FE 2614 keV,5,1,8709,4.0666350103464355,4.731587861270454
CNP,m0,2,109,250,sparse_tail,Sparse tail 2700-3000 keV,13,47,68,8.28132801659888,9.087124901021127
CNP,m0,2,100,500,full,Full 500-3000 keV,442,58,114299,5.020285269784532,6.8933739693213365
CNP,m0,2,100,500,DEP,Tl-208 DEP 1592 keV,6,0,1323,6.493621865147081,10.070964362984688
CNP,m0,2,100,500,Bi-214,Bi-212 1620.74-keV feature,6,0,1361,9.023979084916089,13.560703605117574
CNP,m0,2,100,500,continuum_1700_2000,Continuum 1700-2000 keV,60,0,8230,5.217913989898445,6.088923928835044
CNP,m0,2,100,500,SE,Tl-208 SE 2103 keV,6,0,2023,12.867674353160366,16.84867590606218
CNP,m0,2,100,500,continuum_2200_2400,Continuum 2200-2400 keV,40,0,9093,4.006631769344264,4.839067722725736
CNP,m0,2,100,500,FE,Tl-208 FE 2614 keV,5,1,8709,3.5425574810609053,4.253106841317514
CNP,m0,2,100,500,sparse_tail,Sparse tail 2700-3000 keV,13,47,68,8.522134492478756,9.328510356461617
CNP,m0,2,101,500,full,Full 500-3000 keV,442,58,114299,5.097530827448398,6.992865844755447
CNP,m0,2,101,500,DEP,Tl-208 DEP 1592 keV,6,0,1323,6.4934283808835795,10.003890576600323
CNP,m0,2,101,500,Bi-214,Bi-212 1620.74-keV feature,6,0,1361,9.099955960502024,13.673516105816748
CNP,m0,2,101,500,continuum_1700_2000,Continuum 1700-2000 keV,60,0,8230,5.34095670520248,6.235660472968725
CNP,m0,2,101,500,SE,Tl-208 SE 2103 keV,6,0,2023,13.145178319479061,17.061282317565034
CNP,m0,2,101,500,continuum_2200_2400,Continuum 2200-2400 keV,40,0,9093,3.8316703650267834,4.653504464558286
CNP,m0,2,101,500,FE,Tl-208 FE 2614 keV,5,1,8709,3.359927356779678,4.006461533549036
CNP,m0,2,101,500,sparse_tail,Sparse tail 2700-3000 keV,13,47,68,8.679575108631646,9.487377854724201
CNP,m0,2,102,500,full,Full 500-3000 keV,442,58,114299,4.972008596339945,6.827877471586831
CNP,m0,2,102,500,DEP,Tl-208 DEP 1592 keV,6,0,1323,6.493616796179118,10.118962229445735
CNP,m0,2,102,500,Bi-214,Bi-212 1620.74-keV feature,6,0,1361,8.97263112125746,13.486069543435184
CNP,m0,2,102,500,continuum_1700_2000,Continuum 1700-2000 keV,60,0,8230,5.139969767250642,5.993943187083921
CNP,m0,2,102,500,SE,Tl-208 SE 2103 keV,6,0,2023,12.680824802430775,16.706587973854454
CNP,m0,2,102,500,continuum_2200_2400,Continuum 2200-2400 keV,40,0,9093,4.157637535520677,4.987518955648607
CNP,m0,2,102,500,FE,Tl-208 FE 2614 keV,5,1,8709,3.7186349931159546,4.435698894358843
CNP,m0,2,102,500,sparse_tail,Sparse tail 2700-3000 keV,13,47,68,8.411762427511945,9.218851477669562
CNP,m0,2,103,500,full,Full 500-3000 keV,442,58,114299,5.1823638578249405,7.097761475729633
CNP,m0,2,103,500,DEP,Tl-208 DEP 1592 keV,6,0,1323,6.492199314827173,9.96478660145859
CNP,m0,2,103,500,Bi-214,Bi-212 1620.74-keV feature,6,0,1361,9.145968170573372,13.744403398744206
CNP,m0,2,103,500,continuum_1700_2000,Continuum 1700-2000 keV,60,0,8230,5.4430722466441654,6.349227854164556
CNP,m0,2,103,500,SE,Tl-208 SE 2103 keV,6,0,2023,13.397912727908178,17.25639956941075
CNP,m0,2,103,500,continuum_2200_2400,Continuum 2200-2400 keV,40,0,9093,3.7040529265522038,4.503101643085452
CNP,m0,2,103,500,FE,Tl-208 FE 2614 keV,5,1,8709,3.117623656865789,3.692939862189662
CNP,m0,2,103,500,sparse_tail,Sparse tail 2700-3000 keV,13,47,68,8.987669458501186,9.796277043757105
CNP,m0,2,104,500,full,Full 500-3000 keV,442,58,114299,5.028677225065978,6.906583329579802
CNP,m0,2,104,500,DEP,Tl-208 DEP 1592 keV,6,0,1323,6.4927451054289085,10.075630353511542
CNP,m0,2,104,500,Bi-214,Bi-212 1620.74-keV feature,6,0,1361,9.01812685801672,13.553138996128705
CNP,m0,2,104,500,continuum_1700_2000,Continuum 1700-2000 keV,60,0,8230,5.220562642827927,6.094251271642385
CNP,m0,2,104,500,SE,Tl-208 SE 2103 keV,6,0,2023,12.912275992174932,16.882693725539305
CNP,m0,2,104,500,continuum_2200_2400,Continuum 2200-2400 keV,40,0,9093,3.9918864361575115,4.834524397573232
CNP,m0,2,104,500,FE,Tl-208 FE 2614 keV,5,1,8709,3.470927154694164,4.155988374076549
CNP,m0,2,104,500,sparse_tail,Sparse tail 2700-3000 keV,13,47,68,8.657128455829696,9.45881336240719
CNP,m0,2,105,500,full,Full 500-3000 keV,442,58,114299,4.9916221028997345,6.8556225727668885
CNP,m0,2,105,500,DEP,Tl-208 DEP 1592 keV,6,0,1323,6.492306544543171,10.126666217498622
CNP,m0,2,105,500,Bi-214,Bi-212 1620.74-keV feature,6,0,1361,8.963515351970324,13.47452205597673
CNP,m0,2,105,500,continuum_1700_2000,Continuum 1700-2000 keV,60,0,8230,5.142081764514648,6.000902538784477
CNP,m0,2,105,500,SE,Tl-208 SE 2103 keV,6,0,2023,12.749057665205438,16.75831160383219
CNP,m0,2,105,500,continuum_2200_2400,Continuum 2200-2400 keV,40,0,9093,4.114982571345425,4.950859884426078
CNP,m0,2,105,500,FE,Tl-208 FE 2614 keV,5,1,8709,3.54433183952795,4.2565236525896015
CNP,m0,2,105,500,sparse_tail,Sparse tail 2700-3000 keV,13,47,68,8.629847292169773,9.427705320392676
CNP,m0,2,106,500,full,Full 500-3000 keV,442,58,114299,5.046246018494827,6.9292995052666635
CNP,m0,2,106,500,DEP,Tl-208 DEP 1592 keV,6,0,1323,6.4930943953411475,10.048625143066136
CNP,m0,2,106,500,Bi-214,Bi-212 1620.74-keV feature,6,0,1361,9.048336262485595,13.597044752035734
CNP,m0,2,106,500,continuum_1700_2000,Continuum 1700-2000 keV,60,0,8230,5.2624352120373565,6.14292225612865
CNP,m0,2,106,500,SE,Tl-208 SE 2103 keV,6,0,2023,12.985320019008462,16.938546064446275
CNP,m0,2,106,500,continuum_2200_2400,Continuum 2200-2400 keV,40,0,9093,3.942603729380656,4.7831233075633905
CNP,m0,2,106,500,FE,Tl-208 FE 2614 keV,5,1,8709,3.454014309734104,4.1330920125685955
CNP,m0,2,106,500,sparse_tail,Sparse tail 2700-3000 keV,13,47,68,8.631477221680985,9.436473615205033
CNP,m0,2,107,500,full,Full 500-3000 keV,442,58,114299,5.04628512312247,6.930330353271222
CNP,m0,2,107,500,DEP,Tl-208 DEP 1592 keV,6,0,1323,6.49250270006516,10.067445712331397
CNP,m0,2,107,500,Bi-214,Bi-212 1620.74-keV feature,6,0,1361,9.026954322163244,13.566356146366301
CNP,m0,2,107,500,continuum_1700_2000,Continuum 1700-2000 keV,60,0,8230,5.239332964550203,6.117479689899102
CNP,m0,2,107,500,SE,Tl-208 SE 2103 keV,6,0,2023,12.972006467237197,16.928337959544315
CNP,m0,2,107,500,continuum_2200_2400,Continuum 2200-2400 keV,40,0,9093,3.9489543826638642,4.791630305861516
CNP,m0,2,107,500,FE,Tl-208 FE 2614 keV,5,1,8709,3.407094043630901,4.0701698877027965
CNP,m0,2,107,500,sparse_tail,Sparse tail 2700-3000 keV,13,47,68,8.742119880769081,9.542841117098618
CNP,m0,2,108,500,full,Full 500-3000 keV,442,58,114299,5.2100874736215825,7.130556495380031
CNP,m0,2,108,500,DEP,Tl-208 DEP 1592 keV,6,0,1323,6.492337278833061,9.944343638140273
CNP,m0,2,108,500,Bi-214,Bi-212 1620.74-keV feature,6,0,1361,9.17177274379171,13.783634907665638
CNP,m0,2,108,500,continuum_1700_2000,Continuum 1700-2000 keV,60,0,8230,5.487337033726783,6.3986644314049546
CNP,m0,2,108,500,SE,Tl-208 SE 2103 keV,6,0,2023,13.48008210480389,17.32019644146973
CNP,m0,2,108,500,continuum_2200_2400,Continuum 2200-2400 keV,40,0,9093,3.66564222677782,4.456005895221807
CNP,m0,2,108,500,FE,Tl-208 FE 2614 keV,5,1,8709,3.073296867836242,3.637225682409951
CNP,m0,2,108,500,sparse_tail,Sparse tail 2700-3000 keV,13,47,68,9.016320919389534,9.82721753794447
CNP,m0,2,109,500,full,Full 500-3000 keV,442,58,114299,4.93913555810345,6.782212613968166
CNP,m0,2,109,500,DEP,Tl-208 DEP 1592 keV,6,0,1323,6.493267971018629,10.169882942839813
CNP,m0,2,109,500,Bi-214,Bi-212 1620.74-keV feature,6,0,1361,8.919713556563709,13.411397270612998
CNP,m0,2,109,500,continuum_1700_2000,Continuum 1700-2000 keV,60,0,8230,5.070631813079143,5.908574861624736
CNP,m0,2,109,500,SE,Tl-208 SE 2103 keV,6,0,2023,12.529158821858196,16.591906240271044
CNP,m0,2,109,500,continuum_2200_2400,Continuum 2200-2400 keV,40,0,9093,4.286054360019049,5.117057786234543
CNP,m0,2,109,500,FE,Tl-208 FE 2614 keV,5,1,8709,3.828164820773688,4.528799255997239
CNP,m0,2,109,500,sparse_tail,Sparse tail 2700-3000 keV,13,47,68,8.398689090831791,9.202050174727788
CNP,m0,2,100,1000,full,Full 500-3000 keV,442,58,114299,5.024923739386479,6.900336843550088
CNP,m0,2,100,1000,DEP,Tl-208 DEP 1592 keV,6,0,1323,6.493383958392572,10.06922949543406
CNP,m0,2,100,1000,Bi-214,Bi-212 1620.74-keV feature,6,0,1361,9.025575221072001,13.563366101253965
CNP,m0,2,100,1000,continuum_1700_2000,Continuum 1700-2000 keV,60,0,8230,5.224218699410632,6.097065619534971
CNP,m0,2,100,1000,SE,Tl-208 SE 2103 keV,6,0,2023,12.893911683762196,16.868619649046362
CNP,m0,2,100,1000,continuum_2200_2400,Continuum 2200-2400 keV,40,0,9093,3.996660841632127,4.833689770264492
CNP,m0,2,100,1000,FE,Tl-208 FE 2614 keV,5,1,8709,3.5156935109545246,4.216537799092431
CNP,m0,2,100,1000,sparse_tail,Sparse tail 2700-3000 keV,13,47,68,8.570414053876892,9.375272271129408
CNP,m0,2,101,1000,full,Full 500-3000 keV,442,58,114299,4.938429908845809,6.780892963487341
CNP,m0,2,101,1000,DEP,Tl-208 DEP 1592 keV,6,0,1323,6.494478085727075,10.140666126812455
CNP,m0,2,101,1000,Bi-214,Bi-212 1620.74-keV feature,6,0,1361,8.950379627229877,13.453685565536947
CNP,m0,2,101,1000,continuum_1700_2000,Continuum 1700-2000 keV,60,0,8230,5.099913796684079,5.942868731294664
CNP,m0,2,101,1000,SE,Tl-208 SE 2103 keV,6,0,2023,12.54950117705256,16.607261971375664
CNP,m0,2,101,1000,continuum_2200_2400,Continuum 2200-2400 keV,40,0,9093,4.259691102709212,5.086121783642854
CNP,m0,2,101,1000,FE,Tl-208 FE 2614 keV,5,1,8709,3.961998761694431,4.641320104409521
CNP,m0,2,101,1000,sparse_tail,Sparse tail 2700-3000 keV,13,47,68,8.229093688352046,9.044621304779362
CNP,m0,2,102,1000,full,Full 500-3000 keV,442,58,114299,4.942208352314565,6.785968596017396
CNP,m0,2,102,1000,DEP,Tl-208 DEP 1592 keV,6,0,1323,6.494340244953746,10.144968777267742
CNP,m0,2,102,1000,Bi-214,Bi-212 1620.74-keV feature,6,0,1361,8.945822296359388,13.447464216337165
CNP,m0,2,102,1000,continuum_1700_2000,Continuum 1700-2000 keV,60,0,8230,5.096065912362794,5.938609370721668
CNP,m0,2,102,1000,SE,Tl-208 SE 2103 keV,6,0,2023,12.551831081338946,16.608993149018467
CNP,m0,2,102,1000,continuum_2200_2400,Continuum 2200-2400 keV,40,0,9093,4.25099372040557,5.076612439738433
CNP,m0,2,102,1000,FE,Tl-208 FE 2614 keV,5,1,8709,3.913018355148405,4.599884658718093
CNP,m0,2,102,1000,sparse_tail,Sparse tail 2700-3000 keV,13,47,68,8.27481341541819,9.086875307432681
CNP,m0,2,103,1000,full,Full 500-3000 keV,442,58,114299,5.0729788024918205,6.9638515031963655
CNP,m0,2,103,1000,DEP,Tl-208 DEP 1592 keV,6,0,1323,6.492593116105592,10.041420238614391
CNP,m0,2,103,1000,Bi-214,Bi-212 1620.74-keV feature,6,0,1361,9.056178101957423,13.609061583976006
CNP,m0,2,103,1000,continuum_1700_2000,Continuum 1700-2000 keV,60,0,8230,5.282570681021792,6.16879358928799
CNP,m0,2,103,1000,SE,Tl-208 SE 2103 keV,6,0,2023,13.060783636025372,16.996324180512364
CNP,m0,2,103,1000,continuum_2200_2400,Continuum 2200-2400 keV,40,0,9093,3.8892728083915715,4.721842143200818
CNP,m0,2,103,1000,FE,Tl-208 FE 2614 keV,5,1,8709,3.357254421060378,4.003398531279079
CNP,m0,2,103,1000,sparse_tail,Sparse tail 2700-3000 keV,13,47,68,8.768287378080029,9.570479348938681
CNP,m0,2,104,1000,full,Full 500-3000 keV,442,58,114299,5.0994532176211,6.9968369215325374
CNP,m0,2,104,1000,DEP,Tl-208 DEP 1592 keV,6,0,1323,6.49260033754633,10.015392566282703
CNP,m0,2,104,1000,Bi-214,Bi-212 1620.74-keV feature,6,0,1361,9.085797832921468,13.653266951743563
CNP,m0,2,104,1000,continuum_1700_2000,Continuum 1700-2000 keV,60,0,8230,5.330203322383087,6.225068202989824
CNP,m0,2,104,1000,SE,Tl-208 SE 2103 keV,6,0,2023,13.160604035116183,17.07307347055468
CNP,m0,2,104,1000,continuum_2200_2400,Continuum 2200-2400 keV,40,0,9093,3.8367052238119883,4.664927493512317
CNP,m0,2,104,1000,FE,Tl-208 FE 2614 keV,5,1,8709,3.3063247578585377,3.9361371587383718
CNP,m0,2,104,1000,sparse_tail,Sparse tail 2700-3000 keV,13,47,68,8.804451029361143,9.609176945447988
CNP,m0,2,105,1000,full,Full 500-3000 keV,442,58,114299,5.015558022275746,6.888702787366263
CNP,m0,2,105,1000,DEP,Tl-208 DEP 1592 keV,6,0,1323,6.492570128920167,10.096348277941432
CNP,m0,2,105,1000,Bi-214,Bi-212 1620.74-keV feature,6,0,1361,8.995729046567662,13.520590116897091
CNP,m0,2,105,1000,continuum_1700_2000,Continuum 1700-2000 keV,60,0,8230,5.188025003549881,6.056671293168706
CNP,m0,2,105,1000,SE,Tl-208 SE 2103 keV,6,0,2023,12.851066002194973,16.835925122116272
CNP,m0,2,105,1000,continuum_2200_2400,Continuum 2200-2400 keV,40,0,9093,4.034278568399917,4.874328671325251
CNP,m0,2,105,1000,FE,Tl-208 FE 2614 keV,5,1,8709,3.4909910607090673,4.183380477595343
CNP,m0,2,105,1000,sparse_tail,Sparse tail 2700-3000 keV,13,47,68,8.663892074008713,9.463307043682285
CNP,m0,2,106,1000,full,Full 500-3000 keV,442,58,114299,5.074441534735631,6.9654675329031495
CNP,m0,2,106,1000,DEP,Tl-208 DEP 1592 keV,6,0,1323,6.493065882926295,10.028074607001699
CNP,m0,2,106,1000,Bi-214,Bi-212 1620.74-keV feature,6,0,1361,9.071626735096471,13.631583329415372
CNP,m0,2,106,1000,continuum_1700_2000,Continuum 1700-2000 keV,60,0,8230,5.300740515671298,6.189515590076111
CNP,m0,2,106,1000,SE,Tl-208 SE 2103 keV,6,0,2023,13.077922642428167,17.009558144137994
CNP,m0,2,106,1000,continuum_2200_2400,Continuum 2200-2400 keV,40,0,9093,3.882218712611798,4.713708227600334
CNP,m0,2,106,1000,FE,Tl-208 FE 2614 keV,5,1,8709,3.3828961396473547,4.037501007516315
CNP,m0,2,106,1000,sparse_tail,Sparse tail 2700-3000 keV,13,47,68,8.703626541888434,9.508439391985405
CNP,m0,2,107,1000,full,Full 500-3000 keV,442,58,114299,4.97218646129235,6.828157357807288
CNP,m0,2,107,1000,DEP,Tl-208 DEP 1592 keV,6,0,1323,6.493761674661609,10.12254823901883
CNP,m0,2,107,1000,Bi-214,Bi-212 1620.74-keV feature,6,0,1361,8.968675210917931,13.480646030931856
CNP,m0,2,107,1000,continuum_1700_2000,Continuum 1700-2000 keV,60,0,8230,5.13614745338565,5.9898164012742425
CNP,m0,2,107,1000,SE,Tl-208 SE 2103 keV,6,0,2023,12.67958383279574,16.705575709473447
CNP,m0,2,107,1000,continuum_2200_2400,Continuum 2200-2400 keV,40,0,9093,4.16008553512646,4.990491711351103
CNP,m0,2,107,1000,FE,Tl-208 FE 2614 keV,5,1,8709,3.700901926097031,4.421145775353551
CNP,m0,2,107,1000,sparse_tail,Sparse tail 2700-3000 keV,13,47,68,8.43394892091656,9.239339677118664
CNP,m0,2,108,1000,full,Full 500-3000 keV,442,58,114299,5.090102228840394,6.984440152529404
CNP,m0,2,108,1000,DEP,Tl-208 DEP 1592 keV,6,0,1323,6.492936699840289,10.018656480650831
CNP,m0,2,108,1000,Bi-214,Bi-212 1620.74-keV feature,6,0,1361,9.082365576892661,13.647495115971795
CNP,m0,2,108,1000,continuum_1700_2000,Continuum 1700-2000 keV,60,0,8230,5.317546615681983,6.210021368514845
CNP,m0,2,108,1000,SE,Tl-208 SE 2103 keV,6,0,2023,13.117391800189612,17.039775925989613
CNP,m0,2,108,1000,continuum_2200_2400,Continuum 2200-2400 keV,40,0,9093,3.850862644828707,4.676344822447817
CNP,m0,2,108,1000,FE,Tl-208 FE 2614 keV,5,1,8709,3.3472052308383606,3.9897629242849653
CNP,m0,2,108,1000,sparse_tail,Sparse tail 2700-3000 keV,13,47,68,8.734076140725982,9.539662209524481
CNP,m0,2,109,1000,full,Full 500-3000 keV,442,58,114299,4.959314149701148,6.810355208618528
CNP,m0,2,109,1000,DEP,Tl-208 DEP 1592 keV,6,0,1323,6.493295717571727,10.149237189064545
CNP,m0,2,109,1000,Bi-214,Bi-212 1620.74-keV feature,6,0,1361,8.940799168979947,13.441154290351506
CNP,m0,2,109,1000,continuum_1700_2000,Continuum 1700-2000 keV,60,0,8230,5.100376103361394,5.947283577175742
CNP,m0,2,109,1000,SE,Tl-208 SE 2103 keV,6,0,2023,12.613147479856304,16.655337308326676
CNP,m0,2,109,1000,continuum_2200_2400,Continuum 2200-2400 keV,40,0,9093,4.213520246226791,5.04382192525544
CNP,m0,2,109,1000,FE,Tl-208 FE 2614 keV,5,1,8709,3.7171359357066462,4.435686072917514
CNP,m0,2,109,1000,sparse_tail,Sparse tail 2700-3000 keV,13,47,68,8.463536957092572,9.265692928175707
CNP,m0,2,100,2000,full,Full 500-3000 keV,442,58,114299,5.044015395332849,6.9262376484836405
CNP,m0,2,100,2000,DEP,Tl-208 DEP 1592 keV,6,0,1323,6.493098353167747,10.056503684316466
CNP,m0,2,100,2000,Bi-214,Bi-212 1620.74-keV feature,6,0,1361,9.039539827927943,13.584180159060534
CNP,m0,2,100,2000,continuum_1700_2000,Continuum 1700-2000 keV,60,0,8230,5.25031129795763,6.128850820832034
CNP,m0,2,100,2000,SE,Tl-208 SE 2103 keV,6,0,2023,12.966406099952504,16.92407105080478
CNP,m0,2,100,2000,continuum_2200_2400,Continuum 2200-2400 keV,40,0,9093,3.9489034775624066,4.788258987295784
CNP,m0,2,100,2000,FE,Tl-208 FE 2614 keV,5,1,8709,3.4503310875002953,4.12799614752273
CNP,m0,2,100,2000,sparse_tail,Sparse tail 2700-3000 keV,13,47,68,8.651289456043914,9.455131653047184
CNP,m0,2,101,2000,full,Full 500-3000 keV,442,58,114299,5.026459444693467,6.902652428201065
CNP,m0,2,101,2000,DEP,Tl-208 DEP 1592 keV,6,0,1323,6.493329239090502,10.06640062458899
CNP,m0,2,101,2000,Bi-214,Bi-212 1620.74-keV feature,6,0,1361,9.02873240922438,13.5680158087919
CNP,m0,2,101,2000,continuum_1700_2000,Continuum 1700-2000 keV,60,0,8230,5.229277247178892,6.103078860344619
CNP,m0,2,101,2000,SE,Tl-208 SE 2103 keV,6,0,2023,12.90497608709381,16.877081836264416
CNP,m0,2,101,2000,continuum_2200_2400,Continuum 2200-2400 keV,40,0,9093,3.9919868527612055,4.83031870673216
CNP,m0,2,101,2000,FE,Tl-208 FE 2614 keV,5,1,8709,3.5112781153312964,4.210568190105091
CNP,m0,2,101,2000,sparse_tail,Sparse tail 2700-3000 keV,13,47,68,8.572316095375058,9.377878444571296
CNP,m0,2,102,2000,full,Full 500-3000 keV,442,58,114299,5.030691839930511,6.908027946708202
CNP,m0,2,102,2000,DEP,Tl-208 DEP 1592 keV,6,0,1323,6.49324308253318,10.069583488528224
CNP,m0,2,102,2000,Bi-214,Bi-212 1620.74-keV feature,6,0,1361,9.02514058866271,13.562941683624455
CNP,m0,2,102,2000,continuum_1700_2000,Continuum 1700-2000 keV,60,0,8230,5.226205489581921,6.099965868556039
CNP,m0,2,102,2000,SE,Tl-208 SE 2103 keV,6,0,2023,12.9086247961921,16.879852288471106
CNP,m0,2,102,2000,continuum_2200_2400,Continuum 2200-2400 keV,40,0,9093,3.9837690762369373,4.82061816827804
CNP,m0,2,102,2000,FE,Tl-208 FE 2614 keV,5,1,8709,3.4872192786088982,4.177908548122057
CNP,m0,2,102,2000,sparse_tail,Sparse tail 2700-3000 keV,13,47,68,8.611981617739275,9.415637489745496
CNP,m0,2,103,2000,full,Full 500-3000 keV,442,58,114299,5.003472446961979,6.871764716271814
CNP,m0,2,103,2000,DEP,Tl-208 DEP 1592 keV,6,0,1323,6.493275409517314,10.09144854959744
CNP,m0,2,103,2000,Bi-214,Bi-212 1620.74-keV feature,6,0,1361,9.001401987052757,13.528184952367095
CNP,m0,2,103,2000,continuum_1700_2000,Continuum 1700-2000 keV,60,0,8230,5.186882807465086,6.0534010358807535
CNP,m0,2,103,2000,SE,Tl-208 SE 2103 keV,6,0,2023,12.812498177844539,16.80661322616461
CNP,m0,2,103,2000,continuum_2200_2400,Continuum 2200-2400 keV,40,0,9093,4.060632079956687,4.896945625852137
CNP,m0,2,103,2000,FE,Tl-208 FE 2614 keV,5,1,8709,3.5655502469442864,4.285022844881954
CNP,m0,2,103,2000,sparse_tail,Sparse tail 2700-3000 keV,13,47,68,8.534362146121989,9.338892637521852
CNP,m0,2,104,2000,full,Full 500-3000 keV,442,58,114299,5.123708719174413,7.026558883933316
CNP,m0,2,104,2000,DEP,Tl-208 DEP 1592 keV,6,0,1323,6.4924351603123265,10.000131863432223
CNP,m0,2,104,2000,Bi-214,Bi-212 1620.74-keV feature,6,0,1361,9.10361277316372,13.680030329993462
CNP,m0,2,104,2000,continuum_1700_2000,Continuum 1700-2000 keV,60,0,8230,5.363714901202118,6.261573218414185
CNP,m0,2,104,2000,SE,Tl-208 SE 2103 keV,6,0,2023,13.23187825738704,17.128014767468326
CNP,m0,2,104,2000,continuum_2200_2400,Continuum 2200-2400 keV,40,0,9093,3.790999597506835,4.614411129379022
CNP,m0,2,104,2000,FE,Tl-208 FE 2614 keV,5,1,8709,3.2492709224257963,3.8615546569889623
CNP,m0,2,104,2000,sparse_tail,Sparse tail 2700-3000 keV,13,47,68,8.861947395435205,9.66753346089323
CNP,m0,2,105,2000,full,Full 500-3000 keV,442,58,114299,5.04913365060994,6.933476305074075
CNP,m0,2,105,2000,DEP,Tl-208 DEP 1592 keV,6,0,1323,6.492677634147882,10.060310685867785
CNP,m0,2,105,2000,Bi-214,Bi-212 1620.74-keV feature,6,0,1361,9.035055695438789,13.57784179927282
CNP,m0,2,105,2000,continuum_1700_2000,Continuum 1700-2000 keV,60,0,8230,5.24812317517108,6.127235216663501
CNP,m0,2,105,2000,SE,Tl-208 SE 2103 keV,6,0,2023,12.979530405370332,16.93404842181598
CNP,m0,2,105,2000,continuum_2200_2400,Continuum 2200-2400 keV,40,0,9093,3.9395337843993032,4.779217115516614
CNP,m0,2,105,2000,FE,Tl-208 FE 2614 keV,5,1,8709,3.4149365339552338,4.080470940264243
CNP,m0,2,105,2000,sparse_tail,Sparse tail 2700-3000 keV,13,47,68,8.712683984845285,9.514338391918505
CNP,m0,2,106,2000,full,Full 500-3000 keV,442,58,114299,5.07248050876408,6.963156860725938
CNP,m0,2,106,2000,DEP,Tl-208 DEP 1592 keV,6,0,1323,6.492849246961992,10.036225161959456
CNP,m0,2,106,2000,Bi-214,Bi-212 1620.74-keV feature,6,0,1361,9.062148780264394,13.617830102264387
CNP,m0,2,106,2000,continuum_1700_2000,Continuum 1700-2000 keV,60,0,8230,5.288961990405879,6.175920145324264
CNP,m0,2,106,2000,SE,Tl-208 SE 2103 keV,6,0,2023,13.063992748068317,16.99876598039331
CNP,m0,2,106,2000,continuum_2200_2400,Continuum 2200-2400 keV,40,0,9093,3.888139870968018,4.7202969108194965
CNP,m0,2,106,2000,FE,Tl-208 FE 2614 keV,5,1,8709,3.3721665964311613,4.023073755127689
CNP,m0,2,106,2000,sparse_tail,Sparse tail 2700-3000 keV,13,47,68,8.735140353322421,9.538711783301931
CNP,m0,2,107,2000,full,Full 500-3000 keV,442,58,114299,4.9858815202580145,6.8474765726303035
CNP,m0,2,107,2000,DEP,Tl-208 DEP 1592 keV,6,0,1323,6.493427682084161,10.111504903504654
CNP,m0,2,107,2000,Bi-214,Bi-212 1620.74-keV feature,6,0,1361,8.980187286314544,13.497361225873403
CNP,m0,2,107,2000,continuum_1700_2000,Continuum 1700-2000 keV,60,0,8230,5.155230125458619,6.013958794061954
CNP,m0,2,107,2000,SE,Tl-208 SE 2103 keV,6,0,2023,12.735461871963563,16.7480039293711
CNP,m0,2,107,2000,continuum_2200_2400,Continuum 2200-2400 keV,40,0,9093,4.116872214520535,4.9494275642266095
CNP,m0,2,107,2000,FE,Tl-208 FE 2614 keV,5,1,8709,3.616250310279195,4.35081452821475
CNP,m0,2,107,2000,sparse_tail,Sparse tail 2700-3000 keV,13,47,68,8.49330861896036,9.29758018545031
CNP,m0,2,108,2000,full,Full 500-3000 keV,442,58,114299,5.0350813314704155,6.91383533068501
CNP,m0,2,108,2000,DEP,Tl-208 DEP 1592 keV,6,0,1323,6.493297413312875,10.061810927267976
CNP,m0,2,108,2000,Bi-214,Bi-212 1620.74-keV feature,6,0,1361,9.033790623504698,13.575514749149958
CNP,m0,2,108,2000,continuum_1700_2000,Continuum 1700-2000 keV,60,0,8230,5.238077483840783,6.1136958777529165
CNP,m0,2,108,2000,SE,Tl-208 SE 2103 keV,6,0,2023,12.928953435116068,16.89540041719129
CNP,m0,2,108,2000,continuum_2200_2400,Continuum 2200-2400 keV,40,0,9093,3.9698458870201456,4.8065120487790285
CNP,m0,2,108,2000,FE,Tl-208 FE 2614 keV,5,1,8709,3.4851984341980016,4.175032150924704
CNP,m0,2,108,2000,sparse_tail,Sparse tail 2700-3000 keV,13,47,68,8.600857577843529,9.40603107834836
CNP,m0,2,109,2000,full,Full 500-3000 keV,442,58,114299,4.980665498016673,6.840286578040963
CNP,m0,2,109,2000,DEP,Tl-208 DEP 1592 keV,6,0,1323,6.493181870597948,10.122964718516306
CNP,m0,2,109,2000,Bi-214,Bi-212 1620.74-keV feature,6,0,1361,8.967958412239115,13.480026023996983
CNP,m0,2,109,2000,continuum_1700_2000,Continuum 1700-2000 keV,60,0,8230,5.13979930008076,5.995676524514884
CNP,m0,2,109,2000,SE,Tl-208 SE 2103 keV,6,0,2023,12.708735599092474,16.727724076288457
CNP,m0,2,109,2000,continuum_2200_2400,Continuum 2200-2400 keV,40,0,9093,4.1386391686124,4.970842472836577
CNP,m0,2,109,2000,FE,Tl-208 FE 2614 keV,5,1,8709,3.6181386169672627,4.352513403634335
CNP,m0,2,109,2000,sparse_tail,Sparse tail 2700-3000 keV,13,47,68,8.511816421464449,9.314467185390448
Attentive CNP,m1,0,100,250,full,Full 500-3000 keV,442,58,114299,5.145528445106224,6.825520954078631
Attentive CNP,m1,0,100,250,DEP,Tl-208 DEP 1592 keV,6,0,1323,7.344283146284238,11.340710726201984
Attentive CNP,m1,0,100,250,Bi-214,Bi-212 1620.74-keV feature,6,0,1361,9.405066931407617,12.414350108027437
Attentive CNP,m1,0,100,250,continuum_1700_2000,Continuum 1700-2000 keV,60,0,8230,4.374805482841664,5.180930711917632
Attentive CNP,m1,0,100,250,SE,Tl-208 SE 2103 keV,6,0,2023,10.445838267846973,15.103301387529381
Attentive CNP,m1,0,100,250,continuum_2200_2400,Continuum 2200-2400 keV,40,0,9093,8.073753264013003,9.016449131752347
Attentive CNP,m1,0,100,250,FE,Tl-208 FE 2614 keV,5,1,8709,5.1284626596978455,5.685344653535895
Attentive CNP,m1,0,100,250,sparse_tail,Sparse tail 2700-3000 keV,13,47,68,7.367946840207786,8.12681744411496
Attentive CNP,m1,0,101,250,full,Full 500-3000 keV,442,58,114299,5.099509238265354,6.7946729961517365
Attentive CNP,m1,0,101,250,DEP,Tl-208 DEP 1592 keV,6,0,1323,7.098097878202745,10.98218276154666
Attentive CNP,m1,0,101,250,Bi-214,Bi-212 1620.74-keV feature,6,0,1361,9.169878421465327,12.642797119046186
Attentive CNP,m1,0,101,250,continuum_1700_2000,Continuum 1700-2000 keV,60,0,8230,4.61496429421868,5.41023800216338
Attentive CNP,m1,0,101,250,SE,Tl-208 SE 2103 keV,6,0,2023,10.814338057046553,15.36401092962272
Attentive CNP,m1,0,101,250,continuum_2200_2400,Continuum 2200-2400 keV,40,0,9093,8.21994842363411,9.189362436523357
Attentive CNP,m1,0,101,250,FE,Tl-208 FE 2614 keV,5,1,8709,5.830026370342375,6.326175512301031
Attentive CNP,m1,0,101,250,sparse_tail,Sparse tail 2700-3000 keV,13,47,68,7.073004135647655,7.892677105592469
Attentive CNP,m1,0,102,250,full,Full 500-3000 keV,442,58,114299,5.10896490776492,6.797323657513379
Attentive CNP,m1,0,102,250,DEP,Tl-208 DEP 1592 keV,6,0,1323,7.219373223246606,11.16581985985961
Attentive CNP,m1,0,102,250,Bi-214,Bi-212 1620.74-keV feature,6,0,1361,9.291744889681503,12.519087802234067
Attentive CNP,m1,0,102,250,continuum_1700_2000,Continuum 1700-2000 keV,60,0,8230,4.4825948563899525,5.286950711972571
Attentive CNP,m1,0,102,250,SE,Tl-208 SE 2103 keV,6,0,2023,10.676430649210221,15.265065278987258
Attentive CNP,m1,0,102,250,continuum_2200_2400,Continuum 2200-2400 keV,40,0,9093,8.093065083260944,9.054006366997696
Attentive CNP,m1,0,102,250,FE,Tl-208 FE 2614 keV,5,1,8709,5.557661148188592,6.073664468284541
Attentive CNP,m1,0,102,250,sparse_tail,Sparse tail 2700-3000 keV,13,47,68,7.182486845547907,7.9785505898572335
Attentive CNP,m1,0,103,250,full,Full 500-3000 keV,442,58,114299,5.1237000113527085,6.809976370948065
Attentive CNP,m1,0,103,250,DEP,Tl-208 DEP 1592 keV,6,0,1323,7.23957567663472,11.198251594452403
Attentive CNP,m1,0,103,250,Bi-214,Bi-212 1620.74-keV feature,6,0,1361,9.313839987105649,12.498941876035481
Attentive CNP,m1,0,103,250,continuum_1700_2000,Continuum 1700-2000 keV,60,0,8230,4.457241422139627,5.261989834990983
Attentive CNP,m1,0,103,250,SE,Tl-208 SE 2103 keV,6,0,2023,10.593213283560326,15.207264319207198
Attentive CNP,m1,0,103,250,continuum_2200_2400,Continuum 2200-2400 keV,40,0,9093,8.113589813134144,9.066116445044692
Attentive CNP,m1,0,103,250,FE,Tl-208 FE 2614 keV,5,1,8709,5.348733457101529,5.885507636998122
Attentive CNP,m1,0,103,250,sparse_tail,Sparse tail 2700-3000 keV,13,47,68,7.278656073334116,8.051945957483783
Attentive CNP,m1,0,104,250,full,Full 500-3000 keV,442,58,114299,5.122468532186209,6.806005949935061
Attentive CNP,m1,0,104,250,DEP,Tl-208 DEP 1592 keV,6,0,1323,7.22529090807207,11.175628115457858
Attentive CNP,m1,0,104,250,Bi-214,Bi-212 1620.74-keV feature,6,0,1361,9.30002401947448,12.511688672418492
Attentive CNP,m1,0,104,250,continuum_1700_2000,Continuum 1700-2000 keV,60,0,8230,4.46812586141641,5.270082987549076
Attentive CNP,m1,0,104,250,SE,Tl-208 SE 2103 keV,6,0,2023,10.573763345085236,15.194173232421445
Attentive CNP,m1,0,104,250,continuum_2200_2400,Continuum 2200-2400 keV,40,0,9093,8.214324381756688,9.167261331282974
Attentive CNP,m1,0,104,250,FE,Tl-208 FE 2614 keV,5,1,8709,5.644628368898589,6.15517444073915
Attentive CNP,m1,0,104,250,sparse_tail,Sparse tail 2700-3000 keV,13,47,68,7.1348372870145464,7.940348105026141
Attentive CNP,m1,0,105,250,full,Full 500-3000 keV,442,58,114299,5.137244125391502,6.818609463512517
Attentive CNP,m1,0,105,250,DEP,Tl-208 DEP 1592 keV,6,0,1323,7.350917388175448,11.3440430860886
Attentive CNP,m1,0,105,250,Bi-214,Bi-212 1620.74-keV feature,6,0,1361,9.407104407471358,12.413070546628239
Attentive CNP,m1,0,105,250,continuum_1700_2000,Continuum 1700-2000 keV,60,0,8230,4.37336554948845,5.180290795775675
Attentive CNP,m1,0,105,250,SE,Tl-208 SE 2103 keV,6,0,2023,10.472250970615242,15.120919665769092
Attentive CNP,m1,0,105,250,continuum_2200_2400,Continuum 2200-2400 keV,40,0,9093,8.053687993824264,8.999469897182117
Attentive CNP,m1,0,105,250,FE,Tl-208 FE 2614 keV,5,1,8709,5.22767871158603,5.775634638767009
Attentive CNP,m1,0,105,250,sparse_tail,Sparse tail 2700-3000 keV,13,47,68,7.3012593249104025,8.074275094986557
Attentive CNP,m1,0,106,250,full,Full 500-3000 keV,442,58,114299,5.117511184712614,6.804423573503046
Attentive CNP,m1,0,106,250,DEP,Tl-208 DEP 1592 keV,6,0,1323,7.225895187695053,11.176459386878182
Attentive CNP,m1,0,106,250,Bi-214,Bi-212 1620.74-keV feature,6,0,1361,9.29946506831057,12.513169268229172
Attentive CNP,m1,0,106,250,continuum_1700_2000,Continuum 1700-2000 keV,60,0,8230,4.472418708704105,5.275958524209883
Attentive CNP,m1,0,106,250,SE,Tl-208 SE 2103 keV,6,0,2023,10.623311131873741,15.228158260968764
Attentive CNP,m1,0,106,250,continuum_2200_2400,Continuum 2200-2400 keV,40,0,9093,8.140193246487678,9.096048201728706
Attentive CNP,m1,0,106,250,FE,Tl-208 FE 2614 keV,5,1,8709,5.504187550099486,6.025868545651051
Attentive CNP,m1,0,106,250,sparse_tail,Sparse tail 2700-3000 keV,13,47,68,7.2047142906748185,7.994931466253738
Attentive CNP,m1,0,107,250,full,Full 500-3000 keV,442,58,114299,5.121575518648766,6.8054430240120904
Attentive CNP,m1,0,107,250,DEP,Tl-208 DEP 1592 keV,6,0,1323,7.275157704474232,11.255022272196728
Attentive CNP,m1,0,107,250,Bi-214,Bi-212 1620.74-keV feature,6,0,1361,9.350672881341671,12.46402787488212
Attentive CNP,m1,0,107,250,continuum_1700_2000,Continuum 1700-2000 keV,60,0,8230,4.421404706070301,5.227657004303406
Attentive CNP,m1,0,107,250,SE,Tl-208 SE 2103 keV,6,0,2023,10.557350296164755,15.181107380371813
Attentive CNP,m1,0,107,250,continuum_2200_2400,Continuum 2200-2400 keV,40,0,9093,8.102475623030223,9.055226183758315
Attentive CNP,m1,0,107,250,FE,Tl-208 FE 2614 keV,5,1,8709,5.469414507583196,5.994065871695255
Attentive CNP,m1,0,107,250,sparse_tail,Sparse tail 2700-3000 keV,13,47,68,7.205383106870365,7.996398810848896
Attentive CNP,m1,0,108,250,full,Full 500-3000 keV,442,58,114299,5.136487550636986,6.814191594659198
Attentive CNP,m1,0,108,250,DEP,Tl-208 DEP 1592 keV,6,0,1323,7.25074484228399,11.214083893319803
Attentive CNP,m1,0,108,250,Bi-214,Bi-212 1620.74-keV feature,6,0,1361,9.32459470508739,12.488574502974211
Attentive CNP,m1,0,108,250,continuum_1700_2000,Continuum 1700-2000 keV,60,0,8230,4.43823142029102,5.240286327771293
Attentive CNP,m1,0,108,250,SE,Tl-208 SE 2103 keV,6,0,2023,10.471610437698754,15.123517375647644
Attentive CNP,m1,0,108,250,continuum_2200_2400,Continuum 2200-2400 keV,40,0,9093,8.281530068378082,9.227069579183627
Attentive CNP,m1,0,108,250,FE,Tl-208 FE 2614 keV,5,1,8709,5.654686426511294,6.163089012796
Attentive CNP,m1,0,108,250,sparse_tail,Sparse tail 2700-3000 keV,13,47,68,7.1278800257204065,7.93588040302364
Attentive CNP,m1,0,109,250,full,Full 500-3000 keV,442,58,114299,5.098793248728596,6.791525656047677
Attentive CNP,m1,0,109,250,DEP,Tl-208 DEP 1592 keV,6,0,1323,7.183771875291588,11.112406440347783
Attentive CNP,m1,0,109,250,Bi-214,Bi-212 1620.74-keV feature,6,0,1361,9.257416724190948,12.553396070067086
Attentive CNP,m1,0,109,250,continuum_1700_2000,Continuum 1700-2000 keV,60,0,8230,4.521706003404366,5.324788885754093
Attentive CNP,m1,0,109,250,SE,Tl-208 SE 2103 keV,6,0,2023,10.759625271154349,15.323721670912693
Attentive CNP,m1,0,109,250,continuum_2200_2400,Continuum 2200-2400 keV,40,0,9093,8.075274316921764,9.042115800204789
Attentive CNP,m1,0,109,250,FE,Tl-208 FE 2614 keV,5,1,8709,5.600304220582373,6.1136897637711085
Attentive CNP,m1,0,109,250,sparse_tail,Sparse tail 2700-3000 keV,13,47,68,7.168369223923153,7.965035116234248
Attentive CNP,m1,0,100,500,full,Full 500-3000 keV,442,58,114299,5.106176342025595,6.794376407223059
Attentive CNP,m1,0,100,500,DEP,Tl-208 DEP 1592 keV,6,0,1323,7.297543313129727,11.287882110385222
Attentive CNP,m1,0,100,500,Bi-214,Bi-212 1620.74-keV feature,6,0,1361,9.334957144322496,12.441996163098521
Attentive CNP,m1,0,100,500,continuum_1700_2000,Continuum 1700-2000 keV,60,0,8230,4.419068442324311,5.225070540372818
Attentive CNP,m1,0,100,500,SE,Tl-208 SE 2103 keV,6,0,2023,10.590607325342276,15.202473778911884
Attentive CNP,m1,0,100,500,continuum_2200_2400,Continuum 2200-2400 keV,40,0,9093,7.996417642926662,8.947616454052817
Attentive CNP,m1,0,100,500,FE,Tl-208 FE 2614 keV,5,1,8709,5.059710071635171,5.5866907135816914
Attentive CNP,m1,0,100,500,sparse_tail,Sparse tail 2700-3000 keV,13,47,68,7.237626571209701,8.020488424370221
Attentive CNP,m1,0,101,500,full,Full 500-3000 keV,442,58,114299,5.086330398547534,6.778994368205041
Attentive CNP,m1,0,101,500,DEP,Tl-208 DEP 1592 keV,6,0,1323,7.1437242339172276,11.052521477235908
Attentive CNP,m1,0,101,500,Bi-214,Bi-212 1620.74-keV feature,6,0,1361,9.178735000593798,12.592229736590937
Attentive CNP,m1,0,101,500,continuum_1700_2000,Continuum 1700-2000 keV,60,0,8230,4.573154194001027,5.372058342222267
Attentive CNP,m1,0,101,500,SE,Tl-208 SE 2103 keV,6,0,2023,10.77397755274006,15.333263138906283
Attentive CNP,m1,0,101,500,continuum_2200_2400,Continuum 2200-2400 keV,40,0,9093,8.16020857621937,9.123814095848303
Attentive CNP,m1,0,101,500,FE,Tl-208 FE 2614 keV,5,1,8709,5.570703573600513,6.053665670548516
Attentive CNP,m1,0,101,500,sparse_tail,Sparse tail 2700-3000 keV,13,47,68,7.030460169880959,7.856500570484099
Attentive CNP,m1,0,102,500,full,Full 500-3000 keV,442,58,114299,5.085618801692479,6.77931613317381
Attentive CNP,m1,0,102,500,DEP,Tl-208 DEP 1592 keV,6,0,1323,7.1877267459677165,11.119461887252742
Attentive CNP,m1,0,102,500,Bi-214,Bi-212 1620.74-keV feature,6,0,1361,9.224670003036788,12.548055875912173
Attentive CNP,m1,0,102,500,continuum_1700_2000,Continuum 1700-2000 keV,60,0,8230,4.526623682777268,5.330638900639428
Attentive CNP,m1,0,102,500,SE,Tl-208 SE 2103 keV,6,0,2023,10.762394651976877,15.323539512413612
Attentive CNP,m1,0,102,500,continuum_2200_2400,Continuum 2200-2400 keV,40,0,9093,8.056571569387614,9.019493751167106
Attentive CNP,m1,0,102,500,FE,Tl-208 FE 2614 keV,5,1,8709,5.353379666089437,5.853157188165877
Attentive CNP,m1,0,102,500,sparse_tail,Sparse tail 2700-3000 keV,13,47,68,7.1245680799242646,7.929409100413731
Attentive CNP,m1,0,103,500,full,Full 500-3000 keV,442,58,114299,5.122997814401461,6.803328085127304
Attentive CNP,m1,0,103,500,DEP,Tl-208 DEP 1592 keV,6,0,1323,7.322181900301674,11.326776940463382
Attentive CNP,m1,0,103,500,Bi-214,Bi-212 1620.74-keV feature,6,0,1361,9.359482466750714,12.418255635723384
Attentive CNP,m1,0,103,500,continuum_1700_2000,Continuum 1700-2000 keV,60,0,8230,4.391821257589705,5.195045360879924
Attentive CNP,m1,0,103,500,SE,Tl-208 SE 2103 keV,6,0,2023,10.465752175524203,15.115962380129952
Attentive CNP,m1,0,103,500,continuum_2200_2400,Continuum 2200-2400 keV,40,0,9093,8.099418743508435,9.041435956168895
Attentive CNP,m1,0,103,500,FE,Tl-208 FE 2614 keV,5,1,8709,5.126351581547108,5.644823353415466
Attentive CNP,m1,0,103,500,sparse_tail,Sparse tail 2700-3000 keV,13,47,68,7.203127138697848,7.9933551917292
Attentive CNP,m1,0,104,500,full,Full 500-3000 keV,442,58,114299,5.095491001405286,6.781501478603752
Attentive CNP,m1,0,104,500,DEP,Tl-208 DEP 1592 keV,6,0,1323,7.223271289049503,11.174115937992962
Attentive CNP,m1,0,104,500,Bi-214,Bi-212 1620.74-keV feature,6,0,1361,9.261356031847706,12.511224493986889
Attentive CNP,m1,0,104,500,continuum_1700_2000,Continuum 1700-2000 keV,60,0,8230,4.482311262974722,5.28661837066163
Attentive CNP,m1,0,104,500,SE,Tl-208 SE 2103 keV,6,0,2023,10.648596379377638,15.244435387670194
Attentive CNP,m1,0,104,500,continuum_2200_2400,Continuum 2200-2400 keV,40,0,9093,8.149652560493594,9.106648643221856
Attentive CNP,m1,0,104,500,FE,Tl-208 FE 2614 keV,5,1,8709,5.556312403023025,6.040980777856971
Attentive CNP,m1,0,104,500,sparse_tail,Sparse tail 2700-3000 keV,13,47,68,7.022108418546702,7.851829867193145
Attentive CNP,m1,0,105,500,full,Full 500-3000 keV,442,58,114299,5.112639117366792,6.795463609098694
Attentive CNP,m1,0,105,500,DEP,Tl-208 DEP 1592 keV,6,0,1323,7.3218845593749515,11.326179129435413
Attentive CNP,m1,0,105,500,Bi-214,Bi-212 1620.74-keV feature,6,0,1361,9.358358498736331,12.419173772311149
Attentive CNP,m1,0,105,500,continuum_1700_2000,Continuum 1700-2000 keV,60,0,8230,4.3954686492459185,5.200363271729669
Attentive CNP,m1,0,105,500,SE,Tl-208 SE 2103 keV,6,0,2023,10.522179539821996,15.155074794663777
Attentive CNP,m1,0,105,500,continuum_2200_2400,Continuum 2200-2400 keV,40,0,9093,8.045870440315708,8.993152025030563
Attentive CNP,m1,0,105,500,FE,Tl-208 FE 2614 keV,5,1,8709,5.17968407630698,5.694530292603125
Attentive CNP,m1,0,105,500,sparse_tail,Sparse tail 2700-3000 keV,13,47,68,7.169643643344709,7.968418289236255
Attentive CNP,m1,0,106,500,full,Full 500-3000 keV,442,58,114299,5.109019673425909,6.791737581647685
Attentive CNP,m1,0,106,500,DEP,Tl-208 DEP 1592 keV,6,0,1323,7.281702772018852,11.262535878221849
Attentive CNP,m1,0,106,500,Bi-214,Bi-212 1620.74-keV feature,6,0,1361,9.318633083738627,12.45671011317262
Attentive CNP,m1,0,106,500,continuum_1700_2000,Continuum 1700-2000 keV,60,0,8230,4.428190416075319,5.232348596057829
Attentive CNP,m1,0,106,500,SE,Tl-208 SE 2103 keV,6,0,2023,10.547609260283973,15.1735125711855
Attentive CNP,m1,0,106,500,continuum_2200_2400,Continuum 2200-2400 keV,40,0,9093,8.113874502509477,9.062712254110297
Attentive CNP,m1,0,106,500,FE,Tl-208 FE 2614 keV,5,1,8709,5.315046938251535,5.817232901800078
Attentive CNP,m1,0,106,500,sparse_tail,Sparse tail 2700-3000 keV,13,47,68,7.1198194758925695,7.926249346032531
Attentive CNP,m1,0,107,500,full,Full 500-3000 keV,442,58,114299,5.096210445290144,6.7823973708677485
Attentive CNP,m1,0,107,500,DEP,Tl-208 DEP 1592 keV,6,0,1323,7.243772953941602,11.205148177424443
Attentive CNP,m1,0,107,500,Bi-214,Bi-212 1620.74-keV feature,6,0,1361,9.282232219972087,12.491902946965643
Attentive CNP,m1,0,107,500,continuum_1700_2000,Continuum 1700-2000 keV,60,0,8230,4.462122480322015,5.2688436079941825
Attentive CNP,m1,0,107,500,SE,Tl-208 SE 2103 keV,6,0,2023,10.63717105009447,15.235970168015497
Attentive CNP,m1,0,107,500,continuum_2200_2400,Continuum 2200-2400 keV,40,0,9093,8.099721277144747,9.055369398715856
Attentive CNP,m1,0,107,500,FE,Tl-208 FE 2614 keV,5,1,8709,5.428086457681862,5.920881638912045
Attentive CNP,m1,0,107,500,sparse_tail,Sparse tail 2700-3000 keV,13,47,68,7.074305077166877,7.8917152033266325
Attentive CNP,m1,0,108,500,full,Full 500-3000 keV,442,58,114299,5.097939665280561,6.784275882152521
Attentive CNP,m1,0,108,500,DEP,Tl-208 DEP 1592 keV,6,0,1323,7.219073942102783,11.16662091602788
Attentive CNP,m1,0,108,500,Bi-214,Bi-212 1620.74-keV feature,6,0,1361,9.255582090820221,12.5154646219966
Attentive CNP,m1,0,108,500,continuum_1700_2000,Continuum 1700-2000 keV,60,0,8230,4.4869306385964745,5.290189812376511
Attentive CNP,m1,0,108,500,SE,Tl-208 SE 2103 keV,6,0,2023,10.638761120868317,15.237745183943572
Attentive CNP,m1,0,108,500,continuum_2200_2400,Continuum 2200-2400 keV,40,0,9093,8.146952870907024,9.101662982596089
Attentive CNP,m1,0,108,500,FE,Tl-208 FE 2614 keV,5,1,8709,5.465728170614095,5.9564591768683925
Attentive CNP,m1,0,108,500,sparse_tail,Sparse tail 2700-3000 keV,13,47,68,7.062452931200144,7.881630414470556
Attentive CNP,m1,0,109,500,full,Full 500-3000 keV,442,58,114299,5.100906106272873,6.787401722557062
Attentive CNP,m1,0,109,500,DEP,Tl-208 DEP 1592 keV,6,0,1323,7.270414582678324,11.247054439437768
Attentive CNP,m1,0,109,500,Bi-214,Bi-212 1620.74-keV feature,6,0,1361,9.309134351540576,12.46622029593117
Attentive CNP,m1,0,109,500,continuum_1700_2000,Continuum 1700-2000 keV,60,0,8230,4.4388804619076145,5.244970712475809
Attentive CNP,m1,0,109,500,SE,Tl-208 SE 2103 keV,6,0,2023,10.606437887096964,15.213801094027406
Attentive CNP,m1,0,109,500,continuum_2200_2400,Continuum 2200-2400 keV,40,0,9093,8.056269976645732,9.008944541792681
Attentive CNP,m1,0,109,500,FE,Tl-208 FE 2614 keV,5,1,8709,5.27029346254587,5.77699636426244
Attentive CNP,m1,0,109,500,sparse_tail,Sparse tail 2700-3000 keV,13,47,68,7.1369780257751145,7.941401712160767
Attentive CNP,m1,0,100,1000,full,Full 500-3000 keV,442,58,114299,5.117727576081117,6.80260621902469
Attentive CNP,m1,0,100,1000,DEP,Tl-208 DEP 1592 keV,6,0,1323,7.296741730562546,11.297097073736063
Attentive CNP,m1,0,100,1000,Bi-214,Bi-212 1620.74-keV feature,6,0,1361,9.370576181292629,12.433405111985635
Attentive CNP,m1,0,100,1000,continuum_1700_2000,Continuum 1700-2000 keV,60,0,8230,4.3950635295198355,5.202172429801952
Attentive CNP,m1,0,100,1000,SE,Tl-208 SE 2103 keV,6,0,2023,10.536312680944599,15.166255309818776
Attentive CNP,m1,0,100,1000,continuum_2200_2400,Continuum 2200-2400 keV,40,0,9093,8.0341875125326,8.985394764756203
Attentive CNP,m1,0,100,1000,FE,Tl-208 FE 2614 keV,5,1,8709,5.193255076906582,5.734646623871599
Attentive CNP,m1,0,100,1000,sparse_tail,Sparse tail 2700-3000 keV,13,47,68,7.294295381762633,8.073703404624172
Attentive CNP,m1,0,101,1000,full,Full 500-3000 keV,442,58,114299,5.086733864558612,6.782279663642214
Attentive CNP,m1,0,101,1000,DEP,Tl-208 DEP 1592 keV,6,0,1323,7.170193873120521,11.099634649329925
Attentive CNP,m1,0,101,1000,Bi-214,Bi-212 1620.74-keV feature,6,0,1361,9.243619077636346,12.556173880342556
Attentive CNP,m1,0,101,1000,continuum_1700_2000,Continuum 1700-2000 keV,60,0,8230,4.523822980703176,5.329075352138404
Attentive CNP,m1,0,101,1000,SE,Tl-208 SE 2103 keV,6,0,2023,10.777998385019675,15.3364568027344
Attentive CNP,m1,0,101,1000,continuum_2200_2400,Continuum 2200-2400 keV,40,0,9093,8.067945131450001,9.037131248576879
Attentive CNP,m1,0,101,1000,FE,Tl-208 FE 2614 keV,5,1,8709,5.524850603765481,6.036969083048338
Attentive CNP,m1,0,101,1000,sparse_tail,Sparse tail 2700-3000 keV,13,47,68,7.174766748878861,7.97591654915141
Attentive CNP,m1,0,102,1000,full,Full 500-3000 keV,442,58,114299,5.081151526757241,6.781260882835648
Attentive CNP,m1,0,102,1000,DEP,Tl-208 DEP 1592 keV,6,0,1323,7.117324405574539,11.02055494558819
Attentive CNP,m1,0,102,1000,Bi-214,Bi-212 1620.74-keV feature,6,0,1361,9.190786201687597,12.610259511695562
Attentive CNP,m1,0,102,1000,continuum_1700_2000,Continuum 1700-2000 keV,60,0,8230,4.58580853630722,5.386848035043864
Attentive CNP,m1,0,102,1000,SE,Tl-208 SE 2103 keV,6,0,2023,10.865756065210288,15.399013058990896
Attentive CNP,m1,0,102,1000,continuum_2200_2400,Continuum 2200-2400 keV,40,0,9093,8.058343694764131,9.032077698400787
Attentive CNP,m1,0,102,1000,FE,Tl-208 FE 2614 keV,5,1,8709,5.49721041415349,6.011359786155723
Attentive CNP,m1,0,102,1000,sparse_tail,Sparse tail 2700-3000 keV,13,47,68,7.194683782063402,7.991235441081909
Attentive CNP,m1,0,103,1000,full,Full 500-3000 keV,442,58,114299,5.115033347545786,6.799765618246691
Attentive CNP,m1,0,103,1000,DEP,Tl-208 DEP 1592 keV,6,0,1323,7.274648839459359,11.262161165044896
Attentive CNP,m1,0,103,1000,Bi-214,Bi-212 1620.74-keV feature,6,0,1361,9.349412445364457,12.454036657704865
Attentive CNP,m1,0,103,1000,continuum_1700_2000,Continuum 1700-2000 keV,60,0,8230,4.412038188940863,5.218778691955251
Attentive CNP,m1,0,103,1000,SE,Tl-208 SE 2103 keV,6,0,2023,10.54966036410922,15.17570438794138
Attentive CNP,m1,0,103,1000,continuum_2200_2400,Continuum 2200-2400 keV,40,0,9093,8.070464063954121,9.022277953442543
Attentive CNP,m1,0,103,1000,FE,Tl-208 FE 2614 keV,5,1,8709,5.278995279352083,5.8121286541560355
Attentive CNP,m1,0,103,1000,sparse_tail,Sparse tail 2700-3000 keV,13,47,68,7.258791835543208,8.045570180916588
Attentive CNP,m1,0,104,1000,full,Full 500-3000 keV,442,58,114299,5.106193125503798,6.791921955526456
Attentive CNP,m1,0,104,1000,DEP,Tl-208 DEP 1592 keV,6,0,1323,7.226490036896231,11.188113498455447
Attentive CNP,m1,0,104,1000,Bi-214,Bi-212 1620.74-keV feature,6,0,1361,9.302491247128302,12.498074304297845
Attentive CNP,m1,0,104,1000,continuum_1700_2000,Continuum 1700-2000 keV,60,0,8230,4.452257453688331,5.257982568208333
Attentive CNP,m1,0,104,1000,SE,Tl-208 SE 2103 keV,6,0,2023,10.585253407278472,15.201384643423838
Attentive CNP,m1,0,104,1000,continuum_2200_2400,Continuum 2200-2400 keV,40,0,9093,8.153098342226986,9.107909622134114
Attentive CNP,m1,0,104,1000,FE,Tl-208 FE 2614 keV,5,1,8709,5.553341682730439,6.063623677484513
Attentive CNP,m1,0,104,1000,sparse_tail,Sparse tail 2700-3000 keV,13,47,68,7.125761692093356,7.943163810911099
Attentive CNP,m1,0,105,1000,full,Full 500-3000 keV,442,58,114299,5.110583682159653,6.795552956763559
Attentive CNP,m1,0,105,1000,DEP,Tl-208 DEP 1592 keV,6,0,1323,7.274109487761667,11.260999969973016
Attentive CNP,m1,0,105,1000,Bi-214,Bi-212 1620.74-keV feature,6,0,1361,9.348432869718575,12.454305329053545
Attentive CNP,m1,0,105,1000,continuum_1700_2000,Continuum 1700-2000 keV,60,0,8230,4.4131860868727575,5.220291997226316
Attentive CNP,m1,0,105,1000,SE,Tl-208 SE 2103 keV,6,0,2023,10.562025322316133,15.184442557391192
Attentive CNP,m1,0,105,1000,continuum_2200_2400,Continuum 2200-2400 keV,40,0,9093,8.06745026224597,9.021073658746786
Attentive CNP,m1,0,105,1000,FE,Tl-208 FE 2614 keV,5,1,8709,5.360586035658528,5.887363687719373
Attentive CNP,m1,0,105,1000,sparse_tail,Sparse tail 2700-3000 keV,13,47,68,7.212094942875999,8.009334889830072
Attentive CNP,m1,0,106,1000,full,Full 500-3000 keV,442,58,114299,5.11402751368956,6.79883195502309
Attentive CNP,m1,0,106,1000,DEP,Tl-208 DEP 1592 keV,6,0,1323,7.261943196395758,11.242974230951837
Attentive CNP,m1,0,106,1000,Bi-214,Bi-212 1620.74-keV feature,6,0,1361,9.337063749169545,12.465232514332989
Attentive CNP,m1,0,106,1000,continuum_1700_2000,Continuum 1700-2000 keV,60,0,8230,4.421685724937677,5.227978877496466
Attentive CNP,m1,0,106,1000,SE,Tl-208 SE 2103 keV,6,0,2023,10.548343043472913,15.17498354080457
Attentive CNP,m1,0,106,1000,continuum_2200_2400,Continuum 2200-2400 keV,40,0,9093,8.099758715430223,9.051237880897725
Attentive CNP,m1,0,106,1000,FE,Tl-208 FE 2614 keV,5,1,8709,5.335865498959526,5.863514967615139
Attentive CNP,m1,0,106,1000,sparse_tail,Sparse tail 2700-3000 keV,13,47,68,7.229485075469956,8.02268725568743
Attentive CNP,m1,0,107,1000,full,Full 500-3000 keV,442,58,114299,5.08845629611085,6.783267980775562
Attentive CNP,m1,0,107,1000,DEP,Tl-208 DEP 1592 keV,6,0,1323,7.1674253776132195,11.09644150831082
Attentive CNP,m1,0,107,1000,Bi-214,Bi-212 1620.74-keV feature,6,0,1361,9.241560512096862,12.557924638483106
Attentive CNP,m1,0,107,1000,continuum_1700_2000,Continuum 1700-2000 keV,60,0,8230,4.522788612085533,5.327147450145151
Attentive CNP,m1,0,107,1000,SE,Tl-208 SE 2103 keV,6,0,2023,10.756332485898422,15.321477291081495
Attentive CNP,m1,0,107,1000,continuum_2200_2400,Continuum 2200-2400 keV,40,0,9093,8.083104810918046,9.049951422923195
Attentive CNP,m1,0,107,1000,FE,Tl-208 FE 2614 keV,5,1,8709,5.525590854639082,6.038499133004272
Attentive CNP,m1,0,107,1000,sparse_tail,Sparse tail 2700-3000 keV,13,47,68,7.165091927641673,7.969943030632528
Attentive CNP,m1,0,108,1000,full,Full 500-3000 keV,442,58,114299,5.09814785881195,6.789443669704482
Attentive CNP,m1,0,108,1000,DEP,Tl-208 DEP 1592 keV,6,0,1323,7.19718094097101,11.141334392599212
Attentive CNP,m1,0,108,1000,Bi-214,Bi-212 1620.74-keV feature,6,0,1361,9.271349865799642,12.528674426547104
Attentive CNP,m1,0,108,1000,continuum_1700_2000,Continuum 1700-2000 keV,60,0,8230,4.489393801937213,5.294527178444292
Attentive CNP,m1,0,108,1000,SE,Tl-208 SE 2103 keV,6,0,2023,10.684951689313149,15.270812934989703
Attentive CNP,m1,0,108,1000,continuum_2200_2400,Continuum 2200-2400 keV,40,0,9093,8.092368450728154,9.053465367718609
Attentive CNP,m1,0,108,1000,FE,Tl-208 FE 2614 keV,5,1,8709,5.430987263737572,5.951055627504758
Attentive CNP,m1,0,108,1000,sparse_tail,Sparse tail 2700-3000 keV,13,47,68,7.206066025343488,8.001997123601999
Attentive CNP,m1,0,109,1000,full,Full 500-3000 keV,442,58,114299,5.093993046612374,6.786286294918252
Attentive CNP,m1,0,109,1000,DEP,Tl-208 DEP 1592 keV,6,0,1323,7.207076028285063,11.157117804615382
Attentive CNP,m1,0,109,1000,Bi-214,Bi-212 1620.74-keV feature,6,0,1361,9.28224323532515,12.519096306534061
Attentive CNP,m1,0,109,1000,continuum_1700_2000,Continuum 1700-2000 keV,60,0,8230,4.480122604286739,5.287237891484694
Attentive CNP,m1,0,109,1000,SE,Tl-208 SE 2103 keV,6,0,2023,10.700830831879815,15.28186369879129
Attentive CNP,m1,0,109,1000,continuum_2200_2400,Continuum 2200-2400 keV,40,0,9093,8.050159010474182,9.013057251694649
Attentive CNP,m1,0,109,1000,FE,Tl-208 FE 2614 keV,5,1,8709,5.421254779788283,5.941624247243208
Attentive CNP,m1,0,109,1000,sparse_tail,Sparse tail 2700-3000 keV,13,47,68,7.199006443954106,7.997409420673353
Attentive CNP,m1,0,100,2000,full,Full 500-3000 keV,442,58,114299,5.124803653138113,6.812016434889936
Attentive CNP,m1,0,100,2000,DEP,Tl-208 DEP 1592 keV,6,0,1323,7.295997257488733,11.279001367779957
Attentive CNP,m1,0,100,2000,Bi-214,Bi-212 1620.74-keV feature,6,0,1361,9.342966025470245,12.445416987886057
Attentive CNP,m1,0,100,2000,continuum_1700_2000,Continuum 1700-2000 keV,60,0,8230,4.407894609663972,5.2164864955258325
Attentive CNP,m1,0,100,2000,SE,Tl-208 SE 2103 keV,6,0,2023,10.54520376461035,15.172413475293133
Attentive CNP,m1,0,100,2000,continuum_2200_2400,Continuum 2200-2400 keV,40,0,9093,8.063421946202675,9.010260375027297
Attentive CNP,m1,0,100,2000,FE,Tl-208 FE 2614 keV,5,1,8709,5.336131529233566,5.894540618706613
Attentive CNP,m1,0,100,2000,sparse_tail,Sparse tail 2700-3000 keV,13,47,68,7.2978324515365784,8.16224983980884
Attentive CNP,m1,0,101,2000,full,Full 500-3000 keV,442,58,114299,5.115604750278868,6.804794925265624
Attentive CNP,m1,0,101,2000,DEP,Tl-208 DEP 1592 keV,6,0,1323,7.266744256517289,11.232452213773318
Attentive CNP,m1,0,101,2000,Bi-214,Bi-212 1620.74-keV feature,6,0,1361,9.312930113028155,12.473096904399945
Attentive CNP,m1,0,101,2000,continuum_1700_2000,Continuum 1700-2000 keV,60,0,8230,4.434832838126799,5.24499121626885
Attentive CNP,m1,0,101,2000,SE,Tl-208 SE 2103 keV,6,0,2023,10.609994776344385,15.217855809102405
Attentive CNP,m1,0,101,2000,continuum_2200_2400,Continuum 2200-2400 keV,40,0,9093,8.071541042764228,9.023734995499893
Attentive CNP,m1,0,101,2000,FE,Tl-208 FE 2614 keV,5,1,8709,5.455958563158266,6.003165270913051
Attentive CNP,m1,0,101,2000,sparse_tail,Sparse tail 2700-3000 keV,13,47,68,7.256351101664689,8.128784936123573
Attentive CNP,m1,0,102,2000,full,Full 500-3000 keV,442,58,114299,5.103013073839575,6.79807463331164
Attentive CNP,m1,0,102,2000,DEP,Tl-208 DEP 1592 keV,6,0,1323,7.197693293091451,11.124999073719502
Attentive CNP,m1,0,102,2000,Bi-214,Bi-212 1620.74-keV feature,6,0,1361,9.24315100403857,12.541443553271204
Attentive CNP,m1,0,102,2000,continuum_1700_2000,Continuum 1700-2000 keV,60,0,8230,4.508743302554522,5.314681972284525
Attentive CNP,m1,0,102,2000,SE,Tl-208 SE 2103 keV,6,0,2023,10.726483545819987,15.300545215431141
Attentive CNP,m1,0,102,2000,continuum_2200_2400,Continuum 2200-2400 keV,40,0,9093,8.0748416617582,9.034034650076343
Attentive CNP,m1,0,102,2000,FE,Tl-208 FE 2614 keV,5,1,8709,5.513884220010454,6.055279172290743
Attentive CNP,m1,0,102,2000,sparse_tail,Sparse tail 2700-3000 keV,13,47,68,7.239775184435183,8.113896900556359
Attentive CNP,m1,0,103,2000,full,Full 500-3000 keV,442,58,114299,5.117751688203564,6.807195731236042
Attentive CNP,m1,0,103,2000,DEP,Tl-208 DEP 1592 keV,6,0,1323,7.2741545105968015,11.243820294212869
Attentive CNP,m1,0,103,2000,Bi-214,Bi-212 1620.74-keV feature,6,0,1361,9.32047378200873,12.466317242549875
Attentive CNP,m1,0,103,2000,continuum_1700_2000,Continuum 1700-2000 keV,60,0,8230,4.428438330697344,5.238453914623741
Attentive CNP,m1,0,103,2000,SE,Tl-208 SE 2103 keV,6,0,2023,10.597333631901195,15.208860260240101
Attentive CNP,m1,0,103,2000,continuum_2200_2400,Continuum 2200-2400 keV,40,0,9093,8.061849118540685,9.012747428722836
Attentive CNP,m1,0,103,2000,FE,Tl-208 FE 2614 keV,5,1,8709,5.391757586614363,5.944760332082478
Attentive CNP,m1,0,103,2000,sparse_tail,Sparse tail 2700-3000 keV,13,47,68,7.284119541491303,8.150431633336094
Attentive CNP,m1,0,104,2000,full,Full 500-3000 keV,442,58,114299,5.1226289314720255,6.80878034985259
Attentive CNP,m1,0,104,2000,DEP,Tl-208 DEP 1592 keV,6,0,1323,7.271385526558754,11.240396527229295
Attentive CNP,m1,0,104,2000,Bi-214,Bi-212 1620.74-keV feature,6,0,1361,9.31808141261391,12.468417201861634
Attentive CNP,m1,0,104,2000,continuum_1700_2000,Continuum 1700-2000 keV,60,0,8230,4.42734992033194,5.235625249467949
Attentive CNP,m1,0,104,2000,SE,Tl-208 SE 2103 keV,6,0,2023,10.551583498003003,15.177448834625332
Attentive CNP,m1,0,104,2000,continuum_2200_2400,Continuum 2200-2400 keV,40,0,9093,8.11942240537883,9.066697826793419
Attentive CNP,m1,0,104,2000,FE,Tl-208 FE 2614 keV,5,1,8709,5.478020450105041,6.023436174073327
Attentive CNP,m1,0,104,2000,sparse_tail,Sparse tail 2700-3000 keV,13,47,68,7.231316258734031,8.111635561991383
Attentive CNP,m1,0,105,2000,full,Full 500-3000 keV,442,58,114299,5.116794674093591,6.805936371026807
Attentive CNP,m1,0,105,2000,DEP,Tl-208 DEP 1592 keV,6,0,1323,7.261566547738239,11.224216996557425
Attentive CNP,m1,0,105,2000,Bi-214,Bi-212 1620.74-keV feature,6,0,1361,9.307357368327294,12.478213912738852
Attentive CNP,m1,0,105,2000,continuum_1700_2000,Continuum 1700-2000 keV,60,0,8230,4.439103030665286,5.248409947898051
Attentive CNP,m1,0,105,2000,SE,Tl-208 SE 2103 keV,6,0,2023,10.600790373516187,15.211616684634318
Attentive CNP,m1,0,105,2000,continuum_2200_2400,Continuum 2200-2400 keV,40,0,9093,8.079375422139393,9.030083149282222
Attentive CNP,m1,0,105,2000,FE,Tl-208 FE 2614 keV,5,1,8709,5.434343744352359,5.98337428415748
Attentive CNP,m1,0,105,2000,sparse_tail,Sparse tail 2700-3000 keV,13,47,68,7.257653393286933,8.130874793284576
Attentive CNP,m1,0,106,2000,full,Full 500-3000 keV,442,58,114299,5.119863191625178,6.8087553002846635
Attentive CNP,m1,0,106,2000,DEP,Tl-208 DEP 1592 keV,6,0,1323,7.258362370669529,11.219412382385622
Attentive CNP,m1,0,106,2000,Bi-214,Bi-212 1620.74-keV feature,6,0,1361,9.304607392225622,12.481325752580137
Attentive CNP,m1,0,106,2000,continuum_1700_2000,Continuum 1700-2000 keV,60,0,8230,4.441524379913172,5.250053648731741
Attentive CNP,m1,0,106,2000,SE,Tl-208 SE 2103 keV,6,0,2023,10.586445580492994,15.201803021387835
Attentive CNP,m1,0,106,2000,continuum_2200_2400,Continuum 2200-2400 keV,40,0,9093,8.096864538056883,9.045753493720476
Attentive CNP,m1,0,106,2000,FE,Tl-208 FE 2614 keV,5,1,8709,5.408671253183724,5.960495861399679
Attentive CNP,m1,0,106,2000,sparse_tail,Sparse tail 2700-3000 keV,13,47,68,7.268622811921826,8.139905316550374
Attentive CNP,m1,0,107,2000,full,Full 500-3000 keV,442,58,114299,5.105046555387097,6.798955819626344
Attentive CNP,m1,0,107,2000,DEP,Tl-208 DEP 1592 keV,6,0,1323,7.212295214892589,11.147640882316638
Attentive CNP,m1,0,107,2000,Bi-214,Bi-212 1620.74-keV feature,6,0,1361,9.257650723349679,12.526476525529281
Attentive CNP,m1,0,107,2000,continuum_1700_2000,Continuum 1700-2000 keV,60,0,8230,4.493521467395765,5.300556648737907
Attentive CNP,m1,0,107,2000,SE,Tl-208 SE 2103 keV,6,0,2023,10.70918736334226,15.288082328589446
Attentive CNP,m1,0,107,2000,continuum_2200_2400,Continuum 2200-2400 keV,40,0,9093,8.073625284110722,9.032230551063776
Attentive CNP,m1,0,107,2000,FE,Tl-208 FE 2614 keV,5,1,8709,5.514328616873394,6.056105632146939
Attentive CNP,m1,0,107,2000,sparse_tail,Sparse tail 2700-3000 keV,13,47,68,7.242244971757948,8.116789115882309
Attentive CNP,m1,0,108,2000,full,Full 500-3000 keV,442,58,114299,5.107125235874694,6.800370084171821
Attentive CNP,m1,0,108,2000,DEP,Tl-208 DEP 1592 keV,6,0,1323,7.2191425514666605,11.158515668755248
Attentive CNP,m1,0,108,2000,Bi-214,Bi-212 1620.74-keV feature,6,0,1361,9.265373530984517,12.519665266933
Attentive CNP,m1,0,108,2000,continuum_1700_2000,Continuum 1700-2000 keV,60,0,8230,4.485537302613792,5.293056765939991
Attentive CNP,m1,0,108,2000,SE,Tl-208 SE 2103 keV,6,0,2023,10.695516558051267,15.278482617575953
Attentive CNP,m1,0,108,2000,continuum_2200_2400,Continuum 2200-2400 keV,40,0,9093,8.072103262052433,9.029626725155532
Attentive CNP,m1,0,108,2000,FE,Tl-208 FE 2614 keV,5,1,8709,5.484934304056623,6.029037645250734
Attentive CNP,m1,0,108,2000,sparse_tail,Sparse tail 2700-3000 keV,13,47,68,7.256862265520617,8.127338329959754
Attentive CNP,m1,0,109,2000,full,Full 500-3000 keV,442,58,114299,5.108053472530735,6.800875232394637
Attentive CNP,m1,0,109,2000,DEP,Tl-208 DEP 1592 keV,6,0,1323,7.228746237340128,11.172919888992675
Attentive CNP,m1,0,109,2000,Bi-214,Bi-212 1620.74-keV feature,6,0,1361,9.274383622303823,12.510116294601112
Attentive CNP,m1,0,109,2000,continuum_1700_2000,Continuum 1700-2000 keV,60,0,8230,4.4749586562400445,5.283089040895495
Attentive CNP,m1,0,109,2000,SE,Tl-208 SE 2103 keV,6,0,2023,10.67840282013086,15.266268274356612
Attentive CNP,m1,0,109,2000,continuum_2200_2400,Continuum 2200-2400 keV,40,0,9093,8.063948503974016,9.019990050502194
Attentive CNP,m1,0,109,2000,FE,Tl-208 FE 2614 keV,5,1,8709,5.4683411537861675,6.014126936504666
Attentive CNP,m1,0,109,2000,sparse_tail,Sparse tail 2700-3000 keV,13,47,68,7.251946746031013,8.125812544089971
Attentive CNP,m1,1,100,250,full,Full 500-3000 keV,442,58,114299,4.9748996495178694,6.58543770459686
Attentive CNP,m1,1,100,250,DEP,Tl-208 DEP 1592 keV,6,0,1323,7.4674839010757275,11.432628669802185
Attentive CNP,m1,1,100,250,Bi-214,Bi-212 1620.74-keV feature,6,0,1361,9.459882635817586,12.351188724601078
Attentive CNP,m1,1,100,250,continuum_1700_2000,Continuum 1700-2000 keV,60,0,8230,4.247711021775832,5.082370622227653
Attentive CNP,m1,1,100,250,SE,Tl-208 SE 2103 keV,6,0,2023,11.028265586512436,15.490966112411325
Attentive CNP,m1,1,100,250,continuum_2200_2400,Continuum 2200-2400 keV,40,0,9093,6.529525402793114,7.531306410760302
Attentive CNP,m1,1,100,250,FE,Tl-208 FE 2614 keV,5,1,8709,6.538409867220639,7.005888541699642
Attentive CNP,m1,1,100,250,sparse_tail,Sparse tail 2700-3000 keV,13,47,68,7.496341177043162,8.355299318872248
Attentive CNP,m1,1,101,250,full,Full 500-3000 keV,442,58,114299,4.975786392760755,6.586831336159532
Attentive CNP,m1,1,101,250,DEP,Tl-208 DEP 1592 keV,6,0,1323,7.302160772567053,11.275049321675743
Attentive CNP,m1,1,101,250,Bi-214,Bi-212 1620.74-keV feature,6,0,1361,9.361542438381653,12.43920572374617
Attentive CNP,m1,1,101,250,continuum_1700_2000,Continuum 1700-2000 keV,60,0,8230,4.330569039117723,5.149337836920051
Attentive CNP,m1,1,101,250,SE,Tl-208 SE 2103 keV,6,0,2023,11.14328913218351,15.574000484099912
Attentive CNP,m1,1,101,250,continuum_2200_2400,Continuum 2200-2400 keV,40,0,9093,6.704598892929563,7.72110058016345
Attentive CNP,m1,1,101,250,FE,Tl-208 FE 2614 keV,5,1,8709,6.791566532362589,7.242875294578634
Attentive CNP,m1,1,101,250,sparse_tail,Sparse tail 2700-3000 keV,13,47,68,7.367405086015257,8.246838697419463
Attentive CNP,m1,1,102,250,full,Full 500-3000 keV,442,58,114299,4.971144118821354,6.583736457782669
Attentive CNP,m1,1,102,250,DEP,Tl-208 DEP 1592 keV,6,0,1323,7.3620611834993674,11.347517449572859
Attentive CNP,m1,1,102,250,Bi-214,Bi-212 1620.74-keV feature,6,0,1361,9.406888708275977,12.398412820487865
Attentive CNP,m1,1,102,250,continuum_1700_2000,Continuum 1700-2000 keV,60,0,8230,4.297076206732818,5.122000781825158
Attentive CNP,m1,1,102,250,SE,Tl-208 SE 2103 keV,6,0,2023,11.125142076964991,15.560507270630508
Attentive CNP,m1,1,102,250,continuum_2200_2400,Continuum 2200-2400 keV,40,0,9093,6.607890185136872,7.620271569979501
Attentive CNP,m1,1,102,250,FE,Tl-208 FE 2614 keV,5,1,8709,6.676700765509491,7.1359821612084495
Attentive CNP,m1,1,102,250,sparse_tail,Sparse tail 2700-3000 keV,13,47,68,7.414002070425771,8.287216214654492
Attentive CNP,m1,1,103,250,full,Full 500-3000 keV,442,58,114299,4.974198535875742,6.5848987703945445
Attentive CNP,m1,1,103,250,DEP,Tl-208 DEP 1592 keV,6,0,1323,7.454135777436354,11.421524308369392
Attentive CNP,m1,1,103,250,Bi-214,Bi-212 1620.74-keV feature,6,0,1361,9.453515198140877,12.356871885041587
Attentive CNP,m1,1,103,250,continuum_1700_2000,Continuum 1700-2000 keV,60,0,8230,4.253230322526426,5.086234297937283
Attentive CNP,m1,1,103,250,SE,Tl-208 SE 2103 keV,6,0,2023,11.033319702116282,15.4945837604399
Attentive CNP,m1,1,103,250,continuum_2200_2400,Continuum 2200-2400 keV,40,0,9093,6.519125147454292,7.520374015180646
Attentive CNP,m1,1,103,250,FE,Tl-208 FE 2614 keV,5,1,8709,6.525549822872071,6.994329950270033
Attentive CNP,m1,1,103,250,sparse_tail,Sparse tail 2700-3000 keV,13,47,68,7.504407363592147,8.360348706985736
Attentive CNP,m1,1,104,250,full,Full 500-3000 keV,442,58,114299,4.976791770599686,6.584957469301187
Attentive CNP,m1,1,104,250,DEP,Tl-208 DEP 1592 keV,6,0,1323,7.403526531812192,11.380932481458851
Attentive CNP,m1,1,104,250,Bi-214,Bi-212 1620.74-keV feature,6,0,1361,9.429523702874343,12.378804557972904
Attentive CNP,m1,1,104,250,continuum_1700_2000,Continuum 1700-2000 keV,60,0,8230,4.2709443361622,5.0991018324164745
Attentive CNP,m1,1,104,250,SE,Tl-208 SE 2103 keV,6,0,2023,11.04185648431173,15.500963743910784
Attentive CNP,m1,1,104,250,continuum_2200_2400,Continuum 2200-2400 keV,40,0,9093,6.607770277025004,7.612498627872773
Attentive CNP,m1,1,104,250,FE,Tl-208 FE 2614 keV,5,1,8709,6.680538180469747,7.139199157469692
Attentive CNP,m1,1,104,250,sparse_tail,Sparse tail 2700-3000 keV,13,47,68,7.415470855397886,8.287133375009889
Attentive CNP,m1,1,105,250,full,Full 500-3000 keV,442,58,114299,4.973448068138781,6.585129064911431
Attentive CNP,m1,1,105,250,DEP,Tl-208 DEP 1592 keV,6,0,1323,7.498083415092832,11.457129363478195
Attentive CNP,m1,1,105,250,Bi-214,Bi-212 1620.74-keV feature,6,0,1361,9.475390663698578,12.338366477317795
Attentive CNP,m1,1,105,250,continuum_1700_2000,Continuum 1700-2000 keV,60,0,8230,4.237335418789842,5.075237718597501
Attentive CNP,m1,1,105,250,SE,Tl-208 SE 2103 keV,6,0,2023,11.027711697839942,15.490232571929436
Attentive CNP,m1,1,105,250,continuum_2200_2400,Continuum 2200-2400 keV,40,0,9093,6.5019419294196705,7.5034410954063935
Attentive CNP,m1,1,105,250,FE,Tl-208 FE 2614 keV,5,1,8709,6.533607517727572,7.001171226233191
Attentive CNP,m1,1,105,250,sparse_tail,Sparse tail 2700-3000 keV,13,47,68,7.485092375924195,8.347257728881917
Attentive CNP,m1,1,106,250,full,Full 500-3000 keV,442,58,114299,4.971419675475715,6.583824722824572
Attentive CNP,m1,1,106,250,DEP,Tl-208 DEP 1592 keV,6,0,1323,7.36222051346812,11.347737284852858
Attentive CNP,m1,1,106,250,Bi-214,Bi-212 1620.74-keV feature,6,0,1361,9.407758511295466,12.398679262144551
Attentive CNP,m1,1,106,250,continuum_1700_2000,Continuum 1700-2000 keV,60,0,8230,4.296408018359643,5.121178390847251
Attentive CNP,m1,1,106,250,SE,Tl-208 SE 2103 keV,6,0,2023,11.118029352319226,15.55580954182345
Attentive CNP,m1,1,106,250,continuum_2200_2400,Continuum 2200-2400 keV,40,0,9093,6.602634843050096,7.613970716912211
Attentive CNP,m1,1,106,250,FE,Tl-208 FE 2614 keV,5,1,8709,6.666215978972378,7.125221499693085
Attentive CNP,m1,1,106,250,sparse_tail,Sparse tail 2700-3000 keV,13,47,68,7.423850042969549,8.295183001916138
Attentive CNP,m1,1,107,250,full,Full 500-3000 keV,442,58,114299,4.973516560442752,6.5837583047578585
Attentive CNP,m1,1,107,250,DEP,Tl-208 DEP 1592 keV,6,0,1323,7.430041616628857,11.402757717832843
Attentive CNP,m1,1,107,250,Bi-214,Bi-212 1620.74-keV feature,6,0,1361,9.442614866630189,12.367354517608328
Attentive CNP,m1,1,107,250,continuum_1700_2000,Continuum 1700-2000 keV,60,0,8230,4.264533293362665,5.0953675250167425
Attentive CNP,m1,1,107,250,SE,Tl-208 SE 2103 keV,6,0,2023,11.063706575953397,15.516342965887528
Attentive CNP,m1,1,107,250,continuum_2200_2400,Continuum 2200-2400 keV,40,0,9093,6.571033493664165,7.577528705609958
Attentive CNP,m1,1,107,250,FE,Tl-208 FE 2614 keV,5,1,8709,6.642646241794595,7.102707253333292
Attentive CNP,m1,1,107,250,sparse_tail,Sparse tail 2700-3000 keV,13,47,68,7.426031897498634,8.297103279186379
Attentive CNP,m1,1,108,250,full,Full 500-3000 keV,442,58,114299,4.992018602413441,6.59441678330015
Attentive CNP,m1,1,108,250,DEP,Tl-208 DEP 1592 keV,6,0,1323,7.502579352196887,11.462809618588587
Attentive CNP,m1,1,108,250,Bi-214,Bi-212 1620.74-keV feature,6,0,1361,9.479950084711124,12.33507158150969
Attentive CNP,m1,1,108,250,continuum_1700_2000,Continuum 1700-2000 keV,60,0,8230,4.218317135605855,5.058561621782797
Attentive CNP,m1,1,108,250,SE,Tl-208 SE 2103 keV,6,0,2023,10.887223865635109,15.391171568837283
Attentive CNP,m1,1,108,250,continuum_2200_2400,Continuum 2200-2400 keV,40,0,9093,6.6365491245737,7.628985062060578
Attentive CNP,m1,1,108,250,FE,Tl-208 FE 2614 keV,5,1,8709,6.635727620117386,7.097501099735933
Attentive CNP,m1,1,108,250,sparse_tail,Sparse tail 2700-3000 keV,13,47,68,7.4447140305898145,8.309508312790461
Attentive CNP,m1,1,109,250,full,Full 500-3000 keV,442,58,114299,4.970260412103736,6.585893743458916
Attentive CNP,m1,1,109,250,DEP,Tl-208 DEP 1592 keV,6,0,1323,7.334848530889255,11.325871515972356
Attentive CNP,m1,1,109,250,Bi-214,Bi-212 1620.74-keV feature,6,0,1361,9.39282008465026,12.410221997296011
Attentive CNP,m1,1,109,250,continuum_1700_2000,Continuum 1700-2000 keV,60,0,8230,4.312768617640699,5.135941768399096
Attentive CNP,m1,1,109,250,SE,Tl-208 SE 2103 keV,6,0,2023,11.163126790032594,15.588370180142983
Attentive CNP,m1,1,109,250,continuum_2200_2400,Continuum 2200-2400 keV,40,0,9093,6.625562808097715,7.641434542934735
Attentive CNP,m1,1,109,250,FE,Tl-208 FE 2614 keV,5,1,8709,6.655681623964391,7.115554864769017
Attentive CNP,m1,1,109,250,sparse_tail,Sparse tail 2700-3000 keV,13,47,68,7.424577857350909,8.295640191535831
Attentive CNP,m1,1,100,500,full,Full 500-3000 keV,442,58,114299,4.965067050562001,6.581455865887969
Attentive CNP,m1,1,100,500,DEP,Tl-208 DEP 1592 keV,6,0,1323,7.365666936176458,11.347902622971395
Attentive CNP,m1,1,100,500,Bi-214,Bi-212 1620.74-keV feature,6,0,1361,9.412802460305091,12.39303775706095
Attentive CNP,m1,1,100,500,continuum_1700_2000,Continuum 1700-2000 keV,60,0,8230,4.296397863925236,5.123548987852514
Attentive CNP,m1,1,100,500,SE,Tl-208 SE 2103 keV,6,0,2023,11.135951252624594,15.561222047260781
Attentive CNP,m1,1,100,500,continuum_2200_2400,Continuum 2200-2400 keV,40,0,9093,6.584555612710749,7.591922821247471
Attentive CNP,m1,1,100,500,FE,Tl-208 FE 2614 keV,5,1,8709,6.491291242298902,6.939847016323775
Attentive CNP,m1,1,100,500,sparse_tail,Sparse tail 2700-3000 keV,13,47,68,7.3581672233995175,8.241512116519166
Attentive CNP,m1,1,101,500,full,Full 500-3000 keV,442,58,114299,4.968689066636002,6.581158891211443
Attentive CNP,m1,1,101,500,DEP,Tl-208 DEP 1592 keV,6,0,1323,7.277944636429727,11.268823722322189
Attentive CNP,m1,1,101,500,Bi-214,Bi-212 1620.74-keV feature,6,0,1361,9.3630027462074,12.43804083519099
Attentive CNP,m1,1,101,500,continuum_1700_2000,Continuum 1700-2000 keV,60,0,8230,4.331788240961563,5.15201782267798
Attentive CNP,m1,1,101,500,SE,Tl-208 SE 2103 keV,6,0,2023,11.152629000711384,15.573813603323883
Attentive CNP,m1,1,101,500,continuum_2200_2400,Continuum 2200-2400 keV,40,0,9093,6.678200435414225,7.689182000119523
Attentive CNP,m1,1,101,500,FE,Tl-208 FE 2614 keV,5,1,8709,6.671405449892435,7.1091628841190095
Attentive CNP,m1,1,101,500,sparse_tail,Sparse tail 2700-3000 keV,13,47,68,7.275835168072656,8.169390718881425
Attentive CNP,m1,1,102,500,full,Full 500-3000 keV,442,58,114299,4.966911780760013,6.582959354802827
Attentive CNP,m1,1,102,500,DEP,Tl-208 DEP 1592 keV,6,0,1323,7.2827747961484395,11.277611133273915
Attentive CNP,m1,1,102,500,Bi-214,Bi-212 1620.74-keV feature,6,0,1361,9.367334487469257,12.433418688565927
Attentive CNP,m1,1,102,500,continuum_1700_2000,Continuum 1700-2000 keV,60,0,8230,4.333079204487513,5.154680906702803
Attentive CNP,m1,1,102,500,SE,Tl-208 SE 2103 keV,6,0,2023,11.183771977374217,15.59598047187263
Attentive CNP,m1,1,102,500,continuum_2200_2400,Continuum 2200-2400 keV,40,0,9093,6.669076927710781,7.6831310719625705
Attentive CNP,m1,1,102,500,FE,Tl-208 FE 2614 keV,5,1,8709,6.612579067004368,7.053508046060822
Attentive CNP,m1,1,102,500,sparse_tail,Sparse tail 2700-3000 keV,13,47,68,7.299266006729735,8.190806747132171
Attentive CNP,m1,1,103,500,full,Full 500-3000 keV,442,58,114299,4.970896211842093,6.580696337097207
Attentive CNP,m1,1,103,500,DEP,Tl-208 DEP 1592 keV,6,0,1323,7.466813597739074,11.429202409877357
Attentive CNP,m1,1,103,500,Bi-214,Bi-212 1620.74-keV feature,6,0,1361,9.465571081815895,12.348082918918104
Attentive CNP,m1,1,103,500,continuum_1700_2000,Continuum 1700-2000 keV,60,0,8230,4.2434048801578035,5.080098501981699
Attentive CNP,m1,1,103,500,SE,Tl-208 SE 2103 keV,6,0,2023,11.005486964702344,15.46760655519424
Attentive CNP,m1,1,103,500,continuum_2200_2400,Continuum 2200-2400 keV,40,0,9093,6.515461182968851,7.509301047164126
Attentive CNP,m1,1,103,500,FE,Tl-208 FE 2614 keV,5,1,8709,6.4497587608402185,6.901428644037738
Attentive CNP,m1,1,103,500,sparse_tail,Sparse tail 2700-3000 keV,13,47,68,7.386989427078659,8.261702272296208
Attentive CNP,m1,1,104,500,full,Full 500-3000 keV,442,58,114299,4.967080372144283,6.577584668531824
Attentive CNP,m1,1,104,500,DEP,Tl-208 DEP 1592 keV,6,0,1323,7.377495485550821,11.356934222152692
Attentive CNP,m1,1,104,500,Bi-214,Bi-212 1620.74-keV feature,6,0,1361,9.420500077961142,12.387573278440634
Attentive CNP,m1,1,104,500,continuum_1700_2000,Continuum 1700-2000 keV,60,0,8230,4.283725082205795,5.111747889425998
Attentive CNP,m1,1,104,500,SE,Tl-208 SE 2103 keV,6,0,2023,11.086321533041199,15.525692819060108
Attentive CNP,m1,1,104,500,continuum_2200_2400,Continuum 2200-2400 keV,40,0,9093,6.576128483919325,7.578374262800927
Attentive CNP,m1,1,104,500,FE,Tl-208 FE 2614 keV,5,1,8709,6.582228472882284,7.025248922878174
Attentive CNP,m1,1,104,500,sparse_tail,Sparse tail 2700-3000 keV,13,47,68,7.3061891001125385,8.19465296799948
Attentive CNP,m1,1,105,500,full,Full 500-3000 keV,442,58,114299,4.964386622083669,6.577588139111564
Attentive CNP,m1,1,105,500,DEP,Tl-208 DEP 1592 keV,6,0,1323,7.443010560020085,11.410030933459408
Attentive CNP,m1,1,105,500,Bi-214,Bi-212 1620.74-keV feature,6,0,1361,9.452013342573656,12.35840413128094
Attentive CNP,m1,1,105,500,continuum_1700_2000,Continuum 1700-2000 keV,60,0,8230,4.260141293818295,5.09430932635052
Attentive CNP,m1,1,105,500,SE,Tl-208 SE 2103 keV,6,0,2023,11.074199734379754,15.516690722589837
Attentive CNP,m1,1,105,500,continuum_2200_2400,Continuum 2200-2400 keV,40,0,9093,6.501004528115592,7.500815036797177
Attentive CNP,m1,1,105,500,FE,Tl-208 FE 2614 keV,5,1,8709,6.464149687930436,6.914170374177288
Attentive CNP,m1,1,105,500,sparse_tail,Sparse tail 2700-3000 keV,13,47,68,7.362276321485796,8.24452170313922
Attentive CNP,m1,1,106,500,full,Full 500-3000 keV,442,58,114299,4.966993878269134,6.578259399054185
Attentive CNP,m1,1,106,500,DEP,Tl-208 DEP 1592 keV,6,0,1323,7.388152665326777,11.365685056964994
Attentive CNP,m1,1,106,500,Bi-214,Bi-212 1620.74-keV feature,6,0,1361,9.42529269937617,12.382944151614032
Attentive CNP,m1,1,106,500,continuum_1700_2000,Continuum 1700-2000 keV,60,0,8230,4.2803892549225555,5.109207537599334
Attentive CNP,m1,1,106,500,SE,Tl-208 SE 2103 keV,6,0,2023,11.086133225800692,15.52566969386385
Attentive CNP,m1,1,106,500,continuum_2200_2400,Continuum 2200-2400 keV,40,0,9093,6.571039685348339,7.573506505311645
Attentive CNP,m1,1,106,500,FE,Tl-208 FE 2614 keV,5,1,8709,6.5492176819957,6.9932206830756325
Attentive CNP,m1,1,106,500,sparse_tail,Sparse tail 2700-3000 keV,13,47,68,7.324178792618278,8.209633396223344
Attentive CNP,m1,1,107,500,full,Full 500-3000 keV,442,58,114299,4.966001891486736,6.577033216652168
Attentive CNP,m1,1,107,500,DEP,Tl-208 DEP 1592 keV,6,0,1323,7.406548359019805,11.380602660327293
Attentive CNP,m1,1,107,500,Bi-214,Bi-212 1620.74-keV feature,6,0,1361,9.434118477971982,12.374258213975674
Attentive CNP,m1,1,107,500,continuum_1700_2000,Continuum 1700-2000 keV,60,0,8230,4.272382878053108,5.1029104457582255
Attentive CNP,m1,1,107,500,SE,Tl-208 SE 2103 keV,6,0,2023,11.074746752421584,15.517236489664985
Attentive CNP,m1,1,107,500,continuum_2200_2400,Continuum 2200-2400 keV,40,0,9093,6.5398200587736905,7.540309832009559
Attentive CNP,m1,1,107,500,FE,Tl-208 FE 2614 keV,5,1,8709,6.526199811432673,6.972551788169948
Attentive CNP,m1,1,107,500,sparse_tail,Sparse tail 2700-3000 keV,13,47,68,7.3378627080110155,8.222343666257755
Attentive CNP,m1,1,108,500,full,Full 500-3000 keV,442,58,114299,4.969638578279867,6.578590043313919
Attentive CNP,m1,1,108,500,DEP,Tl-208 DEP 1592 keV,6,0,1323,7.376454728571464,11.356352344684732
Attentive CNP,m1,1,108,500,Bi-214,Bi-212 1620.74-keV feature,6,0,1361,9.419816560039505,12.387184501825951
Attentive CNP,m1,1,108,500,continuum_1700_2000,Continuum 1700-2000 keV,60,0,8230,4.280353246110344,5.108074410549866
Attentive CNP,m1,1,108,500,SE,Tl-208 SE 2103 keV,6,0,2023,11.060325605956152,15.507091922597297
Attentive CNP,m1,1,108,500,continuum_2200_2400,Continuum 2200-2400 keV,40,0,9093,6.593002127469778,7.593508407543246
Attentive CNP,m1,1,108,500,FE,Tl-208 FE 2614 keV,5,1,8709,6.585003489562309,7.028539510443897
Attentive CNP,m1,1,108,500,sparse_tail,Sparse tail 2700-3000 keV,13,47,68,7.313472029212359,8.200289413189617
Attentive CNP,m1,1,109,500,full,Full 500-3000 keV,442,58,114299,4.964186611582274,6.578399960691707
Attentive CNP,m1,1,109,500,DEP,Tl-208 DEP 1592 keV,6,0,1323,7.366180821398139,11.348103571267742
Attentive CNP,m1,1,109,500,Bi-214,Bi-212 1620.74-keV feature,6,0,1361,9.412804790626362,12.392785249699067
Attentive CNP,m1,1,109,500,continuum_1700_2000,Continuum 1700-2000 keV,60,0,8230,4.294118263999669,5.1213121532259125
Attentive CNP,m1,1,109,500,SE,Tl-208 SE 2103 keV,6,0,2023,11.127936259509424,15.555587338577759
Attentive CNP,m1,1,109,500,continuum_2200_2400,Continuum 2200-2400 keV,40,0,9093,6.5689623574522615,7.574733085408368
Attentive CNP,m1,1,109,500,FE,Tl-208 FE 2614 keV,5,1,8709,6.534904005342828,6.981084202241609
Attentive CNP,m1,1,109,500,sparse_tail,Sparse tail 2700-3000 keV,13,47,68,7.330314214556396,8.217656685787533
Attentive CNP,m1,1,100,1000,full,Full 500-3000 keV,442,58,114299,4.96899954790959,6.585801107100424
Attentive CNP,m1,1,100,1000,DEP,Tl-208 DEP 1592 keV,6,0,1323,7.398694867410055,11.377830121522837
Attentive CNP,m1,1,100,1000,Bi-214,Bi-212 1620.74-keV feature,6,0,1361,9.435014828723375,12.376724372222709
Attentive CNP,m1,1,100,1000,continuum_1700_2000,Continuum 1700-2000 keV,60,0,8230,4.274829741931086,5.10443067283709
Attentive CNP,m1,1,100,1000,SE,Tl-208 SE 2103 keV,6,0,2023,11.11981034993831,15.557463595952411
Attentive CNP,m1,1,100,1000,continuum_2200_2400,Continuum 2200-2400 keV,40,0,9093,6.5282880665896155,7.541305341594026
Attentive CNP,m1,1,100,1000,FE,Tl-208 FE 2614 keV,5,1,8709,6.530194589531764,6.995658436596129
Attentive CNP,m1,1,100,1000,sparse_tail,Sparse tail 2700-3000 keV,13,47,68,7.387038211699212,8.269805504953947
Attentive CNP,m1,1,101,1000,full,Full 500-3000 keV,442,58,114299,4.975853493740943,6.594273494970909
Attentive CNP,m1,1,101,1000,DEP,Tl-208 DEP 1592 keV,6,0,1323,7.298183576551985,11.267901091819175
Attentive CNP,m1,1,101,1000,Bi-214,Bi-212 1620.74-keV feature,6,0,1361,9.365404613065047,12.43889907481416
Attentive CNP,m1,1,101,1000,continuum_1700_2000,Continuum 1700-2000 keV,60,0,8230,4.335373446777824,5.155802365118969
Attentive CNP,m1,1,101,1000,SE,Tl-208 SE 2103 keV,6,0,2023,11.202870311489242,15.618099489403347
Attentive CNP,m1,1,101,1000,continuum_2200_2400,Continuum 2200-2400 keV,40,0,9093,6.704733496703652,7.731160739978289
Attentive CNP,m1,1,101,1000,FE,Tl-208 FE 2614 keV,5,1,8709,6.688307509564914,7.143234243683719
Attentive CNP,m1,1,101,1000,sparse_tail,Sparse tail 2700-3000 keV,13,47,68,7.313699945512569,8.206562997312735
Attentive CNP,m1,1,102,1000,full,Full 500-3000 keV,442,58,114299,4.976723183321087,6.595508733976001
Attentive CNP,m1,1,102,1000,DEP,Tl-208 DEP 1592 keV,6,0,1323,7.282797356543242,11.244011878824963
Attentive CNP,m1,1,102,1000,Bi-214,Bi-212 1620.74-keV feature,6,0,1361,9.349999323956371,12.453100183801633
Attentive CNP,m1,1,102,1000,continuum_1700_2000,Continuum 1700-2000 keV,60,0,8230,4.3480192954945,5.167070603054056
Attentive CNP,m1,1,102,1000,SE,Tl-208 SE 2103 keV,6,0,2023,11.217883132668465,15.629172951543005
Attentive CNP,m1,1,102,1000,continuum_2200_2400,Continuum 2200-2400 keV,40,0,9093,6.725782502095997,7.7537785885905794
Attentive CNP,m1,1,102,1000,FE,Tl-208 FE 2614 keV,5,1,8709,6.700421198336816,7.154749905372664
Attentive CNP,m1,1,102,1000,sparse_tail,Sparse tail 2700-3000 keV,13,47,68,7.313322474641648,8.205408123201522
Attentive CNP,m1,1,103,1000,full,Full 500-3000 keV,442,58,114299,4.970326946136224,6.584467502309929
Attentive CNP,m1,1,103,1000,DEP,Tl-208 DEP 1592 keV,6,0,1323,7.422813007115607,11.397050637538147
Attentive CNP,m1,1,103,1000,Bi-214,Bi-212 1620.74-keV feature,6,0,1361,9.44768042860457,12.36604000890065
Attentive CNP,m1,1,103,1000,continuum_1700_2000,Continuum 1700-2000 keV,60,0,8230,4.259913360729262,5.091975360646721
Attentive CNP,m1,1,103,1000,SE,Tl-208 SE 2103 keV,6,0,2023,11.0794977642088,15.528164544911139
Attentive CNP,m1,1,103,1000,continuum_2200_2400,Continuum 2200-2400 keV,40,0,9093,6.50506333929199,7.513816990454701
Attentive CNP,m1,1,103,1000,FE,Tl-208 FE 2614 keV,5,1,8709,6.525663489314304,6.990854874962832
Attentive CNP,m1,1,103,1000,sparse_tail,Sparse tail 2700-3000 keV,13,47,68,7.388661576767176,8.269843895512038
Attentive CNP,m1,1,104,1000,full,Full 500-3000 keV,442,58,114299,4.972517676195879,6.583956235763135
Attentive CNP,m1,1,104,1000,DEP,Tl-208 DEP 1592 keV,6,0,1323,7.38246524092014,11.364283299892417
Attentive CNP,m1,1,104,1000,Bi-214,Bi-212 1620.74-keV feature,6,0,1361,9.427606521706046,12.38298916264359
Attentive CNP,m1,1,104,1000,continuum_1700_2000,Continuum 1700-2000 keV,60,0,8230,4.272766715331587,5.101066716043607
Attentive CNP,m1,1,104,1000,SE,Tl-208 SE 2103 keV,6,0,2023,11.078050665313881,15.527305315779175
Attentive CNP,m1,1,104,1000,continuum_2200_2400,Continuum 2200-2400 keV,40,0,9093,6.562669695194234,7.572853182132021
Attentive CNP,m1,1,104,1000,FE,Tl-208 FE 2614 keV,5,1,8709,6.633881602406806,7.092064773656011
Attentive CNP,m1,1,104,1000,sparse_tail,Sparse tail 2700-3000 keV,13,47,68,7.323528117375205,8.214754754666798
Attentive CNP,m1,1,105,1000,full,Full 500-3000 keV,442,58,114299,4.969012702566681,6.583548322928927
Attentive CNP,m1,1,105,1000,DEP,Tl-208 DEP 1592 keV,6,0,1323,7.413398208483872,11.389508065181696
Attentive CNP,m1,1,105,1000,Bi-214,Bi-212 1620.74-keV feature,6,0,1361,9.44216943447081,12.370027608705076
Attentive CNP,m1,1,105,1000,continuum_1700_2000,Continuum 1700-2000 keV,60,0,8230,4.265781011125772,5.096870769651098
Attentive CNP,m1,1,105,1000,SE,Tl-208 SE 2103 keV,6,0,2023,11.09811248695215,15.541763175403677
Attentive CNP,m1,1,105,1000,continuum_2200_2400,Continuum 2200-2400 keV,40,0,9093,6.511131865425682,7.522053546470958
Attentive CNP,m1,1,105,1000,FE,Tl-208 FE 2614 keV,5,1,8709,6.559935849481498,7.023184407335191
Attentive CNP,m1,1,105,1000,sparse_tail,Sparse tail 2700-3000 keV,13,47,68,7.363078212270467,8.250176354580068
Attentive CNP,m1,1,106,1000,full,Full 500-3000 keV,442,58,114299,4.970437440792015,6.584289444057304
Attentive CNP,m1,1,106,1000,DEP,Tl-208 DEP 1592 keV,6,0,1323,7.378681509274558,11.361315557842872
Attentive CNP,m1,1,106,1000,Bi-214,Bi-212 1620.74-keV feature,6,0,1361,9.42527576589497,12.38530655214172
Attentive CNP,m1,1,106,1000,continuum_1700_2000,Continuum 1700-2000 keV,60,0,8230,4.278238141092138,5.106075745862756
Attentive CNP,m1,1,106,1000,SE,Tl-208 SE 2103 keV,6,0,2023,11.103038979061958,15.545253660310768
Attentive CNP,m1,1,106,1000,continuum_2200_2400,Continuum 2200-2400 keV,40,0,9093,6.546409890992444,7.558062843085773
Attentive CNP,m1,1,106,1000,FE,Tl-208 FE 2614 keV,5,1,8709,6.581104193020375,7.042179316513701
Attentive CNP,m1,1,106,1000,sparse_tail,Sparse tail 2700-3000 keV,13,47,68,7.361258365357765,8.246449015637687
Attentive CNP,m1,1,107,1000,full,Full 500-3000 keV,442,58,114299,4.970086509077422,6.587033126919911
Attentive CNP,m1,1,107,1000,DEP,Tl-208 DEP 1592 keV,6,0,1323,7.315809511273476,11.29589664055268
Attentive CNP,m1,1,107,1000,Bi-214,Bi-212 1620.74-keV feature,6,0,1361,9.383733574911224,12.422342602963706
Attentive CNP,m1,1,107,1000,continuum_1700_2000,Continuum 1700-2000 keV,60,0,8230,4.317814720146952,5.139916114470109
Attentive CNP,m1,1,107,1000,SE,Tl-208 SE 2103 keV,6,0,2023,11.179056263199618,15.60055060893531
Attentive CNP,m1,1,107,1000,continuum_2200_2400,Continuum 2200-2400 keV,40,0,9093,6.620256999646124,7.640843923231118
Attentive CNP,m1,1,107,1000,FE,Tl-208 FE 2614 keV,5,1,8709,6.6550060599972705,7.111889752146573
Attentive CNP,m1,1,107,1000,sparse_tail,Sparse tail 2700-3000 keV,13,47,68,7.325268084561452,8.215817802876527
Attentive CNP,m1,1,108,1000,full,Full 500-3000 keV,442,58,114299,4.969648563603825,6.584769398276456
Attentive CNP,m1,1,108,1000,DEP,Tl-208 DEP 1592 keV,6,0,1323,7.330816174771981,11.319668158232284
Attentive CNP,m1,1,108,1000,Bi-214,Bi-212 1620.74-keV feature,6,0,1361,9.399185672955406,12.408526080079696
Attentive CNP,m1,1,108,1000,continuum_1700_2000,Continuum 1700-2000 keV,60,0,8230,4.301474411051575,5.1253224485652265
Attentive CNP,m1,1,108,1000,SE,Tl-208 SE 2103 keV,6,0,2023,11.144235504943852,15.575131782227627
Attentive CNP,m1,1,108,1000,continuum_2200_2400,Continuum 2200-2400 keV,40,0,9093,6.587475088207582,7.603949383502242
Attentive CNP,m1,1,108,1000,FE,Tl-208 FE 2614 keV,5,1,8709,6.636777679751282,7.0949089042858695
Attentive CNP,m1,1,108,1000,sparse_tail,Sparse tail 2700-3000 keV,13,47,68,7.332962795451755,8.222404938180894
Attentive CNP,m1,1,109,1000,full,Full 500-3000 keV,442,58,114299,4.967425198336302,6.58494399504835
Attentive CNP,m1,1,109,1000,DEP,Tl-208 DEP 1592 keV,6,0,1323,7.34086447193842,11.331035495676906
Attentive CNP,m1,1,109,1000,Bi-214,Bi-212 1620.74-keV feature,6,0,1361,9.405907353071425,12.402715241792079
Attentive CNP,m1,1,109,1000,continuum_1700_2000,Continuum 1700-2000 keV,60,0,8230,4.3001385584212155,5.125291568678232
Attentive CNP,m1,1,109,1000,SE,Tl-208 SE 2103 keV,6,0,2023,11.16313527421619,15.588804998261166
Attentive CNP,m1,1,109,1000,continuum_2200_2400,Continuum 2200-2400 keV,40,0,9093,6.564846139387039,7.582505545815358
Attentive CNP,m1,1,109,1000,FE,Tl-208 FE 2614 keV,5,1,8709,6.591613610582328,7.052256826922061
Attentive CNP,m1,1,109,1000,sparse_tail,Sparse tail 2700-3000 keV,13,47,68,7.352200392523697,8.240030288681385
Attentive CNP,m1,1,100,2000,full,Full 500-3000 keV,442,58,114299,4.967934794996888,6.58038759908008
Attentive CNP,m1,1,100,2000,DEP,Tl-208 DEP 1592 keV,6,0,1323,7.371798941211627,11.374584321841121
Attentive CNP,m1,1,100,2000,Bi-214,Bi-212 1620.74-keV feature,6,0,1361,9.422554986294264,12.381458678617516
Attentive CNP,m1,1,100,2000,continuum_1700_2000,Continuum 1700-2000 keV,60,0,8230,4.275606397812588,5.105858413320627
Attentive CNP,m1,1,100,2000,SE,Tl-208 SE 2103 keV,6,0,2023,11.08804691858366,15.543034016763308
Attentive CNP,m1,1,100,2000,continuum_2200_2400,Continuum 2200-2400 keV,40,0,9093,6.535367391182534,7.543739894400245
Attentive CNP,m1,1,100,2000,FE,Tl-208 FE 2614 keV,5,1,8709,6.530784566945683,6.988984806726053
Attentive CNP,m1,1,100,2000,sparse_tail,Sparse tail 2700-3000 keV,13,47,68,7.4402348390533115,8.310470578342414
Attentive CNP,m1,1,101,2000,full,Full 500-3000 keV,442,58,114299,4.968036143835759,6.5810572353513
Attentive CNP,m1,1,101,2000,DEP,Tl-208 DEP 1592 keV,6,0,1323,7.346187807045841,11.354351494995555
Attentive CNP,m1,1,101,2000,Bi-214,Bi-212 1620.74-keV feature,6,0,1361,9.410014372110306,12.39281181344665
Attentive CNP,m1,1,101,2000,continuum_1700_2000,Continuum 1700-2000 keV,60,0,8230,4.287223778882027,5.115446885793686
Attentive CNP,m1,1,101,2000,SE,Tl-208 SE 2103 keV,6,0,2023,11.109229414810908,15.558347614625983
Attentive CNP,m1,1,101,2000,continuum_2200_2400,Continuum 2200-2400 keV,40,0,9093,6.562482697130541,7.573562029378573
Attentive CNP,m1,1,101,2000,FE,Tl-208 FE 2614 keV,5,1,8709,6.560553220736518,7.017034642391236
Attentive CNP,m1,1,101,2000,sparse_tail,Sparse tail 2700-3000 keV,13,47,68,7.4257151678995745,8.297987521609224
Attentive CNP,m1,1,102,2000,full,Full 500-3000 keV,442,58,114299,4.96808835460107,6.581353442424813
Attentive CNP,m1,1,102,2000,DEP,Tl-208 DEP 1592 keV,6,0,1323,7.31140847055156,11.310322957049777
Attentive CNP,m1,1,102,2000,Bi-214,Bi-212 1620.74-keV feature,6,0,1361,9.382390386344671,12.417845575914924
Attentive CNP,m1,1,102,2000,continuum_1700_2000,Continuum 1700-2000 keV,60,0,8230,4.310038658644253,5.134413172823814
Attentive CNP,m1,1,102,2000,SE,Tl-208 SE 2103 keV,6,0,2023,11.139311328660597,15.580363900905
Attentive CNP,m1,1,102,2000,continuum_2200_2400,Continuum 2200-2400 keV,40,0,9093,6.601496307046418,7.616099645144185
Attentive CNP,m1,1,102,2000,FE,Tl-208 FE 2614 keV,5,1,8709,6.609681871427639,7.063220462446948
Attentive CNP,m1,1,102,2000,sparse_tail,Sparse tail 2700-3000 keV,13,47,68,7.407106922709731,8.281173710040779
Attentive CNP,m1,1,103,2000,full,Full 500-3000 keV,442,58,114299,4.967825849316257,6.581273936697501
Attentive CNP,m1,1,103,2000,DEP,Tl-208 DEP 1592 keV,6,0,1323,7.357476296251781,11.363415957625808
Attentive CNP,m1,1,103,2000,Bi-214,Bi-212 1620.74-keV feature,6,0,1361,9.415591146484726,12.38786148262219
Attentive CNP,m1,1,103,2000,continuum_1700_2000,Continuum 1700-2000 keV,60,0,8230,4.282958948419765,5.112060413718294
Attentive CNP,m1,1,103,2000,SE,Tl-208 SE 2103 keV,6,0,2023,11.103040139862587,15.553910337617674
Attentive CNP,m1,1,103,2000,continuum_2200_2400,Continuum 2200-2400 keV,40,0,9093,6.545502612705298,7.555201803073232
Attentive CNP,m1,1,103,2000,FE,Tl-208 FE 2614 keV,5,1,8709,6.524698338675583,6.983502601761901
Attentive CNP,m1,1,103,2000,sparse_tail,Sparse tail 2700-3000 keV,13,47,68,7.448676178859973,8.316606594273889
Attentive CNP,m1,1,104,2000,full,Full 500-3000 keV,442,58,114299,4.971407738843271,6.580368447907545
Attentive CNP,m1,1,104,2000,DEP,Tl-208 DEP 1592 keV,6,0,1323,7.382520690003826,11.383071592759249
Attentive CNP,m1,1,104,2000,Bi-214,Bi-212 1620.74-keV feature,6,0,1361,9.427823879697351,12.375990104961451
Attentive CNP,m1,1,104,2000,continuum_1700_2000,Continuum 1700-2000 keV,60,0,8230,4.265721106082072,5.09688249874843
Attentive CNP,m1,1,104,2000,SE,Tl-208 SE 2103 keV,6,0,2023,11.046247762716458,15.512906148770202
Attentive CNP,m1,1,104,2000,continuum_2200_2400,Continuum 2200-2400 keV,40,0,9093,6.5471027100291765,7.552033997879983
Attentive CNP,m1,1,104,2000,FE,Tl-208 FE 2614 keV,5,1,8709,6.5646122354855825,7.0201827120460445
Attentive CNP,m1,1,104,2000,sparse_tail,Sparse tail 2700-3000 keV,13,47,68,7.422191136683607,8.29441402450816
Attentive CNP,m1,1,105,2000,full,Full 500-3000 keV,442,58,114299,4.968424486400639,6.579717933831511
Attentive CNP,m1,1,105,2000,DEP,Tl-208 DEP 1592 keV,6,0,1323,7.363131124566053,11.367695770604032
Attentive CNP,m1,1,105,2000,Bi-214,Bi-212 1620.74-keV feature,6,0,1361,9.418385167791062,12.385103060821798
Attentive CNP,m1,1,105,2000,continuum_1700_2000,Continuum 1700-2000 keV,60,0,8230,4.277548793506565,5.107069682220719
Attentive CNP,m1,1,105,2000,SE,Tl-208 SE 2103 keV,6,0,2023,11.08388521212748,15.540005546620936
Attentive CNP,m1,1,105,2000,continuum_2200_2400,Continuum 2200-2400 keV,40,0,9093,6.542584834687067,7.550652118508526
Attentive CNP,m1,1,105,2000,FE,Tl-208 FE 2614 keV,5,1,8709,6.555196401142263,7.011755749128727
Attentive CNP,m1,1,105,2000,sparse_tail,Sparse tail 2700-3000 keV,13,47,68,7.426785863157705,8.298822083573132
Attentive CNP,m1,1,106,2000,full,Full 500-3000 keV,442,58,114299,4.968828408454932,6.579871149323598
Attentive CNP,m1,1,106,2000,DEP,Tl-208 DEP 1592 keV,6,0,1323,7.350220214396648,11.357366800783682
Attentive CNP,m1,1,106,2000,Bi-214,Bi-212 1620.74-keV feature,6,0,1361,9.412173566402384,12.390710990214199
Attentive CNP,m1,1,106,2000,continuum_1700_2000,Continuum 1700-2000 keV,60,0,8230,4.282008320857601,5.11032999433797
Attentive CNP,m1,1,106,2000,SE,Tl-208 SE 2103 keV,6,0,2023,11.085079681902304,15.540845447334803
Attentive CNP,m1,1,106,2000,continuum_2200_2400,Continuum 2200-2400 keV,40,0,9093,6.552480822287794,7.560581104986522
Attentive CNP,m1,1,106,2000,FE,Tl-208 FE 2614 keV,5,1,8709,6.562724485154671,7.018903943993545
Attentive CNP,m1,1,106,2000,sparse_tail,Sparse tail 2700-3000 keV,13,47,68,7.426411378901459,8.29791439093235
Attentive CNP,m1,1,107,2000,full,Full 500-3000 keV,442,58,114299,4.967597998138814,6.58167935902788
Attentive CNP,m1,1,107,2000,DEP,Tl-208 DEP 1592 keV,6,0,1323,7.318731128953543,11.322376756412277
Attentive CNP,m1,1,107,2000,Bi-214,Bi-212 1620.74-keV feature,6,0,1361,9.389863959894171,12.411086043824488
Attentive CNP,m1,1,107,2000,continuum_1700_2000,Continuum 1700-2000 keV,60,0,8230,4.3051267506677755,5.130492055517368
Attentive CNP,m1,1,107,2000,SE,Tl-208 SE 2103 keV,6,0,2023,11.137248735200357,15.578869636347898
Attentive CNP,m1,1,107,2000,continuum_2200_2400,Continuum 2200-2400 keV,40,0,9093,6.586202373474595,7.600090468086878
Attentive CNP,m1,1,107,2000,FE,Tl-208 FE 2614 keV,5,1,8709,6.577892007109565,7.0335821238842
Attentive CNP,m1,1,107,2000,sparse_tail,Sparse tail 2700-3000 keV,13,47,68,7.422280133831529,8.29508782090835
Attentive CNP,m1,1,108,2000,full,Full 500-3000 keV,442,58,114299,4.968168252261772,6.581753084984597
Attentive CNP,m1,1,108,2000,DEP,Tl-208 DEP 1592 keV,6,0,1323,7.319830101538689,11.324350227881764
Attentive CNP,m1,1,108,2000,Bi-214,Bi-212 1620.74-keV feature,6,0,1361,9.391201589901256,12.409604030005513
Attentive CNP,m1,1,108,2000,continuum_1700_2000,Continuum 1700-2000 keV,60,0,8230,4.303254356134802,5.128761215517026
Attentive CNP,m1,1,108,2000,SE,Tl-208 SE 2103 keV,6,0,2023,11.131400619464756,15.57445936823538
Attentive CNP,m1,1,108,2000,continuum_2200_2400,Continuum 2200-2400 keV,40,0,9093,6.5887455341125865,7.602292537335142
Attentive CNP,m1,1,108,2000,FE,Tl-208 FE 2614 keV,5,1,8709,6.579978909317777,7.035295601945525
Attentive CNP,m1,1,108,2000,sparse_tail,Sparse tail 2700-3000 keV,13,47,68,7.422852808650568,8.294660759853018
Attentive CNP,m1,1,109,2000,full,Full 500-3000 keV,442,58,114299,4.9669141088173605,6.580583665804288
Attentive CNP,m1,1,109,2000,DEP,Tl-208 DEP 1592 keV,6,0,1323,7.325010714289894,11.332571869061915
Attentive CNP,m1,1,109,2000,Bi-214,Bi-212 1620.74-keV feature,6,0,1361,9.396256306806334,12.404942063871722
Attentive CNP,m1,1,109,2000,continuum_1700_2000,Continuum 1700-2000 keV,60,0,8230,4.299486948713556,5.125710321493752
Attentive CNP,m1,1,109,2000,SE,Tl-208 SE 2103 keV,6,0,2023,11.130661307289555,15.573864427648642
Attentive CNP,m1,1,109,2000,continuum_2200_2400,Continuum 2200-2400 keV,40,0,9093,6.5716646759231585,7.5845902815853625
Attentive CNP,m1,1,109,2000,FE,Tl-208 FE 2614 keV,5,1,8709,6.573359333331898,7.028835480236251
Attentive CNP,m1,1,109,2000,sparse_tail,Sparse tail 2700-3000 keV,13,47,68,7.418113009541233,8.291615198083102
Attentive CNP,m1,2,100,250,full,Full 500-3000 keV,442,58,114299,5.113957660543558,6.915759574721197
Attentive CNP,m1,2,100,250,DEP,Tl-208 DEP 1592 keV,6,0,1323,6.756318427182778,10.511477861570578
Attentive CNP,m1,2,100,250,Bi-214,Bi-212 1620.74-keV feature,6,0,1361,8.845980063089852,13.042198606986489
Attentive CNP,m1,2,100,250,continuum_1700_2000,Continuum 1700-2000 keV,60,0,8230,5.099593714532227,6.019647296597513
Attentive CNP,m1,2,100,250,SE,Tl-208 SE 2103 keV,6,0,2023,13.430682428824111,17.291306464939918
Attentive CNP,m1,2,100,250,continuum_2200_2400,Continuum 2200-2400 keV,40,0,9093,4.633265445851971,5.573005324283583
Attentive CNP,m1,2,100,250,FE,Tl-208 FE 2614 keV,5,1,8709,2.9185305687874816,3.440966396565225
Attentive CNP,m1,2,100,250,sparse_tail,Sparse tail 2700-3000 keV,13,47,68,9.009479858370193,9.63225409945224
Attentive CNP,m1,2,101,250,full,Full 500-3000 keV,442,58,114299,5.090338399208194,6.8886857070633205
Attentive CNP,m1,2,101,250,DEP,Tl-208 DEP 1592 keV,6,0,1323,6.722349540467386,10.469316640813288
Attentive CNP,m1,2,101,250,Bi-214,Bi-212 1620.74-keV feature,6,0,1361,8.845443870032645,13.085972548708854
Attentive CNP,m1,2,101,250,continuum_1700_2000,Continuum 1700-2000 keV,60,0,8230,5.139388120905348,6.061969288671824
Attentive CNP,m1,2,101,250,SE,Tl-208 SE 2103 keV,6,0,2023,13.442446886365293,17.301149360861405
Attentive CNP,m1,2,101,250,continuum_2200_2400,Continuum 2200-2400 keV,40,0,9093,4.700483840232498,5.650400844416273
Attentive CNP,m1,2,101,250,FE,Tl-208 FE 2614 keV,5,1,8709,3.1074511181648994,3.671076249363058
Attentive CNP,m1,2,101,250,sparse_tail,Sparse tail 2700-3000 keV,13,47,68,8.850640977250375,9.468599918935244
Attentive CNP,m1,2,102,250,full,Full 500-3000 keV,442,58,114299,5.101414660027459,6.9002025148161605
Attentive CNP,m1,2,102,250,DEP,Tl-208 DEP 1592 keV,6,0,1323,6.728961012050578,10.476305245538619
Attentive CNP,m1,2,102,250,Bi-214,Bi-212 1620.74-keV feature,6,0,1361,8.846198614131035,13.080479451753751
Attentive CNP,m1,2,102,250,continuum_1700_2000,Continuum 1700-2000 keV,60,0,8230,5.148320101043285,6.072939211910429
Attentive CNP,m1,2,102,250,SE,Tl-208 SE 2103 keV,6,0,2023,13.487333772075374,17.33609933101535
Attentive CNP,m1,2,102,250,continuum_2200_2400,Continuum 2200-2400 keV,40,0,9093,4.663133831544991,5.612925964624837
Attentive CNP,m1,2,102,250,FE,Tl-208 FE 2614 keV,5,1,8709,3.063690655455991,3.616613317256053
Attentive CNP,m1,2,102,250,sparse_tail,Sparse tail 2700-3000 keV,13,47,68,8.895416559660022,9.513031746929466
Attentive CNP,m1,2,103,250,full,Full 500-3000 keV,442,58,114299,5.1187419352122285,6.921732204958861
Attentive CNP,m1,2,103,250,DEP,Tl-208 DEP 1592 keV,6,0,1323,6.761517952692102,10.516521429980061
Attentive CNP,m1,2,103,250,Bi-214,Bi-212 1620.74-keV feature,6,0,1361,8.845671022763888,13.037346442048111
Attentive CNP,m1,2,103,250,continuum_1700_2000,Continuum 1700-2000 keV,60,0,8230,5.091824017922402,6.010661558700857
Attentive CNP,m1,2,103,250,SE,Tl-208 SE 2103 keV,6,0,2023,13.417555673933714,17.281110898337356
Attentive CNP,m1,2,103,250,continuum_2200_2400,Continuum 2200-2400 keV,40,0,9093,4.623210665616626,5.560210045852358
Attentive CNP,m1,2,103,250,FE,Tl-208 FE 2614 keV,5,1,8709,2.874996710391722,3.3896023887191666
Attentive CNP,m1,2,103,250,sparse_tail,Sparse tail 2700-3000 keV,13,47,68,9.037271738080852,9.65990458350394
Attentive CNP,m1,2,104,250,full,Full 500-3000 keV,442,58,114299,5.108944627313497,6.910310881257921
Attentive CNP,m1,2,104,250,DEP,Tl-208 DEP 1592 keV,6,0,1323,6.765923339199083,10.522083141719902
Attentive CNP,m1,2,104,250,Bi-214,Bi-212 1620.74-keV feature,6,0,1361,8.8464907588791,13.030018381093623
Attentive CNP,m1,2,104,250,continuum_1700_2000,Continuum 1700-2000 keV,60,0,8230,5.071525298701459,5.986514770751204
Attentive CNP,m1,2,104,250,SE,Tl-208 SE 2103 keV,6,0,2023,13.365145271398266,17.240516849420956
Attentive CNP,m1,2,104,250,continuum_2200_2400,Continuum 2200-2400 keV,40,0,9093,4.654092801334445,5.58947077899481
Attentive CNP,m1,2,104,250,FE,Tl-208 FE 2614 keV,5,1,8709,2.904947847819996,3.4251117596663523
Attentive CNP,m1,2,104,250,sparse_tail,Sparse tail 2700-3000 keV,13,47,68,9.002201496607338,9.627324807976036
Attentive CNP,m1,2,105,250,full,Full 500-3000 keV,442,58,114299,5.121295145379038,6.92390277503868
Attentive CNP,m1,2,105,250,DEP,Tl-208 DEP 1592 keV,6,0,1323,6.761564669409976,10.51682762688449
Attentive CNP,m1,2,105,250,Bi-214,Bi-212 1620.74-keV feature,6,0,1361,8.84576889107515,13.037994337211135
Attentive CNP,m1,2,105,250,continuum_1700_2000,Continuum 1700-2000 keV,60,0,8230,5.100598320125984,6.021748343404658
Attentive CNP,m1,2,105,250,SE,Tl-208 SE 2103 keV,6,0,2023,13.446811583426713,17.303898837579325
Attentive CNP,m1,2,105,250,continuum_2200_2400,Continuum 2200-2400 keV,40,0,9093,4.611743053250942,5.550656196938063
Attentive CNP,m1,2,105,250,FE,Tl-208 FE 2614 keV,5,1,8709,2.879870261434176,3.3951347191457217
Attentive CNP,m1,2,105,250,sparse_tail,Sparse tail 2700-3000 keV,13,47,68,9.040221869945912,9.662818075331751
Attentive CNP,m1,2,106,250,full,Full 500-3000 keV,442,58,114299,5.100528367561774,6.899454323192976
Attentive CNP,m1,2,106,250,DEP,Tl-208 DEP 1592 keV,6,0,1323,6.731329956741535,10.479181685010404
Attentive CNP,m1,2,106,250,Bi-214,Bi-212 1620.74-keV feature,6,0,1361,8.845590575419786,13.076949690879811
Attentive CNP,m1,2,106,250,continuum_1700_2000,Continuum 1700-2000 keV,60,0,8230,5.139788066733467,6.063392864408887
Attentive CNP,m1,2,106,250,SE,Tl-208 SE 2103 keV,6,0,2023,13.470455230420386,17.322965039528913
Attentive CNP,m1,2,106,250,continuum_2200_2400,Continuum 2200-2400 keV,40,0,9093,4.664149894976248,5.612337661813428
Attentive CNP,m1,2,106,250,FE,Tl-208 FE 2614 keV,5,1,8709,3.0547430980431325,3.606660708457744
Attentive CNP,m1,2,106,250,sparse_tail,Sparse tail 2700-3000 keV,13,47,68,8.89534328202862,9.513316890232227
Attentive CNP,m1,2,107,250,full,Full 500-3000 keV,442,58,114299,5.108247520131488,6.908456109107592
Attentive CNP,m1,2,107,250,DEP,Tl-208 DEP 1592 keV,6,0,1323,6.749334201729663,10.502479364670169
Attentive CNP,m1,2,107,250,Bi-214,Bi-212 1620.74-keV feature,6,0,1361,8.846057409465715,13.051851438961828
Attentive CNP,m1,2,107,250,continuum_1700_2000,Continuum 1700-2000 keV,60,0,8230,5.10932607573644,6.030405631111395
Attentive CNP,m1,2,107,250,SE,Tl-208 SE 2103 keV,6,0,2023,13.43928875034204,17.298444576103076
Attentive CNP,m1,2,107,250,continuum_2200_2400,Continuum 2200-2400 keV,40,0,9093,4.64500139310758,5.587497627188664
Attentive CNP,m1,2,107,250,FE,Tl-208 FE 2614 keV,5,1,8709,2.96835136255835,3.5002403212144233
Attentive CNP,m1,2,107,250,sparse_tail,Sparse tail 2700-3000 keV,13,47,68,8.962112727970688,9.583183091653332
Attentive CNP,m1,2,108,250,full,Full 500-3000 keV,442,58,114299,5.107297774395952,6.9068039679019355
Attentive CNP,m1,2,108,250,DEP,Tl-208 DEP 1592 keV,6,0,1323,6.8113494019260274,10.579516544780832
Attentive CNP,m1,2,108,250,Bi-214,Bi-212 1620.74-keV feature,6,0,1361,8.873967826737566,12.971356632777686
Attentive CNP,m1,2,108,250,continuum_1700_2000,Continuum 1700-2000 keV,60,0,8230,4.9896985991962035,5.890380690611943
Attentive CNP,m1,2,108,250,SE,Tl-208 SE 2103 keV,6,0,2023,13.209472951392245,17.119938502145
Attentive CNP,m1,2,108,250,continuum_2200_2400,Continuum 2200-2400 keV,40,0,9093,4.694330999625466,5.618312021773207
Attentive CNP,m1,2,108,250,FE,Tl-208 FE 2614 keV,5,1,8709,2.8041115655123785,3.306865152990029
Attentive CNP,m1,2,108,250,sparse_tail,Sparse tail 2700-3000 keV,13,47,68,9.063456954131109,9.691983460289265
Attentive CNP,m1,2,109,250,full,Full 500-3000 keV,442,58,114299,5.093140347256074,6.889305261360024
Attentive CNP,m1,2,109,250,DEP,Tl-208 DEP 1592 keV,6,0,1323,6.711476219526552,10.455860553402273
Attentive CNP,m1,2,109,250,Bi-214,Bi-212 1620.74-keV feature,6,0,1361,8.845624216345897,13.102589912935375
Attentive CNP,m1,2,109,250,continuum_1700_2000,Continuum 1700-2000 keV,60,0,8230,5.1825194971518584,6.110427652916382
Attentive CNP,m1,2,109,250,SE,Tl-208 SE 2103 keV,6,0,2023,13.530613655202298,17.370209147470824
Attentive CNP,m1,2,109,250,continuum_2200_2400,Continuum 2200-2400 keV,40,0,9093,4.6868092956471346,5.6445509828235325
Attentive CNP,m1,2,109,250,FE,Tl-208 FE 2614 keV,5,1,8709,3.172274871853531,3.7543958450293555
Attentive CNP,m1,2,109,250,sparse_tail,Sparse tail 2700-3000 keV,13,47,68,8.812749112471161,9.428658842808185
Attentive CNP,m1,2,100,500,full,Full 500-3000 keV,442,58,114299,5.105125990847485,6.90404780274156
Attentive CNP,m1,2,100,500,DEP,Tl-208 DEP 1592 keV,6,0,1323,6.717994292705078,10.470959963172685
Attentive CNP,m1,2,100,500,Bi-214,Bi-212 1620.74-keV feature,6,0,1361,8.835179425859224,13.08906238697981
Attentive CNP,m1,2,100,500,continuum_1700_2000,Continuum 1700-2000 keV,60,0,8230,5.172944739143063,6.102228186979024
Attentive CNP,m1,2,100,500,SE,Tl-208 SE 2103 keV,6,0,2023,13.548123356169114,17.378624955870528
Attentive CNP,m1,2,100,500,continuum_2200_2400,Continuum 2200-2400 keV,40,0,9093,4.653389528673888,5.60123729459527
Attentive CNP,m1,2,100,500,FE,Tl-208 FE 2614 keV,5,1,8709,3.0454082465962977,3.581489064620965
Attentive CNP,m1,2,100,500,sparse_tail,Sparse tail 2700-3000 keV,13,47,68,8.948961433411032,9.572945598546733
Attentive CNP,m1,2,101,500,full,Full 500-3000 keV,442,58,114299,5.092349074969787,6.892171565986251
Attentive CNP,m1,2,101,500,DEP,Tl-208 DEP 1592 keV,6,0,1323,6.7112423511571135,10.462433741989752
Attentive CNP,m1,2,101,500,Bi-214,Bi-212 1620.74-keV feature,6,0,1361,8.835920901714449,13.095211254907168
Attentive CNP,m1,2,101,500,continuum_1700_2000,Continuum 1700-2000 keV,60,0,8230,5.155180718987513,6.0806647062408015
Attentive CNP,m1,2,101,500,SE,Tl-208 SE 2103 keV,6,0,2023,13.483484445099823,17.32835582654051
Attentive CNP,m1,2,101,500,continuum_2200_2400,Continuum 2200-2400 keV,40,0,9093,4.686056472859888,5.631464780139557
Attentive CNP,m1,2,101,500,FE,Tl-208 FE 2614 keV,5,1,8709,3.081442090569833,3.6269197893461476
Attentive CNP,m1,2,101,500,sparse_tail,Sparse tail 2700-3000 keV,13,47,68,8.903953584415484,9.528603238198244
Attentive CNP,m1,2,102,500,full,Full 500-3000 keV,442,58,114299,5.090424402228062,6.887959620679725
Attentive CNP,m1,2,102,500,DEP,Tl-208 DEP 1592 keV,6,0,1323,6.69934548670099,10.44826020316159
Attentive CNP,m1,2,102,500,Bi-214,Bi-212 1620.74-keV feature,6,0,1361,8.835032857182853,13.1122364795883
Attentive CNP,m1,2,102,500,continuum_1700_2000,Continuum 1700-2000 keV,60,0,8230,5.192897432023289,6.122897450094652
Attentive CNP,m1,2,102,500,SE,Tl-208 SE 2103 keV,6,0,2023,13.549538143751294,17.38000118380326
Attentive CNP,m1,2,102,500,continuum_2200_2400,Continuum 2200-2400 keV,40,0,9093,4.693090266865981,5.6467449471926185
Attentive CNP,m1,2,102,500,FE,Tl-208 FE 2614 keV,5,1,8709,3.158659426720435,3.7250174107850587
Attentive CNP,m1,2,102,500,sparse_tail,Sparse tail 2700-3000 keV,13,47,68,8.852285544427911,9.474082359512305
Attentive CNP,m1,2,103,500,full,Full 500-3000 keV,442,58,114299,5.11859300394905,6.923423117116663
Attentive CNP,m1,2,103,500,DEP,Tl-208 DEP 1592 keV,6,0,1323,6.763645022372235,10.528068525215009
Attentive CNP,m1,2,103,500,Bi-214,Bi-212 1620.74-keV feature,6,0,1361,8.835918723931913,13.02590492737641
Attentive CNP,m1,2,103,500,continuum_1700_2000,Continuum 1700-2000 keV,60,0,8230,5.07261384096674,5.9927896591405085
Attentive CNP,m1,2,103,500,SE,Tl-208 SE 2103 keV,6,0,2023,13.40270443718548,17.264780553022312
Attentive CNP,m1,2,103,500,continuum_2200_2400,Continuum 2200-2400 keV,40,0,9093,4.619572673203512,5.547911253720996
Attentive CNP,m1,2,103,500,FE,Tl-208 FE 2614 keV,5,1,8709,2.8113956052898605,3.298876194132625
Attentive CNP,m1,2,103,500,sparse_tail,Sparse tail 2700-3000 keV,13,47,68,9.11445202202977,9.74619297451236
Attentive CNP,m1,2,104,500,full,Full 500-3000 keV,442,58,114299,5.109481465020586,6.912260517767899
Attentive CNP,m1,2,104,500,DEP,Tl-208 DEP 1592 keV,6,0,1323,6.740607654261188,10.498992916290351
Attentive CNP,m1,2,104,500,Bi-214,Bi-212 1620.74-keV feature,6,0,1361,8.836279119888085,13.056440156820878
Attentive CNP,m1,2,104,500,continuum_1700_2000,Continuum 1700-2000 keV,60,0,8230,5.110152741669323,6.032800869857214
Attentive CNP,m1,2,104,500,SE,Tl-208 SE 2103 keV,6,0,2023,13.444735526309948,17.297808252675033
Attentive CNP,m1,2,104,500,continuum_2200_2400,Continuum 2200-2400 keV,40,0,9093,4.638846905331589,5.573793780714498
Attentive CNP,m1,2,104,500,FE,Tl-208 FE 2614 keV,5,1,8709,2.9185804753998825,3.426344285865445
Attentive CNP,m1,2,104,500,sparse_tail,Sparse tail 2700-3000 keV,13,47,68,9.033568319714897,9.662490910080649
Attentive CNP,m1,2,105,500,full,Full 500-3000 keV,442,58,114299,5.117387984365868,6.9205013792811965
Attentive CNP,m1,2,105,500,DEP,Tl-208 DEP 1592 keV,6,0,1323,6.742564375456583,10.501990492907188
Attentive CNP,m1,2,105,500,Bi-214,Bi-212 1620.74-keV feature,6,0,1361,8.835135015602951,13.054124430274996
Attentive CNP,m1,2,105,500,continuum_1700_2000,Continuum 1700-2000 keV,60,0,8230,5.1211602855892995,6.045789384270742
Attentive CNP,m1,2,105,500,SE,Tl-208 SE 2103 keV,6,0,2023,13.482488013781971,17.327221643704434
Attentive CNP,m1,2,105,500,continuum_2200_2400,Continuum 2200-2400 keV,40,0,9093,4.6158313302086915,5.55198933295563
Attentive CNP,m1,2,105,500,FE,Tl-208 FE 2614 keV,5,1,8709,2.8887797028504463,3.3897034662651038
Attentive CNP,m1,2,105,500,sparse_tail,Sparse tail 2700-3000 keV,13,47,68,9.062216520590848,9.691023138686816
Attentive CNP,m1,2,106,500,full,Full 500-3000 keV,442,58,114299,5.108439803680627,6.910531315695153
Attentive CNP,m1,2,106,500,DEP,Tl-208 DEP 1592 keV,6,0,1323,6.740041583010702,10.498000611934472
Attentive CNP,m1,2,106,500,Bi-214,Bi-212 1620.74-keV feature,6,0,1361,8.836055791852248,13.057612704863486
Attentive CNP,m1,2,106,500,continuum_1700_2000,Continuum 1700-2000 keV,60,0,8230,5.114620611793237,6.037741255011727
Attentive CNP,m1,2,106,500,SE,Tl-208 SE 2103 keV,6,0,2023,13.455323114978171,17.30608161879177
Attentive CNP,m1,2,106,500,continuum_2200_2400,Continuum 2200-2400 keV,40,0,9093,4.638630529441181,5.575062300938041
Attentive CNP,m1,2,106,500,FE,Tl-208 FE 2614 keV,5,1,8709,2.931127927987631,3.4407083173926107
Attentive CNP,m1,2,106,500,sparse_tail,Sparse tail 2700-3000 keV,13,47,68,9.022029945930964,9.648233855698333
Attentive CNP,m1,2,107,500,full,Full 500-3000 keV,442,58,114299,5.108172722732669,6.910445393367523
Attentive CNP,m1,2,107,500,DEP,Tl-208 DEP 1592 keV,6,0,1323,6.738362699160984,10.496491275312772
Attentive CNP,m1,2,107,500,Bi-214,Bi-212 1620.74-keV feature,6,0,1361,8.835727110465037,13.058780390131464
Attentive CNP,m1,2,107,500,continuum_1700_2000,Continuum 1700-2000 keV,60,0,8230,5.115549726984885,6.03865957403826
Attentive CNP,m1,2,107,500,SE,Tl-208 SE 2103 keV,6,0,2023,13.454121388667936,17.3049414891358
Attentive CNP,m1,2,107,500,continuum_2200_2400,Continuum 2200-2400 keV,40,0,9093,4.6416687279355235,5.578019488495254
Attentive CNP,m1,2,107,500,FE,Tl-208 FE 2614 keV,5,1,8709,2.9329229618957604,3.443398412970016
Attentive CNP,m1,2,107,500,sparse_tail,Sparse tail 2700-3000 keV,13,47,68,9.020673902528644,9.649079641591968
Attentive CNP,m1,2,108,500,full,Full 500-3000 keV,442,58,114299,5.102147607744832,6.904079701705336
Attentive CNP,m1,2,108,500,DEP,Tl-208 DEP 1592 keV,6,0,1323,6.743729312843444,10.503359151977282
Attentive CNP,m1,2,108,500,Bi-214,Bi-212 1620.74-keV feature,6,0,1361,8.836322211489339,13.050802661029609
Attentive CNP,m1,2,108,500,continuum_1700_2000,Continuum 1700-2000 keV,60,0,8230,5.09471284256985,6.015642677048318
Attentive CNP,m1,2,108,500,SE,Tl-208 SE 2103 keV,6,0,2023,13.406139633171286,17.26797140087767
Attentive CNP,m1,2,108,500,continuum_2200_2400,Continuum 2200-2400 keV,40,0,9093,4.663904889625961,5.59805182619342
Attentive CNP,m1,2,108,500,FE,Tl-208 FE 2614 keV,5,1,8709,2.936091539319389,3.4467145745390475
Attentive CNP,m1,2,108,500,sparse_tail,Sparse tail 2700-3000 keV,13,47,68,9.013304152274006,9.641946990157818
Attentive CNP,m1,2,109,500,full,Full 500-3000 keV,442,58,114299,5.107740809503943,6.908524813455311
Attentive CNP,m1,2,109,500,DEP,Tl-208 DEP 1592 keV,6,0,1323,6.723092340129304,10.47774255114737
Attentive CNP,m1,2,109,500,Bi-214,Bi-212 1620.74-keV feature,6,0,1361,8.835420592629365,13.07974037953106
Attentive CNP,m1,2,109,500,continuum_1700_2000,Continuum 1700-2000 keV,60,0,8230,5.153066743401128,6.079925587136513
Attentive CNP,m1,2,109,500,SE,Tl-208 SE 2103 keV,6,0,2023,13.516216220016075,17.35356410913611
Attentive CNP,m1,2,109,500,continuum_2200_2400,Continuum 2200-2400 keV,40,0,9093,4.640188478180531,5.582961092075774
Attentive CNP,m1,2,109,500,FE,Tl-208 FE 2614 keV,5,1,8709,2.993011480817,3.5162482179206624
Attentive CNP,m1,2,109,500,sparse_tail,Sparse tail 2700-3000 keV,13,47,68,8.980749005865563,9.606493580992145
Attentive CNP,m1,2,100,1000,full,Full 500-3000 keV,442,58,114299,5.111680183554393,6.913158696271114
Attentive CNP,m1,2,100,1000,DEP,Tl-208 DEP 1592 keV,6,0,1323,6.746058690970724,10.49291828830301
Attentive CNP,m1,2,100,1000,Bi-214,Bi-212 1620.74-keV feature,6,0,1361,8.839384649967299,13.07667588144261
Attentive CNP,m1,2,100,1000,continuum_1700_2000,Continuum 1700-2000 keV,60,0,8230,5.154286781648763,6.081934562624433
Attentive CNP,m1,2,100,1000,SE,Tl-208 SE 2103 keV,6,0,2023,13.530904652624216,17.363120430275814
Attentive CNP,m1,2,100,1000,continuum_2200_2400,Continuum 2200-2400 keV,40,0,9093,4.628890047515416,5.578547701758548
Attentive CNP,m1,2,100,1000,FE,Tl-208 FE 2614 keV,5,1,8709,2.9489097147555867,3.4573268852299215
Attentive CNP,m1,2,100,1000,sparse_tail,Sparse tail 2700-3000 keV,13,47,68,8.932695150335123,9.535651238736143
Attentive CNP,m1,2,101,1000,full,Full 500-3000 keV,442,58,114299,5.092773842716661,6.889791275590117
Attentive CNP,m1,2,101,1000,DEP,Tl-208 DEP 1592 keV,6,0,1323,6.715759623438903,10.45593196066124
Attentive CNP,m1,2,101,1000,Bi-214,Bi-212 1620.74-keV feature,6,0,1361,8.838680782990643,13.116955215676137
Attentive CNP,m1,2,101,1000,continuum_1700_2000,Continuum 1700-2000 keV,60,0,8230,5.207690373509726,6.140118542776772
Attentive CNP,m1,2,101,1000,SE,Tl-208 SE 2103 keV,6,0,2023,13.582613461168428,17.40383975988956
Attentive CNP,m1,2,101,1000,continuum_2200_2400,Continuum 2200-2400 keV,40,0,9093,4.690188357332955,5.653642555280338
Attentive CNP,m1,2,101,1000,FE,Tl-208 FE 2614 keV,5,1,8709,3.15009182740309,3.710231942125032
Attentive CNP,m1,2,101,1000,sparse_tail,Sparse tail 2700-3000 keV,13,47,68,8.78375277282267,9.382268336010286
Attentive CNP,m1,2,102,1000,full,Full 500-3000 keV,442,58,114299,5.085120660483119,6.880954773389412
Attentive CNP,m1,2,102,1000,DEP,Tl-208 DEP 1592 keV,6,0,1323,6.706477190649779,10.444729083824477
Attentive CNP,m1,2,102,1000,Bi-214,Bi-212 1620.74-keV feature,6,0,1361,8.838426083291441,13.129427916272373
Attentive CNP,m1,2,102,1000,continuum_1700_2000,Continuum 1700-2000 keV,60,0,8230,5.221443335313871,6.154978236451684
Attentive CNP,m1,2,102,1000,SE,Tl-208 SE 2103 keV,6,0,2023,13.587891623801799,17.408336460195397
Attentive CNP,m1,2,102,1000,continuum_2200_2400,Continuum 2200-2400 keV,40,0,9093,4.7180746500881146,5.686052412367833
Attentive CNP,m1,2,102,1000,FE,Tl-208 FE 2614 keV,5,1,8709,3.218087880676532,3.7983663121968916
Attentive CNP,m1,2,102,1000,sparse_tail,Sparse tail 2700-3000 keV,13,47,68,8.72983606674984,9.327704890674843
Attentive CNP,m1,2,103,1000,full,Full 500-3000 keV,442,58,114299,5.11463236828668,6.918070430015686
Attentive CNP,m1,2,103,1000,DEP,Tl-208 DEP 1592 keV,6,0,1323,6.760234177566482,10.509845263316302
Attentive CNP,m1,2,103,1000,Bi-214,Bi-212 1620.74-keV feature,6,0,1361,8.839873648493084,13.057857085758878
Attentive CNP,m1,2,103,1000,continuum_1700_2000,Continuum 1700-2000 keV,60,0,8230,5.1213130599733,6.045835553231419
Attentive CNP,m1,2,103,1000,SE,Tl-208 SE 2103 keV,6,0,2023,13.478960655127631,17.32230998367447
Attentive CNP,m1,2,103,1000,continuum_2200_2400,Continuum 2200-2400 keV,40,0,9093,4.621342959086026,5.564584787071096
Attentive CNP,m1,2,103,1000,FE,Tl-208 FE 2614 keV,5,1,8709,2.8777678186747377,3.3715709672327185
Attentive CNP,m1,2,103,1000,sparse_tail,Sparse tail 2700-3000 keV,13,47,68,8.979331655131155,9.584655404912432
Attentive CNP,m1,2,104,1000,full,Full 500-3000 keV,442,58,114299,5.107340898291308,6.910246714424388
Attentive CNP,m1,2,104,1000,DEP,Tl-208 DEP 1592 keV,6,0,1323,6.764623525828477,10.51575236313423
Attentive CNP,m1,2,104,1000,Bi-214,Bi-212 1620.74-keV feature,6,0,1361,8.840543179894809,13.050119439335031
Attentive CNP,m1,2,104,1000,continuum_1700_2000,Continuum 1700-2000 keV,60,0,8230,5.098062374483674,6.019906733659496
Attentive CNP,m1,2,104,1000,SE,Tl-208 SE 2103 keV,6,0,2023,13.423440382471133,17.279221484435066
Attentive CNP,m1,2,104,1000,continuum_2200_2400,Continuum 2200-2400 keV,40,0,9093,4.64573183198259,5.586044291575167
Attentive CNP,m1,2,104,1000,FE,Tl-208 FE 2614 keV,5,1,8709,2.8848806046950513,3.380213600735979
Attentive CNP,m1,2,104,1000,sparse_tail,Sparse tail 2700-3000 keV,13,47,68,8.963499972526858,9.56939245398222
Attentive CNP,m1,2,105,1000,full,Full 500-3000 keV,442,58,114299,5.11258832643822,6.9153215866387825
Attentive CNP,m1,2,105,1000,DEP,Tl-208 DEP 1592 keV,6,0,1323,6.754859483604951,10.503192997085073
Attentive CNP,m1,2,105,1000,Bi-214,Bi-212 1620.74-keV feature,6,0,1361,8.839506358121607,13.064523438640418
Attentive CNP,m1,2,105,1000,continuum_1700_2000,Continuum 1700-2000 keV,60,0,8230,5.131226855592408,6.056437563994336
Attentive CNP,m1,2,105,1000,SE,Tl-208 SE 2103 keV,6,0,2023,13.490785982264578,17.33168950511052
Attentive CNP,m1,2,105,1000,continuum_2200_2400,Continuum 2200-2400 keV,40,0,9093,4.62601319759441,5.571113281310448
Attentive CNP,m1,2,105,1000,FE,Tl-208 FE 2614 keV,5,1,8709,2.9064088454240284,3.406004871740244
Attentive CNP,m1,2,105,1000,sparse_tail,Sparse tail 2700-3000 keV,13,47,68,8.958458850576841,9.562722326916624
Attentive CNP,m1,2,106,1000,full,Full 500-3000 keV,442,58,114299,5.108784665717787,6.911185553562335
Attentive CNP,m1,2,106,1000,DEP,Tl-208 DEP 1592 keV,6,0,1323,6.753041104352929,10.501036041184552
Attentive CNP,m1,2,106,1000,Bi-214,Bi-212 1620.74-keV feature,6,0,1361,8.840039678359222,13.066638803411406
Attentive CNP,m1,2,106,1000,continuum_1700_2000,Continuum 1700-2000 keV,60,0,8230,5.127799808354242,6.0523143215869455
Attentive CNP,m1,2,106,1000,SE,Tl-208 SE 2103 keV,6,0,2023,13.477692134910846,17.321529041282872
Attentive CNP,m1,2,106,1000,continuum_2200_2400,Continuum 2200-2400 keV,40,0,9093,4.63626588967737,5.581210274926613
Attentive CNP,m1,2,106,1000,FE,Tl-208 FE 2614 keV,5,1,8709,2.918410496216823,3.4199177440282154
Attentive CNP,m1,2,106,1000,sparse_tail,Sparse tail 2700-3000 keV,13,47,68,8.942620715469438,9.54657224465797
Attentive CNP,m1,2,107,1000,full,Full 500-3000 keV,442,58,114299,5.097006015650483,6.896145033233527
Attentive CNP,m1,2,107,1000,DEP,Tl-208 DEP 1592 keV,6,0,1323,6.723829849430862,10.465455347558786
Attentive CNP,m1,2,107,1000,Bi-214,Bi-212 1620.74-keV feature,6,0,1361,8.839173262911316,13.105525021809028
Attentive CNP,m1,2,107,1000,continuum_1700_2000,Continuum 1700-2000 keV,60,0,8230,5.184136839569289,6.113627353934996
Attentive CNP,m1,2,107,1000,SE,Tl-208 SE 2103 keV,6,0,2023,13.548132792019164,17.376823474023634
Attentive CNP,m1,2,107,1000,continuum_2200_2400,Continuum 2200-2400 keV,40,0,9093,4.670438996934088,5.627492246660173
Attentive CNP,m1,2,107,1000,FE,Tl-208 FE 2614 keV,5,1,8709,3.075299601074635,3.614434813591593
Attentive CNP,m1,2,107,1000,sparse_tail,Sparse tail 2700-3000 keV,13,47,68,8.829056045333727,9.428802409321172
Attentive CNP,m1,2,108,1000,full,Full 500-3000 keV,442,58,114299,5.10335898804382,6.904580384144765
Attentive CNP,m1,2,108,1000,DEP,Tl-208 DEP 1592 keV,6,0,1323,6.738585964902956,10.48322876696648
Attentive CNP,m1,2,108,1000,Bi-214,Bi-212 1620.74-keV feature,6,0,1361,8.83999473854536,13.08577015848008
Attentive CNP,m1,2,108,1000,continuum_1700_2000,Continuum 1700-2000 keV,60,0,8230,5.153892841922157,6.080537426331844
Attentive CNP,m1,2,108,1000,SE,Tl-208 SE 2103 keV,6,0,2023,13.5089107272,17.345861610586947
Attentive CNP,m1,2,108,1000,continuum_2200_2400,Continuum 2200-2400 keV,40,0,9093,4.651987306987802,5.602183948053768
Attentive CNP,m1,2,108,1000,FE,Tl-208 FE 2614 keV,5,1,8709,2.99185955392764,3.5103372670905317
Attentive CNP,m1,2,108,1000,sparse_tail,Sparse tail 2700-3000 keV,13,47,68,8.894774742990014,9.49692273688432
Attentive CNP,m1,2,109,1000,full,Full 500-3000 keV,442,58,114299,5.1035925479471365,6.903403093690325
Attentive CNP,m1,2,109,1000,DEP,Tl-208 DEP 1592 keV,6,0,1323,6.73169995830754,10.475063431939727
Attentive CNP,m1,2,109,1000,Bi-214,Bi-212 1620.74-keV feature,6,0,1361,8.839052306102268,13.095306957074024
Attentive CNP,m1,2,109,1000,continuum_1700_2000,Continuum 1700-2000 keV,60,0,8230,5.175800379767543,6.104924505555612
Attentive CNP,m1,2,109,1000,SE,Tl-208 SE 2103 keV,6,0,2023,13.547529441094927,17.376233653380925
Attentive CNP,m1,2,109,1000,continuum_2200_2400,Continuum 2200-2400 keV,40,0,9093,4.653037442808771,5.6075050620036775
Attentive CNP,m1,2,109,1000,FE,Tl-208 FE 2614 keV,5,1,8709,3.0287971991387987,3.556527186229307
Attentive CNP,m1,2,109,1000,sparse_tail,Sparse tail 2700-3000 keV,13,47,68,8.871188288140225,9.471984147450737
Attentive CNP,m1,2,100,2000,full,Full 500-3000 keV,442,58,114299,5.114481430695378,6.916278880226557
Attentive CNP,m1,2,100,2000,DEP,Tl-208 DEP 1592 keV,6,0,1323,6.73041983485904,10.486274093161148
Attentive CNP,m1,2,100,2000,Bi-214,Bi-212 1620.74-keV feature,6,0,1361,8.83230401266648,13.07086438734003
Attentive CNP,m1,2,100,2000,continuum_1700_2000,Continuum 1700-2000 keV,60,0,8230,5.139539000042992,6.065586353872681
Attentive CNP,m1,2,100,2000,SE,Tl-208 SE 2103 keV,6,0,2023,13.498453788791906,17.34285347710242
Attentive CNP,m1,2,100,2000,continuum_2200_2400,Continuum 2200-2400 keV,40,0,9093,4.637005253840393,5.572424448614437
Attentive CNP,m1,2,100,2000,FE,Tl-208 FE 2614 keV,5,1,8709,2.9561867797925228,3.4724699167271167
Attentive CNP,m1,2,100,2000,sparse_tail,Sparse tail 2700-3000 keV,13,47,68,9.020077525496253,9.679991352925585
Attentive CNP,m1,2,101,2000,full,Full 500-3000 keV,442,58,114299,5.112874626306058,6.9140394698772925
Attentive CNP,m1,2,101,2000,DEP,Tl-208 DEP 1592 keV,6,0,1323,6.725181143803323,10.480129455586692
Attentive CNP,m1,2,101,2000,Bi-214,Bi-212 1620.74-keV feature,6,0,1361,8.831908428986633,13.077535530120828
Attentive CNP,m1,2,101,2000,continuum_1700_2000,Continuum 1700-2000 keV,60,0,8230,5.150070499720124,6.0771212285439455
Attentive CNP,m1,2,101,2000,SE,Tl-208 SE 2103 keV,6,0,2023,13.513458441623353,17.354605010915648
Attentive CNP,m1,2,101,2000,continuum_2200_2400,Continuum 2200-2400 keV,40,0,9093,4.641117650707718,5.578603824404533
Attentive CNP,m1,2,101,2000,FE,Tl-208 FE 2614 keV,5,1,8709,2.9828155423248037,3.50493271075496
Attentive CNP,m1,2,101,2000,sparse_tail,Sparse tail 2700-3000 keV,13,47,68,9.001159100099073,9.659971396939657
Attentive CNP,m1,2,102,2000,full,Full 500-3000 keV,442,58,114299,5.103404747523286,6.903222781450627
Attentive CNP,m1,2,102,2000,DEP,Tl-208 DEP 1592 keV,6,0,1323,6.710612551321214,10.462637418563602
Attentive CNP,m1,2,102,2000,Bi-214,Bi-212 1620.74-keV feature,6,0,1361,8.8316775030097,13.095933238670355
Attentive CNP,m1,2,102,2000,continuum_1700_2000,Continuum 1700-2000 keV,60,0,8230,5.168583991698963,6.096559092977868
Attentive CNP,m1,2,102,2000,SE,Tl-208 SE 2103 keV,6,0,2023,13.521550037910234,17.361266733934563
Attentive CNP,m1,2,102,2000,continuum_2200_2400,Continuum 2200-2400 keV,40,0,9093,4.668780850996466,5.610637387624012
Attentive CNP,m1,2,102,2000,FE,Tl-208 FE 2614 keV,5,1,8709,3.0623352082534203,3.60329932164652
Attentive CNP,m1,2,102,2000,sparse_tail,Sparse tail 2700-3000 keV,13,47,68,8.937343765102113,9.594975410147518
Attentive CNP,m1,2,103,2000,full,Full 500-3000 keV,442,58,114299,5.115014849960489,6.9163969348528465
Attentive CNP,m1,2,103,2000,DEP,Tl-208 DEP 1592 keV,6,0,1323,6.726569967772877,10.481821122901568
Attentive CNP,m1,2,103,2000,Bi-214,Bi-212 1620.74-keV feature,6,0,1361,8.83205386967479,13.076149034196966
Attentive CNP,m1,2,103,2000,continuum_1700_2000,Continuum 1700-2000 keV,60,0,8230,5.1498063102331,6.076949983148772
Attentive CNP,m1,2,103,2000,SE,Tl-208 SE 2103 keV,6,0,2023,13.516114164095205,17.35660161185465
Attentive CNP,m1,2,103,2000,continuum_2200_2400,Continuum 2200-2400 keV,40,0,9093,4.635393508373655,5.572352297206929
Attentive CNP,m1,2,103,2000,FE,Tl-208 FE 2614 keV,5,1,8709,2.969580587214061,3.4888758250772716
Attentive CNP,m1,2,103,2000,sparse_tail,Sparse tail 2700-3000 keV,13,47,68,9.010817378415513,9.670205781418618
Attentive CNP,m1,2,104,2000,full,Full 500-3000 keV,442,58,114299,5.112911023795392,6.9155802968485505
Attentive CNP,m1,2,104,2000,DEP,Tl-208 DEP 1592 keV,6,0,1323,6.74584079730499,10.505159401449898
Attentive CNP,m1,2,104,2000,Bi-214,Bi-212 1620.74-keV feature,6,0,1361,8.83308357541197,13.049685769441702
Attentive CNP,m1,2,104,2000,continuum_1700_2000,Continuum 1700-2000 keV,60,0,8230,5.10068586090855,6.022393031125104
Attentive CNP,m1,2,104,2000,SE,Tl-208 SE 2103 keV,6,0,2023,13.428073873623733,17.287837528649607
Attentive CNP,m1,2,104,2000,continuum_2200_2400,Continuum 2200-2400 keV,40,0,9093,4.646348407714889,5.575551851600063
Attentive CNP,m1,2,104,2000,FE,Tl-208 FE 2614 keV,5,1,8709,2.904239864645524,3.4097458171749904
Attentive CNP,m1,2,104,2000,sparse_tail,Sparse tail 2700-3000 keV,13,47,68,9.05071186724297,9.712230143718541
Attentive CNP,m1,2,105,2000,full,Full 500-3000 keV,442,58,114299,5.113390406453293,6.915553490013431
Attentive CNP,m1,2,105,2000,DEP,Tl-208 DEP 1592 keV,6,0,1323,6.732322000358411,10.488823290391998
Attentive CNP,m1,2,105,2000,Bi-214,Bi-212 1620.74-keV feature,6,0,1361,8.83239622994874,13.067931844747033
Attentive CNP,m1,2,105,2000,continuum_1700_2000,Continuum 1700-2000 keV,60,0,8230,5.130912035498351,6.056010786651785
Attentive CNP,m1,2,105,2000,SE,Tl-208 SE 2103 keV,6,0,2023,13.479558913925574,17.3281559172122
Attentive CNP,m1,2,105,2000,continuum_2200_2400,Continuum 2200-2400 keV,40,0,9093,4.6411235123433325,5.5749514023788205
Attentive CNP,m1,2,105,2000,FE,Tl-208 FE 2614 keV,5,1,8709,2.9462522614752205,3.460403651624982
Attentive CNP,m1,2,105,2000,sparse_tail,Sparse tail 2700-3000 keV,13,47,68,9.02361539691868,9.68389619926425
Attentive CNP,m1,2,106,2000,full,Full 500-3000 keV,442,58,114299,5.1120255263778915,6.914097866174711
Attentive CNP,m1,2,106,2000,DEP,Tl-208 DEP 1592 keV,6,0,1323,6.732609422343039,10.488821733179373
Attentive CNP,m1,2,106,2000,Bi-214,Bi-212 1620.74-keV feature,6,0,1361,8.832597840019702,13.0675418120976
Attentive CNP,m1,2,106,2000,continuum_1700_2000,Continuum 1700-2000 keV,60,0,8230,5.127629034053936,6.0521927276016365
Attentive CNP,m1,2,106,2000,SE,Tl-208 SE 2103 keV,6,0,2023,13.470460776117948,17.320907957895905
Attentive CNP,m1,2,106,2000,continuum_2200_2400,Continuum 2200-2400 keV,40,0,9093,4.645489320000756,5.578865635197591
Attentive CNP,m1,2,106,2000,FE,Tl-208 FE 2614 keV,5,1,8709,2.948768354490089,3.4632175729865247
Attentive CNP,m1,2,106,2000,sparse_tail,Sparse tail 2700-3000 keV,13,47,68,9.020891454275832,9.680809964848013
Attentive CNP,m1,2,107,2000,full,Full 500-3000 keV,442,58,114299,5.1086926168176765,6.908873196183298
Attentive CNP,m1,2,107,2000,DEP,Tl-208 DEP 1592 keV,6,0,1323,6.714042445114517,10.466755259473546
Attentive CNP,m1,2,107,2000,Bi-214,Bi-212 1620.74-keV feature,6,0,1361,8.831584763925672,13.092084518472296
Attentive CNP,m1,2,107,2000,continuum_1700_2000,Continuum 1700-2000 keV,60,0,8230,5.168982678284973,6.097461358091196
Attentive CNP,m1,2,107,2000,SE,Tl-208 SE 2103 keV,6,0,2023,13.532877056963253,17.36994243630106
Attentive CNP,m1,2,107,2000,continuum_2200_2400,Continuum 2200-2400 keV,40,0,9093,4.6541429330359,5.59528346280154
Attentive CNP,m1,2,107,2000,FE,Tl-208 FE 2614 keV,5,1,8709,3.0338309817128493,3.5680246004631795
Attentive CNP,m1,2,107,2000,sparse_tail,Sparse tail 2700-3000 keV,13,47,68,8.96191251564446,9.619609798568488
Attentive CNP,m1,2,108,2000,full,Full 500-3000 keV,442,58,114299,5.108209748726258,6.9086044272070195
Attentive CNP,m1,2,108,2000,DEP,Tl-208 DEP 1592 keV,6,0,1323,6.715205138405443,10.468336980585773
Attentive CNP,m1,2,108,2000,Bi-214,Bi-212 1620.74-keV feature,6,0,1361,8.831742770461574,13.090051471144376
Attentive CNP,m1,2,108,2000,continuum_1700_2000,Continuum 1700-2000 keV,60,0,8230,5.164897133678171,6.092930647935867
Attentive CNP,m1,2,108,2000,SE,Tl-208 SE 2103 keV,6,0,2023,13.52577982354953,17.364408344682293
Attentive CNP,m1,2,108,2000,continuum_2200_2400,Continuum 2200-2400 keV,40,0,9093,4.655443482451698,5.596035571155814
Attentive CNP,m1,2,108,2000,FE,Tl-208 FE 2614 keV,5,1,8709,3.0313922435445595,3.5648768810919456
Attentive CNP,m1,2,108,2000,sparse_tail,Sparse tail 2700-3000 keV,13,47,68,8.964524836870869,9.622415300721432
Attentive CNP,m1,2,109,2000,full,Full 500-3000 keV,442,58,114299,5.108713850151304,6.909032818873663
Attentive CNP,m1,2,109,2000,DEP,Tl-208 DEP 1592 keV,6,0,1323,6.716254449926757,10.46915876469123
Attentive CNP,m1,2,109,2000,Bi-214,Bi-212 1620.74-keV feature,6,0,1361,8.831856279282892,13.089342423690276
Attentive CNP,m1,2,109,2000,continuum_1700_2000,Continuum 1700-2000 keV,60,0,8230,5.164354726510822,6.092417695390614
Attentive CNP,m1,2,109,2000,SE,Tl-208 SE 2103 keV,6,0,2023,13.525997063625653,17.36451795528737
Attentive CNP,m1,2,109,2000,continuum_2200_2400,Continuum 2200-2400 keV,40,0,9093,4.653737046084028,5.59408276198469
Attentive CNP,m1,2,109,2000,FE,Tl-208 FE 2614 keV,5,1,8709,3.0266384421120276,3.5587396970763048
Attentive CNP,m1,2,109,2000,sparse_tail,Sparse tail 2700-3000 keV,13,47,68,8.966304019680324,9.6247859430131
Attentive CNP + PE,m2,0,100,250,full,Full 500-3000 keV,442,58,114299,8.234139809124033,10.557402859215658
Attentive CNP + PE,m2,0,100,250,DEP,Tl-208 DEP 1592 keV,6,0,1323,6.692007864029891,7.470769338581936
Attentive CNP + PE,m2,0,100,250,Bi-214,Bi-212 1620.74-keV feature,6,0,1361,8.126223896110563,9.575491682230295
Attentive CNP + PE,m2,0,100,250,continuum_1700_2000,Continuum 1700-2000 keV,60,0,8230,7.4493740197128,9.390776702887964
Attentive CNP + PE,m2,0,100,250,SE,Tl-208 SE 2103 keV,6,0,2023,5.471542208393389,6.902039003547339
Attentive CNP + PE,m2,0,100,250,continuum_2200_2400,Continuum 2200-2400 keV,40,0,9093,7.3805231058872405,8.507276482789372
Attentive CNP + PE,m2,0,100,250,FE,Tl-208 FE 2614 keV,5,1,8709,6.099315251351621,7.4915612169520545
Attentive CNP + PE,m2,0,100,250,sparse_tail,Sparse tail 2700-3000 keV,13,47,68,25.062495001755273,26.698796102831835
Attentive CNP + PE,m2,0,101,250,full,Full 500-3000 keV,442,58,114299,8.611635151414228,10.925244844238623
Attentive CNP + PE,m2,0,101,250,DEP,Tl-208 DEP 1592 keV,6,0,1323,6.735348055885034,7.731646310341632
Attentive CNP + PE,m2,0,101,250,Bi-214,Bi-212 1620.74-keV feature,6,0,1361,8.461557129505799,10.226183427725868
Attentive CNP + PE,m2,0,101,250,continuum_1700_2000,Continuum 1700-2000 keV,60,0,8230,7.969940190638342,9.91697616600875
Attentive CNP + PE,m2,0,101,250,SE,Tl-208 SE 2103 keV,6,0,2023,6.0499734977770565,7.5010477469854395
Attentive CNP + PE,m2,0,101,250,continuum_2200_2400,Continuum 2200-2400 keV,40,0,9093,8.370805180239985,9.604981214107799
Attentive CNP + PE,m2,0,101,250,FE,Tl-208 FE 2614 keV,5,1,8709,6.6882478462758215,8.336975627393278
Attentive CNP + PE,m2,0,101,250,sparse_tail,Sparse tail 2700-3000 keV,13,47,68,24.555458036404502,26.29783469604191
Attentive CNP + PE,m2,0,102,250,full,Full 500-3000 keV,442,58,114299,8.75009841046278,11.036624313978702
Attentive CNP + PE,m2,0,102,250,DEP,Tl-208 DEP 1592 keV,6,0,1323,6.862904606352453,7.886637327945883
Attentive CNP + PE,m2,0,102,250,Bi-214,Bi-212 1620.74-keV feature,6,0,1361,8.637027264305603,10.366179575007955
Attentive CNP + PE,m2,0,102,250,continuum_1700_2000,Continuum 1700-2000 keV,60,0,8230,8.046346280209296,9.999112155496977
Attentive CNP + PE,m2,0,102,250,SE,Tl-208 SE 2103 keV,6,0,2023,6.233227272401837,7.69666919131749
Attentive CNP + PE,m2,0,102,250,continuum_2200_2400,Continuum 2200-2400 keV,40,0,9093,8.478412151242823,9.683300614180919
Attentive CNP + PE,m2,0,102,250,FE,Tl-208 FE 2614 keV,5,1,8709,6.601402381553953,8.158770960119742
Attentive CNP + PE,m2,0,102,250,sparse_tail,Sparse tail 2700-3000 keV,13,47,68,24.479443332160837,26.231340625355916
Attentive CNP + PE,m2,0,103,250,full,Full 500-3000 keV,442,58,114299,8.033006564491815,10.393058453878696
Attentive CNP + PE,m2,0,103,250,DEP,Tl-208 DEP 1592 keV,6,0,1323,6.5062805987645955,7.15222055296391
Attentive CNP + PE,m2,0,103,250,Bi-214,Bi-212 1620.74-keV feature,6,0,1361,7.853872466375722,9.259259855911187
Attentive CNP + PE,m2,0,103,250,continuum_1700_2000,Continuum 1700-2000 keV,60,0,8230,7.22378638998225,9.121123664327008
Attentive CNP + PE,m2,0,103,250,SE,Tl-208 SE 2103 keV,6,0,2023,5.162588277460989,6.388030315888918
Attentive CNP + PE,m2,0,103,250,continuum_2200_2400,Continuum 2200-2400 keV,40,0,9093,6.785398219622345,7.883529628272084
Attentive CNP + PE,m2,0,103,250,FE,Tl-208 FE 2614 keV,5,1,8709,5.849746998734771,7.208658120039417
Attentive CNP + PE,m2,0,103,250,sparse_tail,Sparse tail 2700-3000 keV,13,47,68,25.727356329132604,27.3861476318759
Attentive CNP + PE,m2,0,104,250,full,Full 500-3000 keV,442,58,114299,8.47912172360391,10.783076293273158
Attentive CNP + PE,m2,0,104,250,DEP,Tl-208 DEP 1592 keV,6,0,1323,6.80634736482548,7.633044902438671
Attentive CNP + PE,m2,0,104,250,Bi-214,Bi-212 1620.74-keV feature,6,0,1361,8.420568995785638,9.897955704770068
Attentive CNP + PE,m2,0,104,250,continuum_1700_2000,Continuum 1700-2000 keV,60,0,8230,7.648263930425528,9.59418094078495
Attentive CNP + PE,m2,0,104,250,SE,Tl-208 SE 2103 keV,6,0,2023,5.722170275825362,7.1992456769225
Attentive CNP + PE,m2,0,104,250,continuum_2200_2400,Continuum 2200-2400 keV,40,0,9093,7.657365691369895,8.793121729929
Attentive CNP + PE,m2,0,104,250,FE,Tl-208 FE 2614 keV,5,1,8709,6.193118954537826,7.605385478916575
Attentive CNP + PE,m2,0,104,250,sparse_tail,Sparse tail 2700-3000 keV,13,47,68,24.948890313886857,26.61222383818459
Attentive CNP + PE,m2,0,105,250,full,Full 500-3000 keV,442,58,114299,8.359620547011987,10.675798602805497
Attentive CNP + PE,m2,0,105,250,DEP,Tl-208 DEP 1592 keV,6,0,1323,6.749287617633129,7.528093785715746
Attentive CNP + PE,m2,0,105,250,Bi-214,Bi-212 1620.74-keV feature,6,0,1361,8.297962396538926,9.74259725447786
Attentive CNP + PE,m2,0,105,250,continuum_1700_2000,Continuum 1700-2000 keV,60,0,8230,7.496862481324379,9.43334604424119
Attentive CNP + PE,m2,0,105,250,SE,Tl-208 SE 2103 keV,6,0,2023,5.542423860495152,6.999682261034647
Attentive CNP + PE,m2,0,105,250,continuum_2200_2400,Continuum 2200-2400 keV,40,0,9093,7.386078171796785,8.506531961744267
Attentive CNP + PE,m2,0,105,250,FE,Tl-208 FE 2614 keV,5,1,8709,5.952318160049069,7.2776348658031855
Attentive CNP + PE,m2,0,105,250,sparse_tail,Sparse tail 2700-3000 keV,13,47,68,25.207420728823944,26.851137093557835
Attentive CNP + PE,m2,0,106,250,full,Full 500-3000 keV,442,58,114299,9.107847975267035,11.327602894840116
Attentive CNP + PE,m2,0,106,250,DEP,Tl-208 DEP 1592 keV,6,0,1323,7.143067950558657,8.312887579518499
Attentive CNP + PE,m2,0,106,250,Bi-214,Bi-212 1620.74-keV feature,6,0,1361,9.080644707080033,10.75021998158583
Attentive CNP + PE,m2,0,106,250,continuum_1700_2000,Continuum 1700-2000 keV,60,0,8230,8.3164583951954,10.27849037779293
Attentive CNP + PE,m2,0,106,250,SE,Tl-208 SE 2103 keV,6,0,2023,6.6617613143760215,8.177887174381139
Attentive CNP + PE,m2,0,106,250,continuum_2200_2400,Continuum 2200-2400 keV,40,0,9093,8.832121419282942,10.003931984430729
Attentive CNP + PE,m2,0,106,250,FE,Tl-208 FE 2614 keV,5,1,8709,6.615739714444771,8.149936718057758
Attentive CNP + PE,m2,0,106,250,sparse_tail,Sparse tail 2700-3000 keV,13,47,68,24.02775997084292,25.728652665969094
Attentive CNP + PE,m2,0,107,250,full,Full 500-3000 keV,442,58,114299,8.406885979493445,10.705852375635368
Attentive CNP + PE,m2,0,107,250,DEP,Tl-208 DEP 1592 keV,6,0,1323,6.831592548518464,7.6585180173602385
Attentive CNP + PE,m2,0,107,250,Bi-214,Bi-212 1620.74-keV feature,6,0,1361,8.352720055838413,9.774187857782426
Attentive CNP + PE,m2,0,107,250,continuum_1700_2000,Continuum 1700-2000 keV,60,0,8230,7.571223361884437,9.519937655338943
Attentive CNP + PE,m2,0,107,250,SE,Tl-208 SE 2103 keV,6,0,2023,5.69497070472342,7.201532429379921
Attentive CNP + PE,m2,0,107,250,continuum_2200_2400,Continuum 2200-2400 keV,40,0,9093,7.597357899065929,8.71760200360372
Attentive CNP + PE,m2,0,107,250,FE,Tl-208 FE 2614 keV,5,1,8709,6.110264987117437,7.443549005613631
Attentive CNP + PE,m2,0,107,250,sparse_tail,Sparse tail 2700-3000 keV,13,47,68,24.982951009933505,26.62163952122861
Attentive CNP + PE,m2,0,108,250,full,Full 500-3000 keV,442,58,114299,7.523581604933806,9.999507023088945
Attentive CNP + PE,m2,0,108,250,DEP,Tl-208 DEP 1592 keV,6,0,1323,5.938622505252528,6.5468080493813945
Attentive CNP + PE,m2,0,108,250,Bi-214,Bi-212 1620.74-keV feature,6,0,1361,6.9581822941074805,8.499250847657287
Attentive CNP + PE,m2,0,108,250,continuum_1700_2000,Continuum 1700-2000 keV,60,0,8230,6.922614073859111,8.634275503786599
Attentive CNP + PE,m2,0,108,250,SE,Tl-208 SE 2103 keV,6,0,2023,4.54717950897467,5.3878122110363185
Attentive CNP + PE,m2,0,108,250,continuum_2200_2400,Continuum 2200-2400 keV,40,0,9093,5.868481315274245,6.943336628325556
Attentive CNP + PE,m2,0,108,250,FE,Tl-208 FE 2614 keV,5,1,8709,5.531230630622086,6.9482032954861035
Attentive CNP + PE,m2,0,108,250,sparse_tail,Sparse tail 2700-3000 keV,13,47,68,27.03820083426363,28.726599829919543
Attentive CNP + PE,m2,0,109,250,full,Full 500-3000 keV,442,58,114299,9.54585625616471,11.757352767899375
Attentive CNP + PE,m2,0,109,250,DEP,Tl-208 DEP 1592 keV,6,0,1323,7.336131449561932,8.702629726730613
Attentive CNP + PE,m2,0,109,250,Bi-214,Bi-212 1620.74-keV feature,6,0,1361,9.46710896030865,11.413530113867806
Attentive CNP + PE,m2,0,109,250,continuum_1700_2000,Continuum 1700-2000 keV,60,0,8230,8.783538271767325,10.815395904701667
Attentive CNP + PE,m2,0,109,250,SE,Tl-208 SE 2103 keV,6,0,2023,7.3169126872996895,8.780623347275535
Attentive CNP + PE,m2,0,109,250,continuum_2200_2400,Continuum 2200-2400 keV,40,0,9093,9.771848395664815,10.908624667155289
Attentive CNP + PE,m2,0,109,250,FE,Tl-208 FE 2614 keV,5,1,8709,6.891547244584048,8.544507949396587
Attentive CNP + PE,m2,0,109,250,sparse_tail,Sparse tail 2700-3000 keV,13,47,68,23.71982250615533,25.49757145770072
Attentive CNP + PE,m2,0,100,500,full,Full 500-3000 keV,442,58,114299,9.699605116207556,11.823088264195144
Attentive CNP + PE,m2,0,100,500,DEP,Tl-208 DEP 1592 keV,6,0,1323,7.791049198498653,9.254749618292541
Attentive CNP + PE,m2,0,100,500,Bi-214,Bi-212 1620.74-keV feature,6,0,1361,9.697345214562725,11.500520526148478
Attentive CNP + PE,m2,0,100,500,continuum_1700_2000,Continuum 1700-2000 keV,60,0,8230,8.936452007747949,10.96067723823419
Attentive CNP + PE,m2,0,100,500,SE,Tl-208 SE 2103 keV,6,0,2023,7.7772189996115335,9.251282470206876
Attentive CNP + PE,m2,0,100,500,continuum_2200_2400,Continuum 2200-2400 keV,40,0,9093,9.959041835792949,11.063344228940455
Attentive CNP + PE,m2,0,100,500,FE,Tl-208 FE 2614 keV,5,1,8709,7.0048306960883195,8.537766741117297
Attentive CNP + PE,m2,0,100,500,sparse_tail,Sparse tail 2700-3000 keV,13,47,68,22.729685137444903,24.425734570928377
Attentive CNP + PE,m2,0,101,500,full,Full 500-3000 keV,442,58,114299,9.12427617349155,11.375063180503146
Attentive CNP + PE,m2,0,101,500,DEP,Tl-208 DEP 1592 keV,6,0,1323,7.066798145434215,8.361458791361082
Attentive CNP + PE,m2,0,101,500,Bi-214,Bi-212 1620.74-keV feature,6,0,1361,9.01526895576917,10.968952177498064
Attentive CNP + PE,m2,0,101,500,continuum_1700_2000,Continuum 1700-2000 keV,60,0,8230,8.492328023270783,10.505514827323143
Attentive CNP + PE,m2,0,101,500,SE,Tl-208 SE 2103 keV,6,0,2023,6.872961398185762,8.389844499990353
Attentive CNP + PE,m2,0,101,500,continuum_2200_2400,Continuum 2200-2400 keV,40,0,9093,9.34407174475193,10.556284023326107
Attentive CNP + PE,m2,0,101,500,FE,Tl-208 FE 2614 keV,5,1,8709,7.0031568018540336,8.714530069975227
Attentive CNP + PE,m2,0,101,500,sparse_tail,Sparse tail 2700-3000 keV,13,47,68,23.643689624722285,25.460868345953653
Attentive CNP + PE,m2,0,102,500,full,Full 500-3000 keV,442,58,114299,9.67016648409916,11.862737291909967
Attentive CNP + PE,m2,0,102,500,DEP,Tl-208 DEP 1592 keV,6,0,1323,7.636377208386828,8.951928880509008
Attentive CNP + PE,m2,0,102,500,Bi-214,Bi-212 1620.74-keV feature,6,0,1361,9.571344291479882,11.672639873455289
Attentive CNP + PE,m2,0,102,500,continuum_1700_2000,Continuum 1700-2000 keV,60,0,8230,8.989173503703194,11.068214435256767
Attentive CNP + PE,m2,0,102,500,SE,Tl-208 SE 2103 keV,6,0,2023,7.635402136087252,9.164043116916604
Attentive CNP + PE,m2,0,102,500,continuum_2200_2400,Continuum 2200-2400 keV,40,0,9093,10.305828559621972,11.407830780545563
Attentive CNP + PE,m2,0,102,500,FE,Tl-208 FE 2614 keV,5,1,8709,7.195056057962559,8.87423950095437
Attentive CNP + PE,m2,0,102,500,sparse_tail,Sparse tail 2700-3000 keV,13,47,68,23.09047558193041,24.916889107186876
Attentive CNP + PE,m2,0,103,500,full,Full 500-3000 keV,442,58,114299,8.173491350872695,10.500727874536372
Attentive CNP + PE,m2,0,103,500,DEP,Tl-208 DEP 1592 keV,6,0,1323,6.687176178361513,7.42220203342448
Attentive CNP + PE,m2,0,103,500,Bi-214,Bi-212 1620.74-keV feature,6,0,1361,8.0855256261381,9.509462834544204
Attentive CNP + PE,m2,0,103,500,continuum_1700_2000,Continuum 1700-2000 keV,60,0,8230,7.365005423946175,9.286242582917433
Attentive CNP + PE,m2,0,103,500,SE,Tl-208 SE 2103 keV,6,0,2023,5.439574061874374,6.842370521359023
Attentive CNP + PE,m2,0,103,500,continuum_2200_2400,Continuum 2200-2400 keV,40,0,9093,7.133847492921566,8.256069401969844
Attentive CNP + PE,m2,0,103,500,FE,Tl-208 FE 2614 keV,5,1,8709,5.993956568593947,7.325774631825091
Attentive CNP + PE,m2,0,103,500,sparse_tail,Sparse tail 2700-3000 keV,13,47,68,25.16842494383432,26.852298777415413
Attentive CNP + PE,m2,0,104,500,full,Full 500-3000 keV,442,58,114299,8.587591470506247,10.87077488771014
Attentive CNP + PE,m2,0,104,500,DEP,Tl-208 DEP 1592 keV,6,0,1323,6.914865224366334,7.816019222167951
Attentive CNP + PE,m2,0,104,500,Bi-214,Bi-212 1620.74-keV feature,6,0,1361,8.573506893625737,10.112570484500916
Attentive CNP + PE,m2,0,104,500,continuum_1700_2000,Continuum 1700-2000 keV,60,0,8230,7.800037108522728,9.737540480114605
Attentive CNP + PE,m2,0,104,500,SE,Tl-208 SE 2103 keV,6,0,2023,6.018211485758274,7.518888648363031
Attentive CNP + PE,m2,0,104,500,continuum_2200_2400,Continuum 2200-2400 keV,40,0,9093,7.9490960990906,9.102934183170754
Attentive CNP + PE,m2,0,104,500,FE,Tl-208 FE 2614 keV,5,1,8709,6.349562218928721,7.780446121051147
Attentive CNP + PE,m2,0,104,500,sparse_tail,Sparse tail 2700-3000 keV,13,47,68,24.59579699300547,26.315897644573287
Attentive CNP + PE,m2,0,105,500,full,Full 500-3000 keV,442,58,114299,8.676246352219245,10.94172319833885
Attentive CNP + PE,m2,0,105,500,DEP,Tl-208 DEP 1592 keV,6,0,1323,6.981500093819247,7.908099736843592
Attentive CNP + PE,m2,0,105,500,Bi-214,Bi-212 1620.74-keV feature,6,0,1361,8.698949844603606,10.226365051437845
Attentive CNP + PE,m2,0,105,500,continuum_1700_2000,Continuum 1700-2000 keV,60,0,8230,7.835848512056394,9.77523021424778
Attentive CNP + PE,m2,0,105,500,SE,Tl-208 SE 2103 keV,6,0,2023,6.121947975821712,7.6187135780546
Attentive CNP + PE,m2,0,105,500,continuum_2200_2400,Continuum 2200-2400 keV,40,0,9093,7.966243823181192,9.108970947919891
Attentive CNP + PE,m2,0,105,500,FE,Tl-208 FE 2614 keV,5,1,8709,6.1892840746530915,7.559345963983103
Attentive CNP + PE,m2,0,105,500,sparse_tail,Sparse tail 2700-3000 keV,13,47,68,24.57352108671042,26.278026276458426
Attentive CNP + PE,m2,0,106,500,full,Full 500-3000 keV,442,58,114299,8.992426010908432,11.233264269290242
Attentive CNP + PE,m2,0,106,500,DEP,Tl-208 DEP 1592 keV,6,0,1323,7.08891436326127,8.204451937880933
Attentive CNP + PE,m2,0,106,500,Bi-214,Bi-212 1620.74-keV feature,6,0,1361,8.97335273375968,10.690662858643762
Attentive CNP + PE,m2,0,106,500,continuum_1700_2000,Continuum 1700-2000 keV,60,0,8230,8.234232337384427,10.200291983568157
Attentive CNP + PE,m2,0,106,500,SE,Tl-208 SE 2103 keV,6,0,2023,6.631655661379349,8.145653480856163
Attentive CNP + PE,m2,0,106,500,continuum_2200_2400,Continuum 2200-2400 keV,40,0,9093,8.742274691803734,9.930974080411476
Attentive CNP + PE,m2,0,106,500,FE,Tl-208 FE 2614 keV,5,1,8709,6.65757271780292,8.198449296566341
Attentive CNP + PE,m2,0,106,500,sparse_tail,Sparse tail 2700-3000 keV,13,47,68,24.018533473181403,25.79522822744587
Attentive CNP + PE,m2,0,107,500,full,Full 500-3000 keV,442,58,114299,8.332019843386359,10.647707777045925
Attentive CNP + PE,m2,0,107,500,DEP,Tl-208 DEP 1592 keV,6,0,1323,6.78454004993805,7.5612842054414235
Attentive CNP + PE,m2,0,107,500,Bi-214,Bi-212 1620.74-keV feature,6,0,1361,8.277436030229842,9.735127724231607
Attentive CNP + PE,m2,0,107,500,continuum_1700_2000,Continuum 1700-2000 keV,60,0,8230,7.502112346221826,9.440917718804753
Attentive CNP + PE,m2,0,107,500,SE,Tl-208 SE 2103 keV,6,0,2023,5.627254208911923,7.129092378012013
Attentive CNP + PE,m2,0,107,500,continuum_2200_2400,Continuum 2200-2400 keV,40,0,9093,7.440220999055866,8.5671562979913
Attentive CNP + PE,m2,0,107,500,FE,Tl-208 FE 2614 keV,5,1,8709,6.079997012796325,7.424036868744152
Attentive CNP + PE,m2,0,107,500,sparse_tail,Sparse tail 2700-3000 keV,13,47,68,25.040059454231674,26.745603879511176
Attentive CNP + PE,m2,0,108,500,full,Full 500-3000 keV,442,58,114299,8.09793081748471,10.451919896297458
Attentive CNP + PE,m2,0,108,500,DEP,Tl-208 DEP 1592 keV,6,0,1323,6.536226912043739,7.246068071805496
Attentive CNP + PE,m2,0,108,500,Bi-214,Bi-212 1620.74-keV feature,6,0,1361,7.937283632084087,9.467414521505065
Attentive CNP + PE,m2,0,108,500,continuum_1700_2000,Continuum 1700-2000 keV,60,0,8230,7.3529863048648005,9.246450358421395
Attentive CNP + PE,m2,0,108,500,SE,Tl-208 SE 2103 keV,6,0,2023,5.327043486026179,6.705177636051074
Attentive CNP + PE,m2,0,108,500,continuum_2200_2400,Continuum 2200-2400 keV,40,0,9093,7.1466362907109655,8.295875002313565
Attentive CNP + PE,m2,0,108,500,FE,Tl-208 FE 2614 keV,5,1,8709,6.057410347988686,7.469514754613901
Attentive CNP + PE,m2,0,108,500,sparse_tail,Sparse tail 2700-3000 keV,13,47,68,25.38663734136773,27.12166954595644
Attentive CNP + PE,m2,0,109,500,full,Full 500-3000 keV,442,58,114299,9.217553935410496,11.423004349693084
Attentive CNP + PE,m2,0,109,500,DEP,Tl-208 DEP 1592 keV,6,0,1323,7.253732448001441,8.480620506291203
Attentive CNP + PE,m2,0,109,500,Bi-214,Bi-212 1620.74-keV feature,6,0,1361,9.228828844558894,10.942990734423134
Attentive CNP + PE,m2,0,109,500,continuum_1700_2000,Continuum 1700-2000 keV,60,0,8230,8.4257389507632,10.396678746577198
Attentive CNP + PE,m2,0,109,500,SE,Tl-208 SE 2103 keV,6,0,2023,6.931327535397089,8.43361331299255
Attentive CNP + PE,m2,0,109,500,continuum_2200_2400,Continuum 2200-2400 keV,40,0,9093,9.007539155372475,10.168784656376797
Attentive CNP + PE,m2,0,109,500,FE,Tl-208 FE 2614 keV,5,1,8709,6.670028840304673,8.202665918238448
Attentive CNP + PE,m2,0,109,500,sparse_tail,Sparse tail 2700-3000 keV,13,47,68,23.80589955942572,25.56182520994185
Attentive CNP + PE,m2,0,100,1000,full,Full 500-3000 keV,442,58,114299,9.225291884887332,11.396476462417697
Attentive CNP + PE,m2,0,100,1000,DEP,Tl-208 DEP 1592 keV,6,0,1323,7.240854566590017,8.579699130932369
Attentive CNP + PE,m2,0,100,1000,Bi-214,Bi-212 1620.74-keV feature,6,0,1361,9.214897370360164,10.866673198802763
Attentive CNP + PE,m2,0,100,1000,continuum_1700_2000,Continuum 1700-2000 keV,60,0,8230,8.461662390099423,10.427322635840802
Attentive CNP + PE,m2,0,100,1000,SE,Tl-208 SE 2103 keV,6,0,2023,6.981745878902991,8.539907674172253
Attentive CNP + PE,m2,0,100,1000,continuum_2200_2400,Continuum 2200-2400 keV,40,0,9093,9.113871311431373,10.273374158137724
Attentive CNP + PE,m2,0,100,1000,FE,Tl-208 FE 2614 keV,5,1,8709,6.731918301046347,8.24945427996121
Attentive CNP + PE,m2,0,100,1000,sparse_tail,Sparse tail 2700-3000 keV,13,47,68,23.55673175482855,25.189272967169927
Attentive CNP + PE,m2,0,101,1000,full,Full 500-3000 keV,442,58,114299,10.375979344106634,12.47701496324395
Attentive CNP + PE,m2,0,101,1000,DEP,Tl-208 DEP 1592 keV,6,0,1323,8.399058295964428,9.850857423010865
Attentive CNP + PE,m2,0,101,1000,Bi-214,Bi-212 1620.74-keV feature,6,0,1361,10.170657516148003,12.405633160820353
Attentive CNP + PE,m2,0,101,1000,continuum_1700_2000,Continuum 1700-2000 keV,60,0,8230,9.702983940549736,11.830750552935735
Attentive CNP + PE,m2,0,101,1000,SE,Tl-208 SE 2103 keV,6,0,2023,8.645645970503118,10.112321343937264
Attentive CNP + PE,m2,0,101,1000,continuum_2200_2400,Continuum 2200-2400 keV,40,0,9093,11.515979867751595,12.488430504092301
Attentive CNP + PE,m2,0,101,1000,FE,Tl-208 FE 2614 keV,5,1,8709,7.956663706254756,9.427006868770055
Attentive CNP + PE,m2,0,101,1000,sparse_tail,Sparse tail 2700-3000 keV,13,47,68,22.176300103957196,23.92348334347184
Attentive CNP + PE,m2,0,102,1000,full,Full 500-3000 keV,442,58,114299,10.261921830285711,12.381965362118715
Attentive CNP + PE,m2,0,102,1000,DEP,Tl-208 DEP 1592 keV,6,0,1323,8.228903175085108,9.637358671924398
Attentive CNP + PE,m2,0,102,1000,Bi-214,Bi-212 1620.74-keV feature,6,0,1361,10.063236402770722,12.312214633369988
Attentive CNP + PE,m2,0,102,1000,continuum_1700_2000,Continuum 1700-2000 keV,60,0,8230,9.5893122401361,11.720774563889655
Attentive CNP + PE,m2,0,102,1000,SE,Tl-208 SE 2103 keV,6,0,2023,8.463381821565408,9.946862436865546
Attentive CNP + PE,m2,0,102,1000,continuum_2200_2400,Continuum 2200-2400 keV,40,0,9093,11.361634905338299,12.352060343424574
Attentive CNP + PE,m2,0,102,1000,FE,Tl-208 FE 2614 keV,5,1,8709,7.805932760658471,9.338769126448776
Attentive CNP + PE,m2,0,102,1000,sparse_tail,Sparse tail 2700-3000 keV,13,47,68,22.404481777568773,24.158556793919256
Attentive CNP + PE,m2,0,103,1000,full,Full 500-3000 keV,442,58,114299,8.552573926464959,10.824906256791419
Attentive CNP + PE,m2,0,103,1000,DEP,Tl-208 DEP 1592 keV,6,0,1323,6.853479024782266,7.775198073377823
Attentive CNP + PE,m2,0,103,1000,Bi-214,Bi-212 1620.74-keV feature,6,0,1361,8.523138853526502,10.00798840937275
Attentive CNP + PE,m2,0,103,1000,continuum_1700_2000,Continuum 1700-2000 keV,60,0,8230,7.747086095492202,9.686522605813067
Attentive CNP + PE,m2,0,103,1000,SE,Tl-208 SE 2103 keV,6,0,2023,5.935413512510016,7.479812123662444
Attentive CNP + PE,m2,0,103,1000,continuum_2200_2400,Continuum 2200-2400 keV,40,0,9093,7.8830528515572995,9.01725695637744
Attentive CNP + PE,m2,0,103,1000,FE,Tl-208 FE 2614 keV,5,1,8709,6.241118619859555,7.620833162790733
Attentive CNP + PE,m2,0,103,1000,sparse_tail,Sparse tail 2700-3000 keV,13,47,68,24.67731496914129,26.307568868870245
Attentive CNP + PE,m2,0,104,1000,full,Full 500-3000 keV,442,58,114299,8.466786208968196,10.777665845725231
Attentive CNP + PE,m2,0,104,1000,DEP,Tl-208 DEP 1592 keV,6,0,1323,6.723050314155919,7.5686244332722
Attentive CNP + PE,m2,0,104,1000,Bi-214,Bi-212 1620.74-keV feature,6,0,1361,8.403893418353299,9.93833382465758
Attentive CNP + PE,m2,0,104,1000,continuum_1700_2000,Continuum 1700-2000 keV,60,0,8230,7.655367050555292,9.591891082079917
Attentive CNP + PE,m2,0,104,1000,SE,Tl-208 SE 2103 keV,6,0,2023,5.7839372804981055,7.280334115748964
Attentive CNP + PE,m2,0,104,1000,continuum_2200_2400,Continuum 2200-2400 keV,40,0,9093,7.7353453102262355,8.875726130564624
Attentive CNP + PE,m2,0,104,1000,FE,Tl-208 FE 2614 keV,5,1,8709,6.172343436932091,7.56740858225182
Attentive CNP + PE,m2,0,104,1000,sparse_tail,Sparse tail 2700-3000 keV,13,47,68,25.10713297547594,26.772276152046466
Attentive CNP + PE,m2,0,105,1000,full,Full 500-3000 keV,442,58,114299,8.518337249418872,10.816065927963807
Attentive CNP + PE,m2,0,105,1000,DEP,Tl-208 DEP 1592 keV,6,0,1323,6.760718792285012,7.642975261563286
Attentive CNP + PE,m2,0,105,1000,Bi-214,Bi-212 1620.74-keV feature,6,0,1361,8.471585259660353,10.021891559504606
Attentive CNP + PE,m2,0,105,1000,continuum_1700_2000,Continuum 1700-2000 keV,60,0,8230,7.722119512182098,9.656901431827354
Attentive CNP + PE,m2,0,105,1000,SE,Tl-208 SE 2103 keV,6,0,2023,5.878259797284479,7.377357692997512
Attentive CNP + PE,m2,0,105,1000,continuum_2200_2400,Continuum 2200-2400 keV,40,0,9093,7.848073302789901,8.99338463085337
Attentive CNP + PE,m2,0,105,1000,FE,Tl-208 FE 2614 keV,5,1,8709,6.209328531472752,7.614959849817714
Attentive CNP + PE,m2,0,105,1000,sparse_tail,Sparse tail 2700-3000 keV,13,47,68,24.90851713025748,26.572370737033808
Attentive CNP + PE,m2,0,106,1000,full,Full 500-3000 keV,442,58,114299,8.887923141244116,11.133260765461797
Attentive CNP + PE,m2,0,106,1000,DEP,Tl-208 DEP 1592 keV,6,0,1323,6.959812502621919,8.05080242104915
Attentive CNP + PE,m2,0,106,1000,Bi-214,Bi-212 1620.74-keV feature,6,0,1361,8.85390547020092,10.516002968368115
Attentive CNP + PE,m2,0,106,1000,continuum_1700_2000,Continuum 1700-2000 keV,60,0,8230,8.125643752081393,10.076035861084232
Attentive CNP + PE,m2,0,106,1000,SE,Tl-208 SE 2103 keV,6,0,2023,6.435992317340165,7.961987102162188
Attentive CNP + PE,m2,0,106,1000,continuum_2200_2400,Continuum 2200-2400 keV,40,0,9093,8.556043233291774,9.727463214905132
Attentive CNP + PE,m2,0,106,1000,FE,Tl-208 FE 2614 keV,5,1,8709,6.513797406343869,8.00884642854021
Attentive CNP + PE,m2,0,106,1000,sparse_tail,Sparse tail 2700-3000 keV,13,47,68,24.29532711759452,25.970419231356107
Attentive CNP + PE,m2,0,107,1000,full,Full 500-3000 keV,442,58,114299,9.390996246112092,11.583344071694018
Attentive CNP + PE,m2,0,107,1000,DEP,Tl-208 DEP 1592 keV,6,0,1323,7.242093637981793,8.610395394187794
Attentive CNP + PE,m2,0,107,1000,Bi-214,Bi-212 1620.74-keV feature,6,0,1361,9.323781918172548,11.168167961490372
Attentive CNP + PE,m2,0,107,1000,continuum_1700_2000,Continuum 1700-2000 keV,60,0,8230,8.65443263662775,10.65625647917172
Attentive CNP + PE,m2,0,107,1000,SE,Tl-208 SE 2103 keV,6,0,2023,7.192736431397384,8.733479647334178
Attentive CNP + PE,m2,0,107,1000,continuum_2200_2400,Continuum 2200-2400 keV,40,0,9093,9.556032073219551,10.709350935585645
Attentive CNP + PE,m2,0,107,1000,FE,Tl-208 FE 2614 keV,5,1,8709,6.885605894265949,8.498301012821749
Attentive CNP + PE,m2,0,107,1000,sparse_tail,Sparse tail 2700-3000 keV,13,47,68,23.634483096803308,25.34477722322978
Attentive CNP + PE,m2,0,108,1000,full,Full 500-3000 keV,442,58,114299,8.802944979388242,11.055439979811062
Attentive CNP + PE,m2,0,108,1000,DEP,Tl-208 DEP 1592 keV,6,0,1323,6.92713259532203,8.00225285391422
Attentive CNP + PE,m2,0,108,1000,Bi-214,Bi-212 1620.74-keV feature,6,0,1361,8.75226828792025,10.398350620206003
Attentive CNP + PE,m2,0,108,1000,continuum_1700_2000,Continuum 1700-2000 keV,60,0,8230,8.066535861060615,10.015652856090165
Attentive CNP + PE,m2,0,108,1000,SE,Tl-208 SE 2103 keV,6,0,2023,6.352682810939646,7.886932967847561
Attentive CNP + PE,m2,0,108,1000,continuum_2200_2400,Continuum 2200-2400 keV,40,0,9093,8.499659266425239,9.672765538878554
Attentive CNP + PE,m2,0,108,1000,FE,Tl-208 FE 2614 keV,5,1,8709,6.532898482720688,8.021003252583107
Attentive CNP + PE,m2,0,108,1000,sparse_tail,Sparse tail 2700-3000 keV,13,47,68,24.33229930683469,25.9999660448546
Attentive CNP + PE,m2,0,109,1000,full,Full 500-3000 keV,442,58,114299,9.170311955574153,11.373755268759677
Attentive CNP + PE,m2,0,109,1000,DEP,Tl-208 DEP 1592 keV,6,0,1323,7.135855280158841,8.393168063298509
Attentive CNP + PE,m2,0,109,1000,Bi-214,Bi-212 1620.74-keV feature,6,0,1361,9.149560045207505,10.861537951983113
Attentive CNP + PE,m2,0,109,1000,continuum_1700_2000,Continuum 1700-2000 keV,60,0,8230,8.399812754275453,10.367354169258371
Attentive CNP + PE,m2,0,109,1000,SE,Tl-208 SE 2103 keV,6,0,2023,6.8305605405452425,8.392787627028099
Attentive CNP + PE,m2,0,109,1000,continuum_2200_2400,Continuum 2200-2400 keV,40,0,9093,9.032702266109304,10.197256844654243
Attentive CNP + PE,m2,0,109,1000,FE,Tl-208 FE 2614 keV,5,1,8709,6.639628504026586,8.162780427165037
Attentive CNP + PE,m2,0,109,1000,sparse_tail,Sparse tail 2700-3000 keV,13,47,68,23.959367305936066,25.629402109484868
Attentive CNP + PE,m2,0,100,2000,full,Full 500-3000 keV,442,58,114299,8.92589607504761,11.161436237947719
Attentive CNP + PE,m2,0,100,2000,DEP,Tl-208 DEP 1592 keV,6,0,1323,7.094211960510914,8.221034868151854
Attentive CNP + PE,m2,0,100,2000,Bi-214,Bi-212 1620.74-keV feature,6,0,1361,8.934031977446978,10.50617832348963
Attentive CNP + PE,m2,0,100,2000,continuum_1700_2000,Continuum 1700-2000 keV,60,0,8230,8.133872715516437,10.088234137358427
Attentive CNP + PE,m2,0,100,2000,SE,Tl-208 SE 2103 keV,6,0,2023,6.468680053489473,8.010932395052302
Attentive CNP + PE,m2,0,100,2000,continuum_2200_2400,Continuum 2200-2400 keV,40,0,9093,8.56774451799428,9.72718990470627
Attentive CNP + PE,m2,0,100,2000,FE,Tl-208 FE 2614 keV,5,1,8709,6.5074008452527625,7.96518596468734
Attentive CNP + PE,m2,0,100,2000,sparse_tail,Sparse tail 2700-3000 keV,13,47,68,24.23981022144931,25.971045689295853
Attentive CNP + PE,m2,0,101,2000,full,Full 500-3000 keV,442,58,114299,9.123389874164047,11.340211867959221
Attentive CNP + PE,m2,0,101,2000,DEP,Tl-208 DEP 1592 keV,6,0,1323,7.172405043608561,8.424823823145234
Attentive CNP + PE,m2,0,101,2000,Bi-214,Bi-212 1620.74-keV feature,6,0,1361,9.115138260739249,10.784236162205987
Attentive CNP + PE,m2,0,101,2000,continuum_1700_2000,Continuum 1700-2000 keV,60,0,8230,8.35750841249468,10.328586026655486
Attentive CNP + PE,m2,0,101,2000,SE,Tl-208 SE 2103 keV,6,0,2023,6.759195212462461,8.31388747338843
Attentive CNP + PE,m2,0,101,2000,continuum_2200_2400,Continuum 2200-2400 keV,40,0,9093,8.981152398927064,10.15472143992691
Attentive CNP + PE,m2,0,101,2000,FE,Tl-208 FE 2614 keV,5,1,8709,6.6854819405025205,8.202628545010647
Attentive CNP + PE,m2,0,101,2000,sparse_tail,Sparse tail 2700-3000 keV,13,47,68,23.97732187551268,25.728615909482315
Attentive CNP + PE,m2,0,102,2000,full,Full 500-3000 keV,442,58,114299,9.025469851507605,11.269737834069044
Attentive CNP + PE,m2,0,102,2000,DEP,Tl-208 DEP 1592 keV,6,0,1323,7.071118167578634,8.244833065498774
Attentive CNP + PE,m2,0,102,2000,Bi-214,Bi-212 1620.74-keV feature,6,0,1361,9.008234312045165,10.6994128708114
Attentive CNP + PE,m2,0,102,2000,continuum_1700_2000,Continuum 1700-2000 keV,60,0,8230,8.265500683198814,10.236646555422404
Attentive CNP + PE,m2,0,102,2000,SE,Tl-208 SE 2103 keV,6,0,2023,6.608158274363827,8.126650152663663
Attentive CNP + PE,m2,0,102,2000,continuum_2200_2400,Continuum 2200-2400 keV,40,0,9093,8.833401450032023,10.020697125337465
Attentive CNP + PE,m2,0,102,2000,FE,Tl-208 FE 2614 keV,5,1,8709,6.646353479748424,8.177050693883785
Attentive CNP + PE,m2,0,102,2000,sparse_tail,Sparse tail 2700-3000 keV,13,47,68,24.22625279131375,26.00192234819194
Attentive CNP + PE,m2,0,103,2000,full,Full 500-3000 keV,442,58,114299,9.165440036933546,11.36952855304536
Attentive CNP + PE,m2,0,103,2000,DEP,Tl-208 DEP 1592 keV,6,0,1323,7.222180703926156,8.49979952836374
Attentive CNP + PE,m2,0,103,2000,Bi-214,Bi-212 1620.74-keV feature,6,0,1361,9.165381277619026,10.809040117820924
Attentive CNP + PE,m2,0,103,2000,continuum_1700_2000,Continuum 1700-2000 keV,60,0,8230,8.385213429165244,10.354733853341239
Attentive CNP + PE,m2,0,103,2000,SE,Tl-208 SE 2103 keV,6,0,2023,6.836286842695885,8.373190708322596
Attentive CNP + PE,m2,0,103,2000,continuum_2200_2400,Continuum 2200-2400 keV,40,0,9093,8.995098217862761,10.161740309741568
Attentive CNP + PE,m2,0,103,2000,FE,Tl-208 FE 2614 keV,5,1,8709,6.687097898104681,8.193857926036761
Attentive CNP + PE,m2,0,103,2000,sparse_tail,Sparse tail 2700-3000 keV,13,47,68,23.87925206951122,25.613883277330125
Attentive CNP + PE,m2,0,104,2000,full,Full 500-3000 keV,442,58,114299,8.373921448026083,10.708803433534847
Attentive CNP + PE,m2,0,104,2000,DEP,Tl-208 DEP 1592 keV,6,0,1323,6.737084415786164,7.551581146559455
Attentive CNP + PE,m2,0,104,2000,Bi-214,Bi-212 1620.74-keV feature,6,0,1361,8.323404757845655,9.797808314550835
Attentive CNP + PE,m2,0,104,2000,continuum_1700_2000,Continuum 1700-2000 keV,60,0,8230,7.556117003025063,9.493378921505627
Attentive CNP + PE,m2,0,104,2000,SE,Tl-208 SE 2103 keV,6,0,2023,5.61928966794821,7.104060634808899
Attentive CNP + PE,m2,0,104,2000,continuum_2200_2400,Continuum 2200-2400 keV,40,0,9093,7.569812752962384,8.706669977016485
Attentive CNP + PE,m2,0,104,2000,FE,Tl-208 FE 2614 keV,5,1,8709,6.120265215674976,7.491720948687923
Attentive CNP + PE,m2,0,104,2000,sparse_tail,Sparse tail 2700-3000 keV,13,47,68,25.309139232590006,27.0447099763445
Attentive CNP + PE,m2,0,105,2000,full,Full 500-3000 keV,442,58,114299,8.564733950256102,10.862515726251308
Attentive CNP + PE,m2,0,105,2000,DEP,Tl-208 DEP 1592 keV,6,0,1323,6.8709130586529525,7.795293736790569
Attentive CNP + PE,m2,0,105,2000,Bi-214,Bi-212 1620.74-keV feature,6,0,1361,8.554579497652865,10.055958679228901
Attentive CNP + PE,m2,0,105,2000,continuum_1700_2000,Continuum 1700-2000 keV,60,0,8230,7.763290241560353,9.70415980548969
Attentive CNP + PE,m2,0,105,2000,SE,Tl-208 SE 2103 keV,6,0,2023,5.926941444708384,7.429133107371627
Attentive CNP + PE,m2,0,105,2000,continuum_2200_2400,Continuum 2200-2400 keV,40,0,9093,7.919707514197734,9.068929604907527
Attentive CNP + PE,m2,0,105,2000,FE,Tl-208 FE 2614 keV,5,1,8709,6.264975255634591,7.667247814231619
Attentive CNP + PE,m2,0,105,2000,sparse_tail,Sparse tail 2700-3000 keV,13,47,68,24.85445526984938,26.58578693846773
Attentive CNP + PE,m2,0,106,2000,full,Full 500-3000 keV,442,58,114299,8.732382038465952,11.019926634866804
Attentive CNP + PE,m2,0,106,2000,DEP,Tl-208 DEP 1592 keV,6,0,1323,6.910912779845534,7.915189630388696
Attentive CNP + PE,m2,0,106,2000,Bi-214,Bi-212 1620.74-keV feature,6,0,1361,8.714557380030929,10.329453238959326
Attentive CNP + PE,m2,0,106,2000,continuum_1700_2000,Continuum 1700-2000 keV,60,0,8230,7.962162434672641,9.907834481013882
Attentive CNP + PE,m2,0,106,2000,SE,Tl-208 SE 2103 keV,6,0,2023,6.184229777249023,7.668977319809002
Attentive CNP + PE,m2,0,106,2000,continuum_2200_2400,Continuum 2200-2400 keV,40,0,9093,8.279482326536055,9.458220610056525
Attentive CNP + PE,m2,0,106,2000,FE,Tl-208 FE 2614 keV,5,1,8709,6.42657045135048,7.897767946183443
Attentive CNP + PE,m2,0,106,2000,sparse_tail,Sparse tail 2700-3000 keV,13,47,68,24.684543668160853,26.451987530040793
Attentive CNP + PE,m2,0,107,2000,full,Full 500-3000 keV,442,58,114299,9.161837962686214,11.37964388152112
Attentive CNP + PE,m2,0,107,2000,DEP,Tl-208 DEP 1592 keV,6,0,1323,7.175671710152237,8.447317488019882
Attentive CNP + PE,m2,0,107,2000,Bi-214,Bi-212 1620.74-keV feature,6,0,1361,9.13711043605357,10.834296538478204
Attentive CNP + PE,m2,0,107,2000,continuum_1700_2000,Continuum 1700-2000 keV,60,0,8230,8.402100758780987,10.381460809472012
Attentive CNP + PE,m2,0,107,2000,SE,Tl-208 SE 2103 keV,6,0,2023,6.811980041658357,8.363451331467754
Attentive CNP + PE,m2,0,107,2000,continuum_2200_2400,Continuum 2200-2400 keV,40,0,9093,9.082047241490674,10.257937916213402
Attentive CNP + PE,m2,0,107,2000,FE,Tl-208 FE 2614 keV,5,1,8709,6.756974457163628,8.304683625750782
Attentive CNP + PE,m2,0,107,2000,sparse_tail,Sparse tail 2700-3000 keV,13,47,68,23.953669567192854,25.71639756900789
Attentive CNP + PE,m2,0,108,2000,full,Full 500-3000 keV,442,58,114299,9.084834444950657,11.296333554874169
Attentive CNP + PE,m2,0,108,2000,DEP,Tl-208 DEP 1592 keV,6,0,1323,7.179544260575496,8.436350291259597
Attentive CNP + PE,m2,0,108,2000,Bi-214,Bi-212 1620.74-keV feature,6,0,1361,9.075905729270445,10.719399130215294
Attentive CNP + PE,m2,0,108,2000,continuum_1700_2000,Continuum 1700-2000 keV,60,0,8230,8.335142008206828,10.304535899527446
Attentive CNP + PE,m2,0,108,2000,SE,Tl-208 SE 2103 keV,6,0,2023,6.71390349581527,8.284692688537321
Attentive CNP + PE,m2,0,108,2000,continuum_2200_2400,Continuum 2200-2400 keV,40,0,9093,8.949934722560721,10.12763917237084
Attentive CNP + PE,m2,0,108,2000,FE,Tl-208 FE 2614 keV,5,1,8709,6.729185618161934,8.255550841717618
Attentive CNP + PE,m2,0,108,2000,sparse_tail,Sparse tail 2700-3000 keV,13,47,68,23.852847309898806,25.586962234775285
Attentive CNP + PE,m2,0,109,2000,full,Full 500-3000 keV,442,58,114299,9.084742273384414,11.30680961804504
Attentive CNP + PE,m2,0,109,2000,DEP,Tl-208 DEP 1592 keV,6,0,1323,7.1601703115850475,8.361311723186354
Attentive CNP + PE,m2,0,109,2000,Bi-214,Bi-212 1620.74-keV feature,6,0,1361,9.091348670513199,10.725917315821778
Attentive CNP + PE,m2,0,109,2000,continuum_1700_2000,Continuum 1700-2000 keV,60,0,8230,8.296418301566503,10.261109506358643
Attentive CNP + PE,m2,0,109,2000,SE,Tl-208 SE 2103 keV,6,0,2023,6.67513364264002,8.22141866612293
Attentive CNP + PE,m2,0,109,2000,continuum_2200_2400,Continuum 2200-2400 keV,40,0,9093,8.845841266544442,10.016462695078838
Attentive CNP + PE,m2,0,109,2000,FE,Tl-208 FE 2614 keV,5,1,8709,6.624754614024278,8.124621897337638
Attentive CNP + PE,m2,0,109,2000,sparse_tail,Sparse tail 2700-3000 keV,13,47,68,24.103342073134453,25.8518630374893
Attentive CNP + PE,m2,1,100,250,full,Full 500-3000 keV,442,58,114299,7.962671786778321,10.495651915197145
Attentive CNP + PE,m2,1,100,250,DEP,Tl-208 DEP 1592 keV,6,0,1323,5.440514387659176,6.785929633075417
Attentive CNP + PE,m2,1,100,250,Bi-214,Bi-212 1620.74-keV feature,6,0,1361,7.819955001672993,9.431030960742298
Attentive CNP + PE,m2,1,100,250,continuum_1700_2000,Continuum 1700-2000 keV,60,0,8230,6.78704242100465,8.440373940013615
Attentive CNP + PE,m2,1,100,250,SE,Tl-208 SE 2103 keV,6,0,2023,4.669661949258015,5.999572664040857
Attentive CNP + PE,m2,1,100,250,continuum_2200_2400,Continuum 2200-2400 keV,40,0,9093,6.4474173007713524,7.912151634980008
Attentive CNP + PE,m2,1,100,250,FE,Tl-208 FE 2614 keV,5,1,8709,3.733178462111269,4.788683333545824
Attentive CNP + PE,m2,1,100,250,sparse_tail,Sparse tail 2700-3000 keV,13,47,68,23.88315641175908,28.71911727823654
Attentive CNP + PE,m2,1,101,250,full,Full 500-3000 keV,442,58,114299,8.13106052766685,10.68166421066992
Attentive CNP + PE,m2,1,101,250,DEP,Tl-208 DEP 1592 keV,6,0,1323,5.1422727684205025,6.686019420293429
Attentive CNP + PE,m2,1,101,250,Bi-214,Bi-212 1620.74-keV feature,6,0,1361,7.506785718228763,8.973400352254508
Attentive CNP + PE,m2,1,101,250,continuum_1700_2000,Continuum 1700-2000 keV,60,0,8230,7.379480228758277,9.151177315347109
Attentive CNP + PE,m2,1,101,250,SE,Tl-208 SE 2103 keV,6,0,2023,4.41587533440023,5.760077304053034
Attentive CNP + PE,m2,1,101,250,continuum_2200_2400,Continuum 2200-2400 keV,40,0,9093,7.423213435652927,8.891786588001438
Attentive CNP + PE,m2,1,101,250,FE,Tl-208 FE 2614 keV,5,1,8709,4.32611192185536,5.612377205806304
Attentive CNP + PE,m2,1,101,250,sparse_tail,Sparse tail 2700-3000 keV,13,47,68,23.483597130496527,28.74957116168499
Attentive CNP + PE,m2,1,102,250,full,Full 500-3000 keV,442,58,114299,8.157875818916272,10.656594844864212
Attentive CNP + PE,m2,1,102,250,DEP,Tl-208 DEP 1592 keV,6,0,1323,5.548203372721551,6.995100502014381
Attentive CNP + PE,m2,1,102,250,Bi-214,Bi-212 1620.74-keV feature,6,0,1361,7.778054973094574,9.493886983289716
Attentive CNP + PE,m2,1,102,250,continuum_1700_2000,Continuum 1700-2000 keV,60,0,8230,7.011720761652068,8.727801336243706
Attentive CNP + PE,m2,1,102,250,SE,Tl-208 SE 2103 keV,6,0,2023,4.77151832891199,6.1943284902974485
Attentive CNP + PE,m2,1,102,250,continuum_2200_2400,Continuum 2200-2400 keV,40,0,9093,7.195816925305394,8.649448967239074
Attentive CNP + PE,m2,1,102,250,FE,Tl-208 FE 2614 keV,5,1,8709,4.023278464355575,5.172773755601373
Attentive CNP + PE,m2,1,102,250,sparse_tail,Sparse tail 2700-3000 keV,13,47,68,23.429397725168272,28.421159516820115
Attentive CNP + PE,m2,1,103,250,full,Full 500-3000 keV,442,58,114299,7.581720796872683,10.261205613272608
Attentive CNP + PE,m2,1,103,250,DEP,Tl-208 DEP 1592 keV,6,0,1323,5.273374442811868,6.191662936425727
Attentive CNP + PE,m2,1,103,250,Bi-214,Bi-212 1620.74-keV feature,6,0,1361,7.346728554895146,8.53110355612823
Attentive CNP + PE,m2,1,103,250,continuum_1700_2000,Continuum 1700-2000 keV,60,0,8230,6.545518674238291,8.084125117687382
Attentive CNP + PE,m2,1,103,250,SE,Tl-208 SE 2103 keV,6,0,2023,4.1860202957865855,5.330987638629849
Attentive CNP + PE,m2,1,103,250,continuum_2200_2400,Continuum 2200-2400 keV,40,0,9093,5.611602328107102,7.044926485352669
Attentive CNP + PE,m2,1,103,250,FE,Tl-208 FE 2614 keV,5,1,8709,3.5409119589614146,4.317048055910254
Attentive CNP + PE,m2,1,103,250,sparse_tail,Sparse tail 2700-3000 keV,13,47,68,25.180898146367298,30.13008759876049
Attentive CNP + PE,m2,1,104,250,full,Full 500-3000 keV,442,58,114299,7.97896914006257,10.544548285458841
Attentive CNP + PE,m2,1,104,250,DEP,Tl-208 DEP 1592 keV,6,0,1323,5.446019200217649,6.786748202722922
Attentive CNP + PE,m2,1,104,250,Bi-214,Bi-212 1620.74-keV feature,6,0,1361,7.786172917454899,9.374703621488145
Attentive CNP + PE,m2,1,104,250,continuum_1700_2000,Continuum 1700-2000 keV,60,0,8230,6.757127062009281,8.42030859311703
Attentive CNP + PE,m2,1,104,250,SE,Tl-208 SE 2103 keV,6,0,2023,4.63948051757935,6.031770729867003
Attentive CNP + PE,m2,1,104,250,continuum_2200_2400,Continuum 2200-2400 keV,40,0,9093,6.506044186607693,7.980144918214624
Attentive CNP + PE,m2,1,104,250,FE,Tl-208 FE 2614 keV,5,1,8709,3.6526397176575562,4.643745078664948
Attentive CNP + PE,m2,1,104,250,sparse_tail,Sparse tail 2700-3000 keV,13,47,68,24.26679875030439,29.118949544983746
Attentive CNP + PE,m2,1,105,250,full,Full 500-3000 keV,442,58,114299,7.865496879733456,10.469605816380067
Attentive CNP + PE,m2,1,105,250,DEP,Tl-208 DEP 1592 keV,6,0,1323,5.403750075457014,6.645172061142906
Attentive CNP + PE,m2,1,105,250,Bi-214,Bi-212 1620.74-keV feature,6,0,1361,7.671644125358816,9.185875154071834
Attentive CNP + PE,m2,1,105,250,continuum_1700_2000,Continuum 1700-2000 keV,60,0,8230,6.606639246505484,8.16215467816727
Attentive CNP + PE,m2,1,105,250,SE,Tl-208 SE 2103 keV,6,0,2023,4.609663908100925,5.903382071666932
Attentive CNP + PE,m2,1,105,250,continuum_2200_2400,Continuum 2200-2400 keV,40,0,9093,6.014609055494417,7.51404052805664
Attentive CNP + PE,m2,1,105,250,FE,Tl-208 FE 2614 keV,5,1,8709,3.334524321490754,4.0741262358950285
Attentive CNP + PE,m2,1,105,250,sparse_tail,Sparse tail 2700-3000 keV,13,47,68,25.1210144830159,29.78102040227694
Attentive CNP + PE,m2,1,106,250,full,Full 500-3000 keV,442,58,114299,8.48812001479983,10.964207609835858
Attentive CNP + PE,m2,1,106,250,DEP,Tl-208 DEP 1592 keV,6,0,1323,5.944813165754277,7.320349353946493
Attentive CNP + PE,m2,1,106,250,Bi-214,Bi-212 1620.74-keV feature,6,0,1361,7.963075271682129,9.832226009772592
Attentive CNP + PE,m2,1,106,250,continuum_1700_2000,Continuum 1700-2000 keV,60,0,8230,7.244312289303267,9.018771191283175
Attentive CNP + PE,m2,1,106,250,SE,Tl-208 SE 2103 keV,6,0,2023,4.942658522592964,6.583845208632772
Attentive CNP + PE,m2,1,106,250,continuum_2200_2400,Continuum 2200-2400 keV,40,0,9093,7.537122386670698,8.985263546592455
Attentive CNP + PE,m2,1,106,250,FE,Tl-208 FE 2614 keV,5,1,8709,3.887863444893005,4.893257346417243
Attentive CNP + PE,m2,1,106,250,sparse_tail,Sparse tail 2700-3000 keV,13,47,68,23.957029148899906,28.779185652534096
Attentive CNP + PE,m2,1,107,250,full,Full 500-3000 keV,442,58,114299,8.076454820908442,10.595439514411423
Attentive CNP + PE,m2,1,107,250,DEP,Tl-208 DEP 1592 keV,6,0,1323,5.569744929081577,6.920739904423953
Attentive CNP + PE,m2,1,107,250,Bi-214,Bi-212 1620.74-keV feature,6,0,1361,7.797887255274564,9.49131619154275
Attentive CNP + PE,m2,1,107,250,continuum_1700_2000,Continuum 1700-2000 keV,60,0,8230,6.821503322476263,8.44442256728692
Attentive CNP + PE,m2,1,107,250,SE,Tl-208 SE 2103 keV,6,0,2023,4.782283821395588,6.179940845980516
Attentive CNP + PE,m2,1,107,250,continuum_2200_2400,Continuum 2200-2400 keV,40,0,9093,6.633198352943601,8.098750813056178
Attentive CNP + PE,m2,1,107,250,FE,Tl-208 FE 2614 keV,5,1,8709,3.5865784221514723,4.598194911761051
Attentive CNP + PE,m2,1,107,250,sparse_tail,Sparse tail 2700-3000 keV,13,47,68,24.124849688960868,28.894832950746828
Attentive CNP + PE,m2,1,108,250,full,Full 500-3000 keV,442,58,114299,7.616211105969252,10.283966286533158
Attentive CNP + PE,m2,1,108,250,DEP,Tl-208 DEP 1592 keV,6,0,1323,5.172316315686367,6.132940562292608
Attentive CNP + PE,m2,1,108,250,Bi-214,Bi-212 1620.74-keV feature,6,0,1361,7.331296252428602,8.518478907629799
Attentive CNP + PE,m2,1,108,250,continuum_1700_2000,Continuum 1700-2000 keV,60,0,8230,6.646023622825335,8.236493496380012
Attentive CNP + PE,m2,1,108,250,SE,Tl-208 SE 2103 keV,6,0,2023,4.153775956862876,5.256514203648841
Attentive CNP + PE,m2,1,108,250,continuum_2200_2400,Continuum 2200-2400 keV,40,0,9093,5.944973570827161,7.378387551848206
Attentive CNP + PE,m2,1,108,250,FE,Tl-208 FE 2614 keV,5,1,8709,3.7422005841473505,4.690197142742578
Attentive CNP + PE,m2,1,108,250,sparse_tail,Sparse tail 2700-3000 keV,13,47,68,24.785157462416446,29.923674485315455
Attentive CNP + PE,m2,1,109,250,full,Full 500-3000 keV,442,58,114299,8.527702640596322,11.004187977254064
Attentive CNP + PE,m2,1,109,250,DEP,Tl-208 DEP 1592 keV,6,0,1323,5.931393139338114,7.327523445215112
Attentive CNP + PE,m2,1,109,250,Bi-214,Bi-212 1620.74-keV feature,6,0,1361,7.950213460046948,9.806910272380948
Attentive CNP + PE,m2,1,109,250,continuum_1700_2000,Continuum 1700-2000 keV,60,0,8230,7.326070918829246,9.116325033815627
Attentive CNP + PE,m2,1,109,250,SE,Tl-208 SE 2103 keV,6,0,2023,4.956537437354536,6.604809597813767
Attentive CNP + PE,m2,1,109,250,continuum_2200_2400,Continuum 2200-2400 keV,40,0,9093,7.642043762537906,9.094934120087936
Attentive CNP + PE,m2,1,109,250,FE,Tl-208 FE 2614 keV,5,1,8709,3.976592768392258,4.983504497924058
Attentive CNP + PE,m2,1,109,250,sparse_tail,Sparse tail 2700-3000 keV,13,47,68,23.913848179949152,28.763089791940338
Attentive CNP + PE,m2,1,100,500,full,Full 500-3000 keV,442,58,114299,8.981568847755273,11.285732495133626
Attentive CNP + PE,m2,1,100,500,DEP,Tl-208 DEP 1592 keV,6,0,1323,6.904731510759195,8.300920069907896
Attentive CNP + PE,m2,1,100,500,Bi-214,Bi-212 1620.74-keV feature,6,0,1361,8.930262739780744,11.107869589612793
Attentive CNP + PE,m2,1,100,500,continuum_1700_2000,Continuum 1700-2000 keV,60,0,8230,7.694614279240421,9.42383601018762
Attentive CNP + PE,m2,1,100,500,SE,Tl-208 SE 2103 keV,6,0,2023,5.6712520655097824,7.371135390013739
Attentive CNP + PE,m2,1,100,500,continuum_2200_2400,Continuum 2200-2400 keV,40,0,9093,8.394929077629723,9.776535906268688
Attentive CNP + PE,m2,1,100,500,FE,Tl-208 FE 2614 keV,5,1,8709,4.4253121833004325,5.495240469749928
Attentive CNP + PE,m2,1,100,500,sparse_tail,Sparse tail 2700-3000 keV,13,47,68,22.15731457451162,26.833482140666874
Attentive CNP + PE,m2,1,101,500,full,Full 500-3000 keV,442,58,114299,8.4931408851067,10.974975104053117
Attentive CNP + PE,m2,1,101,500,DEP,Tl-208 DEP 1592 keV,6,0,1323,5.493713529987332,7.099529432875682
Attentive CNP + PE,m2,1,101,500,Bi-214,Bi-212 1620.74-keV feature,6,0,1361,7.658923965644321,9.352767776756554
Attentive CNP + PE,m2,1,101,500,continuum_1700_2000,Continuum 1700-2000 keV,60,0,8230,7.732023345127785,9.501691433497312
Attentive CNP + PE,m2,1,101,500,SE,Tl-208 SE 2103 keV,6,0,2023,4.677859324909414,6.168264326073898
Attentive CNP + PE,m2,1,101,500,continuum_2200_2400,Continuum 2200-2400 keV,40,0,9093,8.056671497085366,9.518548217547798
Attentive CNP + PE,m2,1,101,500,FE,Tl-208 FE 2614 keV,5,1,8709,4.4718382760552435,5.715625325119839
Attentive CNP + PE,m2,1,101,500,sparse_tail,Sparse tail 2700-3000 keV,13,47,68,23.151484818761233,28.42476735821507
Attentive CNP + PE,m2,1,102,500,full,Full 500-3000 keV,442,58,114299,8.912010648653164,11.27632234520938
Attentive CNP + PE,m2,1,102,500,DEP,Tl-208 DEP 1592 keV,6,0,1323,6.310327770891251,7.833587320073711
Attentive CNP + PE,m2,1,102,500,Bi-214,Bi-212 1620.74-keV feature,6,0,1361,8.11074067299225,10.250335929700572
Attentive CNP + PE,m2,1,102,500,continuum_1700_2000,Continuum 1700-2000 keV,60,0,8230,7.90260233463581,9.619693293800836
Attentive CNP + PE,m2,1,102,500,SE,Tl-208 SE 2103 keV,6,0,2023,5.363705746475508,6.941155977647895
Attentive CNP + PE,m2,1,102,500,continuum_2200_2400,Continuum 2200-2400 keV,40,0,9093,8.62370856991294,10.014748580721626
Attentive CNP + PE,m2,1,102,500,FE,Tl-208 FE 2614 keV,5,1,8709,4.425760967686592,5.539998868092908
Attentive CNP + PE,m2,1,102,500,sparse_tail,Sparse tail 2700-3000 keV,13,47,68,22.784976989424422,27.76447064715306
Attentive CNP + PE,m2,1,103,500,full,Full 500-3000 keV,442,58,114299,7.861104451452632,10.449242206749863
Attentive CNP + PE,m2,1,103,500,DEP,Tl-208 DEP 1592 keV,6,0,1323,5.248485365992719,6.551828310898477
Attentive CNP + PE,m2,1,103,500,Bi-214,Bi-212 1620.74-keV feature,6,0,1361,7.601235646780109,9.068469251488139
Attentive CNP + PE,m2,1,103,500,continuum_1700_2000,Continuum 1700-2000 keV,60,0,8230,6.691188313462522,8.325466356136268
Attentive CNP + PE,m2,1,103,500,SE,Tl-208 SE 2103 keV,6,0,2023,4.447850401457416,5.713862925586219
Attentive CNP + PE,m2,1,103,500,continuum_2200_2400,Continuum 2200-2400 keV,40,0,9093,6.312073595790981,7.775187758502733
Attentive CNP + PE,m2,1,103,500,FE,Tl-208 FE 2614 keV,5,1,8709,3.578650851904518,4.599390945290188
Attentive CNP + PE,m2,1,103,500,sparse_tail,Sparse tail 2700-3000 keV,13,47,68,24.259315849455206,29.238818393348538
Attentive CNP + PE,m2,1,104,500,full,Full 500-3000 keV,442,58,114299,8.113995058936903,10.665239616715112
Attentive CNP + PE,m2,1,104,500,DEP,Tl-208 DEP 1592 keV,6,0,1323,5.513568140922103,6.870120863683837
Attentive CNP + PE,m2,1,104,500,Bi-214,Bi-212 1620.74-keV feature,6,0,1361,7.794618705622926,9.454756920357688
Attentive CNP + PE,m2,1,104,500,continuum_1700_2000,Continuum 1700-2000 keV,60,0,8230,6.860561327274405,8.553932317318868
Attentive CNP + PE,m2,1,104,500,SE,Tl-208 SE 2103 keV,6,0,2023,4.655352704392098,6.086233738662721
Attentive CNP + PE,m2,1,104,500,continuum_2200_2400,Continuum 2200-2400 keV,40,0,9093,6.774585024146916,8.226785311962624
Attentive CNP + PE,m2,1,104,500,FE,Tl-208 FE 2614 keV,5,1,8709,3.6227343266166354,4.68441019568902
Attentive CNP + PE,m2,1,104,500,sparse_tail,Sparse tail 2700-3000 keV,13,47,68,24.123379655409195,29.094394972516724
Attentive CNP + PE,m2,1,105,500,full,Full 500-3000 keV,442,58,114299,8.121291658588087,10.66678602893368
Attentive CNP + PE,m2,1,105,500,DEP,Tl-208 DEP 1592 keV,6,0,1323,5.680549494427761,6.9595338029639215
Attentive CNP + PE,m2,1,105,500,Bi-214,Bi-212 1620.74-keV feature,6,0,1361,7.865288170307809,9.619591922519271
Attentive CNP + PE,m2,1,105,500,continuum_1700_2000,Continuum 1700-2000 keV,60,0,8230,6.7612404813254185,8.359612914586851
Attentive CNP + PE,m2,1,105,500,SE,Tl-208 SE 2103 keV,6,0,2023,4.794357127278311,6.219828876083822
Attentive CNP + PE,m2,1,105,500,continuum_2200_2400,Continuum 2200-2400 keV,40,0,9093,6.5680000166474395,8.042307871656957
Attentive CNP + PE,m2,1,105,500,FE,Tl-208 FE 2614 keV,5,1,8709,3.3170752540102058,4.220886254941203
Attentive CNP + PE,m2,1,105,500,sparse_tail,Sparse tail 2700-3000 keV,13,47,68,24.55499237821983,29.31525592570527
Attentive CNP + PE,m2,1,106,500,full,Full 500-3000 keV,442,58,114299,8.592324287330456,11.047322838072462
Attentive CNP + PE,m2,1,106,500,DEP,Tl-208 DEP 1592 keV,6,0,1323,6.00942667884233,7.4082030840730795
Attentive CNP + PE,m2,1,106,500,Bi-214,Bi-212 1620.74-keV feature,6,0,1361,7.982859317774289,9.912613624482946
Attentive CNP + PE,m2,1,106,500,continuum_1700_2000,Continuum 1700-2000 keV,60,0,8230,7.388993299184597,9.1537447677416
Attentive CNP + PE,m2,1,106,500,SE,Tl-208 SE 2103 keV,6,0,2023,4.905639470812172,6.585112777847097
Attentive CNP + PE,m2,1,106,500,continuum_2200_2400,Continuum 2200-2400 keV,40,0,9093,7.798822285744544,9.231709918005265
Attentive CNP + PE,m2,1,106,500,FE,Tl-208 FE 2614 keV,5,1,8709,3.9822098232302747,5.008684775641986
Attentive CNP + PE,m2,1,106,500,sparse_tail,Sparse tail 2700-3000 keV,13,47,68,23.707489251525654,28.618074825464006
Attentive CNP + PE,m2,1,107,500,full,Full 500-3000 keV,442,58,114299,7.960632154456375,10.532400443858574
Attentive CNP + PE,m2,1,107,500,DEP,Tl-208 DEP 1592 keV,6,0,1323,5.355222982724792,6.707722949736563
Attentive CNP + PE,m2,1,107,500,Bi-214,Bi-212 1620.74-keV feature,6,0,1361,7.704749715773894,9.296237571287245
Attentive CNP + PE,m2,1,107,500,continuum_1700_2000,Continuum 1700-2000 keV,60,0,8230,6.711405716893946,8.345207485582348
Attentive CNP + PE,m2,1,107,500,SE,Tl-208 SE 2103 keV,6,0,2023,4.606058930363336,5.926431985673484
Attentive CNP + PE,m2,1,107,500,continuum_2200_2400,Continuum 2200-2400 keV,40,0,9093,6.4483921850369414,7.915464206676968
Attentive CNP + PE,m2,1,107,500,FE,Tl-208 FE 2614 keV,5,1,8709,3.536836646954912,4.571495435790154
Attentive CNP + PE,m2,1,107,500,sparse_tail,Sparse tail 2700-3000 keV,13,47,68,24.218825881750973,29.204403908847322
Attentive CNP + PE,m2,1,108,500,full,Full 500-3000 keV,442,58,114299,8.002350805115091,10.571599790553083
Attentive CNP + PE,m2,1,108,500,DEP,Tl-208 DEP 1592 keV,6,0,1323,5.243623953596348,6.638059559720105
Attentive CNP + PE,m2,1,108,500,Bi-214,Bi-212 1620.74-keV feature,6,0,1361,7.632430103405233,9.151099189678462
Attentive CNP + PE,m2,1,108,500,continuum_1700_2000,Continuum 1700-2000 keV,60,0,8230,6.882404778164639,8.589626768127987
Attentive CNP + PE,m2,1,108,500,SE,Tl-208 SE 2103 keV,6,0,2023,4.473823025297788,5.7781933408414945
Attentive CNP + PE,m2,1,108,500,continuum_2200_2400,Continuum 2200-2400 keV,40,0,9093,6.7693940940756026,8.2195452700658
Attentive CNP + PE,m2,1,108,500,FE,Tl-208 FE 2614 keV,5,1,8709,3.6866656501235955,4.839341945514964
Attentive CNP + PE,m2,1,108,500,sparse_tail,Sparse tail 2700-3000 keV,13,47,68,23.993423453861613,29.083046065143236
Attentive CNP + PE,m2,1,109,500,full,Full 500-3000 keV,442,58,114299,8.588538010127667,11.038870336176291
Attentive CNP + PE,m2,1,109,500,DEP,Tl-208 DEP 1592 keV,6,0,1323,6.201510934880887,7.5277542016152
Attentive CNP + PE,m2,1,109,500,Bi-214,Bi-212 1620.74-keV feature,6,0,1361,8.156454829046726,10.208972882123492
Attentive CNP + PE,m2,1,109,500,continuum_1700_2000,Continuum 1700-2000 keV,60,0,8230,7.275109993046555,9.036054574580211
Attentive CNP + PE,m2,1,109,500,SE,Tl-208 SE 2103 keV,6,0,2023,5.145306906182332,6.771517910352766
Attentive CNP + PE,m2,1,109,500,continuum_2200_2400,Continuum 2200-2400 keV,40,0,9093,7.643872626441681,9.095261979886029
Attentive CNP + PE,m2,1,109,500,FE,Tl-208 FE 2614 keV,5,1,8709,3.974961536802017,4.95119349020809
Attentive CNP + PE,m2,1,109,500,sparse_tail,Sparse tail 2700-3000 keV,13,47,68,23.552803110163417,28.41378156267334
Attentive CNP + PE,m2,1,100,1000,full,Full 500-3000 keV,442,58,114299,8.618524724649662,10.984832002770311
Attentive CNP + PE,m2,1,100,1000,DEP,Tl-208 DEP 1592 keV,6,0,1323,6.37456480571294,7.7879990559187275
Attentive CNP + PE,m2,1,100,1000,Bi-214,Bi-212 1620.74-keV feature,6,0,1361,8.28156467757867,10.490953206979702
Attentive CNP + PE,m2,1,100,1000,continuum_1700_2000,Continuum 1700-2000 keV,60,0,8230,7.32219849910261,9.053700857556409
Attentive CNP + PE,m2,1,100,1000,SE,Tl-208 SE 2103 keV,6,0,2023,5.317440492435465,6.979360379618951
Attentive CNP + PE,m2,1,100,1000,continuum_2200_2400,Continuum 2200-2400 keV,40,0,9093,7.796464679693689,9.248102344695795
Attentive CNP + PE,m2,1,100,1000,FE,Tl-208 FE 2614 keV,5,1,8709,4.346430850287941,5.451364174835504
Attentive CNP + PE,m2,1,100,1000,sparse_tail,Sparse tail 2700-3000 keV,13,47,68,22.60248084092124,27.24779400042398
Attentive CNP + PE,m2,1,101,1000,full,Full 500-3000 keV,442,58,114299,9.41093106578096,11.662074255700613
Attentive CNP + PE,m2,1,101,1000,DEP,Tl-208 DEP 1592 keV,6,0,1323,6.829441128766225,8.585787764954103
Attentive CNP + PE,m2,1,101,1000,Bi-214,Bi-212 1620.74-keV feature,6,0,1361,8.51629424527243,10.855147428458297
Attentive CNP + PE,m2,1,101,1000,continuum_1700_2000,Continuum 1700-2000 keV,60,0,8230,8.611384628905267,10.322138772010733
Attentive CNP + PE,m2,1,101,1000,SE,Tl-208 SE 2103 keV,6,0,2023,6.170682414113842,7.621238482673938
Attentive CNP + PE,m2,1,101,1000,continuum_2200_2400,Continuum 2200-2400 keV,40,0,9093,9.637952051222335,10.985488439265376
Attentive CNP + PE,m2,1,101,1000,FE,Tl-208 FE 2614 keV,5,1,8709,5.233078772439209,6.522227074579881
Attentive CNP + PE,m2,1,101,1000,sparse_tail,Sparse tail 2700-3000 keV,13,47,68,21.580504234564042,26.471772171235507
Attentive CNP + PE,m2,1,102,1000,full,Full 500-3000 keV,442,58,114299,9.27697752784655,11.550493312762814
Attentive CNP + PE,m2,1,102,1000,DEP,Tl-208 DEP 1592 keV,6,0,1323,6.772598086430436,8.42370403661106
Attentive CNP + PE,m2,1,102,1000,Bi-214,Bi-212 1620.74-keV feature,6,0,1361,8.519602641216311,10.835594045111444
Attentive CNP + PE,m2,1,102,1000,continuum_1700_2000,Continuum 1700-2000 keV,60,0,8230,8.361958321027082,10.070337090744175
Attentive CNP + PE,m2,1,102,1000,SE,Tl-208 SE 2103 keV,6,0,2023,5.981501604634817,7.50044346530122
Attentive CNP + PE,m2,1,102,1000,continuum_2200_2400,Continuum 2200-2400 keV,40,0,9093,9.30716311029217,10.664006453708485
Attentive CNP + PE,m2,1,102,1000,FE,Tl-208 FE 2614 keV,5,1,8709,4.9194521299529566,6.118113577756136
Attentive CNP + PE,m2,1,102,1000,sparse_tail,Sparse tail 2700-3000 keV,13,47,68,21.964156370095182,26.77455897372953
Attentive CNP + PE,m2,1,103,1000,full,Full 500-3000 keV,442,58,114299,8.040617001275336,10.557477976064776
Attentive CNP + PE,m2,1,103,1000,DEP,Tl-208 DEP 1592 keV,6,0,1323,5.499638088110052,6.8832545417195234
Attentive CNP + PE,m2,1,103,1000,Bi-214,Bi-212 1620.74-keV feature,6,0,1361,7.818076749029705,9.483628284992921
Attentive CNP + PE,m2,1,103,1000,continuum_1700_2000,Continuum 1700-2000 keV,60,0,8230,6.787665067110665,8.430663161507038
Attentive CNP + PE,m2,1,103,1000,SE,Tl-208 SE 2103 keV,6,0,2023,4.740906181114257,6.150313070251707
Attentive CNP + PE,m2,1,103,1000,continuum_2200_2400,Continuum 2200-2400 keV,40,0,9093,6.640749140191875,8.111925389231988
Attentive CNP + PE,m2,1,103,1000,FE,Tl-208 FE 2614 keV,5,1,8709,3.703044070726101,4.790924592115756
Attentive CNP + PE,m2,1,103,1000,sparse_tail,Sparse tail 2700-3000 keV,13,47,68,23.904391037948216,28.651035521658475
Attentive CNP + PE,m2,1,104,1000,full,Full 500-3000 keV,442,58,114299,8.051564664449822,10.611698024338988
Attentive CNP + PE,m2,1,104,1000,DEP,Tl-208 DEP 1592 keV,6,0,1323,5.360060976449469,6.7688499223029055
Attentive CNP + PE,m2,1,104,1000,Bi-214,Bi-212 1620.74-keV feature,6,0,1361,7.69934336412146,9.268401655360814
Attentive CNP + PE,m2,1,104,1000,continuum_1700_2000,Continuum 1700-2000 keV,60,0,8230,6.817546645518332,8.511041225147656
Attentive CNP + PE,m2,1,104,1000,SE,Tl-208 SE 2103 keV,6,0,2023,4.63047334395608,6.018759837347949
Attentive CNP + PE,m2,1,104,1000,continuum_2200_2400,Continuum 2200-2400 keV,40,0,9093,6.68719167895393,8.151921503500043
Attentive CNP + PE,m2,1,104,1000,FE,Tl-208 FE 2614 keV,5,1,8709,3.661494724287553,4.703610276003962
Attentive CNP + PE,m2,1,104,1000,sparse_tail,Sparse tail 2700-3000 keV,13,47,68,24.358915085523922,29.216712091702757
Attentive CNP + PE,m2,1,105,1000,full,Full 500-3000 keV,442,58,114299,8.079846600444881,10.618626206699174
Attentive CNP + PE,m2,1,105,1000,DEP,Tl-208 DEP 1592 keV,6,0,1323,5.555800972141364,6.89531978402748
Attentive CNP + PE,m2,1,105,1000,Bi-214,Bi-212 1620.74-keV feature,6,0,1361,7.836668293583131,9.512589141389034
Attentive CNP + PE,m2,1,105,1000,continuum_1700_2000,Continuum 1700-2000 keV,60,0,8230,6.763396200105405,8.400915987441273
Attentive CNP + PE,m2,1,105,1000,SE,Tl-208 SE 2103 keV,6,0,2023,4.767163303018781,6.191393797852827
Attentive CNP + PE,m2,1,105,1000,continuum_2200_2400,Continuum 2200-2400 keV,40,0,9093,6.557200319329192,8.033306267807362
Attentive CNP + PE,m2,1,105,1000,FE,Tl-208 FE 2614 keV,5,1,8709,3.515554674600109,4.474233622930082
Attentive CNP + PE,m2,1,105,1000,sparse_tail,Sparse tail 2700-3000 keV,13,47,68,24.43563436802703,29.124122219650143
Attentive CNP + PE,m2,1,106,1000,full,Full 500-3000 keV,442,58,114299,8.445530405461273,10.90368938070454
Attentive CNP + PE,m2,1,106,1000,DEP,Tl-208 DEP 1592 keV,6,0,1323,5.881834718982237,7.288607944179206
Attentive CNP + PE,m2,1,106,1000,Bi-214,Bi-212 1620.74-keV feature,6,0,1361,7.963975684080755,9.822963437926004
Attentive CNP + PE,m2,1,106,1000,continuum_1700_2000,Continuum 1700-2000 keV,60,0,8230,7.200718620342025,8.976110828490285
Attentive CNP + PE,m2,1,106,1000,SE,Tl-208 SE 2103 keV,6,0,2023,4.9056534306495925,6.519467819622422
Attentive CNP + PE,m2,1,106,1000,continuum_2200_2400,Continuum 2200-2400 keV,40,0,9093,7.495426610949312,8.943210785476595
Attentive CNP + PE,m2,1,106,1000,FE,Tl-208 FE 2614 keV,5,1,8709,3.94586068128005,4.98529183192059
Attentive CNP + PE,m2,1,106,1000,sparse_tail,Sparse tail 2700-3000 keV,13,47,68,23.69467471190712,28.44145094661287
Attentive CNP + PE,m2,1,107,1000,full,Full 500-3000 keV,442,58,114299,8.72320684476127,11.098493104399605
Attentive CNP + PE,m2,1,107,1000,DEP,Tl-208 DEP 1592 keV,6,0,1323,6.231141091491546,7.727373964506892
Attentive CNP + PE,m2,1,107,1000,Bi-214,Bi-212 1620.74-keV feature,6,0,1361,8.127839733007075,10.231827494946423
Attentive CNP + PE,m2,1,107,1000,continuum_1700_2000,Continuum 1700-2000 keV,60,0,8230,7.580974652118779,9.319970557037928
Attentive CNP + PE,m2,1,107,1000,SE,Tl-208 SE 2103 keV,6,0,2023,5.19528278370435,6.905015312411942
Attentive CNP + PE,m2,1,107,1000,continuum_2200_2400,Continuum 2200-2400 keV,40,0,9093,8.193449086408604,9.617631964552015
Attentive CNP + PE,m2,1,107,1000,FE,Tl-208 FE 2614 keV,5,1,8709,4.445381219354959,5.5858679120160355
Attentive CNP + PE,m2,1,107,1000,sparse_tail,Sparse tail 2700-3000 keV,13,47,68,22.741930069595888,27.585619734020845
Attentive CNP + PE,m2,1,108,1000,full,Full 500-3000 keV,442,58,114299,8.37272498236932,10.816145498938171
Attentive CNP + PE,m2,1,108,1000,DEP,Tl-208 DEP 1592 keV,6,0,1323,5.886644379470445,7.297094233359927
Attentive CNP + PE,m2,1,108,1000,Bi-214,Bi-212 1620.74-keV feature,6,0,1361,8.025102854531191,9.914391462976635
Attentive CNP + PE,m2,1,108,1000,continuum_1700_2000,Continuum 1700-2000 keV,60,0,8230,7.146992545663183,8.899816542102974
Attentive CNP + PE,m2,1,108,1000,SE,Tl-208 SE 2103 keV,6,0,2023,4.931014845913536,6.503486179222105
Attentive CNP + PE,m2,1,108,1000,continuum_2200_2400,Continuum 2200-2400 keV,40,0,9093,7.412480587386725,8.864811860581531
Attentive CNP + PE,m2,1,108,1000,FE,Tl-208 FE 2614 keV,5,1,8709,4.1024407362314514,5.208532219592399
Attentive CNP + PE,m2,1,108,1000,sparse_tail,Sparse tail 2700-3000 keV,13,47,68,23.239422921920962,28.017499340563727
Attentive CNP + PE,m2,1,109,1000,full,Full 500-3000 keV,442,58,114299,8.558692176339399,10.97222035704826
Attentive CNP + PE,m2,1,109,1000,DEP,Tl-208 DEP 1592 keV,6,0,1323,6.205836285201024,7.576907730514053
Attentive CNP + PE,m2,1,109,1000,Bi-214,Bi-212 1620.74-keV feature,6,0,1361,8.17782604133701,10.25133205626207
Attentive CNP + PE,m2,1,109,1000,continuum_1700_2000,Continuum 1700-2000 keV,60,0,8230,7.242435296757161,8.988464918253435
Attentive CNP + PE,m2,1,109,1000,SE,Tl-208 SE 2103 keV,6,0,2023,5.178297537192735,6.83197658934499
Attentive CNP + PE,m2,1,109,1000,continuum_2200_2400,Continuum 2200-2400 keV,40,0,9093,7.618224296356771,9.07661511256179
Attentive CNP + PE,m2,1,109,1000,FE,Tl-208 FE 2614 keV,5,1,8709,4.115453737013394,5.166073641167727
Attentive CNP + PE,m2,1,109,1000,sparse_tail,Sparse tail 2700-3000 keV,13,47,68,23.233947324979866,27.93462287562037
Attentive CNP + PE,m2,1,100,2000,full,Full 500-3000 keV,442,58,114299,8.442710043116008,10.863410518695005
Attentive CNP + PE,m2,1,100,2000,DEP,Tl-208 DEP 1592 keV,6,0,1323,6.03929138106108,7.436899111874674
Attentive CNP + PE,m2,1,100,2000,Bi-214,Bi-212 1620.74-keV feature,6,0,1361,8.121855210484338,10.11428055910196
Attentive CNP + PE,m2,1,100,2000,continuum_1700_2000,Continuum 1700-2000 keV,60,0,8230,7.142759982525643,8.880224843408964
Attentive CNP + PE,m2,1,100,2000,SE,Tl-208 SE 2103 keV,6,0,2023,5.031942426107294,6.678355737348435
Attentive CNP + PE,m2,1,100,2000,continuum_2200_2400,Continuum 2200-2400 keV,40,0,9093,7.433186146038687,8.888227873199707
Attentive CNP + PE,m2,1,100,2000,FE,Tl-208 FE 2614 keV,5,1,8709,4.181768940376835,5.2552851287724165
Attentive CNP + PE,m2,1,100,2000,sparse_tail,Sparse tail 2700-3000 keV,13,47,68,23.23997780878892,27.874145886132506
Attentive CNP + PE,m2,1,101,2000,full,Full 500-3000 keV,442,58,114299,8.609234983106678,11.003857325779121
Attentive CNP + PE,m2,1,101,2000,DEP,Tl-208 DEP 1592 keV,6,0,1323,6.1110155103628845,7.576842728585767
Attentive CNP + PE,m2,1,101,2000,Bi-214,Bi-212 1620.74-keV feature,6,0,1361,8.103438645399956,10.130035643166948
Attentive CNP + PE,m2,1,101,2000,continuum_1700_2000,Continuum 1700-2000 keV,60,0,8230,7.398098790883778,9.165237074495646
Attentive CNP + PE,m2,1,101,2000,SE,Tl-208 SE 2103 keV,6,0,2023,5.071793184013628,6.78038969343699
Attentive CNP + PE,m2,1,101,2000,continuum_2200_2400,Continuum 2200-2400 keV,40,0,9093,7.866041794609446,9.30148073882533
Attentive CNP + PE,m2,1,101,2000,FE,Tl-208 FE 2614 keV,5,1,8709,4.372891890803934,5.460961966613623
Attentive CNP + PE,m2,1,101,2000,sparse_tail,Sparse tail 2700-3000 keV,13,47,68,23.082119846174287,27.756406552502895
Attentive CNP + PE,m2,1,102,2000,full,Full 500-3000 keV,442,58,114299,8.501267161015196,10.93383222886755
Attentive CNP + PE,m2,1,102,2000,DEP,Tl-208 DEP 1592 keV,6,0,1323,5.992415459547642,7.408037750403398
Attentive CNP + PE,m2,1,102,2000,Bi-214,Bi-212 1620.74-keV feature,6,0,1361,8.09117690220076,10.038965403310643
Attentive CNP + PE,m2,1,102,2000,continuum_1700_2000,Continuum 1700-2000 keV,60,0,8230,7.250008674750476,9.016816034174191
Attentive CNP + PE,m2,1,102,2000,SE,Tl-208 SE 2103 keV,6,0,2023,4.970673036906303,6.631155737966397
Attentive CNP + PE,m2,1,102,2000,continuum_2200_2400,Continuum 2200-2400 keV,40,0,9093,7.578082020441465,9.025265093915277
Attentive CNP + PE,m2,1,102,2000,FE,Tl-208 FE 2614 keV,5,1,8709,4.157774392179787,5.214642763628056
Attentive CNP + PE,m2,1,102,2000,sparse_tail,Sparse tail 2700-3000 keV,13,47,68,23.485262955968402,28.1602945536335
Attentive CNP + PE,m2,1,103,2000,full,Full 500-3000 keV,442,58,114299,8.545670109452958,10.943197432729209
Attentive CNP + PE,m2,1,103,2000,DEP,Tl-208 DEP 1592 keV,6,0,1323,6.140582676295022,7.572502837747386
Attentive CNP + PE,m2,1,103,2000,Bi-214,Bi-212 1620.74-keV feature,6,0,1361,8.15960377606322,10.214873311844878
Attentive CNP + PE,m2,1,103,2000,continuum_1700_2000,Continuum 1700-2000 keV,60,0,8230,7.2578398045511054,9.013551613584065
Attentive CNP + PE,m2,1,103,2000,SE,Tl-208 SE 2103 keV,6,0,2023,5.141538943540286,6.8095420042600985
Attentive CNP + PE,m2,1,103,2000,continuum_2200_2400,Continuum 2200-2400 keV,40,0,9093,7.697786613201426,9.149078987744682
Attentive CNP + PE,m2,1,103,2000,FE,Tl-208 FE 2614 keV,5,1,8709,4.340550659295863,5.418615187597018
Attentive CNP + PE,m2,1,103,2000,sparse_tail,Sparse tail 2700-3000 keV,13,47,68,23.033307091767107,27.663488451954027
Attentive CNP + PE,m2,1,104,2000,full,Full 500-3000 keV,442,58,114299,8.032959586686053,10.57757958068193
Attentive CNP + PE,m2,1,104,2000,DEP,Tl-208 DEP 1592 keV,6,0,1323,5.3663881557948825,6.777020127981028
Attentive CNP + PE,m2,1,104,2000,Bi-214,Bi-212 1620.74-keV feature,6,0,1361,7.763214210811051,9.35479878132087
Attentive CNP + PE,m2,1,104,2000,continuum_1700_2000,Continuum 1700-2000 keV,60,0,8230,6.789203636190486,8.462359483750435
Attentive CNP + PE,m2,1,104,2000,SE,Tl-208 SE 2103 keV,6,0,2023,4.6404246864415635,6.0323894531235105
Attentive CNP + PE,m2,1,104,2000,continuum_2200_2400,Continuum 2200-2400 keV,40,0,9093,6.583194852898404,8.047337501621216
Attentive CNP + PE,m2,1,104,2000,FE,Tl-208 FE 2614 keV,5,1,8709,3.74674949042891,4.780619950691464
Attentive CNP + PE,m2,1,104,2000,sparse_tail,Sparse tail 2700-3000 keV,13,47,68,24.320635589918297,29.052684619102738
Attentive CNP + PE,m2,1,105,2000,full,Full 500-3000 keV,442,58,114299,8.168298070513883,10.671228296030497
Attentive CNP + PE,m2,1,105,2000,DEP,Tl-208 DEP 1592 keV,6,0,1323,5.625299633698715,7.003849511767222
Attentive CNP + PE,m2,1,105,2000,Bi-214,Bi-212 1620.74-keV feature,6,0,1361,7.941902248920946,9.684194902301572
Attentive CNP + PE,m2,1,105,2000,continuum_1700_2000,Continuum 1700-2000 keV,60,0,8230,6.881664086637559,8.573790924666197
Attentive CNP + PE,m2,1,105,2000,SE,Tl-208 SE 2103 keV,6,0,2023,4.788819427983813,6.2704275195643255
Attentive CNP + PE,m2,1,105,2000,continuum_2200_2400,Continuum 2200-2400 keV,40,0,9093,6.848433529546323,8.305574640810308
Attentive CNP + PE,m2,1,105,2000,FE,Tl-208 FE 2614 keV,5,1,8709,3.7968628347532243,4.8635652678782515
Attentive CNP + PE,m2,1,105,2000,sparse_tail,Sparse tail 2700-3000 keV,13,47,68,23.99538295309426,28.676888421266376
Attentive CNP + PE,m2,1,106,2000,full,Full 500-3000 keV,442,58,114299,8.284712045103856,10.775682074286063
Attentive CNP + PE,m2,1,106,2000,DEP,Tl-208 DEP 1592 keV,6,0,1323,5.676328910405795,7.083295447832148
Attentive CNP + PE,m2,1,106,2000,Bi-214,Bi-212 1620.74-keV feature,6,0,1361,7.919261496850407,9.67849884288886
Attentive CNP + PE,m2,1,106,2000,continuum_1700_2000,Continuum 1700-2000 keV,60,0,8230,7.038469791448056,8.788346446936757
Attentive CNP + PE,m2,1,106,2000,SE,Tl-208 SE 2103 keV,6,0,2023,4.795178987238775,6.326565131877694
Attentive CNP + PE,m2,1,106,2000,continuum_2200_2400,Continuum 2200-2400 keV,40,0,9093,7.141651025230414,8.586741730030756
Attentive CNP + PE,m2,1,106,2000,FE,Tl-208 FE 2614 keV,5,1,8709,3.925156136968952,4.9765791835473
Attentive CNP + PE,m2,1,106,2000,sparse_tail,Sparse tail 2700-3000 keV,13,47,68,23.96489588486275,28.662284393780084
Attentive CNP + PE,m2,1,107,2000,full,Full 500-3000 keV,442,58,114299,8.458929308809052,10.879987772723377
Attentive CNP + PE,m2,1,107,2000,DEP,Tl-208 DEP 1592 keV,6,0,1323,5.9880041552774355,7.42672904657246
Attentive CNP + PE,m2,1,107,2000,Bi-214,Bi-212 1620.74-keV feature,6,0,1361,8.082110078976891,10.04932365466552
Attentive CNP + PE,m2,1,107,2000,continuum_1700_2000,Continuum 1700-2000 keV,60,0,8230,7.217777022978438,8.975578723674307
Attentive CNP + PE,m2,1,107,2000,SE,Tl-208 SE 2103 keV,6,0,2023,5.008209877841276,6.658556400253958
Attentive CNP + PE,m2,1,107,2000,continuum_2200_2400,Continuum 2200-2400 keV,40,0,9093,7.57522256785323,9.031575209690764
Attentive CNP + PE,m2,1,107,2000,FE,Tl-208 FE 2614 keV,5,1,8709,4.3618472428574515,5.476481442975207
Attentive CNP + PE,m2,1,107,2000,sparse_tail,Sparse tail 2700-3000 keV,13,47,68,23.07356956380785,27.805462659826425
Attentive CNP + PE,m2,1,108,2000,full,Full 500-3000 keV,442,58,114299,8.401628947991895,10.813467367884003
Attentive CNP + PE,m2,1,108,2000,DEP,Tl-208 DEP 1592 keV,6,0,1323,5.96055966415527,7.405955371640363
Attentive CNP + PE,m2,1,108,2000,Bi-214,Bi-212 1620.74-keV feature,6,0,1361,8.106492222755064,10.06653598918308
Attentive CNP + PE,m2,1,108,2000,continuum_1700_2000,Continuum 1700-2000 keV,60,0,8230,7.19538846432078,8.949967342893665
Attentive CNP + PE,m2,1,108,2000,SE,Tl-208 SE 2103 keV,6,0,2023,4.973364615248134,6.600513818362969
Attentive CNP + PE,m2,1,108,2000,continuum_2200_2400,Continuum 2200-2400 keV,40,0,9093,7.50160948018659,8.956461458620229
Attentive CNP + PE,m2,1,108,2000,FE,Tl-208 FE 2614 keV,5,1,8709,4.417391267337431,5.558689544659438
Attentive CNP + PE,m2,1,108,2000,sparse_tail,Sparse tail 2700-3000 keV,13,47,68,22.828006480119832,27.51102680366489
Attentive CNP + PE,m2,1,109,2000,full,Full 500-3000 keV,442,58,114299,8.44959018236215,10.880038274994803
Attentive CNP + PE,m2,1,109,2000,DEP,Tl-208 DEP 1592 keV,6,0,1323,6.048395228095441,7.428035065851854
Attentive CNP + PE,m2,1,109,2000,Bi-214,Bi-212 1620.74-keV feature,6,0,1361,8.153891640846025,10.141554428134786
Attentive CNP + PE,m2,1,109,2000,continuum_1700_2000,Continuum 1700-2000 keV,60,0,8230,7.15725542612171,8.902723567701493
Attentive CNP + PE,m2,1,109,2000,SE,Tl-208 SE 2103 keV,6,0,2023,5.045912248729464,6.686654620468481
Attentive CNP + PE,m2,1,109,2000,continuum_2200_2400,Continuum 2200-2400 keV,40,0,9093,7.408831629709602,8.86391930410244
Attentive CNP + PE,m2,1,109,2000,FE,Tl-208 FE 2614 keV,5,1,8709,4.1988839816413925,5.254571378637747
Attentive CNP + PE,m2,1,109,2000,sparse_tail,Sparse tail 2700-3000 keV,13,47,68,23.323846497458955,27.97266247402591
Attentive CNP + PE,m2,2,100,250,full,Full 500-3000 keV,442,58,114299,7.511894796105516,9.904423355458047
Attentive CNP + PE,m2,2,100,250,DEP,Tl-208 DEP 1592 keV,6,0,1323,4.5222458332528435,5.303902604386561
Attentive CNP + PE,m2,2,100,250,Bi-214,Bi-212 1620.74-keV feature,6,0,1361,7.118377683483056,8.317023198819525
Attentive CNP + PE,m2,2,100,250,continuum_1700_2000,Continuum 1700-2000 keV,60,0,8230,6.60817238603492,8.257645862195965
Attentive CNP + PE,m2,2,100,250,SE,Tl-208 SE 2103 keV,6,0,2023,3.9279839270721784,4.749243069327459
Attentive CNP + PE,m2,2,100,250,continuum_2200_2400,Continuum 2200-2400 keV,40,0,9093,5.1762867508491865,6.332461865160018
Attentive CNP + PE,m2,2,100,250,FE,Tl-208 FE 2614 keV,5,1,8709,3.726314431479726,4.322556807290547
Attentive CNP + PE,m2,2,100,250,sparse_tail,Sparse tail 2700-3000 keV,13,47,68,21.934468381200904,23.71784261140903
Attentive CNP + PE,m2,2,101,250,full,Full 500-3000 keV,442,58,114299,7.9256376860336815,10.26379893352596
Attentive CNP + PE,m2,2,101,250,DEP,Tl-208 DEP 1592 keV,6,0,1323,5.154763657117991,5.781729243421598
Attentive CNP + PE,m2,2,101,250,Bi-214,Bi-212 1620.74-keV feature,6,0,1361,7.417479864205916,8.98477036721256
Attentive CNP + PE,m2,2,101,250,continuum_1700_2000,Continuum 1700-2000 keV,60,0,8230,7.347925121260183,9.162026224993717
Attentive CNP + PE,m2,2,101,250,SE,Tl-208 SE 2103 keV,6,0,2023,4.077173807844802,5.119302103160629
Attentive CNP + PE,m2,2,101,250,continuum_2200_2400,Continuum 2200-2400 keV,40,0,9093,6.123172591298941,7.422897226103606
Attentive CNP + PE,m2,2,101,250,FE,Tl-208 FE 2614 keV,5,1,8709,3.636634185156852,4.070882776052344
Attentive CNP + PE,m2,2,101,250,sparse_tail,Sparse tail 2700-3000 keV,13,47,68,21.010882736525627,22.576271261514712
Attentive CNP + PE,m2,2,102,250,full,Full 500-3000 keV,442,58,114299,7.911753008251156,10.252176789722787
Attentive CNP + PE,m2,2,102,250,DEP,Tl-208 DEP 1592 keV,6,0,1323,4.83338671422759,5.695257795239675
Attentive CNP + PE,m2,2,102,250,Bi-214,Bi-212 1620.74-keV feature,6,0,1361,7.490424984866231,8.924210647743378
Attentive CNP + PE,m2,2,102,250,continuum_1700_2000,Continuum 1700-2000 keV,60,0,8230,7.143667642050117,8.91855788239402
Attentive CNP + PE,m2,2,102,250,SE,Tl-208 SE 2103 keV,6,0,2023,4.179482092866381,5.225811594299727
Attentive CNP + PE,m2,2,102,250,continuum_2200_2400,Continuum 2200-2400 keV,40,0,9093,6.113492878800959,7.347346820156335
Attentive CNP + PE,m2,2,102,250,FE,Tl-208 FE 2614 keV,5,1,8709,3.81278551692025,4.295885608028199
Attentive CNP + PE,m2,2,102,250,sparse_tail,Sparse tail 2700-3000 keV,13,47,68,21.3422374441631,23.05398756242923
Attentive CNP + PE,m2,2,103,250,full,Full 500-3000 keV,442,58,114299,7.364765700072592,9.903713239612385
Attentive CNP + PE,m2,2,103,250,DEP,Tl-208 DEP 1592 keV,6,0,1323,4.6250575612541835,5.060302960088905
Attentive CNP + PE,m2,2,103,250,Bi-214,Bi-212 1620.74-keV feature,6,0,1361,6.791255922718199,7.8425291917693
Attentive CNP + PE,m2,2,103,250,continuum_1700_2000,Continuum 1700-2000 keV,60,0,8230,6.444235968500404,8.037805958163654
Attentive CNP + PE,m2,2,103,250,SE,Tl-208 SE 2103 keV,6,0,2023,3.66478411744618,4.418465313480851
Attentive CNP + PE,m2,2,103,250,continuum_2200_2400,Continuum 2200-2400 keV,40,0,9093,4.63753505930387,5.712850967697062
Attentive CNP + PE,m2,2,103,250,FE,Tl-208 FE 2614 keV,5,1,8709,3.0622810904064064,3.6274907884009346
Attentive CNP + PE,m2,2,103,250,sparse_tail,Sparse tail 2700-3000 keV,13,47,68,23.992449426222663,25.939193151188388
Attentive CNP + PE,m2,2,104,250,full,Full 500-3000 keV,442,58,114299,7.655357906242067,10.08533351762863
Attentive CNP + PE,m2,2,104,250,DEP,Tl-208 DEP 1592 keV,6,0,1323,4.588215682540191,5.401222911630183
Attentive CNP + PE,m2,2,104,250,Bi-214,Bi-212 1620.74-keV feature,6,0,1361,7.273080253256155,8.501593376673128
Attentive CNP + PE,m2,2,104,250,continuum_1700_2000,Continuum 1700-2000 keV,60,0,8230,6.709315627240094,8.387281999250797
Attentive CNP + PE,m2,2,104,250,SE,Tl-208 SE 2103 keV,6,0,2023,4.035415539918388,4.937296716834689
Attentive CNP + PE,m2,2,104,250,continuum_2200_2400,Continuum 2200-2400 keV,40,0,9093,5.369548331102496,6.54031130750687
Attentive CNP + PE,m2,2,104,250,FE,Tl-208 FE 2614 keV,5,1,8709,3.561698313484512,4.03671735174761
Attentive CNP + PE,m2,2,104,250,sparse_tail,Sparse tail 2700-3000 keV,13,47,68,22.66337669988056,24.548361357367117
Attentive CNP + PE,m2,2,105,250,full,Full 500-3000 keV,442,58,114299,7.486376061431849,9.989159075230504
Attentive CNP + PE,m2,2,105,250,DEP,Tl-208 DEP 1592 keV,6,0,1323,4.754361258302128,5.2428847065033795
Attentive CNP + PE,m2,2,105,250,Bi-214,Bi-212 1620.74-keV feature,6,0,1361,6.970453266876069,8.078911091030484
Attentive CNP + PE,m2,2,105,250,continuum_1700_2000,Continuum 1700-2000 keV,60,0,8230,6.493162412642485,8.09678423022028
Attentive CNP + PE,m2,2,105,250,SE,Tl-208 SE 2103 keV,6,0,2023,3.8858345086345127,4.687957534714449
Attentive CNP + PE,m2,2,105,250,continuum_2200_2400,Continuum 2200-2400 keV,40,0,9093,4.907539583179172,6.010946764207178
Attentive CNP + PE,m2,2,105,250,FE,Tl-208 FE 2614 keV,5,1,8709,3.4213173954893303,3.998180116388906
Attentive CNP + PE,m2,2,105,250,sparse_tail,Sparse tail 2700-3000 keV,13,47,68,23.68526330302269,25.74799195766741
Attentive CNP + PE,m2,2,106,250,full,Full 500-3000 keV,442,58,114299,8.077441845167806,10.412014252301107
Attentive CNP + PE,m2,2,106,250,DEP,Tl-208 DEP 1592 keV,6,0,1323,4.954181153054037,5.879524203460751
Attentive CNP + PE,m2,2,106,250,Bi-214,Bi-212 1620.74-keV feature,6,0,1361,7.79413654304925,9.156622249469416
Attentive CNP + PE,m2,2,106,250,continuum_1700_2000,Continuum 1700-2000 keV,60,0,8230,7.251473429594049,9.04399496034779
Attentive CNP + PE,m2,2,106,250,SE,Tl-208 SE 2103 keV,6,0,2023,4.333856906613246,5.513660270881794
Attentive CNP + PE,m2,2,106,250,continuum_2200_2400,Continuum 2200-2400 keV,40,0,9093,6.366217060498687,7.603900051794624
Attentive CNP + PE,m2,2,106,250,FE,Tl-208 FE 2614 keV,5,1,8709,3.9789207359530856,4.44202957917251
Attentive CNP + PE,m2,2,106,250,sparse_tail,Sparse tail 2700-3000 keV,13,47,68,21.479678479942095,23.286179777332542
Attentive CNP + PE,m2,2,107,250,full,Full 500-3000 keV,442,58,114299,7.5935469137605764,10.01327949295569
Attentive CNP + PE,m2,2,107,250,DEP,Tl-208 DEP 1592 keV,6,0,1323,4.767109045752614,5.454096521862119
Attentive CNP + PE,m2,2,107,250,Bi-214,Bi-212 1620.74-keV feature,6,0,1361,7.193625584933969,8.341656595567283
Attentive CNP + PE,m2,2,107,250,continuum_1700_2000,Continuum 1700-2000 keV,60,0,8230,6.546298227333468,8.176484646245292
Attentive CNP + PE,m2,2,107,250,SE,Tl-208 SE 2103 keV,6,0,2023,4.083359472944361,4.95918870454536
Attentive CNP + PE,m2,2,107,250,continuum_2200_2400,Continuum 2200-2400 keV,40,0,9093,5.26649378525149,6.4200110608492205
Attentive CNP + PE,m2,2,107,250,FE,Tl-208 FE 2614 keV,5,1,8709,3.6839062371624154,4.195075882733595
Attentive CNP + PE,m2,2,107,250,sparse_tail,Sparse tail 2700-3000 keV,13,47,68,22.637360924834702,24.57086133545622
Attentive CNP + PE,m2,2,108,250,full,Full 500-3000 keV,442,58,114299,7.18904394947837,9.725309028415246
Attentive CNP + PE,m2,2,108,250,DEP,Tl-208 DEP 1592 keV,6,0,1323,4.419080992063954,4.867516825476603
Attentive CNP + PE,m2,2,108,250,Bi-214,Bi-212 1620.74-keV feature,6,0,1361,6.532048531487007,7.544041830727885
Attentive CNP + PE,m2,2,108,250,continuum_1700_2000,Continuum 1700-2000 keV,60,0,8230,6.359387949328313,7.946793944759725
Attentive CNP + PE,m2,2,108,250,SE,Tl-208 SE 2103 keV,6,0,2023,3.3836224657256637,4.106804070472971
Attentive CNP + PE,m2,2,108,250,continuum_2200_2400,Continuum 2200-2400 keV,40,0,9093,4.383566746671008,5.436893475937987
Attentive CNP + PE,m2,2,108,250,FE,Tl-208 FE 2614 keV,5,1,8709,2.9248843735190704,3.51116720523287
Attentive CNP + PE,m2,2,108,250,sparse_tail,Sparse tail 2700-3000 keV,13,47,68,23.642362277450896,25.32241097547983
Attentive CNP + PE,m2,2,109,250,full,Full 500-3000 keV,442,58,114299,8.363739190498764,10.694654875241866
Attentive CNP + PE,m2,2,109,250,DEP,Tl-208 DEP 1592 keV,6,0,1323,5.144266830767352,6.113321330645955
Attentive CNP + PE,m2,2,109,250,Bi-214,Bi-212 1620.74-keV feature,6,0,1361,8.171705401284026,9.487115933709418
Attentive CNP + PE,m2,2,109,250,continuum_1700_2000,Continuum 1700-2000 keV,60,0,8230,7.498520984225501,9.306453438257824
Attentive CNP + PE,m2,2,109,250,SE,Tl-208 SE 2103 keV,6,0,2023,4.557862384559564,5.960812092961482
Attentive CNP + PE,m2,2,109,250,continuum_2200_2400,Continuum 2200-2400 keV,40,0,9093,6.800381959303158,8.03348128448032
Attentive CNP + PE,m2,2,109,250,FE,Tl-208 FE 2614 keV,5,1,8709,4.050482463041461,4.434309022453044
Attentive CNP + PE,m2,2,109,250,sparse_tail,Sparse tail 2700-3000 keV,13,47,68,21.820189010399055,23.7431307413599
Attentive CNP + PE,m2,2,100,500,full,Full 500-3000 keV,442,58,114299,8.328807283038833,10.568142945259547
Attentive CNP + PE,m2,2,100,500,DEP,Tl-208 DEP 1592 keV,6,0,1323,5.41244661938233,6.504513075017063
Attentive CNP + PE,m2,2,100,500,Bi-214,Bi-212 1620.74-keV feature,6,0,1361,8.323333514119275,9.67906268364425
Attentive CNP + PE,m2,2,100,500,continuum_1700_2000,Continuum 1700-2000 keV,60,0,8230,7.444731460744361,9.186152581914337
Attentive CNP + PE,m2,2,100,500,SE,Tl-208 SE 2103 keV,6,0,2023,4.689725972542692,6.031044942654304
Attentive CNP + PE,m2,2,100,500,continuum_2200_2400,Continuum 2200-2400 keV,40,0,9093,7.016672935764413,8.20199457970759
Attentive CNP + PE,m2,2,100,500,FE,Tl-208 FE 2614 keV,5,1,8709,4.678047486914958,5.416544411188302
Attentive CNP + PE,m2,2,100,500,sparse_tail,Sparse tail 2700-3000 keV,13,47,68,20.11819411243017,22.03890560359672
Attentive CNP + PE,m2,2,101,500,full,Full 500-3000 keV,442,58,114299,8.271052871767584,10.569322376351613
Attentive CNP + PE,m2,2,101,500,DEP,Tl-208 DEP 1592 keV,6,0,1323,5.537589887539813,6.206927395782623
Attentive CNP + PE,m2,2,101,500,Bi-214,Bi-212 1620.74-keV feature,6,0,1361,7.7901019894195676,9.409793169529141
Attentive CNP + PE,m2,2,101,500,continuum_1700_2000,Continuum 1700-2000 keV,60,0,8230,7.813356459870587,9.631853020850354
Attentive CNP + PE,m2,2,101,500,SE,Tl-208 SE 2103 keV,6,0,2023,4.330447108491075,5.598268421233973
Attentive CNP + PE,m2,2,101,500,continuum_2200_2400,Continuum 2200-2400 keV,40,0,9093,6.905383737928291,8.194302835875277
Attentive CNP + PE,m2,2,101,500,FE,Tl-208 FE 2614 keV,5,1,8709,3.8569900047443317,4.275862464798573
Attentive CNP + PE,m2,2,101,500,sparse_tail,Sparse tail 2700-3000 keV,13,47,68,20.651005469094823,22.372794617339867
Attentive CNP + PE,m2,2,102,500,full,Full 500-3000 keV,442,58,114299,8.578896850797449,10.825334576512372
Attentive CNP + PE,m2,2,102,500,DEP,Tl-208 DEP 1592 keV,6,0,1323,5.859552157795366,6.622429647833875
Attentive CNP + PE,m2,2,102,500,Bi-214,Bi-212 1620.74-keV feature,6,0,1361,8.258896707803292,9.85737295056078
Attentive CNP + PE,m2,2,102,500,continuum_1700_2000,Continuum 1700-2000 keV,60,0,8230,8.061607853600764,9.855506028012853
Attentive CNP + PE,m2,2,102,500,SE,Tl-208 SE 2103 keV,6,0,2023,4.789795351577337,6.14864203953442
Attentive CNP + PE,m2,2,102,500,continuum_2200_2400,Continuum 2200-2400 keV,40,0,9093,7.541671758958948,8.785790861013067
Attentive CNP + PE,m2,2,102,500,FE,Tl-208 FE 2614 keV,5,1,8709,4.3117498514759856,4.864398216654981
Attentive CNP + PE,m2,2,102,500,sparse_tail,Sparse tail 2700-3000 keV,13,47,68,20.21708239321468,22.01990225111073
Attentive CNP + PE,m2,2,103,500,full,Full 500-3000 keV,442,58,114299,7.453977718518087,9.910919913746303
Attentive CNP + PE,m2,2,103,500,DEP,Tl-208 DEP 1592 keV,6,0,1323,4.600276100765947,5.196969018268407
Attentive CNP + PE,m2,2,103,500,Bi-214,Bi-212 1620.74-keV feature,6,0,1361,6.944329396203579,8.080157614844518
Attentive CNP + PE,m2,2,103,500,continuum_1700_2000,Continuum 1700-2000 keV,60,0,8230,6.532177953696115,8.148023113516608
Attentive CNP + PE,m2,2,103,500,SE,Tl-208 SE 2103 keV,6,0,2023,3.8557494196560778,4.605647904325021
Attentive CNP + PE,m2,2,103,500,continuum_2200_2400,Continuum 2200-2400 keV,40,0,9093,4.991908781501633,6.120011862198753
Attentive CNP + PE,m2,2,103,500,FE,Tl-208 FE 2614 keV,5,1,8709,3.275126078600357,3.817506548929069
Attentive CNP + PE,m2,2,103,500,sparse_tail,Sparse tail 2700-3000 keV,13,47,68,23.056955932868945,24.987572702917983
Attentive CNP + PE,m2,2,104,500,full,Full 500-3000 keV,442,58,114299,7.7162967339328565,10.132510073797723
Attentive CNP + PE,m2,2,104,500,DEP,Tl-208 DEP 1592 keV,6,0,1323,4.623329350641135,5.48730678110863
Attentive CNP + PE,m2,2,104,500,Bi-214,Bi-212 1620.74-keV feature,6,0,1361,7.333479012539641,8.558058176003211
Attentive CNP + PE,m2,2,104,500,continuum_1700_2000,Continuum 1700-2000 keV,60,0,8230,6.747302673902005,8.44732231927116
Attentive CNP + PE,m2,2,104,500,SE,Tl-208 SE 2103 keV,6,0,2023,4.130455816464516,5.038112330271497
Attentive CNP + PE,m2,2,104,500,continuum_2200_2400,Continuum 2200-2400 keV,40,0,9093,5.565075616096267,6.746132466709972
Attentive CNP + PE,m2,2,104,500,FE,Tl-208 FE 2614 keV,5,1,8709,3.5686379840287623,4.017235181019945
Attentive CNP + PE,m2,2,104,500,sparse_tail,Sparse tail 2700-3000 keV,13,47,68,22.61149832034574,24.58407005456655
Attentive CNP + PE,m2,2,105,500,full,Full 500-3000 keV,442,58,114299,7.6652083952212795,10.126795966016305
Attentive CNP + PE,m2,2,105,500,DEP,Tl-208 DEP 1592 keV,6,0,1323,4.769544977842235,5.449927682573064
Attentive CNP + PE,m2,2,105,500,Bi-214,Bi-212 1620.74-keV feature,6,0,1361,7.2527468253468035,8.415098585062838
Attentive CNP + PE,m2,2,105,500,continuum_1700_2000,Continuum 1700-2000 keV,60,0,8230,6.642734658720448,8.292216776648774
Attentive CNP + PE,m2,2,105,500,SE,Tl-208 SE 2103 keV,6,0,2023,4.123828813771281,4.988043281187555
Attentive CNP + PE,m2,2,105,500,continuum_2200_2400,Continuum 2200-2400 keV,40,0,9093,5.339703866715606,6.4877704891797965
Attentive CNP + PE,m2,2,105,500,FE,Tl-208 FE 2614 keV,5,1,8709,3.5076810233912417,3.9702144481767023
Attentive CNP + PE,m2,2,105,500,sparse_tail,Sparse tail 2700-3000 keV,13,47,68,23.362459434063137,25.486843252275932
Attentive CNP + PE,m2,2,106,500,full,Full 500-3000 keV,442,58,114299,8.103327527776278,10.437457950098914
Attentive CNP + PE,m2,2,106,500,DEP,Tl-208 DEP 1592 keV,6,0,1323,4.902099547437292,5.920651768535753
Attentive CNP + PE,m2,2,106,500,Bi-214,Bi-212 1620.74-keV feature,6,0,1361,7.821780305178004,9.159087803040828
Attentive CNP + PE,m2,2,106,500,continuum_1700_2000,Continuum 1700-2000 keV,60,0,8230,7.221243121851803,9.003289570773628
Attentive CNP + PE,m2,2,106,500,SE,Tl-208 SE 2103 keV,6,0,2023,4.40567031607571,5.583002195116912
Attentive CNP + PE,m2,2,106,500,continuum_2200_2400,Continuum 2200-2400 keV,40,0,9093,6.438936742489157,7.657901252812005
Attentive CNP + PE,m2,2,106,500,FE,Tl-208 FE 2614 keV,5,1,8709,3.978439927266089,4.439305768857531
Attentive CNP + PE,m2,2,106,500,sparse_tail,Sparse tail 2700-3000 keV,13,47,68,21.684621819748973,23.61525813513696
Attentive CNP + PE,m2,2,107,500,full,Full 500-3000 keV,442,58,114299,7.5496632211744314,9.98581612991841
Attentive CNP + PE,m2,2,107,500,DEP,Tl-208 DEP 1592 keV,6,0,1323,4.655451916280633,5.338812084089156
Attentive CNP + PE,m2,2,107,500,Bi-214,Bi-212 1620.74-keV feature,6,0,1361,7.041305302866972,8.249437078485961
Attentive CNP + PE,m2,2,107,500,continuum_1700_2000,Continuum 1700-2000 keV,60,0,8230,6.578092287360257,8.214397318348174
Attentive CNP + PE,m2,2,107,500,SE,Tl-208 SE 2103 keV,6,0,2023,4.005282657658152,4.809168812625242
Attentive CNP + PE,m2,2,107,500,continuum_2200_2400,Continuum 2200-2400 keV,40,0,9093,5.2219536947286,6.368564637254635
Attentive CNP + PE,m2,2,107,500,FE,Tl-208 FE 2614 keV,5,1,8709,3.3945749711976636,3.8791324481474008
Attentive CNP + PE,m2,2,107,500,sparse_tail,Sparse tail 2700-3000 keV,13,47,68,22.836120452799815,24.791344253027976
Attentive CNP + PE,m2,2,108,500,full,Full 500-3000 keV,442,58,114299,7.517886533899822,9.928855827091002
Attentive CNP + PE,m2,2,108,500,DEP,Tl-208 DEP 1592 keV,6,0,1323,4.457655038870074,5.243238042676661
Attentive CNP + PE,m2,2,108,500,Bi-214,Bi-212 1620.74-keV feature,6,0,1361,7.0073981566536645,8.2581240656959
Attentive CNP + PE,m2,2,108,500,continuum_1700_2000,Continuum 1700-2000 keV,60,0,8230,6.679130705031884,8.364952475252087
Attentive CNP + PE,m2,2,108,500,SE,Tl-208 SE 2103 keV,6,0,2023,3.8728168140979102,4.641005545367548
Attentive CNP + PE,m2,2,108,500,continuum_2200_2400,Continuum 2200-2400 keV,40,0,9093,5.2419731286846885,6.415420192729836
Attentive CNP + PE,m2,2,108,500,FE,Tl-208 FE 2614 keV,5,1,8709,3.3233824956977935,3.848061853775732
Attentive CNP + PE,m2,2,108,500,sparse_tail,Sparse tail 2700-3000 keV,13,47,68,22.2917161892768,24.100243465549887
Attentive CNP + PE,m2,2,109,500,full,Full 500-3000 keV,442,58,114299,8.141723397771267,10.496983330691343
Attentive CNP + PE,m2,2,109,500,DEP,Tl-208 DEP 1592 keV,6,0,1323,4.852484513598173,5.972832796574932
Attentive CNP + PE,m2,2,109,500,Bi-214,Bi-212 1620.74-keV feature,6,0,1361,7.966811043373744,9.2235563724786
Attentive CNP + PE,m2,2,109,500,continuum_1700_2000,Continuum 1700-2000 keV,60,0,8230,7.173507735600847,8.959524448602037
Attentive CNP + PE,m2,2,109,500,SE,Tl-208 SE 2103 keV,6,0,2023,4.47999586447772,5.6911210660100515
Attentive CNP + PE,m2,2,109,500,continuum_2200_2400,Continuum 2200-2400 keV,40,0,9093,6.4232870887847096,7.634025060074567
Attentive CNP + PE,m2,2,109,500,FE,Tl-208 FE 2614 keV,5,1,8709,3.9915910989307983,4.414476926154124
Attentive CNP + PE,m2,2,109,500,sparse_tail,Sparse tail 2700-3000 keV,13,47,68,22.018748074145282,24.0598718143956
Attentive CNP + PE,m2,2,100,1000,full,Full 500-3000 keV,442,58,114299,8.06967846749224,10.355704447772833
Attentive CNP + PE,m2,2,100,1000,DEP,Tl-208 DEP 1592 keV,6,0,1323,4.962574135787742,6.07750678634268
Attentive CNP + PE,m2,2,100,1000,Bi-214,Bi-212 1620.74-keV feature,6,0,1361,7.98991051067453,9.279818870653301
Attentive CNP + PE,m2,2,100,1000,continuum_1700_2000,Continuum 1700-2000 keV,60,0,8230,7.135118954955007,8.864787778075927
Attentive CNP + PE,m2,2,100,1000,SE,Tl-208 SE 2103 keV,6,0,2023,4.472075562168089,5.65807374139516
Attentive CNP + PE,m2,2,100,1000,continuum_2200_2400,Continuum 2200-2400 keV,40,0,9093,6.4537586475999085,7.643795832008481
Attentive CNP + PE,m2,2,100,1000,FE,Tl-208 FE 2614 keV,5,1,8709,4.51276764742865,5.169392486839685
Attentive CNP + PE,m2,2,100,1000,sparse_tail,Sparse tail 2700-3000 keV,13,47,68,20.588104315794066,22.553875647422693
Attentive CNP + PE,m2,2,101,1000,full,Full 500-3000 keV,442,58,114299,9.056545790516381,11.23036390616561
Attentive CNP + PE,m2,2,101,1000,DEP,Tl-208 DEP 1592 keV,6,0,1323,6.468987479049582,7.362766857364314
Attentive CNP + PE,m2,2,101,1000,Bi-214,Bi-212 1620.74-keV feature,6,0,1361,8.907734908290173,10.549349710097166
Attentive CNP + PE,m2,2,101,1000,continuum_1700_2000,Continuum 1700-2000 keV,60,0,8230,8.5956989937668,10.370918493764618
Attentive CNP + PE,m2,2,101,1000,SE,Tl-208 SE 2103 keV,6,0,2023,5.531712894008034,6.880720820611691
Attentive CNP + PE,m2,2,101,1000,continuum_2200_2400,Continuum 2200-2400 keV,40,0,9093,8.563764645108362,9.728301487722609
Attentive CNP + PE,m2,2,101,1000,FE,Tl-208 FE 2614 keV,5,1,8709,5.110608221224715,5.94594472607768
Attentive CNP + PE,m2,2,101,1000,sparse_tail,Sparse tail 2700-3000 keV,13,47,68,18.708830584138553,20.52250739765955
Attentive CNP + PE,m2,2,102,1000,full,Full 500-3000 keV,442,58,114299,8.924111516539163,11.107039541070177
Attentive CNP + PE,m2,2,102,1000,DEP,Tl-208 DEP 1592 keV,6,0,1323,6.36677741483813,7.20503293262401
Attentive CNP + PE,m2,2,102,1000,Bi-214,Bi-212 1620.74-keV feature,6,0,1361,8.743199107967047,10.392371452027232
Attentive CNP + PE,m2,2,102,1000,continuum_1700_2000,Continuum 1700-2000 keV,60,0,8230,8.469991074384655,10.252346480492559
Attentive CNP + PE,m2,2,102,1000,SE,Tl-208 SE 2103 keV,6,0,2023,5.2789453369238215,6.667247210305292
Attentive CNP + PE,m2,2,102,1000,continuum_2200_2400,Continuum 2200-2400 keV,40,0,9093,8.304601510192931,9.491427577914324
Attentive CNP + PE,m2,2,102,1000,FE,Tl-208 FE 2614 keV,5,1,8709,4.93058752807229,5.699215860161216
Attentive CNP + PE,m2,2,102,1000,sparse_tail,Sparse tail 2700-3000 keV,13,47,68,18.875459055173856,20.647805678582916
Attentive CNP + PE,m2,2,103,1000,full,Full 500-3000 keV,442,58,114299,7.6249393026132015,10.033791628967318
Attentive CNP + PE,m2,2,103,1000,DEP,Tl-208 DEP 1592 keV,6,0,1323,4.650151534093139,5.428974994823055
Attentive CNP + PE,m2,2,103,1000,Bi-214,Bi-212 1620.74-keV feature,6,0,1361,7.264624519759459,8.470809193282069
Attentive CNP + PE,m2,2,103,1000,continuum_1700_2000,Continuum 1700-2000 keV,60,0,8230,6.645753492099536,8.294920972788066
Attentive CNP + PE,m2,2,103,1000,SE,Tl-208 SE 2103 keV,6,0,2023,4.071096062690154,4.957123542988424
Attentive CNP + PE,m2,2,103,1000,continuum_2200_2400,Continuum 2200-2400 keV,40,0,9093,5.36721274956221,6.53488740784664
Attentive CNP + PE,m2,2,103,1000,FE,Tl-208 FE 2614 keV,5,1,8709,3.8541719096466567,4.39447490185161
Attentive CNP + PE,m2,2,103,1000,sparse_tail,Sparse tail 2700-3000 keV,13,47,68,22.21925585494631,24.26469530850686
Attentive CNP + PE,m2,2,104,1000,full,Full 500-3000 keV,442,58,114299,7.6378661637046,10.055137364955893
Attentive CNP + PE,m2,2,104,1000,DEP,Tl-208 DEP 1592 keV,6,0,1323,4.5376987859556825,5.369964965389036
Attentive CNP + PE,m2,2,104,1000,Bi-214,Bi-212 1620.74-keV feature,6,0,1361,7.201768269420031,8.459470577016003
Attentive CNP + PE,m2,2,104,1000,continuum_1700_2000,Continuum 1700-2000 keV,60,0,8230,6.7134637750963355,8.39014780242047
Attentive CNP + PE,m2,2,104,1000,SE,Tl-208 SE 2103 keV,6,0,2023,4.015377732079648,4.8953173773203424
Attentive CNP + PE,m2,2,104,1000,continuum_2200_2400,Continuum 2200-2400 keV,40,0,9093,5.398504415055231,6.581880798063515
Attentive CNP + PE,m2,2,104,1000,FE,Tl-208 FE 2614 keV,5,1,8709,3.5800031194162294,4.060806311718332
Attentive CNP + PE,m2,2,104,1000,sparse_tail,Sparse tail 2700-3000 keV,13,47,68,22.381787995893603,24.31659715635622
Attentive CNP + PE,m2,2,105,1000,full,Full 500-3000 keV,442,58,114299,7.648936444145442,10.082614825365994
Attentive CNP + PE,m2,2,105,1000,DEP,Tl-208 DEP 1592 keV,6,0,1323,4.661931757102284,5.405332370053789
Attentive CNP + PE,m2,2,105,1000,Bi-214,Bi-212 1620.74-keV feature,6,0,1361,7.252756723921855,8.456465274264978
Attentive CNP + PE,m2,2,105,1000,continuum_1700_2000,Continuum 1700-2000 keV,60,0,8230,6.670038888132377,8.324995338127524
Attentive CNP + PE,m2,2,105,1000,SE,Tl-208 SE 2103 keV,6,0,2023,4.066131529601904,4.9569371445513655
Attentive CNP + PE,m2,2,105,1000,continuum_2200_2400,Continuum 2200-2400 keV,40,0,9093,5.363624004013155,6.529417547420992
Attentive CNP + PE,m2,2,105,1000,FE,Tl-208 FE 2614 keV,5,1,8709,3.6942369570310776,4.193380612767307
Attentive CNP + PE,m2,2,105,1000,sparse_tail,Sparse tail 2700-3000 keV,13,47,68,22.670313225303733,24.752616652206903
Attentive CNP + PE,m2,2,106,1000,full,Full 500-3000 keV,442,58,114299,8.002921130356855,10.330555569869743
Attentive CNP + PE,m2,2,106,1000,DEP,Tl-208 DEP 1592 keV,6,0,1323,4.805085281057481,5.83336999548802
Attentive CNP + PE,m2,2,106,1000,Bi-214,Bi-212 1620.74-keV feature,6,0,1361,7.771951046236998,9.088454550348297
Attentive CNP + PE,m2,2,106,1000,continuum_1700_2000,Continuum 1700-2000 keV,60,0,8230,7.1243770034073295,8.882688723097806
Attentive CNP + PE,m2,2,106,1000,SE,Tl-208 SE 2103 keV,6,0,2023,4.331972091103315,5.456354904273204
Attentive CNP + PE,m2,2,106,1000,continuum_2200_2400,Continuum 2200-2400 keV,40,0,9093,6.240135283060769,7.459547043983132
Attentive CNP + PE,m2,2,106,1000,FE,Tl-208 FE 2614 keV,5,1,8709,4.153441828461641,4.676548759376758
Attentive CNP + PE,m2,2,106,1000,sparse_tail,Sparse tail 2700-3000 keV,13,47,68,21.214820422678685,23.144536820759757
Attentive CNP + PE,m2,2,107,1000,full,Full 500-3000 keV,442,58,114299,8.27365921259893,10.53749512263939
Attentive CNP + PE,m2,2,107,1000,DEP,Tl-208 DEP 1592 keV,6,0,1323,5.3292164432026325,6.213518970846693
Attentive CNP + PE,m2,2,107,1000,Bi-214,Bi-212 1620.74-keV feature,6,0,1361,8.066031704870554,9.48377391144056
Attentive CNP + PE,m2,2,107,1000,continuum_1700_2000,Continuum 1700-2000 keV,60,0,8230,7.534628290188208,9.28703461690754
Attentive CNP + PE,m2,2,107,1000,SE,Tl-208 SE 2103 keV,6,0,2023,4.4973973130480465,5.809762962274699
Attentive CNP + PE,m2,2,107,1000,continuum_2200_2400,Continuum 2200-2400 keV,40,0,9093,6.899387275686777,8.119856021840235
Attentive CNP + PE,m2,2,107,1000,FE,Tl-208 FE 2614 keV,5,1,8709,4.344223816296584,4.897604962341124
Attentive CNP + PE,m2,2,107,1000,sparse_tail,Sparse tail 2700-3000 keV,13,47,68,20.421555956610167,22.277549272621794
Attentive CNP + PE,m2,2,108,1000,full,Full 500-3000 keV,442,58,114299,7.912006131830767,10.237509411514639
Attentive CNP + PE,m2,2,108,1000,DEP,Tl-208 DEP 1592 keV,6,0,1323,4.77531545798979,5.762763278966928
Attentive CNP + PE,m2,2,108,1000,Bi-214,Bi-212 1620.74-keV feature,6,0,1361,7.625552284320418,8.972413671332204
Attentive CNP + PE,m2,2,108,1000,continuum_1700_2000,Continuum 1700-2000 keV,60,0,8230,7.076665539349891,8.816514153414037
Attentive CNP + PE,m2,2,108,1000,SE,Tl-208 SE 2103 keV,6,0,2023,4.2543435207752385,5.311026312639587
Attentive CNP + PE,m2,2,108,1000,continuum_2200_2400,Continuum 2200-2400 keV,40,0,9093,6.119593788777274,7.338708203479562
Attentive CNP + PE,m2,2,108,1000,FE,Tl-208 FE 2614 keV,5,1,8709,4.129457305264276,4.679084252600198
Attentive CNP + PE,m2,2,108,1000,sparse_tail,Sparse tail 2700-3000 keV,13,47,68,21.08390324114764,22.952586935899777
Attentive CNP + PE,m2,2,109,1000,full,Full 500-3000 keV,442,58,114299,8.066158033989021,10.399707460153405
Attentive CNP + PE,m2,2,109,1000,DEP,Tl-208 DEP 1592 keV,6,0,1323,4.825140338002748,5.922655675130374
Attentive CNP + PE,m2,2,109,1000,Bi-214,Bi-212 1620.74-keV feature,6,0,1361,7.90041798017055,9.181571032660893
Attentive CNP + PE,m2,2,109,1000,continuum_1700_2000,Continuum 1700-2000 keV,60,0,8230,7.129403969700528,8.8876733980536
Attentive CNP + PE,m2,2,109,1000,SE,Tl-208 SE 2103 keV,6,0,2023,4.41624696027284,5.59291263992308
Attentive CNP + PE,m2,2,109,1000,continuum_2200_2400,Continuum 2200-2400 keV,40,0,9093,6.3386717690753684,7.547639975896174
Attentive CNP + PE,m2,2,109,1000,FE,Tl-208 FE 2614 keV,5,1,8709,4.198272201422508,4.711215275353359
Attentive CNP + PE,m2,2,109,1000,sparse_tail,Sparse tail 2700-3000 keV,13,47,68,21.43441927864778,23.450551702388395
Attentive CNP + PE,m2,2,100,2000,full,Full 500-3000 keV,442,58,114299,7.909472379790114,10.271041305947056
Attentive CNP + PE,m2,2,100,2000,DEP,Tl-208 DEP 1592 keV,6,0,1323,4.685502092457975,5.784809645246828
Attentive CNP + PE,m2,2,100,2000,Bi-214,Bi-212 1620.74-keV feature,6,0,1361,7.647408222942376,8.886065248553779
Attentive CNP + PE,m2,2,100,2000,continuum_1700_2000,Continuum 1700-2000 keV,60,0,8230,6.913829289449882,8.647521366959348
Attentive CNP + PE,m2,2,100,2000,SE,Tl-208 SE 2103 keV,6,0,2023,4.334014219845014,5.393199024087865
Attentive CNP + PE,m2,2,100,2000,continuum_2200_2400,Continuum 2200-2400 keV,40,0,9093,6.022097893143628,7.218690515188561
Attentive CNP + PE,m2,2,100,2000,FE,Tl-208 FE 2614 keV,5,1,8709,4.057482615333487,4.57163482789968
Attentive CNP + PE,m2,2,100,2000,sparse_tail,Sparse tail 2700-3000 keV,13,47,68,21.827013623083737,23.906107977787183
Attentive CNP + PE,m2,2,101,2000,full,Full 500-3000 keV,442,58,114299,8.10835080053562,10.421690137626761
Attentive CNP + PE,m2,2,101,2000,DEP,Tl-208 DEP 1592 keV,6,0,1323,4.948967205727182,5.990930341560567
Attentive CNP + PE,m2,2,101,2000,Bi-214,Bi-212 1620.74-keV feature,6,0,1361,7.828923906277787,9.15780997451539
Attentive CNP + PE,m2,2,101,2000,continuum_1700_2000,Continuum 1700-2000 keV,60,0,8230,7.223085714786584,8.977743084266029
Attentive CNP + PE,m2,2,101,2000,SE,Tl-208 SE 2103 keV,6,0,2023,4.437401233318665,5.62841113164667
Attentive CNP + PE,m2,2,101,2000,continuum_2200_2400,Continuum 2200-2400 keV,40,0,9093,6.504036497442275,7.714841853435998
Attentive CNP + PE,m2,2,101,2000,FE,Tl-208 FE 2614 keV,5,1,8709,4.207101549852588,4.7468658312938095
Attentive CNP + PE,m2,2,101,2000,sparse_tail,Sparse tail 2700-3000 keV,13,47,68,21.283661393407506,23.29226207416507
Attentive CNP + PE,m2,2,102,2000,full,Full 500-3000 keV,442,58,114299,8.0120531523437,10.351102182516934
Attentive CNP + PE,m2,2,102,2000,DEP,Tl-208 DEP 1592 keV,6,0,1323,4.839828095511523,5.8485868554690015
Attentive CNP + PE,m2,2,102,2000,Bi-214,Bi-212 1620.74-keV feature,6,0,1361,7.702155722046901,9.028282693648892
Attentive CNP + PE,m2,2,102,2000,continuum_1700_2000,Continuum 1700-2000 keV,60,0,8230,7.13331514075044,8.895242311207499
Attentive CNP + PE,m2,2,102,2000,SE,Tl-208 SE 2103 keV,6,0,2023,4.335802436180287,5.447011755579425
Attentive CNP + PE,m2,2,102,2000,continuum_2200_2400,Continuum 2200-2400 keV,40,0,9093,6.254236661288292,7.475116556812497
Attentive CNP + PE,m2,2,102,2000,FE,Tl-208 FE 2614 keV,5,1,8709,4.031091733223152,4.521702506724152
Attentive CNP + PE,m2,2,102,2000,sparse_tail,Sparse tail 2700-3000 keV,13,47,68,21.545313520697825,23.543128265235318
Attentive CNP + PE,m2,2,103,2000,full,Full 500-3000 keV,442,58,114299,8.055986771501368,10.389187350013707
Attentive CNP + PE,m2,2,103,2000,DEP,Tl-208 DEP 1592 keV,6,0,1323,4.821099436567735,5.949582059327372
Attentive CNP + PE,m2,2,103,2000,Bi-214,Bi-212 1620.74-keV feature,6,0,1361,7.8346269151381405,9.111266925273494
Attentive CNP + PE,m2,2,103,2000,continuum_1700_2000,Continuum 1700-2000 keV,60,0,8230,7.098330253720324,8.851514142955892
Attentive CNP + PE,m2,2,103,2000,SE,Tl-208 SE 2103 keV,6,0,2023,4.431229976454764,5.590571766375513
Attentive CNP + PE,m2,2,103,2000,continuum_2200_2400,Continuum 2200-2400 keV,40,0,9093,6.3507337492069755,7.554410562763257
Attentive CNP + PE,m2,2,103,2000,FE,Tl-208 FE 2614 keV,5,1,8709,4.247923697120044,4.80394872815265
Attentive CNP + PE,m2,2,103,2000,sparse_tail,Sparse tail 2700-3000 keV,13,47,68,21.495994400295444,23.57783032503127
Attentive CNP + PE,m2,2,104,2000,full,Full 500-3000 keV,442,58,114299,7.600363877804919,10.055054618868287
Attentive CNP + PE,m2,2,104,2000,DEP,Tl-208 DEP 1592 keV,6,0,1323,4.6397378912096245,5.344525558417918
Attentive CNP + PE,m2,2,104,2000,Bi-214,Bi-212 1620.74-keV feature,6,0,1361,7.059797700131266,8.286996949326129
Attentive CNP + PE,m2,2,104,2000,continuum_1700_2000,Continuum 1700-2000 keV,60,0,8230,6.6421312261016,8.297359519031358
Attentive CNP + PE,m2,2,104,2000,SE,Tl-208 SE 2103 keV,6,0,2023,4.001297918709726,4.845586479518265
Attentive CNP + PE,m2,2,104,2000,continuum_2200_2400,Continuum 2200-2400 keV,40,0,9093,5.277687791182908,6.442640262948659
Attentive CNP + PE,m2,2,104,2000,FE,Tl-208 FE 2614 keV,5,1,8709,3.4572358248724373,3.9294700255606982
Attentive CNP + PE,m2,2,104,2000,sparse_tail,Sparse tail 2700-3000 keV,13,47,68,23.017665858647756,25.10681138744687
Attentive CNP + PE,m2,2,105,2000,full,Full 500-3000 keV,442,58,114299,7.687004083849771,10.106105796162629
Attentive CNP + PE,m2,2,105,2000,DEP,Tl-208 DEP 1592 keV,6,0,1323,4.629319043046113,5.472604815009691
Attentive CNP + PE,m2,2,105,2000,Bi-214,Bi-212 1620.74-keV feature,6,0,1361,7.261137830947138,8.491754340838817
Attentive CNP + PE,m2,2,105,2000,continuum_1700_2000,Continuum 1700-2000 keV,60,0,8230,6.7221803146286385,8.409889678767373
Attentive CNP + PE,m2,2,105,2000,SE,Tl-208 SE 2103 keV,6,0,2023,4.1024516198338485,5.002794653674075
Attentive CNP + PE,m2,2,105,2000,continuum_2200_2400,Continuum 2200-2400 keV,40,0,9093,5.496381828966839,6.675717866517211
Attentive CNP + PE,m2,2,105,2000,FE,Tl-208 FE 2614 keV,5,1,8709,3.7341114573792473,4.233777264750218
Attentive CNP + PE,m2,2,105,2000,sparse_tail,Sparse tail 2700-3000 keV,13,47,68,22.50354201933817,24.592813342823682
Attentive CNP + PE,m2,2,106,2000,full,Full 500-3000 keV,442,58,114299,7.831577845807251,10.229388477935203
Attentive CNP + PE,m2,2,106,2000,DEP,Tl-208 DEP 1592 keV,6,0,1323,4.565850503774641,5.599240192828403
Attentive CNP + PE,m2,2,106,2000,Bi-214,Bi-212 1620.74-keV feature,6,0,1361,7.447580704555813,8.719573222353803
Attentive CNP + PE,m2,2,106,2000,continuum_1700_2000,Continuum 1700-2000 keV,60,0,8230,6.903807631629981,8.64787174954855
Attentive CNP + PE,m2,2,106,2000,SE,Tl-208 SE 2103 keV,6,0,2023,4.199816602154627,5.192340610192258
Attentive CNP + PE,m2,2,106,2000,continuum_2200_2400,Continuum 2200-2400 keV,40,0,9093,5.811852023110851,7.023851349457162
Attentive CNP + PE,m2,2,106,2000,FE,Tl-208 FE 2614 keV,5,1,8709,3.8126018188133535,4.281911389856433
Attentive CNP + PE,m2,2,106,2000,sparse_tail,Sparse tail 2700-3000 keV,13,47,68,22.23302743020198,24.285717284952355
Attentive CNP + PE,m2,2,107,2000,full,Full 500-3000 keV,442,58,114299,8.058588174425621,10.379063664471845
Attentive CNP + PE,m2,2,107,2000,DEP,Tl-208 DEP 1592 keV,6,0,1323,4.9024182452400815,5.940402912120247
Attentive CNP + PE,m2,2,107,2000,Bi-214,Bi-212 1620.74-keV feature,6,0,1361,7.785800835883329,9.101451520284503
Attentive CNP + PE,m2,2,107,2000,continuum_1700_2000,Continuum 1700-2000 keV,60,0,8230,7.164779503942996,8.915039674939655
Attentive CNP + PE,m2,2,107,2000,SE,Tl-208 SE 2103 keV,6,0,2023,4.396480116519771,5.548696644019743
Attentive CNP + PE,m2,2,107,2000,continuum_2200_2400,Continuum 2200-2400 keV,40,0,9093,6.395706316180723,7.609273041318465
Attentive CNP + PE,m2,2,107,2000,FE,Tl-208 FE 2614 keV,5,1,8709,4.142272473646555,4.664110864060888
Attentive CNP + PE,m2,2,107,2000,sparse_tail,Sparse tail 2700-3000 keV,13,47,68,21.337479408039545,23.33789196823689
Attentive CNP + PE,m2,2,108,2000,full,Full 500-3000 keV,442,58,114299,8.02234325269881,10.335495461471975
Attentive CNP + PE,m2,2,108,2000,DEP,Tl-208 DEP 1592 keV,6,0,1323,4.892452139655585,5.938950077439915
Attentive CNP + PE,m2,2,108,2000,Bi-214,Bi-212 1620.74-keV feature,6,0,1361,7.75380098239032,9.075709723037267
Attentive CNP + PE,m2,2,108,2000,continuum_1700_2000,Continuum 1700-2000 keV,60,0,8230,7.133285523187936,8.876695150968214
Attentive CNP + PE,m2,2,108,2000,SE,Tl-208 SE 2103 keV,6,0,2023,4.3838739410039995,5.510355240690538
Attentive CNP + PE,m2,2,108,2000,continuum_2200_2400,Continuum 2200-2400 keV,40,0,9093,6.348041395466411,7.558156556721336
Attentive CNP + PE,m2,2,108,2000,FE,Tl-208 FE 2614 keV,5,1,8709,4.268028766485235,4.858048410309345
Attentive CNP + PE,m2,2,108,2000,sparse_tail,Sparse tail 2700-3000 keV,13,47,68,21.1331385553282,23.127872156747426
Attentive CNP + PE,m2,2,109,2000,full,Full 500-3000 keV,442,58,114299,7.986500584299924,10.348529290140192
Attentive CNP + PE,m2,2,109,2000,DEP,Tl-208 DEP 1592 keV,6,0,1323,4.706703602213922,5.84121594436169
Attentive CNP + PE,m2,2,109,2000,Bi-214,Bi-212 1620.74-keV feature,6,0,1361,7.746303964866612,8.992309173127179
Attentive CNP + PE,m2,2,109,2000,continuum_1700_2000,Continuum 1700-2000 keV,60,0,8230,7.005761497091837,8.763386655009706
Attentive CNP + PE,m2,2,109,2000,SE,Tl-208 SE 2103 keV,6,0,2023,4.370461569671626,5.4808592109625724
Attentive CNP + PE,m2,2,109,2000,continuum_2200_2400,Continuum 2200-2400 keV,40,0,9093,6.152245281784849,7.357907317058282
Attentive CNP + PE,m2,2,109,2000,FE,Tl-208 FE 2614 keV,5,1,8709,4.097450975248744,4.595229493302471
Attentive CNP + PE,m2,2,109,2000,sparse_tail,Sparse tail 2700-3000 keV,13,47,68,21.855858843977995,23.956094545752606
Density-guided CNP (ours),ours,0,100,250,full,Full 500-3000 keV,442,58,114299,4.44408854886112,5.815867441309397
Density-guided CNP (ours),ours,0,100,250,DEP,Tl-208 DEP 1592 keV,6,0,1323,4.714776158339346,5.28085055608498
Density-guided CNP (ours),ours,0,100,250,Bi-214,Bi-212 1620.74-keV feature,6,0,1361,6.081168584792359,6.700588973065408
Density-guided CNP (ours),ours,0,100,250,continuum_1700_2000,Continuum 1700-2000 keV,60,0,8230,4.129121353285624,5.14974646003681
Density-guided CNP (ours),ours,0,100,250,SE,Tl-208 SE 2103 keV,6,0,2023,2.909765637676702,3.4591870276264816
Density-guided CNP (ours),ours,0,100,250,continuum_2200_2400,Continuum 2200-2400 keV,40,0,9093,3.9637162852540633,4.802740403003209
Density-guided CNP (ours),ours,0,100,250,FE,Tl-208 FE 2614 keV,5,1,8709,4.119700919154052,5.600694986312479
Density-guided CNP (ours),ours,0,100,250,sparse_tail,Sparse tail 2700-3000 keV,13,47,68,11.04930162653497,14.671339707366249
Density-guided CNP (ours),ours,0,101,250,full,Full 500-3000 keV,442,58,114299,4.615145117249743,5.949118899076121
Density-guided CNP (ours),ours,0,101,250,DEP,Tl-208 DEP 1592 keV,6,0,1323,3.3433568770533553,3.9219252083579743
Density-guided CNP (ours),ours,0,101,250,Bi-214,Bi-212 1620.74-keV feature,6,0,1361,4.360377005172653,5.079115793234379
Density-guided CNP (ours),ours,0,101,250,continuum_1700_2000,Continuum 1700-2000 keV,60,0,8230,4.275356910521615,5.154521787571285
Density-guided CNP (ours),ours,0,101,250,SE,Tl-208 SE 2103 keV,6,0,2023,2.8971732331123374,3.504224626947461
Density-guided CNP (ours),ours,0,101,250,continuum_2200_2400,Continuum 2200-2400 keV,40,0,9093,4.2797075741954975,5.22351902859632
Density-guided CNP (ours),ours,0,101,250,FE,Tl-208 FE 2614 keV,5,1,8709,9.858458321514837,10.655792533913383
Density-guided CNP (ours),ours,0,101,250,sparse_tail,Sparse tail 2700-3000 keV,13,47,68,14.165605381481761,15.049183565642785
Density-guided CNP (ours),ours,0,102,250,full,Full 500-3000 keV,442,58,114299,4.436213883553871,5.73690967899477
Density-guided CNP (ours),ours,0,102,250,DEP,Tl-208 DEP 1592 keV,6,0,1323,3.491216685239901,4.012589958364049
Density-guided CNP (ours),ours,0,102,250,Bi-214,Bi-212 1620.74-keV feature,6,0,1361,4.3188884689224185,5.22648095659459
Density-guided CNP (ours),ours,0,102,250,continuum_1700_2000,Continuum 1700-2000 keV,60,0,8230,4.245152454290142,5.156388807764614
Density-guided CNP (ours),ours,0,102,250,SE,Tl-208 SE 2103 keV,6,0,2023,2.9330516256045334,3.400667111991852
Density-guided CNP (ours),ours,0,102,250,continuum_2200_2400,Continuum 2200-2400 keV,40,0,9093,4.424941508692555,5.270993323585114
Density-guided CNP (ours),ours,0,102,250,FE,Tl-208 FE 2614 keV,5,1,8709,5.209778067604269,6.889554640680629
Density-guided CNP (ours),ours,0,102,250,sparse_tail,Sparse tail 2700-3000 keV,13,47,68,10.573906409118553,13.917935178030186
Density-guided CNP (ours),ours,0,103,250,full,Full 500-3000 keV,442,58,114299,4.373369370817714,5.601201828854398
Density-guided CNP (ours),ours,0,103,250,DEP,Tl-208 DEP 1592 keV,6,0,1323,4.091371030336024,4.57644299929321
Density-guided CNP (ours),ours,0,103,250,Bi-214,Bi-212 1620.74-keV feature,6,0,1361,5.149575204235711,5.891379453873351
Density-guided CNP (ours),ours,0,103,250,continuum_1700_2000,Continuum 1700-2000 keV,60,0,8230,4.22167157079577,5.130137679775878
Density-guided CNP (ours),ours,0,103,250,SE,Tl-208 SE 2103 keV,6,0,2023,2.889196255567243,3.5183504182220613
Density-guided CNP (ours),ours,0,103,250,continuum_2200_2400,Continuum 2200-2400 keV,40,0,9093,3.9171619523339545,4.746488626119208
Density-guided CNP (ours),ours,0,103,250,FE,Tl-208 FE 2614 keV,5,1,8709,4.669245285757826,6.4904002047154865
Density-guided CNP (ours),ours,0,103,250,sparse_tail,Sparse tail 2700-3000 keV,13,47,68,9.369207166935757,11.997706965011936
Density-guided CNP (ours),ours,0,104,250,full,Full 500-3000 keV,442,58,114299,4.3987413079763,5.6495528612827455
Density-guided CNP (ours),ours,0,104,250,DEP,Tl-208 DEP 1592 keV,6,0,1323,3.3295353746461123,3.9161013227187005
Density-guided CNP (ours),ours,0,104,250,Bi-214,Bi-212 1620.74-keV feature,6,0,1361,4.365782837915436,5.0479561974125575
Density-guided CNP (ours),ours,0,104,250,continuum_1700_2000,Continuum 1700-2000 keV,60,0,8230,4.289260258623248,5.162346292196144
Density-guided CNP (ours),ours,0,104,250,SE,Tl-208 SE 2103 keV,6,0,2023,2.8842148835342307,3.5189795171266485
Density-guided CNP (ours),ours,0,104,250,continuum_2200_2400,Continuum 2200-2400 keV,40,0,9093,3.997784156286752,4.861923847043527
Density-guided CNP (ours),ours,0,104,250,FE,Tl-208 FE 2614 keV,5,1,8709,5.1028385352403856,6.105386929583483
Density-guided CNP (ours),ours,0,104,250,sparse_tail,Sparse tail 2700-3000 keV,13,47,68,10.06830634546308,13.113668177865605
Density-guided CNP (ours),ours,0,105,250,full,Full 500-3000 keV,442,58,114299,4.403798022434521,5.878902330952763
Density-guided CNP (ours),ours,0,105,250,DEP,Tl-208 DEP 1592 keV,6,0,1323,3.565308331105669,4.070524593523812
Density-guided CNP (ours),ours,0,105,250,Bi-214,Bi-212 1620.74-keV feature,6,0,1361,4.375185224451972,5.299593003349436
Density-guided CNP (ours),ours,0,105,250,continuum_1700_2000,Continuum 1700-2000 keV,60,0,8230,4.248248252134994,5.14391194540914
Density-guided CNP (ours),ours,0,105,250,SE,Tl-208 SE 2103 keV,6,0,2023,2.906929466412726,3.489848912280728
Density-guided CNP (ours),ours,0,105,250,continuum_2200_2400,Continuum 2200-2400 keV,40,0,9093,3.962003045275523,4.800339787089308
Density-guided CNP (ours),ours,0,105,250,FE,Tl-208 FE 2614 keV,5,1,8709,3.7919095529822076,4.846752250592673
Density-guided CNP (ours),ours,0,105,250,sparse_tail,Sparse tail 2700-3000 keV,13,47,68,11.674379119015029,16.427668866587
Density-guided CNP (ours),ours,0,106,250,full,Full 500-3000 keV,442,58,114299,4.4173511867574735,5.694258623178954
Density-guided CNP (ours),ours,0,106,250,DEP,Tl-208 DEP 1592 keV,6,0,1323,3.5277112029311297,4.040951027016372
Density-guided CNP (ours),ours,0,106,250,Bi-214,Bi-212 1620.74-keV feature,6,0,1361,4.330644738248343,5.270516657663795
Density-guided CNP (ours),ours,0,106,250,continuum_1700_2000,Continuum 1700-2000 keV,60,0,8230,4.254033193744875,5.145147634759755
Density-guided CNP (ours),ours,0,106,250,SE,Tl-208 SE 2103 keV,6,0,2023,2.8876031695732256,3.5117820380862095
Density-guided CNP (ours),ours,0,106,250,continuum_2200_2400,Continuum 2200-2400 keV,40,0,9093,3.992030887283578,4.850280615172737
Density-guided CNP (ours),ours,0,106,250,FE,Tl-208 FE 2614 keV,5,1,8709,5.098431097816842,6.441824405826011
Density-guided CNP (ours),ours,0,106,250,sparse_tail,Sparse tail 2700-3000 keV,13,47,68,10.796209028895111,13.7011957272682
Density-guided CNP (ours),ours,0,107,250,full,Full 500-3000 keV,442,58,114299,4.735649634104925,6.545992673302098
Density-guided CNP (ours),ours,0,107,250,DEP,Tl-208 DEP 1592 keV,6,0,1323,3.4115365083195495,3.9575064853383024
Density-guided CNP (ours),ours,0,107,250,Bi-214,Bi-212 1620.74-keV feature,6,0,1361,4.320182351633381,5.125542644704755
Density-guided CNP (ours),ours,0,107,250,continuum_1700_2000,Continuum 1700-2000 keV,60,0,8230,4.2833957190630345,5.158111994693815
Density-guided CNP (ours),ours,0,107,250,SE,Tl-208 SE 2103 keV,6,0,2023,2.8905025730108083,3.5195825511079444
Density-guided CNP (ours),ours,0,107,250,continuum_2200_2400,Continuum 2200-2400 keV,40,0,9093,4.0490379108371926,4.919795379209316
Density-guided CNP (ours),ours,0,107,250,FE,Tl-208 FE 2614 keV,5,1,8709,4.2555255005455965,5.360548782004167
Density-guided CNP (ours),ours,0,107,250,sparse_tail,Sparse tail 2700-3000 keV,13,47,68,21.112223154569108,22.65803116306442
Density-guided CNP (ours),ours,0,108,250,full,Full 500-3000 keV,442,58,114299,4.405964642942385,5.715931210569352
Density-guided CNP (ours),ours,0,108,250,DEP,Tl-208 DEP 1592 keV,6,0,1323,3.4583691572831365,3.991440667572582
Density-guided CNP (ours),ours,0,108,250,Bi-214,Bi-212 1620.74-keV feature,6,0,1361,4.331453397020952,5.190116798569697
Density-guided CNP (ours),ours,0,108,250,continuum_1700_2000,Continuum 1700-2000 keV,60,0,8230,4.266337905560778,5.149970025841676
Density-guided CNP (ours),ours,0,108,250,SE,Tl-208 SE 2103 keV,6,0,2023,2.881228710085675,3.526164381825778
Density-guided CNP (ours),ours,0,108,250,continuum_2200_2400,Continuum 2200-2400 keV,40,0,9093,4.004672500700587,4.872111704930019
Density-guided CNP (ours),ours,0,108,250,FE,Tl-208 FE 2614 keV,5,1,8709,5.372224666717671,6.286335941912112
Density-guided CNP (ours),ours,0,108,250,sparse_tail,Sparse tail 2700-3000 keV,13,47,68,10.217591782292509,13.229307476479732
Density-guided CNP (ours),ours,0,109,250,full,Full 500-3000 keV,442,58,114299,4.415435036227997,5.666457456655841
Density-guided CNP (ours),ours,0,109,250,DEP,Tl-208 DEP 1592 keV,6,0,1323,3.5365579006592798,4.048750586851526
Density-guided CNP (ours),ours,0,109,250,Bi-214,Bi-212 1620.74-keV feature,6,0,1361,4.366285103260872,5.295613033874305
Density-guided CNP (ours),ours,0,109,250,continuum_1700_2000,Continuum 1700-2000 keV,60,0,8230,4.2221626598125805,5.137607894327225
Density-guided CNP (ours),ours,0,109,250,SE,Tl-208 SE 2103 keV,6,0,2023,2.9185952462115474,3.455036859907094
Density-guided CNP (ours),ours,0,109,250,continuum_2200_2400,Continuum 2200-2400 keV,40,0,9093,4.057006397318443,4.907882080395461
Density-guided CNP (ours),ours,0,109,250,FE,Tl-208 FE 2614 keV,5,1,8709,4.670211914719261,6.276421127283857
Density-guided CNP (ours),ours,0,109,250,sparse_tail,Sparse tail 2700-3000 keV,13,47,68,9.919199094797346,12.9367091396893
Density-guided CNP (ours),ours,0,100,500,full,Full 500-3000 keV,442,58,114299,4.5851088007992695,6.064610310728787
Density-guided CNP (ours),ours,0,100,500,DEP,Tl-208 DEP 1592 keV,6,0,1323,3.935115546654618,4.40096745537852
Density-guided CNP (ours),ours,0,100,500,Bi-214,Bi-212 1620.74-keV feature,6,0,1361,4.921796426297934,5.6918448209379875
Density-guided CNP (ours),ours,0,100,500,continuum_1700_2000,Continuum 1700-2000 keV,60,0,8230,4.205214833965672,5.130090965274716
Density-guided CNP (ours),ours,0,100,500,SE,Tl-208 SE 2103 keV,6,0,2023,2.9026536993714855,3.472452617794545
Density-guided CNP (ours),ours,0,100,500,continuum_2200_2400,Continuum 2200-2400 keV,40,0,9093,3.9841201311678307,4.827714451016598
Density-guided CNP (ours),ours,0,100,500,FE,Tl-208 FE 2614 keV,5,1,8709,4.10168720080957,5.578415881774745
Density-guided CNP (ours),ours,0,100,500,sparse_tail,Sparse tail 2700-3000 keV,13,47,68,14.463163596997456,17.06019459968781
Density-guided CNP (ours),ours,0,101,500,full,Full 500-3000 keV,442,58,114299,4.386420318654823,5.555926082419758
Density-guided CNP (ours),ours,0,101,500,DEP,Tl-208 DEP 1592 keV,6,0,1323,3.382861924247641,3.930142137346692
Density-guided CNP (ours),ours,0,101,500,Bi-214,Bi-212 1620.74-keV feature,6,0,1361,4.325082166128199,5.0949034894385195
Density-guided CNP (ours),ours,0,101,500,continuum_1700_2000,Continuum 1700-2000 keV,60,0,8230,4.2650089256249,5.151492344111726
Density-guided CNP (ours),ours,0,101,500,SE,Tl-208 SE 2103 keV,6,0,2023,2.904835020087966,3.4795839600097875
Density-guided CNP (ours),ours,0,101,500,continuum_2200_2400,Continuum 2200-2400 keV,40,0,9093,4.203265475145414,5.090139988480658
Density-guided CNP (ours),ours,0,101,500,FE,Tl-208 FE 2614 keV,5,1,8709,7.140486660040471,8.377083325264497
Density-guided CNP (ours),ours,0,101,500,sparse_tail,Sparse tail 2700-3000 keV,13,47,68,8.171253392119667,10.34791936286121
Density-guided CNP (ours),ours,0,102,500,full,Full 500-3000 keV,442,58,114299,4.366690893426624,5.560662231165249
Density-guided CNP (ours),ours,0,102,500,DEP,Tl-208 DEP 1592 keV,6,0,1323,3.5473299528860247,4.0384677498460695
Density-guided CNP (ours),ours,0,102,500,Bi-214,Bi-212 1620.74-keV feature,6,0,1361,4.35227335112924,5.265058429449077
Density-guided CNP (ours),ours,0,102,500,continuum_1700_2000,Continuum 1700-2000 keV,60,0,8230,4.245197765501593,5.146236617180508
Density-guided CNP (ours),ours,0,102,500,SE,Tl-208 SE 2103 keV,6,0,2023,2.905681888354374,3.466589472931556
Density-guided CNP (ours),ours,0,102,500,continuum_2200_2400,Continuum 2200-2400 keV,40,0,9093,4.036284943935058,4.890876910448892
Density-guided CNP (ours),ours,0,102,500,FE,Tl-208 FE 2614 keV,5,1,8709,5.903519488207816,7.467409440718184
Density-guided CNP (ours),ours,0,102,500,sparse_tail,Sparse tail 2700-3000 keV,13,47,68,9.20665102290556,11.603923105429049
Density-guided CNP (ours),ours,0,103,500,full,Full 500-3000 keV,442,58,114299,4.461752649960628,5.900278152857345
Density-guided CNP (ours),ours,0,103,500,DEP,Tl-208 DEP 1592 keV,6,0,1323,3.8549089265249394,4.320916907490025
Density-guided CNP (ours),ours,0,103,500,Bi-214,Bi-212 1620.74-keV feature,6,0,1361,4.794538177190455,5.589540160739202
Density-guided CNP (ours),ours,0,103,500,continuum_1700_2000,Continuum 1700-2000 keV,60,0,8230,4.238257517080577,5.137731731721053
Density-guided CNP (ours),ours,0,103,500,SE,Tl-208 SE 2103 keV,6,0,2023,2.888296266044545,3.5061824113984286
Density-guided CNP (ours),ours,0,103,500,continuum_2200_2400,Continuum 2200-2400 keV,40,0,9093,3.9369631715959903,4.770584596511746
Density-guided CNP (ours),ours,0,103,500,FE,Tl-208 FE 2614 keV,5,1,8709,4.0004909926398975,5.397160577804091
Density-guided CNP (ours),ours,0,103,500,sparse_tail,Sparse tail 2700-3000 keV,13,47,68,11.868619082066806,15.8359531631803
Density-guided CNP (ours),ours,0,104,500,full,Full 500-3000 keV,442,58,114299,4.430048319363573,5.754768557761737
Density-guided CNP (ours),ours,0,104,500,DEP,Tl-208 DEP 1592 keV,6,0,1323,3.354026988365657,3.9126304010412785
Density-guided CNP (ours),ours,0,104,500,Bi-214,Bi-212 1620.74-keV feature,6,0,1361,4.33400778314871,5.065380221026083
Density-guided CNP (ours),ours,0,104,500,continuum_1700_2000,Continuum 1700-2000 keV,60,0,8230,4.264114888549433,5.151130718048835
Density-guided CNP (ours),ours,0,104,500,SE,Tl-208 SE 2103 keV,6,0,2023,2.905188075063732,3.4802427270689518
Density-guided CNP (ours),ours,0,104,500,continuum_2200_2400,Continuum 2200-2400 keV,40,0,9093,4.115947062234821,4.98610396851576
Density-guided CNP (ours),ours,0,104,500,FE,Tl-208 FE 2614 keV,5,1,8709,4.940117637584937,5.957507847205506
Density-guided CNP (ours),ours,0,104,500,sparse_tail,Sparse tail 2700-3000 keV,13,47,68,10.408049358307837,13.749584547205837
Density-guided CNP (ours),ours,0,105,500,full,Full 500-3000 keV,442,58,114299,4.853620195159105,6.974035321389555
Density-guided CNP (ours),ours,0,105,500,DEP,Tl-208 DEP 1592 keV,6,0,1323,3.605548889684677,4.088379493313816
Density-guided CNP (ours),ours,0,105,500,Bi-214,Bi-212 1620.74-keV feature,6,0,1361,4.4421709046736115,5.325728727661491
Density-guided CNP (ours),ours,0,105,500,continuum_1700_2000,Continuum 1700-2000 keV,60,0,8230,4.251338991792566,5.145903030380841
Density-guided CNP (ours),ours,0,105,500,SE,Tl-208 SE 2103 keV,6,0,2023,2.8930942370514514,3.492805136930051
Density-guided CNP (ours),ours,0,105,500,continuum_2200_2400,Continuum 2200-2400 keV,40,0,9093,3.9705382096765365,4.811888995043589
Density-guided CNP (ours),ours,0,105,500,FE,Tl-208 FE 2614 keV,5,1,8709,3.647511360081015,4.875482376627098
Density-guided CNP (ours),ours,0,105,500,sparse_tail,Sparse tail 2700-3000 keV,13,47,68,25.296036200095717,26.736844517930834
Density-guided CNP (ours),ours,0,106,500,full,Full 500-3000 keV,442,58,114299,4.446581299294474,5.819374866088052
Density-guided CNP (ours),ours,0,106,500,DEP,Tl-208 DEP 1592 keV,6,0,1323,3.5457824328679313,4.038758278845512
Density-guided CNP (ours),ours,0,106,500,Bi-214,Bi-212 1620.74-keV feature,6,0,1361,4.357158750156337,5.268330080758444
Density-guided CNP (ours),ours,0,106,500,continuum_1700_2000,Continuum 1700-2000 keV,60,0,8230,4.25155159462988,5.14513468538712
Density-guided CNP (ours),ours,0,106,500,SE,Tl-208 SE 2103 keV,6,0,2023,2.8885227371850157,3.5018640155293532
Density-guided CNP (ours),ours,0,106,500,continuum_2200_2400,Continuum 2200-2400 keV,40,0,9093,3.9697874566505615,4.814872298707596
Density-guided CNP (ours),ours,0,106,500,FE,Tl-208 FE 2614 keV,5,1,8709,4.064841483025911,5.448794262007888
Density-guided CNP (ours),ours,0,106,500,sparse_tail,Sparse tail 2700-3000 keV,13,47,68,10.814945566165248,14.242442559428914
Density-guided CNP (ours),ours,0,107,500,full,Full 500-3000 keV,442,58,114299,4.483021355652811,5.947369499253361
Density-guided CNP (ours),ours,0,107,500,DEP,Tl-208 DEP 1592 keV,6,0,1323,3.3970982984738516,3.93324185185326
Density-guided CNP (ours),ours,0,107,500,Bi-214,Bi-212 1620.74-keV feature,6,0,1361,4.298950914604599,5.100233765832626
Density-guided CNP (ours),ours,0,107,500,continuum_1700_2000,Continuum 1700-2000 keV,60,0,8230,4.269526553772256,5.153168386642862
Density-guided CNP (ours),ours,0,107,500,SE,Tl-208 SE 2103 keV,6,0,2023,2.899902989702424,3.4875411693003624
Density-guided CNP (ours),ours,0,107,500,continuum_2200_2400,Continuum 2200-2400 keV,40,0,9093,4.086929487339214,4.957279760162898
Density-guided CNP (ours),ours,0,107,500,FE,Tl-208 FE 2614 keV,5,1,8709,4.720810149622778,5.781147828485289
Density-guided CNP (ours),ours,0,107,500,sparse_tail,Sparse tail 2700-3000 keV,13,47,68,12.917489400441095,16.623387278777965
Density-guided CNP (ours),ours,0,108,500,full,Full 500-3000 keV,442,58,114299,4.416539798136173,5.707720751539464
Density-guided CNP (ours),ours,0,108,500,DEP,Tl-208 DEP 1592 keV,6,0,1323,3.499622149632966,4.003585089249405
Density-guided CNP (ours),ours,0,108,500,Bi-214,Bi-212 1620.74-keV feature,6,0,1361,4.283158609002854,5.217287835519951
Density-guided CNP (ours),ours,0,108,500,continuum_1700_2000,Continuum 1700-2000 keV,60,0,8230,4.255713641510543,5.146743000018385
Density-guided CNP (ours),ours,0,108,500,SE,Tl-208 SE 2103 keV,6,0,2023,2.8957105645876258,3.4898959721965794
Density-guided CNP (ours),ours,0,108,500,continuum_2200_2400,Continuum 2200-2400 keV,40,0,9093,4.087566812210571,4.965563676623751
Density-guided CNP (ours),ours,0,108,500,FE,Tl-208 FE 2614 keV,5,1,8709,5.688140591278419,6.616792170100037
Density-guided CNP (ours),ours,0,108,500,sparse_tail,Sparse tail 2700-3000 keV,13,47,68,9.978258538020393,12.914295117934993
Density-guided CNP (ours),ours,0,109,500,full,Full 500-3000 keV,442,58,114299,4.4658230214179,5.85849388607163
Density-guided CNP (ours),ours,0,109,500,DEP,Tl-208 DEP 1592 keV,6,0,1323,3.568263033816436,4.056417034901064
Density-guided CNP (ours),ours,0,109,500,Bi-214,Bi-212 1620.74-keV feature,6,0,1361,4.413420828013902,5.307572109263464
Density-guided CNP (ours),ours,0,109,500,continuum_1700_2000,Continuum 1700-2000 keV,60,0,8230,4.240741403864471,5.14038891751726
Density-guided CNP (ours),ours,0,109,500,SE,Tl-208 SE 2103 keV,6,0,2023,2.8927886666882854,3.4987480793674823
Density-guided CNP (ours),ours,0,109,500,continuum_2200_2400,Continuum 2200-2400 keV,40,0,9093,3.9510489394161894,4.788349669555092
Density-guided CNP (ours),ours,0,109,500,FE,Tl-208 FE 2614 keV,5,1,8709,4.066570007717456,5.516736034385228
Density-guided CNP (ours),ours,0,109,500,sparse_tail,Sparse tail 2700-3000 keV,13,47,68,11.297255201843038,15.331376498997553
Density-guided CNP (ours),ours,0,100,1000,full,Full 500-3000 keV,442,58,114299,4.552629586156417,6.04620644956034
Density-guided CNP (ours),ours,0,100,1000,DEP,Tl-208 DEP 1592 keV,6,0,1323,3.814926574739488,4.294554467486955
Density-guided CNP (ours),ours,0,100,1000,Bi-214,Bi-212 1620.74-keV feature,6,0,1361,4.782098851724704,5.5834402025781005
Density-guided CNP (ours),ours,0,100,1000,continuum_1700_2000,Continuum 1700-2000 keV,60,0,8230,4.2165928709955525,5.13749047113174
Density-guided CNP (ours),ours,0,100,1000,SE,Tl-208 SE 2103 keV,6,0,2023,2.9162577940453063,3.453967295752384
Density-guided CNP (ours),ours,0,100,1000,continuum_2200_2400,Continuum 2200-2400 keV,40,0,9093,4.042200407931344,4.890901134389475
Density-guided CNP (ours),ours,0,100,1000,FE,Tl-208 FE 2614 keV,5,1,8709,3.814967668458296,5.122934102166793
Density-guided CNP (ours),ours,0,100,1000,sparse_tail,Sparse tail 2700-3000 keV,13,47,68,14.418932485207597,17.238418022041362
Density-guided CNP (ours),ours,0,101,1000,full,Full 500-3000 keV,442,58,114299,4.484326963143652,5.762287854095902
Density-guided CNP (ours),ours,0,101,1000,DEP,Tl-208 DEP 1592 keV,6,0,1323,3.482321726904234,4.004501281983304
Density-guided CNP (ours),ours,0,101,1000,Bi-214,Bi-212 1620.74-keV feature,6,0,1361,4.303027428132513,5.227202633036519
Density-guided CNP (ours),ours,0,101,1000,continuum_1700_2000,Continuum 1700-2000 keV,60,0,8230,4.245420430422545,5.149755955769559
Density-guided CNP (ours),ours,0,101,1000,SE,Tl-208 SE 2103 keV,6,0,2023,2.9318172806841627,3.4334346456080356
Density-guided CNP (ours),ours,0,101,1000,continuum_2200_2400,Continuum 2200-2400 keV,40,0,9093,4.443073911469651,5.333120714239752
Density-guided CNP (ours),ours,0,101,1000,FE,Tl-208 FE 2614 keV,5,1,8709,5.869165454166292,6.86482386435955
Density-guided CNP (ours),ours,0,101,1000,sparse_tail,Sparse tail 2700-3000 keV,13,47,68,9.852802135281872,12.835179496323299
Density-guided CNP (ours),ours,0,102,1000,full,Full 500-3000 keV,442,58,114299,4.378962826175089,5.528233605701847
Density-guided CNP (ours),ours,0,102,1000,DEP,Tl-208 DEP 1592 keV,6,0,1323,3.5936275863491685,4.090246992529219
Density-guided CNP (ours),ours,0,102,1000,Bi-214,Bi-212 1620.74-keV feature,6,0,1361,4.457727231244638,5.34193449097415
Density-guided CNP (ours),ours,0,102,1000,continuum_1700_2000,Continuum 1700-2000 keV,60,0,8230,4.240419078947041,5.144652030558856
Density-guided CNP (ours),ours,0,102,1000,SE,Tl-208 SE 2103 keV,6,0,2023,2.9146437143373656,3.4697804627298536
Density-guided CNP (ours),ours,0,102,1000,continuum_2200_2400,Continuum 2200-2400 keV,40,0,9093,4.140498729616902,5.026445197001395
Density-guided CNP (ours),ours,0,102,1000,FE,Tl-208 FE 2614 keV,5,1,8709,7.731682692408529,8.814175690729286
Density-guided CNP (ours),ours,0,102,1000,sparse_tail,Sparse tail 2700-3000 keV,13,47,68,8.322676231076528,10.418188840041557
Density-guided CNP (ours),ours,0,103,1000,full,Full 500-3000 keV,442,58,114299,4.525965916997221,6.0198074185711405
Density-guided CNP (ours),ours,0,103,1000,DEP,Tl-208 DEP 1592 keV,6,0,1323,3.626947453694107,4.119642273662148
Density-guided CNP (ours),ours,0,103,1000,Bi-214,Bi-212 1620.74-keV feature,6,0,1361,4.5077598645564345,5.3768890615231095
Density-guided CNP (ours),ours,0,103,1000,continuum_1700_2000,Continuum 1700-2000 keV,60,0,8230,4.234952704815755,5.141565236206443
Density-guided CNP (ours),ours,0,103,1000,SE,Tl-208 SE 2103 keV,6,0,2023,2.9105914433324487,3.4751645730867073
Density-guided CNP (ours),ours,0,103,1000,continuum_2200_2400,Continuum 2200-2400 keV,40,0,9093,3.9832150760486447,4.83007791227113
Density-guided CNP (ours),ours,0,103,1000,FE,Tl-208 FE 2614 keV,5,1,8709,3.8932020138978203,5.224232675251769
Density-guided CNP (ours),ours,0,103,1000,sparse_tail,Sparse tail 2700-3000 keV,13,47,68,14.456405961213648,17.210742357708643
Density-guided CNP (ours),ours,0,104,1000,full,Full 500-3000 keV,442,58,114299,4.419761275883254,5.758098502570569
Density-guided CNP (ours),ours,0,104,1000,DEP,Tl-208 DEP 1592 keV,6,0,1323,3.379453673116506,3.942561482356515
Density-guided CNP (ours),ours,0,104,1000,Bi-214,Bi-212 1620.74-keV feature,6,0,1361,4.358006818115606,5.1120334881198515
Density-guided CNP (ours),ours,0,104,1000,continuum_1700_2000,Continuum 1700-2000 keV,60,0,8230,4.260062263214322,5.150879232562057
Density-guided CNP (ours),ours,0,104,1000,SE,Tl-208 SE 2103 keV,6,0,2023,2.9103812751444758,3.4792533696900954
Density-guided CNP (ours),ours,0,104,1000,continuum_2200_2400,Continuum 2200-2400 keV,40,0,9093,4.074033048569355,4.937542376402046
Density-guided CNP (ours),ours,0,104,1000,FE,Tl-208 FE 2614 keV,5,1,8709,4.620424286994403,5.8297747582299175
Density-guided CNP (ours),ours,0,104,1000,sparse_tail,Sparse tail 2700-3000 keV,13,47,68,10.307994630618111,13.634397005539684
Density-guided CNP (ours),ours,0,105,1000,full,Full 500-3000 keV,442,58,114299,4.792319566205017,6.749753838274105
Density-guided CNP (ours),ours,0,105,1000,DEP,Tl-208 DEP 1592 keV,6,0,1323,3.5416055931937365,4.048195076371031
Density-guided CNP (ours),ours,0,105,1000,Bi-214,Bi-212 1620.74-keV feature,6,0,1361,4.370109904475298,5.284909766390257
Density-guided CNP (ours),ours,0,105,1000,continuum_1700_2000,Continuum 1700-2000 keV,60,0,8230,4.24746947538419,5.146175376784702
Density-guided CNP (ours),ours,0,105,1000,SE,Tl-208 SE 2103 keV,6,0,2023,2.9103148594773285,3.476264144572706
Density-guided CNP (ours),ours,0,105,1000,continuum_2200_2400,Continuum 2200-2400 keV,40,0,9093,4.0159428022485875,4.867433854834982
Density-guided CNP (ours),ours,0,105,1000,FE,Tl-208 FE 2614 keV,5,1,8709,3.804264109412968,5.098411644738617
Density-guided CNP (ours),ours,0,105,1000,sparse_tail,Sparse tail 2700-3000 keV,13,47,68,23.456520993783798,24.74119404083968
Density-guided CNP (ours),ours,0,106,1000,full,Full 500-3000 keV,442,58,114299,4.428299779859658,5.790278449451438
Density-guided CNP (ours),ours,0,106,1000,DEP,Tl-208 DEP 1592 keV,6,0,1323,3.589755583045399,4.087493923191947
Density-guided CNP (ours),ours,0,106,1000,Bi-214,Bi-212 1620.74-keV feature,6,0,1361,4.464890434437111,5.346250050025336
Density-guided CNP (ours),ours,0,106,1000,continuum_1700_2000,Continuum 1700-2000 keV,60,0,8230,4.237913885569367,5.141377852634746
Density-guided CNP (ours),ours,0,106,1000,SE,Tl-208 SE 2103 keV,6,0,2023,2.9032885219991216,3.488642151081769
Density-guided CNP (ours),ours,0,106,1000,continuum_2200_2400,Continuum 2200-2400 keV,40,0,9093,3.971256424156115,4.815897105678923
Density-guided CNP (ours),ours,0,106,1000,FE,Tl-208 FE 2614 keV,5,1,8709,4.178477526781703,5.590344696066816
Density-guided CNP (ours),ours,0,106,1000,sparse_tail,Sparse tail 2700-3000 keV,13,47,68,10.463235883631153,13.876712144581727
Density-guided CNP (ours),ours,0,107,1000,full,Full 500-3000 keV,442,58,114299,4.376230150231822,5.606251062652663
Density-guided CNP (ours),ours,0,107,1000,DEP,Tl-208 DEP 1592 keV,6,0,1323,3.4579774442900115,3.9854577804705484
Density-guided CNP (ours),ours,0,107,1000,Bi-214,Bi-212 1620.74-keV feature,6,0,1361,4.301229546985572,5.187972237781274
Density-guided CNP (ours),ours,0,107,1000,continuum_1700_2000,Continuum 1700-2000 keV,60,0,8230,4.26300945810064,5.151448504114056
Density-guided CNP (ours),ours,0,107,1000,SE,Tl-208 SE 2103 keV,6,0,2023,2.9058872378184035,3.4875820781905817
Density-guided CNP (ours),ours,0,107,1000,continuum_2200_2400,Continuum 2200-2400 keV,40,0,9093,4.095318316368646,4.9751626433322285
Density-guided CNP (ours),ours,0,107,1000,FE,Tl-208 FE 2614 keV,5,1,8709,5.967124216559268,6.948534513583368
Density-guided CNP (ours),ours,0,107,1000,sparse_tail,Sparse tail 2700-3000 keV,13,47,68,9.691591557525808,12.69423859526046
Density-guided CNP (ours),ours,0,108,1000,full,Full 500-3000 keV,442,58,114299,4.413042029869466,5.682792885249984
Density-guided CNP (ours),ours,0,108,1000,DEP,Tl-208 DEP 1592 keV,6,0,1323,3.6120138920901956,4.106388781324919
Density-guided CNP (ours),ours,0,108,1000,Bi-214,Bi-212 1620.74-keV feature,6,0,1361,4.502627672956108,5.3734808599166195
Density-guided CNP (ours),ours,0,108,1000,continuum_1700_2000,Continuum 1700-2000 keV,60,0,8230,4.239575899555116,5.140942038629977
Density-guided CNP (ours),ours,0,108,1000,SE,Tl-208 SE 2103 keV,6,0,2023,2.907422824056208,3.4833439425809307
Density-guided CNP (ours),ours,0,108,1000,continuum_2200_2400,Continuum 2200-2400 keV,40,0,9093,4.102679930959781,4.986976093506744
Density-guided CNP (ours),ours,0,108,1000,FE,Tl-208 FE 2614 keV,5,1,8709,5.855362826571288,6.775977668006665
Density-guided CNP (ours),ours,0,108,1000,sparse_tail,Sparse tail 2700-3000 keV,13,47,68,9.935582428480702,12.900111119073216
Density-guided CNP (ours),ours,0,109,1000,full,Full 500-3000 keV,442,58,114299,4.450777757902059,5.839751364698913
Density-guided CNP (ours),ours,0,109,1000,DEP,Tl-208 DEP 1592 keV,6,0,1323,3.5409329919787904,4.047501439265109
Density-guided CNP (ours),ours,0,109,1000,Bi-214,Bi-212 1620.74-keV feature,6,0,1361,4.386946570261053,5.296594408726798
Density-guided CNP (ours),ours,0,109,1000,continuum_1700_2000,Continuum 1700-2000 keV,60,0,8230,4.237736701860751,5.143667293522677
Density-guided CNP (ours),ours,0,109,1000,SE,Tl-208 SE 2103 keV,6,0,2023,2.9139814395200445,3.466041072546523
Density-guided CNP (ours),ours,0,109,1000,continuum_2200_2400,Continuum 2200-2400 keV,40,0,9093,4.034537492071342,4.887868148401766
Density-guided CNP (ours),ours,0,109,1000,FE,Tl-208 FE 2614 keV,5,1,8709,4.389309267742767,5.744358963284065
Density-guided CNP (ours),ours,0,109,1000,sparse_tail,Sparse tail 2700-3000 keV,13,47,68,11.572345062338663,15.227587285548783
Density-guided CNP (ours),ours,0,100,2000,full,Full 500-3000 keV,442,58,114299,4.428832614392169,5.82385679084519
Density-guided CNP (ours),ours,0,100,2000,DEP,Tl-208 DEP 1592 keV,6,0,1323,3.5722088095544646,4.066631845535583
Density-guided CNP (ours),ours,0,100,2000,Bi-214,Bi-212 1620.74-keV feature,6,0,1361,4.411746759958931,5.308379959355871
Density-guided CNP (ours),ours,0,100,2000,continuum_1700_2000,Continuum 1700-2000 keV,60,0,8230,4.253080630588498,5.149222585224199
Density-guided CNP (ours),ours,0,100,2000,SE,Tl-208 SE 2103 keV,6,0,2023,2.9014601985037176,3.479973659154439
Density-guided CNP (ours),ours,0,100,2000,continuum_2200_2400,Continuum 2200-2400 keV,40,0,9093,4.005308441445149,4.857810815925948
Density-guided CNP (ours),ours,0,100,2000,FE,Tl-208 FE 2614 keV,5,1,8709,3.9599721287238876,5.312771588208448
Density-guided CNP (ours),ours,0,100,2000,sparse_tail,Sparse tail 2700-3000 keV,13,47,68,10.908974902982127,14.685053753015323
Density-guided CNP (ours),ours,0,101,2000,full,Full 500-3000 keV,442,58,114299,4.428054310030174,5.8037407920382655
Density-guided CNP (ours),ours,0,101,2000,DEP,Tl-208 DEP 1592 keV,6,0,1323,3.505374546961517,4.013664963775038
Density-guided CNP (ours),ours,0,101,2000,Bi-214,Bi-212 1620.74-keV feature,6,0,1361,4.313766546890572,5.244952885897969
Density-guided CNP (ours),ours,0,101,2000,continuum_1700_2000,Continuum 1700-2000 keV,60,0,8230,4.252185194968685,5.150301161372099
Density-guided CNP (ours),ours,0,101,2000,SE,Tl-208 SE 2103 keV,6,0,2023,2.9141542895658357,3.4540999088467093
Density-guided CNP (ours),ours,0,101,2000,continuum_2200_2400,Continuum 2200-2400 keV,40,0,9093,4.139665317328686,5.000622893924831
Density-guided CNP (ours),ours,0,101,2000,FE,Tl-208 FE 2614 keV,5,1,8709,4.2483265377138135,5.487470653800112
Density-guided CNP (ours),ours,0,101,2000,sparse_tail,Sparse tail 2700-3000 keV,13,47,68,10.708891382632475,14.441368827022572
Density-guided CNP (ours),ours,0,102,2000,full,Full 500-3000 keV,442,58,114299,4.354206718037168,5.583235529543071
Density-guided CNP (ours),ours,0,102,2000,DEP,Tl-208 DEP 1592 keV,6,0,1323,3.5505099162961553,4.047591862867169
Density-guided CNP (ours),ours,0,102,2000,Bi-214,Bi-212 1620.74-keV feature,6,0,1361,4.386508535317205,5.289492739614201
Density-guided CNP (ours),ours,0,102,2000,continuum_1700_2000,Continuum 1700-2000 keV,60,0,8230,4.250936316206092,5.149518239713184
Density-guided CNP (ours),ours,0,102,2000,SE,Tl-208 SE 2103 keV,6,0,2023,2.907912201946891,3.4650287578442898
Density-guided CNP (ours),ours,0,102,2000,continuum_2200_2400,Continuum 2200-2400 keV,40,0,9093,4.079290815086867,4.943838456961328
Density-guided CNP (ours),ours,0,102,2000,FE,Tl-208 FE 2614 keV,5,1,8709,5.539299313704582,6.73775101645036
Density-guided CNP (ours),ours,0,102,2000,sparse_tail,Sparse tail 2700-3000 keV,13,47,68,9.634353851295296,12.501733017700737
Density-guided CNP (ours),ours,0,103,2000,full,Full 500-3000 keV,442,58,114299,4.419756908048175,5.787538794629624
Density-guided CNP (ours),ours,0,103,2000,DEP,Tl-208 DEP 1592 keV,6,0,1323,3.5679208134810403,4.062715490742791
Density-guided CNP (ours),ours,0,103,2000,Bi-214,Bi-212 1620.74-keV feature,6,0,1361,4.415417879501823,5.31035415432239
Density-guided CNP (ours),ours,0,103,2000,continuum_1700_2000,Continuum 1700-2000 keV,60,0,8230,4.247615639100477,5.147425127116718
Density-guided CNP (ours),ours,0,103,2000,SE,Tl-208 SE 2103 keV,6,0,2023,2.904384090582255,3.4741549153072335
Density-guided CNP (ours),ours,0,103,2000,continuum_2200_2400,Continuum 2200-2400 keV,40,0,9093,3.9980377653767807,4.849706339244388
Density-guided CNP (ours),ours,0,103,2000,FE,Tl-208 FE 2614 keV,5,1,8709,3.965643748420504,5.299508782363045
Density-guided CNP (ours),ours,0,103,2000,sparse_tail,Sparse tail 2700-3000 keV,13,47,68,10.659188010960078,14.416639265105191
Density-guided CNP (ours),ours,0,104,2000,full,Full 500-3000 keV,442,58,114299,4.404970769614437,5.761737742981892
Density-guided CNP (ours),ours,0,104,2000,DEP,Tl-208 DEP 1592 keV,6,0,1323,3.4335792551593656,3.965207734135668
Density-guided CNP (ours),ours,0,104,2000,Bi-214,Bi-212 1620.74-keV feature,6,0,1361,4.306750617718308,5.157061229315098
Density-guided CNP (ours),ours,0,104,2000,continuum_1700_2000,Continuum 1700-2000 keV,60,0,8230,4.263075037680806,5.153027183628939
Density-guided CNP (ours),ours,0,104,2000,SE,Tl-208 SE 2103 keV,6,0,2023,2.9046218891703313,3.476962557389303
Density-guided CNP (ours),ours,0,104,2000,continuum_2200_2400,Continuum 2200-2400 keV,40,0,9093,4.024099280625092,4.88062820208775
Density-guided CNP (ours),ours,0,104,2000,FE,Tl-208 FE 2614 keV,5,1,8709,4.262742780729452,5.573190079822518
Density-guided CNP (ours),ours,0,104,2000,sparse_tail,Sparse tail 2700-3000 keV,13,47,68,10.68814266096268,14.218899899874016
Density-guided CNP (ours),ours,0,105,2000,full,Full 500-3000 keV,442,58,114299,4.417900101311031,5.7807373033239555
Density-guided CNP (ours),ours,0,105,2000,DEP,Tl-208 DEP 1592 keV,6,0,1323,3.527733108268357,4.030400978579141
Density-guided CNP (ours),ours,0,105,2000,Bi-214,Bi-212 1620.74-keV feature,6,0,1361,4.3431996974408555,5.262456625318509
Density-guided CNP (ours),ours,0,105,2000,continuum_1700_2000,Continuum 1700-2000 keV,60,0,8230,4.255441673379902,5.150225306834082
Density-guided CNP (ours),ours,0,105,2000,SE,Tl-208 SE 2103 keV,6,0,2023,2.901002413330279,3.4792356737368606
Density-guided CNP (ours),ours,0,105,2000,continuum_2200_2400,Continuum 2200-2400 keV,40,0,9093,4.0020581303524185,4.85489330587671
Density-guided CNP (ours),ours,0,105,2000,FE,Tl-208 FE 2614 keV,5,1,8709,4.27289696877972,5.691893775039017
Density-guided CNP (ours),ours,0,105,2000,sparse_tail,Sparse tail 2700-3000 keV,13,47,68,10.579841284702871,14.006864699647123
Density-guided CNP (ours),ours,0,106,2000,full,Full 500-3000 keV,442,58,114299,4.4008421795939,5.707957078908669
Density-guided CNP (ours),ours,0,106,2000,DEP,Tl-208 DEP 1592 keV,6,0,1323,3.499501894262016,4.008029280492608
Density-guided CNP (ours),ours,0,106,2000,Bi-214,Bi-212 1620.74-keV feature,6,0,1361,4.301871931008941,5.236964945478091
Density-guided CNP (ours),ours,0,106,2000,continuum_1700_2000,Continuum 1700-2000 keV,60,0,8230,4.253758927361806,5.149645987870392
Density-guided CNP (ours),ours,0,106,2000,SE,Tl-208 SE 2103 keV,6,0,2023,2.9022017082661162,3.4769392983662764
Density-guided CNP (ours),ours,0,106,2000,continuum_2200_2400,Continuum 2200-2400 keV,40,0,9093,3.988464684127672,4.838449091777446
Density-guided CNP (ours),ours,0,106,2000,FE,Tl-208 FE 2614 keV,5,1,8709,4.53214262527914,6.049741059068057
Density-guided CNP (ours),ours,0,106,2000,sparse_tail,Sparse tail 2700-3000 keV,13,47,68,10.197568631793567,13.290064745341338
Density-guided CNP (ours),ours,0,107,2000,full,Full 500-3000 keV,442,58,114299,4.374544480139037,5.632978969615398
Density-guided CNP (ours),ours,0,107,2000,DEP,Tl-208 DEP 1592 keV,6,0,1323,3.535976901565394,4.036016069753131
Density-guided CNP (ours),ours,0,107,2000,Bi-214,Bi-212 1620.74-keV feature,6,0,1361,4.3501648707773155,5.266035215473068
Density-guided CNP (ours),ours,0,107,2000,continuum_1700_2000,Continuum 1700-2000 keV,60,0,8230,4.258816206293502,5.151555235954109
Density-guided CNP (ours),ours,0,107,2000,SE,Tl-208 SE 2103 keV,6,0,2023,2.905163079680567,3.4752196139428473
Density-guided CNP (ours),ours,0,107,2000,continuum_2200_2400,Continuum 2200-2400 keV,40,0,9093,4.072154407232271,4.9398605436398295
Density-guided CNP (ours),ours,0,107,2000,FE,Tl-208 FE 2614 keV,5,1,8709,5.192940056182782,6.358963383271683
Density-guided CNP (ours),ours,0,107,2000,sparse_tail,Sparse tail 2700-3000 keV,13,47,68,10.312564572665426,13.314005325173667
Density-guided CNP (ours),ours,0,108,2000,full,Full 500-3000 keV,442,58,114299,4.423157253881641,5.7207139375972185
Density-guided CNP (ours),ours,0,108,2000,DEP,Tl-208 DEP 1592 keV,6,0,1323,3.6172962456434252,4.1051453038685075
Density-guided CNP (ours),ours,0,108,2000,Bi-214,Bi-212 1620.74-keV feature,6,0,1361,4.502548890539739,5.3700004895895335
Density-guided CNP (ours),ours,0,108,2000,continuum_1700_2000,Continuum 1700-2000 keV,60,0,8230,4.242877156084503,5.144969857977701
Density-guided CNP (ours),ours,0,108,2000,SE,Tl-208 SE 2103 keV,6,0,2023,2.9077633457894674,3.469028797219094
Density-guided CNP (ours),ours,0,108,2000,continuum_2200_2400,Continuum 2200-2400 keV,40,0,9093,4.116454424089776,4.991672654436747
Density-guided CNP (ours),ours,0,108,2000,FE,Tl-208 FE 2614 keV,5,1,8709,5.273560126416636,6.331225114188974
Density-guided CNP (ours),ours,0,108,2000,sparse_tail,Sparse tail 2700-3000 keV,13,47,68,10.175883665037302,13.274199024825254
Density-guided CNP (ours),ours,0,109,2000,full,Full 500-3000 keV,442,58,114299,4.493344948863768,5.890083318689478
Density-guided CNP (ours),ours,0,109,2000,DEP,Tl-208 DEP 1592 keV,6,0,1323,3.52414817417502,4.027439535968902
Density-guided CNP (ours),ours,0,109,2000,Bi-214,Bi-212 1620.74-keV feature,6,0,1361,4.34930131606604,5.267531611631591
Density-guided CNP (ours),ours,0,109,2000,continuum_1700_2000,Continuum 1700-2000 keV,60,0,8230,4.250776036816861,5.148830370268988
Density-guided CNP (ours),ours,0,109,2000,SE,Tl-208 SE 2103 keV,6,0,2023,2.9052498436367387,3.4719657029455
Density-guided CNP (ours),ours,0,109,2000,continuum_2200_2400,Continuum 2200-2400 keV,40,0,9093,4.019119731602004,4.872972594173263
Density-guided CNP (ours),ours,0,109,2000,FE,Tl-208 FE 2614 keV,5,1,8709,4.514766460669098,5.902090020263395
Density-guided CNP (ours),ours,0,109,2000,sparse_tail,Sparse tail 2700-3000 keV,13,47,68,12.671763870023684,15.421692834096904
Density-guided CNP (ours),ours,1,100,250,full,Full 500-3000 keV,442,58,114299,4.515150415353391,6.145120160900689
Density-guided CNP (ours),ours,1,100,250,DEP,Tl-208 DEP 1592 keV,6,0,1323,3.668525012685079,4.125975874813413
Density-guided CNP (ours),ours,1,100,250,Bi-214,Bi-212 1620.74-keV feature,6,0,1361,4.266658954172332,4.709599734704377
Density-guided CNP (ours),ours,1,100,250,continuum_1700_2000,Continuum 1700-2000 keV,60,0,8230,4.378715770352323,5.207915748317657
Density-guided CNP (ours),ours,1,100,250,SE,Tl-208 SE 2103 keV,6,0,2023,3.0830890503479877,4.341811399536522
Density-guided CNP (ours),ours,1,100,250,continuum_2200_2400,Continuum 2200-2400 keV,40,0,9093,2.9856799374988743,3.5460008153322407
Density-guided CNP (ours),ours,1,100,250,FE,Tl-208 FE 2614 keV,5,1,8709,4.748867007025426,5.1942383911667385
Density-guided CNP (ours),ours,1,100,250,sparse_tail,Sparse tail 2700-3000 keV,13,47,68,18.545352355803573,19.877931350675215
Density-guided CNP (ours),ours,1,101,250,full,Full 500-3000 keV,442,58,114299,4.284072793276119,5.402765630785946
Density-guided CNP (ours),ours,1,101,250,DEP,Tl-208 DEP 1592 keV,6,0,1323,2.564695181504724,3.4064454549336216
Density-guided CNP (ours),ours,1,101,250,Bi-214,Bi-212 1620.74-keV feature,6,0,1361,3.367758196055216,4.3670273778236135
Density-guided CNP (ours),ours,1,101,250,continuum_1700_2000,Continuum 1700-2000 keV,60,0,8230,4.956707155202609,5.619708842639082
Density-guided CNP (ours),ours,1,101,250,SE,Tl-208 SE 2103 keV,6,0,2023,3.3005765659600805,4.581131183340659
Density-guided CNP (ours),ours,1,101,250,continuum_2200_2400,Continuum 2200-2400 keV,40,0,9093,3.116039690023103,3.7857713545306635
Density-guided CNP (ours),ours,1,101,250,FE,Tl-208 FE 2614 keV,5,1,8709,7.73299455855169,8.272242326765491
Density-guided CNP (ours),ours,1,101,250,sparse_tail,Sparse tail 2700-3000 keV,13,47,68,10.267168341024316,10.929492086738342
Density-guided CNP (ours),ours,1,102,250,full,Full 500-3000 keV,442,58,114299,4.451053298671112,5.889902245364301
Density-guided CNP (ours),ours,1,102,250,DEP,Tl-208 DEP 1592 keV,6,0,1323,2.7222563752209368,3.3584609218455466
Density-guided CNP (ours),ours,1,102,250,Bi-214,Bi-212 1620.74-keV feature,6,0,1361,3.19518445001781,4.021811797942478
Density-guided CNP (ours),ours,1,102,250,continuum_1700_2000,Continuum 1700-2000 keV,60,0,8230,4.903742035259071,5.584713338054625
Density-guided CNP (ours),ours,1,102,250,SE,Tl-208 SE 2103 keV,6,0,2023,3.035337199084632,3.9152764382989163
Density-guided CNP (ours),ours,1,102,250,continuum_2200_2400,Continuum 2200-2400 keV,40,0,9093,3.1075445975591807,3.751854360219232
Density-guided CNP (ours),ours,1,102,250,FE,Tl-208 FE 2614 keV,5,1,8709,4.256747045016785,4.883126292443461
Density-guided CNP (ours),ours,1,102,250,sparse_tail,Sparse tail 2700-3000 keV,13,47,68,15.23547663352957,16.546241882398157
Density-guided CNP (ours),ours,1,103,250,full,Full 500-3000 keV,442,58,114299,4.40629629974831,5.737542860213416
Density-guided CNP (ours),ours,1,103,250,DEP,Tl-208 DEP 1592 keV,6,0,1323,3.2175153349413876,3.615707860499472
Density-guided CNP (ours),ours,1,103,250,Bi-214,Bi-212 1620.74-keV feature,6,0,1361,3.574014842700691,4.111028213356201
Density-guided CNP (ours),ours,1,103,250,continuum_1700_2000,Continuum 1700-2000 keV,60,0,8230,4.721546575935269,5.4305671219246685
Density-guided CNP (ours),ours,1,103,250,SE,Tl-208 SE 2103 keV,6,0,2023,3.4256524063050415,4.687451706441389
Density-guided CNP (ours),ours,1,103,250,continuum_2200_2400,Continuum 2200-2400 keV,40,0,9093,2.975019763909863,3.530073493652136
Density-guided CNP (ours),ours,1,103,250,FE,Tl-208 FE 2614 keV,5,1,8709,4.383009797866089,4.929664498670262
Density-guided CNP (ours),ours,1,103,250,sparse_tail,Sparse tail 2700-3000 keV,13,47,68,14.267048184188669,15.280104388089105
Density-guided CNP (ours),ours,1,104,250,full,Full 500-3000 keV,442,58,114299,4.270160093733127,5.712256495169144
Density-guided CNP (ours),ours,1,104,250,DEP,Tl-208 DEP 1592 keV,6,0,1323,2.5468573167340374,3.412026916157127
Density-guided CNP (ours),ours,1,104,250,Bi-214,Bi-212 1620.74-keV feature,6,0,1361,3.4268880120458505,4.497850202084785
Density-guided CNP (ours),ours,1,104,250,continuum_1700_2000,Continuum 1700-2000 keV,60,0,8230,4.924540508662048,5.5930889242948405
Density-guided CNP (ours),ours,1,104,250,SE,Tl-208 SE 2103 keV,6,0,2023,3.416054241049931,4.677698171449982
Density-guided CNP (ours),ours,1,104,250,continuum_2200_2400,Continuum 2200-2400 keV,40,0,9093,3.001260148406352,3.5720070200402745
Density-guided CNP (ours),ours,1,104,250,FE,Tl-208 FE 2614 keV,5,1,8709,3.993495029654474,4.931004308812104
Density-guided CNP (ours),ours,1,104,250,sparse_tail,Sparse tail 2700-3000 keV,13,47,68,11.845051238588372,15.086125724275917
Density-guided CNP (ours),ours,1,105,250,full,Full 500-3000 keV,442,58,114299,4.6345757929465075,6.572967301186396
Density-guided CNP (ours),ours,1,105,250,DEP,Tl-208 DEP 1592 keV,6,0,1323,2.8231742350405153,3.363471716804065
Density-guided CNP (ours),ours,1,105,250,Bi-214,Bi-212 1620.74-keV feature,6,0,1361,3.1962726177320593,3.9468820743661315
Density-guided CNP (ours),ours,1,105,250,continuum_1700_2000,Continuum 1700-2000 keV,60,0,8230,4.88681648602443,5.560490647804755
Density-guided CNP (ours),ours,1,105,250,SE,Tl-208 SE 2103 keV,6,0,2023,3.2366051598798475,4.51539888004783
Density-guided CNP (ours),ours,1,105,250,continuum_2200_2400,Continuum 2200-2400 keV,40,0,9093,2.982549867757564,3.5418971120099694
Density-guided CNP (ours),ours,1,105,250,FE,Tl-208 FE 2614 keV,5,1,8709,5.275174053577284,5.720118226285547
Density-guided CNP (ours),ours,1,105,250,sparse_tail,Sparse tail 2700-3000 keV,13,47,68,22.317369510177116,23.809904037825014
Density-guided CNP (ours),ours,1,106,250,full,Full 500-3000 keV,442,58,114299,4.437630650842344,5.949600418645868
Density-guided CNP (ours),ours,1,106,250,DEP,Tl-208 DEP 1592 keV,6,0,1323,2.7849728629180097,3.3646309989627676
Density-guided CNP (ours),ours,1,106,250,Bi-214,Bi-212 1620.74-keV feature,6,0,1361,3.2024926145259203,3.9665267858210216
Density-guided CNP (ours),ours,1,106,250,continuum_1700_2000,Continuum 1700-2000 keV,60,0,8230,4.911015035981103,5.579343693753136
Density-guided CNP (ours),ours,1,106,250,SE,Tl-208 SE 2103 keV,6,0,2023,3.3906643113512756,4.65648977661887
Density-guided CNP (ours),ours,1,106,250,continuum_2200_2400,Continuum 2200-2400 keV,40,0,9093,2.998327121422443,3.566911427949382
Density-guided CNP (ours),ours,1,106,250,FE,Tl-208 FE 2614 keV,5,1,8709,4.113495775447577,4.89613085354362
Density-guided CNP (ours),ours,1,106,250,sparse_tail,Sparse tail 2700-3000 keV,13,47,68,16.49641606725186,17.800519475543066
Density-guided CNP (ours),ours,1,107,250,full,Full 500-3000 keV,442,58,114299,4.6165437134002865,6.563745519848206
Density-guided CNP (ours),ours,1,107,250,DEP,Tl-208 DEP 1592 keV,6,0,1323,2.6453323651365155,3.3688228543918375
Density-guided CNP (ours),ours,1,107,250,Bi-214,Bi-212 1620.74-keV feature,6,0,1361,3.2816659578139777,4.186881415226436
Density-guided CNP (ours),ours,1,107,250,continuum_1700_2000,Continuum 1700-2000 keV,60,0,8230,4.93745940880203,5.603177013826332
Density-guided CNP (ours),ours,1,107,250,SE,Tl-208 SE 2103 keV,6,0,2023,3.402423962186036,4.666634919625352
Density-guided CNP (ours),ours,1,107,250,continuum_2200_2400,Continuum 2200-2400 keV,40,0,9093,3.016804929164245,3.594621769138332
Density-guided CNP (ours),ours,1,107,250,FE,Tl-208 FE 2614 keV,5,1,8709,4.337544279969858,4.92816147984273
Density-guided CNP (ours),ours,1,107,250,sparse_tail,Sparse tail 2700-3000 keV,13,47,68,22.531808854533093,23.939007687490115
Density-guided CNP (ours),ours,1,108,250,full,Full 500-3000 keV,442,58,114299,4.329209212835345,5.748554817745701
Density-guided CNP (ours),ours,1,108,250,DEP,Tl-208 DEP 1592 keV,6,0,1323,2.6604750866354108,3.373404576450868
Density-guided CNP (ours),ours,1,108,250,Bi-214,Bi-212 1620.74-keV feature,6,0,1361,3.2411784666869337,4.113040383719267
Density-guided CNP (ours),ours,1,108,250,continuum_1700_2000,Continuum 1700-2000 keV,60,0,8230,4.943853818329879,5.608775480671747
Density-guided CNP (ours),ours,1,108,250,SE,Tl-208 SE 2103 keV,6,0,2023,3.4538793057889845,4.709301199462928
Density-guided CNP (ours),ours,1,108,250,continuum_2200_2400,Continuum 2200-2400 keV,40,0,9093,3.0010171205191027,3.5744928776587277
Density-guided CNP (ours),ours,1,108,250,FE,Tl-208 FE 2614 keV,5,1,8709,3.9443460131575674,5.013797073800095
Density-guided CNP (ours),ours,1,108,250,sparse_tail,Sparse tail 2700-3000 keV,13,47,68,11.89818650214272,15.184117270934031
Density-guided CNP (ours),ours,1,109,250,full,Full 500-3000 keV,442,58,114299,4.40938031095128,5.840971553684244
Density-guided CNP (ours),ours,1,109,250,DEP,Tl-208 DEP 1592 keV,6,0,1323,2.789869437691315,3.3761898576867964
Density-guided CNP (ours),ours,1,109,250,Bi-214,Bi-212 1620.74-keV feature,6,0,1361,3.208296358102422,3.9485728859182214
Density-guided CNP (ours),ours,1,109,250,continuum_1700_2000,Continuum 1700-2000 keV,60,0,8230,4.805579668421759,5.49944762554272
Density-guided CNP (ours),ours,1,109,250,SE,Tl-208 SE 2103 keV,6,0,2023,3.048578963398892,4.272700467540728
Density-guided CNP (ours),ours,1,109,250,continuum_2200_2400,Continuum 2200-2400 keV,40,0,9093,3.024588297793324,3.5981938023220534
Density-guided CNP (ours),ours,1,109,250,FE,Tl-208 FE 2614 keV,5,1,8709,4.285950596574508,4.892355641408679
Density-guided CNP (ours),ours,1,109,250,sparse_tail,Sparse tail 2700-3000 keV,13,47,68,14.748112681039164,16.219375893240663
Density-guided CNP (ours),ours,1,100,500,full,Full 500-3000 keV,442,58,114299,4.419009825340414,6.005952206815346
Density-guided CNP (ours),ours,1,100,500,DEP,Tl-208 DEP 1592 keV,6,0,1323,3.107751265440821,3.4891514282634635
Density-guided CNP (ours),ours,1,100,500,Bi-214,Bi-212 1620.74-keV feature,6,0,1361,3.4173584064959983,4.014112917400395
Density-guided CNP (ours),ours,1,100,500,continuum_1700_2000,Continuum 1700-2000 keV,60,0,8230,4.7045534920174354,5.415351910793185
Density-guided CNP (ours),ours,1,100,500,SE,Tl-208 SE 2103 keV,6,0,2023,3.1364324374534633,4.429490297563389
Density-guided CNP (ours),ours,1,100,500,continuum_2200_2400,Continuum 2200-2400 keV,40,0,9093,2.9890754260555448,3.5526932614226148
Density-guided CNP (ours),ours,1,100,500,FE,Tl-208 FE 2614 keV,5,1,8709,4.692257881476922,5.129521772422739
Density-guided CNP (ours),ours,1,100,500,sparse_tail,Sparse tail 2700-3000 keV,13,47,68,16.30808588054079,18.54443930624669
Density-guided CNP (ours),ours,1,101,500,full,Full 500-3000 keV,442,58,114299,4.209704814457405,5.4121600029747405
Density-guided CNP (ours),ours,1,101,500,DEP,Tl-208 DEP 1592 keV,6,0,1323,2.5688329157335543,3.359003179665157
Density-guided CNP (ours),ours,1,101,500,Bi-214,Bi-212 1620.74-keV feature,6,0,1361,3.3285348236860552,4.2766499295566405
Density-guided CNP (ours),ours,1,101,500,continuum_1700_2000,Continuum 1700-2000 keV,60,0,8230,4.968865375713065,5.6282950724532865
Density-guided CNP (ours),ours,1,101,500,SE,Tl-208 SE 2103 keV,6,0,2023,3.158690591096088,4.444947834943158
Density-guided CNP (ours),ours,1,101,500,continuum_2200_2400,Continuum 2200-2400 keV,40,0,9093,3.063571525110443,3.683543490034774
Density-guided CNP (ours),ours,1,101,500,FE,Tl-208 FE 2614 keV,5,1,8709,4.468159223986225,5.604858226876366
Density-guided CNP (ours),ours,1,101,500,sparse_tail,Sparse tail 2700-3000 keV,13,47,68,8.66353265832593,10.78707130910052
Density-guided CNP (ours),ours,1,102,500,full,Full 500-3000 keV,442,58,114299,4.261537034419929,5.536091094339829
Density-guided CNP (ours),ours,1,102,500,DEP,Tl-208 DEP 1592 keV,6,0,1323,2.800166845793543,3.3256812299693572
Density-guided CNP (ours),ours,1,102,500,Bi-214,Bi-212 1620.74-keV feature,6,0,1361,3.1916214696979943,3.934774819140537
Density-guided CNP (ours),ours,1,102,500,continuum_1700_2000,Continuum 1700-2000 keV,60,0,8230,4.88179964865567,5.555506324223608
Density-guided CNP (ours),ours,1,102,500,SE,Tl-208 SE 2103 keV,6,0,2023,3.0993078811395667,4.38196444321146
Density-guided CNP (ours),ours,1,102,500,continuum_2200_2400,Continuum 2200-2400 keV,40,0,9093,3.0079516061468325,3.5799698262036634
Density-guided CNP (ours),ours,1,102,500,FE,Tl-208 FE 2614 keV,5,1,8709,3.9035968738510776,4.88793574247272
Density-guided CNP (ours),ours,1,102,500,sparse_tail,Sparse tail 2700-3000 keV,13,47,68,10.427517569894837,12.537138553936483
Density-guided CNP (ours),ours,1,103,500,full,Full 500-3000 keV,442,58,114299,4.602087228378582,6.378667216666818
Density-guided CNP (ours),ours,1,103,500,DEP,Tl-208 DEP 1592 keV,6,0,1323,3.04854936228659,3.4327775336550257
Density-guided CNP (ours),ours,1,103,500,Bi-214,Bi-212 1620.74-keV feature,6,0,1361,3.310859098134173,3.961404552971879
Density-guided CNP (ours),ours,1,103,500,continuum_1700_2000,Continuum 1700-2000 keV,60,0,8230,4.8145982240954295,5.497783543206991
Density-guided CNP (ours),ours,1,103,500,SE,Tl-208 SE 2103 keV,6,0,2023,3.374063055787672,4.658170683138179
Density-guided CNP (ours),ours,1,103,500,continuum_2200_2400,Continuum 2200-2400 keV,40,0,9093,2.9747249640613775,3.531319394587055
Density-guided CNP (ours),ours,1,103,500,FE,Tl-208 FE 2614 keV,5,1,8709,4.574382437072494,5.033534805973951
Density-guided CNP (ours),ours,1,103,500,sparse_tail,Sparse tail 2700-3000 keV,13,47,68,20.763565039238976,22.064588496834578
Density-guided CNP (ours),ours,1,104,500,full,Full 500-3000 keV,442,58,114299,4.325706869685095,5.844288800452981
Density-guided CNP (ours),ours,1,104,500,DEP,Tl-208 DEP 1592 keV,6,0,1323,2.5486440684796925,3.3675796168598677
Density-guided CNP (ours),ours,1,104,500,Bi-214,Bi-212 1620.74-keV feature,6,0,1361,3.3730506987914555,4.372186194695957
Density-guided CNP (ours),ours,1,104,500,continuum_1700_2000,Continuum 1700-2000 keV,60,0,8230,4.962284558012256,5.622874289501643
Density-guided CNP (ours),ours,1,104,500,SE,Tl-208 SE 2103 keV,6,0,2023,3.1637043189962863,4.453574063354639
Density-guided CNP (ours),ours,1,104,500,continuum_2200_2400,Continuum 2200-2400 keV,40,0,9093,3.0353413637323876,3.6250661428713924
Density-guided CNP (ours),ours,1,104,500,FE,Tl-208 FE 2614 keV,5,1,8709,3.9865664388171282,4.825527998172382
Density-guided CNP (ours),ours,1,104,500,sparse_tail,Sparse tail 2700-3000 keV,13,47,68,12.775973801775562,16.336990064705454
Density-guided CNP (ours),ours,1,105,500,full,Full 500-3000 keV,442,58,114299,4.650805417029695,6.6454713566064125
Density-guided CNP (ours),ours,1,105,500,DEP,Tl-208 DEP 1592 keV,6,0,1323,2.8548963861654304,3.3359664302052563
Density-guided CNP (ours),ours,1,105,500,Bi-214,Bi-212 1620.74-keV feature,6,0,1361,3.1989217267582024,3.9149580533968895
Density-guided CNP (ours),ours,1,105,500,continuum_1700_2000,Continuum 1700-2000 keV,60,0,8230,4.89796026952202,5.566215224217004
Density-guided CNP (ours),ours,1,105,500,SE,Tl-208 SE 2103 keV,6,0,2023,3.28124025253148,4.5772582793149015
Density-guided CNP (ours),ours,1,105,500,continuum_2200_2400,Continuum 2200-2400 keV,40,0,9093,2.9823680874444154,3.5439539296755163
Density-guided CNP (ours),ours,1,105,500,FE,Tl-208 FE 2614 keV,5,1,8709,5.012363148137581,5.4364190329723385
Density-guided CNP (ours),ours,1,105,500,sparse_tail,Sparse tail 2700-3000 keV,13,47,68,23.018669369573885,24.484858145710938
Density-guided CNP (ours),ours,1,106,500,full,Full 500-3000 keV,442,58,114299,4.356583184332281,5.891452243570944
Density-guided CNP (ours),ours,1,106,500,DEP,Tl-208 DEP 1592 keV,6,0,1323,2.795644042501562,3.326109578810815
Density-guided CNP (ours),ours,1,106,500,Bi-214,Bi-212 1620.74-keV feature,6,0,1361,3.1921565179852984,3.932021979583797
Density-guided CNP (ours),ours,1,106,500,continuum_1700_2000,Continuum 1700-2000 keV,60,0,8230,4.905029671194889,5.5712352275216315
Density-guided CNP (ours),ours,1,106,500,SE,Tl-208 SE 2103 keV,6,0,2023,3.3493657896133446,4.637520903217829
Density-guided CNP (ours),ours,1,106,500,continuum_2200_2400,Continuum 2200-2400 keV,40,0,9093,2.9829159742066165,3.5464173511877592
Density-guided CNP (ours),ours,1,106,500,FE,Tl-208 FE 2614 keV,5,1,8709,4.407016033280053,4.916269707320207
Density-guided CNP (ours),ours,1,106,500,sparse_tail,Sparse tail 2700-3000 keV,13,47,68,13.112503269399362,16.76439365796763
Density-guided CNP (ours),ours,1,107,500,full,Full 500-3000 keV,442,58,114299,4.597668293481324,6.435287377645574
Density-guided CNP (ours),ours,1,107,500,DEP,Tl-208 DEP 1592 keV,6,0,1323,2.6013246881061307,3.339688282668792
Density-guided CNP (ours),ours,1,107,500,Bi-214,Bi-212 1620.74-keV feature,6,0,1361,3.293043565325874,4.204274908182589
Density-guided CNP (ours),ours,1,107,500,continuum_1700_2000,Continuum 1700-2000 keV,60,0,8230,4.9580442629169585,5.619089721087477
Density-guided CNP (ours),ours,1,107,500,SE,Tl-208 SE 2103 keV,6,0,2023,3.2235557749537076,4.52511613781318
Density-guided CNP (ours),ours,1,107,500,continuum_2200_2400,Continuum 2200-2400 keV,40,0,9093,3.022606164202553,3.604866281736583
Density-guided CNP (ours),ours,1,107,500,FE,Tl-208 FE 2614 keV,5,1,8709,4.085939358628118,4.795875844684265
Density-guided CNP (ours),ours,1,107,500,sparse_tail,Sparse tail 2700-3000 keV,13,47,68,21.213295279115766,22.557417616350318
Density-guided CNP (ours),ours,1,108,500,full,Full 500-3000 keV,442,58,114299,4.3228608983784405,5.718227059916782
Density-guided CNP (ours),ours,1,108,500,DEP,Tl-208 DEP 1592 keV,6,0,1323,2.7330863302576485,3.3282971721345955
Density-guided CNP (ours),ours,1,108,500,Bi-214,Bi-212 1620.74-keV feature,6,0,1361,3.19497510772569,3.988121524228913
Density-guided CNP (ours),ours,1,108,500,continuum_1700_2000,Continuum 1700-2000 keV,60,0,8230,4.915271619431218,5.58077315897819
Density-guided CNP (ours),ours,1,108,500,SE,Tl-208 SE 2103 keV,6,0,2023,3.239754995815348,4.541793788812608
Density-guided CNP (ours),ours,1,108,500,continuum_2200_2400,Continuum 2200-2400 keV,40,0,9093,3.0285913698996616,3.6190825341295576
Density-guided CNP (ours),ours,1,108,500,FE,Tl-208 FE 2614 keV,5,1,8709,3.8127749975060383,5.024358914764027
Density-guided CNP (ours),ours,1,108,500,sparse_tail,Sparse tail 2700-3000 keV,13,47,68,11.533746044969167,14.839565484332226
Density-guided CNP (ours),ours,1,109,500,full,Full 500-3000 keV,442,58,114299,4.547539069108181,6.27408390144529
Density-guided CNP (ours),ours,1,109,500,DEP,Tl-208 DEP 1592 keV,6,0,1323,2.8157965336047623,3.3339914024054034
Density-guided CNP (ours),ours,1,109,500,Bi-214,Bi-212 1620.74-keV feature,6,0,1361,3.202818925710497,3.919937620682775
Density-guided CNP (ours),ours,1,109,500,continuum_1700_2000,Continuum 1700-2000 keV,60,0,8230,4.8582494151394915,5.532552752294082
Density-guided CNP (ours),ours,1,109,500,SE,Tl-208 SE 2103 keV,6,0,2023,3.3149426975482585,4.605633616811062
Density-guided CNP (ours),ours,1,109,500,continuum_2200_2400,Continuum 2200-2400 keV,40,0,9093,2.978696529572846,3.5385903331380253
Density-guided CNP (ours),ours,1,109,500,FE,Tl-208 FE 2614 keV,5,1,8709,4.6132321018525335,5.063862444698521
Density-guided CNP (ours),ours,1,109,500,sparse_tail,Sparse tail 2700-3000 keV,13,47,68,19.68451874449017,20.956177744915365
Density-guided CNP (ours),ours,1,100,1000,full,Full 500-3000 keV,442,58,114299,4.495786926105135,6.2346513512599815
Density-guided CNP (ours),ours,1,100,1000,DEP,Tl-208 DEP 1592 keV,6,0,1323,3.040539028719275,3.435315732249068
Density-guided CNP (ours),ours,1,100,1000,Bi-214,Bi-212 1620.74-keV feature,6,0,1361,3.27015912801908,3.9288081145045837
Density-guided CNP (ours),ours,1,100,1000,continuum_1700_2000,Continuum 1700-2000 keV,60,0,8230,4.760644540101877,5.463263410336348
Density-guided CNP (ours),ours,1,100,1000,SE,Tl-208 SE 2103 keV,6,0,2023,3.027794390834337,4.272382680988564
Density-guided CNP (ours),ours,1,100,1000,continuum_2200_2400,Continuum 2200-2400 keV,40,0,9093,3.0079721813171694,3.576407105825843
Density-guided CNP (ours),ours,1,100,1000,FE,Tl-208 FE 2614 keV,5,1,8709,4.725544896091147,5.185061396436668
Density-guided CNP (ours),ours,1,100,1000,sparse_tail,Sparse tail 2700-3000 keV,13,47,68,18.50813911447733,20.84070126371789
Density-guided CNP (ours),ours,1,101,1000,full,Full 500-3000 keV,442,58,114299,4.263529519430634,5.678732962549196
Density-guided CNP (ours),ours,1,101,1000,DEP,Tl-208 DEP 1592 keV,6,0,1323,2.712326190289016,3.3438207749175
Density-guided CNP (ours),ours,1,101,1000,Bi-214,Bi-212 1620.74-keV feature,6,0,1361,3.1804432928857493,3.981632594554654
Density-guided CNP (ours),ours,1,101,1000,continuum_1700_2000,Continuum 1700-2000 keV,60,0,8230,4.899480223581763,5.573441963869504
Density-guided CNP (ours),ours,1,101,1000,SE,Tl-208 SE 2103 keV,6,0,2023,3.018159682406641,4.078276426307128
Density-guided CNP (ours),ours,1,101,1000,continuum_2200_2400,Continuum 2200-2400 keV,40,0,9093,3.143503694074669,3.815654054175833
Density-guided CNP (ours),ours,1,101,1000,FE,Tl-208 FE 2614 keV,5,1,8709,3.8555304446288345,5.108778425634029
Density-guided CNP (ours),ours,1,101,1000,sparse_tail,Sparse tail 2700-3000 keV,13,47,68,11.371592031182248,14.776993885072065
Density-guided CNP (ours),ours,1,102,1000,full,Full 500-3000 keV,442,58,114299,4.246583024729592,5.430765809280751
Density-guided CNP (ours),ours,1,102,1000,DEP,Tl-208 DEP 1592 keV,6,0,1323,2.8640733083569643,3.3496614606183943
Density-guided CNP (ours),ours,1,102,1000,Bi-214,Bi-212 1620.74-keV feature,6,0,1361,3.1836147332935294,3.8839779328635986
Density-guided CNP (ours),ours,1,102,1000,continuum_1700_2000,Continuum 1700-2000 keV,60,0,8230,4.8702249932741575,5.545339939750072
Density-guided CNP (ours),ours,1,102,1000,SE,Tl-208 SE 2103 keV,6,0,2023,3.098101915355479,4.36334466814388
Density-guided CNP (ours),ours,1,102,1000,continuum_2200_2400,Continuum 2200-2400 keV,40,0,9093,3.0419353723049416,3.6433663189644876
Density-guided CNP (ours),ours,1,102,1000,FE,Tl-208 FE 2614 keV,5,1,8709,5.109116273498402,6.079614897816498
Density-guided CNP (ours),ours,1,102,1000,sparse_tail,Sparse tail 2700-3000 keV,13,47,68,10.083423822250744,11.659540183234638
Density-guided CNP (ours),ours,1,103,1000,full,Full 500-3000 keV,442,58,114299,4.522083344794902,6.243421331114816
Density-guided CNP (ours),ours,1,103,1000,DEP,Tl-208 DEP 1592 keV,6,0,1323,2.8884946283435298,3.3568029729626248
Density-guided CNP (ours),ours,1,103,1000,Bi-214,Bi-212 1620.74-keV feature,6,0,1361,3.193306544367327,3.8824150710103216
Density-guided CNP (ours),ours,1,103,1000,continuum_1700_2000,Continuum 1700-2000 keV,60,0,8230,4.842774063543607,5.523386727848891
Density-guided CNP (ours),ours,1,103,1000,SE,Tl-208 SE 2103 keV,6,0,2023,3.1361321150920753,4.416967556951536
Density-guided CNP (ours),ours,1,103,1000,continuum_2200_2400,Continuum 2200-2400 keV,40,0,9093,2.9876867824370055,3.5507224339989567
Density-guided CNP (ours),ours,1,103,1000,FE,Tl-208 FE 2614 keV,5,1,8709,4.57737090116298,5.069249543603061
Density-guided CNP (ours),ours,1,103,1000,sparse_tail,Sparse tail 2700-3000 keV,13,47,68,18.375897477556624,20.68731774604265
Density-guided CNP (ours),ours,1,104,1000,full,Full 500-3000 keV,442,58,114299,4.337677293337058,5.843958076103218
Density-guided CNP (ours),ours,1,104,1000,DEP,Tl-208 DEP 1592 keV,6,0,1323,2.571967303394768,3.374407585480179
Density-guided CNP (ours),ours,1,104,1000,Bi-214,Bi-212 1620.74-keV feature,6,0,1361,3.3340131309612198,4.291441107233354
Density-guided CNP (ours),ours,1,104,1000,continuum_1700_2000,Continuum 1700-2000 keV,60,0,8230,4.965740918780766,5.626361150951617
Density-guided CNP (ours),ours,1,104,1000,SE,Tl-208 SE 2103 keV,6,0,2023,3.1481812572138286,4.421348405511281
Density-guided CNP (ours),ours,1,104,1000,continuum_2200_2400,Continuum 2200-2400 keV,40,0,9093,3.0234646246441947,3.6026289087371657
Density-guided CNP (ours),ours,1,104,1000,FE,Tl-208 FE 2614 keV,5,1,8709,4.1985344974346805,4.881882995322851
Density-guided CNP (ours),ours,1,104,1000,sparse_tail,Sparse tail 2700-3000 keV,13,47,68,12.518234144780402,16.141231866745816
Density-guided CNP (ours),ours,1,105,1000,full,Full 500-3000 keV,442,58,114299,4.637801621515168,6.579321272998535
Density-guided CNP (ours),ours,1,105,1000,DEP,Tl-208 DEP 1592 keV,6,0,1323,2.8017579546592937,3.3417056278098274
Density-guided CNP (ours),ours,1,105,1000,Bi-214,Bi-212 1620.74-keV feature,6,0,1361,3.1755034554066337,3.9148452936031184
Density-guided CNP (ours),ours,1,105,1000,continuum_1700_2000,Continuum 1700-2000 keV,60,0,8230,4.899286822050785,5.569268939205799
Density-guided CNP (ours),ours,1,105,1000,SE,Tl-208 SE 2103 keV,6,0,2023,3.1422358717871557,4.41724465473963
Density-guided CNP (ours),ours,1,105,1000,continuum_2200_2400,Continuum 2200-2400 keV,40,0,9093,2.998754133576197,3.5648671375085295
Density-guided CNP (ours),ours,1,105,1000,FE,Tl-208 FE 2614 keV,5,1,8709,4.631277155150305,5.103406819671182
Density-guided CNP (ours),ours,1,105,1000,sparse_tail,Sparse tail 2700-3000 keV,13,47,68,22.503294764629707,23.903771584560037
Density-guided CNP (ours),ours,1,106,1000,full,Full 500-3000 keV,442,58,114299,4.331755476540792,5.832109955887417
Density-guided CNP (ours),ours,1,106,1000,DEP,Tl-208 DEP 1592 keV,6,0,1323,2.862559093413712,3.3537972282445647
Density-guided CNP (ours),ours,1,106,1000,Bi-214,Bi-212 1620.74-keV feature,6,0,1361,3.1866962344487417,3.8807109100686548
Density-guided CNP (ours),ours,1,106,1000,continuum_1700_2000,Continuum 1700-2000 keV,60,0,8230,4.853844098432008,5.530765977447099
Density-guided CNP (ours),ours,1,106,1000,SE,Tl-208 SE 2103 keV,6,0,2023,3.2319549922224966,4.521203561204856
Density-guided CNP (ours),ours,1,106,1000,continuum_2200_2400,Continuum 2200-2400 keV,40,0,9093,2.9818149403494862,3.5440297337426014
Density-guided CNP (ours),ours,1,106,1000,FE,Tl-208 FE 2614 keV,5,1,8709,4.416386787302236,4.965683704012376
Density-guided CNP (ours),ours,1,106,1000,sparse_tail,Sparse tail 2700-3000 keV,13,47,68,12.437691983492167,16.201727650814632
Density-guided CNP (ours),ours,1,107,1000,full,Full 500-3000 keV,442,58,114299,4.336339388778207,5.760048698310378
Density-guided CNP (ours),ours,1,107,1000,DEP,Tl-208 DEP 1592 keV,6,0,1323,2.6867979773385158,3.3375801914695815
Density-guided CNP (ours),ours,1,107,1000,Bi-214,Bi-212 1620.74-keV feature,6,0,1361,3.2007197843339044,4.038379966225799
Density-guided CNP (ours),ours,1,107,1000,continuum_1700_2000,Continuum 1700-2000 keV,60,0,8230,4.954719587899426,5.615858670130021
Density-guided CNP (ours),ours,1,107,1000,SE,Tl-208 SE 2103 keV,6,0,2023,3.2003425388800606,4.488234867418648
Density-guided CNP (ours),ours,1,107,1000,continuum_2200_2400,Continuum 2200-2400 keV,40,0,9093,3.030074958542517,3.620202358039467
Density-guided CNP (ours),ours,1,107,1000,FE,Tl-208 FE 2614 keV,5,1,8709,3.88707309613857,5.160004309199804
Density-guided CNP (ours),ours,1,107,1000,sparse_tail,Sparse tail 2700-3000 keV,13,47,68,13.52304718398927,15.762325355263904
Density-guided CNP (ours),ours,1,108,1000,full,Full 500-3000 keV,442,58,114299,4.2995235194075585,5.7075387937653765
Density-guided CNP (ours),ours,1,108,1000,DEP,Tl-208 DEP 1592 keV,6,0,1323,2.8853066371840614,3.3620903946793455
Density-guided CNP (ours),ours,1,108,1000,Bi-214,Bi-212 1620.74-keV feature,6,0,1361,3.199116677179059,3.881926396313959
Density-guided CNP (ours),ours,1,108,1000,continuum_1700_2000,Continuum 1700-2000 keV,60,0,8230,4.845022675785542,5.523587870777866
Density-guided CNP (ours),ours,1,108,1000,SE,Tl-208 SE 2103 keV,6,0,2023,3.1769376091964765,4.461048202336052
Density-guided CNP (ours),ours,1,108,1000,continuum_2200_2400,Continuum 2200-2400 keV,40,0,9093,3.0351551374196046,3.6305756399098215
Density-guided CNP (ours),ours,1,108,1000,FE,Tl-208 FE 2614 keV,5,1,8709,3.8695484655388106,5.136282019351634
Density-guided CNP (ours),ours,1,108,1000,sparse_tail,Sparse tail 2700-3000 keV,13,47,68,11.602126094208453,15.098857074807318
Density-guided CNP (ours),ours,1,109,1000,full,Full 500-3000 keV,442,58,114299,4.531709511855826,6.247390834753934
Density-guided CNP (ours),ours,1,109,1000,DEP,Tl-208 DEP 1592 keV,6,0,1323,2.798719015523293,3.346649635330707
Density-guided CNP (ours),ours,1,109,1000,Bi-214,Bi-212 1620.74-keV feature,6,0,1361,3.1783201232080303,3.9044621855576644
Density-guided CNP (ours),ours,1,109,1000,continuum_1700_2000,Continuum 1700-2000 keV,60,0,8230,4.860077801630805,5.538186025923643
Density-guided CNP (ours),ours,1,109,1000,SE,Tl-208 SE 2103 keV,6,0,2023,3.083754550570636,4.344162624007239
Density-guided CNP (ours),ours,1,109,1000,continuum_2200_2400,Continuum 2200-2400 keV,40,0,9093,3.0074736631077172,3.5770376900731744
Density-guided CNP (ours),ours,1,109,1000,FE,Tl-208 FE 2614 keV,5,1,8709,4.298242169457036,4.899801423597313
Density-guided CNP (ours),ours,1,109,1000,sparse_tail,Sparse tail 2700-3000 keV,13,47,68,19.592842212203383,20.86639850688164
Density-guided CNP (ours),ours,1,100,2000,full,Full 500-3000 keV,442,58,114299,4.370017322245459,5.942510813003174
Density-guided CNP (ours),ours,1,100,2000,DEP,Tl-208 DEP 1592 keV,6,0,1323,2.8613064174076093,3.368080973045352
Density-guided CNP (ours),ours,1,100,2000,Bi-214,Bi-212 1620.74-keV feature,6,0,1361,3.1943696522137652,3.917341458776697
Density-guided CNP (ours),ours,1,100,2000,continuum_1700_2000,Continuum 1700-2000 keV,60,0,8230,4.9037058877880435,5.573809569903062
Density-guided CNP (ours),ours,1,100,2000,SE,Tl-208 SE 2103 keV,6,0,2023,3.203563383711413,4.484512665494251
Density-guided CNP (ours),ours,1,100,2000,continuum_2200_2400,Continuum 2200-2400 keV,40,0,9093,2.993985883226096,3.5593144314280996
Density-guided CNP (ours),ours,1,100,2000,FE,Tl-208 FE 2614 keV,5,1,8709,4.4859796775074425,4.962794226430192
Density-guided CNP (ours),ours,1,100,2000,sparse_tail,Sparse tail 2700-3000 keV,13,47,68,13.743889209714672,17.4659885204734
Density-guided CNP (ours),ours,1,101,2000,full,Full 500-3000 keV,442,58,114299,4.3525044513103746,5.924929846608495
Density-guided CNP (ours),ours,1,101,2000,DEP,Tl-208 DEP 1592 keV,6,0,1323,2.7799045841295316,3.3661045471382054
Density-guided CNP (ours),ours,1,101,2000,Bi-214,Bi-212 1620.74-keV feature,6,0,1361,3.1892913257870887,3.955962101567269
Density-guided CNP (ours),ours,1,101,2000,continuum_1700_2000,Continuum 1700-2000 keV,60,0,8230,4.9021914755237885,5.574422273134461
Density-guided CNP (ours),ours,1,101,2000,SE,Tl-208 SE 2103 keV,6,0,2023,3.0521805940029623,4.283722148987494
Density-guided CNP (ours),ours,1,101,2000,continuum_2200_2400,Continuum 2200-2400 keV,40,0,9093,3.0392241947431806,3.6267132638985076
Density-guided CNP (ours),ours,1,101,2000,FE,Tl-208 FE 2614 keV,5,1,8709,4.250006274621386,4.813261252649865
Density-guided CNP (ours),ours,1,101,2000,sparse_tail,Sparse tail 2700-3000 keV,13,47,68,13.4233851196425,17.30209292089913
Density-guided CNP (ours),ours,1,102,2000,full,Full 500-3000 keV,442,58,114299,4.300094780561454,5.6672989461133785
Density-guided CNP (ours),ours,1,102,2000,DEP,Tl-208 DEP 1592 keV,6,0,1323,2.8492861541122587,3.3683836431469056
Density-guided CNP (ours),ours,1,102,2000,Bi-214,Bi-212 1620.74-keV feature,6,0,1361,3.192613812404748,3.916747698258564
Density-guided CNP (ours),ours,1,102,2000,continuum_1700_2000,Continuum 1700-2000 keV,60,0,8230,4.892143825916229,5.565470919641665
Density-guided CNP (ours),ours,1,102,2000,SE,Tl-208 SE 2103 keV,6,0,2023,3.112501350420196,4.370300129410556
Density-guided CNP (ours),ours,1,102,2000,continuum_2200_2400,Continuum 2200-2400 keV,40,0,9093,3.0202544928678945,3.5992635513447273
Density-guided CNP (ours),ours,1,102,2000,FE,Tl-208 FE 2614 keV,5,1,8709,3.8510903922133433,4.835597545499233
Density-guided CNP (ours),ours,1,102,2000,sparse_tail,Sparse tail 2700-3000 keV,13,47,68,11.184954756372221,14.241803519378788
Density-guided CNP (ours),ours,1,103,2000,full,Full 500-3000 keV,442,58,114299,4.351382737876139,5.928286222429229
Density-guided CNP (ours),ours,1,103,2000,DEP,Tl-208 DEP 1592 keV,6,0,1323,2.8570241346610405,3.3691687784486954
Density-guided CNP (ours),ours,1,103,2000,Bi-214,Bi-212 1620.74-keV feature,6,0,1361,3.1938989947359366,3.9121230543893026
Density-guided CNP (ours),ours,1,103,2000,continuum_1700_2000,Continuum 1700-2000 keV,60,0,8230,4.884032032308968,5.558060019938202
Density-guided CNP (ours),ours,1,103,2000,SE,Tl-208 SE 2103 keV,6,0,2023,3.169224100649901,4.445816271499784
Density-guided CNP (ours),ours,1,103,2000,continuum_2200_2400,Continuum 2200-2400 keV,40,0,9093,2.9910193975906867,3.5560155081237728
Density-guided CNP (ours),ours,1,103,2000,FE,Tl-208 FE 2614 keV,5,1,8709,4.376578725647691,4.8866271821120355
Density-guided CNP (ours),ours,1,103,2000,sparse_tail,Sparse tail 2700-3000 keV,13,47,68,13.35464979385304,17.34943585971069
Density-guided CNP (ours),ours,1,104,2000,full,Full 500-3000 keV,442,58,114299,4.365063788196416,5.89532770510611
Density-guided CNP (ours),ours,1,104,2000,DEP,Tl-208 DEP 1592 keV,6,0,1323,2.663531649703636,3.371987284450824
Density-guided CNP (ours),ours,1,104,2000,Bi-214,Bi-212 1620.74-keV feature,6,0,1361,3.2553377180888408,4.121469983612718
Density-guided CNP (ours),ours,1,104,2000,continuum_1700_2000,Continuum 1700-2000 keV,60,0,8230,4.95787753210235,5.621070378756127
Density-guided CNP (ours),ours,1,104,2000,SE,Tl-208 SE 2103 keV,6,0,2023,3.1761674371602635,4.4488440468527095
Density-guided CNP (ours),ours,1,104,2000,continuum_2200_2400,Continuum 2200-2400 keV,40,0,9093,3.003100874531844,3.5720609864827937
Density-guided CNP (ours),ours,1,104,2000,FE,Tl-208 FE 2614 keV,5,1,8709,4.2577926914095885,4.814690711762388
Density-guided CNP (ours),ours,1,104,2000,sparse_tail,Sparse tail 2700-3000 keV,13,47,68,12.922138599005258,16.655009042093727
Density-guided CNP (ours),ours,1,105,2000,full,Full 500-3000 keV,442,58,114299,4.357566665649296,5.866989587376263
Density-guided CNP (ours),ours,1,105,2000,DEP,Tl-208 DEP 1592 keV,6,0,1323,2.8115308443751057,3.363058437579785
Density-guided CNP (ours),ours,1,105,2000,Bi-214,Bi-212 1620.74-keV feature,6,0,1361,3.186274466888029,3.937650378038102
Density-guided CNP (ours),ours,1,105,2000,continuum_1700_2000,Continuum 1700-2000 keV,60,0,8230,4.914956804171274,5.583710926587569
Density-guided CNP (ours),ours,1,105,2000,SE,Tl-208 SE 2103 keV,6,0,2023,3.2021702248988917,4.482093782957344
Density-guided CNP (ours),ours,1,105,2000,continuum_2200_2400,Continuum 2200-2400 keV,40,0,9093,2.9927012192229507,3.557929364687429
Density-guided CNP (ours),ours,1,105,2000,FE,Tl-208 FE 2614 keV,5,1,8709,4.292050069862117,4.8273174613395895
Density-guided CNP (ours),ours,1,105,2000,sparse_tail,Sparse tail 2700-3000 keV,13,47,68,12.81899943104053,16.445340300316058
Density-guided CNP (ours),ours,1,106,2000,full,Full 500-3000 keV,442,58,114299,4.319484817482541,5.753964988906278
Density-guided CNP (ours),ours,1,106,2000,DEP,Tl-208 DEP 1592 keV,6,0,1323,2.7825998248919346,3.3627542368551424
Density-guided CNP (ours),ours,1,106,2000,Bi-214,Bi-212 1620.74-keV feature,6,0,1361,3.186467382636076,3.9541915450331304
Density-guided CNP (ours),ours,1,106,2000,continuum_1700_2000,Continuum 1700-2000 keV,60,0,8230,4.9077188547578485,5.577753806397732
Density-guided CNP (ours),ours,1,106,2000,SE,Tl-208 SE 2103 keV,6,0,2023,3.1854602638140874,4.464165494439861
Density-guided CNP (ours),ours,1,106,2000,continuum_2200_2400,Continuum 2200-2400 keV,40,0,9093,2.9888332477664354,3.5527366320716682
Density-guided CNP (ours),ours,1,106,2000,FE,Tl-208 FE 2614 keV,5,1,8709,4.25026861641607,4.81477807848946
Density-guided CNP (ours),ours,1,106,2000,sparse_tail,Sparse tail 2700-3000 keV,13,47,68,11.529207987925055,15.04390141035942
Density-guided CNP (ours),ours,1,107,2000,full,Full 500-3000 keV,442,58,114299,4.319700830302303,5.752575104663864
Density-guided CNP (ours),ours,1,107,2000,DEP,Tl-208 DEP 1592 keV,6,0,1323,2.8280703498793898,3.361144310519711
Density-guided CNP (ours),ours,1,107,2000,Bi-214,Bi-212 1620.74-keV feature,6,0,1361,3.1875933357531063,3.933957516537955
Density-guided CNP (ours),ours,1,107,2000,continuum_1700_2000,Continuum 1700-2000 keV,60,0,8230,4.921226667671616,5.589064983596006
Density-guided CNP (ours),ours,1,107,2000,SE,Tl-208 SE 2103 keV,6,0,2023,3.1670342026817346,4.438505615721727
Density-guided CNP (ours),ours,1,107,2000,continuum_2200_2400,Continuum 2200-2400 keV,40,0,9093,3.018696192780491,3.5975558958781657
Density-guided CNP (ours),ours,1,107,2000,FE,Tl-208 FE 2614 keV,5,1,8709,3.92295912872612,4.769750562136771
Density-guided CNP (ours),ours,1,107,2000,sparse_tail,Sparse tail 2700-3000 keV,13,47,68,12.302584481648827,15.41446601272319
Density-guided CNP (ours),ours,1,108,2000,full,Full 500-3000 keV,442,58,114299,4.313568648484558,5.749377639159155
Density-guided CNP (ours),ours,1,108,2000,DEP,Tl-208 DEP 1592 keV,6,0,1323,2.916473437719456,3.3871900645797757
Density-guided CNP (ours),ours,1,108,2000,Bi-214,Bi-212 1620.74-keV feature,6,0,1361,3.214306129127863,3.901494856206686
Density-guided CNP (ours),ours,1,108,2000,continuum_1700_2000,Continuum 1700-2000 keV,60,0,8230,4.852911945614284,5.532641055896653
Density-guided CNP (ours),ours,1,108,2000,SE,Tl-208 SE 2103 keV,6,0,2023,3.1299080740885317,4.391638842609781
Density-guided CNP (ours),ours,1,108,2000,continuum_2200_2400,Continuum 2200-2400 keV,40,0,9093,3.0356497984350064,3.627039969503939
Density-guided CNP (ours),ours,1,108,2000,FE,Tl-208 FE 2614 keV,5,1,8709,3.8737868524908974,4.811272763955862
Density-guided CNP (ours),ours,1,108,2000,sparse_tail,Sparse tail 2700-3000 keV,13,47,68,11.963841082618336,15.466119643432034
Density-guided CNP (ours),ours,1,109,2000,full,Full 500-3000 keV,442,58,114299,4.422776156274531,5.960590719218908
Density-guided CNP (ours),ours,1,109,2000,DEP,Tl-208 DEP 1592 keV,6,0,1323,2.8087051577622106,3.3668422070179553
Density-guided CNP (ours),ours,1,109,2000,Bi-214,Bi-212 1620.74-keV feature,6,0,1361,3.1912624529060802,3.934591139245473
Density-guided CNP (ours),ours,1,109,2000,continuum_1700_2000,Continuum 1700-2000 keV,60,0,8230,4.895609789316578,5.567925983420214
Density-guided CNP (ours),ours,1,109,2000,SE,Tl-208 SE 2103 keV,6,0,2023,3.1508842607433323,4.418889559021949
Density-guided CNP (ours),ours,1,109,2000,continuum_2200_2400,Continuum 2200-2400 keV,40,0,9093,3.001020585227927,3.5687141853110718
Density-guided CNP (ours),ours,1,109,2000,FE,Tl-208 FE 2614 keV,5,1,8709,4.181912968761872,4.780293092066361
Density-guided CNP (ours),ours,1,109,2000,sparse_tail,Sparse tail 2700-3000 keV,13,47,68,15.693548453168892,17.732398584539986
Density-guided CNP (ours),ours,2,100,250,full,Full 500-3000 keV,442,58,114299,4.593045332658207,6.208913924820388
Density-guided CNP (ours),ours,2,100,250,DEP,Tl-208 DEP 1592 keV,6,0,1323,3.208192153457973,3.5752572269042022
Density-guided CNP (ours),ours,2,100,250,Bi-214,Bi-212 1620.74-keV feature,6,0,1361,3.0644560175544244,3.8008337813848754
Density-guided CNP (ours),ours,2,100,250,continuum_1700_2000,Continuum 1700-2000 keV,60,0,8230,4.593381217385993,5.336106676497095
Density-guided CNP (ours),ours,2,100,250,SE,Tl-208 SE 2103 keV,6,0,2023,3.2722871689956183,4.412033472667458
Density-guided CNP (ours),ours,2,100,250,continuum_2200_2400,Continuum 2200-2400 keV,40,0,9093,3.029614333814062,3.615472523031705
Density-guided CNP (ours),ours,2,100,250,FE,Tl-208 FE 2614 keV,5,1,8709,4.477747874163324,5.39518626465467
Density-guided CNP (ours),ours,2,100,250,sparse_tail,Sparse tail 2700-3000 keV,13,47,68,18.77267349158847,20.457615976545313
Density-guided CNP (ours),ours,2,101,250,full,Full 500-3000 keV,442,58,114299,4.497821913637789,5.669734545082792
Density-guided CNP (ours),ours,2,101,250,DEP,Tl-208 DEP 1592 keV,6,0,1323,2.7679243673692695,3.5917875108345267
Density-guided CNP (ours),ours,2,101,250,Bi-214,Bi-212 1620.74-keV feature,6,0,1361,2.7550090692890077,3.5587037699226824
Density-guided CNP (ours),ours,2,101,250,continuum_1700_2000,Continuum 1700-2000 keV,60,0,8230,5.284932745686106,5.959855225072893
Density-guided CNP (ours),ours,2,101,250,SE,Tl-208 SE 2103 keV,6,0,2023,3.317976746151173,4.654743910125447
Density-guided CNP (ours),ours,2,101,250,continuum_2200_2400,Continuum 2200-2400 keV,40,0,9093,3.1887079583484503,3.906746652189477
Density-guided CNP (ours),ours,2,101,250,FE,Tl-208 FE 2614 keV,5,1,8709,8.205640820886249,8.862036773893267
Density-guided CNP (ours),ours,2,101,250,sparse_tail,Sparse tail 2700-3000 keV,13,47,68,12.29755332001132,12.770197876660594
Density-guided CNP (ours),ours,2,102,250,full,Full 500-3000 keV,442,58,114299,4.6013867752831406,6.0530282610846395
Density-guided CNP (ours),ours,2,102,250,DEP,Tl-208 DEP 1592 keV,6,0,1323,2.8045819436047688,3.5496695207226154
Density-guided CNP (ours),ours,2,102,250,Bi-214,Bi-212 1620.74-keV feature,6,0,1361,2.6417614569519494,3.072507886168513
Density-guided CNP (ours),ours,2,102,250,continuum_1700_2000,Continuum 1700-2000 keV,60,0,8230,5.217535207673858,5.8776231135899515
Density-guided CNP (ours),ours,2,102,250,SE,Tl-208 SE 2103 keV,6,0,2023,3.2737236893809634,4.002186130557209
Density-guided CNP (ours),ours,2,102,250,continuum_2200_2400,Continuum 2200-2400 keV,40,0,9093,3.204234628105787,3.917113764990352
Density-guided CNP (ours),ours,2,102,250,FE,Tl-208 FE 2614 keV,5,1,8709,4.164144634484694,5.49680257029223
Density-guided CNP (ours),ours,2,102,250,sparse_tail,Sparse tail 2700-3000 keV,13,47,68,16.423823390613162,18.025860407116824
Density-guided CNP (ours),ours,2,103,250,full,Full 500-3000 keV,442,58,114299,4.495668562309191,5.804015014401333
Density-guided CNP (ours),ours,2,103,250,DEP,Tl-208 DEP 1592 keV,6,0,1323,2.8785330793511683,3.361953955345359
Density-guided CNP (ours),ours,2,103,250,Bi-214,Bi-212 1620.74-keV feature,6,0,1361,2.5197531930730737,3.0873722510542674
Density-guided CNP (ours),ours,2,103,250,continuum_1700_2000,Continuum 1700-2000 keV,60,0,8230,5.039784182926927,5.72180026551202
Density-guided CNP (ours),ours,2,103,250,SE,Tl-208 SE 2103 keV,6,0,2023,3.3213314730657957,4.732766537134267
Density-guided CNP (ours),ours,2,103,250,continuum_2200_2400,Continuum 2200-2400 keV,40,0,9093,3.0136924903113393,3.5895026340892566
Density-guided CNP (ours),ours,2,103,250,FE,Tl-208 FE 2614 keV,5,1,8709,4.348603442635772,5.455074144830626
Density-guided CNP (ours),ours,2,103,250,sparse_tail,Sparse tail 2700-3000 keV,13,47,68,14.379278794401785,15.735662642532885
Density-guided CNP (ours),ours,2,104,250,full,Full 500-3000 keV,442,58,114299,4.390340321658666,5.758003038656026
Density-guided CNP (ours),ours,2,104,250,DEP,Tl-208 DEP 1592 keV,6,0,1323,2.7631345337531292,3.5894569674269676
Density-guided CNP (ours),ours,2,104,250,Bi-214,Bi-212 1620.74-keV feature,6,0,1361,2.7833565363770933,3.6999929527743807
Density-guided CNP (ours),ours,2,104,250,continuum_1700_2000,Continuum 1700-2000 keV,60,0,8230,5.286270531614228,5.962550535706909
Density-guided CNP (ours),ours,2,104,250,SE,Tl-208 SE 2103 keV,6,0,2023,3.3165554027472206,4.731840187020222
Density-guided CNP (ours),ours,2,104,250,continuum_2200_2400,Continuum 2200-2400 keV,40,0,9093,3.0373956818523515,3.6556900546232063
Density-guided CNP (ours),ours,2,104,250,FE,Tl-208 FE 2614 keV,5,1,8709,4.354984114223042,5.7708302022708855
Density-guided CNP (ours),ours,2,104,250,sparse_tail,Sparse tail 2700-3000 keV,13,47,68,11.098872431321986,14.463791026115011
Density-guided CNP (ours),ours,2,105,250,full,Full 500-3000 keV,442,58,114299,4.773324431156954,6.704095029566331
Density-guided CNP (ours),ours,2,105,250,DEP,Tl-208 DEP 1592 keV,6,0,1323,2.804518514060465,3.5149891939175353
Density-guided CNP (ours),ours,2,105,250,Bi-214,Bi-212 1620.74-keV feature,6,0,1361,2.6047068983185224,2.968992910859562
Density-guided CNP (ours),ours,2,105,250,continuum_1700_2000,Continuum 1700-2000 keV,60,0,8230,5.231760313647479,5.899936529199002
Density-guided CNP (ours),ours,2,105,250,SE,Tl-208 SE 2103 keV,6,0,2023,3.320260189934728,4.579438932640325
Density-guided CNP (ours),ours,2,105,250,continuum_2200_2400,Continuum 2200-2400 keV,40,0,9093,3.0276350719045295,3.6126426726540926
Density-guided CNP (ours),ours,2,105,250,FE,Tl-208 FE 2614 keV,5,1,8709,4.916289740196174,5.570211231323281
Density-guided CNP (ours),ours,2,105,250,sparse_tail,Sparse tail 2700-3000 keV,13,47,68,22.338251841397813,24.224178909377397
Density-guided CNP (ours),ours,2,106,250,full,Full 500-3000 keV,442,58,114299,4.576439134403302,6.067021255518801
Density-guided CNP (ours),ours,2,106,250,DEP,Tl-208 DEP 1592 keV,6,0,1323,2.810397204888054,3.5311241738556736
Density-guided CNP (ours),ours,2,106,250,Bi-214,Bi-212 1620.74-keV feature,6,0,1361,2.6196975379294467,3.009236406035112
Density-guided CNP (ours),ours,2,106,250,continuum_1700_2000,Continuum 1700-2000 keV,60,0,8230,5.240052867866368,5.912819933123894
Density-guided CNP (ours),ours,2,106,250,SE,Tl-208 SE 2103 keV,6,0,2023,3.3189571537838503,4.70935821924316
Density-guided CNP (ours),ours,2,106,250,continuum_2200_2400,Continuum 2200-2400 keV,40,0,9093,3.0329048258736235,3.641401551747047
Density-guided CNP (ours),ours,2,106,250,FE,Tl-208 FE 2614 keV,5,1,8709,4.230206350825946,5.615963793917982
Density-guided CNP (ours),ours,2,106,250,sparse_tail,Sparse tail 2700-3000 keV,13,47,68,16.912795717888525,18.452119050010428
Density-guided CNP (ours),ours,2,107,250,full,Full 500-3000 keV,442,58,114299,4.825319600749002,6.917079243938952
Density-guided CNP (ours),ours,2,107,250,DEP,Tl-208 DEP 1592 keV,6,0,1323,2.7919304474973874,3.5721178568605945
Density-guided CNP (ours),ours,2,107,250,Bi-214,Bi-212 1620.74-keV feature,6,0,1361,2.6945491051416126,3.280043066498919
Density-guided CNP (ours),ours,2,107,250,continuum_1700_2000,Continuum 1700-2000 keV,60,0,8230,5.296265405941942,5.974760586317328
Density-guided CNP (ours),ours,2,107,250,SE,Tl-208 SE 2103 keV,6,0,2023,3.3282630762481653,4.732832648381091
Density-guided CNP (ours),ours,2,107,250,continuum_2200_2400,Continuum 2200-2400 keV,40,0,9093,3.053560850927568,3.6815533960247713
Density-guided CNP (ours),ours,2,107,250,FE,Tl-208 FE 2614 keV,5,1,8709,4.132041951449698,5.4402302373519875
Density-guided CNP (ours),ours,2,107,250,sparse_tail,Sparse tail 2700-3000 keV,13,47,68,24.709163050514547,26.250687762792925
Density-guided CNP (ours),ours,2,108,250,full,Full 500-3000 keV,442,58,114299,4.47172893396275,5.8564991027047375
Density-guided CNP (ours),ours,2,108,250,DEP,Tl-208 DEP 1592 keV,6,0,1323,2.7939949129351476,3.581785336824958
Density-guided CNP (ours),ours,2,108,250,Bi-214,Bi-212 1620.74-keV feature,6,0,1361,2.679405732457039,3.213927930951118
Density-guided CNP (ours),ours,2,108,250,continuum_1700_2000,Continuum 1700-2000 keV,60,0,8230,5.292232686772946,5.9705119717119794
Density-guided CNP (ours),ours,2,108,250,SE,Tl-208 SE 2103 keV,6,0,2023,3.315779309534922,4.777064143670564
Density-guided CNP (ours),ours,2,108,250,continuum_2200_2400,Continuum 2200-2400 keV,40,0,9093,3.029855907085055,3.6462284175857285
Density-guided CNP (ours),ours,2,108,250,FE,Tl-208 FE 2614 keV,5,1,8709,4.487668655145203,5.825124852487268
Density-guided CNP (ours),ours,2,108,250,sparse_tail,Sparse tail 2700-3000 keV,13,47,68,11.755693566841778,14.982376236052183
Density-guided CNP (ours),ours,2,109,250,full,Full 500-3000 keV,442,58,114299,4.458839774155949,5.8234633657996895
Density-guided CNP (ours),ours,2,109,250,DEP,Tl-208 DEP 1592 keV,6,0,1323,2.8136695415829323,3.538971628648422
Density-guided CNP (ours),ours,2,109,250,Bi-214,Bi-212 1620.74-keV feature,6,0,1361,2.6074753347212267,2.98359175425943
Density-guided CNP (ours),ours,2,109,250,continuum_1700_2000,Continuum 1700-2000 keV,60,0,8230,5.135487532406394,5.795077928822797
Density-guided CNP (ours),ours,2,109,250,SE,Tl-208 SE 2103 keV,6,0,2023,3.2566630458252823,4.361721698218681
Density-guided CNP (ours),ours,2,109,250,continuum_2200_2400,Continuum 2200-2400 keV,40,0,9093,3.0611896066287727,3.677765488196552
Density-guided CNP (ours),ours,2,109,250,FE,Tl-208 FE 2614 keV,5,1,8709,4.256085241470279,5.455875029868575
Density-guided CNP (ours),ours,2,109,250,sparse_tail,Sparse tail 2700-3000 keV,13,47,68,13.937157149425444,16.089524421592152
Density-guided CNP (ours),ours,2,100,500,full,Full 500-3000 keV,442,58,114299,4.482120291308707,6.011288018018305
Density-guided CNP (ours),ours,2,100,500,DEP,Tl-208 DEP 1592 keV,6,0,1323,2.8111835300783556,3.379230560318818
Density-guided CNP (ours),ours,2,100,500,Bi-214,Bi-212 1620.74-keV feature,6,0,1361,2.508602933968008,2.9807325612163753
Density-guided CNP (ours),ours,2,100,500,continuum_1700_2000,Continuum 1700-2000 keV,60,0,8230,5.014675845789506,5.686094149414108
Density-guided CNP (ours),ours,2,100,500,SE,Tl-208 SE 2103 keV,6,0,2023,3.2993140797133345,4.477694999516486
Density-guided CNP (ours),ours,2,100,500,continuum_2200_2400,Continuum 2200-2400 keV,40,0,9093,3.0248155238951107,3.62246915374974
Density-guided CNP (ours),ours,2,100,500,FE,Tl-208 FE 2614 keV,5,1,8709,4.463079113451491,5.413098666723175
Density-guided CNP (ours),ours,2,100,500,sparse_tail,Sparse tail 2700-3000 keV,13,47,68,15.342519278424248,18.29163465841582
Density-guided CNP (ours),ours,2,101,500,full,Full 500-3000 keV,442,58,114299,4.345300987064442,5.505719810372038
Density-guided CNP (ours),ours,2,101,500,DEP,Tl-208 DEP 1592 keV,6,0,1323,2.785435193321108,3.6022410197553714
Density-guided CNP (ours),ours,2,101,500,Bi-214,Bi-212 1620.74-keV feature,6,0,1361,2.742534665364553,3.4286605613454126
Density-guided CNP (ours),ours,2,101,500,continuum_1700_2000,Continuum 1700-2000 keV,60,0,8230,5.285268745988429,5.9586606779840405
Density-guided CNP (ours),ours,2,101,500,SE,Tl-208 SE 2103 keV,6,0,2023,3.3100688221255647,4.5129739359255225
Density-guided CNP (ours),ours,2,101,500,continuum_2200_2400,Continuum 2200-2400 keV,40,0,9093,3.118503157750381,3.803373001681339
Density-guided CNP (ours),ours,2,101,500,FE,Tl-208 FE 2614 keV,5,1,8709,5.559523921652902,6.592851092822462
Density-guided CNP (ours),ours,2,101,500,sparse_tail,Sparse tail 2700-3000 keV,13,47,68,8.710266958846152,11.064004720349656
Density-guided CNP (ours),ours,2,102,500,full,Full 500-3000 keV,442,58,114299,4.36141984712373,5.587254257140336
Density-guided CNP (ours),ours,2,102,500,DEP,Tl-208 DEP 1592 keV,6,0,1323,2.8096752167877606,3.516155779154811
Density-guided CNP (ours),ours,2,102,500,Bi-214,Bi-212 1620.74-keV feature,6,0,1361,2.6021870931473523,2.946216379748618
Density-guided CNP (ours),ours,2,102,500,continuum_1700_2000,Continuum 1700-2000 keV,60,0,8230,5.204976632255133,5.869425371005659
Density-guided CNP (ours),ours,2,102,500,SE,Tl-208 SE 2103 keV,6,0,2023,3.287126126570663,4.430479329382342
Density-guided CNP (ours),ours,2,102,500,continuum_2200_2400,Continuum 2200-2400 keV,40,0,9093,3.042082900134968,3.6647965598507573
Density-guided CNP (ours),ours,2,102,500,FE,Tl-208 FE 2614 keV,5,1,8709,4.384487431206343,5.811193191895195
Density-guided CNP (ours),ours,2,102,500,sparse_tail,Sparse tail 2700-3000 keV,13,47,68,9.913833469925676,12.760944438412917
Density-guided CNP (ours),ours,2,103,500,full,Full 500-3000 keV,442,58,114299,4.751828002109275,6.587562609291671
Density-guided CNP (ours),ours,2,103,500,DEP,Tl-208 DEP 1592 keV,6,0,1323,2.7801038259052206,3.3894016797586253
Density-guided CNP (ours),ours,2,103,500,Bi-214,Bi-212 1620.74-keV feature,6,0,1361,2.524394063502346,2.9266905690699536
Density-guided CNP (ours),ours,2,103,500,continuum_1700_2000,Continuum 1700-2000 keV,60,0,8230,5.144137038798442,5.8161416574974805
Density-guided CNP (ours),ours,2,103,500,SE,Tl-208 SE 2103 keV,6,0,2023,3.326882964739089,4.680653376666878
Density-guided CNP (ours),ours,2,103,500,continuum_2200_2400,Continuum 2200-2400 keV,40,0,9093,3.0063374061193047,3.589824806691342
Density-guided CNP (ours),ours,2,103,500,FE,Tl-208 FE 2614 keV,5,1,8709,4.357090156760292,5.389532774467101
Density-guided CNP (ours),ours,2,103,500,sparse_tail,Sparse tail 2700-3000 keV,13,47,68,22.028038206895733,23.418116544479737
Density-guided CNP (ours),ours,2,104,500,full,Full 500-3000 keV,442,58,114299,4.436744410247558,5.849049993048914
Density-guided CNP (ours),ours,2,104,500,DEP,Tl-208 DEP 1592 keV,6,0,1323,2.7760374454772845,3.602363650172369
Density-guided CNP (ours),ours,2,104,500,Bi-214,Bi-212 1620.74-keV feature,6,0,1361,2.7621118119504424,3.5253563560611765
Density-guided CNP (ours),ours,2,104,500,continuum_1700_2000,Continuum 1700-2000 keV,60,0,8230,5.29022737054108,5.963674623124255
Density-guided CNP (ours),ours,2,104,500,SE,Tl-208 SE 2103 keV,6,0,2023,3.3119728783531333,4.513388135988457
Density-guided CNP (ours),ours,2,104,500,continuum_2200_2400,Continuum 2200-2400 keV,40,0,9093,3.0761098741093553,3.7247020118011105
Density-guided CNP (ours),ours,2,104,500,FE,Tl-208 FE 2614 keV,5,1,8709,4.279180347920933,5.675770591617891
Density-guided CNP (ours),ours,2,104,500,sparse_tail,Sparse tail 2700-3000 keV,13,47,68,11.561254602418334,15.23144444675881
Density-guided CNP (ours),ours,2,105,500,full,Full 500-3000 keV,442,58,114299,4.8148140343664805,6.859207323035286
Density-guided CNP (ours),ours,2,105,500,DEP,Tl-208 DEP 1592 keV,6,0,1323,2.805712437897874,3.496903677599276
Density-guided CNP (ours),ours,2,105,500,Bi-214,Bi-212 1620.74-keV feature,6,0,1361,2.588080762066995,2.9138555545392286
Density-guided CNP (ours),ours,2,105,500,continuum_1700_2000,Continuum 1700-2000 keV,60,0,8230,5.233323120036569,5.904309710655165
Density-guided CNP (ours),ours,2,105,500,SE,Tl-208 SE 2103 keV,6,0,2023,3.32178441203562,4.612949106153256
Density-guided CNP (ours),ours,2,105,500,continuum_2200_2400,Continuum 2200-2400 keV,40,0,9093,3.0185243228908973,3.611695667818292
Density-guided CNP (ours),ours,2,105,500,FE,Tl-208 FE 2614 keV,5,1,8709,4.728497817814386,5.512285354848642
Density-guided CNP (ours),ours,2,105,500,sparse_tail,Sparse tail 2700-3000 keV,13,47,68,24.01704570780825,25.721239579356464
Density-guided CNP (ours),ours,2,106,500,full,Full 500-3000 keV,442,58,114299,4.4734510759890425,5.936145618510357
Density-guided CNP (ours),ours,2,106,500,DEP,Tl-208 DEP 1592 keV,6,0,1323,2.8108913137016414,3.520449831140709
Density-guided CNP (ours),ours,2,106,500,Bi-214,Bi-212 1620.74-keV feature,6,0,1361,2.601679416259205,2.946365579334659
Density-guided CNP (ours),ours,2,106,500,continuum_1700_2000,Continuum 1700-2000 keV,60,0,8230,5.23177490688399,5.9033050462866985
Density-guided CNP (ours),ours,2,106,500,SE,Tl-208 SE 2103 keV,6,0,2023,3.3244915566586313,4.669222828882053
Density-guided CNP (ours),ours,2,106,500,continuum_2200_2400,Continuum 2200-2400 keV,40,0,9093,3.013922978186239,3.6098653634392055
Density-guided CNP (ours),ours,2,106,500,FE,Tl-208 FE 2614 keV,5,1,8709,4.261135633694401,5.4028767839765734
Density-guided CNP (ours),ours,2,106,500,sparse_tail,Sparse tail 2700-3000 keV,13,47,68,12.668130102862026,16.363714908224885
Density-guided CNP (ours),ours,2,107,500,full,Full 500-3000 keV,442,58,114299,4.781174213347268,6.684459334915063
Density-guided CNP (ours),ours,2,107,500,DEP,Tl-208 DEP 1592 keV,6,0,1323,2.795355086870392,3.5963857944930107
Density-guided CNP (ours),ours,2,107,500,Bi-214,Bi-212 1620.74-keV feature,6,0,1361,2.717173044262334,3.3192614868714014
Density-guided CNP (ours),ours,2,107,500,continuum_1700_2000,Continuum 1700-2000 keV,60,0,8230,5.292242706938017,5.967493669429479
Density-guided CNP (ours),ours,2,107,500,SE,Tl-208 SE 2103 keV,6,0,2023,3.3270003843212868,4.5818917059278
Density-guided CNP (ours),ours,2,107,500,continuum_2200_2400,Continuum 2200-2400 keV,40,0,9093,3.0581556305038182,3.697317639786842
Density-guided CNP (ours),ours,2,107,500,FE,Tl-208 FE 2614 keV,5,1,8709,4.175874299826281,5.546703942593103
Density-guided CNP (ours),ours,2,107,500,sparse_tail,Sparse tail 2700-3000 keV,13,47,68,22.63094311259114,24.071980905230824
Density-guided CNP (ours),ours,2,108,500,full,Full 500-3000 keV,442,58,114299,4.465481192410083,5.795139155891513
Density-guided CNP (ours),ours,2,108,500,DEP,Tl-208 DEP 1592 keV,6,0,1323,2.808313647411648,3.5683726235110127
Density-guided CNP (ours),ours,2,108,500,Bi-214,Bi-212 1620.74-keV feature,6,0,1361,2.6341959715969683,3.0301686121350193
Density-guided CNP (ours),ours,2,108,500,continuum_1700_2000,Continuum 1700-2000 keV,60,0,8230,5.2643304248866345,5.937556883110742
Density-guided CNP (ours),ours,2,108,500,SE,Tl-208 SE 2103 keV,6,0,2023,3.329049326256977,4.6082215099508055
Density-guided CNP (ours),ours,2,108,500,continuum_2200_2400,Continuum 2200-2400 keV,40,0,9093,3.0612466757776358,3.707113823390952
Density-guided CNP (ours),ours,2,108,500,FE,Tl-208 FE 2614 keV,5,1,8709,4.750174724904068,5.982446235323782
Density-guided CNP (ours),ours,2,108,500,sparse_tail,Sparse tail 2700-3000 keV,13,47,68,11.399050788671945,14.393366227804632
Density-guided CNP (ours),ours,2,109,500,full,Full 500-3000 keV,442,58,114299,4.679419175446666,6.434127684321932
Density-guided CNP (ours),ours,2,109,500,DEP,Tl-208 DEP 1592 keV,6,0,1323,2.812728411845207,3.5224418067778025
Density-guided CNP (ours),ours,2,109,500,Bi-214,Bi-212 1620.74-keV feature,6,0,1361,2.59377161532313,2.9292597984773256
Density-guided CNP (ours),ours,2,109,500,continuum_1700_2000,Continuum 1700-2000 keV,60,0,8230,5.190015515594327,5.857669279365996
Density-guided CNP (ours),ours,2,109,500,SE,Tl-208 SE 2103 keV,6,0,2023,3.324883992112614,4.629635265021904
Density-guided CNP (ours),ours,2,109,500,continuum_2200_2400,Continuum 2200-2400 keV,40,0,9093,3.0115506258863936,3.6001260509612583
Density-guided CNP (ours),ours,2,109,500,FE,Tl-208 FE 2614 keV,5,1,8709,4.459197527731259,5.42666714427113
Density-guided CNP (ours),ours,2,109,500,sparse_tail,Sparse tail 2700-3000 keV,13,47,68,20.84706782131412,22.260864327537412
Density-guided CNP (ours),ours,2,100,1000,full,Full 500-3000 keV,442,58,114299,4.590908837863148,6.295694087859843
Density-guided CNP (ours),ours,2,100,1000,DEP,Tl-208 DEP 1592 keV,6,0,1323,2.795909989707694,3.4026415542829445
Density-guided CNP (ours),ours,2,100,1000,Bi-214,Bi-212 1620.74-keV feature,6,0,1361,2.516161750630748,2.902989319609895
Density-guided CNP (ours),ours,2,100,1000,continuum_1700_2000,Continuum 1700-2000 keV,60,0,8230,5.07939877567071,5.745473753971346
Density-guided CNP (ours),ours,2,100,1000,SE,Tl-208 SE 2103 keV,6,0,2023,3.267607472731373,4.35544106796076
Density-guided CNP (ours),ours,2,100,1000,continuum_2200_2400,Continuum 2200-2400 keV,40,0,9093,3.0444199669070895,3.653704035232958
Density-guided CNP (ours),ours,2,100,1000,FE,Tl-208 FE 2614 keV,5,1,8709,4.457436275194633,5.423550966610677
Density-guided CNP (ours),ours,2,100,1000,sparse_tail,Sparse tail 2700-3000 keV,13,47,68,17.443926079548547,20.67465786021616
Density-guided CNP (ours),ours,2,101,1000,full,Full 500-3000 keV,442,58,114299,4.3932269891809375,5.710895837477572
Density-guided CNP (ours),ours,2,101,1000,DEP,Tl-208 DEP 1592 keV,6,0,1323,2.8158097778179347,3.568637647879722
Density-guided CNP (ours),ours,2,101,1000,Bi-214,Bi-212 1620.74-keV feature,6,0,1361,2.636276928838446,3.0487304146645835
Density-guided CNP (ours),ours,2,101,1000,continuum_1700_2000,Continuum 1700-2000 keV,60,0,8230,5.225417822910876,5.889200401570428
Density-guided CNP (ours),ours,2,101,1000,SE,Tl-208 SE 2103 keV,6,0,2023,3.289198569282528,4.196938994641351
Density-guided CNP (ours),ours,2,101,1000,continuum_2200_2400,Continuum 2200-2400 keV,40,0,9093,3.234792622174406,3.9731090305608174
Density-guided CNP (ours),ours,2,101,1000,FE,Tl-208 FE 2614 keV,5,1,8709,4.797345605287842,6.030442565348981
Density-guided CNP (ours),ours,2,101,1000,sparse_tail,Sparse tail 2700-3000 keV,13,47,68,10.770499444559817,14.108664451657093
Density-guided CNP (ours),ours,2,102,1000,full,Full 500-3000 keV,442,58,114299,4.361771006013602,5.513460852027856
Density-guided CNP (ours),ours,2,102,1000,DEP,Tl-208 DEP 1592 keV,6,0,1323,2.813076514960862,3.487836144933358
Density-guided CNP (ours),ours,2,102,1000,Bi-214,Bi-212 1620.74-keV feature,6,0,1361,2.571717600968924,2.8939090421374756
Density-guided CNP (ours),ours,2,102,1000,continuum_1700_2000,Continuum 1700-2000 keV,60,0,8230,5.19626777646601,5.861999023649687
Density-guided CNP (ours),ours,2,102,1000,SE,Tl-208 SE 2103 keV,6,0,2023,3.2966982375865856,4.43949730291415
Density-guided CNP (ours),ours,2,102,1000,continuum_2200_2400,Continuum 2200-2400 keV,40,0,9093,3.0902798495742076,3.7537792576946867
Density-guided CNP (ours),ours,2,102,1000,FE,Tl-208 FE 2614 keV,5,1,8709,6.160272136285523,7.081889280130888
Density-guided CNP (ours),ours,2,102,1000,sparse_tail,Sparse tail 2700-3000 keV,13,47,68,9.266744125938182,11.529466203070761
Density-guided CNP (ours),ours,2,103,1000,full,Full 500-3000 keV,442,58,114299,4.623353562296135,6.316984204124237
Density-guided CNP (ours),ours,2,103,1000,DEP,Tl-208 DEP 1592 keV,6,0,1323,2.8116194376125407,3.4738300683706673
Density-guided CNP (ours),ours,2,103,1000,Bi-214,Bi-212 1620.74-keV feature,6,0,1361,2.56058173534363,2.8827142961922307
Density-guided CNP (ours),ours,2,103,1000,continuum_1700_2000,Continuum 1700-2000 keV,60,0,8230,5.168589477503778,5.8330115987352285
Density-guided CNP (ours),ours,2,103,1000,SE,Tl-208 SE 2103 keV,6,0,2023,3.3104638321633804,4.485608116164064
Density-guided CNP (ours),ours,2,103,1000,continuum_2200_2400,Continuum 2200-2400 keV,40,0,9093,3.023225801753927,3.618534678410691
Density-guided CNP (ours),ours,2,103,1000,FE,Tl-208 FE 2614 keV,5,1,8709,4.356258575937757,5.422255917603609
Density-guided CNP (ours),ours,2,103,1000,sparse_tail,Sparse tail 2700-3000 keV,13,47,68,17.29420920868985,20.45737910362831
Density-guided CNP (ours),ours,2,104,1000,full,Full 500-3000 keV,442,58,114299,4.4539664113464426,5.860090432136399
Density-guided CNP (ours),ours,2,104,1000,DEP,Tl-208 DEP 1592 keV,6,0,1323,2.788471560431747,3.594484432714218
Density-guided CNP (ours),ours,2,104,1000,Bi-214,Bi-212 1620.74-keV feature,6,0,1361,2.738875801212495,3.4518980999044935
Density-guided CNP (ours),ours,2,104,1000,continuum_1700_2000,Continuum 1700-2000 keV,60,0,8230,5.285466547047523,5.957759167998552
Density-guided CNP (ours),ours,2,104,1000,SE,Tl-208 SE 2103 keV,6,0,2023,3.3151658097783123,4.5029023467051115
Density-guided CNP (ours),ours,2,104,1000,continuum_2200_2400,Continuum 2200-2400 keV,40,0,9093,3.0580181035223317,3.6910684665837947
Density-guided CNP (ours),ours,2,104,1000,FE,Tl-208 FE 2614 keV,5,1,8709,4.148148116956722,5.537520497783221
Density-guided CNP (ours),ours,2,104,1000,sparse_tail,Sparse tail 2700-3000 keV,13,47,68,11.680701553744678,15.239867980181296
Density-guided CNP (ours),ours,2,105,1000,full,Full 500-3000 keV,442,58,114299,4.822612649876944,6.841545804250174
Density-guided CNP (ours),ours,2,105,1000,DEP,Tl-208 DEP 1592 keV,6,0,1323,2.8174863169300775,3.52489394715301
Density-guided CNP (ours),ours,2,105,1000,Bi-214,Bi-212 1620.74-keV feature,6,0,1361,2.5966111326687082,2.940908662556567
Density-guided CNP (ours),ours,2,105,1000,continuum_1700_2000,Continuum 1700-2000 keV,60,0,8230,5.229103919970131,5.896788659473126
Density-guided CNP (ours),ours,2,105,1000,SE,Tl-208 SE 2103 keV,6,0,2023,3.309486315039259,4.487203535782453
Density-guided CNP (ours),ours,2,105,1000,continuum_2200_2400,Continuum 2200-2400 keV,40,0,9093,3.0354973883362453,3.642309396225421
Density-guided CNP (ours),ours,2,105,1000,FE,Tl-208 FE 2614 keV,5,1,8709,4.436067009212802,5.43847752879842
Density-guided CNP (ours),ours,2,105,1000,sparse_tail,Sparse tail 2700-3000 keV,13,47,68,23.99788096475077,25.506030314423988
Density-guided CNP (ours),ours,2,106,1000,full,Full 500-3000 keV,442,58,114299,4.443374675307408,5.854653077242188
Density-guided CNP (ours),ours,2,106,1000,DEP,Tl-208 DEP 1592 keV,6,0,1323,2.8190952302714662,3.4958346187229807
Density-guided CNP (ours),ours,2,106,1000,Bi-214,Bi-212 1620.74-keV feature,6,0,1361,2.5677513031101054,2.8925443845364134
Density-guided CNP (ours),ours,2,106,1000,continuum_1700_2000,Continuum 1700-2000 keV,60,0,8230,5.17852741433012,5.8456321387324905
Density-guided CNP (ours),ours,2,106,1000,SE,Tl-208 SE 2103 keV,6,0,2023,3.3275723035025053,4.579006476824479
Density-guided CNP (ours),ours,2,106,1000,continuum_2200_2400,Continuum 2200-2400 keV,40,0,9093,3.0149008665077646,3.6063678930708853
Density-guided CNP (ours),ours,2,106,1000,FE,Tl-208 FE 2614 keV,5,1,8709,4.268023226878109,5.449922794223376
Density-guided CNP (ours),ours,2,106,1000,sparse_tail,Sparse tail 2700-3000 keV,13,47,68,11.540293397979639,15.396977252118466
Density-guided CNP (ours),ours,2,107,1000,full,Full 500-3000 keV,442,58,114299,4.421293446448987,5.756740326940676
Density-guided CNP (ours),ours,2,107,1000,DEP,Tl-208 DEP 1592 keV,6,0,1323,2.813003991570177,3.5695469719834874
Density-guided CNP (ours),ours,2,107,1000,Bi-214,Bi-212 1620.74-keV feature,6,0,1361,2.656246492994165,3.113609482523268
Density-guided CNP (ours),ours,2,107,1000,continuum_1700_2000,Continuum 1700-2000 keV,60,0,8230,5.286547625140199,5.961037729164059
Density-guided CNP (ours),ours,2,107,1000,SE,Tl-208 SE 2103 keV,6,0,2023,3.32936346841446,4.569758969260708
Density-guided CNP (ours),ours,2,107,1000,continuum_2200_2400,Continuum 2200-2400 keV,40,0,9093,3.067545031910497,3.713973590592424
Density-guided CNP (ours),ours,2,107,1000,FE,Tl-208 FE 2614 keV,5,1,8709,4.889584413531536,6.09741503906675
Density-guided CNP (ours),ours,2,107,1000,sparse_tail,Sparse tail 2700-3000 keV,13,47,68,11.205360099956028,14.497193427180344
Density-guided CNP (ours),ours,2,108,1000,full,Full 500-3000 keV,442,58,114299,4.448152886084455,5.789335028061589
Density-guided CNP (ours),ours,2,108,1000,DEP,Tl-208 DEP 1592 keV,6,0,1323,2.817183516691833,3.492954089205722
Density-guided CNP (ours),ours,2,108,1000,Bi-214,Bi-212 1620.74-keV feature,6,0,1361,2.560596656704873,2.88198862981178
Density-guided CNP (ours),ours,2,108,1000,continuum_1700_2000,Continuum 1700-2000 keV,60,0,8230,5.187677811386683,5.856965030487889
Density-guided CNP (ours),ours,2,108,1000,SE,Tl-208 SE 2103 keV,6,0,2023,3.3264734541198235,4.548911360709025
Density-guided CNP (ours),ours,2,108,1000,continuum_2200_2400,Continuum 2200-2400 keV,40,0,9093,3.071916664236365,3.7237061535391205
Density-guided CNP (ours),ours,2,108,1000,FE,Tl-208 FE 2614 keV,5,1,8709,4.856015922879094,6.061158076471395
Density-guided CNP (ours),ours,2,108,1000,sparse_tail,Sparse tail 2700-3000 keV,13,47,68,11.414365118605499,14.636600843849088
Density-guided CNP (ours),ours,2,109,1000,full,Full 500-3000 keV,442,58,114299,4.696543958375678,6.428646268947234
Density-guided CNP (ours),ours,2,109,1000,DEP,Tl-208 DEP 1592 keV,6,0,1323,2.8220742876554517,3.5304134024739504
Density-guided CNP (ours),ours,2,109,1000,Bi-214,Bi-212 1620.74-keV feature,6,0,1361,2.5921958920409094,2.9358226185860183
Density-guided CNP (ours),ours,2,109,1000,continuum_1700_2000,Continuum 1700-2000 keV,60,0,8230,5.186123794828717,5.850284642256835
Density-guided CNP (ours),ours,2,109,1000,SE,Tl-208 SE 2103 keV,6,0,2023,3.289045229675348,4.413956620211026
Density-guided CNP (ours),ours,2,109,1000,continuum_2200_2400,Continuum 2200-2400 keV,40,0,9093,3.0438920531423546,3.658643493376109
Density-guided CNP (ours),ours,2,109,1000,FE,Tl-208 FE 2614 keV,5,1,8709,4.216272949204323,5.483062948125622
Density-guided CNP (ours),ours,2,109,1000,sparse_tail,Sparse tail 2700-3000 keV,13,47,68,20.68117110917256,22.02201781670886
Density-guided CNP (ours),ours,2,100,2000,full,Full 500-3000 keV,442,58,114299,4.476597221091559,5.972929269031421
Density-guided CNP (ours),ours,2,100,2000,DEP,Tl-208 DEP 1592 keV,6,0,1323,2.7993502303621893,3.498847020999845
Density-guided CNP (ours),ours,2,100,2000,Bi-214,Bi-212 1620.74-keV feature,6,0,1361,2.585012631188511,2.907807649729359
Density-guided CNP (ours),ours,2,100,2000,continuum_1700_2000,Continuum 1700-2000 keV,60,0,8230,5.232503859822982,5.902147680174603
Density-guided CNP (ours),ours,2,100,2000,SE,Tl-208 SE 2103 keV,6,0,2023,3.3353068722603276,4.5644482728990505
Density-guided CNP (ours),ours,2,100,2000,continuum_2200_2400,Continuum 2200-2400 keV,40,0,9093,3.0343246663526733,3.639411218048516
Density-guided CNP (ours),ours,2,100,2000,FE,Tl-208 FE 2614 keV,5,1,8709,4.394038491232097,5.456283233494227
Density-guided CNP (ours),ours,2,100,2000,sparse_tail,Sparse tail 2700-3000 keV,13,47,68,12.839340068625521,16.8232318459736
Density-guided CNP (ours),ours,2,101,2000,full,Full 500-3000 keV,442,58,114299,4.461970032120004,5.950120517325344
Density-guided CNP (ours),ours,2,101,2000,DEP,Tl-208 DEP 1592 keV,6,0,1323,2.80326085618489,3.5475690931370982
Density-guided CNP (ours),ours,2,101,2000,Bi-214,Bi-212 1620.74-keV feature,6,0,1361,2.6117074191864016,2.9745656139677874
Density-guided CNP (ours),ours,2,101,2000,continuum_1700_2000,Continuum 1700-2000 keV,60,0,8230,5.231779169056299,5.898312108523892
Density-guided CNP (ours),ours,2,101,2000,SE,Tl-208 SE 2103 keV,6,0,2023,3.2862539255737144,4.393838514702559
Density-guided CNP (ours),ours,2,101,2000,continuum_2200_2400,Continuum 2200-2400 keV,40,0,9093,3.0900156791333417,3.731381041956334
Density-guided CNP (ours),ours,2,101,2000,FE,Tl-208 FE 2614 keV,5,1,8709,4.22561876980968,5.491270374714521
Density-guided CNP (ours),ours,2,101,2000,sparse_tail,Sparse tail 2700-3000 keV,13,47,68,12.366953337952017,16.50163616801445
Density-guided CNP (ours),ours,2,102,2000,full,Full 500-3000 keV,442,58,114299,4.4270502061789845,5.731417585117996
Density-guided CNP (ours),ours,2,102,2000,DEP,Tl-208 DEP 1592 keV,6,0,1323,2.8007229882179256,3.5081621105048875
Density-guided CNP (ours),ours,2,102,2000,Bi-214,Bi-212 1620.74-keV feature,6,0,1361,2.5859663369476444,2.912457817271956
Density-guided CNP (ours),ours,2,102,2000,continuum_1700_2000,Continuum 1700-2000 keV,60,0,8230,5.220288621519115,5.887465745428698
Density-guided CNP (ours),ours,2,102,2000,SE,Tl-208 SE 2103 keV,6,0,2023,3.309837941443468,4.464699827335217
Density-guided CNP (ours),ours,2,102,2000,continuum_2200_2400,Continuum 2200-2400 keV,40,0,9093,3.0650823158397076,3.6968776970508386
Density-guided CNP (ours),ours,2,102,2000,FE,Tl-208 FE 2614 keV,5,1,8709,4.422738490395202,5.838260137951817
Density-guided CNP (ours),ours,2,102,2000,sparse_tail,Sparse tail 2700-3000 keV,13,47,68,10.890987778778152,14.046860651419795
Density-guided CNP (ours),ours,2,103,2000,full,Full 500-3000 keV,442,58,114299,4.461538951368093,5.955602734058935
Density-guided CNP (ours),ours,2,103,2000,DEP,Tl-208 DEP 1592 keV,6,0,1323,2.8011455071150975,3.5016451100360606
Density-guided CNP (ours),ours,2,103,2000,Bi-214,Bi-212 1620.74-keV feature,6,0,1361,2.582799310167992,2.905708893746904
Density-guided CNP (ours),ours,2,103,2000,continuum_1700_2000,Continuum 1700-2000 keV,60,0,8230,5.2077012836030105,5.874406523660645
Density-guided CNP (ours),ours,2,103,2000,SE,Tl-208 SE 2103 keV,6,0,2023,3.326172074923849,4.522658488251996
Density-guided CNP (ours),ours,2,103,2000,continuum_2200_2400,Continuum 2200-2400 keV,40,0,9093,3.0324783242500275,3.635614642298309
Density-guided CNP (ours),ours,2,103,2000,FE,Tl-208 FE 2614 keV,5,1,8709,4.317205782301317,5.464987066125445
Density-guided CNP (ours),ours,2,103,2000,sparse_tail,Sparse tail 2700-3000 keV,13,47,68,12.474112536680906,16.60940129931941
Density-guided CNP (ours),ours,2,104,2000,full,Full 500-3000 keV,442,58,114299,4.480384384686423,5.925430185288243
Density-guided CNP (ours),ours,2,104,2000,DEP,Tl-208 DEP 1592 keV,6,0,1323,2.7947606500926243,3.5820160634614635
Density-guided CNP (ours),ours,2,104,2000,Bi-214,Bi-212 1620.74-keV feature,6,0,1361,2.6775854845399434,3.1902044282437307
Density-guided CNP (ours),ours,2,104,2000,continuum_1700_2000,Continuum 1700-2000 keV,60,0,8230,5.280945300579819,5.953042552550268
Density-guided CNP (ours),ours,2,104,2000,SE,Tl-208 SE 2103 keV,6,0,2023,3.328955890163992,4.532231522873854
Density-guided CNP (ours),ours,2,104,2000,continuum_2200_2400,Continuum 2200-2400 keV,40,0,9093,3.0434316395451377,3.6589201357907317
Density-guided CNP (ours),ours,2,104,2000,FE,Tl-208 FE 2614 keV,5,1,8709,4.2447476642290045,5.493096806254827
Density-guided CNP (ours),ours,2,104,2000,sparse_tail,Sparse tail 2700-3000 keV,13,47,68,12.188068297568718,15.907897255857842
Density-guided CNP (ours),ours,2,105,2000,full,Full 500-3000 keV,442,58,114299,4.47983555149479,5.929741616407173
Density-guided CNP (ours),ours,2,105,2000,DEP,Tl-208 DEP 1592 keV,6,0,1323,2.801854128828955,3.5267424201190467
Density-guided CNP (ours),ours,2,105,2000,Bi-214,Bi-212 1620.74-keV feature,6,0,1361,2.600433041040089,2.9443951839283935
Density-guided CNP (ours),ours,2,105,2000,continuum_1700_2000,Continuum 1700-2000 keV,60,0,8230,5.243825635937519,5.913578499439671
Density-guided CNP (ours),ours,2,105,2000,SE,Tl-208 SE 2103 keV,6,0,2023,3.332735794449096,4.558252003676969
Density-guided CNP (ours),ours,2,105,2000,continuum_2200_2400,Continuum 2200-2400 keV,40,0,9093,3.0334486111601007,3.6390865827329506
Density-guided CNP (ours),ours,2,105,2000,FE,Tl-208 FE 2614 keV,5,1,8709,4.2933871892855064,5.486606829193089
Density-guided CNP (ours),ours,2,105,2000,sparse_tail,Sparse tail 2700-3000 keV,13,47,68,12.47440612587544,16.22452782047144
Density-guided CNP (ours),ours,2,106,2000,full,Full 500-3000 keV,442,58,114299,4.441256542228718,5.800840940204417
Density-guided CNP (ours),ours,2,106,2000,DEP,Tl-208 DEP 1592 keV,6,0,1323,2.8023888424449455,3.5387392463106613
Density-guided CNP (ours),ours,2,106,2000,Bi-214,Bi-212 1620.74-keV feature,6,0,1361,2.6102828795165336,2.969181240150043
Density-guided CNP (ours),ours,2,106,2000,continuum_1700_2000,Continuum 1700-2000 keV,60,0,8230,5.232494905382256,5.900458283468538
Density-guided CNP (ours),ours,2,106,2000,SE,Tl-208 SE 2103 keV,6,0,2023,3.3302365560467666,4.543834419871157
Density-guided CNP (ours),ours,2,106,2000,continuum_2200_2400,Continuum 2200-2400 keV,40,0,9093,3.029106376689894,3.629474357635909
Density-guided CNP (ours),ours,2,106,2000,FE,Tl-208 FE 2614 keV,5,1,8709,4.268641881133853,5.513911526244695
Density-guided CNP (ours),ours,2,106,2000,sparse_tail,Sparse tail 2700-3000 keV,13,47,68,11.341670851628214,14.808544696857268
Density-guided CNP (ours),ours,2,107,2000,full,Full 500-3000 keV,442,58,114299,4.439562687464471,5.791160562055491
Density-guided CNP (ours),ours,2,107,2000,DEP,Tl-208 DEP 1592 keV,6,0,1323,2.7981097295978974,3.514535702078468
Density-guided CNP (ours),ours,2,107,2000,Bi-214,Bi-212 1620.74-keV feature,6,0,1361,2.599709834402861,2.938066491723293
Density-guided CNP (ours),ours,2,107,2000,continuum_1700_2000,Continuum 1700-2000 keV,60,0,8230,5.253684751633501,5.9244723562712736
Density-guided CNP (ours),ours,2,107,2000,SE,Tl-208 SE 2103 keV,6,0,2023,3.330149362084547,4.532628900270751
Density-guided CNP (ours),ours,2,107,2000,continuum_2200_2400,Continuum 2200-2400 keV,40,0,9093,3.0608824782294075,3.6925769405231055
Density-guided CNP (ours),ours,2,107,2000,FE,Tl-208 FE 2614 keV,5,1,8709,4.3175262132253485,5.728057704250057
Density-guided CNP (ours),ours,2,107,2000,sparse_tail,Sparse tail 2700-3000 keV,13,47,68,11.683403122182492,14.841050162855671
Density-guided CNP (ours),ours,2,108,2000,full,Full 500-3000 keV,442,58,114299,4.4474259418398905,5.821949912721889
Density-guided CNP (ours),ours,2,108,2000,DEP,Tl-208 DEP 1592 keV,6,0,1323,2.799134340799479,3.477323830716863
Density-guided CNP (ours),ours,2,108,2000,Bi-214,Bi-212 1620.74-keV feature,6,0,1361,2.5595415967681614,2.874739312523173
Density-guided CNP (ours),ours,2,108,2000,continuum_1700_2000,Continuum 1700-2000 keV,60,0,8230,5.182263203286429,5.849298208922506
Density-guided CNP (ours),ours,2,108,2000,SE,Tl-208 SE 2103 keV,6,0,2023,3.3184819825420937,4.490426603522747
Density-guided CNP (ours),ours,2,108,2000,continuum_2200_2400,Continuum 2200-2400 keV,40,0,9093,3.0847484730393746,3.731202821936177
Density-guided CNP (ours),ours,2,108,2000,FE,Tl-208 FE 2614 keV,5,1,8709,4.369314251438939,5.793532780688978
Density-guided CNP (ours),ours,2,108,2000,sparse_tail,Sparse tail 2700-3000 keV,13,47,68,11.748443589833544,15.168817056929484
Density-guided CNP (ours),ours,2,109,2000,full,Full 500-3000 keV,442,58,114299,4.516234830582248,5.9925953575559605
Density-guided CNP (ours),ours,2,109,2000,DEP,Tl-208 DEP 1592 keV,6,0,1323,2.804903332517146,3.531227342357146
Density-guided CNP (ours),ours,2,109,2000,Bi-214,Bi-212 1620.74-keV feature,6,0,1361,2.6002688827042846,2.9431490505396556
Density-guided CNP (ours),ours,2,109,2000,continuum_1700_2000,Continuum 1700-2000 keV,60,0,8230,5.221274178495569,5.888717212348837
Density-guided CNP (ours),ours,2,109,2000,SE,Tl-208 SE 2103 keV,6,0,2023,3.3204458388732214,4.500743662487437
Density-guided CNP (ours),ours,2,109,2000,continuum_2200_2400,Continuum 2200-2400 keV,40,0,9093,3.0410368385646027,3.6522431215228335
Density-guided CNP (ours),ours,2,109,2000,FE,Tl-208 FE 2614 keV,5,1,8709,4.237547377701691,5.527767435273513
Density-guided CNP (ours),ours,2,109,2000,sparse_tail,Sparse tail 2700-3000 keV,13,47,68,14.463964060788925,17.36198755220353
