method,architecture_id,training_budget,training_seed,context_seed,context_size,region_id,region,valid_bin_count,excluded_bin_count,events_in_valid_bins,mae_percentage_points,rmse_percentage_points
CNP,m0,18866,0,100,500,full,Full 500-3000 keV,442,58,114299,4.773334275049495,6.550354661371979
CNP,m0,18866,0,100,500,DEP,Tl-208 DEP 1592 keV,6,0,1323,6.856362945410672,10.643888062720189
CNP,m0,18866,0,100,500,Bi-214,Bi-212 1620.74-keV feature,6,0,1361,8.976780328865582,12.868034910948142
CNP,m0,18866,0,100,500,continuum_1700_2000,Continuum 1700-2000 keV,60,0,8230,4.408600206175362,5.176430916992104
CNP,m0,18866,0,100,500,SE,Tl-208 SE 2103 keV,6,0,2023,11.022789692658296,15.485546262476724
CNP,m0,18866,0,100,500,continuum_2200_2400,Continuum 2200-2400 keV,40,0,9093,4.786483192835429,5.687276321615101
CNP,m0,18866,0,100,500,FE,Tl-208 FE 2614 keV,5,1,8709,3.8161637267326887,4.494001308047918
CNP,m0,18866,0,100,500,sparse_tail,Sparse tail 2700-3000 keV,13,47,68,9.108065821986235,9.848206894421166
CNP,m0,18866,0,101,500,full,Full 500-3000 keV,442,58,114299,4.759199126307816,6.518744055173792
CNP,m0,18866,0,101,500,DEP,Tl-208 DEP 1592 keV,6,0,1323,6.929088480371987,10.740303774415286
CNP,m0,18866,0,101,500,Bi-214,Bi-212 1620.74-keV feature,6,0,1361,9.049375913393796,12.783821975004258
CNP,m0,18866,0,101,500,continuum_1700_2000,Continuum 1700-2000 keV,60,0,8230,4.33231578849564,5.113905332825299
CNP,m0,18866,0,101,500,SE,Tl-208 SE 2103 keV,6,0,2023,10.774051067097496,15.309642563293885
CNP,m0,18866,0,101,500,continuum_2200_2400,Continuum 2200-2400 keV,40,0,9093,4.978372884499775,5.882714410675037
CNP,m0,18866,0,101,500,FE,Tl-208 FE 2614 keV,5,1,8709,3.931066143818761,4.593850748246901
CNP,m0,18866,0,101,500,sparse_tail,Sparse tail 2700-3000 keV,13,47,68,9.100964255477404,9.835336709400424
CNP,m0,18866,0,102,500,full,Full 500-3000 keV,442,58,114299,4.764886643794231,6.530186857377627
CNP,m0,18866,0,102,500,DEP,Tl-208 DEP 1592 keV,6,0,1323,6.911908865029197,10.716881574939148
CNP,m0,18866,0,102,500,Bi-214,Bi-212 1620.74-keV feature,6,0,1361,9.032731920334976,12.80370545462223
CNP,m0,18866,0,102,500,continuum_1700_2000,Continuum 1700-2000 keV,60,0,8230,4.34883040457189,5.127143291168566
CNP,m0,18866,0,102,500,SE,Tl-208 SE 2103 keV,6,0,2023,10.833289660315874,15.351225921732452
CNP,m0,18866,0,102,500,continuum_2200_2400,Continuum 2200-2400 keV,40,0,9093,4.91974357816928,5.820558070506677
CNP,m0,18866,0,102,500,FE,Tl-208 FE 2614 keV,5,1,8709,3.98212530180012,4.636035817505375
CNP,m0,18866,0,102,500,sparse_tail,Sparse tail 2700-3000 keV,13,47,68,9.01181549630172,9.752552572969382
CNP,m0,18866,0,103,500,full,Full 500-3000 keV,442,58,114299,4.823485172362671,6.652970512971952
CNP,m0,18866,0,103,500,DEP,Tl-208 DEP 1592 keV,6,0,1323,6.628362038153372,10.36594658162879
CNP,m0,18866,0,103,500,Bi-214,Bi-212 1620.74-keV feature,6,0,1361,8.873889194785137,13.15292462915038
CNP,m0,18866,0,103,500,continuum_1700_2000,Continuum 1700-2000 keV,60,0,8230,4.681874031049415,5.443552384615511
CNP,m0,18866,0,103,500,SE,Tl-208 SE 2103 keV,6,0,2023,11.798207903801696,16.04692426233867
CNP,m0,18866,0,103,500,continuum_2200_2400,Continuum 2200-2400 keV,40,0,9093,4.336571844832025,5.217054200168865
CNP,m0,18866,0,103,500,FE,Tl-208 FE 2614 keV,5,1,8709,3.212346953994156,3.804025170667279
CNP,m0,18866,0,103,500,sparse_tail,Sparse tail 2700-3000 keV,13,47,68,9.70994302975984,10.457920744942705
CNP,m0,18866,0,104,500,full,Full 500-3000 keV,442,58,114299,4.769615620115916,6.552779880345022
CNP,m0,18866,0,104,500,DEP,Tl-208 DEP 1592 keV,6,0,1323,6.826694384016657,10.605842076313166
CNP,m0,18866,0,104,500,Bi-214,Bi-212 1620.74-keV feature,6,0,1361,8.94572965921261,12.903677947592248
CNP,m0,18866,0,104,500,continuum_1700_2000,Continuum 1700-2000 keV,60,0,8230,4.446867159789207,5.208951752262958
CNP,m0,18866,0,104,500,SE,Tl-208 SE 2103 keV,6,0,2023,11.128091237010237,15.560924974065244
CNP,m0,18866,0,104,500,continuum_2200_2400,Continuum 2200-2400 keV,40,0,9093,4.744902271768438,5.647449737467596
CNP,m0,18866,0,104,500,FE,Tl-208 FE 2614 keV,5,1,8709,3.5844768905963096,4.301462569219629
CNP,m0,18866,0,104,500,sparse_tail,Sparse tail 2700-3000 keV,13,47,68,9.339263880697596,10.073330311777328
CNP,m0,18866,0,105,500,full,Full 500-3000 keV,442,58,114299,4.8225317683590045,6.645925087218889
CNP,m0,18866,0,105,500,DEP,Tl-208 DEP 1592 keV,6,0,1323,6.661085670400611,10.40348625846629
CNP,m0,18866,0,105,500,Bi-214,Bi-212 1620.74-keV feature,6,0,1361,8.874338643770011,13.110428049271473
CNP,m0,18866,0,105,500,continuum_1700_2000,Continuum 1700-2000 keV,60,0,8230,4.643057648461084,5.400386126093408
CNP,m0,18866,0,105,500,SE,Tl-208 SE 2103 keV,6,0,2023,11.69454595108177,15.970873541493352
CNP,m0,18866,0,105,500,continuum_2200_2400,Continuum 2200-2400 keV,40,0,9093,4.383803960568609,5.261033960370512
CNP,m0,18866,0,105,500,FE,Tl-208 FE 2614 keV,5,1,8709,3.3125805928765075,3.934868626366825
CNP,m0,18866,0,105,500,sparse_tail,Sparse tail 2700-3000 keV,13,47,68,9.572663361016172,10.317594561863856
CNP,m0,18866,0,106,500,full,Full 500-3000 keV,442,58,114299,4.778689416708043,6.568943860044652
CNP,m0,18866,0,106,500,DEP,Tl-208 DEP 1592 keV,6,0,1323,6.797861312544836,10.569174989563052
CNP,m0,18866,0,106,500,Bi-214,Bi-212 1620.74-keV feature,6,0,1361,8.917529088563205,12.93834787216442
CNP,m0,18866,0,106,500,continuum_1700_2000,Continuum 1700-2000 keV,60,0,8230,4.478333053737189,5.236186961167691
CNP,m0,18866,0,106,500,SE,Tl-208 SE 2103 keV,6,0,2023,11.22255250811918,15.62843348624144
CNP,m0,18866,0,106,500,continuum_2200_2400,Continuum 2200-2400 keV,40,0,9093,4.668760566305079,5.565536201836856
CNP,m0,18866,0,106,500,FE,Tl-208 FE 2614 keV,5,1,8709,3.570330006628545,4.285304123615967
CNP,m0,18866,0,106,500,sparse_tail,Sparse tail 2700-3000 keV,13,47,68,9.301088221220514,10.03970692790927
CNP,m0,18866,0,107,500,full,Full 500-3000 keV,442,58,114299,4.822755192709426,6.648958883178638
CNP,m0,18866,0,107,500,DEP,Tl-208 DEP 1592 keV,6,0,1323,6.645625309936236,10.385655290691972
CNP,m0,18866,0,107,500,Bi-214,Bi-212 1620.74-keV feature,6,0,1361,8.874042787966859,13.130221747198464
CNP,m0,18866,0,107,500,continuum_1700_2000,Continuum 1700-2000 keV,60,0,8230,4.660774914953157,5.419827772944745
CNP,m0,18866,0,107,500,SE,Tl-208 SE 2103 keV,6,0,2023,11.742276190656142,16.0057625552443
CNP,m0,18866,0,107,500,continuum_2200_2400,Continuum 2200-2400 keV,40,0,9093,4.360476912696621,5.239176191303884
CNP,m0,18866,0,107,500,FE,Tl-208 FE 2614 keV,5,1,8709,3.2671649907648384,3.8751726791067256
CNP,m0,18866,0,107,500,sparse_tail,Sparse tail 2700-3000 keV,13,47,68,9.632337981297791,10.379539047019737
CNP,m0,18866,0,108,500,full,Full 500-3000 keV,442,58,114299,4.8292408320754525,6.66313336389018
CNP,m0,18866,0,108,500,DEP,Tl-208 DEP 1592 keV,6,0,1323,6.614044888687752,10.349612276642477
CNP,m0,18866,0,108,500,Bi-214,Bi-212 1620.74-keV feature,6,0,1361,8.873951964846881,13.17194238623824
CNP,m0,18866,0,108,500,continuum_1700_2000,Continuum 1700-2000 keV,60,0,8230,4.698248619580484,5.462374320036923
CNP,m0,18866,0,108,500,SE,Tl-208 SE 2103 keV,6,0,2023,11.845789367929054,16.082011126859975
CNP,m0,18866,0,108,500,continuum_2200_2400,Continuum 2200-2400 keV,40,0,9093,4.304445182716651,5.184427116149878
CNP,m0,18866,0,108,500,FE,Tl-208 FE 2614 keV,5,1,8709,3.1937789712443565,3.7797047818898992
CNP,m0,18866,0,108,500,sparse_tail,Sparse tail 2700-3000 keV,13,47,68,9.718641631263816,10.46839488849937
CNP,m0,18866,0,109,500,full,Full 500-3000 keV,442,58,114299,4.7674001001567605,6.539015979500872
CNP,m0,18866,0,109,500,DEP,Tl-208 DEP 1592 keV,6,0,1323,6.881228615711148,10.676516378876157
CNP,m0,18866,0,109,500,Bi-214,Bi-212 1620.74-keV feature,6,0,1361,9.00149585495257,12.839177694259217
CNP,m0,18866,0,109,500,continuum_1700_2000,Continuum 1700-2000 keV,60,0,8230,4.3840851646370265,5.155575315815238
CNP,m0,18866,0,109,500,SE,Tl-208 SE 2103 keV,6,0,2023,10.943223812098168,15.429070307239318
CNP,m0,18866,0,109,500,continuum_2200_2400,Continuum 2200-2400 keV,40,0,9093,4.85103882051747,5.753372079738863
CNP,m0,18866,0,109,500,FE,Tl-208 FE 2614 keV,5,1,8709,3.8346679824555,4.510597098207684
CNP,m0,18866,0,109,500,sparse_tail,Sparse tail 2700-3000 keV,13,47,68,9.137717767188944,9.874165649125684
CNP,m0,18866,1,100,500,full,Full 500-3000 keV,442,58,114299,4.709385089735479,6.367537388824145
CNP,m0,18866,1,100,500,DEP,Tl-208 DEP 1592 keV,6,0,1323,7.17501780916675,11.10863777493803
CNP,m0,18866,1,100,500,Bi-214,Bi-212 1620.74-keV feature,6,0,1361,9.298739222759382,12.515777804153974
CNP,m0,18866,1,100,500,continuum_1700_2000,Continuum 1700-2000 keV,60,0,8230,4.112940587187072,4.9725598132623885
CNP,m0,18866,1,100,500,SE,Tl-208 SE 2103 keV,6,0,2023,10.26405411450539,14.940236029375612
CNP,m0,18866,1,100,500,continuum_2200_2400,Continuum 2200-2400 keV,40,0,9093,5.294493246543321,6.318872598055403
CNP,m0,18866,1,100,500,FE,Tl-208 FE 2614 keV,5,1,8709,6.962673521934351,7.401389798967739
CNP,m0,18866,1,100,500,sparse_tail,Sparse tail 2700-3000 keV,13,47,68,7.071169921202189,8.01597584926181
CNP,m0,18866,1,101,500,full,Full 500-3000 keV,442,58,114299,4.694717545846672,6.358097360791713
CNP,m0,18866,1,101,500,DEP,Tl-208 DEP 1592 keV,6,0,1323,7.147250641825359,11.066792738244148
CNP,m0,18866,1,101,500,Bi-214,Bi-212 1620.74-keV feature,6,0,1361,9.27124030731446,12.543033970209011
CNP,m0,18866,1,101,500,continuum_1700_2000,Continuum 1700-2000 keV,60,0,8230,4.130848360542189,4.9806961576927735
CNP,m0,18866,1,101,500,SE,Tl-208 SE 2103 keV,6,0,2023,10.355174940759984,15.002734314791397
CNP,m0,18866,1,101,500,continuum_2200_2400,Continuum 2200-2400 keV,40,0,9093,5.150519500270207,6.170322918498897
CNP,m0,18866,1,101,500,FE,Tl-208 FE 2614 keV,5,1,8709,6.796647201303345,7.245142234191405
CNP,m0,18866,1,101,500,sparse_tail,Sparse tail 2700-3000 keV,13,47,68,7.147525548118513,8.079333554052539
CNP,m0,18866,1,102,500,full,Full 500-3000 keV,442,58,114299,4.724659802143151,6.3770584343017855
CNP,m0,18866,1,102,500,DEP,Tl-208 DEP 1592 keV,6,0,1323,7.205181417253538,11.154667533259625
CNP,m0,18866,1,102,500,Bi-214,Bi-212 1620.74-keV feature,6,0,1361,9.329667622102995,12.486244770242044
CNP,m0,18866,1,102,500,continuum_1700_2000,Continuum 1700-2000 keV,60,0,8230,4.089427209009068,4.963781257336733
CNP,m0,18866,1,102,500,SE,Tl-208 SE 2103 keV,6,0,2023,10.14881400690704,14.861557945712072
CNP,m0,18866,1,102,500,continuum_2200_2400,Continuum 2200-2400 keV,40,0,9093,5.410585631771882,6.4373215907675805
CNP,m0,18866,1,102,500,FE,Tl-208 FE 2614 keV,5,1,8709,7.073511383867722,7.5057577199660175
CNP,m0,18866,1,102,500,sparse_tail,Sparse tail 2700-3000 keV,13,47,68,7.015818581498435,7.971429851700959
CNP,m0,18866,1,103,500,full,Full 500-3000 keV,442,58,114299,4.652450036540009,6.345176266115087
CNP,m0,18866,1,103,500,DEP,Tl-208 DEP 1592 keV,6,0,1323,7.013487349975351,10.871889400694087
CNP,m0,18866,1,103,500,Bi-214,Bi-212 1620.74-keV feature,6,0,1361,9.1356642576301,12.683492055535314
CNP,m0,18866,1,103,500,continuum_1700_2000,Continuum 1700-2000 keV,60,0,8230,4.239655774598938,5.045964553998247
CNP,m0,18866,1,103,500,SE,Tl-208 SE 2103 keV,6,0,2023,10.842638604996967,15.341973177070958
CNP,m0,18866,1,103,500,continuum_2200_2400,Continuum 2200-2400 keV,40,0,9093,4.583868972763938,5.543986537433275
CNP,m0,18866,1,103,500,FE,Tl-208 FE 2614 keV,5,1,8709,6.016739698980151,6.517939303425381
CNP,m0,18866,1,103,500,sparse_tail,Sparse tail 2700-3000 keV,13,47,68,7.549694670758239,8.420608600784856
CNP,m0,18866,1,104,500,full,Full 500-3000 keV,442,58,114299,4.69214387817188,6.353746706154211
CNP,m0,18866,1,104,500,DEP,Tl-208 DEP 1592 keV,6,0,1323,7.1367203234766485,11.05069246426214
CNP,m0,18866,1,104,500,Bi-214,Bi-212 1620.74-keV feature,6,0,1361,9.260086732145783,12.554412662005973
CNP,m0,18866,1,104,500,continuum_1700_2000,Continuum 1700-2000 keV,60,0,8230,4.137809958027711,4.984085826224397
CNP,m0,18866,1,104,500,SE,Tl-208 SE 2103 keV,6,0,2023,10.409290878992184,15.039525447243642
CNP,m0,18866,1,104,500,continuum_2200_2400,Continuum 2200-2400 keV,40,0,9093,4.991861571952826,5.99622680626243
CNP,m0,18866,1,104,500,FE,Tl-208 FE 2614 keV,5,1,8709,6.51584949620935,6.981979414299517
CNP,m0,18866,1,104,500,sparse_tail,Sparse tail 2700-3000 keV,13,47,68,7.305520982206529,8.209176146823854
CNP,m0,18866,1,105,500,full,Full 500-3000 keV,442,58,114299,4.679970140035446,6.348834642793963
CNP,m0,18866,1,105,500,DEP,Tl-208 DEP 1592 keV,6,0,1323,7.100746529851736,10.99756263735145
CNP,m0,18866,1,105,500,Bi-214,Bi-212 1620.74-keV feature,6,0,1361,9.223649646977917,12.591182076002749
CNP,m0,18866,1,105,500,continuum_1700_2000,Continuum 1700-2000 keV,60,0,8230,4.167318936928844,4.999560131307685
CNP,m0,18866,1,105,500,SE,Tl-208 SE 2103 keV,6,0,2023,10.539810656145464,15.130014839806478
CNP,m0,18866,1,105,500,continuum_2200_2400,Continuum 2200-2400 keV,40,0,9093,4.863386961907457,5.858685353155797
CNP,m0,18866,1,105,500,FE,Tl-208 FE 2614 keV,5,1,8709,6.359633285592706,6.836169230662979
CNP,m0,18866,1,105,500,sparse_tail,Sparse tail 2700-3000 keV,13,47,68,7.3872334602771,8.27791315612174
CNP,m0,18866,1,106,500,full,Full 500-3000 keV,442,58,114299,4.6901488349164255,6.3544241029940745
CNP,m0,18866,1,106,500,DEP,Tl-208 DEP 1592 keV,6,0,1323,7.132378071703456,11.044567566540822
CNP,m0,18866,1,106,500,Bi-214,Bi-212 1620.74-keV feature,6,0,1361,9.256175783605448,12.558301385003842
CNP,m0,18866,1,106,500,continuum_1700_2000,Continuum 1700-2000 keV,60,0,8230,4.141365910968744,4.986036380839305
CNP,m0,18866,1,106,500,SE,Tl-208 SE 2103 keV,6,0,2023,10.409365715821684,15.039923427429958
CNP,m0,18866,1,106,500,continuum_2200_2400,Continuum 2200-2400 keV,40,0,9093,5.052089460762743,6.06831952886277
CNP,m0,18866,1,106,500,FE,Tl-208 FE 2614 keV,5,1,8709,6.642431110776967,7.100412670888094
CNP,m0,18866,1,106,500,sparse_tail,Sparse tail 2700-3000 keV,13,47,68,7.233841976268261,8.150097830812744
CNP,m0,18866,1,107,500,full,Full 500-3000 keV,442,58,114299,4.66306102833083,6.344770231434888
CNP,m0,18866,1,107,500,DEP,Tl-208 DEP 1592 keV,6,0,1323,7.04928729569262,10.922930140744471
CNP,m0,18866,1,107,500,Bi-214,Bi-212 1620.74-keV feature,6,0,1361,9.171946890833295,12.644711183819537
CNP,m0,18866,1,107,500,continuum_1700_2000,Continuum 1700-2000 keV,60,0,8230,4.209294491490257,5.024658299523417
CNP,m0,18866,1,107,500,SE,Tl-208 SE 2103 keV,6,0,2023,10.70639497504652,15.246407081823826
CNP,m0,18866,1,107,500,continuum_2200_2400,Continuum 2200-2400 keV,40,0,9093,4.7226784951947165,5.705523524975121
CNP,m0,18866,1,107,500,FE,Tl-208 FE 2614 keV,5,1,8709,6.207834042784992,6.694880957821538
CNP,m0,18866,1,107,500,sparse_tail,Sparse tail 2700-3000 keV,13,47,68,7.456001541203176,8.338545037691848
CNP,m0,18866,1,108,500,full,Full 500-3000 keV,442,58,114299,4.645891797761668,6.345378391197569
CNP,m0,18866,1,108,500,DEP,Tl-208 DEP 1592 keV,6,0,1323,6.985679428972208,10.832860278541837
CNP,m0,18866,1,108,500,Bi-214,Bi-212 1620.74-keV feature,6,0,1361,9.107764037941768,12.71340185428515
CNP,m0,18866,1,108,500,continuum_1700_2000,Continuum 1700-2000 keV,60,0,8230,4.263352738527506,5.063077051332704
CNP,m0,18866,1,108,500,SE,Tl-208 SE 2103 keV,6,0,2023,10.920700838653024,15.397389542165245
CNP,m0,18866,1,108,500,continuum_2200_2400,Continuum 2200-2400 keV,40,0,9093,4.548727107182173,5.508813458273494
CNP,m0,18866,1,108,500,FE,Tl-208 FE 2614 keV,5,1,8709,6.006958311733688,6.508938588411817
CNP,m0,18866,1,108,500,sparse_tail,Sparse tail 2700-3000 keV,13,47,68,7.547208693836207,8.419482091297795
CNP,m0,18866,1,109,500,full,Full 500-3000 keV,442,58,114299,4.71756731552199,6.369651961421254
CNP,m0,18866,1,109,500,DEP,Tl-208 DEP 1592 keV,6,0,1323,7.194128368177361,11.137235870761309
CNP,m0,18866,1,109,500,Bi-214,Bi-212 1620.74-keV feature,6,0,1361,9.318051225177877,12.49765363621388
CNP,m0,18866,1,109,500,continuum_1700_2000,Continuum 1700-2000 keV,60,0,8230,4.096883280698503,4.9662236204604
CNP,m0,18866,1,109,500,SE,Tl-208 SE 2103 keV,6,0,2023,10.199728747302338,14.895835642569471
CNP,m0,18866,1,109,500,continuum_2200_2400,Continuum 2200-2400 keV,40,0,9093,5.281013204124156,6.298336227823516
CNP,m0,18866,1,109,500,FE,Tl-208 FE 2614 keV,5,1,8709,6.875895016245366,7.319701080734668
CNP,m0,18866,1,109,500,sparse_tail,Sparse tail 2700-3000 keV,13,47,68,7.122932751505719,8.05740024671763
CNP,m0,18866,2,100,500,full,Full 500-3000 keV,442,58,114299,5.020285269784532,6.8933739693213365
CNP,m0,18866,2,100,500,DEP,Tl-208 DEP 1592 keV,6,0,1323,6.493621865147081,10.070964362984688
CNP,m0,18866,2,100,500,Bi-214,Bi-212 1620.74-keV feature,6,0,1361,9.023979084916087,13.560703605117574
CNP,m0,18866,2,100,500,continuum_1700_2000,Continuum 1700-2000 keV,60,0,8230,5.217913989898445,6.088923928835044
CNP,m0,18866,2,100,500,SE,Tl-208 SE 2103 keV,6,0,2023,12.867674353160366,16.84867590606218
CNP,m0,18866,2,100,500,continuum_2200_2400,Continuum 2200-2400 keV,40,0,9093,4.006631769344264,4.839067722725736
CNP,m0,18866,2,100,500,FE,Tl-208 FE 2614 keV,5,1,8709,3.5425574810609053,4.253106841317514
CNP,m0,18866,2,100,500,sparse_tail,Sparse tail 2700-3000 keV,13,47,68,8.522134492478756,9.328510356461615
CNP,m0,18866,2,101,500,full,Full 500-3000 keV,442,58,114299,5.097530827448398,6.992865844755447
CNP,m0,18866,2,101,500,DEP,Tl-208 DEP 1592 keV,6,0,1323,6.49342838088358,10.003890576600323
CNP,m0,18866,2,101,500,Bi-214,Bi-212 1620.74-keV feature,6,0,1361,9.099955960502024,13.673516105816748
CNP,m0,18866,2,101,500,continuum_1700_2000,Continuum 1700-2000 keV,60,0,8230,5.34095670520248,6.235660472968725
CNP,m0,18866,2,101,500,SE,Tl-208 SE 2103 keV,6,0,2023,13.14517831947906,17.061282317565034
CNP,m0,18866,2,101,500,continuum_2200_2400,Continuum 2200-2400 keV,40,0,9093,3.831670365026784,4.653504464558286
CNP,m0,18866,2,101,500,FE,Tl-208 FE 2614 keV,5,1,8709,3.359927356779678,4.006461533549036
CNP,m0,18866,2,101,500,sparse_tail,Sparse tail 2700-3000 keV,13,47,68,8.679575108631646,9.4873778547242
CNP,m0,18866,2,102,500,full,Full 500-3000 keV,442,58,114299,4.972008596339945,6.827877471586831
CNP,m0,18866,2,102,500,DEP,Tl-208 DEP 1592 keV,6,0,1323,6.493616796179118,10.118962229445737
CNP,m0,18866,2,102,500,Bi-214,Bi-212 1620.74-keV feature,6,0,1361,8.97263112125746,13.486069543435184
CNP,m0,18866,2,102,500,continuum_1700_2000,Continuum 1700-2000 keV,60,0,8230,5.139969767250642,5.993943187083921
CNP,m0,18866,2,102,500,SE,Tl-208 SE 2103 keV,6,0,2023,12.680824802430775,16.706587973854454
CNP,m0,18866,2,102,500,continuum_2200_2400,Continuum 2200-2400 keV,40,0,9093,4.157637535520677,4.987518955648607
CNP,m0,18866,2,102,500,FE,Tl-208 FE 2614 keV,5,1,8709,3.7186349931159546,4.435698894358843
CNP,m0,18866,2,102,500,sparse_tail,Sparse tail 2700-3000 keV,13,47,68,8.411762427511945,9.218851477669562
CNP,m0,18866,2,103,500,full,Full 500-3000 keV,442,58,114299,5.1823638578249405,7.097761475729633
CNP,m0,18866,2,103,500,DEP,Tl-208 DEP 1592 keV,6,0,1323,6.492199314827173,9.96478660145859
CNP,m0,18866,2,103,500,Bi-214,Bi-212 1620.74-keV feature,6,0,1361,9.145968170573372,13.744403398744206
CNP,m0,18866,2,103,500,continuum_1700_2000,Continuum 1700-2000 keV,60,0,8230,5.443072246644165,6.349227854164556
CNP,m0,18866,2,103,500,SE,Tl-208 SE 2103 keV,6,0,2023,13.397912727908178,17.25639956941075
CNP,m0,18866,2,103,500,continuum_2200_2400,Continuum 2200-2400 keV,40,0,9093,3.704052926552204,4.503101643085452
CNP,m0,18866,2,103,500,FE,Tl-208 FE 2614 keV,5,1,8709,3.117623656865789,3.692939862189662
CNP,m0,18866,2,103,500,sparse_tail,Sparse tail 2700-3000 keV,13,47,68,8.987669458501186,9.796277043757105
CNP,m0,18866,2,104,500,full,Full 500-3000 keV,442,58,114299,5.028677225065978,6.906583329579802
CNP,m0,18866,2,104,500,DEP,Tl-208 DEP 1592 keV,6,0,1323,6.4927451054289085,10.075630353511542
CNP,m0,18866,2,104,500,Bi-214,Bi-212 1620.74-keV feature,6,0,1361,9.01812685801672,13.553138996128704
CNP,m0,18866,2,104,500,continuum_1700_2000,Continuum 1700-2000 keV,60,0,8230,5.220562642827927,6.094251271642385
CNP,m0,18866,2,104,500,SE,Tl-208 SE 2103 keV,6,0,2023,12.912275992174932,16.882693725539305
CNP,m0,18866,2,104,500,continuum_2200_2400,Continuum 2200-2400 keV,40,0,9093,3.991886436157512,4.834524397573232
CNP,m0,18866,2,104,500,FE,Tl-208 FE 2614 keV,5,1,8709,3.470927154694164,4.155988374076549
CNP,m0,18866,2,104,500,sparse_tail,Sparse tail 2700-3000 keV,13,47,68,8.657128455829696,9.45881336240719
CNP,m0,18866,2,105,500,full,Full 500-3000 keV,442,58,114299,4.991622102899735,6.8556225727668885
CNP,m0,18866,2,105,500,DEP,Tl-208 DEP 1592 keV,6,0,1323,6.492306544543171,10.126666217498622
CNP,m0,18866,2,105,500,Bi-214,Bi-212 1620.74-keV feature,6,0,1361,8.963515351970324,13.47452205597673
CNP,m0,18866,2,105,500,continuum_1700_2000,Continuum 1700-2000 keV,60,0,8230,5.142081764514648,6.000902538784477
CNP,m0,18866,2,105,500,SE,Tl-208 SE 2103 keV,6,0,2023,12.749057665205438,16.75831160383219
CNP,m0,18866,2,105,500,continuum_2200_2400,Continuum 2200-2400 keV,40,0,9093,4.114982571345425,4.950859884426078
CNP,m0,18866,2,105,500,FE,Tl-208 FE 2614 keV,5,1,8709,3.54433183952795,4.2565236525896015
CNP,m0,18866,2,105,500,sparse_tail,Sparse tail 2700-3000 keV,13,47,68,8.629847292169773,9.427705320392676
CNP,m0,18866,2,106,500,full,Full 500-3000 keV,442,58,114299,5.046246018494827,6.929299505266664
CNP,m0,18866,2,106,500,DEP,Tl-208 DEP 1592 keV,6,0,1323,6.493094395341148,10.048625143066136
CNP,m0,18866,2,106,500,Bi-214,Bi-212 1620.74-keV feature,6,0,1361,9.048336262485597,13.597044752035734
CNP,m0,18866,2,106,500,continuum_1700_2000,Continuum 1700-2000 keV,60,0,8230,5.2624352120373565,6.14292225612865
CNP,m0,18866,2,106,500,SE,Tl-208 SE 2103 keV,6,0,2023,12.985320019008462,16.938546064446275
CNP,m0,18866,2,106,500,continuum_2200_2400,Continuum 2200-2400 keV,40,0,9093,3.942603729380656,4.783123307563391
CNP,m0,18866,2,106,500,FE,Tl-208 FE 2614 keV,5,1,8709,3.454014309734104,4.133092012568596
CNP,m0,18866,2,106,500,sparse_tail,Sparse tail 2700-3000 keV,13,47,68,8.631477221680985,9.436473615205031
CNP,m0,18866,2,107,500,full,Full 500-3000 keV,442,58,114299,5.04628512312247,6.930330353271222
CNP,m0,18866,2,107,500,DEP,Tl-208 DEP 1592 keV,6,0,1323,6.49250270006516,10.067445712331397
CNP,m0,18866,2,107,500,Bi-214,Bi-212 1620.74-keV feature,6,0,1361,9.026954322163244,13.5663561463663
CNP,m0,18866,2,107,500,continuum_1700_2000,Continuum 1700-2000 keV,60,0,8230,5.239332964550203,6.117479689899102
CNP,m0,18866,2,107,500,SE,Tl-208 SE 2103 keV,6,0,2023,12.972006467237197,16.928337959544315
CNP,m0,18866,2,107,500,continuum_2200_2400,Continuum 2200-2400 keV,40,0,9093,3.948954382663864,4.791630305861516
CNP,m0,18866,2,107,500,FE,Tl-208 FE 2614 keV,5,1,8709,3.407094043630901,4.0701698877027965
CNP,m0,18866,2,107,500,sparse_tail,Sparse tail 2700-3000 keV,13,47,68,8.742119880769081,9.542841117098618
CNP,m0,18866,2,108,500,full,Full 500-3000 keV,442,58,114299,5.210087473621583,7.130556495380031
CNP,m0,18866,2,108,500,DEP,Tl-208 DEP 1592 keV,6,0,1323,6.492337278833061,9.944343638140271
CNP,m0,18866,2,108,500,Bi-214,Bi-212 1620.74-keV feature,6,0,1361,9.17177274379171,13.783634907665638
CNP,m0,18866,2,108,500,continuum_1700_2000,Continuum 1700-2000 keV,60,0,8230,5.487337033726783,6.3986644314049546
CNP,m0,18866,2,108,500,SE,Tl-208 SE 2103 keV,6,0,2023,13.48008210480389,17.32019644146973
CNP,m0,18866,2,108,500,continuum_2200_2400,Continuum 2200-2400 keV,40,0,9093,3.66564222677782,4.456005895221807
CNP,m0,18866,2,108,500,FE,Tl-208 FE 2614 keV,5,1,8709,3.073296867836242,3.637225682409951
CNP,m0,18866,2,108,500,sparse_tail,Sparse tail 2700-3000 keV,13,47,68,9.016320919389534,9.82721753794447
CNP,m0,18866,2,109,500,full,Full 500-3000 keV,442,58,114299,4.93913555810345,6.782212613968166
CNP,m0,18866,2,109,500,DEP,Tl-208 DEP 1592 keV,6,0,1323,6.493267971018629,10.169882942839813
CNP,m0,18866,2,109,500,Bi-214,Bi-212 1620.74-keV feature,6,0,1361,8.919713556563709,13.411397270612998
CNP,m0,18866,2,109,500,continuum_1700_2000,Continuum 1700-2000 keV,60,0,8230,5.070631813079143,5.908574861624736
CNP,m0,18866,2,109,500,SE,Tl-208 SE 2103 keV,6,0,2023,12.529158821858196,16.591906240271044
CNP,m0,18866,2,109,500,continuum_2200_2400,Continuum 2200-2400 keV,40,0,9093,4.286054360019049,5.117057786234543
CNP,m0,18866,2,109,500,FE,Tl-208 FE 2614 keV,5,1,8709,3.828164820773688,4.528799255997239
CNP,m0,18866,2,109,500,sparse_tail,Sparse tail 2700-3000 keV,13,47,68,8.398689090831791,9.202050174727788
Attentive CNP,m1,18866,0,100,500,full,Full 500-3000 keV,442,58,114299,5.106176342025595,6.794376407223059
Attentive CNP,m1,18866,0,100,500,DEP,Tl-208 DEP 1592 keV,6,0,1323,7.297543313129727,11.287882110385222
Attentive CNP,m1,18866,0,100,500,Bi-214,Bi-212 1620.74-keV feature,6,0,1361,9.334957144322496,12.44199616309852
Attentive CNP,m1,18866,0,100,500,continuum_1700_2000,Continuum 1700-2000 keV,60,0,8230,4.419068442324311,5.225070540372818
Attentive CNP,m1,18866,0,100,500,SE,Tl-208 SE 2103 keV,6,0,2023,10.590607325342276,15.202473778911884
Attentive CNP,m1,18866,0,100,500,continuum_2200_2400,Continuum 2200-2400 keV,40,0,9093,7.996417642926662,8.947616454052817
Attentive CNP,m1,18866,0,100,500,FE,Tl-208 FE 2614 keV,5,1,8709,5.059710071635171,5.5866907135816914
Attentive CNP,m1,18866,0,100,500,sparse_tail,Sparse tail 2700-3000 keV,13,47,68,7.237626571209701,8.020488424370221
Attentive CNP,m1,18866,0,101,500,full,Full 500-3000 keV,442,58,114299,5.086330398547534,6.778994368205041
Attentive CNP,m1,18866,0,101,500,DEP,Tl-208 DEP 1592 keV,6,0,1323,7.143724233917228,11.052521477235908
Attentive CNP,m1,18866,0,101,500,Bi-214,Bi-212 1620.74-keV feature,6,0,1361,9.178735000593798,12.592229736590935
Attentive CNP,m1,18866,0,101,500,continuum_1700_2000,Continuum 1700-2000 keV,60,0,8230,4.573154194001027,5.372058342222267
Attentive CNP,m1,18866,0,101,500,SE,Tl-208 SE 2103 keV,6,0,2023,10.77397755274006,15.333263138906284
Attentive CNP,m1,18866,0,101,500,continuum_2200_2400,Continuum 2200-2400 keV,40,0,9093,8.16020857621937,9.123814095848305
Attentive CNP,m1,18866,0,101,500,FE,Tl-208 FE 2614 keV,5,1,8709,5.570703573600513,6.053665670548516
Attentive CNP,m1,18866,0,101,500,sparse_tail,Sparse tail 2700-3000 keV,13,47,68,7.030460169880959,7.856500570484099
Attentive CNP,m1,18866,0,102,500,full,Full 500-3000 keV,442,58,114299,5.085618801692479,6.77931613317381
Attentive CNP,m1,18866,0,102,500,DEP,Tl-208 DEP 1592 keV,6,0,1323,7.1877267459677165,11.119461887252742
Attentive CNP,m1,18866,0,102,500,Bi-214,Bi-212 1620.74-keV feature,6,0,1361,9.224670003036788,12.548055875912173
Attentive CNP,m1,18866,0,102,500,continuum_1700_2000,Continuum 1700-2000 keV,60,0,8230,4.526623682777268,5.330638900639428
Attentive CNP,m1,18866,0,102,500,SE,Tl-208 SE 2103 keV,6,0,2023,10.762394651976877,15.323539512413612
Attentive CNP,m1,18866,0,102,500,continuum_2200_2400,Continuum 2200-2400 keV,40,0,9093,8.056571569387614,9.019493751167106
Attentive CNP,m1,18866,0,102,500,FE,Tl-208 FE 2614 keV,5,1,8709,5.353379666089437,5.853157188165877
Attentive CNP,m1,18866,0,102,500,sparse_tail,Sparse tail 2700-3000 keV,13,47,68,7.1245680799242646,7.929409100413731
Attentive CNP,m1,18866,0,103,500,full,Full 500-3000 keV,442,58,114299,5.122997814401461,6.803328085127304
Attentive CNP,m1,18866,0,103,500,DEP,Tl-208 DEP 1592 keV,6,0,1323,7.322181900301674,11.326776940463382
Attentive CNP,m1,18866,0,103,500,Bi-214,Bi-212 1620.74-keV feature,6,0,1361,9.359482466750714,12.418255635723384
Attentive CNP,m1,18866,0,103,500,continuum_1700_2000,Continuum 1700-2000 keV,60,0,8230,4.391821257589705,5.195045360879924
Attentive CNP,m1,18866,0,103,500,SE,Tl-208 SE 2103 keV,6,0,2023,10.465752175524203,15.115962380129952
Attentive CNP,m1,18866,0,103,500,continuum_2200_2400,Continuum 2200-2400 keV,40,0,9093,8.099418743508435,9.041435956168897
Attentive CNP,m1,18866,0,103,500,FE,Tl-208 FE 2614 keV,5,1,8709,5.126351581547108,5.644823353415466
Attentive CNP,m1,18866,0,103,500,sparse_tail,Sparse tail 2700-3000 keV,13,47,68,7.203127138697848,7.9933551917292
Attentive CNP,m1,18866,0,104,500,full,Full 500-3000 keV,442,58,114299,5.095491001405286,6.781501478603752
Attentive CNP,m1,18866,0,104,500,DEP,Tl-208 DEP 1592 keV,6,0,1323,7.223271289049503,11.174115937992962
Attentive CNP,m1,18866,0,104,500,Bi-214,Bi-212 1620.74-keV feature,6,0,1361,9.261356031847706,12.511224493986887
Attentive CNP,m1,18866,0,104,500,continuum_1700_2000,Continuum 1700-2000 keV,60,0,8230,4.482311262974722,5.28661837066163
Attentive CNP,m1,18866,0,104,500,SE,Tl-208 SE 2103 keV,6,0,2023,10.648596379377638,15.244435387670194
Attentive CNP,m1,18866,0,104,500,continuum_2200_2400,Continuum 2200-2400 keV,40,0,9093,8.149652560493594,9.106648643221856
Attentive CNP,m1,18866,0,104,500,FE,Tl-208 FE 2614 keV,5,1,8709,5.556312403023025,6.040980777856971
Attentive CNP,m1,18866,0,104,500,sparse_tail,Sparse tail 2700-3000 keV,13,47,68,7.022108418546702,7.851829867193145
Attentive CNP,m1,18866,0,105,500,full,Full 500-3000 keV,442,58,114299,5.112639117366792,6.795463609098694
Attentive CNP,m1,18866,0,105,500,DEP,Tl-208 DEP 1592 keV,6,0,1323,7.321884559374951,11.326179129435411
Attentive CNP,m1,18866,0,105,500,Bi-214,Bi-212 1620.74-keV feature,6,0,1361,9.358358498736331,12.419173772311147
Attentive CNP,m1,18866,0,105,500,continuum_1700_2000,Continuum 1700-2000 keV,60,0,8230,4.395468649245919,5.200363271729669
Attentive CNP,m1,18866,0,105,500,SE,Tl-208 SE 2103 keV,6,0,2023,10.522179539821996,15.155074794663776
Attentive CNP,m1,18866,0,105,500,continuum_2200_2400,Continuum 2200-2400 keV,40,0,9093,8.045870440315708,8.993152025030563
Attentive CNP,m1,18866,0,105,500,FE,Tl-208 FE 2614 keV,5,1,8709,5.17968407630698,5.694530292603125
Attentive CNP,m1,18866,0,105,500,sparse_tail,Sparse tail 2700-3000 keV,13,47,68,7.169643643344709,7.968418289236255
Attentive CNP,m1,18866,0,106,500,full,Full 500-3000 keV,442,58,114299,5.109019673425909,6.791737581647685
Attentive CNP,m1,18866,0,106,500,DEP,Tl-208 DEP 1592 keV,6,0,1323,7.281702772018852,11.262535878221849
Attentive CNP,m1,18866,0,106,500,Bi-214,Bi-212 1620.74-keV feature,6,0,1361,9.318633083738629,12.45671011317262
Attentive CNP,m1,18866,0,106,500,continuum_1700_2000,Continuum 1700-2000 keV,60,0,8230,4.428190416075319,5.232348596057829
Attentive CNP,m1,18866,0,106,500,SE,Tl-208 SE 2103 keV,6,0,2023,10.547609260283972,15.1735125711855
Attentive CNP,m1,18866,0,106,500,continuum_2200_2400,Continuum 2200-2400 keV,40,0,9093,8.113874502509477,9.062712254110297
Attentive CNP,m1,18866,0,106,500,FE,Tl-208 FE 2614 keV,5,1,8709,5.315046938251535,5.817232901800078
Attentive CNP,m1,18866,0,106,500,sparse_tail,Sparse tail 2700-3000 keV,13,47,68,7.1198194758925695,7.926249346032531
Attentive CNP,m1,18866,0,107,500,full,Full 500-3000 keV,442,58,114299,5.096210445290144,6.7823973708677485
Attentive CNP,m1,18866,0,107,500,DEP,Tl-208 DEP 1592 keV,6,0,1323,7.243772953941602,11.205148177424444
Attentive CNP,m1,18866,0,107,500,Bi-214,Bi-212 1620.74-keV feature,6,0,1361,9.282232219972087,12.491902946965643
Attentive CNP,m1,18866,0,107,500,continuum_1700_2000,Continuum 1700-2000 keV,60,0,8230,4.462122480322015,5.268843607994183
Attentive CNP,m1,18866,0,107,500,SE,Tl-208 SE 2103 keV,6,0,2023,10.63717105009447,15.235970168015497
Attentive CNP,m1,18866,0,107,500,continuum_2200_2400,Continuum 2200-2400 keV,40,0,9093,8.099721277144747,9.055369398715856
Attentive CNP,m1,18866,0,107,500,FE,Tl-208 FE 2614 keV,5,1,8709,5.428086457681862,5.920881638912045
Attentive CNP,m1,18866,0,107,500,sparse_tail,Sparse tail 2700-3000 keV,13,47,68,7.074305077166877,7.891715203326632
Attentive CNP,m1,18866,0,108,500,full,Full 500-3000 keV,442,58,114299,5.097939665280561,6.784275882152521
Attentive CNP,m1,18866,0,108,500,DEP,Tl-208 DEP 1592 keV,6,0,1323,7.219073942102783,11.16662091602788
Attentive CNP,m1,18866,0,108,500,Bi-214,Bi-212 1620.74-keV feature,6,0,1361,9.25558209082022,12.5154646219966
Attentive CNP,m1,18866,0,108,500,continuum_1700_2000,Continuum 1700-2000 keV,60,0,8230,4.4869306385964745,5.290189812376511
Attentive CNP,m1,18866,0,108,500,SE,Tl-208 SE 2103 keV,6,0,2023,10.638761120868317,15.237745183943572
Attentive CNP,m1,18866,0,108,500,continuum_2200_2400,Continuum 2200-2400 keV,40,0,9093,8.146952870907024,9.101662982596087
Attentive CNP,m1,18866,0,108,500,FE,Tl-208 FE 2614 keV,5,1,8709,5.465728170614095,5.9564591768683925
Attentive CNP,m1,18866,0,108,500,sparse_tail,Sparse tail 2700-3000 keV,13,47,68,7.062452931200144,7.881630414470556
Attentive CNP,m1,18866,0,109,500,full,Full 500-3000 keV,442,58,114299,5.100906106272873,6.787401722557062
Attentive CNP,m1,18866,0,109,500,DEP,Tl-208 DEP 1592 keV,6,0,1323,7.270414582678324,11.247054439437768
Attentive CNP,m1,18866,0,109,500,Bi-214,Bi-212 1620.74-keV feature,6,0,1361,9.309134351540576,12.46622029593117
Attentive CNP,m1,18866,0,109,500,continuum_1700_2000,Continuum 1700-2000 keV,60,0,8230,4.438880461907615,5.244970712475809
Attentive CNP,m1,18866,0,109,500,SE,Tl-208 SE 2103 keV,6,0,2023,10.606437887096964,15.213801094027406
Attentive CNP,m1,18866,0,109,500,continuum_2200_2400,Continuum 2200-2400 keV,40,0,9093,8.056269976645732,9.00894454179268
Attentive CNP,m1,18866,0,109,500,FE,Tl-208 FE 2614 keV,5,1,8709,5.27029346254587,5.77699636426244
Attentive CNP,m1,18866,0,109,500,sparse_tail,Sparse tail 2700-3000 keV,13,47,68,7.1369780257751145,7.941401712160767
Attentive CNP,m1,18866,1,100,500,full,Full 500-3000 keV,442,58,114299,4.965067050562001,6.581455865887969
Attentive CNP,m1,18866,1,100,500,DEP,Tl-208 DEP 1592 keV,6,0,1323,7.365666936176458,11.347902622971397
Attentive CNP,m1,18866,1,100,500,Bi-214,Bi-212 1620.74-keV feature,6,0,1361,9.412802460305093,12.39303775706095
Attentive CNP,m1,18866,1,100,500,continuum_1700_2000,Continuum 1700-2000 keV,60,0,8230,4.296397863925236,5.123548987852514
Attentive CNP,m1,18866,1,100,500,SE,Tl-208 SE 2103 keV,6,0,2023,11.135951252624594,15.56122204726078
Attentive CNP,m1,18866,1,100,500,continuum_2200_2400,Continuum 2200-2400 keV,40,0,9093,6.584555612710749,7.591922821247471
Attentive CNP,m1,18866,1,100,500,FE,Tl-208 FE 2614 keV,5,1,8709,6.491291242298902,6.939847016323775
Attentive CNP,m1,18866,1,100,500,sparse_tail,Sparse tail 2700-3000 keV,13,47,68,7.358167223399517,8.241512116519166
Attentive CNP,m1,18866,1,101,500,full,Full 500-3000 keV,442,58,114299,4.968689066636002,6.581158891211443
Attentive CNP,m1,18866,1,101,500,DEP,Tl-208 DEP 1592 keV,6,0,1323,7.277944636429727,11.268823722322187
Attentive CNP,m1,18866,1,101,500,Bi-214,Bi-212 1620.74-keV feature,6,0,1361,9.3630027462074,12.43804083519099
Attentive CNP,m1,18866,1,101,500,continuum_1700_2000,Continuum 1700-2000 keV,60,0,8230,4.331788240961563,5.15201782267798
Attentive CNP,m1,18866,1,101,500,SE,Tl-208 SE 2103 keV,6,0,2023,11.152629000711384,15.573813603323885
Attentive CNP,m1,18866,1,101,500,continuum_2200_2400,Continuum 2200-2400 keV,40,0,9093,6.678200435414225,7.689182000119523
Attentive CNP,m1,18866,1,101,500,FE,Tl-208 FE 2614 keV,5,1,8709,6.671405449892435,7.1091628841190095
Attentive CNP,m1,18866,1,101,500,sparse_tail,Sparse tail 2700-3000 keV,13,47,68,7.275835168072656,8.169390718881425
Attentive CNP,m1,18866,1,102,500,full,Full 500-3000 keV,442,58,114299,4.966911780760013,6.582959354802827
Attentive CNP,m1,18866,1,102,500,DEP,Tl-208 DEP 1592 keV,6,0,1323,7.282774796148439,11.277611133273917
Attentive CNP,m1,18866,1,102,500,Bi-214,Bi-212 1620.74-keV feature,6,0,1361,9.367334487469256,12.433418688565927
Attentive CNP,m1,18866,1,102,500,continuum_1700_2000,Continuum 1700-2000 keV,60,0,8230,4.333079204487513,5.154680906702803
Attentive CNP,m1,18866,1,102,500,SE,Tl-208 SE 2103 keV,6,0,2023,11.183771977374215,15.59598047187263
Attentive CNP,m1,18866,1,102,500,continuum_2200_2400,Continuum 2200-2400 keV,40,0,9093,6.669076927710781,7.68313107196257
Attentive CNP,m1,18866,1,102,500,FE,Tl-208 FE 2614 keV,5,1,8709,6.612579067004368,7.053508046060822
Attentive CNP,m1,18866,1,102,500,sparse_tail,Sparse tail 2700-3000 keV,13,47,68,7.299266006729735,8.190806747132171
Attentive CNP,m1,18866,1,103,500,full,Full 500-3000 keV,442,58,114299,4.970896211842093,6.580696337097207
Attentive CNP,m1,18866,1,103,500,DEP,Tl-208 DEP 1592 keV,6,0,1323,7.466813597739074,11.429202409877355
Attentive CNP,m1,18866,1,103,500,Bi-214,Bi-212 1620.74-keV feature,6,0,1361,9.465571081815895,12.348082918918104
Attentive CNP,m1,18866,1,103,500,continuum_1700_2000,Continuum 1700-2000 keV,60,0,8230,4.243404880157804,5.080098501981699
Attentive CNP,m1,18866,1,103,500,SE,Tl-208 SE 2103 keV,6,0,2023,11.005486964702344,15.46760655519424
Attentive CNP,m1,18866,1,103,500,continuum_2200_2400,Continuum 2200-2400 keV,40,0,9093,6.515461182968851,7.509301047164126
Attentive CNP,m1,18866,1,103,500,FE,Tl-208 FE 2614 keV,5,1,8709,6.4497587608402185,6.901428644037738
Attentive CNP,m1,18866,1,103,500,sparse_tail,Sparse tail 2700-3000 keV,13,47,68,7.386989427078659,8.261702272296208
Attentive CNP,m1,18866,1,104,500,full,Full 500-3000 keV,442,58,114299,4.967080372144283,6.577584668531824
Attentive CNP,m1,18866,1,104,500,DEP,Tl-208 DEP 1592 keV,6,0,1323,7.377495485550821,11.356934222152692
Attentive CNP,m1,18866,1,104,500,Bi-214,Bi-212 1620.74-keV feature,6,0,1361,9.420500077961142,12.387573278440634
Attentive CNP,m1,18866,1,104,500,continuum_1700_2000,Continuum 1700-2000 keV,60,0,8230,4.283725082205795,5.111747889425998
Attentive CNP,m1,18866,1,104,500,SE,Tl-208 SE 2103 keV,6,0,2023,11.0863215330412,15.525692819060108
Attentive CNP,m1,18866,1,104,500,continuum_2200_2400,Continuum 2200-2400 keV,40,0,9093,6.576128483919325,7.578374262800927
Attentive CNP,m1,18866,1,104,500,FE,Tl-208 FE 2614 keV,5,1,8709,6.582228472882284,7.025248922878174
Attentive CNP,m1,18866,1,104,500,sparse_tail,Sparse tail 2700-3000 keV,13,47,68,7.306189100112538,8.19465296799948
Attentive CNP,m1,18866,1,105,500,full,Full 500-3000 keV,442,58,114299,4.964386622083669,6.577588139111564
Attentive CNP,m1,18866,1,105,500,DEP,Tl-208 DEP 1592 keV,6,0,1323,7.443010560020085,11.410030933459408
Attentive CNP,m1,18866,1,105,500,Bi-214,Bi-212 1620.74-keV feature,6,0,1361,9.452013342573656,12.35840413128094
Attentive CNP,m1,18866,1,105,500,continuum_1700_2000,Continuum 1700-2000 keV,60,0,8230,4.260141293818295,5.09430932635052
Attentive CNP,m1,18866,1,105,500,SE,Tl-208 SE 2103 keV,6,0,2023,11.074199734379754,15.516690722589836
Attentive CNP,m1,18866,1,105,500,continuum_2200_2400,Continuum 2200-2400 keV,40,0,9093,6.501004528115592,7.500815036797177
Attentive CNP,m1,18866,1,105,500,FE,Tl-208 FE 2614 keV,5,1,8709,6.464149687930436,6.914170374177288
Attentive CNP,m1,18866,1,105,500,sparse_tail,Sparse tail 2700-3000 keV,13,47,68,7.362276321485796,8.24452170313922
Attentive CNP,m1,18866,1,106,500,full,Full 500-3000 keV,442,58,114299,4.966993878269134,6.578259399054185
Attentive CNP,m1,18866,1,106,500,DEP,Tl-208 DEP 1592 keV,6,0,1323,7.388152665326777,11.365685056964994
Attentive CNP,m1,18866,1,106,500,Bi-214,Bi-212 1620.74-keV feature,6,0,1361,9.42529269937617,12.382944151614032
Attentive CNP,m1,18866,1,106,500,continuum_1700_2000,Continuum 1700-2000 keV,60,0,8230,4.280389254922556,5.109207537599334
Attentive CNP,m1,18866,1,106,500,SE,Tl-208 SE 2103 keV,6,0,2023,11.086133225800692,15.52566969386385
Attentive CNP,m1,18866,1,106,500,continuum_2200_2400,Continuum 2200-2400 keV,40,0,9093,6.571039685348339,7.573506505311645
Attentive CNP,m1,18866,1,106,500,FE,Tl-208 FE 2614 keV,5,1,8709,6.5492176819957,6.9932206830756325
Attentive CNP,m1,18866,1,106,500,sparse_tail,Sparse tail 2700-3000 keV,13,47,68,7.324178792618278,8.209633396223344
Attentive CNP,m1,18866,1,107,500,full,Full 500-3000 keV,442,58,114299,4.966001891486736,6.577033216652168
Attentive CNP,m1,18866,1,107,500,DEP,Tl-208 DEP 1592 keV,6,0,1323,7.406548359019805,11.380602660327291
Attentive CNP,m1,18866,1,107,500,Bi-214,Bi-212 1620.74-keV feature,6,0,1361,9.434118477971982,12.374258213975674
Attentive CNP,m1,18866,1,107,500,continuum_1700_2000,Continuum 1700-2000 keV,60,0,8230,4.272382878053108,5.1029104457582255
Attentive CNP,m1,18866,1,107,500,SE,Tl-208 SE 2103 keV,6,0,2023,11.074746752421584,15.517236489664985
Attentive CNP,m1,18866,1,107,500,continuum_2200_2400,Continuum 2200-2400 keV,40,0,9093,6.5398200587736905,7.540309832009559
Attentive CNP,m1,18866,1,107,500,FE,Tl-208 FE 2614 keV,5,1,8709,6.526199811432673,6.972551788169948
Attentive CNP,m1,18866,1,107,500,sparse_tail,Sparse tail 2700-3000 keV,13,47,68,7.337862708011015,8.222343666257755
Attentive CNP,m1,18866,1,108,500,full,Full 500-3000 keV,442,58,114299,4.969638578279867,6.578590043313919
Attentive CNP,m1,18866,1,108,500,DEP,Tl-208 DEP 1592 keV,6,0,1323,7.376454728571464,11.356352344684732
Attentive CNP,m1,18866,1,108,500,Bi-214,Bi-212 1620.74-keV feature,6,0,1361,9.419816560039504,12.387184501825953
Attentive CNP,m1,18866,1,108,500,continuum_1700_2000,Continuum 1700-2000 keV,60,0,8230,4.280353246110344,5.108074410549866
Attentive CNP,m1,18866,1,108,500,SE,Tl-208 SE 2103 keV,6,0,2023,11.060325605956152,15.507091922597295
Attentive CNP,m1,18866,1,108,500,continuum_2200_2400,Continuum 2200-2400 keV,40,0,9093,6.593002127469778,7.593508407543246
Attentive CNP,m1,18866,1,108,500,FE,Tl-208 FE 2614 keV,5,1,8709,6.585003489562309,7.028539510443897
Attentive CNP,m1,18866,1,108,500,sparse_tail,Sparse tail 2700-3000 keV,13,47,68,7.313472029212359,8.200289413189617
Attentive CNP,m1,18866,1,109,500,full,Full 500-3000 keV,442,58,114299,4.964186611582274,6.578399960691707
Attentive CNP,m1,18866,1,109,500,DEP,Tl-208 DEP 1592 keV,6,0,1323,7.366180821398139,11.348103571267742
Attentive CNP,m1,18866,1,109,500,Bi-214,Bi-212 1620.74-keV feature,6,0,1361,9.412804790626362,12.392785249699068
Attentive CNP,m1,18866,1,109,500,continuum_1700_2000,Continuum 1700-2000 keV,60,0,8230,4.294118263999669,5.1213121532259125
Attentive CNP,m1,18866,1,109,500,SE,Tl-208 SE 2103 keV,6,0,2023,11.127936259509424,15.55558733857776
Attentive CNP,m1,18866,1,109,500,continuum_2200_2400,Continuum 2200-2400 keV,40,0,9093,6.5689623574522615,7.574733085408368
Attentive CNP,m1,18866,1,109,500,FE,Tl-208 FE 2614 keV,5,1,8709,6.534904005342828,6.981084202241609
Attentive CNP,m1,18866,1,109,500,sparse_tail,Sparse tail 2700-3000 keV,13,47,68,7.330314214556396,8.217656685787533
Attentive CNP,m1,18866,2,100,500,full,Full 500-3000 keV,442,58,114299,5.105125990847485,6.90404780274156
Attentive CNP,m1,18866,2,100,500,DEP,Tl-208 DEP 1592 keV,6,0,1323,6.717994292705078,10.470959963172684
Attentive CNP,m1,18866,2,100,500,Bi-214,Bi-212 1620.74-keV feature,6,0,1361,8.835179425859224,13.08906238697981
Attentive CNP,m1,18866,2,100,500,continuum_1700_2000,Continuum 1700-2000 keV,60,0,8230,5.172944739143063,6.102228186979024
Attentive CNP,m1,18866,2,100,500,SE,Tl-208 SE 2103 keV,6,0,2023,13.548123356169114,17.378624955870528
Attentive CNP,m1,18866,2,100,500,continuum_2200_2400,Continuum 2200-2400 keV,40,0,9093,4.653389528673888,5.60123729459527
Attentive CNP,m1,18866,2,100,500,FE,Tl-208 FE 2614 keV,5,1,8709,3.0454082465962977,3.581489064620965
Attentive CNP,m1,18866,2,100,500,sparse_tail,Sparse tail 2700-3000 keV,13,47,68,8.948961433411032,9.572945598546733
Attentive CNP,m1,18866,2,101,500,full,Full 500-3000 keV,442,58,114299,5.092349074969787,6.892171565986251
Attentive CNP,m1,18866,2,101,500,DEP,Tl-208 DEP 1592 keV,6,0,1323,6.7112423511571135,10.462433741989752
Attentive CNP,m1,18866,2,101,500,Bi-214,Bi-212 1620.74-keV feature,6,0,1361,8.835920901714449,13.095211254907168
Attentive CNP,m1,18866,2,101,500,continuum_1700_2000,Continuum 1700-2000 keV,60,0,8230,5.155180718987513,6.0806647062408015
Attentive CNP,m1,18866,2,101,500,SE,Tl-208 SE 2103 keV,6,0,2023,13.483484445099824,17.32835582654051
Attentive CNP,m1,18866,2,101,500,continuum_2200_2400,Continuum 2200-2400 keV,40,0,9093,4.686056472859888,5.631464780139557
Attentive CNP,m1,18866,2,101,500,FE,Tl-208 FE 2614 keV,5,1,8709,3.081442090569833,3.626919789346148
Attentive CNP,m1,18866,2,101,500,sparse_tail,Sparse tail 2700-3000 keV,13,47,68,8.903953584415484,9.528603238198244
Attentive CNP,m1,18866,2,102,500,full,Full 500-3000 keV,442,58,114299,5.090424402228062,6.887959620679725
Attentive CNP,m1,18866,2,102,500,DEP,Tl-208 DEP 1592 keV,6,0,1323,6.69934548670099,10.44826020316159
Attentive CNP,m1,18866,2,102,500,Bi-214,Bi-212 1620.74-keV feature,6,0,1361,8.835032857182853,13.1122364795883
Attentive CNP,m1,18866,2,102,500,continuum_1700_2000,Continuum 1700-2000 keV,60,0,8230,5.192897432023289,6.122897450094652
Attentive CNP,m1,18866,2,102,500,SE,Tl-208 SE 2103 keV,6,0,2023,13.549538143751294,17.38000118380326
Attentive CNP,m1,18866,2,102,500,continuum_2200_2400,Continuum 2200-2400 keV,40,0,9093,4.693090266865981,5.6467449471926185
Attentive CNP,m1,18866,2,102,500,FE,Tl-208 FE 2614 keV,5,1,8709,3.158659426720435,3.725017410785058
Attentive CNP,m1,18866,2,102,500,sparse_tail,Sparse tail 2700-3000 keV,13,47,68,8.852285544427911,9.474082359512304
Attentive CNP,m1,18866,2,103,500,full,Full 500-3000 keV,442,58,114299,5.11859300394905,6.923423117116663
Attentive CNP,m1,18866,2,103,500,DEP,Tl-208 DEP 1592 keV,6,0,1323,6.763645022372235,10.528068525215009
Attentive CNP,m1,18866,2,103,500,Bi-214,Bi-212 1620.74-keV feature,6,0,1361,8.835918723931913,13.02590492737641
Attentive CNP,m1,18866,2,103,500,continuum_1700_2000,Continuum 1700-2000 keV,60,0,8230,5.07261384096674,5.9927896591405085
Attentive CNP,m1,18866,2,103,500,SE,Tl-208 SE 2103 keV,6,0,2023,13.40270443718548,17.264780553022312
Attentive CNP,m1,18866,2,103,500,continuum_2200_2400,Continuum 2200-2400 keV,40,0,9093,4.619572673203512,5.547911253720996
Attentive CNP,m1,18866,2,103,500,FE,Tl-208 FE 2614 keV,5,1,8709,2.8113956052898605,3.298876194132625
Attentive CNP,m1,18866,2,103,500,sparse_tail,Sparse tail 2700-3000 keV,13,47,68,9.11445202202977,9.74619297451236
Attentive CNP,m1,18866,2,104,500,full,Full 500-3000 keV,442,58,114299,5.109481465020586,6.912260517767899
Attentive CNP,m1,18866,2,104,500,DEP,Tl-208 DEP 1592 keV,6,0,1323,6.740607654261188,10.498992916290351
Attentive CNP,m1,18866,2,104,500,Bi-214,Bi-212 1620.74-keV feature,6,0,1361,8.836279119888085,13.056440156820878
Attentive CNP,m1,18866,2,104,500,continuum_1700_2000,Continuum 1700-2000 keV,60,0,8230,5.110152741669323,6.032800869857214
Attentive CNP,m1,18866,2,104,500,SE,Tl-208 SE 2103 keV,6,0,2023,13.444735526309948,17.297808252675033
Attentive CNP,m1,18866,2,104,500,continuum_2200_2400,Continuum 2200-2400 keV,40,0,9093,4.638846905331589,5.573793780714498
Attentive CNP,m1,18866,2,104,500,FE,Tl-208 FE 2614 keV,5,1,8709,2.9185804753998825,3.426344285865445
Attentive CNP,m1,18866,2,104,500,sparse_tail,Sparse tail 2700-3000 keV,13,47,68,9.033568319714895,9.662490910080647
Attentive CNP,m1,18866,2,105,500,full,Full 500-3000 keV,442,58,114299,5.117387984365868,6.9205013792811965
Attentive CNP,m1,18866,2,105,500,DEP,Tl-208 DEP 1592 keV,6,0,1323,6.742564375456583,10.501990492907188
Attentive CNP,m1,18866,2,105,500,Bi-214,Bi-212 1620.74-keV feature,6,0,1361,8.835135015602951,13.054124430274996
Attentive CNP,m1,18866,2,105,500,continuum_1700_2000,Continuum 1700-2000 keV,60,0,8230,5.1211602855893,6.045789384270742
Attentive CNP,m1,18866,2,105,500,SE,Tl-208 SE 2103 keV,6,0,2023,13.482488013781971,17.327221643704434
Attentive CNP,m1,18866,2,105,500,continuum_2200_2400,Continuum 2200-2400 keV,40,0,9093,4.615831330208692,5.55198933295563
Attentive CNP,m1,18866,2,105,500,FE,Tl-208 FE 2614 keV,5,1,8709,2.8887797028504463,3.389703466265104
Attentive CNP,m1,18866,2,105,500,sparse_tail,Sparse tail 2700-3000 keV,13,47,68,9.062216520590848,9.691023138686816
Attentive CNP,m1,18866,2,106,500,full,Full 500-3000 keV,442,58,114299,5.108439803680627,6.910531315695153
Attentive CNP,m1,18866,2,106,500,DEP,Tl-208 DEP 1592 keV,6,0,1323,6.740041583010702,10.498000611934472
Attentive CNP,m1,18866,2,106,500,Bi-214,Bi-212 1620.74-keV feature,6,0,1361,8.836055791852248,13.057612704863486
Attentive CNP,m1,18866,2,106,500,continuum_1700_2000,Continuum 1700-2000 keV,60,0,8230,5.114620611793237,6.037741255011727
Attentive CNP,m1,18866,2,106,500,SE,Tl-208 SE 2103 keV,6,0,2023,13.455323114978173,17.30608161879177
Attentive CNP,m1,18866,2,106,500,continuum_2200_2400,Continuum 2200-2400 keV,40,0,9093,4.638630529441181,5.575062300938041
Attentive CNP,m1,18866,2,106,500,FE,Tl-208 FE 2614 keV,5,1,8709,2.931127927987631,3.4407083173926107
Attentive CNP,m1,18866,2,106,500,sparse_tail,Sparse tail 2700-3000 keV,13,47,68,9.022029945930964,9.648233855698331
Attentive CNP,m1,18866,2,107,500,full,Full 500-3000 keV,442,58,114299,5.108172722732669,6.910445393367523
Attentive CNP,m1,18866,2,107,500,DEP,Tl-208 DEP 1592 keV,6,0,1323,6.738362699160984,10.496491275312772
Attentive CNP,m1,18866,2,107,500,Bi-214,Bi-212 1620.74-keV feature,6,0,1361,8.835727110465037,13.058780390131464
Attentive CNP,m1,18866,2,107,500,continuum_1700_2000,Continuum 1700-2000 keV,60,0,8230,5.115549726984885,6.03865957403826
Attentive CNP,m1,18866,2,107,500,SE,Tl-208 SE 2103 keV,6,0,2023,13.454121388667936,17.3049414891358
Attentive CNP,m1,18866,2,107,500,continuum_2200_2400,Continuum 2200-2400 keV,40,0,9093,4.641668727935524,5.578019488495254
Attentive CNP,m1,18866,2,107,500,FE,Tl-208 FE 2614 keV,5,1,8709,2.9329229618957604,3.443398412970016
Attentive CNP,m1,18866,2,107,500,sparse_tail,Sparse tail 2700-3000 keV,13,47,68,9.020673902528644,9.649079641591968
Attentive CNP,m1,18866,2,108,500,full,Full 500-3000 keV,442,58,114299,5.102147607744832,6.904079701705336
Attentive CNP,m1,18866,2,108,500,DEP,Tl-208 DEP 1592 keV,6,0,1323,6.743729312843444,10.503359151977282
Attentive CNP,m1,18866,2,108,500,Bi-214,Bi-212 1620.74-keV feature,6,0,1361,8.836322211489339,13.050802661029609
Attentive CNP,m1,18866,2,108,500,continuum_1700_2000,Continuum 1700-2000 keV,60,0,8230,5.09471284256985,6.015642677048318
Attentive CNP,m1,18866,2,108,500,SE,Tl-208 SE 2103 keV,6,0,2023,13.406139633171286,17.26797140087767
Attentive CNP,m1,18866,2,108,500,continuum_2200_2400,Continuum 2200-2400 keV,40,0,9093,4.663904889625961,5.59805182619342
Attentive CNP,m1,18866,2,108,500,FE,Tl-208 FE 2614 keV,5,1,8709,2.936091539319389,3.4467145745390475
Attentive CNP,m1,18866,2,108,500,sparse_tail,Sparse tail 2700-3000 keV,13,47,68,9.013304152274006,9.641946990157818
Attentive CNP,m1,18866,2,109,500,full,Full 500-3000 keV,442,58,114299,5.107740809503943,6.908524813455311
Attentive CNP,m1,18866,2,109,500,DEP,Tl-208 DEP 1592 keV,6,0,1323,6.723092340129304,10.47774255114737
Attentive CNP,m1,18866,2,109,500,Bi-214,Bi-212 1620.74-keV feature,6,0,1361,8.835420592629365,13.07974037953106
Attentive CNP,m1,18866,2,109,500,continuum_1700_2000,Continuum 1700-2000 keV,60,0,8230,5.153066743401128,6.079925587136513
Attentive CNP,m1,18866,2,109,500,SE,Tl-208 SE 2103 keV,6,0,2023,13.516216220016076,17.35356410913611
Attentive CNP,m1,18866,2,109,500,continuum_2200_2400,Continuum 2200-2400 keV,40,0,9093,4.640188478180531,5.582961092075774
Attentive CNP,m1,18866,2,109,500,FE,Tl-208 FE 2614 keV,5,1,8709,2.993011480817,3.5162482179206624
Attentive CNP,m1,18866,2,109,500,sparse_tail,Sparse tail 2700-3000 keV,13,47,68,8.980749005865563,9.606493580992144
Attentive CNP + PE,m2,18866,0,100,500,full,Full 500-3000 keV,442,58,114299,9.699605116207556,11.823088264195144
Attentive CNP + PE,m2,18866,0,100,500,DEP,Tl-208 DEP 1592 keV,6,0,1323,7.791049198498653,9.25474961829254
Attentive CNP + PE,m2,18866,0,100,500,Bi-214,Bi-212 1620.74-keV feature,6,0,1361,9.697345214562723,11.500520526148478
Attentive CNP + PE,m2,18866,0,100,500,continuum_1700_2000,Continuum 1700-2000 keV,60,0,8230,8.936452007747949,10.96067723823419
Attentive CNP + PE,m2,18866,0,100,500,SE,Tl-208 SE 2103 keV,6,0,2023,7.777218999611533,9.251282470206876
Attentive CNP + PE,m2,18866,0,100,500,continuum_2200_2400,Continuum 2200-2400 keV,40,0,9093,9.959041835792949,11.063344228940457
Attentive CNP + PE,m2,18866,0,100,500,FE,Tl-208 FE 2614 keV,5,1,8709,7.00483069608832,8.537766741117297
Attentive CNP + PE,m2,18866,0,100,500,sparse_tail,Sparse tail 2700-3000 keV,13,47,68,22.729685137444903,24.425734570928377
Attentive CNP + PE,m2,18866,0,101,500,full,Full 500-3000 keV,442,58,114299,9.12427617349155,11.375063180503146
Attentive CNP + PE,m2,18866,0,101,500,DEP,Tl-208 DEP 1592 keV,6,0,1323,7.066798145434215,8.361458791361082
Attentive CNP + PE,m2,18866,0,101,500,Bi-214,Bi-212 1620.74-keV feature,6,0,1361,9.01526895576917,10.968952177498064
Attentive CNP + PE,m2,18866,0,101,500,continuum_1700_2000,Continuum 1700-2000 keV,60,0,8230,8.492328023270783,10.505514827323143
Attentive CNP + PE,m2,18866,0,101,500,SE,Tl-208 SE 2103 keV,6,0,2023,6.872961398185762,8.389844499990353
Attentive CNP + PE,m2,18866,0,101,500,continuum_2200_2400,Continuum 2200-2400 keV,40,0,9093,9.34407174475193,10.556284023326109
Attentive CNP + PE,m2,18866,0,101,500,FE,Tl-208 FE 2614 keV,5,1,8709,7.0031568018540336,8.714530069975227
Attentive CNP + PE,m2,18866,0,101,500,sparse_tail,Sparse tail 2700-3000 keV,13,47,68,23.643689624722285,25.460868345953653
Attentive CNP + PE,m2,18866,0,102,500,full,Full 500-3000 keV,442,58,114299,9.67016648409916,11.862737291909967
Attentive CNP + PE,m2,18866,0,102,500,DEP,Tl-208 DEP 1592 keV,6,0,1323,7.636377208386828,8.951928880509008
Attentive CNP + PE,m2,18866,0,102,500,Bi-214,Bi-212 1620.74-keV feature,6,0,1361,9.571344291479882,11.672639873455289
Attentive CNP + PE,m2,18866,0,102,500,continuum_1700_2000,Continuum 1700-2000 keV,60,0,8230,8.989173503703194,11.068214435256769
Attentive CNP + PE,m2,18866,0,102,500,SE,Tl-208 SE 2103 keV,6,0,2023,7.635402136087252,9.164043116916604
Attentive CNP + PE,m2,18866,0,102,500,continuum_2200_2400,Continuum 2200-2400 keV,40,0,9093,10.305828559621972,11.407830780545565
Attentive CNP + PE,m2,18866,0,102,500,FE,Tl-208 FE 2614 keV,5,1,8709,7.195056057962559,8.87423950095437
Attentive CNP + PE,m2,18866,0,102,500,sparse_tail,Sparse tail 2700-3000 keV,13,47,68,23.09047558193041,24.91688910718688
Attentive CNP + PE,m2,18866,0,103,500,full,Full 500-3000 keV,442,58,114299,8.173491350872695,10.500727874536372
Attentive CNP + PE,m2,18866,0,103,500,DEP,Tl-208 DEP 1592 keV,6,0,1323,6.687176178361513,7.42220203342448
Attentive CNP + PE,m2,18866,0,103,500,Bi-214,Bi-212 1620.74-keV feature,6,0,1361,8.0855256261381,9.509462834544204
Attentive CNP + PE,m2,18866,0,103,500,continuum_1700_2000,Continuum 1700-2000 keV,60,0,8230,7.365005423946175,9.286242582917431
Attentive CNP + PE,m2,18866,0,103,500,SE,Tl-208 SE 2103 keV,6,0,2023,5.439574061874374,6.842370521359023
Attentive CNP + PE,m2,18866,0,103,500,continuum_2200_2400,Continuum 2200-2400 keV,40,0,9093,7.133847492921566,8.256069401969844
Attentive CNP + PE,m2,18866,0,103,500,FE,Tl-208 FE 2614 keV,5,1,8709,5.993956568593947,7.325774631825091
Attentive CNP + PE,m2,18866,0,103,500,sparse_tail,Sparse tail 2700-3000 keV,13,47,68,25.16842494383432,26.852298777415413
Attentive CNP + PE,m2,18866,0,104,500,full,Full 500-3000 keV,442,58,114299,8.587591470506247,10.87077488771014
Attentive CNP + PE,m2,18866,0,104,500,DEP,Tl-208 DEP 1592 keV,6,0,1323,6.914865224366334,7.816019222167951
Attentive CNP + PE,m2,18866,0,104,500,Bi-214,Bi-212 1620.74-keV feature,6,0,1361,8.573506893625737,10.112570484500916
Attentive CNP + PE,m2,18866,0,104,500,continuum_1700_2000,Continuum 1700-2000 keV,60,0,8230,7.800037108522728,9.737540480114603
Attentive CNP + PE,m2,18866,0,104,500,SE,Tl-208 SE 2103 keV,6,0,2023,6.018211485758274,7.518888648363031
Attentive CNP + PE,m2,18866,0,104,500,continuum_2200_2400,Continuum 2200-2400 keV,40,0,9093,7.9490960990906,9.102934183170754
Attentive CNP + PE,m2,18866,0,104,500,FE,Tl-208 FE 2614 keV,5,1,8709,6.349562218928721,7.780446121051147
Attentive CNP + PE,m2,18866,0,104,500,sparse_tail,Sparse tail 2700-3000 keV,13,47,68,24.59579699300547,26.315897644573287
Attentive CNP + PE,m2,18866,0,105,500,full,Full 500-3000 keV,442,58,114299,8.676246352219245,10.94172319833885
Attentive CNP + PE,m2,18866,0,105,500,DEP,Tl-208 DEP 1592 keV,6,0,1323,6.981500093819247,7.908099736843592
Attentive CNP + PE,m2,18866,0,105,500,Bi-214,Bi-212 1620.74-keV feature,6,0,1361,8.698949844603606,10.226365051437844
Attentive CNP + PE,m2,18866,0,105,500,continuum_1700_2000,Continuum 1700-2000 keV,60,0,8230,7.835848512056394,9.77523021424778
Attentive CNP + PE,m2,18866,0,105,500,SE,Tl-208 SE 2103 keV,6,0,2023,6.121947975821712,7.6187135780546
Attentive CNP + PE,m2,18866,0,105,500,continuum_2200_2400,Continuum 2200-2400 keV,40,0,9093,7.966243823181192,9.108970947919891
Attentive CNP + PE,m2,18866,0,105,500,FE,Tl-208 FE 2614 keV,5,1,8709,6.189284074653092,7.559345963983103
Attentive CNP + PE,m2,18866,0,105,500,sparse_tail,Sparse tail 2700-3000 keV,13,47,68,24.57352108671042,26.278026276458423
Attentive CNP + PE,m2,18866,0,106,500,full,Full 500-3000 keV,442,58,114299,8.992426010908432,11.233264269290242
Attentive CNP + PE,m2,18866,0,106,500,DEP,Tl-208 DEP 1592 keV,6,0,1323,7.08891436326127,8.204451937880933
Attentive CNP + PE,m2,18866,0,106,500,Bi-214,Bi-212 1620.74-keV feature,6,0,1361,8.97335273375968,10.690662858643762
Attentive CNP + PE,m2,18866,0,106,500,continuum_1700_2000,Continuum 1700-2000 keV,60,0,8230,8.234232337384427,10.200291983568157
Attentive CNP + PE,m2,18866,0,106,500,SE,Tl-208 SE 2103 keV,6,0,2023,6.631655661379349,8.145653480856163
Attentive CNP + PE,m2,18866,0,106,500,continuum_2200_2400,Continuum 2200-2400 keV,40,0,9093,8.742274691803734,9.930974080411476
Attentive CNP + PE,m2,18866,0,106,500,FE,Tl-208 FE 2614 keV,5,1,8709,6.65757271780292,8.198449296566341
Attentive CNP + PE,m2,18866,0,106,500,sparse_tail,Sparse tail 2700-3000 keV,13,47,68,24.018533473181403,25.79522822744587
Attentive CNP + PE,m2,18866,0,107,500,full,Full 500-3000 keV,442,58,114299,8.332019843386359,10.647707777045923
Attentive CNP + PE,m2,18866,0,107,500,DEP,Tl-208 DEP 1592 keV,6,0,1323,6.78454004993805,7.561284205441423
Attentive CNP + PE,m2,18866,0,107,500,Bi-214,Bi-212 1620.74-keV feature,6,0,1361,8.277436030229842,9.735127724231608
Attentive CNP + PE,m2,18866,0,107,500,continuum_1700_2000,Continuum 1700-2000 keV,60,0,8230,7.502112346221826,9.440917718804752
Attentive CNP + PE,m2,18866,0,107,500,SE,Tl-208 SE 2103 keV,6,0,2023,5.627254208911923,7.129092378012013
Attentive CNP + PE,m2,18866,0,107,500,continuum_2200_2400,Continuum 2200-2400 keV,40,0,9093,7.440220999055866,8.5671562979913
Attentive CNP + PE,m2,18866,0,107,500,FE,Tl-208 FE 2614 keV,5,1,8709,6.079997012796325,7.424036868744152
Attentive CNP + PE,m2,18866,0,107,500,sparse_tail,Sparse tail 2700-3000 keV,13,47,68,25.040059454231677,26.745603879511176
Attentive CNP + PE,m2,18866,0,108,500,full,Full 500-3000 keV,442,58,114299,8.09793081748471,10.451919896297458
Attentive CNP + PE,m2,18866,0,108,500,DEP,Tl-208 DEP 1592 keV,6,0,1323,6.536226912043739,7.246068071805496
Attentive CNP + PE,m2,18866,0,108,500,Bi-214,Bi-212 1620.74-keV feature,6,0,1361,7.937283632084087,9.467414521505065
Attentive CNP + PE,m2,18866,0,108,500,continuum_1700_2000,Continuum 1700-2000 keV,60,0,8230,7.3529863048648,9.246450358421397
Attentive CNP + PE,m2,18866,0,108,500,SE,Tl-208 SE 2103 keV,6,0,2023,5.327043486026179,6.705177636051074
Attentive CNP + PE,m2,18866,0,108,500,continuum_2200_2400,Continuum 2200-2400 keV,40,0,9093,7.1466362907109655,8.295875002313565
Attentive CNP + PE,m2,18866,0,108,500,FE,Tl-208 FE 2614 keV,5,1,8709,6.057410347988686,7.469514754613901
Attentive CNP + PE,m2,18866,0,108,500,sparse_tail,Sparse tail 2700-3000 keV,13,47,68,25.38663734136773,27.12166954595644
Attentive CNP + PE,m2,18866,0,109,500,full,Full 500-3000 keV,442,58,114299,9.217553935410496,11.423004349693084
Attentive CNP + PE,m2,18866,0,109,500,DEP,Tl-208 DEP 1592 keV,6,0,1323,7.253732448001441,8.480620506291203
Attentive CNP + PE,m2,18866,0,109,500,Bi-214,Bi-212 1620.74-keV feature,6,0,1361,9.228828844558894,10.942990734423134
Attentive CNP + PE,m2,18866,0,109,500,continuum_1700_2000,Continuum 1700-2000 keV,60,0,8230,8.4257389507632,10.396678746577198
Attentive CNP + PE,m2,18866,0,109,500,SE,Tl-208 SE 2103 keV,6,0,2023,6.931327535397089,8.43361331299255
Attentive CNP + PE,m2,18866,0,109,500,continuum_2200_2400,Continuum 2200-2400 keV,40,0,9093,9.007539155372475,10.168784656376795
Attentive CNP + PE,m2,18866,0,109,500,FE,Tl-208 FE 2614 keV,5,1,8709,6.670028840304673,8.202665918238448
Attentive CNP + PE,m2,18866,0,109,500,sparse_tail,Sparse tail 2700-3000 keV,13,47,68,23.80589955942572,25.56182520994185
Attentive CNP + PE,m2,18866,1,100,500,full,Full 500-3000 keV,442,58,114299,8.981568847755273,11.285732495133626
Attentive CNP + PE,m2,18866,1,100,500,DEP,Tl-208 DEP 1592 keV,6,0,1323,6.904731510759195,8.300920069907896
Attentive CNP + PE,m2,18866,1,100,500,Bi-214,Bi-212 1620.74-keV feature,6,0,1361,8.930262739780744,11.107869589612791
Attentive CNP + PE,m2,18866,1,100,500,continuum_1700_2000,Continuum 1700-2000 keV,60,0,8230,7.694614279240421,9.42383601018762
Attentive CNP + PE,m2,18866,1,100,500,SE,Tl-208 SE 2103 keV,6,0,2023,5.6712520655097824,7.371135390013739
Attentive CNP + PE,m2,18866,1,100,500,continuum_2200_2400,Continuum 2200-2400 keV,40,0,9093,8.394929077629723,9.776535906268688
Attentive CNP + PE,m2,18866,1,100,500,FE,Tl-208 FE 2614 keV,5,1,8709,4.4253121833004325,5.495240469749928
Attentive CNP + PE,m2,18866,1,100,500,sparse_tail,Sparse tail 2700-3000 keV,13,47,68,22.15731457451162,26.833482140666877
Attentive CNP + PE,m2,18866,1,101,500,full,Full 500-3000 keV,442,58,114299,8.4931408851067,10.974975104053115
Attentive CNP + PE,m2,18866,1,101,500,DEP,Tl-208 DEP 1592 keV,6,0,1323,5.493713529987332,7.099529432875682
Attentive CNP + PE,m2,18866,1,101,500,Bi-214,Bi-212 1620.74-keV feature,6,0,1361,7.658923965644321,9.352767776756554
Attentive CNP + PE,m2,18866,1,101,500,continuum_1700_2000,Continuum 1700-2000 keV,60,0,8230,7.732023345127785,9.501691433497312
Attentive CNP + PE,m2,18866,1,101,500,SE,Tl-208 SE 2103 keV,6,0,2023,4.677859324909414,6.168264326073898
Attentive CNP + PE,m2,18866,1,101,500,continuum_2200_2400,Continuum 2200-2400 keV,40,0,9093,8.056671497085366,9.518548217547798
Attentive CNP + PE,m2,18866,1,101,500,FE,Tl-208 FE 2614 keV,5,1,8709,4.471838276055244,5.715625325119839
Attentive CNP + PE,m2,18866,1,101,500,sparse_tail,Sparse tail 2700-3000 keV,13,47,68,23.151484818761237,28.42476735821507
Attentive CNP + PE,m2,18866,1,102,500,full,Full 500-3000 keV,442,58,114299,8.912010648653164,11.27632234520938
Attentive CNP + PE,m2,18866,1,102,500,DEP,Tl-208 DEP 1592 keV,6,0,1323,6.310327770891251,7.833587320073711
Attentive CNP + PE,m2,18866,1,102,500,Bi-214,Bi-212 1620.74-keV feature,6,0,1361,8.11074067299225,10.250335929700572
Attentive CNP + PE,m2,18866,1,102,500,continuum_1700_2000,Continuum 1700-2000 keV,60,0,8230,7.90260233463581,9.619693293800836
Attentive CNP + PE,m2,18866,1,102,500,SE,Tl-208 SE 2103 keV,6,0,2023,5.363705746475508,6.941155977647895
Attentive CNP + PE,m2,18866,1,102,500,continuum_2200_2400,Continuum 2200-2400 keV,40,0,9093,8.62370856991294,10.014748580721626
Attentive CNP + PE,m2,18866,1,102,500,FE,Tl-208 FE 2614 keV,5,1,8709,4.425760967686592,5.539998868092908
Attentive CNP + PE,m2,18866,1,102,500,sparse_tail,Sparse tail 2700-3000 keV,13,47,68,22.784976989424425,27.76447064715306
Attentive CNP + PE,m2,18866,1,103,500,full,Full 500-3000 keV,442,58,114299,7.861104451452632,10.449242206749863
Attentive CNP + PE,m2,18866,1,103,500,DEP,Tl-208 DEP 1592 keV,6,0,1323,5.248485365992719,6.551828310898477
Attentive CNP + PE,m2,18866,1,103,500,Bi-214,Bi-212 1620.74-keV feature,6,0,1361,7.601235646780109,9.06846925148814
Attentive CNP + PE,m2,18866,1,103,500,continuum_1700_2000,Continuum 1700-2000 keV,60,0,8230,6.691188313462522,8.325466356136268
Attentive CNP + PE,m2,18866,1,103,500,SE,Tl-208 SE 2103 keV,6,0,2023,4.447850401457416,5.713862925586219
Attentive CNP + PE,m2,18866,1,103,500,continuum_2200_2400,Continuum 2200-2400 keV,40,0,9093,6.312073595790981,7.775187758502733
Attentive CNP + PE,m2,18866,1,103,500,FE,Tl-208 FE 2614 keV,5,1,8709,3.578650851904518,4.599390945290188
Attentive CNP + PE,m2,18866,1,103,500,sparse_tail,Sparse tail 2700-3000 keV,13,47,68,24.25931584945521,29.238818393348534
Attentive CNP + PE,m2,18866,1,104,500,full,Full 500-3000 keV,442,58,114299,8.113995058936903,10.665239616715112
Attentive CNP + PE,m2,18866,1,104,500,DEP,Tl-208 DEP 1592 keV,6,0,1323,5.513568140922103,6.870120863683837
Attentive CNP + PE,m2,18866,1,104,500,Bi-214,Bi-212 1620.74-keV feature,6,0,1361,7.794618705622926,9.454756920357688
Attentive CNP + PE,m2,18866,1,104,500,continuum_1700_2000,Continuum 1700-2000 keV,60,0,8230,6.860561327274405,8.553932317318868
Attentive CNP + PE,m2,18866,1,104,500,SE,Tl-208 SE 2103 keV,6,0,2023,4.655352704392098,6.086233738662721
Attentive CNP + PE,m2,18866,1,104,500,continuum_2200_2400,Continuum 2200-2400 keV,40,0,9093,6.774585024146916,8.226785311962624
Attentive CNP + PE,m2,18866,1,104,500,FE,Tl-208 FE 2614 keV,5,1,8709,3.6227343266166354,4.68441019568902
Attentive CNP + PE,m2,18866,1,104,500,sparse_tail,Sparse tail 2700-3000 keV,13,47,68,24.123379655409195,29.094394972516724
Attentive CNP + PE,m2,18866,1,105,500,full,Full 500-3000 keV,442,58,114299,8.121291658588087,10.66678602893368
Attentive CNP + PE,m2,18866,1,105,500,DEP,Tl-208 DEP 1592 keV,6,0,1323,5.680549494427761,6.9595338029639215
Attentive CNP + PE,m2,18866,1,105,500,Bi-214,Bi-212 1620.74-keV feature,6,0,1361,7.865288170307809,9.619591922519271
Attentive CNP + PE,m2,18866,1,105,500,continuum_1700_2000,Continuum 1700-2000 keV,60,0,8230,6.7612404813254185,8.359612914586851
Attentive CNP + PE,m2,18866,1,105,500,SE,Tl-208 SE 2103 keV,6,0,2023,4.794357127278311,6.219828876083822
Attentive CNP + PE,m2,18866,1,105,500,continuum_2200_2400,Continuum 2200-2400 keV,40,0,9093,6.56800001664744,8.042307871656957
Attentive CNP + PE,m2,18866,1,105,500,FE,Tl-208 FE 2614 keV,5,1,8709,3.3170752540102058,4.220886254941203
Attentive CNP + PE,m2,18866,1,105,500,sparse_tail,Sparse tail 2700-3000 keV,13,47,68,24.55499237821983,29.31525592570527
Attentive CNP + PE,m2,18866,1,106,500,full,Full 500-3000 keV,442,58,114299,8.592324287330456,11.047322838072462
Attentive CNP + PE,m2,18866,1,106,500,DEP,Tl-208 DEP 1592 keV,6,0,1323,6.00942667884233,7.408203084073079
Attentive CNP + PE,m2,18866,1,106,500,Bi-214,Bi-212 1620.74-keV feature,6,0,1361,7.982859317774289,9.912613624482946
Attentive CNP + PE,m2,18866,1,106,500,continuum_1700_2000,Continuum 1700-2000 keV,60,0,8230,7.388993299184597,9.1537447677416
Attentive CNP + PE,m2,18866,1,106,500,SE,Tl-208 SE 2103 keV,6,0,2023,4.905639470812172,6.585112777847097
Attentive CNP + PE,m2,18866,1,106,500,continuum_2200_2400,Continuum 2200-2400 keV,40,0,9093,7.798822285744544,9.231709918005263
Attentive CNP + PE,m2,18866,1,106,500,FE,Tl-208 FE 2614 keV,5,1,8709,3.9822098232302743,5.008684775641986
Attentive CNP + PE,m2,18866,1,106,500,sparse_tail,Sparse tail 2700-3000 keV,13,47,68,23.70748925152565,28.618074825464006
Attentive CNP + PE,m2,18866,1,107,500,full,Full 500-3000 keV,442,58,114299,7.960632154456375,10.532400443858574
Attentive CNP + PE,m2,18866,1,107,500,DEP,Tl-208 DEP 1592 keV,6,0,1323,5.355222982724792,6.707722949736563
Attentive CNP + PE,m2,18866,1,107,500,Bi-214,Bi-212 1620.74-keV feature,6,0,1361,7.704749715773894,9.296237571287245
Attentive CNP + PE,m2,18866,1,107,500,continuum_1700_2000,Continuum 1700-2000 keV,60,0,8230,6.711405716893946,8.345207485582348
Attentive CNP + PE,m2,18866,1,107,500,SE,Tl-208 SE 2103 keV,6,0,2023,4.606058930363336,5.926431985673484
Attentive CNP + PE,m2,18866,1,107,500,continuum_2200_2400,Continuum 2200-2400 keV,40,0,9093,6.448392185036941,7.915464206676968
Attentive CNP + PE,m2,18866,1,107,500,FE,Tl-208 FE 2614 keV,5,1,8709,3.536836646954912,4.571495435790154
Attentive CNP + PE,m2,18866,1,107,500,sparse_tail,Sparse tail 2700-3000 keV,13,47,68,24.218825881750973,29.20440390884732
Attentive CNP + PE,m2,18866,1,108,500,full,Full 500-3000 keV,442,58,114299,8.002350805115091,10.571599790553083
Attentive CNP + PE,m2,18866,1,108,500,DEP,Tl-208 DEP 1592 keV,6,0,1323,5.243623953596348,6.638059559720105
Attentive CNP + PE,m2,18866,1,108,500,Bi-214,Bi-212 1620.74-keV feature,6,0,1361,7.632430103405233,9.151099189678462
Attentive CNP + PE,m2,18866,1,108,500,continuum_1700_2000,Continuum 1700-2000 keV,60,0,8230,6.882404778164639,8.589626768127987
Attentive CNP + PE,m2,18866,1,108,500,SE,Tl-208 SE 2103 keV,6,0,2023,4.473823025297788,5.778193340841495
Attentive CNP + PE,m2,18866,1,108,500,continuum_2200_2400,Continuum 2200-2400 keV,40,0,9093,6.7693940940756026,8.2195452700658
Attentive CNP + PE,m2,18866,1,108,500,FE,Tl-208 FE 2614 keV,5,1,8709,3.686665650123596,4.839341945514964
Attentive CNP + PE,m2,18866,1,108,500,sparse_tail,Sparse tail 2700-3000 keV,13,47,68,23.993423453861613,29.08304606514324
Attentive CNP + PE,m2,18866,1,109,500,full,Full 500-3000 keV,442,58,114299,8.588538010127667,11.038870336176291
Attentive CNP + PE,m2,18866,1,109,500,DEP,Tl-208 DEP 1592 keV,6,0,1323,6.201510934880887,7.5277542016152
Attentive CNP + PE,m2,18866,1,109,500,Bi-214,Bi-212 1620.74-keV feature,6,0,1361,8.156454829046726,10.208972882123492
Attentive CNP + PE,m2,18866,1,109,500,continuum_1700_2000,Continuum 1700-2000 keV,60,0,8230,7.275109993046555,9.036054574580213
Attentive CNP + PE,m2,18866,1,109,500,SE,Tl-208 SE 2103 keV,6,0,2023,5.145306906182332,6.771517910352766
Attentive CNP + PE,m2,18866,1,109,500,continuum_2200_2400,Continuum 2200-2400 keV,40,0,9093,7.643872626441681,9.095261979886027
Attentive CNP + PE,m2,18866,1,109,500,FE,Tl-208 FE 2614 keV,5,1,8709,3.974961536802017,4.95119349020809
Attentive CNP + PE,m2,18866,1,109,500,sparse_tail,Sparse tail 2700-3000 keV,13,47,68,23.552803110163417,28.41378156267334
Attentive CNP + PE,m2,18866,2,100,500,full,Full 500-3000 keV,442,58,114299,8.328807283038833,10.568142945259549
Attentive CNP + PE,m2,18866,2,100,500,DEP,Tl-208 DEP 1592 keV,6,0,1323,5.41244661938233,6.504513075017063
Attentive CNP + PE,m2,18866,2,100,500,Bi-214,Bi-212 1620.74-keV feature,6,0,1361,8.323333514119275,9.67906268364425
Attentive CNP + PE,m2,18866,2,100,500,continuum_1700_2000,Continuum 1700-2000 keV,60,0,8230,7.444731460744361,9.186152581914335
Attentive CNP + PE,m2,18866,2,100,500,SE,Tl-208 SE 2103 keV,6,0,2023,4.689725972542692,6.031044942654304
Attentive CNP + PE,m2,18866,2,100,500,continuum_2200_2400,Continuum 2200-2400 keV,40,0,9093,7.016672935764413,8.20199457970759
Attentive CNP + PE,m2,18866,2,100,500,FE,Tl-208 FE 2614 keV,5,1,8709,4.678047486914958,5.416544411188302
Attentive CNP + PE,m2,18866,2,100,500,sparse_tail,Sparse tail 2700-3000 keV,13,47,68,20.11819411243017,22.03890560359672
Attentive CNP + PE,m2,18866,2,101,500,full,Full 500-3000 keV,442,58,114299,8.271052871767584,10.569322376351613
Attentive CNP + PE,m2,18866,2,101,500,DEP,Tl-208 DEP 1592 keV,6,0,1323,5.537589887539813,6.206927395782623
Attentive CNP + PE,m2,18866,2,101,500,Bi-214,Bi-212 1620.74-keV feature,6,0,1361,7.790101989419567,9.40979316952914
Attentive CNP + PE,m2,18866,2,101,500,continuum_1700_2000,Continuum 1700-2000 keV,60,0,8230,7.813356459870587,9.631853020850354
Attentive CNP + PE,m2,18866,2,101,500,SE,Tl-208 SE 2103 keV,6,0,2023,4.330447108491075,5.598268421233973
Attentive CNP + PE,m2,18866,2,101,500,continuum_2200_2400,Continuum 2200-2400 keV,40,0,9093,6.905383737928291,8.194302835875277
Attentive CNP + PE,m2,18866,2,101,500,FE,Tl-208 FE 2614 keV,5,1,8709,3.856990004744332,4.275862464798573
Attentive CNP + PE,m2,18866,2,101,500,sparse_tail,Sparse tail 2700-3000 keV,13,47,68,20.651005469094823,22.372794617339867
Attentive CNP + PE,m2,18866,2,102,500,full,Full 500-3000 keV,442,58,114299,8.578896850797449,10.825334576512372
Attentive CNP + PE,m2,18866,2,102,500,DEP,Tl-208 DEP 1592 keV,6,0,1323,5.859552157795366,6.622429647833875
Attentive CNP + PE,m2,18866,2,102,500,Bi-214,Bi-212 1620.74-keV feature,6,0,1361,8.258896707803292,9.85737295056078
Attentive CNP + PE,m2,18866,2,102,500,continuum_1700_2000,Continuum 1700-2000 keV,60,0,8230,8.061607853600764,9.855506028012853
Attentive CNP + PE,m2,18866,2,102,500,SE,Tl-208 SE 2103 keV,6,0,2023,4.789795351577337,6.14864203953442
Attentive CNP + PE,m2,18866,2,102,500,continuum_2200_2400,Continuum 2200-2400 keV,40,0,9093,7.541671758958948,8.785790861013067
Attentive CNP + PE,m2,18866,2,102,500,FE,Tl-208 FE 2614 keV,5,1,8709,4.3117498514759856,4.864398216654981
Attentive CNP + PE,m2,18866,2,102,500,sparse_tail,Sparse tail 2700-3000 keV,13,47,68,20.21708239321468,22.01990225111073
Attentive CNP + PE,m2,18866,2,103,500,full,Full 500-3000 keV,442,58,114299,7.453977718518087,9.910919913746303
Attentive CNP + PE,m2,18866,2,103,500,DEP,Tl-208 DEP 1592 keV,6,0,1323,4.600276100765947,5.196969018268407
Attentive CNP + PE,m2,18866,2,103,500,Bi-214,Bi-212 1620.74-keV feature,6,0,1361,6.944329396203579,8.080157614844518
Attentive CNP + PE,m2,18866,2,103,500,continuum_1700_2000,Continuum 1700-2000 keV,60,0,8230,6.532177953696115,8.148023113516608
Attentive CNP + PE,m2,18866,2,103,500,SE,Tl-208 SE 2103 keV,6,0,2023,3.8557494196560778,4.605647904325021
Attentive CNP + PE,m2,18866,2,103,500,continuum_2200_2400,Continuum 2200-2400 keV,40,0,9093,4.991908781501633,6.120011862198753
Attentive CNP + PE,m2,18866,2,103,500,FE,Tl-208 FE 2614 keV,5,1,8709,3.275126078600357,3.817506548929069
Attentive CNP + PE,m2,18866,2,103,500,sparse_tail,Sparse tail 2700-3000 keV,13,47,68,23.056955932868945,24.987572702917983
Attentive CNP + PE,m2,18866,2,104,500,full,Full 500-3000 keV,442,58,114299,7.716296733932856,10.132510073797723
Attentive CNP + PE,m2,18866,2,104,500,DEP,Tl-208 DEP 1592 keV,6,0,1323,4.623329350641135,5.48730678110863
Attentive CNP + PE,m2,18866,2,104,500,Bi-214,Bi-212 1620.74-keV feature,6,0,1361,7.333479012539641,8.558058176003211
Attentive CNP + PE,m2,18866,2,104,500,continuum_1700_2000,Continuum 1700-2000 keV,60,0,8230,6.747302673902005,8.44732231927116
Attentive CNP + PE,m2,18866,2,104,500,SE,Tl-208 SE 2103 keV,6,0,2023,4.130455816464516,5.038112330271497
Attentive CNP + PE,m2,18866,2,104,500,continuum_2200_2400,Continuum 2200-2400 keV,40,0,9093,5.565075616096267,6.746132466709972
Attentive CNP + PE,m2,18866,2,104,500,FE,Tl-208 FE 2614 keV,5,1,8709,3.5686379840287623,4.017235181019945
Attentive CNP + PE,m2,18866,2,104,500,sparse_tail,Sparse tail 2700-3000 keV,13,47,68,22.61149832034574,24.58407005456655
Attentive CNP + PE,m2,18866,2,105,500,full,Full 500-3000 keV,442,58,114299,7.665208395221279,10.126795966016305
Attentive CNP + PE,m2,18866,2,105,500,DEP,Tl-208 DEP 1592 keV,6,0,1323,4.769544977842235,5.449927682573064
Attentive CNP + PE,m2,18866,2,105,500,Bi-214,Bi-212 1620.74-keV feature,6,0,1361,7.2527468253468035,8.415098585062838
Attentive CNP + PE,m2,18866,2,105,500,continuum_1700_2000,Continuum 1700-2000 keV,60,0,8230,6.642734658720448,8.292216776648774
Attentive CNP + PE,m2,18866,2,105,500,SE,Tl-208 SE 2103 keV,6,0,2023,4.123828813771281,4.988043281187555
Attentive CNP + PE,m2,18866,2,105,500,continuum_2200_2400,Continuum 2200-2400 keV,40,0,9093,5.339703866715606,6.4877704891797965
Attentive CNP + PE,m2,18866,2,105,500,FE,Tl-208 FE 2614 keV,5,1,8709,3.5076810233912417,3.9702144481767023
Attentive CNP + PE,m2,18866,2,105,500,sparse_tail,Sparse tail 2700-3000 keV,13,47,68,23.362459434063137,25.48684325227593
Attentive CNP + PE,m2,18866,2,106,500,full,Full 500-3000 keV,442,58,114299,8.103327527776278,10.437457950098914
Attentive CNP + PE,m2,18866,2,106,500,DEP,Tl-208 DEP 1592 keV,6,0,1323,4.902099547437292,5.920651768535753
Attentive CNP + PE,m2,18866,2,106,500,Bi-214,Bi-212 1620.74-keV feature,6,0,1361,7.821780305178004,9.159087803040828
Attentive CNP + PE,m2,18866,2,106,500,continuum_1700_2000,Continuum 1700-2000 keV,60,0,8230,7.221243121851803,9.003289570773628
Attentive CNP + PE,m2,18866,2,106,500,SE,Tl-208 SE 2103 keV,6,0,2023,4.40567031607571,5.583002195116912
Attentive CNP + PE,m2,18866,2,106,500,continuum_2200_2400,Continuum 2200-2400 keV,40,0,9093,6.438936742489157,7.657901252812005
Attentive CNP + PE,m2,18866,2,106,500,FE,Tl-208 FE 2614 keV,5,1,8709,3.978439927266089,4.439305768857531
Attentive CNP + PE,m2,18866,2,106,500,sparse_tail,Sparse tail 2700-3000 keV,13,47,68,21.684621819748973,23.61525813513696
Attentive CNP + PE,m2,18866,2,107,500,full,Full 500-3000 keV,442,58,114299,7.549663221174431,9.98581612991841
Attentive CNP + PE,m2,18866,2,107,500,DEP,Tl-208 DEP 1592 keV,6,0,1323,4.655451916280633,5.338812084089156
Attentive CNP + PE,m2,18866,2,107,500,Bi-214,Bi-212 1620.74-keV feature,6,0,1361,7.041305302866972,8.249437078485961
Attentive CNP + PE,m2,18866,2,107,500,continuum_1700_2000,Continuum 1700-2000 keV,60,0,8230,6.578092287360257,8.214397318348174
Attentive CNP + PE,m2,18866,2,107,500,SE,Tl-208 SE 2103 keV,6,0,2023,4.005282657658152,4.809168812625242
Attentive CNP + PE,m2,18866,2,107,500,continuum_2200_2400,Continuum 2200-2400 keV,40,0,9093,5.2219536947286,6.368564637254635
Attentive CNP + PE,m2,18866,2,107,500,FE,Tl-208 FE 2614 keV,5,1,8709,3.394574971197664,3.8791324481474008
Attentive CNP + PE,m2,18866,2,107,500,sparse_tail,Sparse tail 2700-3000 keV,13,47,68,22.83612045279981,24.791344253027976
Attentive CNP + PE,m2,18866,2,108,500,full,Full 500-3000 keV,442,58,114299,7.517886533899822,9.928855827091002
Attentive CNP + PE,m2,18866,2,108,500,DEP,Tl-208 DEP 1592 keV,6,0,1323,4.457655038870074,5.243238042676661
Attentive CNP + PE,m2,18866,2,108,500,Bi-214,Bi-212 1620.74-keV feature,6,0,1361,7.0073981566536645,8.2581240656959
Attentive CNP + PE,m2,18866,2,108,500,continuum_1700_2000,Continuum 1700-2000 keV,60,0,8230,6.679130705031884,8.364952475252087
Attentive CNP + PE,m2,18866,2,108,500,SE,Tl-208 SE 2103 keV,6,0,2023,3.8728168140979102,4.641005545367548
Attentive CNP + PE,m2,18866,2,108,500,continuum_2200_2400,Continuum 2200-2400 keV,40,0,9093,5.2419731286846885,6.415420192729836
Attentive CNP + PE,m2,18866,2,108,500,FE,Tl-208 FE 2614 keV,5,1,8709,3.323382495697793,3.848061853775732
Attentive CNP + PE,m2,18866,2,108,500,sparse_tail,Sparse tail 2700-3000 keV,13,47,68,22.2917161892768,24.100243465549887
Attentive CNP + PE,m2,18866,2,109,500,full,Full 500-3000 keV,442,58,114299,8.141723397771267,10.496983330691345
Attentive CNP + PE,m2,18866,2,109,500,DEP,Tl-208 DEP 1592 keV,6,0,1323,4.852484513598173,5.972832796574932
Attentive CNP + PE,m2,18866,2,109,500,Bi-214,Bi-212 1620.74-keV feature,6,0,1361,7.966811043373744,9.2235563724786
Attentive CNP + PE,m2,18866,2,109,500,continuum_1700_2000,Continuum 1700-2000 keV,60,0,8230,7.173507735600847,8.959524448602037
Attentive CNP + PE,m2,18866,2,109,500,SE,Tl-208 SE 2103 keV,6,0,2023,4.47999586447772,5.691121066010052
Attentive CNP + PE,m2,18866,2,109,500,continuum_2200_2400,Continuum 2200-2400 keV,40,0,9093,6.4232870887847096,7.634025060074567
Attentive CNP + PE,m2,18866,2,109,500,FE,Tl-208 FE 2614 keV,5,1,8709,3.9915910989307983,4.414476926154124
Attentive CNP + PE,m2,18866,2,109,500,sparse_tail,Sparse tail 2700-3000 keV,13,47,68,22.01874807414528,24.0598718143956
Density-guided CNP (ours),ours,18866,0,100,500,full,Full 500-3000 keV,442,58,114299,4.5851088007992695,6.064610310728787
Density-guided CNP (ours),ours,18866,0,100,500,DEP,Tl-208 DEP 1592 keV,6,0,1323,3.935115546654618,4.40096745537852
Density-guided CNP (ours),ours,18866,0,100,500,Bi-214,Bi-212 1620.74-keV feature,6,0,1361,4.921796426297934,5.691844820937988
Density-guided CNP (ours),ours,18866,0,100,500,continuum_1700_2000,Continuum 1700-2000 keV,60,0,8230,4.205214833965672,5.130090965274716
Density-guided CNP (ours),ours,18866,0,100,500,SE,Tl-208 SE 2103 keV,6,0,2023,2.902653699371485,3.472452617794545
Density-guided CNP (ours),ours,18866,0,100,500,continuum_2200_2400,Continuum 2200-2400 keV,40,0,9093,3.984120131167831,4.827714451016598
Density-guided CNP (ours),ours,18866,0,100,500,FE,Tl-208 FE 2614 keV,5,1,8709,4.10168720080957,5.578415881774745
Density-guided CNP (ours),ours,18866,0,100,500,sparse_tail,Sparse tail 2700-3000 keV,13,47,68,14.463163596997456,17.06019459968781
Density-guided CNP (ours),ours,18866,0,101,500,full,Full 500-3000 keV,442,58,114299,4.386420318654823,5.555926082419758
Density-guided CNP (ours),ours,18866,0,101,500,DEP,Tl-208 DEP 1592 keV,6,0,1323,3.382861924247641,3.930142137346692
Density-guided CNP (ours),ours,18866,0,101,500,Bi-214,Bi-212 1620.74-keV feature,6,0,1361,4.325082166128199,5.09490348943852
Density-guided CNP (ours),ours,18866,0,101,500,continuum_1700_2000,Continuum 1700-2000 keV,60,0,8230,4.2650089256249,5.151492344111726
Density-guided CNP (ours),ours,18866,0,101,500,SE,Tl-208 SE 2103 keV,6,0,2023,2.904835020087966,3.4795839600097875
Density-guided CNP (ours),ours,18866,0,101,500,continuum_2200_2400,Continuum 2200-2400 keV,40,0,9093,4.203265475145414,5.090139988480658
Density-guided CNP (ours),ours,18866,0,101,500,FE,Tl-208 FE 2614 keV,5,1,8709,7.140486660040471,8.377083325264497
Density-guided CNP (ours),ours,18866,0,101,500,sparse_tail,Sparse tail 2700-3000 keV,13,47,68,8.171253392119667,10.34791936286121
Density-guided CNP (ours),ours,18866,0,102,500,full,Full 500-3000 keV,442,58,114299,4.366690893426624,5.560662231165249
Density-guided CNP (ours),ours,18866,0,102,500,DEP,Tl-208 DEP 1592 keV,6,0,1323,3.5473299528860247,4.0384677498460695
Density-guided CNP (ours),ours,18866,0,102,500,Bi-214,Bi-212 1620.74-keV feature,6,0,1361,4.35227335112924,5.265058429449077
Density-guided CNP (ours),ours,18866,0,102,500,continuum_1700_2000,Continuum 1700-2000 keV,60,0,8230,4.245197765501593,5.146236617180508
Density-guided CNP (ours),ours,18866,0,102,500,SE,Tl-208 SE 2103 keV,6,0,2023,2.905681888354374,3.466589472931556
Density-guided CNP (ours),ours,18866,0,102,500,continuum_2200_2400,Continuum 2200-2400 keV,40,0,9093,4.036284943935058,4.890876910448892
Density-guided CNP (ours),ours,18866,0,102,500,FE,Tl-208 FE 2614 keV,5,1,8709,5.903519488207816,7.467409440718184
Density-guided CNP (ours),ours,18866,0,102,500,sparse_tail,Sparse tail 2700-3000 keV,13,47,68,9.20665102290556,11.603923105429049
Density-guided CNP (ours),ours,18866,0,103,500,full,Full 500-3000 keV,442,58,114299,4.461752649960628,5.900278152857345
Density-guided CNP (ours),ours,18866,0,103,500,DEP,Tl-208 DEP 1592 keV,6,0,1323,3.854908926524939,4.320916907490025
Density-guided CNP (ours),ours,18866,0,103,500,Bi-214,Bi-212 1620.74-keV feature,6,0,1361,4.794538177190455,5.589540160739202
Density-guided CNP (ours),ours,18866,0,103,500,continuum_1700_2000,Continuum 1700-2000 keV,60,0,8230,4.238257517080577,5.137731731721053
Density-guided CNP (ours),ours,18866,0,103,500,SE,Tl-208 SE 2103 keV,6,0,2023,2.888296266044545,3.506182411398429
Density-guided CNP (ours),ours,18866,0,103,500,continuum_2200_2400,Continuum 2200-2400 keV,40,0,9093,3.9369631715959903,4.770584596511746
Density-guided CNP (ours),ours,18866,0,103,500,FE,Tl-208 FE 2614 keV,5,1,8709,4.0004909926398975,5.397160577804091
Density-guided CNP (ours),ours,18866,0,103,500,sparse_tail,Sparse tail 2700-3000 keV,13,47,68,11.868619082066806,15.8359531631803
Density-guided CNP (ours),ours,18866,0,104,500,full,Full 500-3000 keV,442,58,114299,4.430048319363573,5.754768557761737
Density-guided CNP (ours),ours,18866,0,104,500,DEP,Tl-208 DEP 1592 keV,6,0,1323,3.354026988365657,3.9126304010412793
Density-guided CNP (ours),ours,18866,0,104,500,Bi-214,Bi-212 1620.74-keV feature,6,0,1361,4.33400778314871,5.065380221026083
Density-guided CNP (ours),ours,18866,0,104,500,continuum_1700_2000,Continuum 1700-2000 keV,60,0,8230,4.264114888549433,5.151130718048835
Density-guided CNP (ours),ours,18866,0,104,500,SE,Tl-208 SE 2103 keV,6,0,2023,2.905188075063732,3.480242727068952
Density-guided CNP (ours),ours,18866,0,104,500,continuum_2200_2400,Continuum 2200-2400 keV,40,0,9093,4.115947062234821,4.98610396851576
Density-guided CNP (ours),ours,18866,0,104,500,FE,Tl-208 FE 2614 keV,5,1,8709,4.940117637584937,5.957507847205506
Density-guided CNP (ours),ours,18866,0,104,500,sparse_tail,Sparse tail 2700-3000 keV,13,47,68,10.408049358307837,13.749584547205837
Density-guided CNP (ours),ours,18866,0,105,500,full,Full 500-3000 keV,442,58,114299,4.853620195159105,6.974035321389555
Density-guided CNP (ours),ours,18866,0,105,500,DEP,Tl-208 DEP 1592 keV,6,0,1323,3.605548889684677,4.088379493313816
Density-guided CNP (ours),ours,18866,0,105,500,Bi-214,Bi-212 1620.74-keV feature,6,0,1361,4.442170904673612,5.325728727661491
Density-guided CNP (ours),ours,18866,0,105,500,continuum_1700_2000,Continuum 1700-2000 keV,60,0,8230,4.251338991792566,5.145903030380841
Density-guided CNP (ours),ours,18866,0,105,500,SE,Tl-208 SE 2103 keV,6,0,2023,2.8930942370514514,3.492805136930051
Density-guided CNP (ours),ours,18866,0,105,500,continuum_2200_2400,Continuum 2200-2400 keV,40,0,9093,3.970538209676537,4.811888995043589
Density-guided CNP (ours),ours,18866,0,105,500,FE,Tl-208 FE 2614 keV,5,1,8709,3.647511360081015,4.875482376627098
Density-guided CNP (ours),ours,18866,0,105,500,sparse_tail,Sparse tail 2700-3000 keV,13,47,68,25.29603620009572,26.736844517930837
Density-guided CNP (ours),ours,18866,0,106,500,full,Full 500-3000 keV,442,58,114299,4.446581299294474,5.819374866088052
Density-guided CNP (ours),ours,18866,0,106,500,DEP,Tl-208 DEP 1592 keV,6,0,1323,3.5457824328679317,4.038758278845512
Density-guided CNP (ours),ours,18866,0,106,500,Bi-214,Bi-212 1620.74-keV feature,6,0,1361,4.357158750156337,5.268330080758444
Density-guided CNP (ours),ours,18866,0,106,500,continuum_1700_2000,Continuum 1700-2000 keV,60,0,8230,4.25155159462988,5.14513468538712
Density-guided CNP (ours),ours,18866,0,106,500,SE,Tl-208 SE 2103 keV,6,0,2023,2.888522737185016,3.501864015529353
Density-guided CNP (ours),ours,18866,0,106,500,continuum_2200_2400,Continuum 2200-2400 keV,40,0,9093,3.9697874566505615,4.814872298707596
Density-guided CNP (ours),ours,18866,0,106,500,FE,Tl-208 FE 2614 keV,5,1,8709,4.064841483025911,5.448794262007888
Density-guided CNP (ours),ours,18866,0,106,500,sparse_tail,Sparse tail 2700-3000 keV,13,47,68,10.814945566165248,14.242442559428914
Density-guided CNP (ours),ours,18866,0,107,500,full,Full 500-3000 keV,442,58,114299,4.483021355652811,5.947369499253361
Density-guided CNP (ours),ours,18866,0,107,500,DEP,Tl-208 DEP 1592 keV,6,0,1323,3.397098298473852,3.93324185185326
Density-guided CNP (ours),ours,18866,0,107,500,Bi-214,Bi-212 1620.74-keV feature,6,0,1361,4.298950914604599,5.100233765832626
Density-guided CNP (ours),ours,18866,0,107,500,continuum_1700_2000,Continuum 1700-2000 keV,60,0,8230,4.269526553772256,5.153168386642862
Density-guided CNP (ours),ours,18866,0,107,500,SE,Tl-208 SE 2103 keV,6,0,2023,2.899902989702424,3.4875411693003624
Density-guided CNP (ours),ours,18866,0,107,500,continuum_2200_2400,Continuum 2200-2400 keV,40,0,9093,4.086929487339214,4.957279760162898
Density-guided CNP (ours),ours,18866,0,107,500,FE,Tl-208 FE 2614 keV,5,1,8709,4.720810149622778,5.781147828485289
Density-guided CNP (ours),ours,18866,0,107,500,sparse_tail,Sparse tail 2700-3000 keV,13,47,68,12.917489400441095,16.623387278777965
Density-guided CNP (ours),ours,18866,0,108,500,full,Full 500-3000 keV,442,58,114299,4.416539798136173,5.707720751539464
Density-guided CNP (ours),ours,18866,0,108,500,DEP,Tl-208 DEP 1592 keV,6,0,1323,3.499622149632966,4.003585089249405
Density-guided CNP (ours),ours,18866,0,108,500,Bi-214,Bi-212 1620.74-keV feature,6,0,1361,4.283158609002854,5.217287835519951
Density-guided CNP (ours),ours,18866,0,108,500,continuum_1700_2000,Continuum 1700-2000 keV,60,0,8230,4.255713641510543,5.146743000018385
Density-guided CNP (ours),ours,18866,0,108,500,SE,Tl-208 SE 2103 keV,6,0,2023,2.8957105645876258,3.4898959721965794
Density-guided CNP (ours),ours,18866,0,108,500,continuum_2200_2400,Continuum 2200-2400 keV,40,0,9093,4.087566812210571,4.965563676623751
Density-guided CNP (ours),ours,18866,0,108,500,FE,Tl-208 FE 2614 keV,5,1,8709,5.688140591278419,6.616792170100037
Density-guided CNP (ours),ours,18866,0,108,500,sparse_tail,Sparse tail 2700-3000 keV,13,47,68,9.978258538020391,12.914295117934993
Density-guided CNP (ours),ours,18866,0,109,500,full,Full 500-3000 keV,442,58,114299,4.4658230214179,5.85849388607163
Density-guided CNP (ours),ours,18866,0,109,500,DEP,Tl-208 DEP 1592 keV,6,0,1323,3.568263033816436,4.056417034901064
Density-guided CNP (ours),ours,18866,0,109,500,Bi-214,Bi-212 1620.74-keV feature,6,0,1361,4.413420828013902,5.307572109263464
Density-guided CNP (ours),ours,18866,0,109,500,continuum_1700_2000,Continuum 1700-2000 keV,60,0,8230,4.240741403864471,5.14038891751726
Density-guided CNP (ours),ours,18866,0,109,500,SE,Tl-208 SE 2103 keV,6,0,2023,2.8927886666882854,3.4987480793674823
Density-guided CNP (ours),ours,18866,0,109,500,continuum_2200_2400,Continuum 2200-2400 keV,40,0,9093,3.951048939416189,4.788349669555092
Density-guided CNP (ours),ours,18866,0,109,500,FE,Tl-208 FE 2614 keV,5,1,8709,4.066570007717456,5.516736034385228
Density-guided CNP (ours),ours,18866,0,109,500,sparse_tail,Sparse tail 2700-3000 keV,13,47,68,11.297255201843038,15.331376498997551
Density-guided CNP (ours),ours,18866,1,100,500,full,Full 500-3000 keV,442,58,114299,4.419009825340414,6.005952206815346
Density-guided CNP (ours),ours,18866,1,100,500,DEP,Tl-208 DEP 1592 keV,6,0,1323,3.107751265440821,3.4891514282634635
Density-guided CNP (ours),ours,18866,1,100,500,Bi-214,Bi-212 1620.74-keV feature,6,0,1361,3.4173584064959983,4.014112917400395
Density-guided CNP (ours),ours,18866,1,100,500,continuum_1700_2000,Continuum 1700-2000 keV,60,0,8230,4.7045534920174354,5.415351910793185
Density-guided CNP (ours),ours,18866,1,100,500,SE,Tl-208 SE 2103 keV,6,0,2023,3.136432437453464,4.429490297563389
Density-guided CNP (ours),ours,18866,1,100,500,continuum_2200_2400,Continuum 2200-2400 keV,40,0,9093,2.9890754260555448,3.5526932614226148
Density-guided CNP (ours),ours,18866,1,100,500,FE,Tl-208 FE 2614 keV,5,1,8709,4.692257881476922,5.129521772422739
Density-guided CNP (ours),ours,18866,1,100,500,sparse_tail,Sparse tail 2700-3000 keV,13,47,68,16.30808588054079,18.54443930624669
Density-guided CNP (ours),ours,18866,1,101,500,full,Full 500-3000 keV,442,58,114299,4.209704814457405,5.4121600029747405
Density-guided CNP (ours),ours,18866,1,101,500,DEP,Tl-208 DEP 1592 keV,6,0,1323,2.5688329157335543,3.359003179665157
Density-guided CNP (ours),ours,18866,1,101,500,Bi-214,Bi-212 1620.74-keV feature,6,0,1361,3.3285348236860552,4.2766499295566405
Density-guided CNP (ours),ours,18866,1,101,500,continuum_1700_2000,Continuum 1700-2000 keV,60,0,8230,4.968865375713065,5.628295072453287
Density-guided CNP (ours),ours,18866,1,101,500,SE,Tl-208 SE 2103 keV,6,0,2023,3.158690591096088,4.444947834943158
Density-guided CNP (ours),ours,18866,1,101,500,continuum_2200_2400,Continuum 2200-2400 keV,40,0,9093,3.063571525110443,3.683543490034774
Density-guided CNP (ours),ours,18866,1,101,500,FE,Tl-208 FE 2614 keV,5,1,8709,4.468159223986225,5.604858226876366
Density-guided CNP (ours),ours,18866,1,101,500,sparse_tail,Sparse tail 2700-3000 keV,13,47,68,8.66353265832593,10.78707130910052
Density-guided CNP (ours),ours,18866,1,102,500,full,Full 500-3000 keV,442,58,114299,4.261537034419929,5.536091094339829
Density-guided CNP (ours),ours,18866,1,102,500,DEP,Tl-208 DEP 1592 keV,6,0,1323,2.800166845793543,3.325681229969357
Density-guided CNP (ours),ours,18866,1,102,500,Bi-214,Bi-212 1620.74-keV feature,6,0,1361,3.1916214696979943,3.934774819140537
Density-guided CNP (ours),ours,18866,1,102,500,continuum_1700_2000,Continuum 1700-2000 keV,60,0,8230,4.88179964865567,5.555506324223608
Density-guided CNP (ours),ours,18866,1,102,500,SE,Tl-208 SE 2103 keV,6,0,2023,3.0993078811395667,4.38196444321146
Density-guided CNP (ours),ours,18866,1,102,500,continuum_2200_2400,Continuum 2200-2400 keV,40,0,9093,3.0079516061468325,3.5799698262036634
Density-guided CNP (ours),ours,18866,1,102,500,FE,Tl-208 FE 2614 keV,5,1,8709,3.9035968738510776,4.88793574247272
Density-guided CNP (ours),ours,18866,1,102,500,sparse_tail,Sparse tail 2700-3000 keV,13,47,68,10.427517569894835,12.537138553936485
Density-guided CNP (ours),ours,18866,1,103,500,full,Full 500-3000 keV,442,58,114299,4.602087228378582,6.378667216666818
Density-guided CNP (ours),ours,18866,1,103,500,DEP,Tl-208 DEP 1592 keV,6,0,1323,3.04854936228659,3.4327775336550257
Density-guided CNP (ours),ours,18866,1,103,500,Bi-214,Bi-212 1620.74-keV feature,6,0,1361,3.310859098134173,3.961404552971879
Density-guided CNP (ours),ours,18866,1,103,500,continuum_1700_2000,Continuum 1700-2000 keV,60,0,8230,4.8145982240954295,5.497783543206991
Density-guided CNP (ours),ours,18866,1,103,500,SE,Tl-208 SE 2103 keV,6,0,2023,3.374063055787672,4.658170683138179
Density-guided CNP (ours),ours,18866,1,103,500,continuum_2200_2400,Continuum 2200-2400 keV,40,0,9093,2.974724964061377,3.531319394587055
Density-guided CNP (ours),ours,18866,1,103,500,FE,Tl-208 FE 2614 keV,5,1,8709,4.574382437072494,5.033534805973951
Density-guided CNP (ours),ours,18866,1,103,500,sparse_tail,Sparse tail 2700-3000 keV,13,47,68,20.763565039238976,22.064588496834578
Density-guided CNP (ours),ours,18866,1,104,500,full,Full 500-3000 keV,442,58,114299,4.325706869685095,5.844288800452981
Density-guided CNP (ours),ours,18866,1,104,500,DEP,Tl-208 DEP 1592 keV,6,0,1323,2.5486440684796925,3.367579616859868
Density-guided CNP (ours),ours,18866,1,104,500,Bi-214,Bi-212 1620.74-keV feature,6,0,1361,3.3730506987914555,4.372186194695957
Density-guided CNP (ours),ours,18866,1,104,500,continuum_1700_2000,Continuum 1700-2000 keV,60,0,8230,4.962284558012256,5.622874289501643
Density-guided CNP (ours),ours,18866,1,104,500,SE,Tl-208 SE 2103 keV,6,0,2023,3.1637043189962863,4.453574063354639
Density-guided CNP (ours),ours,18866,1,104,500,continuum_2200_2400,Continuum 2200-2400 keV,40,0,9093,3.035341363732388,3.625066142871392
Density-guided CNP (ours),ours,18866,1,104,500,FE,Tl-208 FE 2614 keV,5,1,8709,3.986566438817128,4.825527998172382
Density-guided CNP (ours),ours,18866,1,104,500,sparse_tail,Sparse tail 2700-3000 keV,13,47,68,12.775973801775562,16.336990064705454
Density-guided CNP (ours),ours,18866,1,105,500,full,Full 500-3000 keV,442,58,114299,4.650805417029695,6.6454713566064125
Density-guided CNP (ours),ours,18866,1,105,500,DEP,Tl-208 DEP 1592 keV,6,0,1323,2.8548963861654304,3.3359664302052563
Density-guided CNP (ours),ours,18866,1,105,500,Bi-214,Bi-212 1620.74-keV feature,6,0,1361,3.1989217267582024,3.9149580533968895
Density-guided CNP (ours),ours,18866,1,105,500,continuum_1700_2000,Continuum 1700-2000 keV,60,0,8230,4.89796026952202,5.566215224217004
Density-guided CNP (ours),ours,18866,1,105,500,SE,Tl-208 SE 2103 keV,6,0,2023,3.28124025253148,4.5772582793149015
Density-guided CNP (ours),ours,18866,1,105,500,continuum_2200_2400,Continuum 2200-2400 keV,40,0,9093,2.9823680874444154,3.5439539296755163
Density-guided CNP (ours),ours,18866,1,105,500,FE,Tl-208 FE 2614 keV,5,1,8709,5.012363148137581,5.4364190329723385
Density-guided CNP (ours),ours,18866,1,105,500,sparse_tail,Sparse tail 2700-3000 keV,13,47,68,23.018669369573885,24.484858145710938
Density-guided CNP (ours),ours,18866,1,106,500,full,Full 500-3000 keV,442,58,114299,4.356583184332281,5.891452243570944
Density-guided CNP (ours),ours,18866,1,106,500,DEP,Tl-208 DEP 1592 keV,6,0,1323,2.795644042501562,3.326109578810815
Density-guided CNP (ours),ours,18866,1,106,500,Bi-214,Bi-212 1620.74-keV feature,6,0,1361,3.1921565179852984,3.932021979583797
Density-guided CNP (ours),ours,18866,1,106,500,continuum_1700_2000,Continuum 1700-2000 keV,60,0,8230,4.905029671194889,5.571235227521632
Density-guided CNP (ours),ours,18866,1,106,500,SE,Tl-208 SE 2103 keV,6,0,2023,3.3493657896133446,4.637520903217829
Density-guided CNP (ours),ours,18866,1,106,500,continuum_2200_2400,Continuum 2200-2400 keV,40,0,9093,2.9829159742066165,3.5464173511877592
Density-guided CNP (ours),ours,18866,1,106,500,FE,Tl-208 FE 2614 keV,5,1,8709,4.407016033280053,4.916269707320207
Density-guided CNP (ours),ours,18866,1,106,500,sparse_tail,Sparse tail 2700-3000 keV,13,47,68,13.112503269399362,16.76439365796763
Density-guided CNP (ours),ours,18866,1,107,500,full,Full 500-3000 keV,442,58,114299,4.597668293481324,6.435287377645574
Density-guided CNP (ours),ours,18866,1,107,500,DEP,Tl-208 DEP 1592 keV,6,0,1323,2.6013246881061307,3.339688282668792
Density-guided CNP (ours),ours,18866,1,107,500,Bi-214,Bi-212 1620.74-keV feature,6,0,1361,3.293043565325874,4.204274908182589
Density-guided CNP (ours),ours,18866,1,107,500,continuum_1700_2000,Continuum 1700-2000 keV,60,0,8230,4.958044262916959,5.619089721087477
Density-guided CNP (ours),ours,18866,1,107,500,SE,Tl-208 SE 2103 keV,6,0,2023,3.223555774953708,4.52511613781318
Density-guided CNP (ours),ours,18866,1,107,500,continuum_2200_2400,Continuum 2200-2400 keV,40,0,9093,3.022606164202553,3.604866281736583
Density-guided CNP (ours),ours,18866,1,107,500,FE,Tl-208 FE 2614 keV,5,1,8709,4.085939358628118,4.795875844684265
Density-guided CNP (ours),ours,18866,1,107,500,sparse_tail,Sparse tail 2700-3000 keV,13,47,68,21.21329527911577,22.55741761635032
Density-guided CNP (ours),ours,18866,1,108,500,full,Full 500-3000 keV,442,58,114299,4.3228608983784405,5.718227059916782
Density-guided CNP (ours),ours,18866,1,108,500,DEP,Tl-208 DEP 1592 keV,6,0,1323,2.7330863302576485,3.3282971721345955
Density-guided CNP (ours),ours,18866,1,108,500,Bi-214,Bi-212 1620.74-keV feature,6,0,1361,3.19497510772569,3.988121524228913
Density-guided CNP (ours),ours,18866,1,108,500,continuum_1700_2000,Continuum 1700-2000 keV,60,0,8230,4.915271619431218,5.58077315897819
Density-guided CNP (ours),ours,18866,1,108,500,SE,Tl-208 SE 2103 keV,6,0,2023,3.239754995815348,4.541793788812608
Density-guided CNP (ours),ours,18866,1,108,500,continuum_2200_2400,Continuum 2200-2400 keV,40,0,9093,3.0285913698996616,3.6190825341295576
Density-guided CNP (ours),ours,18866,1,108,500,FE,Tl-208 FE 2614 keV,5,1,8709,3.8127749975060383,5.024358914764027
Density-guided CNP (ours),ours,18866,1,108,500,sparse_tail,Sparse tail 2700-3000 keV,13,47,68,11.533746044969169,14.839565484332226
Density-guided CNP (ours),ours,18866,1,109,500,full,Full 500-3000 keV,442,58,114299,4.547539069108181,6.27408390144529
Density-guided CNP (ours),ours,18866,1,109,500,DEP,Tl-208 DEP 1592 keV,6,0,1323,2.8157965336047623,3.333991402405404
Density-guided CNP (ours),ours,18866,1,109,500,Bi-214,Bi-212 1620.74-keV feature,6,0,1361,3.202818925710497,3.919937620682775
Density-guided CNP (ours),ours,18866,1,109,500,continuum_1700_2000,Continuum 1700-2000 keV,60,0,8230,4.858249415139492,5.532552752294082
Density-guided CNP (ours),ours,18866,1,109,500,SE,Tl-208 SE 2103 keV,6,0,2023,3.3149426975482585,4.605633616811062
Density-guided CNP (ours),ours,18866,1,109,500,continuum_2200_2400,Continuum 2200-2400 keV,40,0,9093,2.978696529572846,3.5385903331380253
Density-guided CNP (ours),ours,18866,1,109,500,FE,Tl-208 FE 2614 keV,5,1,8709,4.6132321018525335,5.063862444698521
Density-guided CNP (ours),ours,18866,1,109,500,sparse_tail,Sparse tail 2700-3000 keV,13,47,68,19.68451874449017,20.956177744915365
Density-guided CNP (ours),ours,18866,2,100,500,full,Full 500-3000 keV,442,58,114299,4.482120291308707,6.011288018018305
Density-guided CNP (ours),ours,18866,2,100,500,DEP,Tl-208 DEP 1592 keV,6,0,1323,2.811183530078356,3.379230560318818
Density-guided CNP (ours),ours,18866,2,100,500,Bi-214,Bi-212 1620.74-keV feature,6,0,1361,2.508602933968008,2.9807325612163758
Density-guided CNP (ours),ours,18866,2,100,500,continuum_1700_2000,Continuum 1700-2000 keV,60,0,8230,5.014675845789506,5.686094149414108
Density-guided CNP (ours),ours,18866,2,100,500,SE,Tl-208 SE 2103 keV,6,0,2023,3.2993140797133345,4.477694999516486
Density-guided CNP (ours),ours,18866,2,100,500,continuum_2200_2400,Continuum 2200-2400 keV,40,0,9093,3.0248155238951107,3.62246915374974
Density-guided CNP (ours),ours,18866,2,100,500,FE,Tl-208 FE 2614 keV,5,1,8709,4.463079113451491,5.413098666723175
Density-guided CNP (ours),ours,18866,2,100,500,sparse_tail,Sparse tail 2700-3000 keV,13,47,68,15.342519278424248,18.29163465841582
Density-guided CNP (ours),ours,18866,2,101,500,full,Full 500-3000 keV,442,58,114299,4.345300987064442,5.505719810372038
Density-guided CNP (ours),ours,18866,2,101,500,DEP,Tl-208 DEP 1592 keV,6,0,1323,2.785435193321108,3.602241019755372
Density-guided CNP (ours),ours,18866,2,101,500,Bi-214,Bi-212 1620.74-keV feature,6,0,1361,2.742534665364553,3.4286605613454126
Density-guided CNP (ours),ours,18866,2,101,500,continuum_1700_2000,Continuum 1700-2000 keV,60,0,8230,5.285268745988429,5.9586606779840405
Density-guided CNP (ours),ours,18866,2,101,500,SE,Tl-208 SE 2103 keV,6,0,2023,3.3100688221255647,4.5129739359255225
Density-guided CNP (ours),ours,18866,2,101,500,continuum_2200_2400,Continuum 2200-2400 keV,40,0,9093,3.118503157750381,3.803373001681339
Density-guided CNP (ours),ours,18866,2,101,500,FE,Tl-208 FE 2614 keV,5,1,8709,5.559523921652902,6.592851092822462
Density-guided CNP (ours),ours,18866,2,101,500,sparse_tail,Sparse tail 2700-3000 keV,13,47,68,8.710266958846152,11.064004720349656
Density-guided CNP (ours),ours,18866,2,102,500,full,Full 500-3000 keV,442,58,114299,4.36141984712373,5.587254257140336
Density-guided CNP (ours),ours,18866,2,102,500,DEP,Tl-208 DEP 1592 keV,6,0,1323,2.809675216787761,3.516155779154811
Density-guided CNP (ours),ours,18866,2,102,500,Bi-214,Bi-212 1620.74-keV feature,6,0,1361,2.6021870931473523,2.946216379748618
Density-guided CNP (ours),ours,18866,2,102,500,continuum_1700_2000,Continuum 1700-2000 keV,60,0,8230,5.204976632255133,5.869425371005659
Density-guided CNP (ours),ours,18866,2,102,500,SE,Tl-208 SE 2103 keV,6,0,2023,3.287126126570663,4.430479329382342
Density-guided CNP (ours),ours,18866,2,102,500,continuum_2200_2400,Continuum 2200-2400 keV,40,0,9093,3.042082900134968,3.664796559850757
Density-guided CNP (ours),ours,18866,2,102,500,FE,Tl-208 FE 2614 keV,5,1,8709,4.384487431206343,5.811193191895195
Density-guided CNP (ours),ours,18866,2,102,500,sparse_tail,Sparse tail 2700-3000 keV,13,47,68,9.913833469925676,12.760944438412915
Density-guided CNP (ours),ours,18866,2,103,500,full,Full 500-3000 keV,442,58,114299,4.751828002109275,6.587562609291671
Density-guided CNP (ours),ours,18866,2,103,500,DEP,Tl-208 DEP 1592 keV,6,0,1323,2.7801038259052206,3.3894016797586253
Density-guided CNP (ours),ours,18866,2,103,500,Bi-214,Bi-212 1620.74-keV feature,6,0,1361,2.524394063502346,2.9266905690699536
Density-guided CNP (ours),ours,18866,2,103,500,continuum_1700_2000,Continuum 1700-2000 keV,60,0,8230,5.144137038798442,5.8161416574974805
Density-guided CNP (ours),ours,18866,2,103,500,SE,Tl-208 SE 2103 keV,6,0,2023,3.326882964739089,4.680653376666878
Density-guided CNP (ours),ours,18866,2,103,500,continuum_2200_2400,Continuum 2200-2400 keV,40,0,9093,3.0063374061193047,3.589824806691342
Density-guided CNP (ours),ours,18866,2,103,500,FE,Tl-208 FE 2614 keV,5,1,8709,4.357090156760292,5.389532774467101
Density-guided CNP (ours),ours,18866,2,103,500,sparse_tail,Sparse tail 2700-3000 keV,13,47,68,22.028038206895733,23.418116544479737
Density-guided CNP (ours),ours,18866,2,104,500,full,Full 500-3000 keV,442,58,114299,4.436744410247558,5.849049993048914
Density-guided CNP (ours),ours,18866,2,104,500,DEP,Tl-208 DEP 1592 keV,6,0,1323,2.7760374454772845,3.602363650172369
Density-guided CNP (ours),ours,18866,2,104,500,Bi-214,Bi-212 1620.74-keV feature,6,0,1361,2.7621118119504424,3.5253563560611765
Density-guided CNP (ours),ours,18866,2,104,500,continuum_1700_2000,Continuum 1700-2000 keV,60,0,8230,5.29022737054108,5.963674623124255
Density-guided CNP (ours),ours,18866,2,104,500,SE,Tl-208 SE 2103 keV,6,0,2023,3.3119728783531333,4.513388135988457
Density-guided CNP (ours),ours,18866,2,104,500,continuum_2200_2400,Continuum 2200-2400 keV,40,0,9093,3.0761098741093558,3.7247020118011114
Density-guided CNP (ours),ours,18866,2,104,500,FE,Tl-208 FE 2614 keV,5,1,8709,4.279180347920933,5.675770591617891
Density-guided CNP (ours),ours,18866,2,104,500,sparse_tail,Sparse tail 2700-3000 keV,13,47,68,11.561254602418334,15.23144444675881
Density-guided CNP (ours),ours,18866,2,105,500,full,Full 500-3000 keV,442,58,114299,4.8148140343664805,6.859207323035286
Density-guided CNP (ours),ours,18866,2,105,500,DEP,Tl-208 DEP 1592 keV,6,0,1323,2.805712437897874,3.496903677599276
Density-guided CNP (ours),ours,18866,2,105,500,Bi-214,Bi-212 1620.74-keV feature,6,0,1361,2.588080762066995,2.9138555545392286
Density-guided CNP (ours),ours,18866,2,105,500,continuum_1700_2000,Continuum 1700-2000 keV,60,0,8230,5.233323120036569,5.904309710655165
Density-guided CNP (ours),ours,18866,2,105,500,SE,Tl-208 SE 2103 keV,6,0,2023,3.32178441203562,4.612949106153256
Density-guided CNP (ours),ours,18866,2,105,500,continuum_2200_2400,Continuum 2200-2400 keV,40,0,9093,3.0185243228908973,3.611695667818292
Density-guided CNP (ours),ours,18866,2,105,500,FE,Tl-208 FE 2614 keV,5,1,8709,4.728497817814386,5.512285354848642
Density-guided CNP (ours),ours,18866,2,105,500,sparse_tail,Sparse tail 2700-3000 keV,13,47,68,24.01704570780825,25.721239579356464
Density-guided CNP (ours),ours,18866,2,106,500,full,Full 500-3000 keV,442,58,114299,4.4734510759890425,5.936145618510357
Density-guided CNP (ours),ours,18866,2,106,500,DEP,Tl-208 DEP 1592 keV,6,0,1323,2.8108913137016414,3.520449831140709
Density-guided CNP (ours),ours,18866,2,106,500,Bi-214,Bi-212 1620.74-keV feature,6,0,1361,2.601679416259205,2.946365579334659
Density-guided CNP (ours),ours,18866,2,106,500,continuum_1700_2000,Continuum 1700-2000 keV,60,0,8230,5.23177490688399,5.9033050462866985
Density-guided CNP (ours),ours,18866,2,106,500,SE,Tl-208 SE 2103 keV,6,0,2023,3.3244915566586317,4.669222828882053
Density-guided CNP (ours),ours,18866,2,106,500,continuum_2200_2400,Continuum 2200-2400 keV,40,0,9093,3.013922978186239,3.6098653634392055
Density-guided CNP (ours),ours,18866,2,106,500,FE,Tl-208 FE 2614 keV,5,1,8709,4.261135633694401,5.402876783976573
Density-guided CNP (ours),ours,18866,2,106,500,sparse_tail,Sparse tail 2700-3000 keV,13,47,68,12.668130102862026,16.363714908224885
Density-guided CNP (ours),ours,18866,2,107,500,full,Full 500-3000 keV,442,58,114299,4.781174213347268,6.684459334915063
Density-guided CNP (ours),ours,18866,2,107,500,DEP,Tl-208 DEP 1592 keV,6,0,1323,2.795355086870392,3.5963857944930107
Density-guided CNP (ours),ours,18866,2,107,500,Bi-214,Bi-212 1620.74-keV feature,6,0,1361,2.717173044262334,3.319261486871401
Density-guided CNP (ours),ours,18866,2,107,500,continuum_1700_2000,Continuum 1700-2000 keV,60,0,8230,5.292242706938017,5.967493669429479
Density-guided CNP (ours),ours,18866,2,107,500,SE,Tl-208 SE 2103 keV,6,0,2023,3.3270003843212868,4.5818917059278
Density-guided CNP (ours),ours,18866,2,107,500,continuum_2200_2400,Continuum 2200-2400 keV,40,0,9093,3.0581556305038182,3.697317639786842
Density-guided CNP (ours),ours,18866,2,107,500,FE,Tl-208 FE 2614 keV,5,1,8709,4.175874299826281,5.546703942593103
Density-guided CNP (ours),ours,18866,2,107,500,sparse_tail,Sparse tail 2700-3000 keV,13,47,68,22.63094311259114,24.071980905230824
Density-guided CNP (ours),ours,18866,2,108,500,full,Full 500-3000 keV,442,58,114299,4.465481192410083,5.795139155891513
Density-guided CNP (ours),ours,18866,2,108,500,DEP,Tl-208 DEP 1592 keV,6,0,1323,2.808313647411648,3.5683726235110127
Density-guided CNP (ours),ours,18866,2,108,500,Bi-214,Bi-212 1620.74-keV feature,6,0,1361,2.6341959715969683,3.0301686121350198
Density-guided CNP (ours),ours,18866,2,108,500,continuum_1700_2000,Continuum 1700-2000 keV,60,0,8230,5.2643304248866345,5.937556883110742
Density-guided CNP (ours),ours,18866,2,108,500,SE,Tl-208 SE 2103 keV,6,0,2023,3.329049326256977,4.6082215099508055
Density-guided CNP (ours),ours,18866,2,108,500,continuum_2200_2400,Continuum 2200-2400 keV,40,0,9093,3.061246675777636,3.707113823390952
Density-guided CNP (ours),ours,18866,2,108,500,FE,Tl-208 FE 2614 keV,5,1,8709,4.750174724904068,5.982446235323782
Density-guided CNP (ours),ours,18866,2,108,500,sparse_tail,Sparse tail 2700-3000 keV,13,47,68,11.399050788671945,14.393366227804632
Density-guided CNP (ours),ours,18866,2,109,500,full,Full 500-3000 keV,442,58,114299,4.679419175446666,6.434127684321932
Density-guided CNP (ours),ours,18866,2,109,500,DEP,Tl-208 DEP 1592 keV,6,0,1323,2.812728411845207,3.5224418067778025
Density-guided CNP (ours),ours,18866,2,109,500,Bi-214,Bi-212 1620.74-keV feature,6,0,1361,2.59377161532313,2.9292597984773256
Density-guided CNP (ours),ours,18866,2,109,500,continuum_1700_2000,Continuum 1700-2000 keV,60,0,8230,5.190015515594327,5.857669279365996
Density-guided CNP (ours),ours,18866,2,109,500,SE,Tl-208 SE 2103 keV,6,0,2023,3.324883992112614,4.629635265021904
Density-guided CNP (ours),ours,18866,2,109,500,continuum_2200_2400,Continuum 2200-2400 keV,40,0,9093,3.0115506258863936,3.6001260509612583
Density-guided CNP (ours),ours,18866,2,109,500,FE,Tl-208 FE 2614 keV,5,1,8709,4.459197527731259,5.42666714427113
Density-guided CNP (ours),ours,18866,2,109,500,sparse_tail,Sparse tail 2700-3000 keV,13,47,68,20.84706782131412,22.26086432753741
CNP,m0,2000,0,100,500,full,Full 500-3000 keV,442,58,114299,6.5036217914292775,7.983203774335195
CNP,m0,2000,0,100,500,DEP,Tl-208 DEP 1592 keV,6,0,1323,8.857100210325848,12.678563235214963
CNP,m0,2000,0,100,500,Bi-214,Bi-212 1620.74-keV feature,6,0,1361,10.24711692405,11.918131301616151
CNP,m0,2000,0,100,500,continuum_1700_2000,Continuum 1700-2000 keV,60,0,8230,4.424594320838022,5.6323983587330915
CNP,m0,2000,0,100,500,SE,Tl-208 SE 2103 keV,6,0,2023,8.782599014889824,13.013194552303586
CNP,m0,2000,0,100,500,continuum_2200_2400,Continuum 2200-2400 keV,40,0,9093,6.984356197507266,7.793075337528145
CNP,m0,2000,0,100,500,FE,Tl-208 FE 2614 keV,5,1,8709,4.451847024334445,4.998414975038851
CNP,m0,2000,0,100,500,sparse_tail,Sparse tail 2700-3000 keV,13,47,68,6.553435302814864,7.6720488614884355
CNP,m0,2000,0,101,500,full,Full 500-3000 keV,442,58,114299,6.190044575956284,7.672566566190662
CNP,m0,2000,0,101,500,DEP,Tl-208 DEP 1592 keV,6,0,1323,8.461271829698564,12.299872704433017
CNP,m0,2000,0,101,500,Bi-214,Bi-212 1620.74-keV feature,6,0,1361,10.046824488342706,11.994446651878786
CNP,m0,2000,0,101,500,continuum_1700_2000,Continuum 1700-2000 keV,60,0,8230,4.198683074977364,5.346326767408235
CNP,m0,2000,0,101,500,SE,Tl-208 SE 2103 keV,6,0,2023,9.023952973463468,13.428556522258217
CNP,m0,2000,0,101,500,continuum_2200_2400,Continuum 2200-2400 keV,40,0,9093,6.300775845876039,7.095191170459356
CNP,m0,2000,0,101,500,FE,Tl-208 FE 2614 keV,5,1,8709,3.6983475281094345,4.34110832365034
CNP,m0,2000,0,101,500,sparse_tail,Sparse tail 2700-3000 keV,13,47,68,6.841469687972896,7.9003061026576615
CNP,m0,2000,0,102,500,full,Full 500-3000 keV,442,58,114299,6.538996888671736,8.017529235853386
CNP,m0,2000,0,102,500,DEP,Tl-208 DEP 1592 keV,6,0,1323,8.897560615417717,12.718256901777442
CNP,m0,2000,0,102,500,Bi-214,Bi-212 1620.74-keV feature,6,0,1361,10.267649683482084,11.911926129559943
CNP,m0,2000,0,102,500,continuum_1700_2000,Continuum 1700-2000 keV,60,0,8230,4.4491486892604994,5.665145030574008
CNP,m0,2000,0,102,500,SE,Tl-208 SE 2103 keV,6,0,2023,8.758379000366844,12.972902867357513
CNP,m0,2000,0,102,500,continuum_2200_2400,Continuum 2200-2400 keV,40,0,9093,7.05380778499189,7.860139865029796
CNP,m0,2000,0,102,500,FE,Tl-208 FE 2614 keV,5,1,8709,4.5085582391490036,5.049232766702716
CNP,m0,2000,0,102,500,sparse_tail,Sparse tail 2700-3000 keV,13,47,68,6.534097799747954,7.656898814503515
CNP,m0,2000,0,103,500,full,Full 500-3000 keV,442,58,114299,5.763919708496262,7.2844966020216075
CNP,m0,2000,0,103,500,DEP,Tl-208 DEP 1592 keV,6,0,1323,7.793775895605639,11.701473845548072
CNP,m0,2000,0,103,500,Bi-214,Bi-212 1620.74-keV feature,6,0,1361,9.709154312029945,12.18849074220627
CNP,m0,2000,0,103,500,continuum_1700_2000,Continuum 1700-2000 keV,60,0,8230,3.9652087640448017,5.026872008026413
CNP,m0,2000,0,103,500,SE,Tl-208 SE 2103 keV,6,0,2023,9.43340862688559,14.193244912158608
CNP,m0,2000,0,103,500,continuum_2200_2400,Continuum 2200-2400 keV,40,0,9093,5.16130680092061,5.9322600139476505
CNP,m0,2000,0,103,500,FE,Tl-208 FE 2614 keV,5,1,8709,2.7203136155282257,3.173348973134793
CNP,m0,2000,0,103,500,sparse_tail,Sparse tail 2700-3000 keV,13,47,68,7.503005750082115,8.472395248908667
CNP,m0,2000,0,104,500,full,Full 500-3000 keV,442,58,114299,6.0172743765416685,7.5075124263238076
CNP,m0,2000,0,104,500,DEP,Tl-208 DEP 1592 keV,6,0,1323,8.209747939151601,12.068259205721601
CNP,m0,2000,0,104,500,Bi-214,Bi-212 1620.74-keV feature,6,0,1361,9.919465208571753,12.057840172312856
CNP,m0,2000,0,104,500,continuum_1700_2000,Continuum 1700-2000 keV,60,0,8230,4.074252454631048,5.200079860187028
CNP,m0,2000,0,104,500,SE,Tl-208 SE 2103 keV,6,0,2023,9.180316406349034,13.712456045544414
CNP,m0,2000,0,104,500,continuum_2200_2400,Continuum 2200-2400 keV,40,0,9093,5.851986170827173,6.621172148197996
CNP,m0,2000,0,104,500,FE,Tl-208 FE 2614 keV,5,1,8709,3.2306699940076546,3.8151858347375676
CNP,m0,2000,0,104,500,sparse_tail,Sparse tail 2700-3000 keV,13,47,68,7.132009210751327,8.141920481087773
CNP,m0,2000,0,105,500,full,Full 500-3000 keV,442,58,114299,6.062886000034831,7.5492938965065175
CNP,m0,2000,0,105,500,DEP,Tl-208 DEP 1592 keV,6,0,1323,8.271175383858743,12.124095058025064
CNP,m0,2000,0,105,500,Bi-214,Bi-212 1620.74-keV feature,6,0,1361,9.950653862754349,12.041254703445654
CNP,m0,2000,0,105,500,continuum_1700_2000,Continuum 1700-2000 keV,60,0,8230,4.104685182483907,5.2330253575055945
CNP,m0,2000,0,105,500,SE,Tl-208 SE 2103 keV,6,0,2023,9.145035647127866,13.648123010157015
CNP,m0,2000,0,105,500,continuum_2200_2400,Continuum 2200-2400 keV,40,0,9093,5.921220407582369,6.687642790725445
CNP,m0,2000,0,105,500,FE,Tl-208 FE 2614 keV,5,1,8709,3.2278735246793246,3.81165369068056
CNP,m0,2000,0,105,500,sparse_tail,Sparse tail 2700-3000 keV,13,47,68,7.161496540045611,8.16653284346724
CNP,m0,2000,0,106,500,full,Full 500-3000 keV,442,58,114299,6.161087815298651,7.644553860206124
CNP,m0,2000,0,106,500,DEP,Tl-208 DEP 1592 keV,6,0,1323,8.420562849132653,12.261904264910251
CNP,m0,2000,0,106,500,Bi-214,Bi-212 1620.74-keV feature,6,0,1361,10.026084673431024,12.00378900492829
CNP,m0,2000,0,106,500,continuum_1700_2000,Continuum 1700-2000 keV,60,0,8230,4.177570243329405,5.320576827600827
CNP,m0,2000,0,106,500,SE,Tl-208 SE 2103 keV,6,0,2023,9.050344673058524,13.475906361620439
CNP,m0,2000,0,106,500,continuum_2200_2400,Continuum 2200-2400 keV,40,0,9093,6.214984528180152,7.001420172415239
CNP,m0,2000,0,106,500,FE,Tl-208 FE 2614 keV,5,1,8709,3.543542822775541,4.2105118049510715
CNP,m0,2000,0,106,500,sparse_tail,Sparse tail 2700-3000 keV,13,47,68,6.919998044972396,7.964925954749985
CNP,m0,2000,0,107,500,full,Full 500-3000 keV,442,58,114299,5.896205646822947,7.398487533140904
CNP,m0,2000,0,107,500,DEP,Tl-208 DEP 1592 keV,6,0,1323,8.017683153966555,11.896106652347479
CNP,m0,2000,0,107,500,Bi-214,Bi-212 1620.74-keV feature,6,0,1361,9.822430891148432,12.11442113337766
CNP,m0,2000,0,107,500,continuum_1700_2000,Continuum 1700-2000 keV,60,0,8230,4.006109669008125,5.109166841759021
CNP,m0,2000,0,107,500,SE,Tl-208 SE 2103 keV,6,0,2023,9.298455659053534,13.933842201005191
CNP,m0,2000,0,107,500,continuum_2200_2400,Continuum 2200-2400 keV,40,0,9093,5.5174506531158425,6.279575571747152
CNP,m0,2000,0,107,500,FE,Tl-208 FE 2614 keV,5,1,8709,2.9599766547175532,3.463575969746455
CNP,m0,2000,0,107,500,sparse_tail,Sparse tail 2700-3000 keV,13,47,68,7.339428915477547,8.325169470428177
CNP,m0,2000,0,108,500,full,Full 500-3000 keV,442,58,114299,5.745291131952125,7.269041096713594
CNP,m0,2000,0,108,500,DEP,Tl-208 DEP 1592 keV,6,0,1323,7.762651817491763,11.674970048770927
CNP,m0,2000,0,108,500,Bi-214,Bi-212 1620.74-keV feature,6,0,1361,9.693490084922034,12.199574830221039
CNP,m0,2000,0,108,500,continuum_1700_2000,Continuum 1700-2000 keV,60,0,8230,3.9601414099857504,5.017671934874618
CNP,m0,2000,0,108,500,SE,Tl-208 SE 2103 keV,6,0,2023,9.451982689567998,14.229094938934542
CNP,m0,2000,0,108,500,continuum_2200_2400,Continuum 2200-2400 keV,40,0,9093,5.1129172729480565,5.8853855075112405
CNP,m0,2000,0,108,500,FE,Tl-208 FE 2614 keV,5,1,8709,2.6864447061763745,3.134268197080217
CNP,m0,2000,0,108,500,sparse_tail,Sparse tail 2700-3000 keV,13,47,68,7.524617829340877,8.492072045437496
CNP,m0,2000,0,109,500,full,Full 500-3000 keV,442,58,114299,6.368354878608175,7.851564134727627
CNP,m0,2000,0,109,500,DEP,Tl-208 DEP 1592 keV,6,0,1323,8.695953634592176,12.522337750125715
CNP,m0,2000,0,109,500,Bi-214,Bi-212 1620.74-keV feature,6,0,1361,10.165463204781194,11.945563355685557
CNP,m0,2000,0,109,500,continuum_1700_2000,Continuum 1700-2000 keV,60,0,8230,4.327099430220707,5.507507579097663
CNP,m0,2000,0,109,500,SE,Tl-208 SE 2103 keV,6,0,2023,8.883618281248234,13.18405111705229
CNP,m0,2000,0,109,500,continuum_2200_2400,Continuum 2200-2400 keV,40,0,9093,6.662198226811719,7.47150059979832
CNP,m0,2000,0,109,500,FE,Tl-208 FE 2614 keV,5,1,8709,4.032686398177443,4.630062135834896
CNP,m0,2000,0,109,500,sparse_tail,Sparse tail 2700-3000 keV,13,47,68,6.73505339766728,7.812641894509485
CNP,m0,2000,1,100,500,full,Full 500-3000 keV,442,58,114299,5.179019000586398,6.9069833176591615
CNP,m0,2000,1,100,500,DEP,Tl-208 DEP 1592 keV,6,0,1323,6.717554856220281,10.476619416533136
CNP,m0,2000,1,100,500,Bi-214,Bi-212 1620.74-keV feature,6,0,1361,8.8366739754067,13.062181702605946
CNP,m0,2000,1,100,500,continuum_1700_2000,Continuum 1700-2000 keV,60,0,8230,5.149573137088637,6.1031663673617755
CNP,m0,2000,1,100,500,SE,Tl-208 SE 2103 keV,6,0,2023,14.794800107712902,18.349486557368742
CNP,m0,2000,1,100,500,continuum_2200_2400,Continuum 2200-2400 keV,40,0,9093,3.1295398838855313,3.8905226345266666
CNP,m0,2000,1,100,500,FE,Tl-208 FE 2614 keV,5,1,8709,3.0459544453899507,3.5938991235226334
CNP,m0,2000,1,100,500,sparse_tail,Sparse tail 2700-3000 keV,13,47,68,7.230801773841806,8.28890746001891
CNP,m0,2000,1,101,500,full,Full 500-3000 keV,442,58,114299,5.229222581252091,6.967512012318708
CNP,m0,2000,1,101,500,DEP,Tl-208 DEP 1592 keV,6,0,1323,6.703816803908087,10.459986230159972
CNP,m0,2000,1,101,500,Bi-214,Bi-212 1620.74-keV feature,6,0,1361,8.836599320227773,13.079481928464235
CNP,m0,2000,1,101,500,continuum_1700_2000,Continuum 1700-2000 keV,60,0,8230,5.171320989888817,6.127366991170595
CNP,m0,2000,1,101,500,SE,Tl-208 SE 2103 keV,6,0,2023,14.844387471941436,18.38944453692578
CNP,m0,2000,1,101,500,continuum_2200_2400,Continuum 2200-2400 keV,40,0,9093,3.0983375022878965,3.873076586025506
CNP,m0,2000,1,101,500,FE,Tl-208 FE 2614 keV,5,1,8709,2.775464172089718,3.276188914533804
CNP,m0,2000,1,101,500,sparse_tail,Sparse tail 2700-3000 keV,13,47,68,7.467255133619384,8.500912601577088
CNP,m0,2000,1,102,500,full,Full 500-3000 keV,442,58,114299,5.165200755058216,6.888204086937631
CNP,m0,2000,1,102,500,DEP,Tl-208 DEP 1592 keV,6,0,1323,6.733427286613026,10.495800962309856
CNP,m0,2000,1,102,500,Bi-214,Bi-212 1620.74-keV feature,6,0,1361,8.836716818799193,13.042134249256268
CNP,m0,2000,1,102,500,continuum_1700_2000,Continuum 1700-2000 keV,60,0,8230,5.122447967825878,6.073318834996807
CNP,m0,2000,1,102,500,SE,Tl-208 SE 2103 keV,6,0,2023,14.742413072748766,18.307379034290058
CNP,m0,2000,1,102,500,continuum_2200_2400,Continuum 2200-2400 keV,40,0,9093,3.1418049067138245,3.8977651043348343
CNP,m0,2000,1,102,500,FE,Tl-208 FE 2614 keV,5,1,8709,3.1067703473075814,3.6691409718824777
CNP,m0,2000,1,102,500,sparse_tail,Sparse tail 2700-3000 keV,13,47,68,7.1866553320760485,8.250905370181695
CNP,m0,2000,1,103,500,full,Full 500-3000 keV,442,58,114299,5.324772980782708,7.089683437005578
CNP,m0,2000,1,103,500,DEP,Tl-208 DEP 1592 keV,6,0,1323,6.7252188663853,10.485684617627744
CNP,m0,2000,1,103,500,Bi-214,Bi-212 1620.74-keV feature,6,0,1361,8.835731802176378,13.053505287848813
CNP,m0,2000,1,103,500,continuum_1700_2000,Continuum 1700-2000 keV,60,0,8230,5.151859141346153,6.106825394775897
CNP,m0,2000,1,103,500,SE,Tl-208 SE 2103 keV,6,0,2023,14.82071144846541,18.37005629135087
CNP,m0,2000,1,103,500,continuum_2200_2400,Continuum 2200-2400 keV,40,0,9093,3.070076524853748,3.8609981393456394
CNP,m0,2000,1,103,500,FE,Tl-208 FE 2614 keV,5,1,8709,2.337937241587625,2.718380090319964
CNP,m0,2000,1,103,500,sparse_tail,Sparse tail 2700-3000 keV,13,47,68,8.111246549037238,9.098736595063372
CNP,m0,2000,1,104,500,full,Full 500-3000 keV,442,58,114299,5.236345856728947,6.970747199132124
CNP,m0,2000,1,104,500,DEP,Tl-208 DEP 1592 keV,6,0,1323,6.782335555185827,10.556208470767155
CNP,m0,2000,1,104,500,Bi-214,Bi-212 1620.74-keV feature,6,0,1361,8.855087372917087,12.981547890484293
CNP,m0,2000,1,104,500,continuum_1700_2000,Continuum 1700-2000 keV,60,0,8230,5.0524272525457565,5.998610453527559
CNP,m0,2000,1,104,500,SE,Tl-208 SE 2103 keV,6,0,2023,14.625861015718083,18.213299241633944
CNP,m0,2000,1,104,500,continuum_2200_2400,Continuum 2200-2400 keV,40,0,9093,3.0925804292165173,3.858985235133884
CNP,m0,2000,1,104,500,FE,Tl-208 FE 2614 keV,5,1,8709,2.5887005224838466,3.0760045553206465
CNP,m0,2000,1,104,500,sparse_tail,Sparse tail 2700-3000 keV,13,47,68,7.736212866801087,8.740228967010674
CNP,m0,2000,1,105,500,full,Full 500-3000 keV,442,58,114299,5.236409330808192,6.9722920394819115
CNP,m0,2000,1,105,500,DEP,Tl-208 DEP 1592 keV,6,0,1323,6.782197275717394,10.55618765153108
CNP,m0,2000,1,105,500,Bi-214,Bi-212 1620.74-keV feature,6,0,1361,8.854857301909437,12.982115845007803
CNP,m0,2000,1,105,500,continuum_1700_2000,Continuum 1700-2000 keV,60,0,8230,5.057061547078705,6.003686801131749
CNP,m0,2000,1,105,500,SE,Tl-208 SE 2103 keV,6,0,2023,14.632016721361035,18.218306799016624
CNP,m0,2000,1,105,500,continuum_2200_2400,Continuum 2200-2400 keV,40,0,9093,3.0897724394369988,3.8573227604632407
CNP,m0,2000,1,105,500,FE,Tl-208 FE 2614 keV,5,1,8709,2.5814854738818003,3.0694214990043056
CNP,m0,2000,1,105,500,sparse_tail,Sparse tail 2700-3000 keV,13,47,68,7.7580935585970385,8.758218067965453
CNP,m0,2000,1,106,500,full,Full 500-3000 keV,442,58,114299,5.233671865787127,6.972328191848122
CNP,m0,2000,1,106,500,DEP,Tl-208 DEP 1592 keV,6,0,1323,6.732078952860888,10.494249697882438
CNP,m0,2000,1,106,500,Bi-214,Bi-212 1620.74-keV feature,6,0,1361,8.836390044644297,13.043984999944517
CNP,m0,2000,1,106,500,continuum_1700_2000,Continuum 1700-2000 keV,60,0,8230,5.130756276361626,6.082965637272617
CNP,m0,2000,1,106,500,SE,Tl-208 SE 2103 keV,6,0,2023,14.770178407205373,18.329467740108125
CNP,m0,2000,1,106,500,continuum_2200_2400,Continuum 2200-2400 keV,40,0,9093,3.0923002170513665,3.8654757212572375
CNP,m0,2000,1,106,500,FE,Tl-208 FE 2614 keV,5,1,8709,2.682803485448589,3.1747230745494264
CNP,m0,2000,1,106,500,sparse_tail,Sparse tail 2700-3000 keV,13,47,68,7.589798329669914,8.609444965769764
CNP,m0,2000,1,107,500,full,Full 500-3000 keV,442,58,114299,5.282120107501824,7.0339785961726715
CNP,m0,2000,1,107,500,DEP,Tl-208 DEP 1592 keV,6,0,1323,6.7538067370719,10.520693728646124
CNP,m0,2000,1,107,500,Bi-214,Bi-212 1620.74-keV feature,6,0,1361,8.835839449054095,13.017683154600467
CNP,m0,2000,1,107,500,continuum_1700_2000,Continuum 1700-2000 keV,60,0,8230,5.105461049800163,6.055915585494629
CNP,m0,2000,1,107,500,SE,Tl-208 SE 2103 keV,6,0,2023,14.728958902727015,18.296187693683354
CNP,m0,2000,1,107,500,continuum_2200_2400,Continuum 2200-2400 keV,40,0,9093,3.0786290147337647,3.8547653295276687
CNP,m0,2000,1,107,500,FE,Tl-208 FE 2614 keV,5,1,8709,2.3955949149955043,2.860699388650606
CNP,m0,2000,1,107,500,sparse_tail,Sparse tail 2700-3000 keV,13,47,68,7.953793639593755,8.945231139147273
CNP,m0,2000,1,108,500,full,Full 500-3000 keV,442,58,114299,5.344684635082247,7.117435517531293
CNP,m0,2000,1,108,500,DEP,Tl-208 DEP 1592 keV,6,0,1323,6.69782201165494,10.45260352506284
CNP,m0,2000,1,108,500,Bi-214,Bi-212 1620.74-keV feature,6,0,1361,8.835912225359882,13.088596605524714
CNP,m0,2000,1,108,500,continuum_1700_2000,Continuum 1700-2000 keV,60,0,8230,5.197268611145468,6.1563724011422245
CNP,m0,2000,1,108,500,SE,Tl-208 SE 2103 keV,6,0,2023,14.906422376438483,18.439295126306053
CNP,m0,2000,1,108,500,continuum_2200_2400,Continuum 2200-2400 keV,40,0,9093,3.069238424069113,3.8693409547802795
CNP,m0,2000,1,108,500,FE,Tl-208 FE 2614 keV,5,1,8709,2.3161172547223425,2.6719192219722965
CNP,m0,2000,1,108,500,sparse_tail,Sparse tail 2700-3000 keV,13,47,68,8.144839957930412,9.134503232645454
CNP,m0,2000,1,109,500,full,Full 500-3000 keV,442,58,114299,5.177312753277277,6.896483441249095
CNP,m0,2000,1,109,500,DEP,Tl-208 DEP 1592 keV,6,0,1323,6.779193761335918,10.552461134993637
CNP,m0,2000,1,109,500,Bi-214,Bi-212 1620.74-keV feature,6,0,1361,8.852595537500058,12.985046252183965
CNP,m0,2000,1,109,500,continuum_1700_2000,Continuum 1700-2000 keV,60,0,8230,5.051750630728202,5.997469259536787
CNP,m0,2000,1,109,500,SE,Tl-208 SE 2103 keV,6,0,2023,14.614188967804786,18.20409058169262
CNP,m0,2000,1,109,500,continuum_2200_2400,Continuum 2200-2400 keV,40,0,9093,3.134832496875923,3.8844811146311033
CNP,m0,2000,1,109,500,FE,Tl-208 FE 2614 keV,5,1,8709,2.9509130341679173,3.47914828008785
CNP,m0,2000,1,109,500,sparse_tail,Sparse tail 2700-3000 keV,13,47,68,7.374444296086226,8.41152062167031
CNP,m0,2000,2,100,500,full,Full 500-3000 keV,442,58,114299,5.271595304542085,7.0478166181565385
CNP,m0,2000,2,100,500,DEP,Tl-208 DEP 1592 keV,6,0,1323,6.647074474425511,10.38089224819778
CNP,m0,2000,2,100,500,Bi-214,Bi-212 1620.74-keV feature,6,0,1361,8.84598297952796,13.151944440738317
CNP,m0,2000,2,100,500,continuum_1700_2000,Continuum 1700-2000 keV,60,0,8230,5.05105562175064,5.995691280432606
CNP,m0,2000,2,100,500,SE,Tl-208 SE 2103 keV,6,0,2023,15.459368840176227,18.884120616426618
CNP,m0,2000,2,100,500,continuum_2200_2400,Continuum 2200-2400 keV,40,0,9093,3.3573564547595254,4.168430616876972
CNP,m0,2000,2,100,500,FE,Tl-208 FE 2614 keV,5,1,8709,2.581791533116275,3.113543139450293
CNP,m0,2000,2,100,500,sparse_tail,Sparse tail 2700-3000 keV,13,47,68,7.288454915793087,8.327582179223594
CNP,m0,2000,2,101,500,full,Full 500-3000 keV,442,58,114299,5.249023117750001,7.011513947459101
CNP,m0,2000,2,101,500,DEP,Tl-208 DEP 1592 keV,6,0,1323,6.681507454251105,10.42071814992059
CNP,m0,2000,2,101,500,Bi-214,Bi-212 1620.74-keV feature,6,0,1361,8.846359634782395,13.106508084749645
CNP,m0,2000,2,101,500,continuum_1700_2000,Continuum 1700-2000 keV,60,0,8230,4.991762658427392,5.928129652701133
CNP,m0,2000,2,101,500,SE,Tl-208 SE 2103 keV,6,0,2023,15.326025250706204,18.775119963899186
CNP,m0,2000,2,101,500,continuum_2200_2400,Continuum 2200-2400 keV,40,0,9093,3.2886791023919373,4.099959413543755
CNP,m0,2000,2,101,500,FE,Tl-208 FE 2614 keV,5,1,8709,2.5405757746375572,3.0724193266121906
CNP,m0,2000,2,101,500,sparse_tail,Sparse tail 2700-3000 keV,13,47,68,7.392136461255819,8.41596083217881
CNP,m0,2000,2,102,500,full,Full 500-3000 keV,442,58,114299,5.2414224186673515,7.003689524091265
CNP,m0,2000,2,102,500,DEP,Tl-208 DEP 1592 keV,6,0,1323,6.6827938062712935,10.422319232583108
CNP,m0,2000,2,102,500,Bi-214,Bi-212 1620.74-keV feature,6,0,1361,8.845993497878148,13.105078168949994
CNP,m0,2000,2,102,500,continuum_1700_2000,Continuum 1700-2000 keV,60,0,8230,4.994559597724804,5.931936060437507
CNP,m0,2000,2,102,500,SE,Tl-208 SE 2103 keV,6,0,2023,15.345130955579597,18.790653516150492
CNP,m0,2000,2,102,500,continuum_2200_2400,Continuum 2200-2400 keV,40,0,9093,3.315167364716169,4.125264025941132
CNP,m0,2000,2,102,500,FE,Tl-208 FE 2614 keV,5,1,8709,2.7354797953957433,3.270417353553555
CNP,m0,2000,2,102,500,sparse_tail,Sparse tail 2700-3000 keV,13,47,68,7.178112640661041,8.231404197581139
CNP,m0,2000,2,103,500,full,Full 500-3000 keV,442,58,114299,5.350520840338994,7.149170295655827
CNP,m0,2000,2,103,500,DEP,Tl-208 DEP 1592 keV,6,0,1323,6.5612819210795,10.286069304751637
CNP,m0,2000,2,103,500,Bi-214,Bi-212 1620.74-keV feature,6,0,1361,8.846549673001327,13.264242471619136
CNP,m0,2000,2,103,500,continuum_1700_2000,Continuum 1700-2000 keV,60,0,8230,5.1698758519681505,6.123191321227282
CNP,m0,2000,2,103,500,SE,Tl-208 SE 2103 keV,6,0,2023,15.61542950477864,19.01237557921745
CNP,m0,2000,2,103,500,continuum_2200_2400,Continuum 2200-2400 keV,40,0,9093,3.3355974580566707,4.144172816975357
CNP,m0,2000,2,103,500,FE,Tl-208 FE 2614 keV,5,1,8709,2.24920320598473,2.5734870114128734
CNP,m0,2000,2,103,500,sparse_tail,Sparse tail 2700-3000 keV,13,47,68,8.156796866528161,9.128523484039992
CNP,m0,2000,2,104,500,full,Full 500-3000 keV,442,58,114299,5.252324016077139,7.009676374246572
CNP,m0,2000,2,104,500,DEP,Tl-208 DEP 1592 keV,6,0,1323,6.679518688105196,10.418860929058331
CNP,m0,2000,2,104,500,Bi-214,Bi-212 1620.74-keV feature,6,0,1361,8.846941033015488,13.107791390702117
CNP,m0,2000,2,104,500,continuum_1700_2000,Continuum 1700-2000 keV,60,0,8230,4.984420527910771,5.918341533770917
CNP,m0,2000,2,104,500,SE,Tl-208 SE 2103 keV,6,0,2023,15.272851043734944,18.73197935177942
CNP,m0,2000,2,104,500,continuum_2200_2400,Continuum 2200-2400 keV,40,0,9093,3.243281722689724,4.053900367252764
CNP,m0,2000,2,104,500,FE,Tl-208 FE 2614 keV,5,1,8709,2.4204394423330617,2.8856970590698943
CNP,m0,2000,2,104,500,sparse_tail,Sparse tail 2700-3000 keV,13,47,68,7.659373343148744,8.654952638898573
CNP,m0,2000,2,105,500,full,Full 500-3000 keV,442,58,114299,5.322605779186993,7.111514854676654
CNP,m0,2000,2,105,500,DEP,Tl-208 DEP 1592 keV,6,0,1323,6.591532321241384,10.319000708061697
CNP,m0,2000,2,105,500,Bi-214,Bi-212 1620.74-keV feature,6,0,1361,8.846535731356248,13.223982714995305
CNP,m0,2000,2,105,500,continuum_1700_2000,Continuum 1700-2000 keV,60,0,8230,5.125884928849909,6.075290844927383
CNP,m0,2000,2,105,500,SE,Tl-208 SE 2103 keV,6,0,2023,15.5516196540192,18.959920923889996
CNP,m0,2000,2,105,500,continuum_2200_2400,Continuum 2200-2400 keV,40,0,9093,3.3309226057351413,4.139195052498348
CNP,m0,2000,2,105,500,FE,Tl-208 FE 2614 keV,5,1,8709,2.3183805590732,2.6699538845601456
CNP,m0,2000,2,105,500,sparse_tail,Sparse tail 2700-3000 keV,13,47,68,7.917048156104032,8.900105493185052
CNP,m0,2000,2,106,500,full,Full 500-3000 keV,442,58,114299,5.2784033504995325,7.053088091577727
CNP,m0,2000,2,106,500,DEP,Tl-208 DEP 1592 keV,6,0,1323,6.641204158324149,10.374431303654957
CNP,m0,2000,2,106,500,Bi-214,Bi-212 1620.74-keV feature,6,0,1361,8.846571949763549,13.15872511263884
CNP,m0,2000,2,106,500,continuum_1700_2000,Continuum 1700-2000 keV,60,0,8230,5.051038346565543,5.994392555649093
CNP,m0,2000,2,106,500,SE,Tl-208 SE 2103 keV,6,0,2023,15.435815115793137,18.86482286262452
CNP,m0,2000,2,106,500,continuum_2200_2400,Continuum 2200-2400 keV,40,0,9093,3.319270172640239,4.127842359121294
CNP,m0,2000,2,106,500,FE,Tl-208 FE 2614 keV,5,1,8709,2.4321952545791463,2.914149518860986
CNP,m0,2000,2,106,500,sparse_tail,Sparse tail 2700-3000 keV,13,47,68,7.548690510230505,8.557005850210416
CNP,m0,2000,2,107,500,full,Full 500-3000 keV,442,58,114299,5.314487405879591,7.098783869768025
CNP,m0,2000,2,107,500,DEP,Tl-208 DEP 1592 keV,6,0,1323,6.596887289370572,10.32506177087565
CNP,m0,2000,2,107,500,Bi-214,Bi-212 1620.74-keV feature,6,0,1361,8.846716255811616,13.216344840081623
CNP,m0,2000,2,107,500,continuum_1700_2000,Continuum 1700-2000 keV,60,0,8230,5.112767653893014,6.060496275263499
CNP,m0,2000,2,107,500,SE,Tl-208 SE 2103 keV,6,0,2023,15.515118224414994,18.9300636469129
CNP,m0,2000,2,107,500,continuum_2200_2400,Continuum 2200-2400 keV,40,0,9093,3.3072783542028437,4.1180998546614775
CNP,m0,2000,2,107,500,FE,Tl-208 FE 2614 keV,5,1,8709,2.3208316222386305,2.6728397663274577
CNP,m0,2000,2,107,500,sparse_tail,Sparse tail 2700-3000 keV,13,47,68,7.931041030990101,8.9111848169033
CNP,m0,2000,2,108,500,full,Full 500-3000 keV,442,58,114299,5.357242501345814,7.1584936675449695
CNP,m0,2000,2,108,500,DEP,Tl-208 DEP 1592 keV,6,0,1323,6.549585656959045,10.273544837350054
CNP,m0,2000,2,108,500,Bi-214,Bi-212 1620.74-keV feature,6,0,1361,8.846744773653391,13.280328050655555
CNP,m0,2000,2,108,500,continuum_1700_2000,Continuum 1700-2000 keV,60,0,8230,5.1901178906160546,6.145378636181233
CNP,m0,2000,2,108,500,SE,Tl-208 SE 2103 keV,6,0,2023,15.65736196000525,19.04684885692706
CNP,m0,2000,2,108,500,continuum_2200_2400,Continuum 2200-2400 keV,40,0,9093,3.3568062434987493,4.1639255373851265
CNP,m0,2000,2,108,500,FE,Tl-208 FE 2614 keV,5,1,8709,2.2550642247595944,2.580648637712933
CNP,m0,2000,2,108,500,sparse_tail,Sparse tail 2700-3000 keV,13,47,68,8.106110394398328,9.080016364444543
CNP,m0,2000,2,109,500,full,Full 500-3000 keV,442,58,114299,5.232154966949441,6.986068972439689
CNP,m0,2000,2,109,500,DEP,Tl-208 DEP 1592 keV,6,0,1323,6.703534377371658,10.446880885032197
CNP,m0,2000,2,109,500,Bi-214,Bi-212 1620.74-keV feature,6,0,1361,8.84643459169658,13.07786822176634
CNP,m0,2000,2,109,500,continuum_1700_2000,Continuum 1700-2000 keV,60,0,8230,4.957611456194013,5.890417274351693
CNP,m0,2000,2,109,500,SE,Tl-208 SE 2103 keV,6,0,2023,15.25520601190421,18.717379848224848
CNP,m0,2000,2,109,500,continuum_2200_2400,Continuum 2200-2400 keV,40,0,9093,3.2605711623773277,4.074902456760563
CNP,m0,2000,2,109,500,FE,Tl-208 FE 2614 keV,5,1,8709,2.6177792167287475,3.1475570792841587
CNP,m0,2000,2,109,500,sparse_tail,Sparse tail 2700-3000 keV,13,47,68,7.338828188248684,8.3693163189117
Attentive CNP,m1,2000,0,100,500,full,Full 500-3000 keV,442,58,114299,6.328570936952676,7.96483565369275
Attentive CNP,m1,2000,0,100,500,DEP,Tl-208 DEP 1592 keV,6,0,1323,7.054468703599436,10.936758751678576
Attentive CNP,m1,2000,0,100,500,Bi-214,Bi-212 1620.74-keV feature,6,0,1361,9.061978117918486,12.726180082410988
Attentive CNP,m1,2000,0,100,500,continuum_1700_2000,Continuum 1700-2000 keV,60,0,8230,5.067660772838781,5.968211380113883
Attentive CNP,m1,2000,0,100,500,SE,Tl-208 SE 2103 keV,6,0,2023,11.974069555577099,16.195567250749356
Attentive CNP,m1,2000,0,100,500,continuum_2200_2400,Continuum 2200-2400 keV,40,0,9093,6.583353350965626,7.475723924876275
Attentive CNP,m1,2000,0,100,500,FE,Tl-208 FE 2614 keV,5,1,8709,3.440524676925042,4.1869083144835475
Attentive CNP,m1,2000,0,100,500,sparse_tail,Sparse tail 2700-3000 keV,13,47,68,10.73643054357277,11.593515074981415
Attentive CNP,m1,2000,0,101,500,full,Full 500-3000 keV,442,58,114299,6.356798545012731,7.983217864752795
Attentive CNP,m1,2000,0,101,500,DEP,Tl-208 DEP 1592 keV,6,0,1323,6.974048453849226,10.819318985665863
Attentive CNP,m1,2000,0,101,500,Bi-214,Bi-212 1620.74-keV feature,6,0,1361,8.976298742784968,12.823899708813524
Attentive CNP,m1,2000,0,101,500,continuum_1700_2000,Continuum 1700-2000 keV,60,0,8230,5.247057497263455,6.173937944979347
Attentive CNP,m1,2000,0,101,500,SE,Tl-208 SE 2103 keV,6,0,2023,12.370752702506852,16.490389611367537
Attentive CNP,m1,2000,0,101,500,continuum_2200_2400,Continuum 2200-2400 keV,40,0,9093,6.539129243980543,7.466285963746783
Attentive CNP,m1,2000,0,101,500,FE,Tl-208 FE 2614 keV,5,1,8709,3.1632140282869163,3.9641811337373394
Attentive CNP,m1,2000,0,101,500,sparse_tail,Sparse tail 2700-3000 keV,13,47,68,10.82116636411313,11.661582063551613
Attentive CNP,m1,2000,0,102,500,full,Full 500-3000 keV,442,58,114299,6.258336674578013,7.903439002610865
Attentive CNP,m1,2000,0,102,500,DEP,Tl-208 DEP 1592 keV,6,0,1323,6.854851483760455,10.656827020685613
Attentive CNP,m1,2000,0,102,500,Bi-214,Bi-212 1620.74-keV feature,6,0,1361,8.85979153921947,12.965079590657492
Attentive CNP,m1,2000,0,102,500,continuum_1700_2000,Continuum 1700-2000 keV,60,0,8230,5.44168915014872,6.394781305495657
Attentive CNP,m1,2000,0,102,500,SE,Tl-208 SE 2103 keV,6,0,2023,12.80673595519869,16.818884091480736
Attentive CNP,m1,2000,0,102,500,continuum_2200_2400,Continuum 2200-2400 keV,40,0,9093,6.20282684727667,7.131246106309434
Attentive CNP,m1,2000,0,102,500,FE,Tl-208 FE 2614 keV,5,1,8709,2.983709931237166,3.8166735049338736
Attentive CNP,m1,2000,0,102,500,sparse_tail,Sparse tail 2700-3000 keV,13,47,68,10.493938065877138,11.365509480864054
Attentive CNP,m1,2000,0,103,500,full,Full 500-3000 keV,442,58,114299,6.409546491035899,8.07923336920093
Attentive CNP,m1,2000,0,103,500,DEP,Tl-208 DEP 1592 keV,6,0,1323,7.043435107106361,10.920994950086687
Attentive CNP,m1,2000,0,103,500,Bi-214,Bi-212 1620.74-keV feature,6,0,1361,9.043440047147913,12.744275241968788
Attentive CNP,m1,2000,0,103,500,continuum_1700_2000,Continuum 1700-2000 keV,60,0,8230,5.160086605767781,6.079290136391895
Attentive CNP,m1,2000,0,103,500,SE,Tl-208 SE 2103 keV,6,0,2023,12.211809709852593,16.371142614499192
Attentive CNP,m1,2000,0,103,500,continuum_2200_2400,Continuum 2200-2400 keV,40,0,9093,6.44711937656723,7.333939300439303
Attentive CNP,m1,2000,0,103,500,FE,Tl-208 FE 2614 keV,5,1,8709,4.289251081696459,4.912791566730062
Attentive CNP,m1,2000,0,103,500,sparse_tail,Sparse tail 2700-3000 keV,13,47,68,11.488737689296936,12.286017647217609
Attentive CNP,m1,2000,0,104,500,full,Full 500-3000 keV,442,58,114299,6.344546739667782,7.998200272201848
Attentive CNP,m1,2000,0,104,500,DEP,Tl-208 DEP 1592 keV,6,0,1323,6.970665890365452,10.81594356271382
Attentive CNP,m1,2000,0,104,500,Bi-214,Bi-212 1620.74-keV feature,6,0,1361,8.972868902657357,12.827986552853046
Attentive CNP,m1,2000,0,104,500,continuum_1700_2000,Continuum 1700-2000 keV,60,0,8230,5.264457149825922,6.194163860900755
Attentive CNP,m1,2000,0,104,500,SE,Tl-208 SE 2103 keV,6,0,2023,12.431761356072485,16.536134562278644
Attentive CNP,m1,2000,0,104,500,continuum_2200_2400,Continuum 2200-2400 keV,40,0,9093,6.359348573674812,7.265576888982538
Attentive CNP,m1,2000,0,104,500,FE,Tl-208 FE 2614 keV,5,1,8709,3.660062042696425,4.3749197541998335
Attentive CNP,m1,2000,0,104,500,sparse_tail,Sparse tail 2700-3000 keV,13,47,68,11.022800214913197,11.858363399010614
Attentive CNP,m1,2000,0,105,500,full,Full 500-3000 keV,442,58,114299,6.2909081407118945,7.977338611463996
Attentive CNP,m1,2000,0,105,500,DEP,Tl-208 DEP 1592 keV,6,0,1323,6.892032579838903,10.707741609498717
Attentive CNP,m1,2000,0,105,500,Bi-214,Bi-212 1620.74-keV feature,6,0,1361,8.893810241613544,12.92004417100914
Attentive CNP,m1,2000,0,105,500,continuum_1700_2000,Continuum 1700-2000 keV,60,0,8230,5.396284895372086,6.344726207494625
Attentive CNP,m1,2000,0,105,500,SE,Tl-208 SE 2103 keV,6,0,2023,12.732329976707696,16.763272199240266
Attentive CNP,m1,2000,0,105,500,continuum_2200_2400,Continuum 2200-2400 keV,40,0,9093,6.0749850278190065,6.9642998989942555
Attentive CNP,m1,2000,0,105,500,FE,Tl-208 FE 2614 keV,5,1,8709,3.95425496673069,4.614576312409322
Attentive CNP,m1,2000,0,105,500,sparse_tail,Sparse tail 2700-3000 keV,13,47,68,11.088924878739855,11.917303012988178
Attentive CNP,m1,2000,0,106,500,full,Full 500-3000 keV,442,58,114299,6.36932836767716,8.018344686026476
Attentive CNP,m1,2000,0,106,500,DEP,Tl-208 DEP 1592 keV,6,0,1323,7.034272682150037,10.906858865094318
Attentive CNP,m1,2000,0,106,500,Bi-214,Bi-212 1620.74-keV feature,6,0,1361,9.03512810252074,12.754465868128634
Attentive CNP,m1,2000,0,106,500,continuum_1700_2000,Continuum 1700-2000 keV,60,0,8230,5.160747413298086,6.078873531292466
Attentive CNP,m1,2000,0,106,500,SE,Tl-208 SE 2103 keV,6,0,2023,12.206753550594996,16.368227401342985
Attentive CNP,m1,2000,0,106,500,continuum_2200_2400,Continuum 2200-2400 keV,40,0,9093,6.475063071267763,7.371082565680602
Attentive CNP,m1,2000,0,106,500,FE,Tl-208 FE 2614 keV,5,1,8709,3.739674859724561,4.440474914771339
Attentive CNP,m1,2000,0,106,500,sparse_tail,Sparse tail 2700-3000 keV,13,47,68,10.998221478317038,11.835302319043915
Attentive CNP,m1,2000,0,107,500,full,Full 500-3000 keV,442,58,114299,6.342935415179646,8.01648258442606
Attentive CNP,m1,2000,0,107,500,DEP,Tl-208 DEP 1592 keV,6,0,1323,6.952609810744931,10.790618345445134
Attentive CNP,m1,2000,0,107,500,Bi-214,Bi-212 1620.74-keV feature,6,0,1361,8.954037193201712,12.849507577416041
Attentive CNP,m1,2000,0,107,500,continuum_1700_2000,Continuum 1700-2000 keV,60,0,8230,5.300363408049937,6.235572887089166
Attentive CNP,m1,2000,0,107,500,SE,Tl-208 SE 2103 keV,6,0,2023,12.518508835761436,16.601583602411274
Attentive CNP,m1,2000,0,107,500,continuum_2200_2400,Continuum 2200-2400 keV,40,0,9093,6.253422510311727,7.1512024810606425
Attentive CNP,m1,2000,0,107,500,FE,Tl-208 FE 2614 keV,5,1,8709,4.017520564178854,4.67233024567566
Attentive CNP,m1,2000,0,107,500,sparse_tail,Sparse tail 2700-3000 keV,13,47,68,11.249959837732952,12.06570780401731
Attentive CNP,m1,2000,0,108,500,full,Full 500-3000 keV,442,58,114299,6.438477477201482,8.08873953757763
Attentive CNP,m1,2000,0,108,500,DEP,Tl-208 DEP 1592 keV,6,0,1323,7.095439014870124,10.99686851425433
Attentive CNP,m1,2000,0,108,500,Bi-214,Bi-212 1620.74-keV feature,6,0,1361,9.095331813231185,12.684901629043232
Attentive CNP,m1,2000,0,108,500,continuum_1700_2000,Continuum 1700-2000 keV,60,0,8230,5.0595630752556895,5.9627174307843225
Attentive CNP,m1,2000,0,108,500,SE,Tl-208 SE 2103 keV,6,0,2023,11.958600839109568,16.18431629623073
Attentive CNP,m1,2000,0,108,500,continuum_2200_2400,Continuum 2200-2400 keV,40,0,9093,6.653364757603522,7.546939584612547
Attentive CNP,m1,2000,0,108,500,FE,Tl-208 FE 2614 keV,5,1,8709,4.114915015135105,4.759559076605678
Attentive CNP,m1,2000,0,108,500,sparse_tail,Sparse tail 2700-3000 keV,13,47,68,11.478916212860415,12.275262372817407
Attentive CNP,m1,2000,0,109,500,full,Full 500-3000 keV,442,58,114299,6.278933165157918,7.9349553557471255
Attentive CNP,m1,2000,0,109,500,DEP,Tl-208 DEP 1592 keV,6,0,1323,6.898623771306488,10.717015131650978
Attentive CNP,m1,2000,0,109,500,Bi-214,Bi-212 1620.74-keV feature,6,0,1361,8.902994739791785,12.911532170341946
Attentive CNP,m1,2000,0,109,500,continuum_1700_2000,Continuum 1700-2000 keV,60,0,8230,5.375558857805618,6.321458357980479
Attentive CNP,m1,2000,0,109,500,SE,Tl-208 SE 2103 keV,6,0,2023,12.68014140139823,16.723404702362743
Attentive CNP,m1,2000,0,109,500,continuum_2200_2400,Continuum 2200-2400 keV,40,0,9093,6.192879970266107,7.103136721158478
Attentive CNP,m1,2000,0,109,500,FE,Tl-208 FE 2614 keV,5,1,8709,3.354458530075847,4.112847453476187
Attentive CNP,m1,2000,0,109,500,sparse_tail,Sparse tail 2700-3000 keV,13,47,68,10.661261756583297,11.524011910710092
Attentive CNP,m1,2000,1,100,500,full,Full 500-3000 keV,442,58,114299,5.562653962305694,7.307119527105199
Attentive CNP,m1,2000,1,100,500,DEP,Tl-208 DEP 1592 keV,6,0,1323,6.816637261595846,10.601293188428563
Attentive CNP,m1,2000,1,100,500,Bi-214,Bi-212 1620.74-keV feature,6,0,1361,8.89655638896199,12.940822735946433
Attentive CNP,m1,2000,1,100,500,continuum_1700_2000,Continuum 1700-2000 keV,60,0,8230,5.019005646820555,5.953591255510817
Attentive CNP,m1,2000,1,100,500,SE,Tl-208 SE 2103 keV,6,0,2023,13.910408714554354,17.653105424344265
Attentive CNP,m1,2000,1,100,500,continuum_2200_2400,Continuum 2200-2400 keV,40,0,9093,3.5322748221868108,4.2972336459412075
Attentive CNP,m1,2000,1,100,500,FE,Tl-208 FE 2614 keV,5,1,8709,2.204712530748736,2.51543921620813
Attentive CNP,m1,2000,1,100,500,sparse_tail,Sparse tail 2700-3000 keV,13,47,68,9.804198604724727,10.652919297706658
Attentive CNP,m1,2000,1,101,500,full,Full 500-3000 keV,442,58,114299,5.555456999898375,7.287896066911105
Attentive CNP,m1,2000,1,101,500,DEP,Tl-208 DEP 1592 keV,6,0,1323,6.873232120445927,10.674731481892113
Attentive CNP,m1,2000,1,101,500,Bi-214,Bi-212 1620.74-keV feature,6,0,1361,8.951048961651294,12.873134990977364
Attentive CNP,m1,2000,1,101,500,continuum_1700_2000,Continuum 1700-2000 keV,60,0,8230,4.942755472926922,5.868371920052234
Attentive CNP,m1,2000,1,101,500,SE,Tl-208 SE 2103 keV,6,0,2023,13.803336645318415,17.567459769658576
Attentive CNP,m1,2000,1,101,500,continuum_2200_2400,Continuum 2200-2400 keV,40,0,9093,3.5459710054449243,4.314883333345482
Attentive CNP,m1,2000,1,101,500,FE,Tl-208 FE 2614 keV,5,1,8709,2.19630235390109,2.5055259572218787
Attentive CNP,m1,2000,1,101,500,sparse_tail,Sparse tail 2700-3000 keV,13,47,68,9.743544630700681,10.593652147879276
Attentive CNP,m1,2000,1,102,500,full,Full 500-3000 keV,442,58,114299,5.558916631766573,7.301181898931137
Attentive CNP,m1,2000,1,102,500,DEP,Tl-208 DEP 1592 keV,6,0,1323,6.7969629746191025,10.57609943273757
Attentive CNP,m1,2000,1,102,500,Bi-214,Bi-212 1620.74-keV feature,6,0,1361,8.87437946658894,12.964473695076158
Attentive CNP,m1,2000,1,102,500,continuum_1700_2000,Continuum 1700-2000 keV,60,0,8230,5.053765459269215,5.992346664670013
Attentive CNP,m1,2000,1,102,500,SE,Tl-208 SE 2103 keV,6,0,2023,14.000502012528907,17.723033791733513
Attentive CNP,m1,2000,1,102,500,continuum_2200_2400,Continuum 2200-2400 keV,40,0,9093,3.5169963892829683,4.279484054384477
Attentive CNP,m1,2000,1,102,500,FE,Tl-208 FE 2614 keV,5,1,8709,2.1956478246124336,2.505926978318516
Attentive CNP,m1,2000,1,102,500,sparse_tail,Sparse tail 2700-3000 keV,13,47,68,9.78709542367313,10.630575843285405
Attentive CNP,m1,2000,1,103,500,full,Full 500-3000 keV,442,58,114299,5.574839759630183,7.295595496723875
Attentive CNP,m1,2000,1,103,500,DEP,Tl-208 DEP 1592 keV,6,0,1323,6.994163890373213,10.841346267082429
Attentive CNP,m1,2000,1,103,500,Bi-214,Bi-212 1620.74-keV feature,6,0,1361,9.075234032050494,12.731272084483225
Attentive CNP,m1,2000,1,103,500,continuum_1700_2000,Continuum 1700-2000 keV,60,0,8230,4.773105886971301,5.666795500198346
Attentive CNP,m1,2000,1,103,500,SE,Tl-208 SE 2103 keV,6,0,2023,13.384006969695827,17.240292056775544
Attentive CNP,m1,2000,1,103,500,continuum_2200_2400,Continuum 2200-2400 keV,40,0,9093,3.647288290476393,4.432599285130122
Attentive CNP,m1,2000,1,103,500,FE,Tl-208 FE 2614 keV,5,1,8709,2.2107269750755933,2.5221894664892375
Attentive CNP,m1,2000,1,103,500,sparse_tail,Sparse tail 2700-3000 keV,13,47,68,9.957154217321307,10.788428829360816
Attentive CNP,m1,2000,1,104,500,full,Full 500-3000 keV,442,58,114299,5.572253305572403,7.3011857809113705
Attentive CNP,m1,2000,1,104,500,DEP,Tl-208 DEP 1592 keV,6,0,1323,6.945259658456609,10.772171449291015
Attentive CNP,m1,2000,1,104,500,Bi-214,Bi-212 1620.74-keV feature,6,0,1361,9.0251252978297,12.787786715941662
Attentive CNP,m1,2000,1,104,500,continuum_1700_2000,Continuum 1700-2000 keV,60,0,8230,4.84022164785665,5.7468516284957945
Attentive CNP,m1,2000,1,104,500,SE,Tl-208 SE 2103 keV,6,0,2023,13.559628591699344,17.377079493430962
Attentive CNP,m1,2000,1,104,500,continuum_2200_2400,Continuum 2200-2400 keV,40,0,9093,3.5987830823817935,4.37462666579237
Attentive CNP,m1,2000,1,104,500,FE,Tl-208 FE 2614 keV,5,1,8709,2.2199322851325345,2.5340414586348556
Attentive CNP,m1,2000,1,104,500,sparse_tail,Sparse tail 2700-3000 keV,13,47,68,9.945035732879285,10.785274595151083
Attentive CNP,m1,2000,1,105,500,full,Full 500-3000 keV,442,58,114299,5.569168988154301,7.299886002296739
Attentive CNP,m1,2000,1,105,500,DEP,Tl-208 DEP 1592 keV,6,0,1323,6.918386818405837,10.73700669320834
Attentive CNP,m1,2000,1,105,500,Bi-214,Bi-212 1620.74-keV feature,6,0,1361,8.997934960837918,12.815731054442066
Attentive CNP,m1,2000,1,105,500,continuum_1700_2000,Continuum 1700-2000 keV,60,0,8230,4.870249032825065,5.78119322601985
Attentive CNP,m1,2000,1,105,500,SE,Tl-208 SE 2103 keV,6,0,2023,13.596562402618192,17.4063344466407
Attentive CNP,m1,2000,1,105,500,continuum_2200_2400,Continuum 2200-2400 keV,40,0,9093,3.6031054144540575,4.3804386926318095
Attentive CNP,m1,2000,1,105,500,FE,Tl-208 FE 2614 keV,5,1,8709,2.2107263282235823,2.521817481040704
Attentive CNP,m1,2000,1,105,500,sparse_tail,Sparse tail 2700-3000 keV,13,47,68,9.966915487582648,10.79479543363501
Attentive CNP,m1,2000,1,106,500,full,Full 500-3000 keV,442,58,114299,5.564449254696615,7.296773131811471
Attentive CNP,m1,2000,1,106,500,DEP,Tl-208 DEP 1592 keV,6,0,1323,6.901796790881337,10.7125520701238
Attentive CNP,m1,2000,1,106,500,Bi-214,Bi-212 1620.74-keV feature,6,0,1361,8.980619004438134,12.839321518895286
Attentive CNP,m1,2000,1,106,500,continuum_1700_2000,Continuum 1700-2000 keV,60,0,8230,4.897800544195983,5.814601662433501
Attentive CNP,m1,2000,1,106,500,SE,Tl-208 SE 2103 keV,6,0,2023,13.671603262632217,17.464850016692214
Attentive CNP,m1,2000,1,106,500,continuum_2200_2400,Continuum 2200-2400 keV,40,0,9093,3.582555323020596,4.3571808018405145
Attentive CNP,m1,2000,1,106,500,FE,Tl-208 FE 2614 keV,5,1,8709,2.2070155623021104,2.5180246903826844
Attentive CNP,m1,2000,1,106,500,sparse_tail,Sparse tail 2700-3000 keV,13,47,68,9.898310729025093,10.734091187734668
Attentive CNP,m1,2000,1,107,500,full,Full 500-3000 keV,442,58,114299,5.570399472354225,7.295054976401466
Attentive CNP,m1,2000,1,107,500,DEP,Tl-208 DEP 1592 keV,6,0,1323,6.95440995736406,10.785327479857767
Attentive CNP,m1,2000,1,107,500,Bi-214,Bi-212 1620.74-keV feature,6,0,1361,9.033640333338374,12.776289381260444
Attentive CNP,m1,2000,1,107,500,continuum_1700_2000,Continuum 1700-2000 keV,60,0,8230,4.826192452733337,5.729578098977505
Attentive CNP,m1,2000,1,107,500,SE,Tl-208 SE 2103 keV,6,0,2023,13.512947294380778,17.340440689862564
Attentive CNP,m1,2000,1,107,500,continuum_2200_2400,Continuum 2200-2400 keV,40,0,9093,3.6193158190730004,4.399491457293006
Attentive CNP,m1,2000,1,107,500,FE,Tl-208 FE 2614 keV,5,1,8709,2.20621906817862,2.5174164888660986
Attentive CNP,m1,2000,1,107,500,sparse_tail,Sparse tail 2700-3000 keV,13,47,68,9.949867444270723,10.779999792390365
Attentive CNP,m1,2000,1,108,500,full,Full 500-3000 keV,442,58,114299,5.564140787479537,7.281551278305966
Attentive CNP,m1,2000,1,108,500,DEP,Tl-208 DEP 1592 keV,6,0,1323,6.975826527218615,10.815108715205396
Attentive CNP,m1,2000,1,108,500,Bi-214,Bi-212 1620.74-keV feature,6,0,1361,9.055387097395645,12.751827272875982
Attentive CNP,m1,2000,1,108,500,continuum_1700_2000,Continuum 1700-2000 keV,60,0,8230,4.7985061827219875,5.697953849976187
Attentive CNP,m1,2000,1,108,500,SE,Tl-208 SE 2103 keV,6,0,2023,13.461419670600153,17.300154019566346
Attentive CNP,m1,2000,1,108,500,continuum_2200_2400,Continuum 2200-2400 keV,40,0,9093,3.629099609862903,4.411665216140206
Attentive CNP,m1,2000,1,108,500,FE,Tl-208 FE 2614 keV,5,1,8709,2.190744972107097,2.499180632559754
Attentive CNP,m1,2000,1,108,500,sparse_tail,Sparse tail 2700-3000 keV,13,47,68,9.825022123147884,10.66215641996142
Attentive CNP,m1,2000,1,109,500,full,Full 500-3000 keV,442,58,114299,5.563722360921101,7.30183567555999
Attentive CNP,m1,2000,1,109,500,DEP,Tl-208 DEP 1592 keV,6,0,1323,6.864866604337099,10.665326430516723
Attentive CNP,m1,2000,1,109,500,Bi-214,Bi-212 1620.74-keV feature,6,0,1361,8.944904230421745,12.880930056795783
Attentive CNP,m1,2000,1,109,500,continuum_1700_2000,Continuum 1700-2000 keV,60,0,8230,4.94834265526207,5.873467495636182
Attentive CNP,m1,2000,1,109,500,SE,Tl-208 SE 2103 keV,6,0,2023,13.78200542453825,17.55172488045815
Attentive CNP,m1,2000,1,109,500,continuum_2200_2400,Continuum 2200-2400 keV,40,0,9093,3.5555599343587962,4.32708458903027
Attentive CNP,m1,2000,1,109,500,FE,Tl-208 FE 2614 keV,5,1,8709,2.209520460402563,2.521140567096556
Attentive CNP,m1,2000,1,109,500,sparse_tail,Sparse tail 2700-3000 keV,13,47,68,9.895773051466781,10.733286213685702
Attentive CNP,m1,2000,2,100,500,full,Full 500-3000 keV,442,58,114299,5.641350440769479,7.369479117398761
Attentive CNP,m1,2000,2,100,500,DEP,Tl-208 DEP 1592 keV,6,0,1323,6.989642984421997,10.83245457373401
Attentive CNP,m1,2000,2,100,500,Bi-214,Bi-212 1620.74-keV feature,6,0,1361,9.036197518287288,12.762068346841202
Attentive CNP,m1,2000,2,100,500,continuum_1700_2000,Continuum 1700-2000 keV,60,0,8230,5.092727104123566,6.068400650885512
Attentive CNP,m1,2000,2,100,500,SE,Tl-208 SE 2103 keV,6,0,2023,14.584339005663097,18.189736094777274
Attentive CNP,m1,2000,2,100,500,continuum_2200_2400,Continuum 2200-2400 keV,40,0,9093,3.8818673625944675,4.811441349027555
Attentive CNP,m1,2000,2,100,500,FE,Tl-208 FE 2614 keV,5,1,8709,2.0861460827935976,2.400575081429881
Attentive CNP,m1,2000,2,100,500,sparse_tail,Sparse tail 2700-3000 keV,13,47,68,10.321289867948089,11.138808363668836
Attentive CNP,m1,2000,2,101,500,full,Full 500-3000 keV,442,58,114299,5.628889780610388,7.34844364664424
Attentive CNP,m1,2000,2,101,500,DEP,Tl-208 DEP 1592 keV,6,0,1323,7.042272992527448,10.905738318692672
Attentive CNP,m1,2000,2,101,500,Bi-214,Bi-212 1620.74-keV feature,6,0,1361,9.088939970986038,12.702969860644556
Attentive CNP,m1,2000,2,101,500,continuum_1700_2000,Continuum 1700-2000 keV,60,0,8230,4.9978890385832315,5.970315780411849
Attentive CNP,m1,2000,2,101,500,SE,Tl-208 SE 2103 keV,6,0,2023,14.46638331644505,18.09441533940478
Attentive CNP,m1,2000,2,101,500,continuum_2200_2400,Continuum 2200-2400 keV,40,0,9093,3.8938714245533683,4.8186407444978885
Attentive CNP,m1,2000,2,101,500,FE,Tl-208 FE 2614 keV,5,1,8709,2.072583291462375,2.3879414425104537
Attentive CNP,m1,2000,2,101,500,sparse_tail,Sparse tail 2700-3000 keV,13,47,68,10.252021883070205,11.059415000499802
Attentive CNP,m1,2000,2,102,500,full,Full 500-3000 keV,442,58,114299,5.634764861164976,7.359857677629181
Attentive CNP,m1,2000,2,102,500,DEP,Tl-208 DEP 1592 keV,6,0,1323,6.987853534542395,10.82946036530847
Attentive CNP,m1,2000,2,102,500,Bi-214,Bi-212 1620.74-keV feature,6,0,1361,9.033905533736974,12.76348996445899
Attentive CNP,m1,2000,2,102,500,continuum_1700_2000,Continuum 1700-2000 keV,60,0,8230,5.093328084240709,6.069021428052937
Attentive CNP,m1,2000,2,102,500,SE,Tl-208 SE 2103 keV,6,0,2023,14.605209941295591,18.20588436908608
Attentive CNP,m1,2000,2,102,500,continuum_2200_2400,Continuum 2200-2400 keV,40,0,9093,3.8721310014272534,4.803924739816772
Attentive CNP,m1,2000,2,102,500,FE,Tl-208 FE 2614 keV,5,1,8709,2.066643919868008,2.3838522252338077
Attentive CNP,m1,2000,2,102,500,sparse_tail,Sparse tail 2700-3000 keV,13,47,68,10.294571637051044,11.097256819891744
Attentive CNP,m1,2000,2,103,500,full,Full 500-3000 keV,442,58,114299,5.652505120561644,7.378776727066085
Attentive CNP,m1,2000,2,103,500,DEP,Tl-208 DEP 1592 keV,6,0,1323,7.104031403074673,10.99748130085121
Attentive CNP,m1,2000,2,103,500,Bi-214,Bi-212 1620.74-keV feature,6,0,1361,9.154830879798427,12.632641681875498
Attentive CNP,m1,2000,2,103,500,continuum_1700_2000,Continuum 1700-2000 keV,60,0,8230,4.882770309188743,5.8446835310306255
Attentive CNP,m1,2000,2,103,500,SE,Tl-208 SE 2103 keV,6,0,2023,14.235048253904933,17.910257871978157
Attentive CNP,m1,2000,2,103,500,continuum_2200_2400,Continuum 2200-2400 keV,40,0,9093,3.944061208477005,4.853633714792386
Attentive CNP,m1,2000,2,103,500,FE,Tl-208 FE 2614 keV,5,1,8709,2.1492999219895568,2.4760441389755536
Attentive CNP,m1,2000,2,103,500,sparse_tail,Sparse tail 2700-3000 keV,13,47,68,10.530210510864956,11.3581426584921
Attentive CNP,m1,2000,2,104,500,full,Full 500-3000 keV,442,58,114299,5.646467786965624,7.37224592583298
Attentive CNP,m1,2000,2,104,500,DEP,Tl-208 DEP 1592 keV,6,0,1323,7.0845328157200775,10.96820383756315
Attentive CNP,m1,2000,2,104,500,Bi-214,Bi-212 1620.74-keV feature,6,0,1361,9.133539703998904,12.654503861037893
Attentive CNP,m1,2000,2,104,500,continuum_1700_2000,Continuum 1700-2000 keV,60,0,8230,4.917690018592373,5.883360058363931
Attentive CNP,m1,2000,2,104,500,SE,Tl-208 SE 2103 keV,6,0,2023,14.306568307938852,17.96699486620276
Attentive CNP,m1,2000,2,104,500,continuum_2200_2400,Continuum 2200-2400 keV,40,0,9093,3.929771697775211,4.843760199372106
Attentive CNP,m1,2000,2,104,500,FE,Tl-208 FE 2614 keV,5,1,8709,2.1337341814405315,2.453140718533324
Attentive CNP,m1,2000,2,104,500,sparse_tail,Sparse tail 2700-3000 keV,13,47,68,10.4939057546181,11.314937662190726
Attentive CNP,m1,2000,2,105,500,full,Full 500-3000 keV,442,58,114299,5.654297848043901,7.384776210184002
Attentive CNP,m1,2000,2,105,500,DEP,Tl-208 DEP 1592 keV,6,0,1323,7.068183675242177,10.945117261095591
Attentive CNP,m1,2000,2,105,500,Bi-214,Bi-212 1620.74-keV feature,6,0,1361,9.116918692474556,12.671424257891362
Attentive CNP,m1,2000,2,105,500,continuum_1700_2000,Continuum 1700-2000 keV,60,0,8230,4.9413283003144395,5.908329166049345
Attentive CNP,m1,2000,2,105,500,SE,Tl-208 SE 2103 keV,6,0,2023,14.32901562039629,17.985220135161672
Attentive CNP,m1,2000,2,105,500,continuum_2200_2400,Continuum 2200-2400 keV,40,0,9093,3.9301758049737305,4.844095910743697
Attentive CNP,m1,2000,2,105,500,FE,Tl-208 FE 2614 keV,5,1,8709,2.1475646047000168,2.4749954954446576
Attentive CNP,m1,2000,2,105,500,sparse_tail,Sparse tail 2700-3000 keV,13,47,68,10.570364671692136,11.395429613045719
Attentive CNP,m1,2000,2,106,500,full,Full 500-3000 keV,442,58,114299,5.644232041958287,7.371121829122404
Attentive CNP,m1,2000,2,106,500,DEP,Tl-208 DEP 1592 keV,6,0,1323,7.048960699814498,10.916991604217499
Attentive CNP,m1,2000,2,106,500,Bi-214,Bi-212 1620.74-keV feature,6,0,1361,9.097994294061724,12.693584452552207
Attentive CNP,m1,2000,2,106,500,continuum_1700_2000,Continuum 1700-2000 keV,60,0,8230,4.9758855525286565,5.94587283964303
Attentive CNP,m1,2000,2,106,500,SE,Tl-208 SE 2103 keV,6,0,2023,14.402668470940693,18.044145767388997
Attentive CNP,m1,2000,2,106,500,continuum_2200_2400,Continuum 2200-2400 keV,40,0,9093,3.9115033983616057,4.830454733093158
Attentive CNP,m1,2000,2,106,500,FE,Tl-208 FE 2614 keV,5,1,8709,2.1185709393953407,2.4345539148311777
Attentive CNP,m1,2000,2,106,500,sparse_tail,Sparse tail 2700-3000 keV,13,47,68,10.44410215618578,11.260245406800452
Attentive CNP,m1,2000,2,107,500,full,Full 500-3000 keV,442,58,114299,5.650080902459983,7.37698924969013
Attentive CNP,m1,2000,2,107,500,DEP,Tl-208 DEP 1592 keV,6,0,1323,7.0876101565032545,10.97329304886479
Attentive CNP,m1,2000,2,107,500,Bi-214,Bi-212 1620.74-keV feature,6,0,1361,9.13692501114362,12.649895108101664
Attentive CNP,m1,2000,2,107,500,continuum_1700_2000,Continuum 1700-2000 keV,60,0,8230,4.910618987591555,5.875424550032306
Attentive CNP,m1,2000,2,107,500,SE,Tl-208 SE 2103 keV,6,0,2023,14.289239199945367,17.95325435739888
Attentive CNP,m1,2000,2,107,500,continuum_2200_2400,Continuum 2200-2400 keV,40,0,9093,3.934470836738497,4.8471454995795815
Attentive CNP,m1,2000,2,107,500,FE,Tl-208 FE 2614 keV,5,1,8709,2.1398981873443605,2.4635205116485386
Attentive CNP,m1,2000,2,107,500,sparse_tail,Sparse tail 2700-3000 keV,13,47,68,10.526257573565765,11.34977724307013
Attentive CNP,m1,2000,2,108,500,full,Full 500-3000 keV,442,58,114299,5.643267949511115,7.36537439135628
Attentive CNP,m1,2000,2,108,500,DEP,Tl-208 DEP 1592 keV,6,0,1323,7.098277269915422,10.987907398581221
Attentive CNP,m1,2000,2,108,500,Bi-214,Bi-212 1620.74-keV feature,6,0,1361,9.147183503401202,12.639380112691489
Attentive CNP,m1,2000,2,108,500,continuum_1700_2000,Continuum 1700-2000 keV,60,0,8230,4.89323531740814,5.857224972313713
Attentive CNP,m1,2000,2,108,500,SE,Tl-208 SE 2103 keV,6,0,2023,14.270773982200113,17.93853475191072
Attentive CNP,m1,2000,2,108,500,continuum_2200_2400,Continuum 2200-2400 keV,40,0,9093,3.9327163753329994,4.8453697456426434
Attentive CNP,m1,2000,2,108,500,FE,Tl-208 FE 2614 keV,5,1,8709,2.1195709669326908,2.437142846287747
Attentive CNP,m1,2000,2,108,500,sparse_tail,Sparse tail 2700-3000 keV,13,47,68,10.414634723811124,11.236675996931535
Attentive CNP,m1,2000,2,109,500,full,Full 500-3000 keV,442,58,114299,5.643076137932047,7.371170009581446
Attentive CNP,m1,2000,2,109,500,DEP,Tl-208 DEP 1592 keV,6,0,1323,7.026301688191533,10.884849119560899
Attentive CNP,m1,2000,2,109,500,Bi-214,Bi-212 1620.74-keV feature,6,0,1361,9.07452975028098,12.718293108997702
Attentive CNP,m1,2000,2,109,500,continuum_1700_2000,Continuum 1700-2000 keV,60,0,8230,5.016213524740271,5.9882760904659795
Attentive CNP,m1,2000,2,109,500,SE,Tl-208 SE 2103 keV,6,0,2023,14.466768275041513,18.095198868772815
Attentive CNP,m1,2000,2,109,500,continuum_2200_2400,Continuum 2200-2400 keV,40,0,9093,3.900222468184195,4.822955083750705
Attentive CNP,m1,2000,2,109,500,FE,Tl-208 FE 2614 keV,5,1,8709,2.107802358747044,2.422821557490359
Attentive CNP,m1,2000,2,109,500,sparse_tail,Sparse tail 2700-3000 keV,13,47,68,10.433684861631882,11.247686595708469
Attentive CNP + PE,m2,2000,0,100,500,full,Full 500-3000 keV,442,58,114299,16.926821960150914,20.89608553278338
Attentive CNP + PE,m2,2000,0,100,500,DEP,Tl-208 DEP 1592 keV,6,0,1323,20.83275584717065,24.928234736344134
Attentive CNP + PE,m2,2000,0,100,500,Bi-214,Bi-212 1620.74-keV feature,6,0,1361,18.568140194004652,25.282579741692167
Attentive CNP + PE,m2,2000,0,100,500,continuum_1700_2000,Continuum 1700-2000 keV,60,0,8230,19.5268168236542,22.68898658599102
Attentive CNP + PE,m2,2000,0,100,500,SE,Tl-208 SE 2103 keV,6,0,2023,6.734771171679356,8.81343528026603
Attentive CNP + PE,m2,2000,0,100,500,continuum_2200_2400,Continuum 2200-2400 keV,40,0,9093,13.929979341785357,17.564208897409074
Attentive CNP + PE,m2,2000,0,100,500,FE,Tl-208 FE 2614 keV,5,1,8709,5.133407198998721,6.460857934308787
Attentive CNP + PE,m2,2000,0,100,500,sparse_tail,Sparse tail 2700-3000 keV,13,47,68,25.06948825139972,28.082421387574907
Attentive CNP + PE,m2,2000,0,101,500,full,Full 500-3000 keV,442,58,114299,17.138859117717285,21.123188908760422
Attentive CNP + PE,m2,2000,0,101,500,DEP,Tl-208 DEP 1592 keV,6,0,1323,21.716013424189793,25.87611903837106
Attentive CNP + PE,m2,2000,0,101,500,Bi-214,Bi-212 1620.74-keV feature,6,0,1361,17.879797890238706,24.72147908070715
Attentive CNP + PE,m2,2000,0,101,500,continuum_1700_2000,Continuum 1700-2000 keV,60,0,8230,19.7769198911248,22.91010646570688
Attentive CNP + PE,m2,2000,0,101,500,SE,Tl-208 SE 2103 keV,6,0,2023,7.112526334682974,9.299670299003694
Attentive CNP + PE,m2,2000,0,101,500,continuum_2200_2400,Continuum 2200-2400 keV,40,0,9093,14.303246823363702,17.936882657252156
Attentive CNP + PE,m2,2000,0,101,500,FE,Tl-208 FE 2614 keV,5,1,8709,5.500248585971495,6.570410455994588
Attentive CNP + PE,m2,2000,0,101,500,sparse_tail,Sparse tail 2700-3000 keV,13,47,68,24.706208996993567,27.7266803480546
Attentive CNP + PE,m2,2000,0,102,500,full,Full 500-3000 keV,442,58,114299,17.18836938506099,21.16200706750867
Attentive CNP + PE,m2,2000,0,102,500,DEP,Tl-208 DEP 1592 keV,6,0,1323,22.167608702944896,26.445811104802967
Attentive CNP + PE,m2,2000,0,102,500,Bi-214,Bi-212 1620.74-keV feature,6,0,1361,18.947179401616314,25.259551639504114
Attentive CNP + PE,m2,2000,0,102,500,continuum_1700_2000,Continuum 1700-2000 keV,60,0,8230,19.869450139345233,22.992474520159824
Attentive CNP + PE,m2,2000,0,102,500,SE,Tl-208 SE 2103 keV,6,0,2023,6.40346241577467,9.049461489091492
Attentive CNP + PE,m2,2000,0,102,500,continuum_2200_2400,Continuum 2200-2400 keV,40,0,9093,14.528694086324231,18.160322509076842
Attentive CNP + PE,m2,2000,0,102,500,FE,Tl-208 FE 2614 keV,5,1,8709,5.042294402661039,6.529979250512162
Attentive CNP + PE,m2,2000,0,102,500,sparse_tail,Sparse tail 2700-3000 keV,13,47,68,25.75227196341038,28.763479796255115
Attentive CNP + PE,m2,2000,0,103,500,full,Full 500-3000 keV,442,58,114299,17.364347678798783,21.447297738619177
Attentive CNP + PE,m2,2000,0,103,500,DEP,Tl-208 DEP 1592 keV,6,0,1323,20.885608087489864,25.376790431955527
Attentive CNP + PE,m2,2000,0,103,500,Bi-214,Bi-212 1620.74-keV feature,6,0,1361,14.778281690056794,23.171347807504926
Attentive CNP + PE,m2,2000,0,103,500,continuum_1700_2000,Continuum 1700-2000 keV,60,0,8230,20.21941071061105,23.515107676087656
Attentive CNP + PE,m2,2000,0,103,500,SE,Tl-208 SE 2103 keV,6,0,2023,8.991080460100195,11.52735594528205
Attentive CNP + PE,m2,2000,0,103,500,continuum_2200_2400,Continuum 2200-2400 keV,40,0,9093,14.551916179841589,18.010433075547052
Attentive CNP + PE,m2,2000,0,103,500,FE,Tl-208 FE 2614 keV,5,1,8709,5.872258935346317,6.8879209505133865
Attentive CNP + PE,m2,2000,0,103,500,sparse_tail,Sparse tail 2700-3000 keV,13,47,68,29.708711268708605,32.99409377711345
Attentive CNP + PE,m2,2000,0,104,500,full,Full 500-3000 keV,442,58,114299,16.933507344679406,20.887793936980607
Attentive CNP + PE,m2,2000,0,104,500,DEP,Tl-208 DEP 1592 keV,6,0,1323,19.957227661665968,24.162608020821708
Attentive CNP + PE,m2,2000,0,104,500,Bi-214,Bi-212 1620.74-keV feature,6,0,1361,17.929657930873443,24.61401133708236
Attentive CNP + PE,m2,2000,0,104,500,continuum_1700_2000,Continuum 1700-2000 keV,60,0,8230,19.646101179197757,22.82310083909847
Attentive CNP + PE,m2,2000,0,104,500,SE,Tl-208 SE 2103 keV,6,0,2023,6.836785502520253,9.500583053393912
Attentive CNP + PE,m2,2000,0,104,500,continuum_2200_2400,Continuum 2200-2400 keV,40,0,9093,13.965933309296258,17.330869113110335
Attentive CNP + PE,m2,2000,0,104,500,FE,Tl-208 FE 2614 keV,5,1,8709,5.173273882528924,6.470360088397718
Attentive CNP + PE,m2,2000,0,104,500,sparse_tail,Sparse tail 2700-3000 keV,13,47,68,26.882726600419648,29.913470305504326
Attentive CNP + PE,m2,2000,0,105,500,full,Full 500-3000 keV,442,58,114299,17.25650848998624,21.402949315195745
Attentive CNP + PE,m2,2000,0,105,500,DEP,Tl-208 DEP 1592 keV,6,0,1323,20.542951708950806,25.253810214183005
Attentive CNP + PE,m2,2000,0,105,500,Bi-214,Bi-212 1620.74-keV feature,6,0,1361,15.25412605074821,23.336659316003725
Attentive CNP + PE,m2,2000,0,105,500,continuum_1700_2000,Continuum 1700-2000 keV,60,0,8230,20.162097178213518,23.522365685348223
Attentive CNP + PE,m2,2000,0,105,500,SE,Tl-208 SE 2103 keV,6,0,2023,8.981776822711518,11.534916524064416
Attentive CNP + PE,m2,2000,0,105,500,continuum_2200_2400,Continuum 2200-2400 keV,40,0,9093,14.24875537203082,17.931474480672215
Attentive CNP + PE,m2,2000,0,105,500,FE,Tl-208 FE 2614 keV,5,1,8709,5.2909159913341846,6.419831602556793
Attentive CNP + PE,m2,2000,0,105,500,sparse_tail,Sparse tail 2700-3000 keV,13,47,68,29.119072554706925,32.42499683628083
Attentive CNP + PE,m2,2000,0,106,500,full,Full 500-3000 keV,442,58,114299,17.076264983833344,21.030241351953823
Attentive CNP + PE,m2,2000,0,106,500,DEP,Tl-208 DEP 1592 keV,6,0,1323,20.98599892064039,25.28877010932829
Attentive CNP + PE,m2,2000,0,106,500,Bi-214,Bi-212 1620.74-keV feature,6,0,1361,17.710238243715885,24.374960421786856
Attentive CNP + PE,m2,2000,0,106,500,continuum_1700_2000,Continuum 1700-2000 keV,60,0,8230,19.764013259350126,22.92748548555106
Attentive CNP + PE,m2,2000,0,106,500,SE,Tl-208 SE 2103 keV,6,0,2023,7.310012883074797,9.882296314525119
Attentive CNP + PE,m2,2000,0,106,500,continuum_2200_2400,Continuum 2200-2400 keV,40,0,9093,14.312283560888112,17.736482209026182
Attentive CNP + PE,m2,2000,0,106,500,FE,Tl-208 FE 2614 keV,5,1,8709,5.004041543475803,6.5550579389001715
Attentive CNP + PE,m2,2000,0,106,500,sparse_tail,Sparse tail 2700-3000 keV,13,47,68,26.51952079465316,29.536275700695096
Attentive CNP + PE,m2,2000,0,107,500,full,Full 500-3000 keV,442,58,114299,17.47350189934187,21.57011856401076
Attentive CNP + PE,m2,2000,0,107,500,DEP,Tl-208 DEP 1592 keV,6,0,1323,21.790029329913704,26.459947629651904
Attentive CNP + PE,m2,2000,0,107,500,Bi-214,Bi-212 1620.74-keV feature,6,0,1361,16.556689552827045,23.90773916629533
Attentive CNP + PE,m2,2000,0,107,500,continuum_1700_2000,Continuum 1700-2000 keV,60,0,8230,20.393255660769157,23.786652561407834
Attentive CNP + PE,m2,2000,0,107,500,SE,Tl-208 SE 2103 keV,6,0,2023,7.58643510790475,10.19911144560245
Attentive CNP + PE,m2,2000,0,107,500,continuum_2200_2400,Continuum 2200-2400 keV,40,0,9093,14.512565600246003,18.174195479884787
Attentive CNP + PE,m2,2000,0,107,500,FE,Tl-208 FE 2614 keV,5,1,8709,5.542240485739016,6.666371685539871
Attentive CNP + PE,m2,2000,0,107,500,sparse_tail,Sparse tail 2700-3000 keV,13,47,68,28.355140271260492,31.508859970979604
Attentive CNP + PE,m2,2000,0,108,500,full,Full 500-3000 keV,442,58,114299,17.21270020739919,21.21109479542672
Attentive CNP + PE,m2,2000,0,108,500,DEP,Tl-208 DEP 1592 keV,6,0,1323,22.019329241608002,26.349700307416217
Attentive CNP + PE,m2,2000,0,108,500,Bi-214,Bi-212 1620.74-keV feature,6,0,1361,17.46328663773717,24.13685880970738
Attentive CNP + PE,m2,2000,0,108,500,continuum_1700_2000,Continuum 1700-2000 keV,60,0,8230,20.074878276683588,23.28418302913081
Attentive CNP + PE,m2,2000,0,108,500,SE,Tl-208 SE 2103 keV,6,0,2023,6.4690768762567,9.348295614299237
Attentive CNP + PE,m2,2000,0,108,500,continuum_2200_2400,Continuum 2200-2400 keV,40,0,9093,14.420942023713776,17.99328510856779
Attentive CNP + PE,m2,2000,0,108,500,FE,Tl-208 FE 2614 keV,5,1,8709,5.231347012332842,6.600793239198888
Attentive CNP + PE,m2,2000,0,108,500,sparse_tail,Sparse tail 2700-3000 keV,13,47,68,27.12003009202736,30.232214493428998
Attentive CNP + PE,m2,2000,0,109,500,full,Full 500-3000 keV,442,58,114299,17.052083743381168,21.069682607768435
Attentive CNP + PE,m2,2000,0,109,500,DEP,Tl-208 DEP 1592 keV,6,0,1323,21.601466736123367,25.899111434355156
Attentive CNP + PE,m2,2000,0,109,500,Bi-214,Bi-212 1620.74-keV feature,6,0,1361,16.405696162808244,23.807019576777087
Attentive CNP + PE,m2,2000,0,109,500,continuum_1700_2000,Continuum 1700-2000 keV,60,0,8230,19.83570761533526,23.03562466761467
Attentive CNP + PE,m2,2000,0,109,500,SE,Tl-208 SE 2103 keV,6,0,2023,7.330360616022714,9.611357913996557
Attentive CNP + PE,m2,2000,0,109,500,continuum_2200_2400,Continuum 2200-2400 keV,40,0,9093,14.171239513013594,17.743277570208345
Attentive CNP + PE,m2,2000,0,109,500,FE,Tl-208 FE 2614 keV,5,1,8709,5.039311341557144,6.524583989637681
Attentive CNP + PE,m2,2000,0,109,500,sparse_tail,Sparse tail 2700-3000 keV,13,47,68,26.010367859583734,29.01873507667344
Attentive CNP + PE,m2,2000,1,100,500,full,Full 500-3000 keV,442,58,114299,16.712438933317966,20.386125717304054
Attentive CNP + PE,m2,2000,1,100,500,DEP,Tl-208 DEP 1592 keV,6,0,1323,17.903817953981637,21.82243906730723
Attentive CNP + PE,m2,2000,1,100,500,Bi-214,Bi-212 1620.74-keV feature,6,0,1361,30.627516112959448,34.164283896134876
Attentive CNP + PE,m2,2000,1,100,500,continuum_1700_2000,Continuum 1700-2000 keV,60,0,8230,18.604882054636455,21.588685116028312
Attentive CNP + PE,m2,2000,1,100,500,SE,Tl-208 SE 2103 keV,6,0,2023,10.034243670729314,13.17094207476874
Attentive CNP + PE,m2,2000,1,100,500,continuum_2200_2400,Continuum 2200-2400 keV,40,0,9093,13.498775930881793,16.253181642895708
Attentive CNP + PE,m2,2000,1,100,500,FE,Tl-208 FE 2614 keV,5,1,8709,10.455740606877221,11.772698202144579
Attentive CNP + PE,m2,2000,1,100,500,sparse_tail,Sparse tail 2700-3000 keV,13,47,68,25.30481104595449,29.378830746171257
Attentive CNP + PE,m2,2000,1,101,500,full,Full 500-3000 keV,442,58,114299,17.27285243394543,21.020127956993715
Attentive CNP + PE,m2,2000,1,101,500,DEP,Tl-208 DEP 1592 keV,6,0,1323,18.09017326288158,22.339514530025586
Attentive CNP + PE,m2,2000,1,101,500,Bi-214,Bi-212 1620.74-keV feature,6,0,1361,29.59885008706202,33.905950738461826
Attentive CNP + PE,m2,2000,1,101,500,continuum_1700_2000,Continuum 1700-2000 keV,60,0,8230,20.386463107636512,22.950625155303445
Attentive CNP + PE,m2,2000,1,101,500,SE,Tl-208 SE 2103 keV,6,0,2023,9.505376707229598,12.524750100109882
Attentive CNP + PE,m2,2000,1,101,500,continuum_2200_2400,Continuum 2200-2400 keV,40,0,9093,14.33578277628331,17.847196307180624
Attentive CNP + PE,m2,2000,1,101,500,FE,Tl-208 FE 2614 keV,5,1,8709,10.893000492994398,12.208609576451167
Attentive CNP + PE,m2,2000,1,101,500,sparse_tail,Sparse tail 2700-3000 keV,13,47,68,25.408846244887464,29.767434467696003
Attentive CNP + PE,m2,2000,1,102,500,full,Full 500-3000 keV,442,58,114299,17.0191546308213,20.7314783218753
Attentive CNP + PE,m2,2000,1,102,500,DEP,Tl-208 DEP 1592 keV,6,0,1323,18.88278219692296,23.111211691928638
Attentive CNP + PE,m2,2000,1,102,500,Bi-214,Bi-212 1620.74-keV feature,6,0,1361,28.9081725284771,33.434403160425916
Attentive CNP + PE,m2,2000,1,102,500,continuum_1700_2000,Continuum 1700-2000 keV,60,0,8230,19.95234652039755,22.504278144458397
Attentive CNP + PE,m2,2000,1,102,500,SE,Tl-208 SE 2103 keV,6,0,2023,9.785557684377242,12.439121277319387
Attentive CNP + PE,m2,2000,1,102,500,continuum_2200_2400,Continuum 2200-2400 keV,40,0,9093,13.877370903517319,17.40456336790823
Attentive CNP + PE,m2,2000,1,102,500,FE,Tl-208 FE 2614 keV,5,1,8709,10.367781428219706,11.593107952723853
Attentive CNP + PE,m2,2000,1,102,500,sparse_tail,Sparse tail 2700-3000 keV,13,47,68,26.255330788821794,30.552638137173382
Attentive CNP + PE,m2,2000,1,103,500,full,Full 500-3000 keV,442,58,114299,16.57524631575395,20.279217130202607
Attentive CNP + PE,m2,2000,1,103,500,DEP,Tl-208 DEP 1592 keV,6,0,1323,17.808787003191075,21.756992972392126
Attentive CNP + PE,m2,2000,1,103,500,Bi-214,Bi-212 1620.74-keV feature,6,0,1361,29.36469171352642,33.09936010204731
Attentive CNP + PE,m2,2000,1,103,500,continuum_1700_2000,Continuum 1700-2000 keV,60,0,8230,19.124316782158257,21.67129630673243
Attentive CNP + PE,m2,2000,1,103,500,SE,Tl-208 SE 2103 keV,6,0,2023,9.683165343527584,12.731088999434679
Attentive CNP + PE,m2,2000,1,103,500,continuum_2200_2400,Continuum 2200-2400 keV,40,0,9093,12.759021669007073,16.12734317523671
Attentive CNP + PE,m2,2000,1,103,500,FE,Tl-208 FE 2614 keV,5,1,8709,9.188307752218872,10.730769197691677
Attentive CNP + PE,m2,2000,1,103,500,sparse_tail,Sparse tail 2700-3000 keV,13,47,68,28.352370950149584,32.59464622459898
Attentive CNP + PE,m2,2000,1,104,500,full,Full 500-3000 keV,442,58,114299,16.552650587659112,20.241714465326247
Attentive CNP + PE,m2,2000,1,104,500,DEP,Tl-208 DEP 1592 keV,6,0,1323,16.17241798621495,19.769748345936375
Attentive CNP + PE,m2,2000,1,104,500,Bi-214,Bi-212 1620.74-keV feature,6,0,1361,31.649030575172837,34.59263213525398
Attentive CNP + PE,m2,2000,1,104,500,continuum_1700_2000,Continuum 1700-2000 keV,60,0,8230,18.661508339078956,21.417897697469414
Attentive CNP + PE,m2,2000,1,104,500,SE,Tl-208 SE 2103 keV,6,0,2023,10.665795562383163,14.085585123985892
Attentive CNP + PE,m2,2000,1,104,500,continuum_2200_2400,Continuum 2200-2400 keV,40,0,9093,12.932307736985859,15.986190900331604
Attentive CNP + PE,m2,2000,1,104,500,FE,Tl-208 FE 2614 keV,5,1,8709,9.950880253541621,11.231342315882289
Attentive CNP + PE,m2,2000,1,104,500,sparse_tail,Sparse tail 2700-3000 keV,13,47,68,26.49813592973364,30.58043493484301
Attentive CNP + PE,m2,2000,1,105,500,full,Full 500-3000 keV,442,58,114299,16.391775368968815,20.113082215680514
Attentive CNP + PE,m2,2000,1,105,500,DEP,Tl-208 DEP 1592 keV,6,0,1323,18.228372424322412,21.837543675342634
Attentive CNP + PE,m2,2000,1,105,500,Bi-214,Bi-212 1620.74-keV feature,6,0,1361,28.981888999318013,32.83504318388449
Attentive CNP + PE,m2,2000,1,105,500,continuum_1700_2000,Continuum 1700-2000 keV,60,0,8230,18.811131235766616,21.48081941192405
Attentive CNP + PE,m2,2000,1,105,500,SE,Tl-208 SE 2103 keV,6,0,2023,9.20251536587133,12.487795733998276
Attentive CNP + PE,m2,2000,1,105,500,continuum_2200_2400,Continuum 2200-2400 keV,40,0,9093,12.255986339479708,15.579639216991135
Attentive CNP + PE,m2,2000,1,105,500,FE,Tl-208 FE 2614 keV,5,1,8709,8.98750963241708,10.489716763563631
Attentive CNP + PE,m2,2000,1,105,500,sparse_tail,Sparse tail 2700-3000 keV,13,47,68,28.436306993946104,32.6960272833551
Attentive CNP + PE,m2,2000,1,106,500,full,Full 500-3000 keV,442,58,114299,16.88698412809928,20.60212967128338
Attentive CNP + PE,m2,2000,1,106,500,DEP,Tl-208 DEP 1592 keV,6,0,1323,18.186214137655522,22.211867702687385
Attentive CNP + PE,m2,2000,1,106,500,Bi-214,Bi-212 1620.74-keV feature,6,0,1361,30.14520308611263,33.951976034721646
Attentive CNP + PE,m2,2000,1,106,500,continuum_1700_2000,Continuum 1700-2000 keV,60,0,8230,19.47480464145189,22.074602304735265
Attentive CNP + PE,m2,2000,1,106,500,SE,Tl-208 SE 2103 keV,6,0,2023,10.441008847572363,13.586424196855257
Attentive CNP + PE,m2,2000,1,106,500,continuum_2200_2400,Continuum 2200-2400 keV,40,0,9093,13.517654575619915,16.924511641033273
Attentive CNP + PE,m2,2000,1,106,500,FE,Tl-208 FE 2614 keV,5,1,8709,10.011587914193695,11.30515911878999
Attentive CNP + PE,m2,2000,1,106,500,sparse_tail,Sparse tail 2700-3000 keV,13,47,68,26.34800712304549,30.60945293243476
Attentive CNP + PE,m2,2000,1,107,500,full,Full 500-3000 keV,442,58,114299,17.210487613191457,21.02368089553817
Attentive CNP + PE,m2,2000,1,107,500,DEP,Tl-208 DEP 1592 keV,6,0,1323,19.04965218054557,22.816496576273014
Attentive CNP + PE,m2,2000,1,107,500,Bi-214,Bi-212 1620.74-keV feature,6,0,1361,27.575438357280806,32.187229265182395
Attentive CNP + PE,m2,2000,1,107,500,continuum_1700_2000,Continuum 1700-2000 keV,60,0,8230,20.15432084023157,22.80442553276355
Attentive CNP + PE,m2,2000,1,107,500,SE,Tl-208 SE 2103 keV,6,0,2023,8.34201817025978,11.588914900536778
Attentive CNP + PE,m2,2000,1,107,500,continuum_2200_2400,Continuum 2200-2400 keV,40,0,9093,13.346341336571099,17.356319565279932
Attentive CNP + PE,m2,2000,1,107,500,FE,Tl-208 FE 2614 keV,5,1,8709,8.978949097728508,10.78366381806544
Attentive CNP + PE,m2,2000,1,107,500,sparse_tail,Sparse tail 2700-3000 keV,13,47,68,30.013062432910697,34.46465120299337
Attentive CNP + PE,m2,2000,1,108,500,full,Full 500-3000 keV,442,58,114299,17.030925525344294,20.772898632977192
Attentive CNP + PE,m2,2000,1,108,500,DEP,Tl-208 DEP 1592 keV,6,0,1323,18.795622328034796,22.448764164911157
Attentive CNP + PE,m2,2000,1,108,500,Bi-214,Bi-212 1620.74-keV feature,6,0,1361,28.25045117071146,33.051152254975065
Attentive CNP + PE,m2,2000,1,108,500,continuum_1700_2000,Continuum 1700-2000 keV,60,0,8230,20.182859021509255,22.655359264970564
Attentive CNP + PE,m2,2000,1,108,500,SE,Tl-208 SE 2103 keV,6,0,2023,8.93752322694013,12.431924031925663
Attentive CNP + PE,m2,2000,1,108,500,continuum_2200_2400,Continuum 2200-2400 keV,40,0,9093,13.46326104350192,17.18658235830272
Attentive CNP + PE,m2,2000,1,108,500,FE,Tl-208 FE 2614 keV,5,1,8709,9.613605010254997,10.875956220051782
Attentive CNP + PE,m2,2000,1,108,500,sparse_tail,Sparse tail 2700-3000 keV,13,47,68,27.65253097978079,32.087028103856056
Attentive CNP + PE,m2,2000,1,109,500,full,Full 500-3000 keV,442,58,114299,17.047777690118142,20.753500815953778
Attentive CNP + PE,m2,2000,1,109,500,DEP,Tl-208 DEP 1592 keV,6,0,1323,18.458935818781068,22.56498142404737
Attentive CNP + PE,m2,2000,1,109,500,Bi-214,Bi-212 1620.74-keV feature,6,0,1361,28.680172991503206,33.14727371961982
Attentive CNP + PE,m2,2000,1,109,500,continuum_1700_2000,Continuum 1700-2000 keV,60,0,8230,20.126755176532686,22.657010156051577
Attentive CNP + PE,m2,2000,1,109,500,SE,Tl-208 SE 2103 keV,6,0,2023,8.701019232796064,11.393426627499355
Attentive CNP + PE,m2,2000,1,109,500,continuum_2200_2400,Continuum 2200-2400 keV,40,0,9093,13.530627177682103,17.242303087218286
Attentive CNP + PE,m2,2000,1,109,500,FE,Tl-208 FE 2614 keV,5,1,8709,10.560625545267536,11.718294575443714
Attentive CNP + PE,m2,2000,1,109,500,sparse_tail,Sparse tail 2700-3000 keV,13,47,68,26.20742064942519,30.54707902608329
Attentive CNP + PE,m2,2000,2,100,500,full,Full 500-3000 keV,442,58,114299,17.060881669299633,21.04727577925776
Attentive CNP + PE,m2,2000,2,100,500,DEP,Tl-208 DEP 1592 keV,6,0,1323,16.601392632987707,21.95611780186181
Attentive CNP + PE,m2,2000,2,100,500,Bi-214,Bi-212 1620.74-keV feature,6,0,1361,17.827688922546088,25.07733599919384
Attentive CNP + PE,m2,2000,2,100,500,continuum_1700_2000,Continuum 1700-2000 keV,60,0,8230,19.067103992607134,21.860939195822557
Attentive CNP + PE,m2,2000,2,100,500,SE,Tl-208 SE 2103 keV,6,0,2023,6.773472638179398,7.371567057224686
Attentive CNP + PE,m2,2000,2,100,500,continuum_2200_2400,Continuum 2200-2400 keV,40,0,9093,13.005166637786738,16.6711845689505
Attentive CNP + PE,m2,2000,2,100,500,FE,Tl-208 FE 2614 keV,5,1,8709,6.8642877055809475,7.105972596467606
Attentive CNP + PE,m2,2000,2,100,500,sparse_tail,Sparse tail 2700-3000 keV,13,47,68,37.15830122766422,40.42785285591894
Attentive CNP + PE,m2,2000,2,101,500,full,Full 500-3000 keV,442,58,114299,17.571742604031815,21.633935924463604
Attentive CNP + PE,m2,2000,2,101,500,DEP,Tl-208 DEP 1592 keV,6,0,1323,17.031334376012357,22.89710309368625
Attentive CNP + PE,m2,2000,2,101,500,Bi-214,Bi-212 1620.74-keV feature,6,0,1361,19.322644409354353,26.00837803268768
Attentive CNP + PE,m2,2000,2,101,500,continuum_1700_2000,Continuum 1700-2000 keV,60,0,8230,19.792953778474526,22.765836324436002
Attentive CNP + PE,m2,2000,2,101,500,SE,Tl-208 SE 2103 keV,6,0,2023,6.598721380542787,7.223095292780885
Attentive CNP + PE,m2,2000,2,101,500,continuum_2200_2400,Continuum 2200-2400 keV,40,0,9093,14.005826087332418,17.848627457185273
Attentive CNP + PE,m2,2000,2,101,500,FE,Tl-208 FE 2614 keV,5,1,8709,8.20457079305454,8.279998450211576
Attentive CNP + PE,m2,2000,2,101,500,sparse_tail,Sparse tail 2700-3000 keV,13,47,68,35.47137669252808,38.89400152298088
Attentive CNP + PE,m2,2000,2,102,500,full,Full 500-3000 keV,442,58,114299,17.21630597744962,21.25879286335084
Attentive CNP + PE,m2,2000,2,102,500,DEP,Tl-208 DEP 1592 keV,6,0,1323,16.891014717277734,22.70824626236192
Attentive CNP + PE,m2,2000,2,102,500,Bi-214,Bi-212 1620.74-keV feature,6,0,1361,18.034784900421876,25.138927029172475
Attentive CNP + PE,m2,2000,2,102,500,continuum_1700_2000,Continuum 1700-2000 keV,60,0,8230,19.420011667822116,22.350926606733626
Attentive CNP + PE,m2,2000,2,102,500,SE,Tl-208 SE 2103 keV,6,0,2023,6.77600696312049,7.411308079733581
Attentive CNP + PE,m2,2000,2,102,500,continuum_2200_2400,Continuum 2200-2400 keV,40,0,9093,13.575107354686722,17.452131940786757
Attentive CNP + PE,m2,2000,2,102,500,FE,Tl-208 FE 2614 keV,5,1,8709,6.657907946671834,6.986584630395806
Attentive CNP + PE,m2,2000,2,102,500,sparse_tail,Sparse tail 2700-3000 keV,13,47,68,36.81363708006741,40.17918229363574
Attentive CNP + PE,m2,2000,2,103,500,full,Full 500-3000 keV,442,58,114299,17.13054015978947,21.291953536077838
Attentive CNP + PE,m2,2000,2,103,500,DEP,Tl-208 DEP 1592 keV,6,0,1323,17.332561784402127,23.037459910200123
Attentive CNP + PE,m2,2000,2,103,500,Bi-214,Bi-212 1620.74-keV feature,6,0,1361,17.23300613239516,24.137196853115228
Attentive CNP + PE,m2,2000,2,103,500,continuum_1700_2000,Continuum 1700-2000 keV,60,0,8230,19.34120773798925,22.362500860579164
Attentive CNP + PE,m2,2000,2,103,500,SE,Tl-208 SE 2103 keV,6,0,2023,5.428141212840429,6.478581187045411
Attentive CNP + PE,m2,2000,2,103,500,continuum_2200_2400,Continuum 2200-2400 keV,40,0,9093,13.119719845484251,17.222718678776634
Attentive CNP + PE,m2,2000,2,103,500,FE,Tl-208 FE 2614 keV,5,1,8709,5.1722119222190335,6.681394803680424
Attentive CNP + PE,m2,2000,2,103,500,sparse_tail,Sparse tail 2700-3000 keV,13,47,68,41.614044224155485,44.559626925551285
Attentive CNP + PE,m2,2000,2,104,500,full,Full 500-3000 keV,442,58,114299,17.133439678443224,21.305737207180734
Attentive CNP + PE,m2,2000,2,104,500,DEP,Tl-208 DEP 1592 keV,6,0,1323,16.891626646715537,22.734481908622005
Attentive CNP + PE,m2,2000,2,104,500,Bi-214,Bi-212 1620.74-keV feature,6,0,1361,17.519370587880402,24.52607026366677
Attentive CNP + PE,m2,2000,2,104,500,continuum_1700_2000,Continuum 1700-2000 keV,60,0,8230,19.241292846318224,22.41099799965054
Attentive CNP + PE,m2,2000,2,104,500,SE,Tl-208 SE 2103 keV,6,0,2023,6.2696090490093335,7.201438574747216
Attentive CNP + PE,m2,2000,2,104,500,continuum_2200_2400,Continuum 2200-2400 keV,40,0,9093,13.182493905886854,17.24107742902948
Attentive CNP + PE,m2,2000,2,104,500,FE,Tl-208 FE 2614 keV,5,1,8709,6.026291166820608,6.900448717424747
Attentive CNP + PE,m2,2000,2,104,500,sparse_tail,Sparse tail 2700-3000 keV,13,47,68,38.5939719795203,41.814237594886315
Attentive CNP + PE,m2,2000,2,105,500,full,Full 500-3000 keV,442,58,114299,17.29789569583701,21.53069698205283
Attentive CNP + PE,m2,2000,2,105,500,DEP,Tl-208 DEP 1592 keV,6,0,1323,17.33745863140658,23.148657074987014
Attentive CNP + PE,m2,2000,2,105,500,Bi-214,Bi-212 1620.74-keV feature,6,0,1361,17.140146696409776,23.877789407132806
Attentive CNP + PE,m2,2000,2,105,500,continuum_1700_2000,Continuum 1700-2000 keV,60,0,8230,19.16867716771618,22.362403685389644
Attentive CNP + PE,m2,2000,2,105,500,SE,Tl-208 SE 2103 keV,6,0,2023,5.1929859048403175,6.4914955552041365
Attentive CNP + PE,m2,2000,2,105,500,continuum_2200_2400,Continuum 2200-2400 keV,40,0,9093,13.111915194704332,17.20827392590179
Attentive CNP + PE,m2,2000,2,105,500,FE,Tl-208 FE 2614 keV,5,1,8709,6.411268690596099,7.164715379683269
Attentive CNP + PE,m2,2000,2,105,500,sparse_tail,Sparse tail 2700-3000 keV,13,47,68,41.396062217039436,44.52515260431416
Attentive CNP + PE,m2,2000,2,106,500,full,Full 500-3000 keV,442,58,114299,17.09178288226856,21.22739948999571
Attentive CNP + PE,m2,2000,2,106,500,DEP,Tl-208 DEP 1592 keV,6,0,1323,16.89678705286121,22.63072003519898
Attentive CNP + PE,m2,2000,2,106,500,Bi-214,Bi-212 1620.74-keV feature,6,0,1361,17.192090899275424,24.470825068480735
Attentive CNP + PE,m2,2000,2,106,500,continuum_1700_2000,Continuum 1700-2000 keV,60,0,8230,19.174920855492957,22.456264471290474
Attentive CNP + PE,m2,2000,2,106,500,SE,Tl-208 SE 2103 keV,6,0,2023,6.158675138776987,6.959795308921278
Attentive CNP + PE,m2,2000,2,106,500,continuum_2200_2400,Continuum 2200-2400 keV,40,0,9093,13.266298594237682,17.28484939911349
Attentive CNP + PE,m2,2000,2,106,500,FE,Tl-208 FE 2614 keV,5,1,8709,5.932070741081867,6.842261303796593
Attentive CNP + PE,m2,2000,2,106,500,sparse_tail,Sparse tail 2700-3000 keV,13,47,68,38.0061397978202,41.203932479877786
Attentive CNP + PE,m2,2000,2,107,500,full,Full 500-3000 keV,442,58,114299,17.38198067478072,21.67634759605937
Attentive CNP + PE,m2,2000,2,107,500,DEP,Tl-208 DEP 1592 keV,6,0,1323,17.285775003976685,23.489127584396723
Attentive CNP + PE,m2,2000,2,107,500,Bi-214,Bi-212 1620.74-keV feature,6,0,1361,17.61081638801434,24.307114922365894
Attentive CNP + PE,m2,2000,2,107,500,continuum_1700_2000,Continuum 1700-2000 keV,60,0,8230,19.411011282012204,22.838200348135786
Attentive CNP + PE,m2,2000,2,107,500,SE,Tl-208 SE 2103 keV,6,0,2023,5.320742547413246,6.537964753717024
Attentive CNP + PE,m2,2000,2,107,500,continuum_2200_2400,Continuum 2200-2400 keV,40,0,9093,13.444293552442621,17.798846788925626
Attentive CNP + PE,m2,2000,2,107,500,FE,Tl-208 FE 2614 keV,5,1,8709,5.77315699049071,7.030251447550047
Attentive CNP + PE,m2,2000,2,107,500,sparse_tail,Sparse tail 2700-3000 keV,13,47,68,39.368316334307885,42.665742751423394
Attentive CNP + PE,m2,2000,2,108,500,full,Full 500-3000 keV,442,58,114299,17.43559551302088,21.599362855683772
Attentive CNP + PE,m2,2000,2,108,500,DEP,Tl-208 DEP 1592 keV,6,0,1323,17.241310567814295,22.91816183601529
Attentive CNP + PE,m2,2000,2,108,500,Bi-214,Bi-212 1620.74-keV feature,6,0,1361,18.2652794840844,24.767760795941822
Attentive CNP + PE,m2,2000,2,108,500,continuum_1700_2000,Continuum 1700-2000 keV,60,0,8230,19.778317044188974,22.587604761524428
Attentive CNP + PE,m2,2000,2,108,500,SE,Tl-208 SE 2103 keV,6,0,2023,4.926903741848193,6.2038454798178
Attentive CNP + PE,m2,2000,2,108,500,continuum_2200_2400,Continuum 2200-2400 keV,40,0,9093,13.394962661401308,17.418628157228273
Attentive CNP + PE,m2,2000,2,108,500,FE,Tl-208 FE 2614 keV,5,1,8709,6.226772962733908,6.881378417862057
Attentive CNP + PE,m2,2000,2,108,500,sparse_tail,Sparse tail 2700-3000 keV,13,47,68,39.98673511805044,43.307497814995585
Attentive CNP + PE,m2,2000,2,109,500,full,Full 500-3000 keV,442,58,114299,17.364591088476015,21.540394503796033
Attentive CNP + PE,m2,2000,2,109,500,DEP,Tl-208 DEP 1592 keV,6,0,1323,17.342788631460458,23.254898734780177
Attentive CNP + PE,m2,2000,2,109,500,Bi-214,Bi-212 1620.74-keV feature,6,0,1361,18.333315763789937,24.90827363041679
Attentive CNP + PE,m2,2000,2,109,500,continuum_1700_2000,Continuum 1700-2000 keV,60,0,8230,19.593288304871194,22.72809203853317
Attentive CNP + PE,m2,2000,2,109,500,SE,Tl-208 SE 2103 keV,6,0,2023,5.811864997259187,6.7141265359594975
Attentive CNP + PE,m2,2000,2,109,500,continuum_2200_2400,Continuum 2200-2400 keV,40,0,9093,13.605042179680455,17.68841342748989
Attentive CNP + PE,m2,2000,2,109,500,FE,Tl-208 FE 2614 keV,5,1,8709,6.385591054597758,7.015615826104833
Attentive CNP + PE,m2,2000,2,109,500,sparse_tail,Sparse tail 2700-3000 keV,13,47,68,38.406650070306846,41.56074878924546
Density-guided CNP (ours),ours,2000,0,100,500,full,Full 500-3000 keV,442,58,114299,12.20876863807241,16.580445603842794
Density-guided CNP (ours),ours,2000,0,100,500,DEP,Tl-208 DEP 1592 keV,6,0,1323,10.036118446612,11.243784247979953
Density-guided CNP (ours),ours,2000,0,100,500,Bi-214,Bi-212 1620.74-keV feature,6,0,1361,6.303496568087845,7.265330041458999
Density-guided CNP (ours),ours,2000,0,100,500,continuum_1700_2000,Continuum 1700-2000 keV,60,0,8230,13.497429601495739,18.39489107618381
Density-guided CNP (ours),ours,2000,0,100,500,SE,Tl-208 SE 2103 keV,6,0,2023,6.845750885517281,9.086545359721468
Density-guided CNP (ours),ours,2000,0,100,500,continuum_2200_2400,Continuum 2200-2400 keV,40,0,9093,12.847272362142986,18.5784240556548
Density-guided CNP (ours),ours,2000,0,100,500,FE,Tl-208 FE 2614 keV,5,1,8709,13.17290746631435,15.402735968312967
Density-guided CNP (ours),ours,2000,0,100,500,sparse_tail,Sparse tail 2700-3000 keV,13,47,68,11.157389296486581,14.452402963526795
Density-guided CNP (ours),ours,2000,0,101,500,full,Full 500-3000 keV,442,58,114299,12.018487616978145,16.404454263346096
Density-guided CNP (ours),ours,2000,0,101,500,DEP,Tl-208 DEP 1592 keV,6,0,1323,10.7430684569443,11.960034420660795
Density-guided CNP (ours),ours,2000,0,101,500,Bi-214,Bi-212 1620.74-keV feature,6,0,1361,5.6247335440058475,6.406664322021233
Density-guided CNP (ours),ours,2000,0,101,500,continuum_1700_2000,Continuum 1700-2000 keV,60,0,8230,14.977972390348857,19.050968667241506
Density-guided CNP (ours),ours,2000,0,101,500,SE,Tl-208 SE 2103 keV,6,0,2023,6.945641652871015,9.157676446519876
Density-guided CNP (ours),ours,2000,0,101,500,continuum_2200_2400,Continuum 2200-2400 keV,40,0,9093,13.11320448571251,19.345331807655832
Density-guided CNP (ours),ours,2000,0,101,500,FE,Tl-208 FE 2614 keV,5,1,8709,15.213567592404448,17.48300820660265
Density-guided CNP (ours),ours,2000,0,101,500,sparse_tail,Sparse tail 2700-3000 keV,13,47,68,6.507778701212104,8.80430257499759
Density-guided CNP (ours),ours,2000,0,102,500,full,Full 500-3000 keV,442,58,114299,11.762683896622253,16.20027368170026
Density-guided CNP (ours),ours,2000,0,102,500,DEP,Tl-208 DEP 1592 keV,6,0,1323,10.396936890453478,11.557165570632218
Density-guided CNP (ours),ours,2000,0,102,500,Bi-214,Bi-212 1620.74-keV feature,6,0,1361,5.705291020822247,5.91833754914572
Density-guided CNP (ours),ours,2000,0,102,500,continuum_1700_2000,Continuum 1700-2000 keV,60,0,8230,13.946751801735946,18.448602169529774
Density-guided CNP (ours),ours,2000,0,102,500,SE,Tl-208 SE 2103 keV,6,0,2023,6.884137785441606,9.096816557451723
Density-guided CNP (ours),ours,2000,0,102,500,continuum_2200_2400,Continuum 2200-2400 keV,40,0,9093,12.83298967407288,18.789322942821236
Density-guided CNP (ours),ours,2000,0,102,500,FE,Tl-208 FE 2614 keV,5,1,8709,14.235975923328406,16.47209885669212
Density-guided CNP (ours),ours,2000,0,102,500,sparse_tail,Sparse tail 2700-3000 keV,13,47,68,6.085278059947947,8.458220495177292
Density-guided CNP (ours),ours,2000,0,103,500,full,Full 500-3000 keV,442,58,114299,12.185457427250862,16.457877797214625
Density-guided CNP (ours),ours,2000,0,103,500,DEP,Tl-208 DEP 1592 keV,6,0,1323,10.125456360154518,11.307211326599823
Density-guided CNP (ours),ours,2000,0,103,500,Bi-214,Bi-212 1620.74-keV feature,6,0,1361,5.883622019487626,6.696761653132369
Density-guided CNP (ours),ours,2000,0,103,500,continuum_1700_2000,Continuum 1700-2000 keV,60,0,8230,14.107982750009555,18.670101058165947
Density-guided CNP (ours),ours,2000,0,103,500,SE,Tl-208 SE 2103 keV,6,0,2023,6.5567911607120655,8.789624573190272
Density-guided CNP (ours),ours,2000,0,103,500,continuum_2200_2400,Continuum 2200-2400 keV,40,0,9093,13.013746671752896,18.45663075254317
Density-guided CNP (ours),ours,2000,0,103,500,FE,Tl-208 FE 2614 keV,5,1,8709,13.359590883205213,15.538859554175627
Density-guided CNP (ours),ours,2000,0,103,500,sparse_tail,Sparse tail 2700-3000 keV,13,47,68,15.352579667996743,18.19875138495354
Density-guided CNP (ours),ours,2000,0,104,500,full,Full 500-3000 keV,442,58,114299,11.926669470203885,16.306513584189148
Density-guided CNP (ours),ours,2000,0,104,500,DEP,Tl-208 DEP 1592 keV,6,0,1323,10.814443232202514,12.042717630459068
Density-guided CNP (ours),ours,2000,0,104,500,Bi-214,Bi-212 1620.74-keV feature,6,0,1361,5.664480714192012,6.590758686465536
Density-guided CNP (ours),ours,2000,0,104,500,continuum_1700_2000,Continuum 1700-2000 keV,60,0,8230,14.863348118456365,18.997758663871725
Density-guided CNP (ours),ours,2000,0,104,500,SE,Tl-208 SE 2103 keV,6,0,2023,6.925073352923325,9.163299198069952
Density-guided CNP (ours),ours,2000,0,104,500,continuum_2200_2400,Continuum 2200-2400 keV,40,0,9093,12.89837250721165,19.066898849505343
Density-guided CNP (ours),ours,2000,0,104,500,FE,Tl-208 FE 2614 keV,5,1,8709,14.01891600427328,16.201808870515052
Density-guided CNP (ours),ours,2000,0,104,500,sparse_tail,Sparse tail 2700-3000 keV,13,47,68,6.541111705399529,8.760236971536717
Density-guided CNP (ours),ours,2000,0,105,500,full,Full 500-3000 keV,442,58,114299,12.5823099291169,17.323514173098307
Density-guided CNP (ours),ours,2000,0,105,500,DEP,Tl-208 DEP 1592 keV,6,0,1323,10.323839396520658,11.483815666050752
Density-guided CNP (ours),ours,2000,0,105,500,Bi-214,Bi-212 1620.74-keV feature,6,0,1361,5.7312875789263185,6.010103066172427
Density-guided CNP (ours),ours,2000,0,105,500,continuum_1700_2000,Continuum 1700-2000 keV,60,0,8230,14.394126756460007,18.733036219904978
Density-guided CNP (ours),ours,2000,0,105,500,SE,Tl-208 SE 2103 keV,6,0,2023,6.704820062077517,8.894124613292403
Density-guided CNP (ours),ours,2000,0,105,500,continuum_2200_2400,Continuum 2200-2400 keV,40,0,9093,12.851234619923721,18.541021009685103
Density-guided CNP (ours),ours,2000,0,105,500,FE,Tl-208 FE 2614 keV,5,1,8709,12.850761889703616,15.136000084274965
Density-guided CNP (ours),ours,2000,0,105,500,sparse_tail,Sparse tail 2700-3000 keV,13,47,68,28.628146566258334,36.20727516828724
Density-guided CNP (ours),ours,2000,0,106,500,full,Full 500-3000 keV,442,58,114299,11.843938296164607,16.15954852968937
Density-guided CNP (ours),ours,2000,0,106,500,DEP,Tl-208 DEP 1592 keV,6,0,1323,10.404703851400777,11.559099594370949
Density-guided CNP (ours),ours,2000,0,106,500,Bi-214,Bi-212 1620.74-keV feature,6,0,1361,5.761431972737241,5.993309306246024
Density-guided CNP (ours),ours,2000,0,106,500,continuum_1700_2000,Continuum 1700-2000 keV,60,0,8230,14.427044329633976,18.769682081253116
Density-guided CNP (ours),ours,2000,0,106,500,SE,Tl-208 SE 2103 keV,6,0,2023,6.636947471340196,8.858855519616263
Density-guided CNP (ours),ours,2000,0,106,500,continuum_2200_2400,Continuum 2200-2400 keV,40,0,9093,12.944894002031472,18.62172229362065
Density-guided CNP (ours),ours,2000,0,106,500,FE,Tl-208 FE 2614 keV,5,1,8709,13.478445963951582,15.643970525546655
Density-guided CNP (ours),ours,2000,0,106,500,sparse_tail,Sparse tail 2700-3000 keV,13,47,68,6.525839061339818,8.369182369021567
Density-guided CNP (ours),ours,2000,0,107,500,full,Full 500-3000 keV,442,58,114299,12.217273024918368,16.645583471581347
Density-guided CNP (ours),ours,2000,0,107,500,DEP,Tl-208 DEP 1592 keV,6,0,1323,10.63721536456363,11.853093400677125
Density-guided CNP (ours),ours,2000,0,107,500,Bi-214,Bi-212 1620.74-keV feature,6,0,1361,5.51132517489584,6.243609618727373
Density-guided CNP (ours),ours,2000,0,107,500,continuum_1700_2000,Continuum 1700-2000 keV,60,0,8230,14.958791480741542,19.02942546113694
Density-guided CNP (ours),ours,2000,0,107,500,SE,Tl-208 SE 2103 keV,6,0,2023,6.832824912606775,9.041110910783129
Density-guided CNP (ours),ours,2000,0,107,500,continuum_2200_2400,Continuum 2200-2400 keV,40,0,9093,12.870181500649174,19.020482820238133
Density-guided CNP (ours),ours,2000,0,107,500,FE,Tl-208 FE 2614 keV,5,1,8709,13.848079744060351,16.01560434499469
Density-guided CNP (ours),ours,2000,0,107,500,sparse_tail,Sparse tail 2700-3000 keV,13,47,68,20.33121573802187,23.86437876976451
Density-guided CNP (ours),ours,2000,0,108,500,full,Full 500-3000 keV,442,58,114299,11.78636741094786,16.223158535569763
Density-guided CNP (ours),ours,2000,0,108,500,DEP,Tl-208 DEP 1592 keV,6,0,1323,10.51839786472548,11.676978266490025
Density-guided CNP (ours),ours,2000,0,108,500,Bi-214,Bi-212 1620.74-keV feature,6,0,1361,5.8230510295571865,6.009067714745967
Density-guided CNP (ours),ours,2000,0,108,500,continuum_1700_2000,Continuum 1700-2000 keV,60,0,8230,14.634665391751827,18.89788659145624
Density-guided CNP (ours),ours,2000,0,108,500,SE,Tl-208 SE 2103 keV,6,0,2023,6.81496073145897,9.014945054770381
Density-guided CNP (ours),ours,2000,0,108,500,continuum_2200_2400,Continuum 2200-2400 keV,40,0,9093,12.935349853546926,19.124165321558493
Density-guided CNP (ours),ours,2000,0,108,500,FE,Tl-208 FE 2614 keV,5,1,8709,14.367668230840216,16.667160451006787
Density-guided CNP (ours),ours,2000,0,108,500,sparse_tail,Sparse tail 2700-3000 keV,13,47,68,6.77200842695787,8.8795466686515
Density-guided CNP (ours),ours,2000,0,109,500,full,Full 500-3000 keV,442,58,114299,12.089972777625938,16.322893502448082
Density-guided CNP (ours),ours,2000,0,109,500,DEP,Tl-208 DEP 1592 keV,6,0,1323,10.394049388077102,11.545064739040285
Density-guided CNP (ours),ours,2000,0,109,500,Bi-214,Bi-212 1620.74-keV feature,6,0,1361,5.844901318766521,6.171057670668674
Density-guided CNP (ours),ours,2000,0,109,500,continuum_1700_2000,Continuum 1700-2000 keV,60,0,8230,14.051523875815915,18.613186988852853
Density-guided CNP (ours),ours,2000,0,109,500,SE,Tl-208 SE 2103 keV,6,0,2023,6.670338361024501,8.8985562588264
Density-guided CNP (ours),ours,2000,0,109,500,continuum_2200_2400,Continuum 2200-2400 keV,40,0,9093,12.97623001194371,18.52498620443348
Density-guided CNP (ours),ours,2000,0,109,500,FE,Tl-208 FE 2614 keV,5,1,8709,13.282921172664416,15.4993981877908
Density-guided CNP (ours),ours,2000,0,109,500,sparse_tail,Sparse tail 2700-3000 keV,13,47,68,10.392829499728991,12.402968904687304
Density-guided CNP (ours),ours,2000,1,100,500,full,Full 500-3000 keV,442,58,114299,13.320769835718119,17.678301640249607
Density-guided CNP (ours),ours,2000,1,100,500,DEP,Tl-208 DEP 1592 keV,6,0,1323,14.844480300301932,16.11051174784625
Density-guided CNP (ours),ours,2000,1,100,500,Bi-214,Bi-212 1620.74-keV feature,6,0,1361,18.32734943484885,21.392042358901282
Density-guided CNP (ours),ours,2000,1,100,500,continuum_1700_2000,Continuum 1700-2000 keV,60,0,8230,13.004665867348598,16.900752787820615
Density-guided CNP (ours),ours,2000,1,100,500,SE,Tl-208 SE 2103 keV,6,0,2023,5.311223069638308,5.571624124820655
Density-guided CNP (ours),ours,2000,1,100,500,continuum_2200_2400,Continuum 2200-2400 keV,40,0,9093,12.919892694312196,18.51637188985369
Density-guided CNP (ours),ours,2000,1,100,500,FE,Tl-208 FE 2614 keV,5,1,8709,6.691322078788738,7.863947857486952
Density-guided CNP (ours),ours,2000,1,100,500,sparse_tail,Sparse tail 2700-3000 keV,13,47,68,12.485098802747883,15.95084298477842
Density-guided CNP (ours),ours,2000,1,101,500,full,Full 500-3000 keV,442,58,114299,12.6150666918911,16.925322883844306
Density-guided CNP (ours),ours,2000,1,101,500,DEP,Tl-208 DEP 1592 keV,6,0,1323,15.477242310316653,16.519094500363494
Density-guided CNP (ours),ours,2000,1,101,500,Bi-214,Bi-212 1620.74-keV feature,6,0,1361,15.225410197419908,17.82077474952596
Density-guided CNP (ours),ours,2000,1,101,500,continuum_1700_2000,Continuum 1700-2000 keV,60,0,8230,13.943086850186686,17.16473752008619
Density-guided CNP (ours),ours,2000,1,101,500,SE,Tl-208 SE 2103 keV,6,0,2023,5.379945102502366,5.592359108093158
Density-guided CNP (ours),ours,2000,1,101,500,continuum_2200_2400,Continuum 2200-2400 keV,40,0,9093,12.796750004310228,18.798343720785986
Density-guided CNP (ours),ours,2000,1,101,500,FE,Tl-208 FE 2614 keV,5,1,8709,11.253256352763092,12.750255340733412
Density-guided CNP (ours),ours,2000,1,101,500,sparse_tail,Sparse tail 2700-3000 keV,13,47,68,5.100649558358727,7.49091230825418
Density-guided CNP (ours),ours,2000,1,102,500,full,Full 500-3000 keV,442,58,114299,12.579690052684816,16.97829168065931
Density-guided CNP (ours),ours,2000,1,102,500,DEP,Tl-208 DEP 1592 keV,6,0,1323,15.239021278096434,16.36148924646952
Density-guided CNP (ours),ours,2000,1,102,500,Bi-214,Bi-212 1620.74-keV feature,6,0,1361,15.941913225118295,19.423550184353466
Density-guided CNP (ours),ours,2000,1,102,500,continuum_1700_2000,Continuum 1700-2000 keV,60,0,8230,13.390745734976301,16.892811257571598
Density-guided CNP (ours),ours,2000,1,102,500,SE,Tl-208 SE 2103 keV,6,0,2023,5.39106157636622,5.609591470372082
Density-guided CNP (ours),ours,2000,1,102,500,continuum_2200_2400,Continuum 2200-2400 keV,40,0,9093,12.939970190898647,18.63866895227818
Density-guided CNP (ours),ours,2000,1,102,500,FE,Tl-208 FE 2614 keV,5,1,8709,9.39077332353949,11.308011037182185
Density-guided CNP (ours),ours,2000,1,102,500,sparse_tail,Sparse tail 2700-3000 keV,13,47,68,4.353140177989731,6.94183544819521
Density-guided CNP (ours),ours,2000,1,103,500,full,Full 500-3000 keV,442,58,114299,12.878370968092339,17.1889867457409
Density-guided CNP (ours),ours,2000,1,103,500,DEP,Tl-208 DEP 1592 keV,6,0,1323,14.962606212142497,16.186716128981658
Density-guided CNP (ours),ours,2000,1,103,500,Bi-214,Bi-212 1620.74-keV feature,6,0,1361,17.586848409726112,20.901605871965092
Density-guided CNP (ours),ours,2000,1,103,500,continuum_1700_2000,Continuum 1700-2000 keV,60,0,8230,13.59468827280557,17.153972493668583
Density-guided CNP (ours),ours,2000,1,103,500,SE,Tl-208 SE 2103 keV,6,0,2023,4.932509690203387,5.578188383221511
Density-guided CNP (ours),ours,2000,1,103,500,continuum_2200_2400,Continuum 2200-2400 keV,40,0,9093,13.192286891024892,18.48048599155751
Density-guided CNP (ours),ours,2000,1,103,500,FE,Tl-208 FE 2614 keV,5,1,8709,6.635783095044492,7.533282382895022
Density-guided CNP (ours),ours,2000,1,103,500,sparse_tail,Sparse tail 2700-3000 keV,13,47,68,4.869325465653264,7.253820573896796
Density-guided CNP (ours),ours,2000,1,104,500,full,Full 500-3000 keV,442,58,114299,12.467823617726554,16.72948229485142
Density-guided CNP (ours),ours,2000,1,104,500,DEP,Tl-208 DEP 1592 keV,6,0,1323,15.487258064796618,16.520096408837244
Density-guided CNP (ours),ours,2000,1,104,500,Bi-214,Bi-212 1620.74-keV feature,6,0,1361,15.167907319710332,17.496714191329826
Density-guided CNP (ours),ours,2000,1,104,500,continuum_1700_2000,Continuum 1700-2000 keV,60,0,8230,13.916259595524188,17.164655063056188
Density-guided CNP (ours),ours,2000,1,104,500,SE,Tl-208 SE 2103 keV,6,0,2023,5.342921966500522,5.57162607775943
Density-guided CNP (ours),ours,2000,1,104,500,continuum_2200_2400,Continuum 2200-2400 keV,40,0,9093,12.819859163696531,18.708460030295946
Density-guided CNP (ours),ours,2000,1,104,500,FE,Tl-208 FE 2614 keV,5,1,8709,7.736822366396193,8.874338328643345
Density-guided CNP (ours),ours,2000,1,104,500,sparse_tail,Sparse tail 2700-3000 keV,13,47,68,4.662158458595403,7.036110430829002
Density-guided CNP (ours),ours,2000,1,105,500,full,Full 500-3000 keV,442,58,114299,13.460685417911888,17.71316460640344
Density-guided CNP (ours),ours,2000,1,105,500,DEP,Tl-208 DEP 1592 keV,6,0,1323,15.187492486519949,16.329595595574354
Density-guided CNP (ours),ours,2000,1,105,500,Bi-214,Bi-212 1620.74-keV feature,6,0,1361,16.25319687218155,19.846817087618533
Density-guided CNP (ours),ours,2000,1,105,500,continuum_1700_2000,Continuum 1700-2000 keV,60,0,8230,13.719430735729027,17.138296540585397
Density-guided CNP (ours),ours,2000,1,105,500,SE,Tl-208 SE 2103 keV,6,0,2023,5.125484321752348,5.533442462833746
Density-guided CNP (ours),ours,2000,1,105,500,continuum_2200_2400,Continuum 2200-2400 keV,40,0,9093,13.112416984586774,18.570944110957527
Density-guided CNP (ours),ours,2000,1,105,500,FE,Tl-208 FE 2614 keV,5,1,8709,4.982325014909684,5.304124599382805
Density-guided CNP (ours),ours,2000,1,105,500,sparse_tail,Sparse tail 2700-3000 keV,13,47,68,26.922681897687976,29.54798319568971
Density-guided CNP (ours),ours,2000,1,106,500,full,Full 500-3000 keV,442,58,114299,12.515839673143844,16.799071764955904
Density-guided CNP (ours),ours,2000,1,106,500,DEP,Tl-208 DEP 1592 keV,6,0,1323,15.253113307718195,16.378982186798588
Density-guided CNP (ours),ours,2000,1,106,500,Bi-214,Bi-212 1620.74-keV feature,6,0,1361,16.06117432785725,19.59108345960032
Density-guided CNP (ours),ours,2000,1,106,500,continuum_1700_2000,Continuum 1700-2000 keV,60,0,8230,13.808303810461203,17.29685286071212
Density-guided CNP (ours),ours,2000,1,106,500,SE,Tl-208 SE 2103 keV,6,0,2023,5.003528152423022,5.542756700100445
Density-guided CNP (ours),ours,2000,1,106,500,continuum_2200_2400,Continuum 2200-2400 keV,40,0,9093,13.054681974729359,18.54131002477356
Density-guided CNP (ours),ours,2000,1,106,500,FE,Tl-208 FE 2614 keV,5,1,8709,6.8700263540584565,7.80050752386659
Density-guided CNP (ours),ours,2000,1,106,500,sparse_tail,Sparse tail 2700-3000 keV,13,47,68,6.02229500249394,9.028815609128117
Density-guided CNP (ours),ours,2000,1,107,500,full,Full 500-3000 keV,442,58,114299,12.440571192829681,16.690109741404655
Density-guided CNP (ours),ours,2000,1,107,500,DEP,Tl-208 DEP 1592 keV,6,0,1323,15.418278068293803,16.464343091738918
Density-guided CNP (ours),ours,2000,1,107,500,Bi-214,Bi-212 1620.74-keV feature,6,0,1361,15.185300451130896,17.904840690692925
Density-guided CNP (ours),ours,2000,1,107,500,continuum_1700_2000,Continuum 1700-2000 keV,60,0,8230,13.940844457794874,17.180195942250098
Density-guided CNP (ours),ours,2000,1,107,500,SE,Tl-208 SE 2103 keV,6,0,2023,5.234332143971245,5.528767666834213
Density-guided CNP (ours),ours,2000,1,107,500,continuum_2200_2400,Continuum 2200-2400 keV,40,0,9093,12.785894677550926,18.672059980348035
Density-guided CNP (ours),ours,2000,1,107,500,FE,Tl-208 FE 2614 keV,5,1,8709,7.390523928639969,8.415575518092599
Density-guided CNP (ours),ours,2000,1,107,500,sparse_tail,Sparse tail 2700-3000 keV,13,47,68,5.574701650665605,7.505250959882051
Density-guided CNP (ours),ours,2000,1,108,500,full,Full 500-3000 keV,442,58,114299,12.425520791761206,16.777625120174175
Density-guided CNP (ours),ours,2000,1,108,500,DEP,Tl-208 DEP 1592 keV,6,0,1323,15.331958149546319,16.434603276225324
Density-guided CNP (ours),ours,2000,1,108,500,Bi-214,Bi-212 1620.74-keV feature,6,0,1361,15.828761920520737,19.298397732283995
Density-guided CNP (ours),ours,2000,1,108,500,continuum_1700_2000,Continuum 1700-2000 keV,60,0,8230,13.840451968143979,17.270474010440626
Density-guided CNP (ours),ours,2000,1,108,500,SE,Tl-208 SE 2103 keV,6,0,2023,5.214206090393516,5.527796076730541
Density-guided CNP (ours),ours,2000,1,108,500,continuum_2200_2400,Continuum 2200-2400 keV,40,0,9093,12.839573970097934,18.72964055584757
Density-guided CNP (ours),ours,2000,1,108,500,FE,Tl-208 FE 2614 keV,5,1,8709,9.236143768088517,10.49130667919134
Density-guided CNP (ours),ours,2000,1,108,500,sparse_tail,Sparse tail 2700-3000 keV,13,47,68,5.2928786950346645,7.473706114491146
Density-guided CNP (ours),ours,2000,1,109,500,full,Full 500-3000 keV,442,58,114299,12.746297989558949,17.066558588209592
Density-guided CNP (ours),ours,2000,1,109,500,DEP,Tl-208 DEP 1592 keV,6,0,1323,15.229366396102575,16.370925123160326
Density-guided CNP (ours),ours,2000,1,109,500,Bi-214,Bi-212 1620.74-keV feature,6,0,1361,16.30281041169434,19.91277947981795
Density-guided CNP (ours),ours,2000,1,109,500,continuum_1700_2000,Continuum 1700-2000 keV,60,0,8230,13.685022149761169,17.3016767810016
Density-guided CNP (ours),ours,2000,1,109,500,SE,Tl-208 SE 2103 keV,6,0,2023,5.046564338991239,5.536615739718528
Density-guided CNP (ours),ours,2000,1,109,500,continuum_2200_2400,Continuum 2200-2400 keV,40,0,9093,13.108986174848521,18.49865251112891
Density-guided CNP (ours),ours,2000,1,109,500,FE,Tl-208 FE 2614 keV,5,1,8709,6.820405311143736,7.937017984565255
Density-guided CNP (ours),ours,2000,1,109,500,sparse_tail,Sparse tail 2700-3000 keV,13,47,68,5.083652891026909,7.359884899483784
Density-guided CNP (ours),ours,2000,2,100,500,full,Full 500-3000 keV,442,58,114299,10.752203565722498,14.294914641602388
Density-guided CNP (ours),ours,2000,2,100,500,DEP,Tl-208 DEP 1592 keV,6,0,1323,10.787622412205934,12.77294378305628
Density-guided CNP (ours),ours,2000,2,100,500,Bi-214,Bi-212 1620.74-keV feature,6,0,1361,4.044155030540561,4.805983872514954
Density-guided CNP (ours),ours,2000,2,100,500,continuum_1700_2000,Continuum 1700-2000 keV,60,0,8230,9.914006135307238,12.349166490916161
Density-guided CNP (ours),ours,2000,2,100,500,SE,Tl-208 SE 2103 keV,6,0,2023,5.1681389784028,5.407026078537456
Density-guided CNP (ours),ours,2000,2,100,500,continuum_2200_2400,Continuum 2200-2400 keV,40,0,9093,13.20635325436656,16.7817665888003
Density-guided CNP (ours),ours,2000,2,100,500,FE,Tl-208 FE 2614 keV,5,1,8709,7.717873591439734,9.688870993827972
Density-guided CNP (ours),ours,2000,2,100,500,sparse_tail,Sparse tail 2700-3000 keV,13,47,68,12.040276649855386,15.199569333374443
Density-guided CNP (ours),ours,2000,2,101,500,full,Full 500-3000 keV,442,58,114299,10.28562983562363,13.924010731467332
Density-guided CNP (ours),ours,2000,2,101,500,DEP,Tl-208 DEP 1592 keV,6,0,1323,13.447235801859872,15.016181995038894
Density-guided CNP (ours),ours,2000,2,101,500,Bi-214,Bi-212 1620.74-keV feature,6,0,1361,7.357408778387977,9.319558907122477
Density-guided CNP (ours),ours,2000,2,101,500,continuum_1700_2000,Continuum 1700-2000 keV,60,0,8230,10.605362539096324,13.377131469579261
Density-guided CNP (ours),ours,2000,2,101,500,SE,Tl-208 SE 2103 keV,6,0,2023,5.262751867309449,5.455976756950853
Density-guided CNP (ours),ours,2000,2,101,500,continuum_2200_2400,Continuum 2200-2400 keV,40,0,9093,12.502637022249127,16.511577142917826
Density-guided CNP (ours),ours,2000,2,101,500,FE,Tl-208 FE 2614 keV,5,1,8709,11.765516512515584,13.512112718723355
Density-guided CNP (ours),ours,2000,2,101,500,sparse_tail,Sparse tail 2700-3000 keV,13,47,68,4.472790224673796,4.9078369808784075
Density-guided CNP (ours),ours,2000,2,102,500,full,Full 500-3000 keV,442,58,114299,10.22094424664711,13.742849580955582
Density-guided CNP (ours),ours,2000,2,102,500,DEP,Tl-208 DEP 1592 keV,6,0,1323,12.163669290108023,13.904533834198826
Density-guided CNP (ours),ours,2000,2,102,500,Bi-214,Bi-212 1620.74-keV feature,6,0,1361,5.325713016992173,6.444899020375384
Density-guided CNP (ours),ours,2000,2,102,500,continuum_1700_2000,Continuum 1700-2000 keV,60,0,8230,10.099380941089175,12.69368028428994
Density-guided CNP (ours),ours,2000,2,102,500,SE,Tl-208 SE 2103 keV,6,0,2023,5.25762766824214,5.457121432872926
Density-guided CNP (ours),ours,2000,2,102,500,continuum_2200_2400,Continuum 2200-2400 keV,40,0,9093,12.934799033476793,16.672910308608266
Density-guided CNP (ours),ours,2000,2,102,500,FE,Tl-208 FE 2614 keV,5,1,8709,9.796196079925302,12.191975064791114
Density-guided CNP (ours),ours,2000,2,102,500,sparse_tail,Sparse tail 2700-3000 keV,13,47,68,4.2484638704873285,4.722636330309952
Density-guided CNP (ours),ours,2000,2,103,500,full,Full 500-3000 keV,442,58,114299,10.879776425803138,14.34372104462579
Density-guided CNP (ours),ours,2000,2,103,500,DEP,Tl-208 DEP 1592 keV,6,0,1323,11.091477812770995,13.006737731554734
Density-guided CNP (ours),ours,2000,2,103,500,Bi-214,Bi-212 1620.74-keV feature,6,0,1361,4.34593005337201,5.024453099492405
Density-guided CNP (ours),ours,2000,2,103,500,continuum_1700_2000,Continuum 1700-2000 keV,60,0,8230,10.195052168212788,12.840171649869156
Density-guided CNP (ours),ours,2000,2,103,500,SE,Tl-208 SE 2103 keV,6,0,2023,4.817813695005691,5.360312017988454
Density-guided CNP (ours),ours,2000,2,103,500,continuum_2200_2400,Continuum 2200-2400 keV,40,0,9093,13.701263472391018,17.03041997803944
Density-guided CNP (ours),ours,2000,2,103,500,FE,Tl-208 FE 2614 keV,5,1,8709,7.797667160794977,9.579305025046954
Density-guided CNP (ours),ours,2000,2,103,500,sparse_tail,Sparse tail 2700-3000 keV,13,47,68,19.339220993452212,20.180910198412263
Density-guided CNP (ours),ours,2000,2,104,500,full,Full 500-3000 keV,442,58,114299,10.409758187108284,13.944028225446159
Density-guided CNP (ours),ours,2000,2,104,500,DEP,Tl-208 DEP 1592 keV,6,0,1323,13.554217687473624,15.112487845897265
Density-guided CNP (ours),ours,2000,2,104,500,Bi-214,Bi-212 1620.74-keV feature,6,0,1361,7.523219719325265,9.528455266408233
Density-guided CNP (ours),ours,2000,2,104,500,continuum_1700_2000,Continuum 1700-2000 keV,60,0,8230,10.513302128801506,13.273060744638421
Density-guided CNP (ours),ours,2000,2,104,500,SE,Tl-208 SE 2103 keV,6,0,2023,5.2264743048332996,5.433116676719518
Density-guided CNP (ours),ours,2000,2,104,500,continuum_2200_2400,Continuum 2200-2400 keV,40,0,9093,12.697779217680239,16.56814362591618
Density-guided CNP (ours),ours,2000,2,104,500,FE,Tl-208 FE 2614 keV,5,1,8709,8.654546352216636,10.441057445220734
Density-guided CNP (ours),ours,2000,2,104,500,sparse_tail,Sparse tail 2700-3000 keV,13,47,68,4.4737964710910525,4.761931299244536
Density-guided CNP (ours),ours,2000,2,105,500,full,Full 500-3000 keV,442,58,114299,11.225771793450393,14.88084942494669
Density-guided CNP (ours),ours,2000,2,105,500,DEP,Tl-208 DEP 1592 keV,6,0,1323,11.90523279851301,13.68311162057913
Density-guided CNP (ours),ours,2000,2,105,500,Bi-214,Bi-212 1620.74-keV feature,6,0,1361,5.115354131634441,6.131073420802357
Density-guided CNP (ours),ours,2000,2,105,500,continuum_1700_2000,Continuum 1700-2000 keV,60,0,8230,10.290344918527081,12.97708094327558
Density-guided CNP (ours),ours,2000,2,105,500,SE,Tl-208 SE 2103 keV,6,0,2023,5.001538359369424,5.354712978564388
Density-guided CNP (ours),ours,2000,2,105,500,continuum_2200_2400,Continuum 2200-2400 keV,40,0,9093,13.352558669738398,16.864738254940672
Density-guided CNP (ours),ours,2000,2,105,500,FE,Tl-208 FE 2614 keV,5,1,8709,6.606712089681777,8.188248177061007
Density-guided CNP (ours),ours,2000,2,105,500,sparse_tail,Sparse tail 2700-3000 keV,13,47,68,28.924263285433334,29.683796582324174
Density-guided CNP (ours),ours,2000,2,106,500,full,Full 500-3000 keV,442,58,114299,10.363730859672566,13.861684985718995
Density-guided CNP (ours),ours,2000,2,106,500,DEP,Tl-208 DEP 1592 keV,6,0,1323,12.154282400435385,13.902928214575489
Density-guided CNP (ours),ours,2000,2,106,500,Bi-214,Bi-212 1620.74-keV feature,6,0,1361,5.2912104317730435,6.415795142161643
Density-guided CNP (ours),ours,2000,2,106,500,continuum_1700_2000,Continuum 1700-2000 keV,60,0,8230,10.29686184197312,13.029260149211645
Density-guided CNP (ours),ours,2000,2,106,500,SE,Tl-208 SE 2103 keV,6,0,2023,4.886737748730386,5.352877409978707
Density-guided CNP (ours),ours,2000,2,106,500,continuum_2200_2400,Continuum 2200-2400 keV,40,0,9093,13.412403032592527,16.879990569380908
Density-guided CNP (ours),ours,2000,2,106,500,FE,Tl-208 FE 2614 keV,5,1,8709,7.962048638246608,9.716980075470001
Density-guided CNP (ours),ours,2000,2,106,500,sparse_tail,Sparse tail 2700-3000 keV,13,47,68,6.074975018931368,8.075008126995034
Density-guided CNP (ours),ours,2000,2,107,500,full,Full 500-3000 keV,442,58,114299,10.954083778944689,14.494408266451256
Density-guided CNP (ours),ours,2000,2,107,500,DEP,Tl-208 DEP 1592 keV,6,0,1323,13.332118097797805,14.899412681538887
Density-guided CNP (ours),ours,2000,2,107,500,Bi-214,Bi-212 1620.74-keV feature,6,0,1361,7.377979914746516,9.34519074319275
Density-guided CNP (ours),ours,2000,2,107,500,continuum_1700_2000,Continuum 1700-2000 keV,60,0,8230,10.542447187673345,13.2988239180482
Density-guided CNP (ours),ours,2000,2,107,500,SE,Tl-208 SE 2103 keV,6,0,2023,5.158069765047266,5.39825576926222
Density-guided CNP (ours),ours,2000,2,107,500,continuum_2200_2400,Continuum 2200-2400 keV,40,0,9093,12.742032556187747,16.58706213772275
Density-guided CNP (ours),ours,2000,2,107,500,FE,Tl-208 FE 2614 keV,5,1,8709,8.448099404892464,10.192776041229305
Density-guided CNP (ours),ours,2000,2,107,500,sparse_tail,Sparse tail 2700-3000 keV,13,47,68,23.770047742038425,24.333081259524363
Density-guided CNP (ours),ours,2000,2,108,500,full,Full 500-3000 keV,442,58,114299,10.242292190346497,13.821748124301859
Density-guided CNP (ours),ours,2000,2,108,500,DEP,Tl-208 DEP 1592 keV,6,0,1323,12.451580412789594,14.16135608012023
Density-guided CNP (ours),ours,2000,2,108,500,Bi-214,Bi-212 1620.74-keV feature,6,0,1361,5.468249767940656,6.803370783057227
Density-guided CNP (ours),ours,2000,2,108,500,continuum_1700_2000,Continuum 1700-2000 keV,60,0,8230,10.358418017275126,13.106177945899228
Density-guided CNP (ours),ours,2000,2,108,500,SE,Tl-208 SE 2103 keV,6,0,2023,5.13119345375082,5.390405145326542
Density-guided CNP (ours),ours,2000,2,108,500,continuum_2200_2400,Continuum 2200-2400 keV,40,0,9093,12.729415450709663,16.60518290825902
Density-guided CNP (ours),ours,2000,2,108,500,FE,Tl-208 FE 2614 keV,5,1,8709,9.89293863226491,11.768376065411774
Density-guided CNP (ours),ours,2000,2,108,500,sparse_tail,Sparse tail 2700-3000 keV,13,47,68,5.38116885782299,6.26647875017303
Density-guided CNP (ours),ours,2000,2,109,500,full,Full 500-3000 keV,442,58,114299,10.730675882637923,14.11467298930162
Density-guided CNP (ours),ours,2000,2,109,500,DEP,Tl-208 DEP 1592 keV,6,0,1323,11.904939108366424,13.703096333340902
Density-guided CNP (ours),ours,2000,2,109,500,Bi-214,Bi-212 1620.74-keV feature,6,0,1361,5.01634178330116,5.923488639203131
Density-guided CNP (ours),ours,2000,2,109,500,continuum_1700_2000,Continuum 1700-2000 keV,60,0,8230,10.111926046870265,12.756629015394019
Density-guided CNP (ours),ours,2000,2,109,500,SE,Tl-208 SE 2103 keV,6,0,2023,4.938071347564621,5.3494556310240515
Density-guided CNP (ours),ours,2000,2,109,500,continuum_2200_2400,Continuum 2200-2400 keV,40,0,9093,13.539687719399701,16.956256006768605
Density-guided CNP (ours),ours,2000,2,109,500,FE,Tl-208 FE 2614 keV,5,1,8709,7.89174185542863,9.839569761154014
Density-guided CNP (ours),ours,2000,2,109,500,sparse_tail,Sparse tail 2700-3000 keV,13,47,68,16.502563085752993,17.609099945734503
CNP,m0,5000,0,100,500,full,Full 500-3000 keV,442,58,114299,5.366725862039391,6.8943748659937025
CNP,m0,5000,0,100,500,DEP,Tl-208 DEP 1592 keV,6,0,1323,7.82945166037561,11.735407870930823
CNP,m0,5000,0,100,500,Bi-214,Bi-212 1620.74-keV feature,6,0,1361,9.743339709470005,12.174764355177354
CNP,m0,5000,0,100,500,continuum_1700_2000,Continuum 1700-2000 keV,60,0,8230,3.9883158871257596,5.086582132772359
CNP,m0,5000,0,100,500,SE,Tl-208 SE 2103 keV,6,0,2023,9.107804292449933,13.493088423307858
CNP,m0,5000,0,100,500,continuum_2200_2400,Continuum 2200-2400 keV,40,0,9093,8.309905465740924,9.142805647996589
CNP,m0,5000,0,100,500,FE,Tl-208 FE 2614 keV,5,1,8709,4.1285370444355225,4.73816981285544
CNP,m0,5000,0,100,500,sparse_tail,Sparse tail 2700-3000 keV,13,47,68,8.24941091845802,8.923695256838814
CNP,m0,5000,0,101,500,full,Full 500-3000 keV,442,58,114299,5.232893818084645,6.7992445681065075
CNP,m0,5000,0,101,500,DEP,Tl-208 DEP 1592 keV,6,0,1323,7.563027089994029,11.510605282554224
CNP,m0,5000,0,101,500,Bi-214,Bi-212 1620.74-keV feature,6,0,1361,9.608906755376447,12.27212942685832
CNP,m0,5000,0,101,500,continuum_1700_2000,Continuum 1700-2000 keV,60,0,8230,3.9468331700673884,5.005338283275573
CNP,m0,5000,0,101,500,SE,Tl-208 SE 2103 keV,6,0,2023,9.265173543944265,13.780445196373789
CNP,m0,5000,0,101,500,continuum_2200_2400,Continuum 2200-2400 keV,40,0,9093,7.764726865874675,8.62352014646755
CNP,m0,5000,0,101,500,FE,Tl-208 FE 2614 keV,5,1,8709,3.552111292733832,4.235405700495538
CNP,m0,5000,0,101,500,sparse_tail,Sparse tail 2700-3000 keV,13,47,68,8.525937975741172,9.195067942383698
CNP,m0,5000,0,102,500,full,Full 500-3000 keV,442,58,114299,5.3708080259126545,6.897348995880153
CNP,m0,5000,0,102,500,DEP,Tl-208 DEP 1592 keV,6,0,1323,7.838526581245732,11.743280474180114
CNP,m0,5000,0,102,500,Bi-214,Bi-212 1620.74-keV feature,6,0,1361,9.748007794423362,12.171709658355775
CNP,m0,5000,0,102,500,continuum_1700_2000,Continuum 1700-2000 keV,60,0,8230,3.98980759892716,5.089927338686425
CNP,m0,5000,0,102,500,SE,Tl-208 SE 2103 keV,6,0,2023,9.102885066869463,13.484247387505102
CNP,m0,5000,0,102,500,continuum_2200_2400,Continuum 2200-2400 keV,40,0,9093,8.315506320043838,9.147257357810636
CNP,m0,5000,0,102,500,FE,Tl-208 FE 2614 keV,5,1,8709,4.131379394504873,4.740815916293013
CNP,m0,5000,0,102,500,sparse_tail,Sparse tail 2700-3000 keV,13,47,68,8.247111094460926,8.921136984510087
CNP,m0,5000,0,103,500,full,Full 500-3000 keV,442,58,114299,5.085646839558657,6.7158821812625416
CNP,m0,5000,0,103,500,DEP,Tl-208 DEP 1592 keV,6,0,1323,7.195712754615859,11.128257890341018
CNP,m0,5000,0,103,500,Bi-214,Bi-212 1620.74-keV feature,6,0,1361,9.364465316834826,12.479490327142475
CNP,m0,5000,0,103,500,continuum_1700_2000,Continuum 1700-2000 keV,60,0,8230,4.026090997171356,4.952546694915034
CNP,m0,5000,0,103,500,SE,Tl-208 SE 2103 keV,6,0,2023,9.5549260682952,14.336755069807802
CNP,m0,5000,0,103,500,continuum_2200_2400,Continuum 2200-2400 keV,40,0,9093,6.765358978082707,7.643370412834051
CNP,m0,5000,0,103,500,FE,Tl-208 FE 2614 keV,5,1,8709,2.8104655031192567,3.272888919600174
CNP,m0,5000,0,103,500,sparse_tail,Sparse tail 2700-3000 keV,13,47,68,9.143004702596627,9.82735828589801
CNP,m0,5000,0,104,500,full,Full 500-3000 keV,442,58,114299,5.202876805942742,6.782828407628607
CNP,m0,5000,0,104,500,DEP,Tl-208 DEP 1592 keV,6,0,1323,7.468000360906972,11.432756072718153
CNP,m0,5000,0,104,500,Bi-214,Bi-212 1620.74-keV feature,6,0,1361,9.560056865662824,12.309709345351818
CNP,m0,5000,0,104,500,continuum_1700_2000,Continuum 1700-2000 keV,60,0,8230,3.9422765363694294,4.983857352220287
CNP,m0,5000,0,104,500,SE,Tl-208 SE 2103 keV,6,0,2023,9.328567782396473,13.899898317922288
CNP,m0,5000,0,104,500,continuum_2200_2400,Continuum 2200-2400 keV,40,0,9093,7.480493859528886,8.351671488427998
CNP,m0,5000,0,104,500,FE,Tl-208 FE 2614 keV,5,1,8709,3.3062958463543484,3.8993062775950555
CNP,m0,5000,0,104,500,sparse_tail,Sparse tail 2700-3000 keV,13,47,68,8.748130465285278,9.417014421712972
CNP,m0,5000,0,105,500,full,Full 500-3000 keV,442,58,114299,5.199992325128892,6.781962979904721
CNP,m0,5000,0,105,500,DEP,Tl-208 DEP 1592 keV,6,0,1323,7.452728852073587,11.4203154885406
CNP,m0,5000,0,105,500,Bi-214,Bi-212 1620.74-keV feature,6,0,1361,9.552239354675967,12.316115137630431
CNP,m0,5000,0,105,500,continuum_1700_2000,Continuum 1700-2000 keV,60,0,8230,3.943042793503633,4.980638388119576
CNP,m0,5000,0,105,500,SE,Tl-208 SE 2103 keV,6,0,2023,9.340334529806094,13.922596762408023
CNP,m0,5000,0,105,500,continuum_2200_2400,Continuum 2200-2400 keV,40,0,9093,7.407241694106884,8.280947333364079
CNP,m0,5000,0,105,500,FE,Tl-208 FE 2614 keV,5,1,8709,3.2373186949932284,3.80751665341974
CNP,m0,5000,0,105,500,sparse_tail,Sparse tail 2700-3000 keV,13,47,68,8.81032902022943,9.480074035665094
CNP,m0,5000,0,106,500,full,Full 500-3000 keV,442,58,114299,5.20709745236407,6.782936084090033
CNP,m0,5000,0,106,500,DEP,Tl-208 DEP 1592 keV,6,0,1323,7.501809603866529,11.460256658735183
CNP,m0,5000,0,106,500,Bi-214,Bi-212 1620.74-keV feature,6,0,1361,9.577714730596192,12.296291100017308
CNP,m0,5000,0,106,500,continuum_1700_2000,Continuum 1700-2000 keV,60,0,8230,3.9424315037510103,4.991529064141793
CNP,m0,5000,0,106,500,SE,Tl-208 SE 2103 keV,6,0,2023,9.302767881988528,13.850883915694276
CNP,m0,5000,0,106,500,continuum_2200_2400,Continuum 2200-2400 keV,40,0,9093,7.621925148280689,8.487969260522386
CNP,m0,5000,0,106,500,FE,Tl-208 FE 2614 keV,5,1,8709,3.4495632750707648,4.093485311563854
CNP,m0,5000,0,106,500,sparse_tail,Sparse tail 2700-3000 keV,13,47,68,8.61056127521474,9.280229351710675
CNP,m0,5000,0,107,500,full,Full 500-3000 keV,442,58,114299,5.125467624866475,6.736764287402024
CNP,m0,5000,0,107,500,DEP,Tl-208 DEP 1592 keV,6,0,1323,7.274896611444727,11.249663962065332
CNP,m0,5000,0,107,500,Bi-214,Bi-212 1620.74-keV feature,6,0,1361,9.444064109904438,12.407338969628697
CNP,m0,5000,0,107,500,continuum_1700_2000,Continuum 1700-2000 keV,60,0,8230,3.9769080906644034,4.95564717669086
CNP,m0,5000,0,107,500,SE,Tl-208 SE 2103 keV,6,0,2023,9.4639893632699,14.158832413555544
CNP,m0,5000,0,107,500,continuum_2200_2400,Continuum 2200-2400 keV,40,0,9093,7.026914866889637,7.9104000844706
CNP,m0,5000,0,107,500,FE,Tl-208 FE 2614 keV,5,1,8709,2.99273360253186,3.4933584108841913
CNP,m0,5000,0,107,500,sparse_tail,Sparse tail 2700-3000 keV,13,47,68,8.999671828604223,9.676378455746343
CNP,m0,5000,0,108,500,full,Full 500-3000 keV,442,58,114299,5.058772632598229,6.704198739250382
CNP,m0,5000,0,108,500,DEP,Tl-208 DEP 1592 keV,6,0,1323,7.144981371898683,11.051986712929146
CNP,m0,5000,0,108,500,Bi-214,Bi-212 1620.74-keV feature,6,0,1361,9.313254392600335,12.528194509557794
CNP,m0,5000,0,108,500,continuum_1700_2000,Continuum 1700-2000 keV,60,0,8230,4.063621915859309,4.957526909601063
CNP,m0,5000,0,108,500,SE,Tl-208 SE 2103 keV,6,0,2023,9.6540624878481,14.451149759374296
CNP,m0,5000,0,108,500,continuum_2200_2400,Continuum 2200-2400 keV,40,0,9093,6.6038941663561275,7.480598092512659
CNP,m0,5000,0,108,500,FE,Tl-208 FE 2614 keV,5,1,8709,2.7094837200956734,3.1562619771037492
CNP,m0,5000,0,108,500,sparse_tail,Sparse tail 2700-3000 keV,13,47,68,9.212028711355808,9.901193298802754
CNP,m0,5000,0,109,500,full,Full 500-3000 keV,442,58,114299,5.371239467380123,6.897935423857948
CNP,m0,5000,0,109,500,DEP,Tl-208 DEP 1592 keV,6,0,1323,7.82501303252937,11.731567335479907
CNP,m0,5000,0,109,500,Bi-214,Bi-212 1620.74-keV feature,6,0,1361,9.740577927879292,12.17643529635302
CNP,m0,5000,0,109,500,continuum_1700_2000,Continuum 1700-2000 keV,60,0,8230,3.9866168106002307,5.082442473029135
CNP,m0,5000,0,109,500,SE,Tl-208 SE 2103 keV,6,0,2023,9.117918497463164,13.512269149463874
CNP,m0,5000,0,109,500,continuum_2200_2400,Continuum 2200-2400 keV,40,0,9093,8.201759121137053,9.034129629100985
CNP,m0,5000,0,109,500,FE,Tl-208 FE 2614 keV,5,1,8709,3.9159798856581176,4.554847607351294
CNP,m0,5000,0,109,500,sparse_tail,Sparse tail 2700-3000 keV,13,47,68,8.374184136263269,9.04282919023922
CNP,m0,5000,1,100,500,full,Full 500-3000 keV,442,58,114299,5.107751595740568,6.697521518365196
CNP,m0,5000,1,100,500,DEP,Tl-208 DEP 1592 keV,6,0,1323,7.497975314916684,11.462060093699133
CNP,m0,5000,1,100,500,Bi-214,Bi-212 1620.74-keV feature,6,0,1361,9.533036544611424,12.301759790039075
CNP,m0,5000,1,100,500,continuum_1700_2000,Continuum 1700-2000 keV,60,0,8230,3.9695231094682404,4.945088647287147
CNP,m0,5000,1,100,500,SE,Tl-208 SE 2103 keV,6,0,2023,9.60119115996897,14.415552140502601
CNP,m0,5000,1,100,500,continuum_2200_2400,Continuum 2200-2400 keV,40,0,9093,6.418512954838943,7.238905437731168
CNP,m0,5000,1,100,500,FE,Tl-208 FE 2614 keV,5,1,8709,4.142207022979395,4.852080686578826
CNP,m0,5000,1,100,500,sparse_tail,Sparse tail 2700-3000 keV,13,47,68,7.096647004703077,8.003490612509172
CNP,m0,5000,1,101,500,full,Full 500-3000 keV,442,58,114299,5.118205858615178,6.723250743417332
CNP,m0,5000,1,101,500,DEP,Tl-208 DEP 1592 keV,6,0,1323,7.454534706010309,11.426569334300476
CNP,m0,5000,1,101,500,Bi-214,Bi-212 1620.74-keV feature,6,0,1361,9.510223868052048,12.321130243393291
CNP,m0,5000,1,101,500,continuum_1700_2000,Continuum 1700-2000 keV,60,0,8230,3.9838011166319327,4.941728732083262
CNP,m0,5000,1,101,500,SE,Tl-208 SE 2103 keV,6,0,2023,9.723571755532417,14.537137067011768
CNP,m0,5000,1,101,500,continuum_2200_2400,Continuum 2200-2400 keV,40,0,9093,6.12209070845211,6.914215282543277
CNP,m0,5000,1,101,500,FE,Tl-208 FE 2614 keV,5,1,8709,3.5919622640790285,4.317072204898958
CNP,m0,5000,1,101,500,sparse_tail,Sparse tail 2700-3000 keV,13,47,68,7.284132946243377,8.16778782669369
CNP,m0,5000,1,102,500,full,Full 500-3000 keV,442,58,114299,5.1217112478390305,6.708384769862652
CNP,m0,5000,1,102,500,DEP,Tl-208 DEP 1592 keV,6,0,1323,7.532208601202457,11.490273562435531
CNP,m0,5000,1,102,500,Bi-214,Bi-212 1620.74-keV feature,6,0,1361,9.549989963848695,12.288201469060086
CNP,m0,5000,1,102,500,continuum_1700_2000,Continuum 1700-2000 keV,60,0,8230,3.96391063375974,4.946142752764357
CNP,m0,5000,1,102,500,SE,Tl-208 SE 2103 keV,6,0,2023,9.58880513870052,14.403476368899554
CNP,m0,5000,1,102,500,continuum_2200_2400,Continuum 2200-2400 keV,40,0,9093,6.398400418620423,7.213693925502235
CNP,m0,5000,1,102,500,FE,Tl-208 FE 2614 keV,5,1,8709,4.05577469435327,4.778130464964
CNP,m0,5000,1,102,500,sparse_tail,Sparse tail 2700-3000 keV,13,47,68,7.120830123131834,8.024484450885634
CNP,m0,5000,1,103,500,full,Full 500-3000 keV,442,58,114299,5.120705595527399,6.792391545304126
CNP,m0,5000,1,103,500,DEP,Tl-208 DEP 1592 keV,6,0,1323,7.2489570391281895,11.225110425878214
CNP,m0,5000,1,103,500,Bi-214,Bi-212 1620.74-keV feature,6,0,1361,9.381653331261553,12.432180336489807
CNP,m0,5000,1,103,500,continuum_1700_2000,Continuum 1700-2000 keV,60,0,8230,4.067181178539919,4.953904259122857
CNP,m0,5000,1,103,500,SE,Tl-208 SE 2103 keV,6,0,2023,10.124609820572617,14.849876940255422
CNP,m0,5000,1,103,500,continuum_2200_2400,Continuum 2200-2400 keV,40,0,9093,5.563544241921934,6.333333970850045
CNP,m0,5000,1,103,500,FE,Tl-208 FE 2614 keV,5,1,8709,2.770044564647748,3.304705067828629
CNP,m0,5000,1,103,500,sparse_tail,Sparse tail 2700-3000 keV,13,47,68,7.711881212549902,8.559745142112856
CNP,m0,5000,1,104,500,full,Full 500-3000 keV,442,58,114299,5.148269232447375,6.7667270499510686
CNP,m0,5000,1,104,500,DEP,Tl-208 DEP 1592 keV,6,0,1323,7.44516809971868,11.418841831119314
CNP,m0,5000,1,104,500,Bi-214,Bi-212 1620.74-keV feature,6,0,1361,9.504388511856659,12.325141494226191
CNP,m0,5000,1,104,500,continuum_1700_2000,Continuum 1700-2000 keV,60,0,8230,3.987264004560214,4.940861326206796
CNP,m0,5000,1,104,500,SE,Tl-208 SE 2103 keV,6,0,2023,9.764573694636747,14.578006976544142
CNP,m0,5000,1,104,500,continuum_2200_2400,Continuum 2200-2400 keV,40,0,9093,5.965429881759208,6.739931337385626
CNP,m0,5000,1,104,500,FE,Tl-208 FE 2614 keV,5,1,8709,3.2154474856147086,3.8257990324567683
CNP,m0,5000,1,104,500,sparse_tail,Sparse tail 2700-3000 keV,13,47,68,7.488068575728871,8.350008638830571
CNP,m0,5000,1,105,500,full,Full 500-3000 keV,442,58,114299,5.12644379579542,6.7601247684235695
CNP,m0,5000,1,105,500,DEP,Tl-208 DEP 1592 keV,6,0,1323,7.342513426968512,11.336245064737378
CNP,m0,5000,1,105,500,Bi-214,Bi-212 1620.74-keV feature,6,0,1361,9.453241546484735,12.368286620840712
CNP,m0,5000,1,105,500,continuum_1700_2000,Continuum 1700-2000 keV,60,0,8230,4.01402358005655,4.942881829736604
CNP,m0,5000,1,105,500,SE,Tl-208 SE 2103 keV,6,0,2023,9.84419798856757,14.657985294168748
CNP,m0,5000,1,105,500,continuum_2200_2400,Continuum 2200-2400 keV,40,0,9093,5.88804211687717,6.663003749012968
CNP,m0,5000,1,105,500,FE,Tl-208 FE 2614 keV,5,1,8709,3.1366233402267025,3.7281088845374906
CNP,m0,5000,1,105,500,sparse_tail,Sparse tail 2700-3000 keV,13,47,68,7.53241095370971,8.390281125156573
CNP,m0,5000,1,106,500,full,Full 500-3000 keV,442,58,114299,5.116958890969723,6.734047628957793
CNP,m0,5000,1,106,500,DEP,Tl-208 DEP 1592 keV,6,0,1323,7.398381469166056,11.381159218490078
CNP,m0,5000,1,106,500,Bi-214,Bi-212 1620.74-keV feature,6,0,1361,9.48164343609962,12.344444853604578
CNP,m0,5000,1,106,500,continuum_1700_2000,Continuum 1700-2000 keV,60,0,8230,3.9978818641011946,4.941744649548278
CNP,m0,5000,1,106,500,SE,Tl-208 SE 2103 keV,6,0,2023,9.783794068004402,14.597270483411778
CNP,m0,5000,1,106,500,continuum_2200_2400,Continuum 2200-2400 keV,40,0,9093,6.013417061798609,6.7978510395464085
CNP,m0,5000,1,106,500,FE,Tl-208 FE 2614 keV,5,1,8709,3.4121411165580082,4.077825922310389
CNP,m0,5000,1,106,500,sparse_tail,Sparse tail 2700-3000 keV,13,47,68,7.378569586922182,8.251876222188905
CNP,m0,5000,1,107,500,full,Full 500-3000 keV,442,58,114299,5.1240199829153825,6.777138797218642
CNP,m0,5000,1,107,500,DEP,Tl-208 DEP 1592 keV,6,0,1323,7.284078305828117,11.280071923651331
CNP,m0,5000,1,107,500,Bi-214,Bi-212 1620.74-keV feature,6,0,1361,9.417261280703555,12.40007207462554
CNP,m0,5000,1,107,500,continuum_1700_2000,Continuum 1700-2000 keV,60,0,8230,4.040996167749317,4.947085970696779
CNP,m0,5000,1,107,500,SE,Tl-208 SE 2103 keV,6,0,2023,9.992865435462937,14.760723300717654
CNP,m0,5000,1,107,500,continuum_2200_2400,Continuum 2200-2400 keV,40,0,9093,5.707350667798307,6.477642391883032
CNP,m0,5000,1,107,500,FE,Tl-208 FE 2614 keV,5,1,8709,2.9337552224104972,3.4873427514380344
CNP,m0,5000,1,107,500,sparse_tail,Sparse tail 2700-3000 keV,13,47,68,7.632984900272903,8.484507549849445
CNP,m0,5000,1,108,500,full,Full 500-3000 keV,442,58,114299,5.11128702445488,6.792954577758853
CNP,m0,5000,1,108,500,DEP,Tl-208 DEP 1592 keV,6,0,1323,7.223088868015408,11.185042323877541
CNP,m0,5000,1,108,500,Bi-214,Bi-212 1620.74-keV feature,6,0,1361,9.355654163986909,12.456337256001158
CNP,m0,5000,1,108,500,continuum_1700_2000,Continuum 1700-2000 keV,60,0,8230,4.086436191184043,4.96067554355415
CNP,m0,5000,1,108,500,SE,Tl-208 SE 2103 keV,6,0,2023,10.214837629120842,14.911589501724649
CNP,m0,5000,1,108,500,continuum_2200_2400,Continuum 2200-2400 keV,40,0,9093,5.4837136123618455,6.256163695999706
CNP,m0,5000,1,108,500,FE,Tl-208 FE 2614 keV,5,1,8709,2.7340633983409726,3.267298599213405
CNP,m0,5000,1,108,500,sparse_tail,Sparse tail 2700-3000 keV,13,47,68,7.727296149593678,8.575630688355568
CNP,m0,5000,1,109,500,full,Full 500-3000 keV,442,58,114299,5.144691377027269,6.735209244016933
CNP,m0,5000,1,109,500,DEP,Tl-208 DEP 1592 keV,6,0,1323,7.54290539677508,11.498884495892318
CNP,m0,5000,1,109,500,Bi-214,Bi-212 1620.74-keV feature,6,0,1361,9.554501938129988,12.284523662966995
CNP,m0,5000,1,109,500,continuum_1700_2000,Continuum 1700-2000 keV,60,0,8230,3.9629995676618837,4.945470105199112
CNP,m0,5000,1,109,500,SE,Tl-208 SE 2103 keV,6,0,2023,9.610711417567469,14.424987361291459
CNP,m0,5000,1,109,500,continuum_2200_2400,Continuum 2200-2400 keV,40,0,9093,6.284324243776659,7.082389168283759
CNP,m0,5000,1,109,500,FE,Tl-208 FE 2614 keV,5,1,8709,3.669601678779145,4.42246755695777
CNP,m0,5000,1,109,500,sparse_tail,Sparse tail 2700-3000 keV,13,47,68,7.257017564861344,8.141901540930444
CNP,m0,5000,2,100,500,full,Full 500-3000 keV,442,58,114299,5.421464158780279,7.466652519392235
CNP,m0,5000,2,100,500,DEP,Tl-208 DEP 1592 keV,6,0,1323,6.508547476446451,10.188289428670302
CNP,m0,5000,2,100,500,Bi-214,Bi-212 1620.74-keV feature,6,0,1361,8.87545130530783,13.351510751618243
CNP,m0,5000,2,100,500,continuum_1700_2000,Continuum 1700-2000 keV,60,0,8230,4.820608157156833,5.598732135226888
CNP,m0,5000,2,100,500,SE,Tl-208 SE 2103 keV,6,0,2023,11.740977981471987,16.007694720044096
CNP,m0,5000,2,100,500,continuum_2200_2400,Continuum 2200-2400 keV,40,0,9093,4.947488793004945,5.735959046649891
CNP,m0,5000,2,100,500,FE,Tl-208 FE 2614 keV,5,1,8709,3.170033928586966,4.039465592280857
CNP,m0,5000,2,100,500,sparse_tail,Sparse tail 2700-3000 keV,13,47,68,10.150598038385859,11.004218377385442
CNP,m0,5000,2,101,500,full,Full 500-3000 keV,442,58,114299,5.477007879821192,7.558614130135815
CNP,m0,5000,2,101,500,DEP,Tl-208 DEP 1592 keV,6,0,1323,6.508124756247259,10.150521801231987
CNP,m0,5000,2,101,500,Bi-214,Bi-212 1620.74-keV feature,6,0,1361,8.911807321850494,13.404942804963827
CNP,m0,5000,2,101,500,continuum_1700_2000,Continuum 1700-2000 keV,60,0,8230,4.872966958791875,5.659391202821779
CNP,m0,5000,2,101,500,SE,Tl-208 SE 2103 keV,6,0,2023,11.909393440597018,16.13114268550747
CNP,m0,5000,2,101,500,continuum_2200_2400,Continuum 2200-2400 keV,40,0,9093,4.786435691828354,5.562381826502471
CNP,m0,5000,2,101,500,FE,Tl-208 FE 2614 keV,5,1,8709,3.630679903631331,4.4106591213031034
CNP,m0,5000,2,101,500,sparse_tail,Sparse tail 2700-3000 keV,13,47,68,10.39242655671231,11.242735419876155
CNP,m0,5000,2,102,500,full,Full 500-3000 keV,442,58,114299,5.40543848393264,7.43619760193509
CNP,m0,5000,2,102,500,DEP,Tl-208 DEP 1592 keV,6,0,1323,6.5083543840439795,10.212405796438144
CNP,m0,5000,2,102,500,Bi-214,Bi-212 1620.74-keV feature,6,0,1361,8.87551183867754,13.318372578068818
CNP,m0,5000,2,102,500,continuum_1700_2000,Continuum 1700-2000 keV,60,0,8230,4.790249136526791,5.563311645340818
CNP,m0,5000,2,102,500,SE,Tl-208 SE 2103 keV,6,0,2023,11.657048179284851,15.946311135956535
CNP,m0,5000,2,102,500,continuum_2200_2400,Continuum 2200-2400 keV,40,0,9093,5.018614494826682,5.807211217333004
CNP,m0,5000,2,102,500,FE,Tl-208 FE 2614 keV,5,1,8709,3.0421934043527052,3.9398243542941622
CNP,m0,5000,2,102,500,sparse_tail,Sparse tail 2700-3000 keV,13,47,68,10.107271969199852,10.952486177538555
CNP,m0,5000,2,103,500,full,Full 500-3000 keV,442,58,114299,5.498949222883914,7.59246191337629
CNP,m0,5000,2,103,500,DEP,Tl-208 DEP 1592 keV,6,0,1323,6.507054666731461,10.200692224566026
CNP,m0,5000,2,103,500,Bi-214,Bi-212 1620.74-keV feature,6,0,1361,8.876294753038506,13.334294925324436
CNP,m0,5000,2,103,500,continuum_1700_2000,Continuum 1700-2000 keV,60,0,8230,4.808510162257129,5.587439508030691
CNP,m0,5000,2,103,500,SE,Tl-208 SE 2103 keV,6,0,2023,11.811243753420168,16.05820620952484
CNP,m0,5000,2,103,500,continuum_2200_2400,Continuum 2200-2400 keV,40,0,9093,4.792711842231387,5.5602340810786215
CNP,m0,5000,2,103,500,FE,Tl-208 FE 2614 keV,5,1,8709,4.005992574656704,4.724228721822508
CNP,m0,5000,2,103,500,sparse_tail,Sparse tail 2700-3000 keV,13,47,68,10.69372152053052,11.517232556724007
CNP,m0,5000,2,104,500,full,Full 500-3000 keV,442,58,114299,5.4290122609042974,7.477289018620537
CNP,m0,5000,2,104,500,DEP,Tl-208 DEP 1592 keV,6,0,1323,6.524350555787546,10.253807813618655
CNP,m0,5000,2,104,500,Bi-214,Bi-212 1620.74-keV feature,6,0,1361,8.876280008555925,13.263666310653367
CNP,m0,5000,2,104,500,continuum_1700_2000,Continuum 1700-2000 keV,60,0,8230,4.742031910498247,5.510614073258447
CNP,m0,5000,2,104,500,SE,Tl-208 SE 2103 keV,6,0,2023,11.592631216145294,15.89856408594236
CNP,m0,5000,2,104,500,continuum_2200_2400,Continuum 2200-2400 keV,40,0,9093,4.998725871095481,5.7810341123597775
CNP,m0,5000,2,104,500,FE,Tl-208 FE 2614 keV,5,1,8709,3.4328296464168737,4.247425642200036
CNP,m0,5000,2,104,500,sparse_tail,Sparse tail 2700-3000 keV,13,47,68,10.368293539297099,11.216950306128242
CNP,m0,5000,2,105,500,full,Full 500-3000 keV,442,58,114299,5.4184804056258935,7.457252442940661
CNP,m0,5000,2,105,500,DEP,Tl-208 DEP 1592 keV,6,0,1323,6.551644753343607,10.283054456752273
CNP,m0,5000,2,105,500,Bi-214,Bi-212 1620.74-keV feature,6,0,1361,8.876394992167292,13.226617620731398
CNP,m0,5000,2,105,500,continuum_1700_2000,Continuum 1700-2000 keV,60,0,8230,4.7071920729750465,5.472647867579327
CNP,m0,5000,2,105,500,SE,Tl-208 SE 2103 keV,6,0,2023,11.50449701970716,15.834493365066592
CNP,m0,5000,2,105,500,continuum_2200_2400,Continuum 2200-2400 keV,40,0,9093,5.06149826099207,5.84405915515537
CNP,m0,5000,2,105,500,FE,Tl-208 FE 2614 keV,5,1,8709,3.3811313164304693,4.206842663174486
CNP,m0,5000,2,105,500,sparse_tail,Sparse tail 2700-3000 keV,13,47,68,10.368992632703538,11.216033878766506
CNP,m0,5000,2,106,500,full,Full 500-3000 keV,442,58,114299,5.425065293282845,7.4723589479017125
CNP,m0,5000,2,106,500,DEP,Tl-208 DEP 1592 keV,6,0,1323,6.507936629890144,10.226120323914193
CNP,m0,5000,2,106,500,Bi-214,Bi-212 1620.74-keV feature,6,0,1361,8.87597945007458,13.299988242198854
CNP,m0,5000,2,106,500,continuum_1700_2000,Continuum 1700-2000 keV,60,0,8230,4.774946452197123,5.5469395141283195
CNP,m0,5000,2,106,500,SE,Tl-208 SE 2103 keV,6,0,2023,11.65604508717081,15.945058560841993
CNP,m0,5000,2,106,500,continuum_2200_2400,Continuum 2200-2400 keV,40,0,9093,4.9760103963522235,5.760897573918693
CNP,m0,5000,2,106,500,FE,Tl-208 FE 2614 keV,5,1,8709,3.3179896678811325,4.1560917549168375
CNP,m0,5000,2,106,500,sparse_tail,Sparse tail 2700-3000 keV,13,47,68,10.263642278739576,11.12282896960075
CNP,m0,5000,2,107,500,full,Full 500-3000 keV,442,58,114299,5.439721739924325,7.494778499920922
CNP,m0,5000,2,107,500,DEP,Tl-208 DEP 1592 keV,6,0,1323,6.532068989262811,10.262156010083581
CNP,m0,5000,2,107,500,Bi-214,Bi-212 1620.74-keV feature,6,0,1361,8.876460634491389,13.253159066981086
CNP,m0,5000,2,107,500,continuum_1700_2000,Continuum 1700-2000 keV,60,0,8230,4.732774584698543,5.500913270833102
CNP,m0,5000,2,107,500,SE,Tl-208 SE 2103 keV,6,0,2023,11.58672829101912,15.894137851265047
CNP,m0,5000,2,107,500,continuum_2200_2400,Continuum 2200-2400 keV,40,0,9093,4.98265753712572,5.762446815481317
CNP,m0,5000,2,107,500,FE,Tl-208 FE 2614 keV,5,1,8709,3.5683455446673804,4.358206600030447
CNP,m0,5000,2,107,500,sparse_tail,Sparse tail 2700-3000 keV,13,47,68,10.469077587335034,11.308692483831795
CNP,m0,5000,2,108,500,full,Full 500-3000 keV,442,58,114299,5.517481687336026,7.622503952756713
CNP,m0,5000,2,108,500,DEP,Tl-208 DEP 1592 keV,6,0,1323,6.507106455009041,10.178741682939789
CNP,m0,5000,2,108,500,Bi-214,Bi-212 1620.74-keV feature,6,0,1361,8.883966107055114,13.364710964123997
CNP,m0,5000,2,108,500,continuum_1700_2000,Continuum 1700-2000 keV,60,0,8230,4.836459897508725,5.620625558764204
CNP,m0,5000,2,108,500,SE,Tl-208 SE 2103 keV,6,0,2023,11.88892821512382,16.115305479584276
CNP,m0,5000,2,108,500,continuum_2200_2400,Continuum 2200-2400 keV,40,0,9093,4.7347465273783405,5.498283041912287
CNP,m0,5000,2,108,500,FE,Tl-208 FE 2614 keV,5,1,8709,4.118208712187569,4.81949766294592
CNP,m0,5000,2,108,500,sparse_tail,Sparse tail 2700-3000 keV,13,47,68,10.746923790406013,11.56831255362868
CNP,m0,5000,2,109,500,full,Full 500-3000 keV,442,58,114299,5.383511452897557,7.391950412186215
CNP,m0,5000,2,109,500,DEP,Tl-208 DEP 1592 keV,6,0,1323,6.547476601364834,10.27796957111636
CNP,m0,5000,2,109,500,Bi-214,Bi-212 1620.74-keV feature,6,0,1361,8.87602014999969,13.232849664393061
CNP,m0,5000,2,109,500,continuum_1700_2000,Continuum 1700-2000 keV,60,0,8230,4.711087024998622,5.475546506693028
CNP,m0,5000,2,109,500,SE,Tl-208 SE 2103 keV,6,0,2023,11.46040528224837,15.803090347209157
CNP,m0,5000,2,109,500,continuum_2200_2400,Continuum 2200-2400 keV,40,0,9093,5.165208809898055,5.9473902695682535
CNP,m0,5000,2,109,500,FE,Tl-208 FE 2614 keV,5,1,8709,2.9566451669814886,3.8543254605706943
CNP,m0,5000,2,109,500,sparse_tail,Sparse tail 2700-3000 keV,13,47,68,10.103071319721055,10.943571643055028
Attentive CNP,m1,5000,0,100,500,full,Full 500-3000 keV,442,58,114299,5.787867726037039,7.338130139261202
Attentive CNP,m1,5000,0,100,500,DEP,Tl-208 DEP 1592 keV,6,0,1323,7.470150826876456,11.449675534983013
Attentive CNP,m1,5000,0,100,500,Bi-214,Bi-212 1620.74-keV feature,6,0,1361,9.456363820148079,12.332088500552619
Attentive CNP,m1,5000,0,100,500,continuum_1700_2000,Continuum 1700-2000 keV,60,0,8230,4.1648237784481665,5.001296828494139
Attentive CNP,m1,5000,0,100,500,SE,Tl-208 SE 2103 keV,6,0,2023,9.466111739898823,14.063405661645408
Attentive CNP,m1,5000,0,100,500,continuum_2200_2400,Continuum 2200-2400 keV,40,0,9093,8.833690854760198,9.65655117262484
Attentive CNP,m1,5000,0,100,500,FE,Tl-208 FE 2614 keV,5,1,8709,2.21448635199226,2.506613443811956
Attentive CNP,m1,5000,0,100,500,sparse_tail,Sparse tail 2700-3000 keV,13,47,68,9.676961828868526,10.26763956397041
Attentive CNP,m1,5000,0,101,500,full,Full 500-3000 keV,442,58,114299,5.730343849915296,7.281730727855285
Attentive CNP,m1,5000,0,101,500,DEP,Tl-208 DEP 1592 keV,6,0,1323,7.2230010171025985,11.187136991623705
Attentive CNP,m1,5000,0,101,500,Bi-214,Bi-212 1620.74-keV feature,6,0,1361,9.28896635466368,12.482111578592434
Attentive CNP,m1,5000,0,101,500,continuum_1700_2000,Continuum 1700-2000 keV,60,0,8230,4.295275038414079,5.083227151282264
Attentive CNP,m1,5000,0,101,500,SE,Tl-208 SE 2103 keV,6,0,2023,9.556920231481254,14.217808285020261
Attentive CNP,m1,5000,0,101,500,continuum_2200_2400,Continuum 2200-2400 keV,40,0,9093,8.988259868727965,9.820838409452282
Attentive CNP,m1,5000,0,101,500,FE,Tl-208 FE 2614 keV,5,1,8709,2.322509066100719,2.710080318240238
Attentive CNP,m1,5000,0,101,500,sparse_tail,Sparse tail 2700-3000 keV,13,47,68,9.423851662473528,9.993747240171263
Attentive CNP,m1,5000,0,102,500,full,Full 500-3000 keV,442,58,114299,5.729776106447329,7.285307534738615
Attentive CNP,m1,5000,0,102,500,DEP,Tl-208 DEP 1592 keV,6,0,1323,7.273590180355765,11.266757307999802
Attentive CNP,m1,5000,0,102,500,Bi-214,Bi-212 1620.74-keV feature,6,0,1361,9.340602380017799,12.434939496932516
Attentive CNP,m1,5000,0,102,500,continuum_1700_2000,Continuum 1700-2000 keV,60,0,8230,4.252952373924209,5.054860027220872
Attentive CNP,m1,5000,0,102,500,SE,Tl-208 SE 2103 keV,6,0,2023,9.54350046501885,14.19994842865647
Attentive CNP,m1,5000,0,102,500,continuum_2200_2400,Continuum 2200-2400 keV,40,0,9093,8.881894076308908,9.713881414503588
Attentive CNP,m1,5000,0,102,500,FE,Tl-208 FE 2614 keV,5,1,8709,2.278652978210396,2.615009517064384
Attentive CNP,m1,5000,0,102,500,sparse_tail,Sparse tail 2700-3000 keV,13,47,68,9.53126975764523,10.107808227776369
Attentive CNP,m1,5000,0,103,500,full,Full 500-3000 keV,442,58,114299,5.835621518046922,7.373772870758937
Attentive CNP,m1,5000,0,103,500,DEP,Tl-208 DEP 1592 keV,6,0,1323,7.516843633315375,11.488424970467884
Attentive CNP,m1,5000,0,103,500,Bi-214,Bi-212 1620.74-keV feature,6,0,1361,9.479773111876238,12.310866772829078
Attentive CNP,m1,5000,0,103,500,continuum_1700_2000,Continuum 1700-2000 keV,60,0,8230,4.143967793917228,4.9917036220939615
Attentive CNP,m1,5000,0,103,500,SE,Tl-208 SE 2103 keV,6,0,2023,9.42651779223172,13.990549584648992
Attentive CNP,m1,5000,0,103,500,continuum_2200_2400,Continuum 2200-2400 keV,40,0,9093,8.95671013528287,9.774208430372635
Attentive CNP,m1,5000,0,103,500,FE,Tl-208 FE 2614 keV,5,1,8709,2.220765557414824,2.5172917494992104
Attentive CNP,m1,5000,0,103,500,sparse_tail,Sparse tail 2700-3000 keV,13,47,68,9.6569899808921,10.245369684340355
Attentive CNP,m1,5000,0,104,500,full,Full 500-3000 keV,442,58,114299,5.755089256265177,7.297043654800402
Attentive CNP,m1,5000,0,104,500,DEP,Tl-208 DEP 1592 keV,6,0,1323,7.338889273668046,11.342792617690733
Attentive CNP,m1,5000,0,104,500,Bi-214,Bi-212 1620.74-keV feature,6,0,1361,9.390263014082262,12.389400353682205
Attentive CNP,m1,5000,0,104,500,continuum_1700_2000,Continuum 1700-2000 keV,60,0,8230,4.209436862205233,5.026915049132106
Attentive CNP,m1,5000,0,104,500,SE,Tl-208 SE 2103 keV,6,0,2023,9.499588729972215,14.119307536515164
Attentive CNP,m1,5000,0,104,500,continuum_2200_2400,Continuum 2200-2400 keV,40,0,9093,8.981215515611993,9.809544758329443
Attentive CNP,m1,5000,0,104,500,FE,Tl-208 FE 2614 keV,5,1,8709,2.3341382696639417,2.734923048145072
Attentive CNP,m1,5000,0,104,500,sparse_tail,Sparse tail 2700-3000 keV,13,47,68,9.387522283804826,9.957690824984205
Attentive CNP,m1,5000,0,105,500,full,Full 500-3000 keV,442,58,114299,5.800714716352964,7.342318440950114
Attentive CNP,m1,5000,0,105,500,DEP,Tl-208 DEP 1592 keV,6,0,1323,7.5342288262629244,11.502159064612476
Attentive CNP,m1,5000,0,105,500,Bi-214,Bi-212 1620.74-keV feature,6,0,1361,9.487518899168695,12.304315734141822
Attentive CNP,m1,5000,0,105,500,continuum_1700_2000,Continuum 1700-2000 keV,60,0,8230,4.139595475793996,4.98930746326989
Attentive CNP,m1,5000,0,105,500,SE,Tl-208 SE 2103 keV,6,0,2023,9.445143293125852,14.027923642957996
Attentive CNP,m1,5000,0,105,500,continuum_2200_2400,Continuum 2200-2400 keV,40,0,9093,8.893812995554967,9.715634170427796
Attentive CNP,m1,5000,0,105,500,FE,Tl-208 FE 2614 keV,5,1,8709,2.248530762648259,2.5613220543065496
Attentive CNP,m1,5000,0,105,500,sparse_tail,Sparse tail 2700-3000 keV,13,47,68,9.58228185311502,10.164579887927596
Attentive CNP,m1,5000,0,106,500,full,Full 500-3000 keV,442,58,114299,5.787863190303804,7.328910399371394
Attentive CNP,m1,5000,0,106,500,DEP,Tl-208 DEP 1592 keV,6,0,1323,7.42910142338342,11.416179840377977
Attentive CNP,m1,5000,0,106,500,Bi-214,Bi-212 1620.74-keV feature,6,0,1361,9.436161142874745,12.349367832222704
Attentive CNP,m1,5000,0,106,500,continuum_1700_2000,Continuum 1700-2000 keV,60,0,8230,4.174485715204977,5.006812507031035
Attentive CNP,m1,5000,0,106,500,SE,Tl-208 SE 2103 keV,6,0,2023,9.459997997542045,14.050480722228494
Attentive CNP,m1,5000,0,106,500,continuum_2200_2400,Continuum 2200-2400 keV,40,0,9093,8.968257706120667,9.790944950214023
Attentive CNP,m1,5000,0,106,500,FE,Tl-208 FE 2614 keV,5,1,8709,2.276788741310538,2.6143436429273335
Attentive CNP,m1,5000,0,106,500,sparse_tail,Sparse tail 2700-3000 keV,13,47,68,9.516478558170848,10.091163079435459
Attentive CNP,m1,5000,0,107,500,full,Full 500-3000 keV,442,58,114299,5.776771629801492,7.318697278490421
Attentive CNP,m1,5000,0,107,500,DEP,Tl-208 DEP 1592 keV,6,0,1323,7.414241726220168,11.404522849192563
Attentive CNP,m1,5000,0,107,500,Bi-214,Bi-212 1620.74-keV feature,6,0,1361,9.42886012560095,12.355038086145427
Attentive CNP,m1,5000,0,107,500,continuum_1700_2000,Continuum 1700-2000 keV,60,0,8230,4.180448567750665,5.010249934217836
Attentive CNP,m1,5000,0,107,500,SE,Tl-208 SE 2103 keV,6,0,2023,9.477840681708908,14.08210620050809
Attentive CNP,m1,5000,0,107,500,continuum_2200_2400,Continuum 2200-2400 keV,40,0,9093,8.944323816785504,9.769637688092478
Attentive CNP,m1,5000,0,107,500,FE,Tl-208 FE 2614 keV,5,1,8709,2.2853578375970396,2.6308930392134973
Attentive CNP,m1,5000,0,107,500,sparse_tail,Sparse tail 2700-3000 keV,13,47,68,9.495663309605934,10.071968631530206
Attentive CNP,m1,5000,0,108,500,full,Full 500-3000 keV,442,58,114299,5.787015844694,7.32786378875227
Attentive CNP,m1,5000,0,108,500,DEP,Tl-208 DEP 1592 keV,6,0,1323,7.344847504457257,11.348000413759808
Attentive CNP,m1,5000,0,108,500,Bi-214,Bi-212 1620.74-keV feature,6,0,1361,9.392205851789871,12.386126006117419
Attentive CNP,m1,5000,0,108,500,continuum_1700_2000,Continuum 1700-2000 keV,60,0,8230,4.2068329819167,5.025328346493611
Attentive CNP,m1,5000,0,108,500,SE,Tl-208 SE 2103 keV,6,0,2023,9.482652151217492,14.087267393199282
Attentive CNP,m1,5000,0,108,500,continuum_2200_2400,Continuum 2200-2400 keV,40,0,9093,8.992935008189049,9.81719889247537
Attentive CNP,m1,5000,0,108,500,FE,Tl-208 FE 2614 keV,5,1,8709,2.2886375748780377,2.6340384778693564
Attentive CNP,m1,5000,0,108,500,sparse_tail,Sparse tail 2700-3000 keV,13,47,68,9.500462876682764,10.078577968885982
Attentive CNP,m1,5000,0,109,500,full,Full 500-3000 keV,442,58,114299,5.757346413546525,7.303689760951558
Attentive CNP,m1,5000,0,109,500,DEP,Tl-208 DEP 1592 keV,6,0,1323,7.392429874520406,11.386641791539038
Attentive CNP,m1,5000,0,109,500,Bi-214,Bi-212 1620.74-keV feature,6,0,1361,9.418184836636325,12.365697471488888
Attentive CNP,m1,5000,0,109,500,continuum_1700_2000,Continuum 1700-2000 keV,60,0,8230,4.188993419401246,5.015294740857981
Attentive CNP,m1,5000,0,109,500,SE,Tl-208 SE 2103 keV,6,0,2023,9.488555655480727,14.10290703061998
Attentive CNP,m1,5000,0,109,500,continuum_2200_2400,Continuum 2200-2400 keV,40,0,9093,8.911182930687023,9.737791529187122
Attentive CNP,m1,5000,0,109,500,FE,Tl-208 FE 2614 keV,5,1,8709,2.287487424074718,2.634064588819194
Attentive CNP,m1,5000,0,109,500,sparse_tail,Sparse tail 2700-3000 keV,13,47,68,9.487184240076083,10.061775652081153
Attentive CNP,m1,5000,1,100,500,full,Full 500-3000 keV,442,58,114299,5.92461229037421,7.4700533097137995
Attentive CNP,m1,5000,1,100,500,DEP,Tl-208 DEP 1592 keV,6,0,1323,8.199943129844387,12.066385227456063
Attentive CNP,m1,5000,1,100,500,Bi-214,Bi-212 1620.74-keV feature,6,0,1361,9.854477094206727,12.075687110200311
Attentive CNP,m1,5000,1,100,500,continuum_1700_2000,Continuum 1700-2000 keV,60,0,8230,3.9668747063240235,4.9653316275751385
Attentive CNP,m1,5000,1,100,500,SE,Tl-208 SE 2103 keV,6,0,2023,9.361473146569022,13.956643735572701
Attentive CNP,m1,5000,1,100,500,continuum_2200_2400,Continuum 2200-2400 keV,40,0,9093,8.100572347350354,8.906703263338175
Attentive CNP,m1,5000,1,100,500,FE,Tl-208 FE 2614 keV,5,1,8709,2.0410959075684776,2.370497581243925
Attentive CNP,m1,5000,1,100,500,sparse_tail,Sparse tail 2700-3000 keV,13,47,68,10.231565377044392,10.93447093783399
Attentive CNP,m1,5000,1,101,500,full,Full 500-3000 keV,442,58,114299,5.898062159495893,7.441208992407502
Attentive CNP,m1,5000,1,101,500,DEP,Tl-208 DEP 1592 keV,6,0,1323,8.204317533632953,12.070202264972432
Attentive CNP,m1,5000,1,101,500,Bi-214,Bi-212 1620.74-keV feature,6,0,1361,9.856189281980143,12.075116747884401
Attentive CNP,m1,5000,1,101,500,continuum_1700_2000,Continuum 1700-2000 keV,60,0,8230,3.967069989767465,4.964323571148417
Attentive CNP,m1,5000,1,101,500,SE,Tl-208 SE 2103 keV,6,0,2023,9.373809685842112,13.982806964616104
Attentive CNP,m1,5000,1,101,500,continuum_2200_2400,Continuum 2200-2400 keV,40,0,9093,8.027816857306432,8.834143567497783
Attentive CNP,m1,5000,1,101,500,FE,Tl-208 FE 2614 keV,5,1,8709,2.0050322698140426,2.3576778944244503
Attentive CNP,m1,5000,1,101,500,sparse_tail,Sparse tail 2700-3000 keV,13,47,68,10.068236122722993,10.759349943018513
Attentive CNP,m1,5000,1,102,500,full,Full 500-3000 keV,442,58,114299,5.89781599794997,7.43314486156001
Attentive CNP,m1,5000,1,102,500,DEP,Tl-208 DEP 1592 keV,6,0,1323,8.172883287715226,12.04185669370351
Attentive CNP,m1,5000,1,102,500,Bi-214,Bi-212 1620.74-keV feature,6,0,1361,9.839475711701434,12.083541143012066
Attentive CNP,m1,5000,1,102,500,continuum_1700_2000,Continuum 1700-2000 keV,60,0,8230,3.9714539034872405,4.962100482727453
Attentive CNP,m1,5000,1,102,500,SE,Tl-208 SE 2103 keV,6,0,2023,9.375543029741733,13.982820105586786
Attentive CNP,m1,5000,1,102,500,continuum_2200_2400,Continuum 2200-2400 keV,40,0,9093,8.108416355609647,8.920808012406535
Attentive CNP,m1,5000,1,102,500,FE,Tl-208 FE 2614 keV,5,1,8709,2.029666298356796,2.3498237594048255
Attentive CNP,m1,5000,1,102,500,sparse_tail,Sparse tail 2700-3000 keV,13,47,68,10.00736786872611,10.685837029082212
Attentive CNP,m1,5000,1,103,500,full,Full 500-3000 keV,442,58,114299,5.99366937797336,7.562358465482208
Attentive CNP,m1,5000,1,103,500,DEP,Tl-208 DEP 1592 keV,6,0,1323,8.32312194484101,12.178262470595119
Attentive CNP,m1,5000,1,103,500,Bi-214,Bi-212 1620.74-keV feature,6,0,1361,9.916646572856722,12.039273773534791
Attentive CNP,m1,5000,1,103,500,continuum_1700_2000,Continuum 1700-2000 keV,60,0,8230,3.956364399883297,4.9867144778959
Attentive CNP,m1,5000,1,103,500,SE,Tl-208 SE 2103 keV,6,0,2023,9.290484535605042,13.829160420146877
Attentive CNP,m1,5000,1,103,500,continuum_2200_2400,Continuum 2200-2400 keV,40,0,9093,8.107100789925315,8.893464221340421
Attentive CNP,m1,5000,1,103,500,FE,Tl-208 FE 2614 keV,5,1,8709,2.210347846602853,2.611376192271181
Attentive CNP,m1,5000,1,103,500,sparse_tail,Sparse tail 2700-3000 keV,13,47,68,10.624979914186843,11.38523844897168
Attentive CNP,m1,5000,1,104,500,full,Full 500-3000 keV,442,58,114299,5.947741806623345,7.501462737678752
Attentive CNP,m1,5000,1,104,500,DEP,Tl-208 DEP 1592 keV,6,0,1323,8.243740802402362,12.105950492482583
Attentive CNP,m1,5000,1,104,500,Bi-214,Bi-212 1620.74-keV feature,6,0,1361,9.8767448339768,12.061904233673514
Attentive CNP,m1,5000,1,104,500,continuum_1700_2000,Continuum 1700-2000 keV,60,0,8230,3.9578449270612595,4.972766218409498
Attentive CNP,m1,5000,1,104,500,SE,Tl-208 SE 2103 keV,6,0,2023,9.329950563476338,13.898758312575776
Attentive CNP,m1,5000,1,104,500,continuum_2200_2400,Continuum 2200-2400 keV,40,0,9093,8.105058986557504,8.902065080461256
Attentive CNP,m1,5000,1,104,500,FE,Tl-208 FE 2614 keV,5,1,8709,2.1089548780591856,2.4303086422016023
Attentive CNP,m1,5000,1,104,500,sparse_tail,Sparse tail 2700-3000 keV,13,47,68,10.35450565827509,11.077028892682552
Attentive CNP,m1,5000,1,105,500,full,Full 500-3000 keV,442,58,114299,5.980373439458841,7.5397195021575
Attentive CNP,m1,5000,1,105,500,DEP,Tl-208 DEP 1592 keV,6,0,1323,8.272000360777348,12.131839895478032
Attentive CNP,m1,5000,1,105,500,Bi-214,Bi-212 1620.74-keV feature,6,0,1361,9.890443616065472,12.052580504607155
Attentive CNP,m1,5000,1,105,500,continuum_1700_2000,Continuum 1700-2000 keV,60,0,8230,3.9560207130157337,4.980179426913682
Attentive CNP,m1,5000,1,105,500,SE,Tl-208 SE 2103 keV,6,0,2023,9.296744747741014,13.836736615795967
Attentive CNP,m1,5000,1,105,500,continuum_2200_2400,Continuum 2200-2400 keV,40,0,9093,8.19239391944904,8.98567348621331
Attentive CNP,m1,5000,1,105,500,FE,Tl-208 FE 2614 keV,5,1,8709,2.1504406702085346,2.500175605078101
Attentive CNP,m1,5000,1,105,500,sparse_tail,Sparse tail 2700-3000 keV,13,47,68,10.531224093971996,11.271182152607565
Attentive CNP,m1,5000,1,106,500,full,Full 500-3000 keV,442,58,114299,5.947956834762237,7.501984259238833
Attentive CNP,m1,5000,1,106,500,DEP,Tl-208 DEP 1592 keV,6,0,1323,8.222654132686518,12.086890504601051
Attentive CNP,m1,5000,1,106,500,Bi-214,Bi-212 1620.74-keV feature,6,0,1361,9.865777985894047,12.068175193257268
Attentive CNP,m1,5000,1,106,500,continuum_1700_2000,Continuum 1700-2000 keV,60,0,8230,3.9613264907080037,4.969822852912445
Attentive CNP,m1,5000,1,106,500,SE,Tl-208 SE 2103 keV,6,0,2023,9.341226971556493,13.921337952656575
Attentive CNP,m1,5000,1,106,500,continuum_2200_2400,Continuum 2200-2400 keV,40,0,9093,8.092300612359455,8.89125118485247
Attentive CNP,m1,5000,1,106,500,FE,Tl-208 FE 2614 keV,5,1,8709,2.1054112273443697,2.4323226971882455
Attentive CNP,m1,5000,1,106,500,sparse_tail,Sparse tail 2700-3000 keV,13,47,68,10.394758063770624,11.115494819378267
Attentive CNP,m1,5000,1,107,500,full,Full 500-3000 keV,442,58,114299,5.9759315966863475,7.536632306496996
Attentive CNP,m1,5000,1,107,500,DEP,Tl-208 DEP 1592 keV,6,0,1323,8.290944681982019,12.149040542722616
Attentive CNP,m1,5000,1,107,500,Bi-214,Bi-212 1620.74-keV feature,6,0,1361,9.900267208158029,12.047505334670921
Attentive CNP,m1,5000,1,107,500,continuum_1700_2000,Continuum 1700-2000 keV,60,0,8230,3.9563381067185612,4.98215433569897
Attentive CNP,m1,5000,1,107,500,SE,Tl-208 SE 2103 keV,6,0,2023,9.29896313667705,13.843161511521382
Attentive CNP,m1,5000,1,107,500,continuum_2200_2400,Continuum 2200-2400 keV,40,0,9093,8.137296312752637,8.927860527650552
Attentive CNP,m1,5000,1,107,500,FE,Tl-208 FE 2614 keV,5,1,8709,2.1527012942180863,2.5075793459362523
Attentive CNP,m1,5000,1,107,500,sparse_tail,Sparse tail 2700-3000 keV,13,47,68,10.501033784401894,11.241886114891173
Attentive CNP,m1,5000,1,108,500,full,Full 500-3000 keV,442,58,114299,5.968572251643567,7.530955498111608
Attentive CNP,m1,5000,1,108,500,DEP,Tl-208 DEP 1592 keV,6,0,1323,8.309979641600059,12.1667546534444
Attentive CNP,m1,5000,1,108,500,Bi-214,Bi-212 1620.74-keV feature,6,0,1361,9.909342086904015,12.042611951018051
Attentive CNP,m1,5000,1,108,500,continuum_1700_2000,Continuum 1700-2000 keV,60,0,8230,3.9561973182887282,4.982278459023088
Attentive CNP,m1,5000,1,108,500,SE,Tl-208 SE 2103 keV,6,0,2023,9.307497475599638,13.860968641856115
Attentive CNP,m1,5000,1,108,500,continuum_2200_2400,Continuum 2200-2400 keV,40,0,9093,8.066169634871343,8.855433099250504
Attentive CNP,m1,5000,1,108,500,FE,Tl-208 FE 2614 keV,5,1,8709,2.149314288640448,2.50677227306875
Attentive CNP,m1,5000,1,108,500,sparse_tail,Sparse tail 2700-3000 keV,13,47,68,10.458335666551175,11.200694546906483
Attentive CNP,m1,5000,1,109,500,full,Full 500-3000 keV,442,58,114299,5.9364494415727656,7.48120481678937
Attentive CNP,m1,5000,1,109,500,DEP,Tl-208 DEP 1592 keV,6,0,1323,8.197651001823814,12.064426421965797
Attentive CNP,m1,5000,1,109,500,Bi-214,Bi-212 1620.74-keV feature,6,0,1361,9.852882883949764,12.075450643460785
Attentive CNP,m1,5000,1,109,500,continuum_1700_2000,Continuum 1700-2000 keV,60,0,8230,3.9653865753986524,4.967868338807418
Attentive CNP,m1,5000,1,109,500,SE,Tl-208 SE 2103 keV,6,0,2023,9.344157924101104,13.923053621575034
Attentive CNP,m1,5000,1,109,500,continuum_2200_2400,Continuum 2200-2400 keV,40,0,9093,8.157258807741083,8.961986492357678
Attentive CNP,m1,5000,1,109,500,FE,Tl-208 FE 2614 keV,5,1,8709,2.0422730567767577,2.3717150580135735
Attentive CNP,m1,5000,1,109,500,sparse_tail,Sparse tail 2700-3000 keV,13,47,68,10.246734819686187,10.951976281843546
Attentive CNP,m1,5000,2,100,500,full,Full 500-3000 keV,442,58,114299,5.877760428262004,8.126058557085134
Attentive CNP,m1,5000,2,100,500,DEP,Tl-208 DEP 1592 keV,6,0,1323,6.501514696750175,10.080483243739396
Attentive CNP,m1,5000,2,100,500,Bi-214,Bi-212 1620.74-keV feature,6,0,1361,9.001187723684493,13.528653974218463
Attentive CNP,m1,5000,2,100,500,continuum_1700_2000,Continuum 1700-2000 keV,60,0,8230,5.202865190749093,6.082453831304034
Attentive CNP,m1,5000,2,100,500,SE,Tl-208 SE 2103 keV,6,0,2023,12.425816749977256,16.522251743739876
Attentive CNP,m1,5000,2,100,500,continuum_2200_2400,Continuum 2200-2400 keV,40,0,9093,5.222667079231049,6.023320349348263
Attentive CNP,m1,5000,2,100,500,FE,Tl-208 FE 2614 keV,5,1,8709,7.020760257384135,7.403353007065369
Attentive CNP,m1,5000,2,100,500,sparse_tail,Sparse tail 2700-3000 keV,13,47,68,15.92775197569963,16.619516768092986
Attentive CNP,m1,5000,2,101,500,full,Full 500-3000 keV,442,58,114299,5.855807169854888,8.084711891386698
Attentive CNP,m1,5000,2,101,500,DEP,Tl-208 DEP 1592 keV,6,0,1323,6.502446702327218,10.084227743019573
Attentive CNP,m1,5000,2,101,500,Bi-214,Bi-212 1620.74-keV feature,6,0,1361,8.998074716371184,13.52363350212804
Attentive CNP,m1,5000,2,101,500,continuum_1700_2000,Continuum 1700-2000 keV,60,0,8230,5.198803846517908,6.07755339838537
Attentive CNP,m1,5000,2,101,500,SE,Tl-208 SE 2103 keV,6,0,2023,12.409959448695547,16.509919145709922
Attentive CNP,m1,5000,2,101,500,continuum_2200_2400,Continuum 2200-2400 keV,40,0,9093,5.265031606605926,6.067666417940561
Attentive CNP,m1,5000,2,101,500,FE,Tl-208 FE 2614 keV,5,1,8709,6.802545718863698,7.195912546245744
Attentive CNP,m1,5000,2,101,500,sparse_tail,Sparse tail 2700-3000 keV,13,47,68,15.75276977140661,16.438356806081217
Attentive CNP,m1,5000,2,102,500,full,Full 500-3000 keV,442,58,114299,5.876475298067367,8.115747400678295
Attentive CNP,m1,5000,2,102,500,DEP,Tl-208 DEP 1592 keV,6,0,1323,6.501461712334317,10.056428398639325
Attentive CNP,m1,5000,2,102,500,Bi-214,Bi-212 1620.74-keV feature,6,0,1361,9.02815135916075,13.56787417065173
Attentive CNP,m1,5000,2,102,500,continuum_1700_2000,Continuum 1700-2000 keV,60,0,8230,5.2415619025279465,6.127068481197889
Attentive CNP,m1,5000,2,102,500,SE,Tl-208 SE 2103 keV,6,0,2023,12.486076141358735,16.567274354150044
Attentive CNP,m1,5000,2,102,500,continuum_2200_2400,Continuum 2200-2400 keV,40,0,9093,5.207510104402468,6.011269259923661
Attentive CNP,m1,5000,2,102,500,FE,Tl-208 FE 2614 keV,5,1,8709,6.896898316011534,7.285056585908581
Attentive CNP,m1,5000,2,102,500,sparse_tail,Sparse tail 2700-3000 keV,13,47,68,15.814618001306165,16.502350154132255
Attentive CNP,m1,5000,2,103,500,full,Full 500-3000 keV,442,58,114299,5.83040315333843,8.059117887880086
Attentive CNP,m1,5000,2,103,500,DEP,Tl-208 DEP 1592 keV,6,0,1323,6.501753368320523,10.187782591044211
Attentive CNP,m1,5000,2,103,500,Bi-214,Bi-212 1620.74-keV feature,6,0,1361,8.889962181604238,13.369510221416178
Attentive CNP,m1,5000,2,103,500,continuum_1700_2000,Continuum 1700-2000 keV,60,0,8230,5.05535619243433,5.903880566693095
Attentive CNP,m1,5000,2,103,500,SE,Tl-208 SE 2103 keV,6,0,2023,12.154155421033591,16.31853542276594
Attentive CNP,m1,5000,2,103,500,continuum_2200_2400,Continuum 2200-2400 keV,40,0,9093,5.392065665988275,6.188087755028168
Attentive CNP,m1,5000,2,103,500,FE,Tl-208 FE 2614 keV,5,1,8709,6.908124105655597,7.296519991073986
Attentive CNP,m1,5000,2,103,500,sparse_tail,Sparse tail 2700-3000 keV,13,47,68,15.886064013802606,16.575407176250632
Attentive CNP,m1,5000,2,104,500,full,Full 500-3000 keV,442,58,114299,5.839394323003219,8.069027348810117
Attentive CNP,m1,5000,2,104,500,DEP,Tl-208 DEP 1592 keV,6,0,1323,6.501871440895131,10.151842781793729
Attentive CNP,m1,5000,2,104,500,Bi-214,Bi-212 1620.74-keV feature,6,0,1361,8.92586144123309,13.41969353042761
Attentive CNP,m1,5000,2,104,500,continuum_1700_2000,Continuum 1700-2000 keV,60,0,8230,5.098342566606058,5.9575714206009165
Attentive CNP,m1,5000,2,104,500,SE,Tl-208 SE 2103 keV,6,0,2023,12.233502732318707,16.37780529477592
Attentive CNP,m1,5000,2,104,500,continuum_2200_2400,Continuum 2200-2400 keV,40,0,9093,5.351794393295846,6.149485800268454
Attentive CNP,m1,5000,2,104,500,FE,Tl-208 FE 2614 keV,5,1,8709,6.875432901496314,7.266147342776834
Attentive CNP,m1,5000,2,104,500,sparse_tail,Sparse tail 2700-3000 keV,13,47,68,15.847284591763582,16.53548627117603
Attentive CNP,m1,5000,2,105,500,full,Full 500-3000 keV,442,58,114299,5.84582689150036,8.083741350004678
Attentive CNP,m1,5000,2,105,500,DEP,Tl-208 DEP 1592 keV,6,0,1323,6.501785756349133,10.163340841716547
Attentive CNP,m1,5000,2,105,500,Bi-214,Bi-212 1620.74-keV feature,6,0,1361,8.91332208340869,13.402622808052525
Attentive CNP,m1,5000,2,105,500,continuum_1700_2000,Continuum 1700-2000 keV,60,0,8230,5.083241836654575,5.938747759709775
Attentive CNP,m1,5000,2,105,500,SE,Tl-208 SE 2103 keV,6,0,2023,12.209189033772464,16.359750802415608
Attentive CNP,m1,5000,2,105,500,continuum_2200_2400,Continuum 2200-2400 keV,40,0,9093,5.349153585136889,6.145134564076833
Attentive CNP,m1,5000,2,105,500,FE,Tl-208 FE 2614 keV,5,1,8709,6.983533144704649,7.3684099348272785
Attentive CNP,m1,5000,2,105,500,sparse_tail,Sparse tail 2700-3000 keV,13,47,68,15.935119168839037,16.62648989157052
Attentive CNP,m1,5000,2,106,500,full,Full 500-3000 keV,442,58,114299,5.846818088963425,8.080733548316331
Attentive CNP,m1,5000,2,106,500,DEP,Tl-208 DEP 1592 keV,6,0,1323,6.502106063836467,10.14132412855147
Attentive CNP,m1,5000,2,106,500,Bi-214,Bi-212 1620.74-keV feature,6,0,1361,8.936242931980598,13.435566357399415
Attentive CNP,m1,5000,2,106,500,continuum_1700_2000,Continuum 1700-2000 keV,60,0,8230,5.112097632178195,5.97485403246715
Attentive CNP,m1,5000,2,106,500,SE,Tl-208 SE 2103 keV,6,0,2023,12.26147468704093,16.398956348407676
Attentive CNP,m1,5000,2,106,500,continuum_2200_2400,Continuum 2200-2400 keV,40,0,9093,5.33016531469549,6.12798360621134
Attentive CNP,m1,5000,2,106,500,FE,Tl-208 FE 2614 keV,5,1,8709,6.914802110364536,7.30275507051845
Attentive CNP,m1,5000,2,106,500,sparse_tail,Sparse tail 2700-3000 keV,13,47,68,15.867652755975723,16.556579484291852
Attentive CNP,m1,5000,2,107,500,full,Full 500-3000 keV,442,58,114299,5.838217764677629,8.067787468843116
Attentive CNP,m1,5000,2,107,500,DEP,Tl-208 DEP 1592 keV,6,0,1323,6.502658733602456,10.156589294803936
Attentive CNP,m1,5000,2,107,500,Bi-214,Bi-212 1620.74-keV feature,6,0,1361,8.92090677976717,13.412760432081045
Attentive CNP,m1,5000,2,107,500,continuum_1700_2000,Continuum 1700-2000 keV,60,0,8230,5.093748766996115,5.95184253947903
Attentive CNP,m1,5000,2,107,500,SE,Tl-208 SE 2103 keV,6,0,2023,12.22576999504203,16.372031493175772
Attentive CNP,m1,5000,2,107,500,continuum_2200_2400,Continuum 2200-2400 keV,40,0,9093,5.356282505454017,6.153866367547138
Attentive CNP,m1,5000,2,107,500,FE,Tl-208 FE 2614 keV,5,1,8709,6.883313010727512,7.272908871228689
Attentive CNP,m1,5000,2,107,500,sparse_tail,Sparse tail 2700-3000 keV,13,47,68,15.851787612589257,16.540347952641625
Attentive CNP,m1,5000,2,108,500,full,Full 500-3000 keV,442,58,114299,5.830115720755039,8.051717429191406
Attentive CNP,m1,5000,2,108,500,DEP,Tl-208 DEP 1592 keV,6,0,1323,6.50225688570477,10.151510266078425
Attentive CNP,m1,5000,2,108,500,Bi-214,Bi-212 1620.74-keV feature,6,0,1361,8.926443233463258,13.420886259099596
Attentive CNP,m1,5000,2,108,500,continuum_1700_2000,Continuum 1700-2000 keV,60,0,8230,5.102598717703518,5.963147203669612
Attentive CNP,m1,5000,2,108,500,SE,Tl-208 SE 2103 keV,6,0,2023,12.240122553877848,16.382814497440027
Attentive CNP,m1,5000,2,108,500,continuum_2200_2400,Continuum 2200-2400 keV,40,0,9093,5.362382613910712,6.161489836215501
Attentive CNP,m1,5000,2,108,500,FE,Tl-208 FE 2614 keV,5,1,8709,6.786175588546787,7.1809231960595215
Attentive CNP,m1,5000,2,108,500,sparse_tail,Sparse tail 2700-3000 keV,13,47,68,15.770872354024727,16.45694389458067
Attentive CNP,m1,5000,2,109,500,full,Full 500-3000 keV,442,58,114299,5.859207187092919,8.099459623992972
Attentive CNP,m1,5000,2,109,500,DEP,Tl-208 DEP 1592 keV,6,0,1323,6.501198845906836,10.116361513216349
Attentive CNP,m1,5000,2,109,500,Bi-214,Bi-212 1620.74-keV feature,6,0,1361,8.962557848017651,13.471836121205937
Attentive CNP,m1,5000,2,109,500,continuum_1700_2000,Continuum 1700-2000 keV,60,0,8230,5.1443261148392745,6.014998646152575
Attentive CNP,m1,5000,2,109,500,SE,Tl-208 SE 2103 keV,6,0,2023,12.322193414886064,16.44426640447572
Attentive CNP,m1,5000,2,109,500,continuum_2200_2400,Continuum 2200-2400 keV,40,0,9093,5.290005251844447,6.088640018930251
Attentive CNP,m1,5000,2,109,500,FE,Tl-208 FE 2614 keV,5,1,8709,6.957766923624796,7.343807537945652
Attentive CNP,m1,5000,2,109,500,sparse_tail,Sparse tail 2700-3000 keV,13,47,68,15.893936045811044,16.5848916349076
Attentive CNP + PE,m2,5000,0,100,500,full,Full 500-3000 keV,442,58,114299,13.525834475350049,16.61914937690944
Attentive CNP + PE,m2,5000,0,100,500,DEP,Tl-208 DEP 1592 keV,6,0,1323,13.479655176223648,15.651843265292326
Attentive CNP + PE,m2,5000,0,100,500,Bi-214,Bi-212 1620.74-keV feature,6,0,1361,16.54747527413689,22.614414497134007
Attentive CNP + PE,m2,5000,0,100,500,continuum_1700_2000,Continuum 1700-2000 keV,60,0,8230,14.65975171478055,17.505792861201748
Attentive CNP + PE,m2,5000,0,100,500,SE,Tl-208 SE 2103 keV,6,0,2023,8.0056338377288,9.370587944882693
Attentive CNP + PE,m2,5000,0,100,500,continuum_2200_2400,Continuum 2200-2400 keV,40,0,9093,12.737823487912534,15.322777849721762
Attentive CNP + PE,m2,5000,0,100,500,FE,Tl-208 FE 2614 keV,5,1,8709,9.917800394914158,11.624913878543627
Attentive CNP + PE,m2,5000,0,100,500,sparse_tail,Sparse tail 2700-3000 keV,13,47,68,23.92820882119504,26.53234626845158
Attentive CNP + PE,m2,5000,0,101,500,full,Full 500-3000 keV,442,58,114299,13.427087882334154,16.63612184974431
Attentive CNP + PE,m2,5000,0,101,500,DEP,Tl-208 DEP 1592 keV,6,0,1323,11.972511060343711,14.988986943367118
Attentive CNP + PE,m2,5000,0,101,500,Bi-214,Bi-212 1620.74-keV feature,6,0,1361,16.45726066591091,22.653986554920895
Attentive CNP + PE,m2,5000,0,101,500,continuum_1700_2000,Continuum 1700-2000 keV,60,0,8230,14.871072984259667,17.764231240489735
Attentive CNP + PE,m2,5000,0,101,500,SE,Tl-208 SE 2103 keV,6,0,2023,7.834622699573342,9.42074389395837
Attentive CNP + PE,m2,5000,0,101,500,continuum_2200_2400,Continuum 2200-2400 keV,40,0,9093,12.288978839229383,14.757656373306407
Attentive CNP + PE,m2,5000,0,101,500,FE,Tl-208 FE 2614 keV,5,1,8709,10.696096149721445,12.576706592712167
Attentive CNP + PE,m2,5000,0,101,500,sparse_tail,Sparse tail 2700-3000 keV,13,47,68,24.55842457139026,27.304534709559032
Attentive CNP + PE,m2,5000,0,102,500,full,Full 500-3000 keV,442,58,114299,13.63075334037696,16.84625998274584
Attentive CNP + PE,m2,5000,0,102,500,DEP,Tl-208 DEP 1592 keV,6,0,1323,12.735821101520294,15.565037911595587
Attentive CNP + PE,m2,5000,0,102,500,Bi-214,Bi-212 1620.74-keV feature,6,0,1361,16.428401577711117,23.084025265855537
Attentive CNP + PE,m2,5000,0,102,500,continuum_1700_2000,Continuum 1700-2000 keV,60,0,8230,15.144024673409945,18.057971546337797
Attentive CNP + PE,m2,5000,0,102,500,SE,Tl-208 SE 2103 keV,6,0,2023,8.071088618639513,9.699571262144566
Attentive CNP + PE,m2,5000,0,102,500,continuum_2200_2400,Continuum 2200-2400 keV,40,0,9093,12.434150587821291,14.978490164255339
Attentive CNP + PE,m2,5000,0,102,500,FE,Tl-208 FE 2614 keV,5,1,8709,9.939220200679024,11.457315284109368
Attentive CNP + PE,m2,5000,0,102,500,sparse_tail,Sparse tail 2700-3000 keV,13,47,68,24.206720517134393,26.838350717326488
Attentive CNP + PE,m2,5000,0,103,500,full,Full 500-3000 keV,442,58,114299,13.28796644379853,16.464974936082
Attentive CNP + PE,m2,5000,0,103,500,DEP,Tl-208 DEP 1592 keV,6,0,1323,12.115541762354539,14.716539777022236
Attentive CNP + PE,m2,5000,0,103,500,Bi-214,Bi-212 1620.74-keV feature,6,0,1361,16.529621654298708,22.492200458005968
Attentive CNP + PE,m2,5000,0,103,500,continuum_1700_2000,Continuum 1700-2000 keV,60,0,8230,14.533996808848535,17.466369807877776
Attentive CNP + PE,m2,5000,0,103,500,SE,Tl-208 SE 2103 keV,6,0,2023,7.475331692494025,8.803812224521906
Attentive CNP + PE,m2,5000,0,103,500,continuum_2200_2400,Continuum 2200-2400 keV,40,0,9093,11.863988830911602,14.352003458507925
Attentive CNP + PE,m2,5000,0,103,500,FE,Tl-208 FE 2614 keV,5,1,8709,9.351850064394233,10.962106783876711
Attentive CNP + PE,m2,5000,0,103,500,sparse_tail,Sparse tail 2700-3000 keV,13,47,68,24.93929490211392,27.587717818564666
Attentive CNP + PE,m2,5000,0,104,500,full,Full 500-3000 keV,442,58,114299,13.060773654008576,16.233890756518495
Attentive CNP + PE,m2,5000,0,104,500,DEP,Tl-208 DEP 1592 keV,6,0,1323,11.30996186530583,14.186438222849235
Attentive CNP + PE,m2,5000,0,104,500,Bi-214,Bi-212 1620.74-keV feature,6,0,1361,16.655563465532328,22.239108434053126
Attentive CNP + PE,m2,5000,0,104,500,continuum_1700_2000,Continuum 1700-2000 keV,60,0,8230,14.286730206775852,17.23374877942599
Attentive CNP + PE,m2,5000,0,104,500,SE,Tl-208 SE 2103 keV,6,0,2023,7.052792930028959,8.44521636102357
Attentive CNP + PE,m2,5000,0,104,500,continuum_2200_2400,Continuum 2200-2400 keV,40,0,9093,11.672323101056696,13.99297071555418
Attentive CNP + PE,m2,5000,0,104,500,FE,Tl-208 FE 2614 keV,5,1,8709,9.666949879045767,11.539590044525621
Attentive CNP + PE,m2,5000,0,104,500,sparse_tail,Sparse tail 2700-3000 keV,13,47,68,25.510595238352014,28.23529244045129
Attentive CNP + PE,m2,5000,0,105,500,full,Full 500-3000 keV,442,58,114299,12.978829532037112,16.142893205392365
Attentive CNP + PE,m2,5000,0,105,500,DEP,Tl-208 DEP 1592 keV,6,0,1323,11.697557023227526,14.091197272565283
Attentive CNP + PE,m2,5000,0,105,500,Bi-214,Bi-212 1620.74-keV feature,6,0,1361,16.749112647166527,22.242928559884515
Attentive CNP + PE,m2,5000,0,105,500,continuum_1700_2000,Continuum 1700-2000 keV,60,0,8230,14.1100974481328,17.0394917694015
Attentive CNP + PE,m2,5000,0,105,500,SE,Tl-208 SE 2103 keV,6,0,2023,6.847971079625852,8.160557663838956
Attentive CNP + PE,m2,5000,0,105,500,continuum_2200_2400,Continuum 2200-2400 keV,40,0,9093,11.508702579494345,13.91596989008295
Attentive CNP + PE,m2,5000,0,105,500,FE,Tl-208 FE 2614 keV,5,1,8709,7.826839075582505,9.687307298265372
Attentive CNP + PE,m2,5000,0,105,500,sparse_tail,Sparse tail 2700-3000 keV,13,47,68,25.93453884856625,28.54688825197311
Attentive CNP + PE,m2,5000,0,106,500,full,Full 500-3000 keV,442,58,114299,13.25662408086481,16.425851699339237
Attentive CNP + PE,m2,5000,0,106,500,DEP,Tl-208 DEP 1592 keV,6,0,1323,11.477566534325005,14.427788527556103
Attentive CNP + PE,m2,5000,0,106,500,Bi-214,Bi-212 1620.74-keV feature,6,0,1361,16.424139905527692,22.322958271833865
Attentive CNP + PE,m2,5000,0,106,500,continuum_1700_2000,Continuum 1700-2000 keV,60,0,8230,14.502917041189095,17.455331754503874
Attentive CNP + PE,m2,5000,0,106,500,SE,Tl-208 SE 2103 keV,6,0,2023,7.3582404838933035,8.917356787090243
Attentive CNP + PE,m2,5000,0,106,500,continuum_2200_2400,Continuum 2200-2400 keV,40,0,9093,11.80656224520372,14.184515019762605
Attentive CNP + PE,m2,5000,0,106,500,FE,Tl-208 FE 2614 keV,5,1,8709,10.319679176707933,11.95718854615967
Attentive CNP + PE,m2,5000,0,106,500,sparse_tail,Sparse tail 2700-3000 keV,13,47,68,25.02491645251751,27.801913679982505
Attentive CNP + PE,m2,5000,0,107,500,full,Full 500-3000 keV,442,58,114299,12.891684550011048,16.068683743909965
Attentive CNP + PE,m2,5000,0,107,500,DEP,Tl-208 DEP 1592 keV,6,0,1323,10.66219197554384,13.59394359708028
Attentive CNP + PE,m2,5000,0,107,500,Bi-214,Bi-212 1620.74-keV feature,6,0,1361,16.737457482987505,21.943695754907512
Attentive CNP + PE,m2,5000,0,107,500,continuum_1700_2000,Continuum 1700-2000 keV,60,0,8230,13.904248868266789,16.967578270776297
Attentive CNP + PE,m2,5000,0,107,500,SE,Tl-208 SE 2103 keV,6,0,2023,6.575403631395614,8.008882251718227
Attentive CNP + PE,m2,5000,0,107,500,continuum_2200_2400,Continuum 2200-2400 keV,40,0,9093,11.327798103141241,13.592497701200648
Attentive CNP + PE,m2,5000,0,107,500,FE,Tl-208 FE 2614 keV,5,1,8709,9.286610883405768,11.254727484374294
Attentive CNP + PE,m2,5000,0,107,500,sparse_tail,Sparse tail 2700-3000 keV,13,47,68,25.996867827971858,28.747375140861653
Attentive CNP + PE,m2,5000,0,108,500,full,Full 500-3000 keV,442,58,114299,12.916042335579107,16.10966447469043
Attentive CNP + PE,m2,5000,0,108,500,DEP,Tl-208 DEP 1592 keV,6,0,1323,10.779475122673698,13.681069991706076
Attentive CNP + PE,m2,5000,0,108,500,Bi-214,Bi-212 1620.74-keV feature,6,0,1361,16.81144919386858,22.16878549193729
Attentive CNP + PE,m2,5000,0,108,500,continuum_1700_2000,Continuum 1700-2000 keV,60,0,8230,14.173121301888585,17.124589770909342
Attentive CNP + PE,m2,5000,0,108,500,SE,Tl-208 SE 2103 keV,6,0,2023,6.738333636186606,8.220228995494502
Attentive CNP + PE,m2,5000,0,108,500,continuum_2200_2400,Continuum 2200-2400 keV,40,0,9093,11.419512326092548,13.647150308499164
Attentive CNP + PE,m2,5000,0,108,500,FE,Tl-208 FE 2614 keV,5,1,8709,9.26910837092595,11.220771026853402
Attentive CNP + PE,m2,5000,0,108,500,sparse_tail,Sparse tail 2700-3000 keV,13,47,68,26.064761745991262,28.78616797034399
Attentive CNP + PE,m2,5000,0,109,500,full,Full 500-3000 keV,442,58,114299,13.295493093319402,16.456664213175664
Attentive CNP + PE,m2,5000,0,109,500,DEP,Tl-208 DEP 1592 keV,6,0,1323,12.18476383053131,14.80719967579504
Attentive CNP + PE,m2,5000,0,109,500,Bi-214,Bi-212 1620.74-keV feature,6,0,1361,16.50131814362626,22.525599150304583
Attentive CNP + PE,m2,5000,0,109,500,continuum_1700_2000,Continuum 1700-2000 keV,60,0,8230,14.526147745409574,17.441122777168744
Attentive CNP + PE,m2,5000,0,109,500,SE,Tl-208 SE 2103 keV,6,0,2023,7.582525715921852,8.9682598636084
Attentive CNP + PE,m2,5000,0,109,500,continuum_2200_2400,Continuum 2200-2400 keV,40,0,9093,11.919828543842037,14.417392549443392
Attentive CNP + PE,m2,5000,0,109,500,FE,Tl-208 FE 2614 keV,5,1,8709,9.532374771526957,11.055575216505085
Attentive CNP + PE,m2,5000,0,109,500,sparse_tail,Sparse tail 2700-3000 keV,13,47,68,24.828216318074173,27.479599673556415
Attentive CNP + PE,m2,5000,1,100,500,full,Full 500-3000 keV,442,58,114299,12.548465986534584,15.850183251549021
Attentive CNP + PE,m2,5000,1,100,500,DEP,Tl-208 DEP 1592 keV,6,0,1323,11.360888802455175,15.279956936278024
Attentive CNP + PE,m2,5000,1,100,500,Bi-214,Bi-212 1620.74-keV feature,6,0,1361,16.178867672786986,20.153038274803762
Attentive CNP + PE,m2,5000,1,100,500,continuum_1700_2000,Continuum 1700-2000 keV,60,0,8230,14.050924794842604,16.61371028011682
Attentive CNP + PE,m2,5000,1,100,500,SE,Tl-208 SE 2103 keV,6,0,2023,7.977148892515464,10.062848150563712
Attentive CNP + PE,m2,5000,1,100,500,continuum_2200_2400,Continuum 2200-2400 keV,40,0,9093,8.99971824911062,11.350122827904553
Attentive CNP + PE,m2,5000,1,100,500,FE,Tl-208 FE 2614 keV,5,1,8709,11.111304089958393,12.397254849346437
Attentive CNP + PE,m2,5000,1,100,500,sparse_tail,Sparse tail 2700-3000 keV,13,47,68,31.794886147717783,33.61292823581374
Attentive CNP + PE,m2,5000,1,101,500,full,Full 500-3000 keV,442,58,114299,12.434522353183066,15.825794570620937
Attentive CNP + PE,m2,5000,1,101,500,DEP,Tl-208 DEP 1592 keV,6,0,1323,11.49406541675173,15.504464694090156
Attentive CNP + PE,m2,5000,1,101,500,Bi-214,Bi-212 1620.74-keV feature,6,0,1361,16.20507016888956,20.268052963196364
Attentive CNP + PE,m2,5000,1,101,500,continuum_1700_2000,Continuum 1700-2000 keV,60,0,8230,13.781754463830126,16.309132300657005
Attentive CNP + PE,m2,5000,1,101,500,SE,Tl-208 SE 2103 keV,6,0,2023,7.481982815259398,9.683367663227743
Attentive CNP + PE,m2,5000,1,101,500,continuum_2200_2400,Continuum 2200-2400 keV,40,0,9093,8.917031335778386,11.335042779562727
Attentive CNP + PE,m2,5000,1,101,500,FE,Tl-208 FE 2614 keV,5,1,8709,10.658239426382654,12.249446078043283
Attentive CNP + PE,m2,5000,1,101,500,sparse_tail,Sparse tail 2700-3000 keV,13,47,68,32.50832443045874,34.31765382518523
Attentive CNP + PE,m2,5000,1,102,500,full,Full 500-3000 keV,442,58,114299,12.482024458816241,15.840363589733425
Attentive CNP + PE,m2,5000,1,102,500,DEP,Tl-208 DEP 1592 keV,6,0,1323,11.442024569999932,15.42146579605176
Attentive CNP + PE,m2,5000,1,102,500,Bi-214,Bi-212 1620.74-keV feature,6,0,1361,16.219312324130406,20.24492369428298
Attentive CNP + PE,m2,5000,1,102,500,continuum_1700_2000,Continuum 1700-2000 keV,60,0,8230,13.858116562318676,16.429024433469625
Attentive CNP + PE,m2,5000,1,102,500,SE,Tl-208 SE 2103 keV,6,0,2023,7.484892714824882,9.695860219110676
Attentive CNP + PE,m2,5000,1,102,500,continuum_2200_2400,Continuum 2200-2400 keV,40,0,9093,8.813473898472154,11.28304651224674
Attentive CNP + PE,m2,5000,1,102,500,FE,Tl-208 FE 2614 keV,5,1,8709,10.705460451609719,12.182441912404206
Attentive CNP + PE,m2,5000,1,102,500,sparse_tail,Sparse tail 2700-3000 keV,13,47,68,32.28092727383425,34.06692510024625
Attentive CNP + PE,m2,5000,1,103,500,full,Full 500-3000 keV,442,58,114299,12.484805195513967,15.874054893888362
Attentive CNP + PE,m2,5000,1,103,500,DEP,Tl-208 DEP 1592 keV,6,0,1323,11.395429018745329,14.971654870750717
Attentive CNP + PE,m2,5000,1,103,500,Bi-214,Bi-212 1620.74-keV feature,6,0,1361,15.80917447648983,19.927081124309478
Attentive CNP + PE,m2,5000,1,103,500,continuum_1700_2000,Continuum 1700-2000 keV,60,0,8230,13.7005112657694,16.222561944945824
Attentive CNP + PE,m2,5000,1,103,500,SE,Tl-208 SE 2103 keV,6,0,2023,7.068767466931469,8.724639036603712
Attentive CNP + PE,m2,5000,1,103,500,continuum_2200_2400,Continuum 2200-2400 keV,40,0,9093,8.685108763721843,11.12772212479063
Attentive CNP + PE,m2,5000,1,103,500,FE,Tl-208 FE 2614 keV,5,1,8709,10.125386687115668,12.172726945865469
Attentive CNP + PE,m2,5000,1,103,500,sparse_tail,Sparse tail 2700-3000 keV,13,47,68,34.292321808954505,35.99245951308769
Attentive CNP + PE,m2,5000,1,104,500,full,Full 500-3000 keV,442,58,114299,12.49223396039413,15.851767809730244
Attentive CNP + PE,m2,5000,1,104,500,DEP,Tl-208 DEP 1592 keV,6,0,1323,11.19373605492671,14.987580158396286
Attentive CNP + PE,m2,5000,1,104,500,Bi-214,Bi-212 1620.74-keV feature,6,0,1361,15.896523401024485,20.06115212896796
Attentive CNP + PE,m2,5000,1,104,500,continuum_1700_2000,Continuum 1700-2000 keV,60,0,8230,13.842811973309152,16.311696376238093
Attentive CNP + PE,m2,5000,1,104,500,SE,Tl-208 SE 2103 keV,6,0,2023,7.317786473614513,9.129398012154734
Attentive CNP + PE,m2,5000,1,104,500,continuum_2200_2400,Continuum 2200-2400 keV,40,0,9093,8.773735079741405,11.17166369376485
Attentive CNP + PE,m2,5000,1,104,500,FE,Tl-208 FE 2614 keV,5,1,8709,10.378972607693996,12.146590532677042
Attentive CNP + PE,m2,5000,1,104,500,sparse_tail,Sparse tail 2700-3000 keV,13,47,68,33.495203610754906,35.24699269596163
Attentive CNP + PE,m2,5000,1,105,500,full,Full 500-3000 keV,442,58,114299,12.534769805777596,15.914201250066503
Attentive CNP + PE,m2,5000,1,105,500,DEP,Tl-208 DEP 1592 keV,6,0,1323,11.200744260952927,14.715580389716084
Attentive CNP + PE,m2,5000,1,105,500,Bi-214,Bi-212 1620.74-keV feature,6,0,1361,15.771263314254416,19.963533463727845
Attentive CNP + PE,m2,5000,1,105,500,continuum_1700_2000,Continuum 1700-2000 keV,60,0,8230,13.810714226149226,16.302192095965694
Attentive CNP + PE,m2,5000,1,105,500,SE,Tl-208 SE 2103 keV,6,0,2023,7.241698750360475,8.908804606918611
Attentive CNP + PE,m2,5000,1,105,500,continuum_2200_2400,Continuum 2200-2400 keV,40,0,9093,8.739019409578004,11.155983103055927
Attentive CNP + PE,m2,5000,1,105,500,FE,Tl-208 FE 2614 keV,5,1,8709,10.059324271170727,12.10520139322573
Attentive CNP + PE,m2,5000,1,105,500,sparse_tail,Sparse tail 2700-3000 keV,13,47,68,34.24293110727111,35.952234139900526
Attentive CNP + PE,m2,5000,1,106,500,full,Full 500-3000 keV,442,58,114299,12.48083451625807,15.84060931238451
Attentive CNP + PE,m2,5000,1,106,500,DEP,Tl-208 DEP 1592 keV,6,0,1323,11.277083743630083,15.053292122913541
Attentive CNP + PE,m2,5000,1,106,500,Bi-214,Bi-212 1620.74-keV feature,6,0,1361,15.9203610515965,20.07908676700446
Attentive CNP + PE,m2,5000,1,106,500,continuum_1700_2000,Continuum 1700-2000 keV,60,0,8230,13.824457653464009,16.319397261756762
Attentive CNP + PE,m2,5000,1,106,500,SE,Tl-208 SE 2103 keV,6,0,2023,7.267012529831997,9.125482437831494
Attentive CNP + PE,m2,5000,1,106,500,continuum_2200_2400,Continuum 2200-2400 keV,40,0,9093,8.796621660188613,11.189310986447461
Attentive CNP + PE,m2,5000,1,106,500,FE,Tl-208 FE 2614 keV,5,1,8709,10.511684804839753,12.248700229024452
Attentive CNP + PE,m2,5000,1,106,500,sparse_tail,Sparse tail 2700-3000 keV,13,47,68,33.350419749999524,35.11099038249801
Attentive CNP + PE,m2,5000,1,107,500,full,Full 500-3000 keV,442,58,114299,12.482197474565615,15.881787993311919
Attentive CNP + PE,m2,5000,1,107,500,DEP,Tl-208 DEP 1592 keV,6,0,1323,11.463810334124783,15.051869076541713
Attentive CNP + PE,m2,5000,1,107,500,Bi-214,Bi-212 1620.74-keV feature,6,0,1361,15.808312732966465,19.905215521002617
Attentive CNP + PE,m2,5000,1,107,500,continuum_1700_2000,Continuum 1700-2000 keV,60,0,8230,13.632695169807752,16.185304776290728
Attentive CNP + PE,m2,5000,1,107,500,SE,Tl-208 SE 2103 keV,6,0,2023,7.026087309288727,8.673216373530153
Attentive CNP + PE,m2,5000,1,107,500,continuum_2200_2400,Continuum 2200-2400 keV,40,0,9093,8.695728977089914,11.137141261522473
Attentive CNP + PE,m2,5000,1,107,500,FE,Tl-208 FE 2614 keV,5,1,8709,10.094000172334535,12.240496927076947
Attentive CNP + PE,m2,5000,1,107,500,sparse_tail,Sparse tail 2700-3000 keV,13,47,68,34.44066267095219,36.13283253939089
Attentive CNP + PE,m2,5000,1,108,500,full,Full 500-3000 keV,442,58,114299,12.451950540809001,15.854471755518027
Attentive CNP + PE,m2,5000,1,108,500,DEP,Tl-208 DEP 1592 keV,6,0,1323,11.531865119851451,15.037473960678957
Attentive CNP + PE,m2,5000,1,108,500,Bi-214,Bi-212 1620.74-keV feature,6,0,1361,15.938537922875565,20.147460968461147
Attentive CNP + PE,m2,5000,1,108,500,continuum_1700_2000,Continuum 1700-2000 keV,60,0,8230,13.614675014877367,16.079970016162076
Attentive CNP + PE,m2,5000,1,108,500,SE,Tl-208 SE 2103 keV,6,0,2023,7.180582926662756,9.014250139424473
Attentive CNP + PE,m2,5000,1,108,500,continuum_2200_2400,Continuum 2200-2400 keV,40,0,9093,8.803737582237128,11.193109417349232
Attentive CNP + PE,m2,5000,1,108,500,FE,Tl-208 FE 2614 keV,5,1,8709,10.084419967316842,12.180827053804919
Attentive CNP + PE,m2,5000,1,108,500,sparse_tail,Sparse tail 2700-3000 keV,13,47,68,34.21910124492042,35.93870163006309
Attentive CNP + PE,m2,5000,1,109,500,full,Full 500-3000 keV,442,58,114299,12.506179043255694,15.867960425617703
Attentive CNP + PE,m2,5000,1,109,500,DEP,Tl-208 DEP 1592 keV,6,0,1323,11.182536554134542,14.91941503689651
Attentive CNP + PE,m2,5000,1,109,500,Bi-214,Bi-212 1620.74-keV feature,6,0,1361,15.907311283231703,20.07823769350312
Attentive CNP + PE,m2,5000,1,109,500,continuum_1700_2000,Continuum 1700-2000 keV,60,0,8230,13.911512920064942,16.377540726442767
Attentive CNP + PE,m2,5000,1,109,500,SE,Tl-208 SE 2103 keV,6,0,2023,7.41403181700594,9.166538603219623
Attentive CNP + PE,m2,5000,1,109,500,continuum_2200_2400,Continuum 2200-2400 keV,40,0,9093,8.786013772683418,11.183108886374885
Attentive CNP + PE,m2,5000,1,109,500,FE,Tl-208 FE 2614 keV,5,1,8709,10.49983370636423,12.174755477776847
Attentive CNP + PE,m2,5000,1,109,500,sparse_tail,Sparse tail 2700-3000 keV,13,47,68,33.50093344351569,35.24830831876517
Attentive CNP + PE,m2,5000,2,100,500,full,Full 500-3000 keV,442,58,114299,13.043112263758823,16.482401155822483
Attentive CNP + PE,m2,5000,2,100,500,DEP,Tl-208 DEP 1592 keV,6,0,1323,11.884571183190285,15.301061625108382
Attentive CNP + PE,m2,5000,2,100,500,Bi-214,Bi-212 1620.74-keV feature,6,0,1361,17.434983643604728,22.452353780220037
Attentive CNP + PE,m2,5000,2,100,500,continuum_1700_2000,Continuum 1700-2000 keV,60,0,8230,13.464088379860472,16.66400358876585
Attentive CNP + PE,m2,5000,2,100,500,SE,Tl-208 SE 2103 keV,6,0,2023,5.908412838282124,8.060519344492159
Attentive CNP + PE,m2,5000,2,100,500,continuum_2200_2400,Continuum 2200-2400 keV,40,0,9093,8.948564522706501,11.54920238232046
Attentive CNP + PE,m2,5000,2,100,500,FE,Tl-208 FE 2614 keV,5,1,8709,10.045114475934076,11.996660466054351
Attentive CNP + PE,m2,5000,2,100,500,sparse_tail,Sparse tail 2700-3000 keV,13,47,68,29.781197523259184,32.90553285121683
Attentive CNP + PE,m2,5000,2,101,500,full,Full 500-3000 keV,442,58,114299,13.014168481752886,16.493740684921704
Attentive CNP + PE,m2,5000,2,101,500,DEP,Tl-208 DEP 1592 keV,6,0,1323,11.91399431063985,14.957386421221752
Attentive CNP + PE,m2,5000,2,101,500,Bi-214,Bi-212 1620.74-keV feature,6,0,1361,17.831418507214636,22.43842756218299
Attentive CNP + PE,m2,5000,2,101,500,continuum_1700_2000,Continuum 1700-2000 keV,60,0,8230,13.399521763245884,16.61354455993337
Attentive CNP + PE,m2,5000,2,101,500,SE,Tl-208 SE 2103 keV,6,0,2023,5.503798165537254,7.68526090382826
Attentive CNP + PE,m2,5000,2,101,500,continuum_2200_2400,Continuum 2200-2400 keV,40,0,9093,9.008276388476999,11.6262338397676
Attentive CNP + PE,m2,5000,2,101,500,FE,Tl-208 FE 2614 keV,5,1,8709,10.4848736327862,13.029701787284953
Attentive CNP + PE,m2,5000,2,101,500,sparse_tail,Sparse tail 2700-3000 keV,13,47,68,30.561202153563098,33.760669464171826
Attentive CNP + PE,m2,5000,2,102,500,full,Full 500-3000 keV,442,58,114299,13.096068875784308,16.555990161340766
Attentive CNP + PE,m2,5000,2,102,500,DEP,Tl-208 DEP 1592 keV,6,0,1323,12.107909049559547,15.418661551803034
Attentive CNP + PE,m2,5000,2,102,500,Bi-214,Bi-212 1620.74-keV feature,6,0,1361,17.93288394356544,22.979630293432418
Attentive CNP + PE,m2,5000,2,102,500,continuum_1700_2000,Continuum 1700-2000 keV,60,0,8230,13.642539871568324,16.85138818436796
Attentive CNP + PE,m2,5000,2,102,500,SE,Tl-208 SE 2103 keV,6,0,2023,5.74140321728926,8.163952349142974
Attentive CNP + PE,m2,5000,2,102,500,continuum_2200_2400,Continuum 2200-2400 keV,40,0,9093,8.936958032882151,11.582352184243428
Attentive CNP + PE,m2,5000,2,102,500,FE,Tl-208 FE 2614 keV,5,1,8709,10.105637812575408,12.60437924705918
Attentive CNP + PE,m2,5000,2,102,500,sparse_tail,Sparse tail 2700-3000 keV,13,47,68,29.275335489673942,32.426004350690846
Attentive CNP + PE,m2,5000,2,103,500,full,Full 500-3000 keV,442,58,114299,13.353720302901245,16.947508819833665
Attentive CNP + PE,m2,5000,2,103,500,DEP,Tl-208 DEP 1592 keV,6,0,1323,11.880194861993381,14.430839756709668
Attentive CNP + PE,m2,5000,2,103,500,Bi-214,Bi-212 1620.74-keV feature,6,0,1361,18.777781856749982,22.728489703728798
Attentive CNP + PE,m2,5000,2,103,500,continuum_1700_2000,Continuum 1700-2000 keV,60,0,8230,13.533189081456628,16.78157341935406
Attentive CNP + PE,m2,5000,2,103,500,SE,Tl-208 SE 2103 keV,6,0,2023,5.9162389580161285,7.266105946802086
Attentive CNP + PE,m2,5000,2,103,500,continuum_2200_2400,Continuum 2200-2400 keV,40,0,9093,9.682381171617283,12.057576558058587
Attentive CNP + PE,m2,5000,2,103,500,FE,Tl-208 FE 2614 keV,5,1,8709,10.58069690449139,12.144751154336282
Attentive CNP + PE,m2,5000,2,103,500,sparse_tail,Sparse tail 2700-3000 keV,13,47,68,33.11474392251236,36.25197670636492
Attentive CNP + PE,m2,5000,2,104,500,full,Full 500-3000 keV,442,58,114299,13.16106561476888,16.66387088455247
Attentive CNP + PE,m2,5000,2,104,500,DEP,Tl-208 DEP 1592 keV,6,0,1323,11.808883736723503,14.628821413155773
Attentive CNP + PE,m2,5000,2,104,500,Bi-214,Bi-212 1620.74-keV feature,6,0,1361,18.255598887586824,22.449398441212832
Attentive CNP + PE,m2,5000,2,104,500,continuum_1700_2000,Continuum 1700-2000 keV,60,0,8230,13.374651482443229,16.54893254161723
Attentive CNP + PE,m2,5000,2,104,500,SE,Tl-208 SE 2103 keV,6,0,2023,5.742020952453255,7.3985704126528145
Attentive CNP + PE,m2,5000,2,104,500,continuum_2200_2400,Continuum 2200-2400 keV,40,0,9093,9.391678865763641,11.806267660024664
Attentive CNP + PE,m2,5000,2,104,500,FE,Tl-208 FE 2614 keV,5,1,8709,10.47798050911382,12.08867336461925
Attentive CNP + PE,m2,5000,2,104,500,sparse_tail,Sparse tail 2700-3000 keV,13,47,68,31.944034181145508,35.04189305740275
Attentive CNP + PE,m2,5000,2,105,500,full,Full 500-3000 keV,442,58,114299,13.326142963170396,16.895330043458404
Attentive CNP + PE,m2,5000,2,105,500,DEP,Tl-208 DEP 1592 keV,6,0,1323,11.640957868772388,14.36177297837798
Attentive CNP + PE,m2,5000,2,105,500,Bi-214,Bi-212 1620.74-keV feature,6,0,1361,18.475798409324547,22.11112934190423
Attentive CNP + PE,m2,5000,2,105,500,continuum_1700_2000,Continuum 1700-2000 keV,60,0,8230,13.37066583422889,16.5564374063067
Attentive CNP + PE,m2,5000,2,105,500,SE,Tl-208 SE 2103 keV,6,0,2023,5.873207761026805,7.262290470526224
Attentive CNP + PE,m2,5000,2,105,500,continuum_2200_2400,Continuum 2200-2400 keV,40,0,9093,9.66215009407079,12.018952194757581
Attentive CNP + PE,m2,5000,2,105,500,FE,Tl-208 FE 2614 keV,5,1,8709,10.134519805388177,11.57368664130688
Attentive CNP + PE,m2,5000,2,105,500,sparse_tail,Sparse tail 2700-3000 keV,13,47,68,33.267412640019685,36.260679541048354
Attentive CNP + PE,m2,5000,2,106,500,full,Full 500-3000 keV,442,58,114299,13.145206549426144,16.678030191244833
Attentive CNP + PE,m2,5000,2,106,500,DEP,Tl-208 DEP 1592 keV,6,0,1323,11.80677998416974,14.629936786913028
Attentive CNP + PE,m2,5000,2,106,500,Bi-214,Bi-212 1620.74-keV feature,6,0,1361,17.942169167870105,22.090191889483037
Attentive CNP + PE,m2,5000,2,106,500,continuum_1700_2000,Continuum 1700-2000 keV,60,0,8230,13.45041731591054,16.779474849022964
Attentive CNP + PE,m2,5000,2,106,500,SE,Tl-208 SE 2103 keV,6,0,2023,5.633421311852276,7.3968828371531385
Attentive CNP + PE,m2,5000,2,106,500,continuum_2200_2400,Continuum 2200-2400 keV,40,0,9093,9.335520161519332,11.856838990278032
Attentive CNP + PE,m2,5000,2,106,500,FE,Tl-208 FE 2614 keV,5,1,8709,10.770254313160619,13.020847079574333
Attentive CNP + PE,m2,5000,2,106,500,sparse_tail,Sparse tail 2700-3000 keV,13,47,68,31.755175903408595,35.148739671103726
Attentive CNP + PE,m2,5000,2,107,500,full,Full 500-3000 keV,442,58,114299,13.27173618429458,16.819568054576333
Attentive CNP + PE,m2,5000,2,107,500,DEP,Tl-208 DEP 1592 keV,6,0,1323,11.947520952359287,14.518875713473275
Attentive CNP + PE,m2,5000,2,107,500,Bi-214,Bi-212 1620.74-keV feature,6,0,1361,18.491031534879852,22.32214736999628
Attentive CNP + PE,m2,5000,2,107,500,continuum_1700_2000,Continuum 1700-2000 keV,60,0,8230,13.402278780574257,16.641951838623342
Attentive CNP + PE,m2,5000,2,107,500,SE,Tl-208 SE 2103 keV,6,0,2023,5.757758096220809,7.185244195644069
Attentive CNP + PE,m2,5000,2,107,500,continuum_2200_2400,Continuum 2200-2400 keV,40,0,9093,9.71903920181055,12.08134870315771
Attentive CNP + PE,m2,5000,2,107,500,FE,Tl-208 FE 2614 keV,5,1,8709,10.612092682098725,12.152478565538608
Attentive CNP + PE,m2,5000,2,107,500,sparse_tail,Sparse tail 2700-3000 keV,13,47,68,32.62637441134526,35.79345364523662
Attentive CNP + PE,m2,5000,2,108,500,full,Full 500-3000 keV,442,58,114299,13.162837009540212,16.697611437622307
Attentive CNP + PE,m2,5000,2,108,500,DEP,Tl-208 DEP 1592 keV,6,0,1323,11.633969547831153,14.263977742956863
Attentive CNP + PE,m2,5000,2,108,500,Bi-214,Bi-212 1620.74-keV feature,6,0,1361,18.619825219046916,22.20859798631159
Attentive CNP + PE,m2,5000,2,108,500,continuum_1700_2000,Continuum 1700-2000 keV,60,0,8230,13.367215227105596,16.577901078319236
Attentive CNP + PE,m2,5000,2,108,500,SE,Tl-208 SE 2103 keV,6,0,2023,5.894926240024948,7.271300311553784
Attentive CNP + PE,m2,5000,2,108,500,continuum_2200_2400,Continuum 2200-2400 keV,40,0,9093,9.524671514713287,11.981970280977082
Attentive CNP + PE,m2,5000,2,108,500,FE,Tl-208 FE 2614 keV,5,1,8709,11.032997100391347,12.847568210177092
Attentive CNP + PE,m2,5000,2,108,500,sparse_tail,Sparse tail 2700-3000 keV,13,47,68,33.01533839997208,36.178242388916445
Attentive CNP + PE,m2,5000,2,109,500,full,Full 500-3000 keV,442,58,114299,13.07358123891342,16.559608203594138
Attentive CNP + PE,m2,5000,2,109,500,DEP,Tl-208 DEP 1592 keV,6,0,1323,11.91297657164911,14.858739352165006
Attentive CNP + PE,m2,5000,2,109,500,Bi-214,Bi-212 1620.74-keV feature,6,0,1361,17.96230545503704,22.438177563398
Attentive CNP + PE,m2,5000,2,109,500,continuum_1700_2000,Continuum 1700-2000 keV,60,0,8230,13.409670529463675,16.64444291631193
Attentive CNP + PE,m2,5000,2,109,500,SE,Tl-208 SE 2103 keV,6,0,2023,5.57390728186914,7.532738281135597
Attentive CNP + PE,m2,5000,2,109,500,continuum_2200_2400,Continuum 2200-2400 keV,40,0,9093,9.212147363259842,11.737376230050861
Attentive CNP + PE,m2,5000,2,109,500,FE,Tl-208 FE 2614 keV,5,1,8709,10.599270199172883,12.799945084725259
Attentive CNP + PE,m2,5000,2,109,500,sparse_tail,Sparse tail 2700-3000 keV,13,47,68,31.006845603849936,34.216764691294784
Density-guided CNP (ours),ours,5000,0,100,500,full,Full 500-3000 keV,442,58,114299,5.412034390243273,7.539368305105813
Density-guided CNP (ours),ours,5000,0,100,500,DEP,Tl-208 DEP 1592 keV,6,0,1323,4.303344875646243,5.268599673575529
Density-guided CNP (ours),ours,5000,0,100,500,Bi-214,Bi-212 1620.74-keV feature,6,0,1361,7.491747400995356,8.297220700700562
Density-guided CNP (ours),ours,5000,0,100,500,continuum_1700_2000,Continuum 1700-2000 keV,60,0,8230,4.203584740954196,5.248525144859245
Density-guided CNP (ours),ours,5000,0,100,500,SE,Tl-208 SE 2103 keV,6,0,2023,5.0723075040831604,5.54273547399478
Density-guided CNP (ours),ours,5000,0,100,500,continuum_2200_2400,Continuum 2200-2400 keV,40,0,9093,3.0672169064749677,3.675294601688719
Density-guided CNP (ours),ours,5000,0,100,500,FE,Tl-208 FE 2614 keV,5,1,8709,3.8030095589753024,4.322872305004533
Density-guided CNP (ours),ours,5000,0,100,500,sparse_tail,Sparse tail 2700-3000 keV,13,47,68,19.457839236385773,21.81013430573252
Density-guided CNP (ours),ours,5000,0,101,500,full,Full 500-3000 keV,442,58,114299,4.799979633486797,6.265414328534365
Density-guided CNP (ours),ours,5000,0,101,500,DEP,Tl-208 DEP 1592 keV,6,0,1323,3.4920773394719142,4.687986366893215
Density-guided CNP (ours),ours,5000,0,101,500,Bi-214,Bi-212 1620.74-keV feature,6,0,1361,7.043025289569636,8.381858572093021
Density-guided CNP (ours),ours,5000,0,101,500,continuum_1700_2000,Continuum 1700-2000 keV,60,0,8230,4.089385691634947,5.156411558273925
Density-guided CNP (ours),ours,5000,0,101,500,SE,Tl-208 SE 2103 keV,6,0,2023,5.047517198955164,5.528577966306942
Density-guided CNP (ours),ours,5000,0,101,500,continuum_2200_2400,Continuum 2200-2400 keV,40,0,9093,2.963996430120987,3.5891130271127705
Density-guided CNP (ours),ours,5000,0,101,500,FE,Tl-208 FE 2614 keV,5,1,8709,3.922678614577187,4.868912981178583
Density-guided CNP (ours),ours,5000,0,101,500,sparse_tail,Sparse tail 2700-3000 keV,13,47,68,8.324513197127317,10.029532656082834
Density-guided CNP (ours),ours,5000,0,102,500,full,Full 500-3000 keV,442,58,114299,4.965802745200986,6.558179952724054
Density-guided CNP (ours),ours,5000,0,102,500,DEP,Tl-208 DEP 1592 keV,6,0,1323,3.810179037049303,4.806709074680042
Density-guided CNP (ours),ours,5000,0,102,500,Bi-214,Bi-212 1620.74-keV feature,6,0,1361,7.108636828167075,8.174181078395216
Density-guided CNP (ours),ours,5000,0,102,500,continuum_1700_2000,Continuum 1700-2000 keV,60,0,8230,4.133077633319728,5.171634117491645
Density-guided CNP (ours),ours,5000,0,102,500,SE,Tl-208 SE 2103 keV,6,0,2023,5.0885244134161765,5.5445172520731845
Density-guided CNP (ours),ours,5000,0,102,500,continuum_2200_2400,Continuum 2200-2400 keV,40,0,9093,3.0339404478382144,3.645709299544933
Density-guided CNP (ours),ours,5000,0,102,500,FE,Tl-208 FE 2614 keV,5,1,8709,3.5105192409669597,4.173697824038329
Density-guided CNP (ours),ours,5000,0,102,500,sparse_tail,Sparse tail 2700-3000 keV,13,47,68,11.57973827926509,13.099330474297915
Density-guided CNP (ours),ours,5000,0,103,500,full,Full 500-3000 keV,442,58,114299,5.562443617484277,7.95559276492372
Density-guided CNP (ours),ours,5000,0,103,500,DEP,Tl-208 DEP 1592 keV,6,0,1323,4.210016003153929,5.168146832170855
Density-guided CNP (ours),ours,5000,0,103,500,Bi-214,Bi-212 1620.74-keV feature,6,0,1361,7.389714968154322,8.242007463457966
Density-guided CNP (ours),ours,5000,0,103,500,continuum_1700_2000,Continuum 1700-2000 keV,60,0,8230,4.1533865950953315,5.200232159660785
Density-guided CNP (ours),ours,5000,0,103,500,SE,Tl-208 SE 2103 keV,6,0,2023,4.9580887039552515,5.5691900808821675
Density-guided CNP (ours),ours,5000,0,103,500,continuum_2200_2400,Continuum 2200-2400 keV,40,0,9093,3.089537654829099,3.7060808132417473
Density-guided CNP (ours),ours,5000,0,103,500,FE,Tl-208 FE 2614 keV,5,1,8709,3.701814381322546,4.14810595639485
Density-guided CNP (ours),ours,5000,0,103,500,sparse_tail,Sparse tail 2700-3000 keV,13,47,68,26.20157568907236,27.12654938923416
Density-guided CNP (ours),ours,5000,0,104,500,full,Full 500-3000 keV,442,58,114299,5.157600459561236,7.207837073184217
Density-guided CNP (ours),ours,5000,0,104,500,DEP,Tl-208 DEP 1592 keV,6,0,1323,3.4843524693899286,4.68029989820371
Density-guided CNP (ours),ours,5000,0,104,500,Bi-214,Bi-212 1620.74-keV feature,6,0,1361,7.039847300385632,8.43444950827002
Density-guided CNP (ours),ours,5000,0,104,500,continuum_1700_2000,Continuum 1700-2000 keV,60,0,8230,4.0905783995594,5.153010741327332
Density-guided CNP (ours),ours,5000,0,104,500,SE,Tl-208 SE 2103 keV,6,0,2023,5.051914545544776,5.530084064350403
Density-guided CNP (ours),ours,5000,0,104,500,continuum_2200_2400,Continuum 2200-2400 keV,40,0,9093,2.9947530182968762,3.613360514140181
Density-guided CNP (ours),ours,5000,0,104,500,FE,Tl-208 FE 2614 keV,5,1,8709,3.6229760375160445,4.281844020888185
Density-guided CNP (ours),ours,5000,0,104,500,sparse_tail,Sparse tail 2700-3000 keV,13,47,68,17.821281758487707,20.573448776555185
Density-guided CNP (ours),ours,5000,0,105,500,full,Full 500-3000 keV,442,58,114299,5.7128099514736705,8.56241798197652
Density-guided CNP (ours),ours,5000,0,105,500,DEP,Tl-208 DEP 1592 keV,6,0,1323,3.8971682087639423,4.871162364321131
Density-guided CNP (ours),ours,5000,0,105,500,Bi-214,Bi-212 1620.74-keV feature,6,0,1361,7.1500899006391405,8.16459726104066
Density-guided CNP (ours),ours,5000,0,105,500,continuum_1700_2000,Continuum 1700-2000 keV,60,0,8230,4.120331199469806,5.169429166506451
Density-guided CNP (ours),ours,5000,0,105,500,SE,Tl-208 SE 2103 keV,6,0,2023,4.998290150179891,5.540844796716564
Density-guided CNP (ours),ours,5000,0,105,500,continuum_2200_2400,Continuum 2200-2400 keV,40,0,9093,3.0731333144333592,3.682381181507763
Density-guided CNP (ours),ours,5000,0,105,500,FE,Tl-208 FE 2614 keV,5,1,8709,3.872351868907556,4.516852321766177
Density-guided CNP (ours),ours,5000,0,105,500,sparse_tail,Sparse tail 2700-3000 keV,13,47,68,30.976616994306553,31.947346941315008
Density-guided CNP (ours),ours,5000,0,106,500,full,Full 500-3000 keV,442,58,114299,5.235168467073576,7.318696033005821
Density-guided CNP (ours),ours,5000,0,106,500,DEP,Tl-208 DEP 1592 keV,6,0,1323,3.8073422352690254,4.80398293573245
Density-guided CNP (ours),ours,5000,0,106,500,Bi-214,Bi-212 1620.74-keV feature,6,0,1361,7.1081728746117205,8.17210969713566
Density-guided CNP (ours),ours,5000,0,106,500,continuum_1700_2000,Continuum 1700-2000 keV,60,0,8230,4.116285073913803,5.1657182671193755
Density-guided CNP (ours),ours,5000,0,106,500,SE,Tl-208 SE 2103 keV,6,0,2023,4.964856763576423,5.555603807159538
Density-guided CNP (ours),ours,5000,0,106,500,continuum_2200_2400,Continuum 2200-2400 keV,40,0,9093,3.072235037800841,3.6828806827759424
Density-guided CNP (ours),ours,5000,0,106,500,FE,Tl-208 FE 2614 keV,5,1,8709,3.6879686319542837,4.195775413357266
Density-guided CNP (ours),ours,5000,0,106,500,sparse_tail,Sparse tail 2700-3000 keV,13,47,68,17.73038290501752,20.768412486469607
Density-guided CNP (ours),ours,5000,0,107,500,full,Full 500-3000 keV,442,58,114299,5.466534632548313,8.010074136812689
Density-guided CNP (ours),ours,5000,0,107,500,DEP,Tl-208 DEP 1592 keV,6,0,1323,3.5506023490417737,4.696711949499772
Density-guided CNP (ours),ours,5000,0,107,500,Bi-214,Bi-212 1620.74-keV feature,6,0,1361,7.049827552176123,8.341909413734797
Density-guided CNP (ours),ours,5000,0,107,500,continuum_1700_2000,Continuum 1700-2000 keV,60,0,8230,4.090733773235277,5.156350945449303
Density-guided CNP (ours),ours,5000,0,107,500,SE,Tl-208 SE 2103 keV,6,0,2023,5.0251290166992195,5.530143888133413
Density-guided CNP (ours),ours,5000,0,107,500,continuum_2200_2400,Continuum 2200-2400 keV,40,0,9093,2.9993015540742953,3.6174598728914438
Density-guided CNP (ours),ours,5000,0,107,500,FE,Tl-208 FE 2614 keV,5,1,8709,3.669306105773133,4.353491699644539
Density-guided CNP (ours),ours,5000,0,107,500,sparse_tail,Sparse tail 2700-3000 keV,13,47,68,27.75621200232279,28.671134228063895
Density-guided CNP (ours),ours,5000,0,108,500,full,Full 500-3000 keV,442,58,114299,5.052230735599818,6.877520257165844
Density-guided CNP (ours),ours,5000,0,108,500,DEP,Tl-208 DEP 1592 keV,6,0,1323,3.7208523767295074,4.7513446002538124
Density-guided CNP (ours),ours,5000,0,108,500,Bi-214,Bi-212 1620.74-keV feature,6,0,1361,7.0706733592793265,8.194255402277921
Density-guided CNP (ours),ours,5000,0,108,500,continuum_1700_2000,Continuum 1700-2000 keV,60,0,8230,4.108449132938076,5.160872714921635
Density-guided CNP (ours),ours,5000,0,108,500,SE,Tl-208 SE 2103 keV,6,0,2023,5.0066074957461595,5.532300081018753
Density-guided CNP (ours),ours,5000,0,108,500,continuum_2200_2400,Continuum 2200-2400 keV,40,0,9093,2.991464338113945,3.6141988200923034
Density-guided CNP (ours),ours,5000,0,108,500,FE,Tl-208 FE 2614 keV,5,1,8709,3.767176340089355,4.570138208414306
Density-guided CNP (ours),ours,5000,0,108,500,sparse_tail,Sparse tail 2700-3000 keV,13,47,68,14.342493947578458,17.269304043688845
Density-guided CNP (ours),ours,5000,0,109,500,full,Full 500-3000 keV,442,58,114299,5.497323209846488,7.783376211511589
Density-guided CNP (ours),ours,5000,0,109,500,DEP,Tl-208 DEP 1592 keV,6,0,1323,3.8354547889859334,4.820124881235899
Density-guided CNP (ours),ours,5000,0,109,500,Bi-214,Bi-212 1620.74-keV feature,6,0,1361,7.128820497972178,8.163072263253971
Density-guided CNP (ours),ours,5000,0,109,500,continuum_1700_2000,Continuum 1700-2000 keV,60,0,8230,4.133468917908446,5.174966293057048
Density-guided CNP (ours),ours,5000,0,109,500,SE,Tl-208 SE 2103 keV,6,0,2023,4.984247756845226,5.550879634264999
Density-guided CNP (ours),ours,5000,0,109,500,continuum_2200_2400,Continuum 2200-2400 keV,40,0,9093,3.083078339525615,3.6959541302649273
Density-guided CNP (ours),ours,5000,0,109,500,FE,Tl-208 FE 2614 keV,5,1,8709,3.7323973868781244,4.196560528000257
Density-guided CNP (ours),ours,5000,0,109,500,sparse_tail,Sparse tail 2700-3000 keV,13,47,68,24.323635347401755,25.330129701662678
Density-guided CNP (ours),ours,5000,1,100,500,full,Full 500-3000 keV,442,58,114299,5.372717574414091,7.304602003139654
Density-guided CNP (ours),ours,5000,1,100,500,DEP,Tl-208 DEP 1592 keV,6,0,1323,4.42674076275579,5.550825094952296
Density-guided CNP (ours),ours,5000,1,100,500,Bi-214,Bi-212 1620.74-keV feature,6,0,1361,7.664259204774298,8.525619931283257
Density-guided CNP (ours),ours,5000,1,100,500,continuum_1700_2000,Continuum 1700-2000 keV,60,0,8230,4.606187023327868,5.329698113163208
Density-guided CNP (ours),ours,5000,1,100,500,SE,Tl-208 SE 2103 keV,6,0,2023,5.0377638282634685,5.37857426320472
Density-guided CNP (ours),ours,5000,1,100,500,continuum_2200_2400,Continuum 2200-2400 keV,40,0,9093,3.947639759609963,4.645616078792153
Density-guided CNP (ours),ours,5000,1,100,500,FE,Tl-208 FE 2614 keV,5,1,8709,5.913051691348792,6.311879893534969
Density-guided CNP (ours),ours,5000,1,100,500,sparse_tail,Sparse tail 2700-3000 keV,13,47,68,15.15128257883163,18.89482983809446
Density-guided CNP (ours),ours,5000,1,101,500,full,Full 500-3000 keV,442,58,114299,4.862538320770638,6.17123944383321
Density-guided CNP (ours),ours,5000,1,101,500,DEP,Tl-208 DEP 1592 keV,6,0,1323,4.154069418541049,5.171064285078968
Density-guided CNP (ours),ours,5000,1,101,500,Bi-214,Bi-212 1620.74-keV feature,6,0,1361,7.412873776603399,8.855952063697185
Density-guided CNP (ours),ours,5000,1,101,500,continuum_1700_2000,Continuum 1700-2000 keV,60,0,8230,4.772035990004331,5.5037365162233325
Density-guided CNP (ours),ours,5000,1,101,500,SE,Tl-208 SE 2103 keV,6,0,2023,5.022074271702693,5.358251573764854
Density-guided CNP (ours),ours,5000,1,101,500,continuum_2200_2400,Continuum 2200-2400 keV,40,0,9093,3.8207980722967236,4.50385006759222
Density-guided CNP (ours),ours,5000,1,101,500,FE,Tl-208 FE 2614 keV,5,1,8709,4.836240465738603,6.237506248231391
Density-guided CNP (ours),ours,5000,1,101,500,sparse_tail,Sparse tail 2700-3000 keV,13,47,68,7.386822313413484,8.24794303255195
Density-guided CNP (ours),ours,5000,1,102,500,full,Full 500-3000 keV,442,58,114299,4.926410413762973,6.3024249928841005
Density-guided CNP (ours),ours,5000,1,102,500,DEP,Tl-208 DEP 1592 keV,6,0,1323,4.179210013305967,5.212175880013961
Density-guided CNP (ours),ours,5000,1,102,500,Bi-214,Bi-212 1620.74-keV feature,6,0,1361,7.382436024729673,8.545597424220833
Density-guided CNP (ours),ours,5000,1,102,500,continuum_1700_2000,Continuum 1700-2000 keV,60,0,8230,4.731394336166097,5.445832315815424
Density-guided CNP (ours),ours,5000,1,102,500,SE,Tl-208 SE 2103 keV,6,0,2023,5.078073093685149,5.428829261376386
Density-guided CNP (ours),ours,5000,1,102,500,continuum_2200_2400,Continuum 2200-2400 keV,40,0,9093,3.926905145077658,4.618734159688587
Density-guided CNP (ours),ours,5000,1,102,500,FE,Tl-208 FE 2614 keV,5,1,8709,4.2629357643447925,5.396126203161961
Density-guided CNP (ours),ours,5000,1,102,500,sparse_tail,Sparse tail 2700-3000 keV,13,47,68,7.3916141146067895,8.578627452996612
Density-guided CNP (ours),ours,5000,1,103,500,full,Full 500-3000 keV,442,58,114299,5.307470594535608,7.205571811090543
Density-guided CNP (ours),ours,5000,1,103,500,DEP,Tl-208 DEP 1592 keV,6,0,1323,4.357124679076691,5.451254384306044
Density-guided CNP (ours),ours,5000,1,103,500,Bi-214,Bi-212 1620.74-keV feature,6,0,1361,7.567358458365322,8.496659200548775
Density-guided CNP (ours),ours,5000,1,103,500,continuum_1700_2000,Continuum 1700-2000 keV,60,0,8230,4.693080440706263,5.42223715015068
Density-guided CNP (ours),ours,5000,1,103,500,SE,Tl-208 SE 2103 keV,6,0,2023,4.8058366124515315,5.131449953113312
Density-guided CNP (ours),ours,5000,1,103,500,continuum_2200_2400,Continuum 2200-2400 keV,40,0,9093,3.9090523401804336,4.613274941518361
Density-guided CNP (ours),ours,5000,1,103,500,FE,Tl-208 FE 2614 keV,5,1,8709,5.6010666052277935,5.9221157278730185
Density-guided CNP (ours),ours,5000,1,103,500,sparse_tail,Sparse tail 2700-3000 keV,13,47,68,15.907816398740641,19.12324745665997
Density-guided CNP (ours),ours,5000,1,104,500,full,Full 500-3000 keV,442,58,114299,5.133408323634281,6.860455048379174
Density-guided CNP (ours),ours,5000,1,104,500,DEP,Tl-208 DEP 1592 keV,6,0,1323,4.164348770520865,5.179097225484152
Density-guided CNP (ours),ours,5000,1,104,500,Bi-214,Bi-212 1620.74-keV feature,6,0,1361,7.435154981346838,8.922829082360478
Density-guided CNP (ours),ours,5000,1,104,500,continuum_1700_2000,Continuum 1700-2000 keV,60,0,8230,4.771313647283398,5.499882955159978
Density-guided CNP (ours),ours,5000,1,104,500,SE,Tl-208 SE 2103 keV,6,0,2023,5.026139647336584,5.363998132018361
Density-guided CNP (ours),ours,5000,1,104,500,continuum_2200_2400,Continuum 2200-2400 keV,40,0,9093,3.8814640630805495,4.567178727220549
Density-guided CNP (ours),ours,5000,1,104,500,FE,Tl-208 FE 2614 keV,5,1,8709,4.505548566112835,5.4542741816769205
Density-guided CNP (ours),ours,5000,1,104,500,sparse_tail,Sparse tail 2700-3000 keV,13,47,68,11.597006833056762,15.539110872624088
Density-guided CNP (ours),ours,5000,1,105,500,full,Full 500-3000 keV,442,58,114299,6.158512655362119,9.799543335259607
Density-guided CNP (ours),ours,5000,1,105,500,DEP,Tl-208 DEP 1592 keV,6,0,1323,4.198233603904211,5.238138954491847
Density-guided CNP (ours),ours,5000,1,105,500,Bi-214,Bi-212 1620.74-keV feature,6,0,1361,7.394275622253914,8.51698089015431
Density-guided CNP (ours),ours,5000,1,105,500,continuum_1700_2000,Continuum 1700-2000 keV,60,0,8230,4.743688603602333,5.470521396830453
Density-guided CNP (ours),ours,5000,1,105,500,SE,Tl-208 SE 2103 keV,6,0,2023,4.896607251446165,5.217596275335827
Density-guided CNP (ours),ours,5000,1,105,500,continuum_2200_2400,Continuum 2200-2400 keV,40,0,9093,3.9397723094431827,4.639330763829759
Density-guided CNP (ours),ours,5000,1,105,500,FE,Tl-208 FE 2614 keV,5,1,8709,6.245735210106638,6.813027475422229
Density-guided CNP (ours),ours,5000,1,105,500,sparse_tail,Sparse tail 2700-3000 keV,13,47,68,40.47756214552856,41.72550503117361
Density-guided CNP (ours),ours,5000,1,106,500,full,Full 500-3000 keV,442,58,114299,5.180308367104171,6.954801971634182
Density-guided CNP (ours),ours,5000,1,106,500,DEP,Tl-208 DEP 1592 keV,6,0,1323,4.1799193312988905,5.214645159966366
Density-guided CNP (ours),ours,5000,1,106,500,Bi-214,Bi-212 1620.74-keV feature,6,0,1361,7.390347961229566,8.547397681487984
Density-guided CNP (ours),ours,5000,1,106,500,continuum_1700_2000,Continuum 1700-2000 keV,60,0,8230,4.740137977161767,5.467998523875685
Density-guided CNP (ours),ours,5000,1,106,500,SE,Tl-208 SE 2103 keV,6,0,2023,4.81959688988301,5.143801568492946
Density-guided CNP (ours),ours,5000,1,106,500,continuum_2200_2400,Continuum 2200-2400 keV,40,0,9093,3.928208258282577,4.625806824252022
Density-guided CNP (ours),ours,5000,1,106,500,FE,Tl-208 FE 2614 keV,5,1,8709,5.465190198639401,5.828224457664398
Density-guided CNP (ours),ours,5000,1,106,500,sparse_tail,Sparse tail 2700-3000 keV,13,47,68,11.429944232957205,15.419070573239066
Density-guided CNP (ours),ours,5000,1,107,500,full,Full 500-3000 keV,442,58,114299,5.327548437637175,7.315774369294603
Density-guided CNP (ours),ours,5000,1,107,500,DEP,Tl-208 DEP 1592 keV,6,0,1323,4.139622231928719,5.159012045863768
Density-guided CNP (ours),ours,5000,1,107,500,Bi-214,Bi-212 1620.74-keV feature,6,0,1361,7.394146299227225,8.797768109062396
Density-guided CNP (ours),ours,5000,1,107,500,continuum_1700_2000,Continuum 1700-2000 keV,60,0,8230,4.771261832862764,5.502417967724691
Density-guided CNP (ours),ours,5000,1,107,500,SE,Tl-208 SE 2103 keV,6,0,2023,4.966933561874722,5.294793661296956
Density-guided CNP (ours),ours,5000,1,107,500,continuum_2200_2400,Continuum 2200-2400 keV,40,0,9093,3.8873945212534546,4.573349313053637
Density-guided CNP (ours),ours,5000,1,107,500,FE,Tl-208 FE 2614 keV,5,1,8709,4.825816812030524,5.590615424781306
Density-guided CNP (ours),ours,5000,1,107,500,sparse_tail,Sparse tail 2700-3000 keV,13,47,68,18.563982017740713,21.310907902694446
Density-guided CNP (ours),ours,5000,1,108,500,full,Full 500-3000 keV,442,58,114299,4.981293101611292,6.55974795393302
Density-guided CNP (ours),ours,5000,1,108,500,DEP,Tl-208 DEP 1592 keV,6,0,1323,4.157788381286718,5.184927958099023
Density-guided CNP (ours),ours,5000,1,108,500,Bi-214,Bi-212 1620.74-keV feature,6,0,1361,7.3715356856004055,8.594400419532235
Density-guided CNP (ours),ours,5000,1,108,500,continuum_1700_2000,Continuum 1700-2000 keV,60,0,8230,4.751833128078678,5.479504647153118
Density-guided CNP (ours),ours,5000,1,108,500,SE,Tl-208 SE 2103 keV,6,0,2023,4.928669992786028,5.2533988565411684
Density-guided CNP (ours),ours,5000,1,108,500,continuum_2200_2400,Continuum 2200-2400 keV,40,0,9093,3.8697626257128728,4.554490409246169
Density-guided CNP (ours),ours,5000,1,108,500,FE,Tl-208 FE 2614 keV,5,1,8709,4.4206657808392205,5.69504341252161
Density-guided CNP (ours),ours,5000,1,108,500,sparse_tail,Sparse tail 2700-3000 keV,13,47,68,10.580555931917763,13.59525923909834
Density-guided CNP (ours),ours,5000,1,109,500,full,Full 500-3000 keV,442,58,114299,5.311977822123698,7.1594561781101085
Density-guided CNP (ours),ours,5000,1,109,500,DEP,Tl-208 DEP 1592 keV,6,0,1323,4.183994912576089,5.219099385095608
Density-guided CNP (ours),ours,5000,1,109,500,Bi-214,Bi-212 1620.74-keV feature,6,0,1361,7.392982815058933,8.525711866440428
Density-guided CNP (ours),ours,5000,1,109,500,continuum_1700_2000,Continuum 1700-2000 keV,60,0,8230,4.718569938724856,5.441475750248217
Density-guided CNP (ours),ours,5000,1,109,500,SE,Tl-208 SE 2103 keV,6,0,2023,4.864740626380263,5.186354671347719
Density-guided CNP (ours),ours,5000,1,109,500,continuum_2200_2400,Continuum 2200-2400 keV,40,0,9093,3.9239817961140706,4.625762502212189
Density-guided CNP (ours),ours,5000,1,109,500,FE,Tl-208 FE 2614 keV,5,1,8709,5.727697263179055,6.055253895322792
Density-guided CNP (ours),ours,5000,1,109,500,sparse_tail,Sparse tail 2700-3000 keV,13,47,68,13.289128196224507,16.988142956744856
Density-guided CNP (ours),ours,5000,2,100,500,full,Full 500-3000 keV,442,58,114299,5.813017937212787,8.371242593387805
Density-guided CNP (ours),ours,5000,2,100,500,DEP,Tl-208 DEP 1592 keV,6,0,1323,4.431938867407567,5.523424914519594
Density-guided CNP (ours),ours,5000,2,100,500,Bi-214,Bi-212 1620.74-keV feature,6,0,1361,7.574692518645707,8.821298368331142
Density-guided CNP (ours),ours,5000,2,100,500,continuum_1700_2000,Continuum 1700-2000 keV,60,0,8230,4.239570116399504,5.074550996023701
Density-guided CNP (ours),ours,5000,2,100,500,SE,Tl-208 SE 2103 keV,6,0,2023,4.534982406604087,5.19594963345705
Density-guided CNP (ours),ours,5000,2,100,500,continuum_2200_2400,Continuum 2200-2400 keV,40,0,9093,3.6778529251885064,4.428673099285898
Density-guided CNP (ours),ours,5000,2,100,500,FE,Tl-208 FE 2614 keV,5,1,8709,7.703122830318862,9.720266280144083
Density-guided CNP (ours),ours,5000,2,100,500,sparse_tail,Sparse tail 2700-3000 keV,13,47,68,22.26557989299593,25.51209748856601
Density-guided CNP (ours),ours,5000,2,101,500,full,Full 500-3000 keV,442,58,114299,4.871859353403318,6.325614683239318
Density-guided CNP (ours),ours,5000,2,101,500,DEP,Tl-208 DEP 1592 keV,6,0,1323,4.028997966819223,5.276661960341547
Density-guided CNP (ours),ours,5000,2,101,500,Bi-214,Bi-212 1620.74-keV feature,6,0,1361,7.2561712565439,8.885732355536657
Density-guided CNP (ours),ours,5000,2,101,500,continuum_1700_2000,Continuum 1700-2000 keV,60,0,8230,4.479593299490713,5.214778829639418
Density-guided CNP (ours),ours,5000,2,101,500,SE,Tl-208 SE 2103 keV,6,0,2023,4.514421863404805,5.1995580176783225
Density-guided CNP (ours),ours,5000,2,101,500,continuum_2200_2400,Continuum 2200-2400 keV,40,0,9093,3.3874979956130495,4.073221121157563
Density-guided CNP (ours),ours,5000,2,101,500,FE,Tl-208 FE 2614 keV,5,1,8709,2.6323819969617945,2.852553248401147
Density-guided CNP (ours),ours,5000,2,101,500,sparse_tail,Sparse tail 2700-3000 keV,13,47,68,10.814651026554499,12.38032779787753
Density-guided CNP (ours),ours,5000,2,102,500,full,Full 500-3000 keV,442,58,114299,5.170586502784712,6.76934873386086
Density-guided CNP (ours),ours,5000,2,102,500,DEP,Tl-208 DEP 1592 keV,6,0,1323,4.123353163084363,5.261899902251422
Density-guided CNP (ours),ours,5000,2,102,500,Bi-214,Bi-212 1620.74-keV feature,6,0,1361,7.257020772843921,8.719990009749182
Density-guided CNP (ours),ours,5000,2,102,500,continuum_1700_2000,Continuum 1700-2000 keV,60,0,8230,4.377270300483473,5.145814808452159
Density-guided CNP (ours),ours,5000,2,102,500,SE,Tl-208 SE 2103 keV,6,0,2023,4.564123132364002,5.202868298686796
Density-guided CNP (ours),ours,5000,2,102,500,continuum_2200_2400,Continuum 2200-2400 keV,40,0,9093,3.579485895764778,4.303208506903636
Density-guided CNP (ours),ours,5000,2,102,500,FE,Tl-208 FE 2614 keV,5,1,8709,4.216715681679249,4.942826289460404
Density-guided CNP (ours),ours,5000,2,102,500,sparse_tail,Sparse tail 2700-3000 keV,13,47,68,13.200824712561666,14.437050515256319
Density-guided CNP (ours),ours,5000,2,103,500,full,Full 500-3000 keV,442,58,114299,6.080621574437204,9.15781492100414
Density-guided CNP (ours),ours,5000,2,103,500,DEP,Tl-208 DEP 1592 keV,6,0,1323,4.355627157403708,5.445218320705714
Density-guided CNP (ours),ours,5000,2,103,500,Bi-214,Bi-212 1620.74-keV feature,6,0,1361,7.475800539845627,8.764039502567908
Density-guided CNP (ours),ours,5000,2,103,500,continuum_1700_2000,Continuum 1700-2000 keV,60,0,8230,4.332054482474585,5.122069418184929
Density-guided CNP (ours),ours,5000,2,103,500,SE,Tl-208 SE 2103 keV,6,0,2023,4.370454979391933,5.199766183933902
Density-guided CNP (ours),ours,5000,2,103,500,continuum_2200_2400,Continuum 2200-2400 keV,40,0,9093,3.72963041635894,4.499580667732912
Density-guided CNP (ours),ours,5000,2,103,500,FE,Tl-208 FE 2614 keV,5,1,8709,6.855466488429848,8.803137372583954
Density-guided CNP (ours),ours,5000,2,103,500,sparse_tail,Sparse tail 2700-3000 keV,13,47,68,33.16446280704859,34.00468696932476
Density-guided CNP (ours),ours,5000,2,104,500,full,Full 500-3000 keV,442,58,114299,5.397610716178821,7.691730622739794
Density-guided CNP (ours),ours,5000,2,104,500,DEP,Tl-208 DEP 1592 keV,6,0,1323,4.028870855521836,5.287930646585813
Density-guided CNP (ours),ours,5000,2,104,500,Bi-214,Bi-212 1620.74-keV feature,6,0,1361,7.268380770228501,8.928310534457214
Density-guided CNP (ours),ours,5000,2,104,500,continuum_1700_2000,Continuum 1700-2000 keV,60,0,8230,4.477499045193256,5.212836766426841
Density-guided CNP (ours),ours,5000,2,104,500,SE,Tl-208 SE 2103 keV,6,0,2023,4.526291653335612,5.197627414922932
Density-guided CNP (ours),ours,5000,2,104,500,continuum_2200_2400,Continuum 2200-2400 keV,40,0,9093,3.4696367528006666,4.167532656684653
Density-guided CNP (ours),ours,5000,2,104,500,FE,Tl-208 FE 2614 keV,5,1,8709,5.527508436781634,7.06749700162327
Density-guided CNP (ours),ours,5000,2,104,500,sparse_tail,Sparse tail 2700-3000 keV,13,47,68,16.99301619290096,21.4558305974477
Density-guided CNP (ours),ours,5000,2,105,500,full,Full 500-3000 keV,442,58,114299,6.305864544524171,9.796137848960578
Density-guided CNP (ours),ours,5000,2,105,500,DEP,Tl-208 DEP 1592 keV,6,0,1323,4.152643203889806,5.277460689457117
Density-guided CNP (ours),ours,5000,2,105,500,Bi-214,Bi-212 1620.74-keV feature,6,0,1361,7.27331482113784,8.706859866400702
Density-guided CNP (ours),ours,5000,2,105,500,continuum_1700_2000,Continuum 1700-2000 keV,60,0,8230,4.407842551182501,5.165076171401863
Density-guided CNP (ours),ours,5000,2,105,500,SE,Tl-208 SE 2103 keV,6,0,2023,4.435103214291195,5.189845240933751
Density-guided CNP (ours),ours,5000,2,105,500,continuum_2200_2400,Continuum 2200-2400 keV,40,0,9093,3.6887978246004245,4.442650598532005
Density-guided CNP (ours),ours,5000,2,105,500,FE,Tl-208 FE 2614 keV,5,1,8709,8.889368538895951,11.074262258136844
Density-guided CNP (ours),ours,5000,2,105,500,sparse_tail,Sparse tail 2700-3000 keV,13,47,68,36.292357880543,37.2001650790714
Density-guided CNP (ours),ours,5000,2,106,500,full,Full 500-3000 keV,442,58,114299,5.580430580325282,7.978981790178294
Density-guided CNP (ours),ours,5000,2,106,500,DEP,Tl-208 DEP 1592 keV,6,0,1323,4.116825935614746,5.255803319599494
Density-guided CNP (ours),ours,5000,2,106,500,Bi-214,Bi-212 1620.74-keV feature,6,0,1361,7.252975831656143,8.714025874493267
Density-guided CNP (ours),ours,5000,2,106,500,continuum_1700_2000,Continuum 1700-2000 keV,60,0,8230,4.407376501692912,5.163630196980175
Density-guided CNP (ours),ours,5000,2,106,500,SE,Tl-208 SE 2103 keV,6,0,2023,4.381478518592947,5.194683989946728
Density-guided CNP (ours),ours,5000,2,106,500,continuum_2200_2400,Continuum 2200-2400 keV,40,0,9093,3.667652904672826,4.411190603504838
Density-guided CNP (ours),ours,5000,2,106,500,FE,Tl-208 FE 2614 keV,5,1,8709,6.754824258902133,8.822631004191733
Density-guided CNP (ours),ours,5000,2,106,500,sparse_tail,Sparse tail 2700-3000 keV,13,47,68,17.546084598437265,22.11059337454224
Density-guided CNP (ours),ours,5000,2,107,500,full,Full 500-3000 keV,442,58,114299,5.946246083170673,9.11425585575094
Density-guided CNP (ours),ours,5000,2,107,500,DEP,Tl-208 DEP 1592 keV,6,0,1323,4.034824951280247,5.258480556268416
Density-guided CNP (ours),ours,5000,2,107,500,Bi-214,Bi-212 1620.74-keV feature,6,0,1361,7.2414612091279515,8.85188306832094
Density-guided CNP (ours),ours,5000,2,107,500,continuum_1700_2000,Continuum 1700-2000 keV,60,0,8230,4.475460496388997,5.211592508329214
Density-guided CNP (ours),ours,5000,2,107,500,SE,Tl-208 SE 2103 keV,6,0,2023,4.4794637815646725,5.189576969833385
Density-guided CNP (ours),ours,5000,2,107,500,continuum_2200_2400,Continuum 2200-2400 keV,40,0,9093,3.4808786380720833,4.178965923246511
Density-guided CNP (ours),ours,5000,2,107,500,FE,Tl-208 FE 2614 keV,5,1,8709,6.076287684563579,8.050799224460288
Density-guided CNP (ours),ours,5000,2,107,500,sparse_tail,Sparse tail 2700-3000 keV,13,47,68,34.0660093318248,34.897370019423285
Density-guided CNP (ours),ours,5000,2,108,500,full,Full 500-3000 keV,442,58,114299,5.241967543605737,7.31446642095296
Density-guided CNP (ours),ours,5000,2,108,500,DEP,Tl-208 DEP 1592 keV,6,0,1323,4.0875777283698875,5.2475042763017825
Density-guided CNP (ours),ours,5000,2,108,500,Bi-214,Bi-212 1620.74-keV feature,6,0,1361,7.234494291873412,8.738625581826795
Density-guided CNP (ours),ours,5000,2,108,500,continuum_1700_2000,Continuum 1700-2000 keV,60,0,8230,4.428946495961097,5.177722847192569
Density-guided CNP (ours),ours,5000,2,108,500,SE,Tl-208 SE 2103 keV,6,0,2023,4.44871251414631,5.191781623533511
Density-guided CNP (ours),ours,5000,2,108,500,continuum_2200_2400,Continuum 2200-2400 keV,40,0,9093,3.463518639190636,4.156052777152584
Density-guided CNP (ours),ours,5000,2,108,500,FE,Tl-208 FE 2614 keV,5,1,8709,4.789181766848731,5.74173306841342
Density-guided CNP (ours),ours,5000,2,108,500,sparse_tail,Sparse tail 2700-3000 keV,13,47,68,15.765033892196328,19.661667425416613
Density-guided CNP (ours),ours,5000,2,109,500,full,Full 500-3000 keV,442,58,114299,6.03447975363299,8.928343494317806
Density-guided CNP (ours),ours,5000,2,109,500,DEP,Tl-208 DEP 1592 keV,6,0,1323,4.131174037486099,5.265089088679694
Density-guided CNP (ours),ours,5000,2,109,500,Bi-214,Bi-212 1620.74-keV feature,6,0,1361,7.2677598063838955,8.70657700335181
Density-guided CNP (ours),ours,5000,2,109,500,continuum_1700_2000,Continuum 1700-2000 keV,60,0,8230,4.366069732274728,5.136529314819199
Density-guided CNP (ours),ours,5000,2,109,500,SE,Tl-208 SE 2103 keV,6,0,2023,4.401604308872731,5.192658196665622
Density-guided CNP (ours),ours,5000,2,109,500,continuum_2200_2400,Continuum 2200-2400 keV,40,0,9093,3.7133753720365688,4.475551881300569
Density-guided CNP (ours),ours,5000,2,109,500,FE,Tl-208 FE 2614 keV,5,1,8709,7.0073192210859006,8.829827084952177
Density-guided CNP (ours),ours,5000,2,109,500,sparse_tail,Sparse tail 2700-3000 keV,13,47,68,31.269123603407657,32.118964160882136
